filepath,relative_path,dataset,group_id,duration_seconds,approx_L4_relative_energy,approx_L4_shannon_entropy,approx_L4_mean,approx_L4_std,approx_L4_median,approx_L4_p10,approx_L4_p90,detail_L4_relative_energy,detail_L4_shannon_entropy,detail_L4_mean,detail_L4_std,detail_L4_median,detail_L4_p10,detail_L4_p90,detail_L3_relative_energy,detail_L3_shannon_entropy,detail_L3_mean,detail_L3_std,detail_L3_median,detail_L3_p10,detail_L3_p90,detail_L2_relative_energy,detail_L2_shannon_entropy,detail_L2_mean,detail_L2_std,detail_L2_median,detail_L2_p10,detail_L2_p90,detail_L1_relative_energy,detail_L1_shannon_entropy,detail_L1_mean,detail_L1_std,detail_L1_median,detail_L1_p10,detail_L1_p90
F:\Seminario\Seminario-Clustering\datasets\davi\Al Emadi (2019)\Multiclass_Drone_Audio\unknown\1-40730-A-10.wav,Multiclass_Drone_Audio\unknown\1-40730-A-10.wav,al_emadi,1-40730-A-10,1.0216875,0.004701204747956255,7.697328567504883,0.002266356524002899,0.04653371257708674,0.0025034600403159857,-0.03952690176665783,0.04446786269545556,0.45928194917949794,6.592974662780762,-0.029759313755487012,0.4595242712957356,-0.0008008311269804835,-0.23638510406017302,0.23241170942783365,0.44339871207098264,7.651159763336182,0.009558507833502818,0.32049223398411447,0.00043415615800768137,-0.21450093388557434,0.21983712911605835,0.08965439144368961,10.267849922180176,-0.0006632812552820345,0.10205914276597798,1.2473828974179924e-05,-0.12450803518295285,0.1182886302471161,0.0029637425578736116,10.812329292297363,-8.281339859229967e-06,0.013127825548349285,2.5928602553904057e-06,-0.01392261357977986,0.013562323525547985
F:\Seminario\Seminario-Clustering\datasets\davi\Al Emadi (2019)\Multiclass_Drone_Audio\unknown\3-71964-A-44.wav,Multiclass_Drone_Audio\unknown\3-71964-A-44.wav,al_emadi,3-71964-A-44,0.95975,0.0046694503452289,8.536859512329102,-0.0002448289951569091,0.0220425446950795,-0.0005406266718637198,-0.025818607397377492,0.02658251933753491,0.005497756354105315,6.197625160217285,-0.00021223185858390995,0.023918352420445346,3.6028803151566535e-05,-0.004291752446442842,0.004449034156277778,0.3647253108507485,7.100399971008301,-0.0025216508380564357,0.13805844204497222,-7.321806333493441e-05,-0.0147955372929573,0.009861860610544686,0.6139499392619122,7.8926849365234375,-6.137404445789574e-05,0.12682695214567255,1.1819403880508617e-05,-0.011675812117755412,0.011137980036437506,0.011157543188005097,8.706939697265625,2.026054589318831e-05,0.01209594595836151,-2.482556737959385e-07,-0.0010647771414369345,0.001074445899575952
F:\Seminario\Seminario-Clustering\datasets\davi\Al Emadi (2019)\Multiclass_Drone_Audio\unknown\4-161099-B-473.wav,Multiclass_Drone_Audio\unknown\4-161099-B-473.wav,al_emadi,4-161099-B-473,1.0216875,0.4809775398369175,8.853212356567383,-0.0016269278220913726,0.34398314378510036,-0.0006654917378909886,-0.4292553603649139,0.4258018732070923,0.3516264137398816,8.78622055053711,-0.0018844910250813925,0.2941111169550751,-0.00272817793302238,-0.3660047084093094,0.3470107138156891,0.12045522943670837,9.730018615722656,-0.0022233189922907406,0.12197086340869742,0.0011346114333719015,-0.15831711888313293,0.13970918953418732,0.04175301001419577,10.61459732055664,-0.0004954369303143149,0.050839424008898106,-0.0002584857866168022,-0.0604156456887722,0.060154256224632295,0.005187806972296746,11.531373977661133,2.8627741066435183e-06,0.012678461845308069,6.440764991566539e-06,-0.014849784038960931,0.014849792234599592
F:\Seminario\Seminario-Clustering\datasets\davi\Al Emadi (2019)\Multiclass_Drone_Audio\unknown\4-188191-A-293.wav,Multiclass_Drone_Audio\unknown\4-188191-A-293.wav,al_emadi,4-188191-A-293,1.0216875,0.42691604096148,5.695827960968018,-6.166190410951758e-05,0.055075084128936955,-8.801517469692044e-05,-0.020896387845277784,0.019593882374465476,0.5111641792780689,6.578677177429199,9.526828985718628e-05,0.060264818910104614,3.3429843142585014e-06,-0.021048929542303082,0.02142049595713617,0.016744614527217743,7.3745503425598145,-8.846006360038526e-05,0.007729103538166294,-1.2116613561374834e-06,-0.003003163496032357,0.003689651610329747,0.03252121651692528,7.786524772644043,-0.00021569119637338305,0.007622396090866509,-6.779914656362962e-06,-0.0027702423743903625,0.0022501491941511634,0.012653948716308086,7.984249114990234,-7.700450953080466e-06,0.0033650471564776754,1.2675110383497667e-06,-0.0010703656240366398,0.001002283475827426
F:\Seminario\Seminario-Clustering\datasets\davi\Al Emadi (2019)\Multiclass_Drone_Audio\bebop_1\mixed_52-bebop_002_.wav,Multiclass_Drone_Audio\bebop_1\mixed_52-bebop_002_.wav,al_emadi,mixed_52-bebop_002,1.024,0.6637529149566745,8.754260063171387,0.0024551182562623413,0.17655798785195448,0.0006511915125884116,-0.2153577446937561,0.2176004409790039,0.05542396031679097,8.773530006408691,-0.00022681808732440985,0.05102354001860435,-0.0005600897129625082,-0.06168479025363922,0.05975310020148752,0.0713528336132097,9.928727149963379,-0.0002914360460613961,0.04102557781508552,0.0006969631649553776,-0.05291135013103485,0.051443361490964894,0.12323149327483246,10.947015762329102,-0.00011213543732516737,0.03816164760017259,0.00023427201085723937,-0.049567317217588426,0.04797598086297512,0.08623879783849238,11.903560638427734,-7.756536852427713e-05,0.022584671112841626,-0.00022023286146577448,-0.028717714361846447,0.028653510846197605
F:\Seminario\Seminario-Clustering\datasets\davi\Al Emadi (2019)\Multiclass_Drone_Audio\membo_1\Membo_1_043-membo_001_.wav,Multiclass_Drone_Audio\membo_1\Membo_1_043-membo_001_.wav,al_emadi,Membo_1_043-membo_001,1.024,0.3486526120164767,9.272256851196289,0.000339309040093438,0.061603866934435016,-0.005471860058605671,-0.07724015936255454,0.08540441021323203,0.07141159045244407,8.935429573059082,-0.00018168589611363583,0.02788002950905992,0.0004774252884089947,-0.034345348551869395,0.03573934063315391,0.12073213352177496,9.910402297973633,-0.0004564562473681794,0.02568590650607694,-0.00032735324930399656,-0.033687200397253036,0.03179409205913545,0.2164568396240944,10.79523754119873,-0.00015692465692621597,0.024346512807262577,-0.0005858413351234049,-0.030762924812734124,0.030545451678335674,0.2427468243852099,11.804993629455566,5.610034051674246e-07,0.018240375484797608,-0.0001339545997325331,-0.022779704071581364,0.022972469218075275
F:\Seminario\Seminario-Clustering\datasets\davi\Al Emadi (2019)\Multiclass_Drone_Audio\bebop_1\mixed_45-bebop_002_.wav,Multiclass_Drone_Audio\bebop_1\mixed_45-bebop_002_.wav,al_emadi,mixed_45-bebop_002,1.024,0.7678208829751315,8.484317779541016,-0.00019480229742092247,0.19305852005988863,0.0042932291980832815,-0.23026015013456344,0.21299876570701595,0.01700716119334159,8.968292236328125,9.667530177339782e-05,0.028732453110495482,4.861503839492798e-07,-0.03671014681458473,0.03742846027016639,0.0525161293517444,9.931264877319336,-0.00046809214662840937,0.0357768724316009,-0.0010207288432866335,-0.04640336185693741,0.04492940530180931,0.09377364164691336,10.904605865478516,-6.358866535245452e-05,0.03384082087189516,-0.00030209094984456897,-0.042450860142707825,0.043705499544739734,0.06888218483286913,11.881660461425781,-8.442787627652738e-05,0.02051860810821848,-0.00031294074142351747,-0.025898794643580914,0.026025261729955673
F:\Seminario\Seminario-Clustering\datasets\davi\Al Emadi (2019)\Multiclass_Drone_Audio\unknown\2-104952-A-164.wav,Multiclass_Drone_Audio\unknown\2-104952-A-164.wav,al_emadi,2-104952-A-164,0.95975,0.907616921602127,8.872422218322754,-0.0006627338755433737,0.10924895797596651,-0.00039664657379034907,-0.13339010626077652,0.1348613113164902,0.08000552371275145,8.703243255615234,0.00047102495819890163,0.03243307856629954,-0.000405784317990765,-0.0391185075044632,0.04033774808049205,0.009203402356752278,9.75959587097168,-4.251364413483917e-05,0.007797198192504747,-0.0001685875467956066,-0.009798142872750758,0.009804963506758217,0.0025505711409937785,10.85995864868164,-8.601767016531292e-06,0.002905897690882777,-4.509041900746524e-05,-0.003669522516429424,0.0037469905801117416,0.0006235811873754736,11.820083618164062,-1.2259506326904266e-07,0.0010165319533025187,-8.179893484339118e-06,-0.0012807474238798022,0.0012913874117657543
F:\Seminario\Seminario-Clustering\datasets\davi\Al Emadi (2019)\Multiclass_Drone_Audio\unknown\5-194930-A-10.wav,Multiclass_Drone_Audio\unknown\5-194930-A-10.wav,al_emadi,5-194930-A-10,1.0216875,0.02303837074539875,6.361410617828369,-0.0022669992665364635,0.06151794760288697,-0.0008195237023755908,-0.006005788408219814,0.006037060217931868,0.15896803471123494,6.504114151000977,0.005039599141679715,0.16162723001724436,2.224812033091439e-05,-0.00241121060680598,0.019477889128029387,0.7808699256386764,7.452640533447266,0.00016631347389433262,0.2539777429340691,2.8226168069522828e-08,-0.02143315225839615,0.0017917407676577568,0.035668076814681475,8.491316795349121,-2.4311547927626126e-06,0.038424499006809075,1.000444171950221e-11,-0.0012428343761712232,0.0007512765121646235,0.0014555920900084039,9.221963882446289,3.545400127675176e-06,0.005491430036206985,5.002220859751105e-12,-0.0003076920955209059,0.00031351005891337995
F:\Seminario\Seminario-Clustering\datasets\davi\Al Emadi (2019)\Multiclass_Drone_Audio\unknown\4-172732-A-364.wav,Multiclass_Drone_Audio\unknown\4-172732-A-364.wav,al_emadi,4-172732-A-364,0.95975,0.43968566399504194,9.203380584716797,0.0012292334387051943,0.559653810980917,-0.020945027470588684,-0.7401910126209259,0.7643503248691563,0.1944008057208136,8.903448104858398,-0.012974065857408337,0.3719069276254373,0.0016815988346934319,-0.5106658399105072,0.4530494660139084,0.17538236243636915,9.862199783325195,0.00566517674235108,0.2504540475894915,0.0015668980777263641,-0.3120573461055754,0.3281511068344116,0.14934894905382531,10.882400512695312,6.651843538306779e-05,0.1636590042361081,-0.0025069485418498516,-0.2137048363685608,0.21318939626216887,0.04118221879394997,11.858617782592773,-0.0003526081460940894,0.06079914056736251,0.0007434329017996788,-0.07742761820554733,0.07644995898008349
F:\Seminario\Seminario-Clustering\datasets\davi\Al Emadi (2019)\Multiclass_Drone_Audio\unknown\1-97793-A-314.wav,Multiclass_Drone_Audio\unknown\1-97793-A-314.wav,al_emadi,1-97793-A-314,0.95975,0.0,-0.0,0.0,0.0,0.0,0.0,0.0,0.0,-0.0,0.0,0.0,0.0,0.0,0.0,0.0,-0.0,0.0,0.0,0.0,0.0,0.0,0.0,-0.0,0.0,0.0,0.0,0.0,0.0,0.0,-0.0,0.0,0.0,0.0,0.0,0.0
F:\Seminario\Seminario-Clustering\datasets\davi\Al Emadi (2019)\Multiclass_Drone_Audio\unknown\4-171706-A-231.wav,Multiclass_Drone_Audio\unknown\4-171706-A-231.wav,al_emadi,4-171706-A-231,1.0216875,0.047869295977252584,8.716354370117188,0.00015057207071629254,0.14627181443957174,-0.0016135069308802485,-0.18382093459367752,0.18904668390750892,0.149228170853399,8.477022171020508,0.0055106051852225856,0.25820158302440943,0.003281465149484575,-0.2918881833553314,0.32037082910537723,0.3423563075881559,9.314942359924316,-0.010896802254776137,0.27699473084122817,-0.0032028318382799625,-0.3189290463924408,0.30116283893585205,0.322753687226722,9.845739364624023,0.00014972441277337075,0.19053096008367898,0.00025734465452842414,-0.19566015005111695,0.18944202065467838,0.13779253835447053,10.743531227111816,0.0003829238655883296,0.08807165547877126,0.00010566789569566026,-0.08639947772026062,0.08730365484952927
F:\Seminario\Seminario-Clustering\datasets\davi\Al Emadi (2019)\Multiclass_Drone_Audio\unknown\2-77347-A-461.wav,Multiclass_Drone_Audio\unknown\2-77347-A-461.wav,al_emadi,2-77347-A-461,1.0216875,0.27488398794285124,8.879140853881836,0.0027178905837608553,0.13156010331172838,0.002593396231532097,-0.163365338742733,0.1640184760093689,0.3478288734363543,9.015037536621094,0.0005551957025744237,0.14802051644035066,0.0001881934585981071,-0.19443242996931076,0.19657090306282043,0.3275509160928252,9.82746696472168,0.0001142281302256768,0.10179279958216415,-0.0006593614816665649,-0.12507539987564087,0.1309865117073059,0.04840777381474365,10.318012237548828,1.8076005993421638e-05,0.02770112125863176,-0.0001754194963723421,-0.02975763604044914,0.029676484316587454,0.0013284487132255527,11.335824012756348,-3.676683746282016e-06,0.003246454424706326,1.982067624339834e-05,-0.003506064787507057,0.003527782834134996
F:\Seminario\Seminario-Clustering\datasets\davi\Al Emadi (2019)\Multiclass_Drone_Audio\unknown\1-72195-B-371.wav,Multiclass_Drone_Audio\unknown\1-72195-B-371.wav,al_emadi,1-72195-B-371,1.0216875,0.00013597654179766085,7.509523391723633,-0.007214475333682361,0.013559162861873574,-0.0015464741154573858,-0.02371303793042898,0.0009106875630095603,8.430230806677053e-06,7.380054473876953,0.00015129742245179736,0.003821300156182847,1.2384949513943866e-05,-0.0034300860948860644,0.003983376594260336,0.013692542360178849,8.857229232788086,0.002319707955810103,0.10919717829890997,1.4452859431912657e-05,-0.11738322675228119,0.1332457959651947,0.45814231266615624,9.716364860534668,-0.0019528161284215638,0.4472242746701173,-4.514220563578419e-06,-0.49773092269897445,0.48250178098678764,0.5280207382010605,10.724723815917969,-2.7417264774720915e-05,0.33966602627739456,-3.212142019037856e-07,-0.3618244379758833,0.35435366332531015
F:\Seminario\Seminario-Clustering\datasets\davi\Al Emadi (2019)\Multiclass_Drone_Audio\unknown\1-51805-H-332.wav,Multiclass_Drone_Audio\unknown\1-51805-H-332.wav,al_emadi,1-51805-H-332,0.97525,0.9978144987771835,8.561002731323242,0.0007629149464303488,0.019298490496223505,-0.0013686692109331489,-0.019639347121119498,0.024810975417494777,0.0007711006243675459,8.55161190032959,-4.596625101577127e-06,0.0005368798956519324,-2.7091400625067763e-05,-0.0006431768648326397,0.0006438992568291726,0.0005166673160775035,9.467681884765625,6.988626496882368e-07,0.0003113955106782609,-3.605784513638355e-06,-0.0003506114240735769,0.0003704824659507721,0.0004960858229175354,10.090368270874023,-2.3147675938872136e-06,0.00021599617899130126,-7.244816515594721e-07,-0.00023358323087450115,0.00022589192958548672,0.0004016474594539365,11.028488159179688,1.1428156146495745e-06,0.00013750153185740086,-2.848410076694563e-07,-0.000145994832564611,0.0001505445543443784
F:\Seminario\Seminario-Clustering\datasets\davi\Al Emadi (2019)\Multiclass_Drone_Audio\unknown\3-126113-A-262.wav,Multiclass_Drone_Audio\unknown\3-126113-A-262.wav,al_emadi,3-126113-A-262,0.97525,0.34822249143440265,7.248230934143066,0.001756057503115905,0.1190103601636473,0.00261613423936069,-0.09032298624515533,0.09379854351282121,0.5515806677153294,7.546638011932373,0.0009054452384441204,0.14979600243308047,0.0006690730806440115,-0.1280990183353424,0.12668287754058843,0.08347251168360544,8.252471923828125,0.0001304320612169238,0.04128987998196169,-7.746909250272438e-05,-0.03562131412327289,0.03418499901890755,0.015850561130924857,8.99627685546875,1.671177030323845e-08,0.012737406067210329,-0.00011626136256381869,-0.009915442578494547,0.009825483150780202,0.0008737680357376736,9.95572280883789,5.3957844537637735e-08,0.0021157491661869515,7.527414709329605e-06,-0.0016264824662357569,0.0015954314731061459
F:\Seminario\Seminario-Clustering\datasets\davi\Al Emadi (2019)\Multiclass_Drone_Audio\unknown\2-28314-A-123.wav,Multiclass_Drone_Audio\unknown\2-28314-A-123.wav,al_emadi,2-28314-A-123,1.0216875,0.89996062973419,8.897785186767578,8.809887911464332e-06,0.03968477896869917,-0.00010184013081016019,-0.05023013651371002,0.0504629697650671,0.039715698354935325,8.668468475341797,-6.85022750279405e-05,0.008336402237596949,-2.4266631953651085e-05,-0.009843579679727554,0.009640436340123416,0.019509386703752112,9.228167533874512,-5.053101929338528e-06,0.004140659339595769,6.499007577076554e-05,-0.0045434110797941685,0.004594091325998306,0.012053085484225014,10.065340042114258,6.40607906780455e-05,0.0023029851150373902,6.666780973318964e-05,-0.0024975383654236793,0.0025894382037222386,0.028761199722897514,8.536591529846191,2.195633905720029e-05,0.0025176436633729486,1.016021633404307e-05,-0.00189981444273144,0.001938387553673238
F:\Seminario\Seminario-Clustering\datasets\davi\Al Emadi (2019)\Multiclass_Drone_Audio\unknown\3-164595-A-154.wav,Multiclass_Drone_Audio\unknown\3-164595-A-154.wav,al_emadi,3-164595-A-154,0.95975,0.0,-0.0,0.0,0.0,0.0,0.0,0.0,0.0,-0.0,0.0,0.0,0.0,0.0,0.0,0.0,-0.0,0.0,0.0,0.0,0.0,0.0,0.0,-0.0,0.0,0.0,0.0,0.0,0.0,0.0,-0.0,0.0,0.0,0.0,0.0,0.0
F:\Seminario\Seminario-Clustering\datasets\davi\Al Emadi (2019)\Multiclass_Drone_Audio\unknown\2-128465-B-432.wav,Multiclass_Drone_Audio\unknown\2-128465-B-432.wav,al_emadi,2-128465-B-432,0.97525,0.25731454112858365,8.897256851196289,0.002341246306052998,0.1931993598981276,-0.0010331349913030863,-0.2419346958398819,0.25130925774574286,0.1525838956093518,8.815549850463867,0.006860808093018597,0.14862693201742283,0.011005383916199207,-0.18645700514316557,0.2013329535722733,0.12024853613217996,9.905241012573242,0.0008360991342949507,0.0935833057445463,-0.0005506245070137084,-0.11627494394779204,0.12185343950986861,0.42951615562629775,10.583114624023438,0.0004123854687019548,0.12521254665580364,-5.5104028433561325e-05,-0.15013414919376372,0.15591514706611637,0.04033687150358687,11.653585433959961,-2.11519207647535e-05,0.027146813313679435,-9.715303895063698e-05,-0.03323365934193134,0.03333525359630585
F:\Seminario\Seminario-Clustering\datasets\davi\Al Emadi (2019)\Multiclass_Drone_Audio\unknown\2-91912-A-333.wav,Multiclass_Drone_Audio\unknown\2-91912-A-333.wav,al_emadi,2-91912-A-333,1.0216875,0.14536599131245598,8.00418472290039,-0.00010879886426620447,0.033870335298485536,7.534193355240859e-05,-0.03503243811428547,0.03336258903145791,0.19541238439254924,5.999927043914795,0.00010555354269103879,0.039270352230564846,2.385700645390898e-05,-0.023055144585669037,0.021279261633753783,0.2713395592897169,5.7744855880737305,0.0008393726770743716,0.032782370080875,3.6414770875126123e-05,-0.012317486107349396,0.013652808032929897,0.31259894798746835,5.634066104888916,-0.00019504261190152864,0.024915436780226462,-1.780163438525051e-05,-0.00519294049590826,0.004930708836764101,0.07528311701780949,6.11174201965332,-2.2848495061465654e-06,0.008650359495549903,-5.287498197503737e-06,-0.0017366552376188338,0.0017567575909197334
F:\Seminario\Seminario-Clustering\datasets\davi\Al Emadi (2019)\Multiclass_Drone_Audio\unknown\5-260434-A-394.wav,Multiclass_Drone_Audio\unknown\5-260434-A-394.wav,al_emadi,5-260434-A-394,0.95975,0.0,-0.0,0.0,0.0,0.0,0.0,0.0,0.0,-0.0,0.0,0.0,0.0,0.0,0.0,0.0,-0.0,0.0,0.0,0.0,0.0,0.0,0.0,-0.0,0.0,0.0,0.0,0.0,0.0,0.0,-0.0,0.0,0.0,0.0,0.0,0.0
F:\Seminario\Seminario-Clustering\datasets\davi\Al Emadi (2019)\Multiclass_Drone_Audio\unknown\1-19872-A-364.wav,Multiclass_Drone_Audio\unknown\1-19872-A-364.wav,al_emadi,1-19872-A-364,0.95975,0.5038011692225368,8.800453186035156,-0.010107308879510541,0.23556042872912136,-0.015111545100808144,-0.31197322607040406,0.28273946344852463,0.09041284108905069,8.83608627319336,0.0003358680646181538,0.09988143378037848,-0.0012062890455126762,-0.12710258811712266,0.1353146463632584,0.18880352818717883,9.85409927368164,0.0001668263136641933,0.10229948983790435,0.0024613388814032078,-0.12976751923561097,0.1287703722715378,0.1429297573891852,10.809171676635742,-0.0005957144590097184,0.06300914604252453,-0.00023462949320673943,-0.08067802041769027,0.07782785594463348,0.07405270411204845,11.804980278015137,3.56196856428563e-05,0.03208801681828209,4.645263834390789e-05,-0.040498487651348114,0.04019117429852487
F:\Seminario\Seminario-Clustering\datasets\davi\Al Emadi (2019)\Multiclass_Drone_Audio\unknown\5-156026-C-41.wav,Multiclass_Drone_Audio\unknown\5-156026-C-41.wav,al_emadi,5-156026-C-41,1.0216875,0.874524557804995,8.92894172668457,4.863194238707577e-05,0.011370432845640816,0.00020230498921591789,-0.014548079296946525,0.014110082108527426,0.031167416249976057,8.911611557006836,-0.0002815282802454657,0.0021280298250649786,-0.00026425749820191413,-0.0030255379155278207,0.002363683329895139,0.07555471019468023,9.908658981323242,-5.829240508443507e-06,0.0023684279570538964,6.790512998122722e-06,-0.0030361725948750973,0.0029433148447424173,0.017195320617928594,10.934511184692383,-8.871972958021329e-06,0.0007997810695605501,-1.4351826393976808e-06,-0.0010414624586701391,0.0010229817358776928,0.0015579951324200987,11.940652847290039,-1.5015565197001227e-07,0.00017032284381954233,-1.4387642295332626e-06,-0.0002188164333347231,0.0002193215608713218
F:\Seminario\Seminario-Clustering\datasets\davi\Al Emadi (2019)\Multiclass_Drone_Audio\unknown\4-177243-A-320.wav,Multiclass_Drone_Audio\unknown\4-177243-A-320.wav,al_emadi,4-177243-A-320,1.0216875,0.421147365729864,7.631612300872803,0.00032834936955093756,0.015230011466568865,5.436461651697755e-05,-0.013151880726218222,0.014539080113172535,0.08331297108795703,6.059098243713379,-0.0001484786676715461,0.006773858152929668,-7.981495946296491e-05,-0.004346579499542713,0.0035425240872427846,0.258057862562886,6.891912460327148,-5.609240235588484e-05,0.008450236426424026,-2.479311660863459e-05,-0.004694006405770779,0.0047775451093912125,0.1856120735726474,7.8817138671875,3.029696693702695e-05,0.005073144036226435,1.2046421034028754e-05,-0.0027922825887799255,0.0027651458978652957,0.05186972704664557,8.177711486816406,-5.995472510786881e-06,0.0018972911229995881,-1.8481114238966256e-06,-0.0009868877357803285,0.0009636529895942661
F:\Seminario\Seminario-Clustering\datasets\davi\Al Emadi (2019)\Multiclass_Drone_Audio\unknown\3-143933-A-383.wav,Multiclass_Drone_Audio\unknown\3-143933-A-383.wav,al_emadi,3-143933-A-383,1.0216875,0.4976021005929745,8.843260765075684,-0.000761595925879077,0.020457007602452348,-0.0006462160963565111,-0.02548987716436386,0.024056597612798217,0.026268767016282356,6.1169233322143555,0.00016458725630338485,0.004700624228686243,1.1101656127721071e-05,-0.0026922959368675947,0.002584640495479107,0.05602940782065132,5.98799991607666,2.0020956487178697e-05,0.004867902630332278,-1.2660937500186265e-05,-0.0011048383312299848,0.0010694680968299508,0.3055172495686054,6.444736957550049,-0.00013616155198225712,0.008045539952794051,-6.45024556433782e-06,-0.0006407508160918951,0.0006384779466316104,0.11458247500148645,7.014772891998291,5.838590644527269e-06,0.0034862240574692095,4.609910320141353e-08,-0.00042356520134489983,0.0004304035770474002
F:\Seminario\Seminario-Clustering\datasets\davi\Al Emadi (2019)\Multiclass_Drone_Audio\unknown\4-161099-B-471.wav,Multiclass_Drone_Audio\unknown\4-161099-B-471.wav,al_emadi,4-161099-B-471,1.0216875,0.3600591353247356,8.763120651245117,-0.00018414765227929626,0.2603274796310822,-0.002473706263117492,-0.3308657199144363,0.31295291185379037,0.40076998988801577,8.608331680297852,0.007749939508378976,0.27454138725222615,0.0007419814355671406,-0.29354244768619536,0.3334790199995041,0.18665554373100898,9.430582046508789,0.0008525202598655255,0.13282519949115382,1.5149591490626335e-05,-0.15127341449260712,0.1515999585390091,0.048510261932879724,10.420905113220215,-4.667274720765784e-05,0.04793442699490285,-0.0005200074519962072,-0.05541402548551559,0.054144192487001426,0.004005069123359926,11.497031211853027,4.110963884005963e-06,0.009743909367078217,-3.221543738618493e-05,-0.011204550229012965,0.011365758161991842
F:\Seminario\Seminario-Clustering\datasets\davi\Al Emadi (2019)\Multiclass_Drone_Audio\unknown\5-200329-C-84.wav,Multiclass_Drone_Audio\unknown\5-200329-C-84.wav,al_emadi,5-200329-C-84,0.95975,0.37512674290147097,8.041055679321289,-0.0003540891419535068,0.014468398405683033,0.00015009093476692215,-0.017901887372136115,0.01405584337189794,0.26831709486013705,7.500679016113281,4.319116456556439e-05,0.012240042832971665,8.587850970798172e-05,-0.010934625100344418,0.010692952852696218,0.16918673734579004,8.18960189819336,-0.00016121574742266738,0.006886879355204151,5.3104726248420775e-05,-0.005713800527155399,0.00556135922670365,0.15915894955053872,8.709723472595215,-3.408860498238559e-05,0.004729935499807654,1.2317381333559752e-05,-0.003063431242480874,0.0028625656850636005,0.028210475342063227,9.202139854431152,-1.1768704627989182e-06,0.0014088574075975654,-1.1292286217212677e-06,-0.0007774288242217153,0.0007534526288509369
F:\Seminario\Seminario-Clustering\datasets\davi\Al Emadi (2019)\Multiclass_Drone_Audio\unknown\5-259514-A-262.wav,Multiclass_Drone_Audio\unknown\5-259514-A-262.wav,al_emadi,5-259514-A-262,0.97525,0.8200971961304189,7.875614643096924,0.0002461974717531742,0.038981053177930616,0.0004343075561337173,-0.04302825108170509,0.0414193689823151,0.0745705849194422,5.748671054840088,-0.00022963376059892065,0.01175250519929672,5.619727016892284e-05,-0.007720315270125865,0.007445455342531214,0.05005108812249282,8.890907287597656,0.0001444968243579048,0.006821962271864809,4.167974475421943e-05,-0.006603313144296408,0.007061116164550184,0.0386434237131668,9.959942817687988,-8.206351503572696e-06,0.004244451596497646,-2.3982778657227755e-05,-0.0043598728254437445,0.004214938357472419,0.01663770711447927,11.034006118774414,-6.476727625637213e-06,0.0019703184397419126,-2.02701903617708e-06,-0.0021590508986264467,0.002142947632819414
F:\Seminario\Seminario-Clustering\datasets\davi\Al Emadi (2019)\Multiclass_Drone_Audio\unknown\2-71162-A-12.wav,Multiclass_Drone_Audio\unknown\2-71162-A-12.wav,al_emadi,2-71162-A-12,0.97525,0.005248311021245508,3.7353413105010986,0.0007564468744700838,0.0236933455039041,0.00018787477165460587,-0.009859286434948444,0.010046679712831975,0.08359915115930681,9.277433395385742,0.004107455152280189,0.0945211701069774,0.011558846570551395,-0.12813970148563386,0.12533712685108184,0.7340648961769625,9.968969345092773,0.0034012817800881208,0.19861489113894887,0.007234722143039107,-0.266341832280159,0.25882295370101926,0.1744867018335609,10.968328475952148,-7.927069745720432e-06,0.06856051046704446,0.0012468863278627396,-0.08956914842128753,0.08901627212762835,0.0026009398089242982,11.691341400146484,1.015628562796969e-06,0.005921959909118905,7.918768096715212e-05,-0.007103367242962122,0.007213118486106396
F:\Seminario\Seminario-Clustering\datasets\davi\Al Emadi (2019)\Multiclass_Drone_Audio\unknown\3-145487-A-240.wav,Multiclass_Drone_Audio\unknown\3-145487-A-240.wav,al_emadi,3-145487-A-240,1.0216875,0.8351823330341657,8.193653106689453,8.571271245225742e-05,0.6325012225319685,0.0,-0.7407243907451629,0.7553536713123322,0.08086379037943997,7.446854591369629,-0.0012469687697125845,0.19680633742476028,0.0,-0.20060852766036985,0.18709459453821184,0.06669708998374352,8.574090957641602,-0.000539409457839259,0.12666482660011072,0.0,-0.1212635412812233,0.12177418172359467,0.014522309695517426,9.529611587524414,0.0001830858759758131,0.04183908349213666,0.0,-0.03904716074466705,0.039380922168493294,0.0027344769071333845,10.141311645507812,0.00019730763131321516,0.012842562316433463,0.0,-0.010058765672147274,0.010673142131417991
F:\Seminario\Seminario-Clustering\datasets\davi\Al Emadi (2019)\Multiclass_Drone_Audio\bebop_1\B_S2_D1_090-bebop_004_.wav,Multiclass_Drone_Audio\bebop_1\B_S2_D1_090-bebop_004_.wav,al_emadi,B_S2_D1_090-bebop_004,0.896,0.7008598598876946,8.000665664672852,0.0011461887310827727,0.3373745163870806,-0.00936965737491846,-0.34337103366851807,0.37124817371368407,0.01940989945423881,8.765296936035156,0.0005727258768572423,0.05614204630416567,-0.0003564086800906807,-0.06975268200039862,0.07385447919368746,0.06094325620832164,9.720512390136719,0.00010730845946805648,0.07052289713344799,0.0007235714583657682,-0.09149966537952423,0.08666698038578036,0.12415079571644819,10.705102920532227,0.0009616064733654892,0.07124778634720808,0.0006426726467907429,-0.09036411494016647,0.09106872454285621,0.09463618873329672,11.729655265808105,-1.9279821354010412e-05,0.044014101531396704,-0.00033904520387295634,-0.05579091161489486,0.055336837843060524
F:\Seminario\Seminario-Clustering\datasets\davi\Al Emadi (2019)\Multiclass_Drone_Audio\unknown\2-209471-A-250.wav,Multiclass_Drone_Audio\unknown\2-209471-A-250.wav,al_emadi,2-209471-A-250,1.0216875,0.6237748321801162,7.770099639892578,-0.03479691308528045,0.12606432380481825,-0.037447694689035416,-0.14029309451580046,0.0816535644233227,0.24963486781341654,7.439861297607422,0.0008099862499257495,0.08272838295963517,-0.000920036603929475,-0.0710890807211399,0.07260455265641214,0.0891412934118632,8.435216903686523,1.867940403518904e-05,0.03503465978765005,0.00016577879432588816,-0.031439490616321564,0.0337548591196537,0.023394567551835492,9.338164329528809,-1.0107953874895029e-05,0.01270509295869864,5.067253368906677e-05,-0.011377219669520855,0.011570947244763378,0.014054439042768577,9.899406433105469,-4.3698405532975094e-05,0.00696652159135279,-1.0400528481113724e-05,-0.00573735823854804,0.005721225310117007
F:\Seminario\Seminario-Clustering\datasets\davi\Al Emadi (2019)\Multiclass_Drone_Audio\unknown\5-203739-A-101.wav,Multiclass_Drone_Audio\unknown\5-203739-A-101.wav,al_emadi,5-203739-A-101,1.0216875,0.24893450670565143,8.851635932922363,-0.001330909273107943,0.14585657476673577,0.0024961180752143264,-0.1820380449295044,0.17567878812551502,0.15476687478508813,7.764646530151367,0.005154665250181971,0.11489573775679807,-0.0004591187462210655,-0.10428162887692452,0.12383658885955812,0.1384811571905819,9.394689559936523,0.0016039986177028608,0.07707945564730635,0.00025809963699430227,-0.08406925201416016,0.08805466443300247,0.2053059369611901,10.523099899291992,-0.0029110870392379984,0.0663869742957519,-0.0033199822064489126,-0.07876828759908676,0.07336324751377106,0.2525115243574884,11.328075408935547,3.428774185465847e-05,0.052135926764553905,0.00047001476923469454,-0.05860668756067753,0.05814653635025026
F:\Seminario\Seminario-Clustering\datasets\davi\Al Emadi (2019)\Multiclass_Drone_Audio\unknown\3-123086-A-283.wav,Multiclass_Drone_Audio\unknown\3-123086-A-283.wav,al_emadi,3-123086-A-283,1.0216875,0.41149846877023644,8.937665939331055,-0.0003948691283387711,0.051745726113774974,-0.0004552076570689678,-0.06327913105487823,0.06673605963587761,0.07572056602044613,8.535894393920898,-0.0005921954889592457,0.022189899881640378,-0.00015202685608528554,-0.028785935416817662,0.02496509272605181,0.1523778959797278,9.716423034667969,9.827755517300469e-05,0.022314932105306974,0.00033348373835906386,-0.028577839955687523,0.027998367324471474,0.0682906558317328,10.73316478729248,-0.0003179272120902163,0.010570244494958709,-0.0005022713448852301,-0.012977236323058604,0.012774827145040038,0.2921124133978568,11.752389907836914,2.1196316572549894e-05,0.015472934088491203,-3.1831030355533585e-05,-0.018930668756365773,0.01903664581477642
F:\Seminario\Seminario-Clustering\datasets\davi\Al Emadi (2019)\Multiclass_Drone_Audio\unknown\2-83536-A-271.wav,Multiclass_Drone_Audio\unknown\2-83536-A-271.wav,al_emadi,2-83536-A-271,1.0216875,0.8833177751430885,8.950471878051758,0.0031879878573535573,0.2142993865139534,0.006985034793615341,-0.2687501639127731,0.2735153675079346,0.012108160102062506,8.250932693481445,-0.0026885945100712507,0.024948374689137683,-0.0009538028389215469,-0.031649633496999736,0.024096893146634102,0.06176384120763733,9.179622650146484,4.71479643357855e-05,0.040161796219258646,-0.00037675537168979645,-0.04333476349711418,0.04432392120361328,0.022457858820289583,10.185335159301758,0.00014835142567383753,0.017142579429867893,0.00015049311332404613,-0.019349604472517965,0.019241765886545185,0.020352364726922017,11.240732192993164,8.000621919058951e-05,0.011545229888016937,4.81309398310259e-05,-0.012900519277900457,0.013062607403844597
F:\Seminario\Seminario-Clustering\datasets\davi\Al Emadi (2019)\Multiclass_Drone_Audio\unknown\2-39945-B-192.wav,Multiclass_Drone_Audio\unknown\2-39945-B-192.wav,al_emadi,2-39945-B-192,0.97525,0.9026443602147093,6.41743278503418,0.021949196430389194,0.33047689894389864,0.027164431288838387,-0.16529992818832395,0.19692990481853484,0.07758115964902355,6.679026126861572,0.0008436704794594417,0.09709576597427076,0.00036004441790282726,-0.05868944451212883,0.0686449065804482,0.018455256434654246,8.472861289978027,0.0001341597830229943,0.03355563893257249,-6.846306496299803e-05,-0.029783876612782475,0.031008544377982613,0.0013083649677675109,9.428573608398438,-5.800523566703409e-06,0.0063249612151513,2.8218579245731235e-05,-0.005684424377977848,0.005490229185670615,1.0858733845412541e-05,10.62623405456543,7.034788638981851e-07,0.00040765238598665203,3.1714662327431142e-06,-0.0004151953471591696,0.0004119415389141068
F:\Seminario\Seminario-Clustering\datasets\davi\Al Emadi (2019)\Multiclass_Drone_Audio\unknown\5-211408-A-372.wav,Multiclass_Drone_Audio\unknown\5-211408-A-372.wav,al_emadi,5-211408-A-372,0.97525,0.06778141803590167,8.593120574951172,6.192241299026745e-06,0.050423434108447795,-0.002445169258862734,-0.059615159034729005,0.06246421933174135,0.2184790778985998,8.691685676574707,6.036560039537166e-06,0.09052781267072392,-0.0007335468544624746,-0.10961945503950118,0.1162937015295029,0.04713244483849382,9.7523193359375,0.0005529875126035896,0.0297874059250714,-9.949610102921724e-05,-0.03687201514840126,0.03736924864351749,0.3558062131444879,10.784177780151367,0.0003390958332455047,0.0579470724589932,-8.053635247051716e-05,-0.07118549197912216,0.07211929857730869,0.3108008460825168,11.703983306884766,-7.230317314707232e-06,0.03831604689085177,-7.094439934007823e-05,-0.04739605076611042,0.04794188588857651
F:\Seminario\Seminario-Clustering\datasets\davi\Al Emadi (2019)\Multiclass_Drone_Audio\bebop_1\mixed_7-bebop_000_.wav,Multiclass_Drone_Audio\bebop_1\mixed_7-bebop_000_.wav,al_emadi,mixed_7-bebop_000,1.024,0.7223480247703269,8.981534004211426,-0.004366651582152604,0.26107989986113045,-0.0040397341363132,-0.3481036096811294,0.3146107792854309,0.04675886105236476,8.944650650024414,0.0009164927069769176,0.06642805800167748,0.001814638962969184,-0.08307888358831406,0.08121934458613395,0.08509971887039706,9.958148956298828,-0.00012540387877273327,0.06351233591863516,-0.0008519147522747517,-0.08047248423099518,0.08323941379785538,0.09059042503409089,10.95602798461914,-0.0006107428044183669,0.046377404543930995,-0.00010911957360804081,-0.060400791466236115,0.05818874873220921,0.05520297027282038,11.96073055267334,8.987985300935072e-05,0.02561405682078496,0.00014195095718605444,-0.03273222967982292,0.03295005112886429
F:\Seminario\Seminario-Clustering\datasets\davi\Al Emadi (2019)\Multiclass_Drone_Audio\membo_1\Membo_0_008-membo_002_.wav,Multiclass_Drone_Audio\membo_1\Membo_0_008-membo_002_.wav,al_emadi,Membo_0_008-membo_002,1.024,0.5662639731908778,9.470245361328125,-0.0004899000264266542,0.07912181894511523,-0.002882104367017746,-0.10142807960510254,0.10619639977812767,0.08070458769090952,9.04697036743164,-0.0001327965684006552,0.029870324876990262,0.0007070123974699527,-0.03881072700023651,0.03908614106476307,0.08672655142277853,9.893009185791016,-0.00023797734389438492,0.02194216855284657,-0.0002772195730358362,-0.02826540544629097,0.027702868357300767,0.11761999315091225,10.818609237670898,-4.253035626445249e-05,0.018087415349061185,-0.00010130563168786466,-0.022383394464850426,0.022611236386001113,0.14868489454452186,11.74386215209961,3.518744843002937e-06,0.014386906363515512,4.955870099365711e-05,-0.017894478514790535,0.01761813275516033
F:\Seminario\Seminario-Clustering\datasets\davi\Al Emadi (2019)\Multiclass_Drone_Audio\unknown\2-73260-A-101.wav,Multiclass_Drone_Audio\unknown\2-73260-A-101.wav,al_emadi,2-73260-A-101,1.0216875,0.7863837489133658,8.875419616699219,0.0021639056588541174,0.11837213847509447,0.0007884822261985391,-0.14418214857578276,0.15459052175283433,0.11194803793735127,8.51516056060791,-0.00093563883435388,0.0446598987243322,-0.001514321833383292,-0.053216740116477014,0.049564648419618634,0.06310412033074257,9.265202522277832,-0.0003314402377822819,0.023764417873684968,-0.0004744349280372262,-0.026583179831504822,0.027089200913906097,0.025965775392037975,9.854121208190918,1.794219217705159e-05,0.010792015516626419,0.00013588948058895767,-0.010808277502655983,0.010858327336609366,0.012598317426502326,10.58936595916748,-1.1821589032167701e-05,0.005318082212228716,-9.247305570170283e-06,-0.005355270393192768,0.0053056060336530205
F:\Seminario\Seminario-Clustering\datasets\davi\Al Emadi (2019)\Multiclass_Drone_Audio\unknown\3-143560-A-472.wav,Multiclass_Drone_Audio\unknown\3-143560-A-472.wav,al_emadi,3-143560-A-472,0.97525,0.6810072533420954,8.156197547912598,0.0016362207230784015,0.3636731232368766,0.001568821957334876,-0.35640199184417726,0.3950052917003637,0.1727872202845504,8.224414825439453,-0.0018612089946627758,0.18317791211346307,-0.0023936331272125244,-0.20581771731376647,0.19482458829879767,0.10281693804170577,9.208553314208984,-0.00014656104108312027,0.10012487991757597,-0.0009488430805504322,-0.11499337553977966,0.109726296365261,0.040231082487831256,10.220512390136719,-0.0002856490841221316,0.04433703215203952,7.001731137279421e-05,-0.05091178640723228,0.048035848140716576,0.003157505843817117,11.13914680480957,-4.272995722029795e-06,0.008787679820293503,3.53025970980525e-05,-0.009825755376368761,0.009788853581994772
F:\Seminario\Seminario-Clustering\datasets\davi\Al Emadi (2019)\Multiclass_Drone_Audio\unknown\2-61311-A-123.wav,Multiclass_Drone_Audio\unknown\2-61311-A-123.wav,al_emadi,2-61311-A-123,1.0216875,0.8083614896541845,8.976364135742188,-0.0008160654995680868,0.057369772410648154,-0.00024103530449792743,-0.07563352584838867,0.07062561213970185,0.012969662703118882,6.8763227462768555,-1.596753589059588e-05,0.007267542316153795,-0.00012417073594406247,-0.007183319982141256,0.007151493895798922,0.016207692370475958,6.503264427185059,1.3049486574578597e-05,0.005757308650156351,-1.9393919501453638e-05,-0.002946133492514491,0.003326738253235817,0.10772359963747778,6.375874996185303,-4.946535649706303e-05,0.010506851779768692,4.088389687240124e-06,-0.003993723448365926,0.0037468132562935358,0.05473755563474281,7.243315696716309,8.063812806183235e-06,0.0052986045291769784,-4.2898100218735635e-06,-0.0018833718495443461,0.0019431981956586249
F:\Seminario\Seminario-Clustering\datasets\davi\Al Emadi (2019)\Multiclass_Drone_Audio\unknown\2-110417-B-281.wav,Multiclass_Drone_Audio\unknown\2-110417-B-281.wav,al_emadi,2-110417-B-281,1.0216875,0.8533616221250209,5.20881986618042,-9.34503212957697e-05,0.009466766696232864,-1.3562638514486025e-06,-0.001698647264856845,0.0016566415899433198,0.0759640628446978,4.429108619689941,-4.2319409451255906e-05,0.002824305306332516,-7.934022505651228e-07,-0.0005965745076537132,0.0004727007646579297,0.02829308038121574,5.745357513427734,-5.248097664168839e-06,0.0012215975914505782,9.150444384431466e-07,-0.000257794075878337,0.00027486999169923365,0.021632175931058914,5.6547040939331055,2.4195370294440714e-05,0.0007557561757989725,1.954732397280168e-06,-8.158738055499269e-05,0.0001472710951929915,0.020749058718006683,8.544023513793945,1.0310622308873917e-06,0.0005239015590475833,1.935366071847966e-07,-9.619024131097828e-05,0.00011960491028730764
F:\Seminario\Seminario-Clustering\datasets\davi\Al Emadi (2019)\Multiclass_Drone_Audio\unknown\5-234879-B-12.wav,Multiclass_Drone_Audio\unknown\5-234879-B-12.wav,al_emadi,5-234879-B-12,0.97525,0.7268718276718953,7.179497241973877,-0.000550903855261545,0.02417856450737686,0.0,-0.02347787916660309,0.023452779278159145,0.18069069429072718,6.0813517570495605,5.521788736015317e-05,0.012058064881748883,0.0,-0.007322618830949068,0.008048737235367307,0.03923028112368659,6.874866485595703,4.1112925570999356e-05,0.003980817316004662,0.0,-0.0026941506890580057,0.002895009494386613,0.024697951024932586,9.297560691833496,4.449525919844385e-05,0.0022357014033673617,0.0,-0.0021109483670443295,0.0023102578241378075,0.02850924588875838,10.45613956451416,-2.9816707287259423e-06,0.0016996870678751175,0.0,-0.0017607250483706594,0.0017195669352076948
F:\Seminario\Seminario-Clustering\datasets\davi\Al Emadi (2019)\Multiclass_Drone_Audio\bebop_1\mixed_61-bebop_003_.wav,Multiclass_Drone_Audio\bebop_1\mixed_61-bebop_003_.wav,al_emadi,mixed_61-bebop_003,1.024,0.7715307095859317,8.568418502807617,0.00368534668938477,0.4699696654308425,0.017010393552482128,-0.5859861254692077,0.5551280021667481,0.05035835070045505,7.9240217208862305,0.0005376867429026612,0.12007095729980728,0.0020539776887744665,-0.12021331191062927,0.12049843892455099,0.09533130316692397,9.3779296875,0.0008591441352060857,0.11707026142704531,0.0012870659120380878,-0.14395081698894502,0.13674200773239142,0.04832226772533621,10.171775817871094,-0.0005370397859094401,0.05899351224920634,0.00043451976671349257,-0.062392468005418776,0.06149542741477492,0.034457368821353064,10.626690864562988,9.614417871508953e-05,0.03524397593404037,0.00018666801042854786,-0.03171578794717789,0.032351620495319366
F:\Seminario\Seminario-Clustering\datasets\davi\Al Emadi (2019)\Multiclass_Drone_Audio\bebop_1\B_S2_D1_087-bebop_001_.wav,Multiclass_Drone_Audio\bebop_1\B_S2_D1_087-bebop_001_.wav,al_emadi,B_S2_D1_087-bebop_001,1.024,0.8011519195153963,8.404374122619629,0.0016731998088811127,0.4162404911995648,0.0072792815044522285,-0.4767383724451065,0.5042031854391095,0.01420642821364779,8.9400634765625,0.0009358132107687803,0.05542056229799202,0.0015290782321244478,-0.07128837555646897,0.07260815873742103,0.046296792248934786,9.936126708984375,0.0025672860321370146,0.07086225172221322,-0.0003037843853235245,-0.08683536797761918,0.095434208214283,0.08040534682109021,10.880597114562988,-0.0006365923485098703,0.06613856365258579,0.0005197347491048276,-0.08636134937405586,0.08418800681829453,0.05793951320093087,11.92528247833252,0.00012662165408406094,0.039720480401719854,0.00024236913304775953,-0.05034610815346241,0.05046429671347141
F:\Seminario\Seminario-Clustering\datasets\davi\Al Emadi (2019)\Multiclass_Drone_Audio\unknown\1-79711-A-320.wav,Multiclass_Drone_Audio\unknown\1-79711-A-320.wav,al_emadi,1-79711-A-320,1.0216875,0.3145843393744773,8.606736183166504,0.0012082496980794037,0.07560818135866873,-0.0003791814306168817,-0.0884510986506939,0.09552723616361618,0.037939433828976035,5.160336494445801,-0.0007251366254440125,0.026250371390275716,-0.00010545575059950352,-0.01233255360275507,0.011559051834046841,0.18074381830362,5.30172061920166,3.95936990511635e-05,0.04061841641266417,2.88418959826231e-05,-0.013370848260819912,0.013536405749619007,0.3005668846811464,4.880745887756348,-0.00017252214621731198,0.037078254032853294,1.2948003131896257e-05,-0.007679747883230447,0.007780856452882293,0.1661655238117803,7.100225448608398,-1.354169266138666e-05,0.01950388385135339,-4.174775676801801e-05,-0.005706235533580184,0.005472042597830297
F:\Seminario\Seminario-Clustering\datasets\davi\Al Emadi (2019)\Multiclass_Drone_Audio\unknown\2-102567-C-352.wav,Multiclass_Drone_Audio\unknown\2-102567-C-352.wav,al_emadi,2-102567-C-352,0.97525,0.9636147755909416,8.804075241088867,-0.005227002021993984,0.5401773439796673,0.024951910600066185,-0.7068384766578675,0.6610110282897953,0.018652874850088513,8.984548568725586,0.0006403344608916752,0.07515572992007759,-0.002497507259249687,-0.09683783203363419,0.09677191078662874,0.004839306712487197,9.900107383728027,0.0002821302311937301,0.027123358889679323,9.42073529586196e-05,-0.034597248584032056,0.03615384176373482,0.006455398164253918,10.905118942260742,0.0001313524101388843,0.0221775683428012,-0.000199161033378914,-0.02821744158864021,0.029222296550869952,0.006437644682228818,11.939105987548828,-2.2872385865122654e-05,0.015668610926616675,-0.0002528091426938772,-0.02016756497323513,0.020360304974019527
F:\Seminario\Seminario-Clustering\datasets\davi\Al Emadi (2019)\Multiclass_Drone_Audio\unknown\2-109371-D-162.wav,Multiclass_Drone_Audio\unknown\2-109371-D-162.wav,al_emadi,2-109371-D-162,0.97525,0.9698890187860597,8.801708221435547,0.001915796758419439,0.5104319243803851,3.95067036151886e-05,-0.6395367980003357,0.6494104504585267,0.01934371328007961,8.920345306396484,0.0016700782504802927,0.07206646040514586,-0.00013358844444155693,-0.08806012123823166,0.09586868882179261,0.008635383203715286,9.817222595214844,0.0003861854082012437,0.03412426123180003,-0.00019903574138879776,-0.0428338423371315,0.04485023692250252,0.0020142691273497383,10.82459831237793,4.98875731083016e-05,0.01166781863003722,-7.970095612108707e-05,-0.014690982550382614,0.014975792914628984,0.000117615602795632,11.677675247192383,2.2067283352972022e-06,0.001994685986673171,6.471527740359306e-06,-0.002484489232301712,0.0024553861003369093
F:\Seminario\Seminario-Clustering\datasets\davi\Al Emadi (2019)\Multiclass_Drone_Audio\unknown\4-161579-B-403.wav,Multiclass_Drone_Audio\unknown\4-161579-B-403.wav,al_emadi,4-161579-B-403,1.0216875,0.765888074726406,8.984087944030762,0.008659272947127126,0.40053533251642187,-0.005394686013460159,-0.5136880218982697,0.5402629315853119,0.1666563283973058,8.855438232421875,0.001744375970594368,0.18687517907732742,-0.0026186180766671896,-0.22474240958690642,0.2318557500839234,0.052545321707897386,9.844907760620117,-0.00041993425578139596,0.07436276393026948,0.000139542855322361,-0.09345810860395432,0.0919489935040474,0.012609441256616715,10.891929626464844,0.0001389518805779289,0.025786891627790107,0.0002942606806755066,-0.0327055387198925,0.032768820971250535,0.0023008339117741253,11.856222152709961,-2.983712596739885e-06,0.007792867640072219,-5.981186404824257e-06,-0.009672436956316232,0.00963996471837163
F:\Seminario\Seminario-Clustering\datasets\davi\Al Emadi (2019)\Multiclass_Drone_Audio\unknown\3-155570-A-324.wav,Multiclass_Drone_Audio\unknown\3-155570-A-324.wav,al_emadi,3-155570-A-324,0.95975,0.9135192980990257,6.322636604309082,-4.3992777685439966e-05,0.0753077367539466,-0.00037522154161706567,-0.041081487014889714,0.03988747000694289,0.013052912325996289,5.310877799987793,-0.00019193475572568006,0.008999860126286913,-2.4670109269209206e-05,-0.0023085428634658455,0.002181095327250661,0.036043905733511246,5.39254093170166,2.4814382553455874e-07,0.010602140344737618,-1.2809989129891619e-05,-0.002071208879351616,0.0018457629950717094,0.019135066607728516,6.020565509796143,-0.0001127011394705218,0.005467553513840697,5.9871081248275004e-06,-0.0008585336036048827,0.0008891494595445682,0.018248817233738297,7.310233116149902,-1.2030433363257467e-06,0.003778319411942688,1.426862581865862e-06,-0.0008805790334008634,0.0008929530100431334
F:\Seminario\Seminario-Clustering\datasets\davi\Al Emadi (2019)\Multiclass_Drone_Audio\unknown\1-100210-B-360.wav,Multiclass_Drone_Audio\unknown\1-100210-B-360.wav,al_emadi,1-100210-B-360,1.0216875,0.2019836930990094,8.770604133605957,0.011756505571233417,0.5407798746327005,0.007430516183376312,-0.6451139211654663,0.6852991580963135,0.05600635631214484,9.037543296813965,-0.012338530958926269,0.2845612542714793,-0.011665108148008585,-0.36482090055942534,0.3539019554853441,0.0647041242526706,9.970767974853516,0.0019627500487548705,0.21694465990384773,0.0019303595181554556,-0.281097412109375,0.27016595005989075,0.10090970240655851,11.13614273071289,0.0027834730663794396,0.19177122200893312,0.0036291847936809063,-0.25016348361968993,0.25015298724174506,0.5763961239296167,12.472091674804688,0.00020824526324026617,0.3242802289380318,0.003958831075578928,-0.42693066895008086,0.425039342045784
F:\Seminario\Seminario-Clustering\datasets\davi\Al Emadi (2019)\Multiclass_Drone_Audio\unknown\5-232802-A-313.wav,Multiclass_Drone_Audio\unknown\5-232802-A-313.wav,al_emadi,5-232802-A-313,1.0216875,0.0,-0.0,0.0,0.0,0.0,0.0,0.0,0.0,-0.0,0.0,0.0,0.0,0.0,0.0,0.0,-0.0,0.0,0.0,0.0,0.0,0.0,0.0,-0.0,0.0,0.0,0.0,0.0,0.0,0.0,-0.0,0.0,0.0,0.0,0.0,0.0
F:\Seminario\Seminario-Clustering\datasets\davi\Al Emadi (2019)\Multiclass_Drone_Audio\unknown\2-83667-A-343.wav,Multiclass_Drone_Audio\unknown\2-83667-A-343.wav,al_emadi,2-83667-A-343,1.0216875,0.8008569805923055,8.928628921508789,-0.00043144844016354094,0.043432186204172184,-0.0004798618465429172,-0.05680461823940277,0.05648873746395112,0.14328346131361147,8.948392868041992,0.00048032090405806973,0.01836560225886167,0.00042418859084136784,-0.02322760932147503,0.024243247881531715,0.02780329029930758,9.947761535644531,-2.0848154337855177e-05,0.0057350422200227865,6.521207978948951e-06,-0.007309009786695242,0.007326873950660229,0.014283051326613836,10.89217758178711,6.868587984880067e-05,0.0029089939915676443,7.548998109996319e-05,-0.003566912282258272,0.0037217134609818466,0.013773216468161698,11.922544479370117,-1.045980462383738e-05,0.0020214480000492687,-5.3585848945658654e-05,-0.0025471544358879328,0.0025756897870451213
F:\Seminario\Seminario-Clustering\datasets\davi\Al Emadi (2019)\Multiclass_Drone_Audio\unknown\2-42101-A-433.wav,Multiclass_Drone_Audio\unknown\2-42101-A-433.wav,al_emadi,2-42101-A-433,1.0216875,0.9062371224119228,8.652629852294922,-0.0009349754631736325,0.39072806464181886,-0.004620946012437344,-0.45364650785923005,0.44940228164196017,0.061689106890608775,8.978971481323242,-0.00014719480481360434,0.10194330632074652,-0.0001859429758042097,-0.1323288232088089,0.13008022159337998,0.02408680488641324,9.857667922973633,0.0003647869316609472,0.045140475655018455,0.0005899765528738499,-0.056981272995471954,0.05833325907588005,0.007009253280397802,10.771862983703613,-5.082143121086117e-07,0.017238066407927306,-0.00010905740782618523,-0.020924552902579305,0.02128666676580906,0.0009777125306573914,11.929851531982422,-4.84768134969164e-06,0.004554653474060703,1.2112315744161606e-05,-0.005888897413387894,0.00584401716478169
F:\Seminario\Seminario-Clustering\datasets\davi\Al Emadi (2019)\Multiclass_Drone_Audio\unknown\5-243783-A-444.wav,Multiclass_Drone_Audio\unknown\5-243783-A-444.wav,al_emadi,5-243783-A-444,0.95975,0.5321927511917078,8.996794700622559,0.0019698437171736115,0.12760473583521464,0.0022537189070135355,-0.17301199585199356,0.16842585504055027,0.265373103473271,8.829181671142578,0.0008614411137898045,0.09011408322829696,0.004235966131091118,-0.11397738456726074,0.11299725472927104,0.14054223280775363,9.558167457580566,0.00011999552377625782,0.0464817905008803,-0.0003921389579772949,-0.054425785690546034,0.05456627383828165,0.04997907105941968,10.278886795043945,-0.00019222139559128482,0.01962215953960816,0.000111748231574893,-0.02174610160291195,0.02116919457912445,0.011912841467847969,11.014404296875,9.749460598297244e-06,0.00677784765044846,0.00010531784209888428,-0.006840166356414557,0.0069770095404237615
F:\Seminario\Seminario-Clustering\datasets\davi\Al Emadi (2019)\Multiclass_Drone_Audio\membo_1\extra_membo_D2_2034.wav,Multiclass_Drone_Audio\membo_1\extra_membo_D2_2034.wav,al_emadi,extra_membo_D2,1.0026875,0.8826190760965631,9.101786613464355,0.00011605536632474606,0.025185981616162804,0.0013902883511036634,-0.03425184264779091,0.03091455064713955,0.020162581537719052,8.965690612792969,-3.660745074077575e-05,0.0038065350764303644,-2.5349596398882568e-05,-0.004992938134819269,0.004809711594134569,0.028212870712331604,9.964653015136719,-1.6658194694204012e-05,0.0031911577161119714,-5.6511431466788054e-05,-0.004082643240690231,0.004205368831753731,0.03807609498910002,10.950538635253906,5.188792242194062e-06,0.00262438087496289,-7.111870218068361e-06,-0.003366130404174328,0.003439685748890043,0.030929376664286263,11.949824333190918,7.379838146541271e-07,0.0016733561523407667,-2.957950346171856e-05,-0.00212585530243814,0.002171165309846401
F:\Seminario\Seminario-Clustering\datasets\davi\Al Emadi (2019)\Multiclass_Drone_Audio\unknown\1-57163-A-382.wav,Multiclass_Drone_Audio\unknown\1-57163-A-382.wav,al_emadi,1-57163-A-382,0.97525,0.004955576916005508,6.16519832611084,-0.0001298415819762087,0.0034533739272781293,-7.0474397944053635e-06,-0.001789242192171514,0.0017799811437726057,0.06510225381176676,6.368786811828613,-0.0003192252802106331,0.012521609884559866,1.0547248621151084e-06,-0.006990293506532907,0.005074395332485447,0.3173653274518118,6.983926773071289,-0.0003560626863189729,0.0195921317017956,-1.112597203700716e-06,-0.006717696646228432,0.007039523078128694,0.3090005771303144,7.358310699462891,0.0011621498686428828,0.013638511203568477,1.8527716747485101e-06,-0.002317426074296236,0.0036898307967931036,0.3035762646901015,7.471014022827148,1.1694352051754409e-05,0.009598410217988938,-6.672433983112569e-08,-0.0013864123029634356,0.0013922596699558198
F:\Seminario\Seminario-Clustering\datasets\davi\Al Emadi (2019)\Multiclass_Drone_Audio\unknown\2-96033-A-130.wav,Multiclass_Drone_Audio\unknown\2-96033-A-130.wav,al_emadi,2-96033-A-130,1.0216875,0.7874832120571575,8.99094295501709,0.0007367735826952871,0.26253733975499494,0.007808957947418094,-0.3296867340803146,0.33929156959056855,0.0034286025881885202,8.971233367919922,0.00037232380092920494,0.01731930156361504,0.0009230263531208038,-0.02222214862704277,0.022267738543450835,0.0011701050046438817,9.732162475585938,0.00037058758976541665,0.00716208931865172,0.000383113045245409,-0.008184792473912239,0.009123235940933228,0.000510695512232884,9.57444953918457,3.0242264929163307e-05,0.0033537695546951947,1.8145423382520676e-05,-0.0029036469757556913,0.0029775684233754873,0.20740738483777713,10.318510055541992,2.308025630153957e-05,0.047816660434765075,-3.393169026821852e-05,-0.03452020287513733,0.035019123926758766
F:\Seminario\Seminario-Clustering\datasets\davi\Al Emadi (2019)\Multiclass_Drone_Audio\membo_1\Membo_1_001-membo_004_.wav,Multiclass_Drone_Audio\membo_1\Membo_1_001-membo_004_.wav,al_emadi,Membo_1_001-membo_004,0.896,0.5689242399588172,9.136909484863281,0.001018299962897719,0.08836543153910344,0.0028434547130018473,-0.11435368210077286,0.11500364020466806,0.057230481378965324,8.8777494430542,0.00014294230019744792,0.028027997560701755,0.0003894859255524352,-0.037661337107419965,0.03431762792170048,0.0777688762218961,9.772876739501953,0.0001320866413445766,0.023160529978550608,0.0005746086244471371,-0.028805623576045037,0.029984822496771816,0.12542738948222668,10.674776077270508,7.909743987529053e-05,0.020821597968204396,-0.0003037862916244194,-0.02610283959656954,0.026665535196661948,0.17064901295809462,11.607881546020508,-3.461209143093671e-05,0.01718300517667319,5.324784433469176e-05,-0.021423415839672087,0.02096547428518534
F:\Seminario\Seminario-Clustering\datasets\davi\Al Emadi (2019)\Multiclass_Drone_Audio\unknown\2-125966-A-112.wav,Multiclass_Drone_Audio\unknown\2-125966-A-112.wav,al_emadi,2-125966-A-112,0.97525,0.423967336841709,8.795548439025879,-0.003150237041858564,0.1353508071213693,0.00035434961318969727,-0.17462177872657775,0.1686478108167649,0.2020092853192222,7.561334133148193,5.898945083467921e-05,0.09345398299971241,0.0018265454564243555,-0.08686167299747467,0.08615673333406451,0.15393174762471612,8.760765075683594,-0.0007395320081147741,0.05779778487535506,-1.253827940672636e-05,-0.056390966102480886,0.05089441798627376,0.12990687472325216,8.751590728759766,0.0005664295109745059,0.03758668758452479,0.0008633272373117507,-0.029697870835661888,0.030832314863801016,0.09018475549110051,7.285556793212891,5.176029995034236e-06,0.02215854692715114,-8.166933548636734e-05,-0.013275494333356619,0.013350722379982471
F:\Seminario\Seminario-Clustering\datasets\davi\Al Emadi (2019)\Multiclass_Drone_Audio\unknown\4-159426-A-93.wav,Multiclass_Drone_Audio\unknown\4-159426-A-93.wav,al_emadi,4-159426-A-93,1.0216875,0.0,-0.0,0.0,0.0,0.0,0.0,0.0,0.0,-0.0,0.0,0.0,0.0,0.0,0.0,0.0,-0.0,0.0,0.0,0.0,0.0,0.0,0.0,-0.0,0.0,0.0,0.0,0.0,0.0,0.0,-0.0,0.0,0.0,0.0,0.0,0.0
F:\Seminario\Seminario-Clustering\datasets\davi\Al Emadi (2019)\Multiclass_Drone_Audio\unknown\5-259180-A-153.wav,Multiclass_Drone_Audio\unknown\5-259180-A-153.wav,al_emadi,5-259180-A-153,1.0216875,0.0,-0.0,0.0,0.0,0.0,0.0,0.0,0.0,-0.0,0.0,0.0,0.0,0.0,0.0,0.0,-0.0,0.0,0.0,0.0,0.0,0.0,0.0,-0.0,0.0,0.0,0.0,0.0,0.0,0.0,-0.0,0.0,0.0,0.0,0.0,0.0
F:\Seminario\Seminario-Clustering\datasets\davi\Al Emadi (2019)\Multiclass_Drone_Audio\unknown\1-31251-B-62.wav,Multiclass_Drone_Audio\unknown\1-31251-B-62.wav,al_emadi,1-31251-B-62,0.97525,0.06271312637055741,8.676382064819336,-0.0016434304983896798,0.07351958402975174,0.0006019793800078332,-0.09205182790756225,0.0873252242803574,0.07695272225124575,8.563777923583984,0.0022554319198368855,0.08142874733465945,0.0009602278005331755,-0.10005047470331192,0.11015765219926835,0.6761141612461287,8.971656799316406,0.0008905881354551995,0.17108299119951284,0.0013703156146220863,-0.1931505441665649,0.1959356501698494,0.15457147842998908,10.158258438110352,-0.0005251530437505631,0.05790741243578176,-0.0005541988648474216,-0.0685561254620552,0.06586110889911652,0.02964851170207907,11.209589958190918,-8.12057100522667e-06,0.017943046487080623,-4.712345253210515e-05,-0.01978801842778921,0.019966515712440014
F:\Seminario\Seminario-Clustering\datasets\davi\Al Emadi (2019)\Multiclass_Drone_Audio\unknown\4-128659-A-331.wav,Multiclass_Drone_Audio\unknown\4-128659-A-331.wav,al_emadi,4-128659-A-331,1.0216875,0.049054048186061114,7.98884391784668,0.0019009043065575629,0.005960918750751138,0.001753315795212984,-0.0038447602186352015,0.0073772311676293615,0.16033189443527762,8.018721580505371,2.726401213400554e-05,0.011311362133173283,-9.769001917447895e-05,-0.012959197349846362,0.012380412872880706,0.09363556200709248,8.53219223022461,0.00016401988012076368,0.006123598100975384,3.92432848457247e-05,-0.0051423427648842335,0.005980913061648607,0.27339906352753945,8.008986473083496,-4.063609496791052e-05,0.007409619919473981,-2.328799746464938e-05,-0.0030784728471189714,0.002887651324272159,0.42357943184402935,7.728549957275391,1.1413651529569305e-05,0.006524812617939381,1.0148558430955745e-05,-0.001369403745047748,0.0013644156395457685
F:\Seminario\Seminario-Clustering\datasets\davi\Al Emadi (2019)\Multiclass_Drone_Audio\unknown\3-153057-A-430.wav,Multiclass_Drone_Audio\unknown\3-153057-A-430.wav,al_emadi,3-153057-A-430,1.0216875,0.6369915949536296,8.778485298156738,0.0023250471720890147,0.5274270052955985,7.589427877974231e-05,-0.7488522291183471,0.6526775896549225,0.036060294920588765,8.160489082336426,0.00038902116226068566,0.1254909099526416,0.0,-0.1540941670536995,0.16833808571100237,0.22614236551789166,8.971881866455078,0.0003142905617982981,0.22270298682937764,0.0,-0.27746134996414185,0.24226854741573334,0.091053221314444,10.361048698425293,2.182913681281554e-05,0.10003341709412945,0.0,-0.14173771142959596,0.1506148874759674,0.00975252329344602,10.916205406188965,-1.2087025324800968e-05,0.023160782236408377,0.0,-0.02713324911892414,0.02835294734686615
F:\Seminario\Seminario-Clustering\datasets\davi\Al Emadi (2019)\Multiclass_Drone_Audio\unknown\2-93030-A-213.wav,Multiclass_Drone_Audio\unknown\2-93030-A-213.wav,al_emadi,2-93030-A-213,1.0216875,0.45298100627492943,8.38298225402832,6.051182353003153e-07,0.00039312946479577634,8.777737548371078e-06,-0.0004462392709683627,0.00042042854474857457,0.19727304036184856,8.153156280517578,-1.261251264118978e-06,0.0002594327814413665,-7.2639631980564445e-06,-0.0002785397518891841,0.00025501835916657,0.19226087957057383,8.925419807434082,6.247242547178686e-07,0.0001814992300927872,-1.5830167967578745e-06,-0.000170754108694382,0.00018338764493819326,0.12374448854901837,9.883232116699219,-1.682749310544402e-07,0.00010307568186590948,1.6072823427748517e-07,-0.00010417699959361925,0.00010403245687484743,0.03374058524362982,11.15091323852539,-3.74931207078898e-08,3.807739846486927e-05,-6.443613358442235e-07,-4.239710397087037e-05,4.373796036816203e-05
F:\Seminario\Seminario-Clustering\datasets\davi\Al Emadi (2019)\Multiclass_Drone_Audio\unknown\3-139958-A-372.wav,Multiclass_Drone_Audio\unknown\3-139958-A-372.wav,al_emadi,3-139958-A-372,0.97525,0.16416149446385112,5.266908645629883,-0.00046319905879966167,0.051376608895104675,0.00028945336816832423,-0.019662383198738097,0.01783485300838948,0.1613334362707219,5.083930969238281,-0.00014357037180938757,0.050934014250330055,0.0001427717797923833,-0.012622459977865218,0.013882738351821928,0.09235440791847244,5.994699954986572,0.00048121816498390533,0.02730104259355608,7.224820365081541e-05,-0.01050149155780673,0.01101867398247122,0.1938157580977804,6.099013805389404,0.0001410319836498393,0.02800215964935562,-9.879004210233688e-06,-0.007594820484519004,0.00719195837154985,0.38833490324917413,7.421392440795898,-7.668713576796059e-05,0.028042162008175584,2.2868422092869878e-05,-0.013670487329363823,0.01397239975631237
F:\Seminario\Seminario-Clustering\datasets\davi\Al Emadi (2019)\Multiclass_Drone_Audio\unknown\1-50454-A-444.wav,Multiclass_Drone_Audio\unknown\1-50454-A-444.wav,al_emadi,1-50454-A-444,0.95975,0.0,-0.0,0.0,0.0,0.0,0.0,0.0,0.0,-0.0,0.0,0.0,0.0,0.0,0.0,0.0,-0.0,0.0,0.0,0.0,0.0,0.0,0.0,-0.0,0.0,0.0,0.0,0.0,0.0,0.0,-0.0,0.0,0.0,0.0,0.0,0.0
F:\Seminario\Seminario-Clustering\datasets\davi\Al Emadi (2019)\Multiclass_Drone_Audio\unknown\3-142605-A-212.wav,Multiclass_Drone_Audio\unknown\3-142605-A-212.wav,al_emadi,3-142605-A-212,0.97525,0.9918761853996179,9.114645957946777,-0.0004716064080896838,0.022457367365928436,-0.00016810308443382382,-0.029737092927098273,0.02761791422963143,0.002182004575239503,8.195596694946289,3.935396877434962e-05,0.001052811163322769,3.827107138931751e-05,-0.0011098772287368775,0.0011086760787293321,0.0018694082105552374,9.508325576782227,-1.0351688623989552e-05,0.0006908751900273081,-7.338603609241545e-06,-0.0008008439966943115,0.000792249187361449,0.0018740803935780022,10.736641883850098,-4.289171922648823e-06,0.000489731855550412,8.709903340786695e-07,-0.0006205703830346465,0.000603791989851743,0.0021983214210094153,11.843765258789062,1.6386488199267515e-06,0.0003752578661061276,-1.8223090592073277e-06,-0.0004748554201796651,0.0004760643932968378
F:\Seminario\Seminario-Clustering\datasets\davi\Al Emadi (2019)\Multiclass_Drone_Audio\unknown\3-130998-A-282.wav,Multiclass_Drone_Audio\unknown\3-130998-A-282.wav,al_emadi,3-130998-A-282,0.97525,0.9892640123686091,8.964320182800293,-0.0064634897513788795,0.29832919247275813,-0.008810391649603844,-0.39400185346603395,0.3958112061023714,0.0042456822610184115,8.691120147705078,0.0002001498922130561,0.019547559972156122,-0.0006489199586212635,-0.023306548595428467,0.024564077332615855,0.001847407467825104,9.712934494018555,-3.894890957629744e-05,0.009136700635488075,-0.00012309907469898462,-0.011567918304353952,0.011365211941301821,0.0016902911291117736,10.794371604919434,5.440179451689301e-05,0.0061867219495105,1.9249040633440018e-05,-0.007559855002909899,0.0077255919575691225,0.0029526067734356462,11.862499237060547,3.656929571671536e-05,0.00578493061938829,0.00011600763536989689,-0.007384087424725294,0.007209394592791796
F:\Seminario\Seminario-Clustering\datasets\davi\Al Emadi (2019)\Multiclass_Drone_Audio\unknown\2-84693-A-490.wav,Multiclass_Drone_Audio\unknown\2-84693-A-490.wav,al_emadi,2-84693-A-490,1.0216875,0.5541695877464254,8.441705703735352,-0.0010413143187885635,0.12135146473549437,-0.0010854093998204917,-0.1376863956451416,0.13776130825281144,0.10963942035836449,7.867703437805176,0.0011280828229325724,0.05396698753319021,-0.0002856453647837043,-0.04890485890209675,0.0624630656093359,0.11936939447958954,8.580101013183594,0.0004471288077081121,0.0399111908350024,9.211344877257943e-05,-0.038296256214380264,0.040590811520814896,0.11917144857381744,9.736713409423828,-0.00011969054441206499,0.028230568512016826,0.00012759551464114338,-0.029296631366014472,0.029091702774167092,0.09765014884180305,10.83924674987793,7.279863863611051e-05,0.018078719915744522,1.0411851690150797e-05,-0.01885269321501255,0.018850682303309444
F:\Seminario\Seminario-Clustering\datasets\davi\Al Emadi (2019)\Multiclass_Drone_Audio\unknown\5-215179-A-133.wav,Multiclass_Drone_Audio\unknown\5-215179-A-133.wav,al_emadi,5-215179-A-133,1.0216875,0.9221302215479787,9.020463943481445,0.0004114955737712133,0.06756095417876552,-0.0006156596064101905,-0.088354704529047,0.08798044845461847,0.021131828062009434,8.875337600708008,-0.00025915340386224836,0.010224375020200736,6.879097782075405e-05,-0.012831001356244086,0.01257771709933877,0.01723660969843784,9.925210952758789,2.42394247021186e-05,0.006545855891804676,-5.492212949320674e-06,-0.008201179094612598,0.008363321423530579,0.01137923643662867,10.946861267089844,-3.152176501141617e-05,0.003764842218090254,-4.317551793064922e-05,-0.004867430496960878,0.0047243317589163785,0.0281221042549453,11.909843444824219,8.362456342035665e-07,0.004187228631975657,2.2862324840389192e-05,-0.005316337896510958,0.005283063976094127
F:\Seminario\Seminario-Clustering\datasets\davi\Al Emadi (2019)\Multiclass_Drone_Audio\unknown\1-84704-A-394.wav,Multiclass_Drone_Audio\unknown\1-84704-A-394.wav,al_emadi,1-84704-A-394,0.95975,0.0,-0.0,0.0,0.0,0.0,0.0,0.0,0.0,-0.0,0.0,0.0,0.0,0.0,0.0,0.0,-0.0,0.0,0.0,0.0,0.0,0.0,0.0,-0.0,0.0,0.0,0.0,0.0,0.0,0.0,-0.0,0.0,0.0,0.0,0.0,0.0
F:\Seminario\Seminario-Clustering\datasets\davi\Al Emadi (2019)\Multiclass_Drone_Audio\unknown\2-102567-C-351.wav,Multiclass_Drone_Audio\unknown\2-102567-C-351.wav,al_emadi,2-102567-C-351,1.0216875,0.9667961606261871,9.014715194702148,-0.0010431653417610717,0.6094101342197913,0.08473845571279526,-0.9190110921859741,0.7497804582118988,0.0214698733412366,9.06296157836914,-0.00032057759885504406,0.09081443435533307,-0.0015213873703032732,-0.1204892061650753,0.11831095963716508,0.003702194735531307,10.02021598815918,-0.00012889699026763344,0.026724106699262687,-0.00010721106082201004,-0.034677665680646896,0.034037381410598755,0.003515722286503025,10.968021392822266,0.0004572112247180419,0.018429530174464494,0.0005171215161681175,-0.023745897784829138,0.024221173301339154,0.004516049010541937,11.914466857910156,4.683528562753643e-05,0.01478138257367722,-7.005549559835345e-05,-0.018930854834616182,0.01883090250194073
F:\Seminario\Seminario-Clustering\datasets\davi\Al Emadi (2019)\Multiclass_Drone_Audio\unknown\4-157296-A-241.wav,Multiclass_Drone_Audio\unknown\4-157296-A-241.wav,al_emadi,4-157296-A-241,1.0216875,0.5070873449275044,6.505631923675537,-0.00016945629914755169,0.12459423318310009,-0.001028062222758308,-0.07324647977948189,0.08558341786265378,0.05541125483843955,6.372393608093262,0.0007075971416711979,0.04118051957707834,-0.00015511603123741224,-0.027347585186362267,0.029102954082190997,0.1143996233025411,7.036977767944336,0.00035877034789493883,0.041936206691438896,6.084052438382059e-05,-0.02683391235768795,0.02817092090845108,0.26034869466807126,7.887904167175293,-0.0004719068765912923,0.044782493477246034,-1.38549403345678e-05,-0.024406341463327406,0.023676696047186856,0.06275308226344362,9.032487869262695,-2.106024953717198e-05,0.015554969147499294,-1.8741557141765952e-06,-0.008758626133203506,0.009325618203729394
F:\Seminario\Seminario-Clustering\datasets\davi\Al Emadi (2019)\Multiclass_Drone_Audio\unknown\1-172649-D-401.wav,Multiclass_Drone_Audio\unknown\1-172649-D-401.wav,al_emadi,1-172649-D-401,1.0216875,0.9019343190758011,8.401568412780762,0.002554552129117175,0.6175018547574246,0.12808578461408615,-0.9065803468227386,0.645346611738205,0.02027187004179774,8.81075668334961,-0.00439581351882543,0.09247222048494423,-0.002649414585903287,-0.12052297443151473,0.10728423520922661,0.02599033299277343,9.251592636108398,0.00026372034139685995,0.07428369491186959,-0.0005843550898134708,-0.07934454083442688,0.07588186115026474,0.01175996687419643,10.282861709594727,0.00023369950473663755,0.035370878473705285,-0.00019052112475037575,-0.03809947222471237,0.03865588158369065,0.04004351101543128,11.693315505981445,7.200105294568743e-05,0.04617587539839971,0.00030330472509376705,-0.05575071722269058,0.0570115901529789
F:\Seminario\Seminario-Clustering\datasets\davi\Al Emadi (2019)\Multiclass_Drone_Audio\unknown\4-194754-A-03.wav,Multiclass_Drone_Audio\unknown\4-194754-A-03.wav,al_emadi,4-194754-A-03,1.0216875,0.045322775331413684,5.742603302001953,0.003497816331981844,0.07743833960595742,0.0023389087291434407,-0.05366341508924961,0.05482182800769807,0.5639569672655484,5.693424701690674,-0.0017990905906947428,0.27343490515260505,0.0006300024106167257,-0.02365491073578596,0.030146651715040208,0.36831340053629424,6.6890411376953125,-0.0001842591197881693,0.15659743252239786,3.1595409382134676e-06,-0.01417465042322874,0.01373225636780262,0.022068469244395834,7.326174736022949,0.00010118075488107985,0.027134459422899312,1.5266385162249207e-05,-0.004408315476030109,0.004744584113359456,0.0003383876223477641,9.193990707397461,-4.51626271031871e-06,0.002377069453754575,-5.41354893357493e-07,-0.0012256437097676097,0.0012233111308887603
F:\Seminario\Seminario-Clustering\datasets\davi\Al Emadi (2019)\Multiclass_Drone_Audio\unknown\2-106073-A-361.wav,Multiclass_Drone_Audio\unknown\2-106073-A-361.wav,al_emadi,2-106073-A-361,1.0216875,0.22587322832627962,9.06103801727295,-0.0018156316813456744,0.46121142563589435,0.009899033233523369,-0.6094803214073181,0.5845243513584137,0.3270350924464321,8.972053527832031,0.00395548264066535,0.5549542814942664,0.0011410423321649432,-0.7200368106365204,0.7554406583309176,0.18066869168757071,9.963756561279297,-0.004241628336676123,0.2922823287631291,-0.004518337547779083,-0.38982120156288147,0.36775752902030945,0.14387067279119636,10.916576385498047,0.0021421807640803953,0.18463996115098025,-0.0027220514602959156,-0.23078403174877166,0.23500935435295114,0.12255231474852123,11.985527038574219,-7.241110725360896e-05,0.1205665341456081,0.0019188541918992996,-0.15810187608003617,0.15339965373277664
F:\Seminario\Seminario-Clustering\datasets\davi\Al Emadi (2019)\Multiclass_Drone_Audio\unknown\5-215445-A-473.wav,Multiclass_Drone_Audio\unknown\5-215445-A-473.wav,al_emadi,5-215445-A-473,1.0216875,0.7064065054912441,8.957845687866211,0.000754322290750564,0.2637048787466235,0.003108363365754485,-0.3443298578262329,0.337757995724678,0.23824062778904492,8.855839729309082,9.571439383135548e-05,0.15314415919942703,-0.007378426846116781,-0.1924155741930008,0.19644991606473924,0.05348793602266074,9.951470375061035,0.0003155007139176947,0.05142190127869576,-0.00046469521475955844,-0.06534277647733688,0.06620144098997116,0.0018227281479728014,10.837602615356445,-7.433938423331259e-06,0.006719717837597038,9.535090066492558e-05,-0.008548535406589508,0.008454262837767602,4.220254907742663e-05,11.91319465637207,-4.838523910000664e-07,0.0007233640234546787,1.4241741155274212e-06,-0.0009246145375072957,0.000913841830333695
F:\Seminario\Seminario-Clustering\datasets\davi\Al Emadi (2019)\Multiclass_Drone_Audio\unknown\4-111671-B-421.wav,Multiclass_Drone_Audio\unknown\4-111671-B-421.wav,al_emadi,4-111671-B-421,1.0216875,0.014083499617917614,7.7147216796875,0.0013553201467888338,0.03560423632642417,0.0007445886440109462,-0.03411624617874622,0.0352632086724043,0.4176719729914608,8.020877838134766,0.0004444046585721154,0.19403377229480961,0.0034079619217664003,-0.20123226046562195,0.18974524885416033,0.5162586440600451,9.790538787841797,7.415669639869572e-05,0.1528727901444508,7.867766544222832e-05,-0.18580038845539093,0.1904531568288803,0.049990926050707575,10.780613899230957,-6.433929197745686e-05,0.03367467000106773,0.0002761881332844496,-0.04197371676564216,0.0423593282699585,0.001994957279868944,11.91176700592041,3.486139358371618e-06,0.004759074828723073,-0.00010912335710600019,-0.006052583735436201,0.006069381162524224
F:\Seminario\Seminario-Clustering\datasets\davi\Al Emadi (2019)\Multiclass_Drone_Audio\unknown\2-158746-B-24.wav,Multiclass_Drone_Audio\unknown\2-158746-B-24.wav,al_emadi,2-158746-B-24,0.95975,0.6073948081058221,8.62944221496582,-0.0034122249801366105,0.5508992729695897,-0.02125071082264185,-0.6529048323631287,0.7505014061927796,0.30814442408571113,8.367116928100586,-0.0005877645336782313,0.3923933711371828,-0.0006384538719430566,-0.468484503030777,0.44697159528732383,0.07392110044853248,8.799242973327637,4.1253996102432234e-05,0.1362153374447455,-0.002842273097485304,-0.1438974469900131,0.13270478844642639,0.00911822906012249,9.681659698486328,-0.000290631142849713,0.03386676804682904,-0.000185464508831501,-0.031013422086834906,0.030119112879037846,0.0014214382998117873,11.10807991027832,6.197321739091137e-07,0.009460400663688633,7.811631076037884e-05,-0.010127550549805164,0.010161784663796426
F:\Seminario\Seminario-Clustering\datasets\davi\Al Emadi (2019)\Multiclass_Drone_Audio\unknown\2-85434-A-274.wav,Multiclass_Drone_Audio\unknown\2-85434-A-274.wav,al_emadi,2-85434-A-274,0.95975,0.028913499095690586,8.8649263381958,0.0007314970733220006,0.029212571837664146,0.0014634691760875285,-0.03795936815440655,0.03721654936671258,0.018697667846873427,8.08218002319336,0.0007482300441905345,0.023487079958351847,0.001275133341550827,-0.024210297130048276,0.026754757948219805,0.17294481469598558,9.305357933044434,2.8937400708223446e-05,0.050653108749492456,0.001149050542153418,-0.05745400041341781,0.06075942218303681,0.36438294808880256,10.029891967773438,0.0015088132840399917,0.05202853084211941,0.0007726121111772954,-0.054671541601419446,0.05915908664464949,0.4150610702726479,10.817157745361328,-7.472885672685891e-05,0.039301698356732,0.00032195397943723947,-0.04090439788997173,0.04123851545155053
F:\Seminario\Seminario-Clustering\datasets\davi\Al Emadi (2019)\Multiclass_Drone_Audio\unknown\4-161103-A-474.wav,Multiclass_Drone_Audio\unknown\4-161103-A-474.wav,al_emadi,4-161103-A-474,0.95975,0.6952728755115761,8.801815032958984,-0.003313839075748216,0.4317932073673329,0.05870793201029301,-0.5640562117099762,0.4865739524364472,0.13462071000844406,8.492209434509277,0.008150811834488842,0.18983090710982195,0.005569228436797857,-0.21709378063678741,0.2255362778902054,0.1347518314525678,9.086322784423828,0.0007049064489347801,0.1347315065297811,0.0004343762993812561,-0.1420430928468704,0.13979110419750215,0.032774486796116935,10.092528343200684,0.00016921530685100526,0.04703981486962437,-0.00047790142707526684,-0.04931616112589836,0.05128265395760536,0.002580096231295083,11.19013500213623,-1.3517405348684444e-06,0.00933747462988726,5.67990355193615e-07,-0.009976676013320683,0.010104458034038545
F:\Seminario\Seminario-Clustering\datasets\davi\Al Emadi (2019)\Multiclass_Drone_Audio\bebop_1\mixed_37-bebop_001_.wav,Multiclass_Drone_Audio\bebop_1\mixed_37-bebop_001_.wav,al_emadi,mixed_37-bebop_001,1.024,0.6052708765302423,8.19008731842041,-0.00040775888851914165,0.12778708397904506,-0.00457795150578022,-0.13443392813205718,0.13245779722929,0.029351661827970627,8.910545349121094,-3.893875004870315e-05,0.02814039536899724,-0.0005633795517496765,-0.033867862448096274,0.03577876538038253,0.08577526550210422,9.978982925415039,0.0003906011118450476,0.03408793745709872,0.001342080533504486,-0.04307157769799232,0.04478142410516739,0.16231858368621402,10.94905948638916,0.0002618547885873027,0.033191501203712115,0.0004632002383004874,-0.042206250876188275,0.042449261993169785,0.11728361245346883,11.934932708740234,1.2704311166688838e-05,0.019960514374597157,0.0002494273940101266,-0.025633585639297962,0.025529013946652412
F:\Seminario\Seminario-Clustering\datasets\davi\Al Emadi (2019)\Multiclass_Drone_Audio\unknown\1-9886-A-492.wav,Multiclass_Drone_Audio\unknown\1-9886-A-492.wav,al_emadi,1-9886-A-492,0.97525,0.15769335108880161,7.97865104675293,0.002204055273051082,0.10289670487090104,-0.000288370851194486,-0.10431505888700485,0.11542086005210879,0.1531608596058817,7.498061180114746,-0.0018463636692712844,0.10141363201492719,-0.0006521621253341436,-0.09661814719438552,0.08723069131374363,0.11718071776481916,8.67664623260498,-0.0010090625161974013,0.06285457826651877,-0.0003230661677662283,-0.06235603615641594,0.06115829013288019,0.33467667303550525,9.902791023254395,-0.00030198390233493087,0.07520707151909842,-6.668572314083576e-05,-0.08207886964082718,0.07906797975301744,0.2372883985049923,11.120743751525879,-6.766142533537966e-05,0.04480171634006532,3.739932617463637e-05,-0.05084002763032913,0.051232485100626945
F:\Seminario\Seminario-Clustering\datasets\davi\Al Emadi (2019)\Multiclass_Drone_Audio\unknown\4-165933-A-451.wav,Multiclass_Drone_Audio\unknown\4-165933-A-451.wav,al_emadi,4-165933-A-451,1.0216875,0.7538385168986629,8.570106506347656,-0.006042702141380643,0.5854868011658909,0.005128299351781607,-0.6852265894412994,0.6484321594238281,0.18886104750703211,8.354425430297852,0.005366691870465694,0.29302146276762703,-0.007974923122674227,-0.3245075672864914,0.3325412511825562,0.03460144645817641,9.102112770080566,-0.0013416983629758496,0.08888623600826782,-9.064190089702606e-05,-0.08829036355018616,0.09496398270130157,0.01973269690174294,9.72518253326416,6.094873957164725e-05,0.04752166872660286,0.00037331809289753437,-0.04545268416404724,0.04500693157315258,0.002966292234385663,10.674173355102539,1.264602811906427e-05,0.013034755218652959,-8.844578405842185e-05,-0.012519581243395805,0.012491122912615539
F:\Seminario\Seminario-Clustering\datasets\davi\Al Emadi (2019)\Multiclass_Drone_Audio\unknown\5-235956-A-470.wav,Multiclass_Drone_Audio\unknown\5-235956-A-470.wav,al_emadi,5-235956-A-470,1.0216875,0.9539199583420612,8.708213806152344,-0.006903204607361367,0.760464932572922,-0.010584556963294744,-0.9334609568119049,0.936945688724518,0.030658896539957174,8.901100158691406,0.0032988265864279808,0.13629885573342557,-0.0043585835956037045,-0.16214122474193574,0.17914509326219558,0.014178224338860974,9.795958518981934,-0.0006907528749283862,0.06569976607374581,-0.0004900218918919563,-0.08501825481653214,0.07760027796030045,0.0012237712047442884,10.780094146728516,-5.408267454955715e-06,0.013664348575988552,9.719189256429672e-05,-0.01663992665708065,0.016776777431368836,1.9149574376394414e-05,11.764141082763672,-1.1072806110566877e-06,0.0012092484749461198,4.19258140027523e-06,-0.001479832734912634,0.0014837038121186196
F:\Seminario\Seminario-Clustering\datasets\davi\Al Emadi (2019)\Multiclass_Drone_Audio\unknown\3-144128-B-234.wav,Multiclass_Drone_Audio\unknown\3-144128-B-234.wav,al_emadi,3-144128-B-234,0.95975,0.06620817475295787,8.252189636230469,-5.054522066642645e-07,0.08944346370373565,-0.0008057804079726338,-0.10708920285105705,0.10904290080070503,0.34833345577033353,7.827767848968506,0.003562181493300369,0.20512799025010597,-8.73053286341019e-05,-0.20582382529973983,0.22838117629289628,0.3967536067208863,9.008277893066406,-0.0023547690410106142,0.15516725516480256,-0.00024277946795336902,-0.17834926843643184,0.17974738776683813,0.14387924934187735,9.934537887573242,-0.0007269926312955295,0.06615385546978397,-1.7732916603563353e-05,-0.07755271047353744,0.06988619416952131,0.04482551341394499,10.811807632446289,-4.55774706784061e-06,0.02612497911449465,3.012628440046683e-05,-0.0278626661747694,0.02814191430807115
F:\Seminario\Seminario-Clustering\datasets\davi\Al Emadi (2019)\Multiclass_Drone_Audio\unknown\1-28005-A-182.wav,Multiclass_Drone_Audio\unknown\1-28005-A-182.wav,al_emadi,1-28005-A-182,0.97525,0.09733370194467891,8.127839088439941,-0.0006954838514199153,0.21559862586449557,-0.0009830323979258537,-0.25024060904979706,0.2560765504837037,0.10162453660513139,8.163106918334961,-0.009482929625081576,0.22009652660318066,-0.007793728727847338,-0.2500863283872604,0.2553653001785281,0.48764944814819006,9.138638496398926,0.0020752812759548597,0.34192661053713574,-0.003275392111390829,-0.3678363353013992,0.38240152597427357,0.2803053102894049,10.01243782043457,0.0005791627635600321,0.18352074920631667,-0.00019804923795163631,-0.19339256286621093,0.19591475129127506,0.03308700301259471,11.345796585083008,2.4587196251741354e-06,0.04460749399023178,0.0005220855236984789,-0.0508623830974102,0.05052472837269306
F:\Seminario\Seminario-Clustering\datasets\davi\Al Emadi (2019)\Multiclass_Drone_Audio\unknown\4-188003-A-344.wav,Multiclass_Drone_Audio\unknown\4-188003-A-344.wav,al_emadi,4-188003-A-344,0.95975,0.989896491583107,8.902029991149902,-8.830728781423347e-05,0.0057466855909585664,-6.842998482170515e-05,-0.007677187956869602,0.0076546678785234705,0.0018978158580026303,8.808591842651367,1.8350943761080157e-06,0.0002516455766205946,1.0884377843467519e-09,-0.0003148750081891194,0.0003198216581949966,0.0017236431680899137,9.74693775177002,6.693668725115167e-07,0.0001699773115742091,1.4903591818438144e-06,-0.00022044387005735187,0.00021540778980124744,0.0028182445995567065,10.449188232421875,1.3123711020071907e-07,0.00015386949589333605,1.2505552149377763e-12,-0.00018634103471413255,0.00017996422538999463,0.0036638047912437507,10.942708015441895,2.232847841256513e-06,0.00012409955961518117,5.797046469524503e-07,-0.00013145339326001704,0.0001340902061201632
F:\Seminario\Seminario-Clustering\datasets\davi\Al Emadi (2019)\Multiclass_Drone_Audio\unknown\4-261068-A-301.wav,Multiclass_Drone_Audio\unknown\4-261068-A-301.wav,al_emadi,4-261068-A-301,1.0216875,0.9992024197520187,7.114208221435547,0.03141340580291355,0.7046757104731184,0.013936060480773449,-0.3872335284948349,0.4638020604848862,0.0006076126911925289,5.238399028778076,7.4950067658577506e-06,0.017394304538840572,-2.747602411545813e-05,-0.004868271062150597,0.005293169338256122,9.38542766775949e-05,6.328969955444336,1.3484656874633544e-05,0.004844565230005143,-8.755596354603767e-07,-0.0016951409634202719,0.001724825007840991,6.176347741070137e-05,6.933168411254883,4.568381069395885e-06,0.0027819972768092383,1.0987278074026108e-06,-0.0009391621220856902,0.0008278446272015574,3.4349802700419994e-05,8.166872024536133,-1.0568562311697807e-06,0.0014677455027369596,2.8211070457473397e-07,-0.00041300792945548893,0.0004257176886312665
F:\Seminario\Seminario-Clustering\datasets\davi\Al Emadi (2019)\Multiclass_Drone_Audio\unknown\5-173568-A-330.wav,Multiclass_Drone_Audio\unknown\5-173568-A-330.wav,al_emadi,5-173568-A-330,1.0216875,0.016006200445127662,8.912565231323242,0.0002501952239699058,0.057623538175033955,0.00018492033268557861,-0.07015241384506225,0.06959912702441218,0.15509026905984988,8.19202709197998,0.0007711420802806264,0.17936931959842434,0.0003233347670175135,-0.2091346129775047,0.20383848547935488,0.16158090927305496,9.07606029510498,-0.0009375755269920126,0.12974163007557774,-0.0001364058698527515,-0.15419946610927582,0.15233170986175537,0.2756251320762545,10.383508682250977,0.00011325314929891066,0.11995458202382099,2.8860893507953733e-05,-0.14561147391796112,0.15619829893112191,0.39169748914571295,11.204198837280273,-0.00021579537196934147,0.10116478466737999,4.114616604056209e-05,-0.11712249591946601,0.11877396106719972
F:\Seminario\Seminario-Clustering\datasets\davi\Al Emadi (2019)\Multiclass_Drone_Audio\unknown\2-104952-B-164.wav,Multiclass_Drone_Audio\unknown\2-104952-B-164.wav,al_emadi,2-104952-B-164,0.95975,0.9020080683015329,8.815204620361328,0.0012492161930980322,0.23767491742425662,0.005899271694943309,-0.2952403366565704,0.2947782695293427,0.0828216473802755,8.887960433959961,0.00011185960958890755,0.07202040263405707,0.003185336128808558,-0.09171877726912499,0.08843803331255914,0.010271195721820746,9.798707962036133,-3.140887373490003e-05,0.017975906410834866,-0.0007601056713610888,-0.023184023052453994,0.02278433144092561,0.0034590188448602043,10.833158493041992,7.106767522762451e-06,0.007384990107595646,-1.70183957379777e-05,-0.009430311433970927,0.009267137758433817,0.0014400697515106857,11.781575202941895,-1.6722978334577498e-05,0.003371095695926171,6.0856109485030174e-06,-0.004294307064265012,0.0042184947058558474
F:\Seminario\Seminario-Clustering\datasets\davi\Al Emadi (2019)\Multiclass_Drone_Audio\bebop_1\B_S2_D1_116-bebop_000_.wav,Multiclass_Drone_Audio\bebop_1\B_S2_D1_116-bebop_000_.wav,al_emadi,B_S2_D1_116-bebop_000,1.024,0.7505237720167963,8.626718521118164,-0.005423610423088738,0.3738145830081144,-0.006221181480214,-0.43189879059791564,0.43345606625080096,0.016019667923755237,8.94710922241211,-0.00011500017976933412,0.05461922028446207,0.0027631078846752644,-0.07188798338174819,0.0675163723528385,0.04983787076214073,9.890766143798828,-0.003683857402099759,0.0681710867695382,-0.00416230596601963,-0.09188295155763626,0.07918657511472704,0.1042339796385981,10.918035507202148,-0.0010530801885937277,0.06987423837626769,-0.0006582321366295218,-0.08879129514098168,0.08631197586655617,0.07938470965870965,11.913771629333496,-0.00022817500542176945,0.04314405350755637,9.147630771622062e-05,-0.054982300847768784,0.05482945218682289
F:\Seminario\Seminario-Clustering\datasets\davi\Al Emadi (2019)\Multiclass_Drone_Audio\unknown\2-133889-A-300.wav,Multiclass_Drone_Audio\unknown\2-133889-A-300.wav,al_emadi,2-133889-A-300,1.0216875,0.9916422655915059,9.082073211669922,-0.001028137935949399,0.4236054764571203,-0.020871338434517384,-0.5108423173427582,0.5934467792510987,0.008147655581853394,6.549861907958984,0.00025506218860278505,0.0383965376179698,1.3067037798464298e-05,-0.01879030726850033,0.019918633438646798,0.0002011809795181373,7.467897415161133,1.0083570830706281e-05,0.004275760421445326,7.124617695808411e-06,-0.0021875137463212013,0.0020145652815699577,8.55364489538068e-06,6.019725799560547,1.4688622339148186e-06,0.0006241047474538825,-7.417984306812286e-07,-0.00025829980149865144,0.0002537133172154427,3.442022271399052e-07,10.916786193847656,3.2796849435392613e-07,8.856951354702961e-05,-1.394655555486679e-07,-9.347940795123577e-05,9.483135072514416e-05
F:\Seminario\Seminario-Clustering\datasets\davi\Al Emadi (2019)\Multiclass_Drone_Audio\unknown\4-165823-A-413.wav,Multiclass_Drone_Audio\unknown\4-165823-A-413.wav,al_emadi,4-165823-A-413,1.0216875,0.20450790297886487,8.972805976867676,-0.0014311193645359876,0.3751609219616973,-0.002695221803151071,-0.4870733886957168,0.47858254909515385,0.1365578024089215,8.840523719787598,0.004111290479178351,0.3065384172032583,0.00038894382305443287,-0.3744967222213745,0.41130159497261065,0.29122460919165566,9.817206382751465,-0.004888075381406273,0.31722249396361746,0.003430122509598732,-0.4034917652606964,0.39540380239486694,0.26276369084405715,10.85447883605957,0.001933013133769739,0.2133183883397326,0.0023661430459469557,-0.2682096838951111,0.26505543589592,0.1049459945765008,11.782103538513184,-2.9244712071288737e-05,0.09537700422762645,-0.00020786549430340528,-0.11793445870280266,0.1208215929567814
F:\Seminario\Seminario-Clustering\datasets\davi\Al Emadi (2019)\Multiclass_Drone_Audio\unknown\1-72195-A-373.wav,Multiclass_Drone_Audio\unknown\1-72195-A-373.wav,al_emadi,1-72195-A-373,1.0216875,0.0001858256103871631,6.612828254699707,-0.004580544653375009,0.01463392501503207,-0.0009620515629649162,-0.019210511818528175,0.0004922628053463998,1.0824047732829098e-05,6.748157978057861,9.624918258665381e-05,0.0036995770562462354,-2.5017295683937846e-06,-0.002397350198589265,0.002718674601055682,0.011377954314197667,8.312990188598633,-0.0004857628362638907,0.0850285814135276,-2.7178703021490946e-06,-0.05589287355542183,0.05189348757266998,0.44859773521490176,9.092124938964844,-0.003330674426352019,0.37793191259611947,-4.1207376852980815e-06,-0.12009694129228586,0.0968527376651765,0.5398276608127806,10.140475273132324,-0.00010553179987470692,0.29330991316474,-6.450532055168878e-07,-0.08163257762789726,0.07694780975580216
F:\Seminario\Seminario-Clustering\datasets\davi\Al Emadi (2019)\Multiclass_Drone_Audio\unknown\4-159609-B-143.wav,Multiclass_Drone_Audio\unknown\4-159609-B-143.wav,al_emadi,4-159609-B-143,1.0216875,0.7932436604002341,9.713834762573242,-0.026202856268729785,0.00928632136296985,-0.026110698468983173,-0.038294116780161855,-0.014458476100116965,0.045007307338918334,8.91800594329834,-0.00033451988080909783,0.006613388508276198,-0.0001659690315136686,-0.008859620802104473,0.007994443271309137,0.08547458248187342,9.989082336425781,7.284710949137766e-05,0.006466423082081556,2.265116199851036e-05,-0.008290129713714123,0.008421570062637329,0.059115291186276175,10.729986190795898,4.6167515519094664e-05,0.0038067391483450575,2.7484198653837666e-05,-0.004696630872786045,0.004735815804451704,0.017159158592697975,10.981468200683594,-2.736069215117921e-06,0.0014510409518344901,-9.974965450965101e-06,-0.0015085780876688659,0.0015343553037382664
F:\Seminario\Seminario-Clustering\datasets\davi\Al Emadi (2019)\Multiclass_Drone_Audio\unknown\3-126358-A-34.wav,Multiclass_Drone_Audio\unknown\3-126358-A-34.wav,al_emadi,3-126358-A-34,0.95975,0.5738628056280743,8.589176177978516,0.004649409977983768,0.3964410974635949,0.009375636465847492,-0.4707947999238968,0.4905366659164429,0.2671020961920406,8.622735977172852,0.002568582481029251,0.27047276261795994,-0.004293033853173256,-0.3165811777114868,0.3392555415630343,0.1471335552700034,9.63519287109375,-0.0009282568085297834,0.1422813299991203,-0.0016957111656665802,-0.17395746111869811,0.17488537132740029,0.011464052132153261,10.424407958984375,5.740362380321533e-05,0.02811655880726684,-5.140900611877441e-07,-0.03200273290276527,0.03266677260398865,0.00043749077772834685,11.6380615234375,5.821659592580631e-06,0.003885876418908696,4.371418617665768e-05,-0.004744329256936908,0.004716145526617767
F:\Seminario\Seminario-Clustering\datasets\davi\Al Emadi (2019)\Multiclass_Drone_Audio\unknown\3-197435-B-224.wav,Multiclass_Drone_Audio\unknown\3-197435-B-224.wav,al_emadi,3-197435-B-224,0.95975,0.03941194901818412,4.806351184844971,-6.831045003467049e-05,0.039069668291250685,-2.4631357518956065e-05,-0.006413933401927352,0.0061641369946301055,0.16779712050092857,5.056391716003418,-0.00023193836414298568,0.08061519107412002,1.020507966131845e-06,-0.012373828049749135,0.00973930591717363,0.42399778130349336,5.905936241149902,0.001452481792770626,0.09081330947193927,2.2758636077924166e-06,-0.010891642980277533,0.012353888340294366,0.2809634627640159,6.342307090759277,-0.000488692823108702,0.05233858001198534,1.1839947546832263e-06,-0.0054656084626913065,0.005517372116446494,0.08782968641337803,6.789687156677246,-7.053129566245342e-05,0.02070356280319892,0.0,-0.001934828120283782,0.0019720550859347015
F:\Seminario\Seminario-Clustering\datasets\davi\Al Emadi (2019)\Multiclass_Drone_Audio\unknown\3-142604-A-244.wav,Multiclass_Drone_Audio\unknown\3-142604-A-244.wav,al_emadi,3-142604-A-244,0.95975,0.9539592353443846,8.96973991394043,0.0002199281294162409,0.010345028337900257,0.0005818018689751625,-0.013617705088108778,0.013404606562107806,0.019096628126786374,5.420851230621338,3.0885775274801435e-05,0.0014636815417349016,4.363974767329637e-06,-0.0008434782968834043,0.000933085265569389,0.014682552321084707,8.104385375976562,-8.491355759214101e-06,0.0009097950801144088,-7.690359780099243e-06,-0.0008368420996703207,0.0008230641484260559,0.007053184177150334,9.996491432189941,-3.619388227684824e-06,0.0004464088158015763,-3.7928293750155717e-06,-0.0004923406639136374,0.00047739217989146705,0.005208400030593942,10.7526273727417,-5.790478767738109e-07,0.00027140423074744583,4.5543492888100445e-07,-0.0002771292784018442,0.0002776228939183058
F:\Seminario\Seminario-Clustering\datasets\davi\Al Emadi (2019)\Multiclass_Drone_Audio\unknown\5-160614-G-480.wav,Multiclass_Drone_Audio\unknown\5-160614-G-480.wav,al_emadi,5-160614-G-480,1.0216875,0.1726645689576999,7.009899139404297,-0.0004900628890027292,0.05324863881166322,0.0006750159082002938,-0.045848478376865384,0.041194429621100426,0.10986537327229226,4.988797664642334,-0.0005490079977268747,0.042473632309214415,-0.0006406349129974842,-0.021505737118422984,0.016519026644527916,0.4974902281795417,5.230820178985596,0.00039748403420230796,0.06405381196991163,-0.00015488406643271446,-0.024981867522001266,0.024575764313340187,0.18443026415561986,7.9037251472473145,0.00033060225154995945,0.027606285012182402,2.9289134545251727e-05,-0.020150276273488997,0.021184219419956213,0.035549565434846254,7.976233959197998,-3.147574974990984e-05,0.008575008824990635,-1.7908532754518092e-06,-0.005310630705207586,0.005471499590203166
F:\Seminario\Seminario-Clustering\datasets\davi\Al Emadi (2019)\Multiclass_Drone_Audio\unknown\1-17565-A-123.wav,Multiclass_Drone_Audio\unknown\1-17565-A-123.wav,al_emadi,1-17565-A-123,1.0216875,0.2755156233014624,8.780550003051758,0.00015547829252064173,0.04526825029674307,-0.001769521157257259,-0.05537258051335812,0.055381251871585845,0.05909809130161714,5.6934709548950195,0.0007676813968042482,0.020951666343491566,0.00021074093820061535,-0.008136833645403385,0.008843086473643782,0.10407053517691679,5.613671779632568,-0.00037412213204250156,0.01971263322926016,-3.501017636153847e-05,-0.006881131790578365,0.005566074047237635,0.2613694747744031,6.417337894439697,-6.519898228005877e-05,0.022118029889000728,-5.7092736824415624e-05,-0.0067937642335891705,0.006525766104459764,0.29994627544560054,6.2724714279174805,6.187633243670288e-05,0.016762431037721653,4.4595708459382877e-07,-0.003968232264742255,0.004076514393091203
F:\Seminario\Seminario-Clustering\datasets\davi\Al Emadi (2019)\Multiclass_Drone_Audio\unknown\5-223810-A-353.wav,Multiclass_Drone_Audio\unknown\5-223810-A-353.wav,al_emadi,5-223810-A-353,1.0216875,0.770645174898788,8.871084213256836,0.0007151716300037699,0.06908454271723402,0.00048238239833153784,-0.08216728419065475,0.08892196193337441,0.12913630989350125,8.459802627563477,6.041868718525223e-05,0.028281347641425116,-0.00032421712239738554,-0.03098116349428892,0.03089807871729136,0.06500588655867753,8.36893367767334,-0.00014691058667764593,0.01421889522394337,-0.00023243940086103976,-0.012521516531705856,0.012013199739158154,0.023091914498658127,9.844353675842285,-1.016555010294135e-05,0.005999347093495854,-5.5011274525895715e-05,-0.0059685856103897095,0.005971904285252095,0.012120714150375085,9.772939682006836,1.5285083999755332e-07,0.0030749358653838254,3.5333840060047805e-05,-0.0027380889980122445,0.0027011458761990077
F:\Seminario\Seminario-Clustering\datasets\davi\Al Emadi (2019)\Multiclass_Drone_Audio\unknown\silence113.wav,Multiclass_Drone_Audio\unknown\silence113.wav,al_emadi,silence113,0.7430625,0.0,-0.0,0.0,0.0,0.0,0.0,0.0,0.0,-0.0,0.0,0.0,0.0,0.0,0.0,0.0,-0.0,0.0,0.0,0.0,0.0,0.0,0.0,-0.0,0.0,0.0,0.0,0.0,0.0,0.0,-0.0,0.0,0.0,0.0,0.0,0.0
F:\Seminario\Seminario-Clustering\datasets\davi\Al Emadi (2019)\Multiclass_Drone_Audio\unknown\1-54065-A-453.wav,Multiclass_Drone_Audio\unknown\1-54065-A-453.wav,al_emadi,1-54065-A-453,1.0216875,0.8527274924845827,8.862996101379395,0.00423661156114444,0.4743217285112565,-0.006654744036495686,-0.5791863143444062,0.6195997893810273,0.09227415614823117,8.908162117004395,-0.0005674793134054657,0.15603512861204527,0.004550148034468293,-0.20731835663318635,0.19647760689258578,0.03214824863345106,9.866964340209961,0.0008479860784208491,0.06526238934602335,-0.0010830431710928679,-0.07958148419857025,0.08749034255743027,0.02085415588182233,10.827505111694336,1.9525980244009763e-05,0.03721167276543354,-8.239177986979485e-05,-0.04630379900336265,0.04633403196930886,0.001995946851912798,11.811803817749023,8.143659932517798e-06,0.008144314925554567,-1.6645702999085188e-05,-0.010180570092052222,0.010210765432566406
F:\Seminario\Seminario-Clustering\datasets\davi\Al Emadi (2019)\Multiclass_Drone_Audio\unknown\1-49409-A-84.wav,Multiclass_Drone_Audio\unknown\1-49409-A-84.wav,al_emadi,1-49409-A-84,0.95975,0.06787192675049276,8.869424819946289,-8.875475152518816e-05,0.086261824499134,0.006906141526997089,-0.11399195566773415,0.10756641179323204,0.0515054985552692,8.971670150756836,-0.0002606862643998201,0.07514462974186044,-0.0010114642791450024,-0.09875445812940598,0.10174761041998866,0.27560476303426595,9.563430786132812,-0.00019171156197473152,0.12320076879719588,0.0027667698450386524,-0.14685428142547607,0.14499438703060155,0.5667370723758083,9.734689712524414,-0.0001315558551382564,0.12507020193826746,-0.00021976453717797995,-0.12473732233047485,0.12047278881072997,0.03828073928416386,10.560964584350586,-6.597253173724034e-06,0.022996643338852776,-0.0001524470280855894,-0.021099673025310038,0.021362803690135487
F:\Seminario\Seminario-Clustering\datasets\davi\Al Emadi (2019)\Multiclass_Drone_Audio\unknown\2-102567-B-350.wav,Multiclass_Drone_Audio\unknown\2-102567-B-350.wav,al_emadi,2-102567-B-350,1.0216875,0.8988978757478777,9.008142471313477,-0.001810730078361603,0.23273278898978147,0.0014771752175875008,-0.3077685385942459,0.2997097671031953,0.05463488248851209,8.871471405029297,-3.7756681134833874e-05,0.057378667517825804,-0.0004513038438744843,-0.06976717039942741,0.07379273921251298,0.016514826908875884,9.648563385009766,-7.902634230082257e-05,0.02235556421278885,-0.0001568365842103958,-0.02663206122815609,0.02741267904639244,0.018450796088678143,10.833420753479004,-3.3531068213172064e-05,0.016727073506819186,-8.08175973361358e-05,-0.020752476155757905,0.020696894451975822,0.01150161876605612,11.961870193481445,5.2642066504932375e-05,0.00934293210564074,1.9479775801301003e-06,-0.01198797235265374,0.012097899615764622
F:\Seminario\Seminario-Clustering\datasets\davi\Al Emadi (2019)\Multiclass_Drone_Audio\unknown\2-130978-A-212.wav,Multiclass_Drone_Audio\unknown\2-130978-A-212.wav,al_emadi,2-130978-A-212,0.97525,0.0,-0.0,0.0,0.0,0.0,0.0,0.0,0.0,-0.0,0.0,0.0,0.0,0.0,0.0,0.0,-0.0,0.0,0.0,0.0,0.0,0.0,0.0,-0.0,0.0,0.0,0.0,0.0,0.0,0.0,-0.0,0.0,0.0,0.0,0.0,0.0
F:\Seminario\Seminario-Clustering\datasets\davi\Al Emadi (2019)\Multiclass_Drone_Audio\unknown\3-141240-B-442.wav,Multiclass_Drone_Audio\unknown\3-141240-B-442.wav,al_emadi,3-141240-B-442,0.97525,0.9590169252647476,8.951273918151855,-0.000841899444286343,0.060392544704086094,-0.00024143201881088316,-0.08282561451196671,0.07855756282806398,0.018267120201189414,8.788900375366211,0.00024270839574063455,0.008332268926745228,5.8079720474779606e-05,-0.00973277110606432,0.01060888879001141,0.008204412539219826,9.851804733276367,2.1060849893105665e-05,0.003958224362704324,6.095602293498814e-05,-0.005012481566518544,0.005092515237629413,0.007833592781748396,10.736900329589844,-4.929822431687525e-06,0.002738086871846701,-5.212942778598517e-05,-0.0034617213532328606,0.003353200154379012,0.0066779492130947336,11.79827880859375,1.0263826855729195e-05,0.0017885014044984064,-1.8300288502359763e-05,-0.0022352844243869185,0.002277758321724832
F:\Seminario\Seminario-Clustering\datasets\davi\Al Emadi (2019)\Multiclass_Drone_Audio\unknown\3-152007-D-201.wav,Multiclass_Drone_Audio\unknown\3-152007-D-201.wav,al_emadi,3-152007-D-201,1.0216875,0.0023172107199223167,8.428610801696777,-0.0023322552643169295,0.057453115731849844,-0.0025643871631473303,-0.06755398958921432,0.068523471057415,0.016835727147308296,9.010724067687988,-0.0009748245920597132,0.1549871533558979,0.019422365352511406,-0.22087457925081252,0.18880922943353654,0.16208696239377654,9.826759338378906,8.045028056676928e-05,0.3407988824355951,0.0016675782389938831,-0.4300455152988434,0.40946274995803833,0.6615494084726522,10.9775390625,4.757723268370638e-05,0.48737948507046214,0.005203911103308201,-0.6306861758232116,0.5979009151458741,0.15721069126634069,11.884902954101562,6.632091128808285e-05,0.16808324575389433,0.008817487396299839,-0.21928380727767943,0.21006051301956177
F:\Seminario\Seminario-Clustering\datasets\davi\Al Emadi (2019)\Multiclass_Drone_Audio\unknown\5-179868-A-430.wav,Multiclass_Drone_Audio\unknown\5-179868-A-430.wav,al_emadi,5-179868-A-430,1.0216875,0.0864611387275497,8.89744758605957,-0.0002832869088132549,0.1085326981743084,0.0018486594781279564,-0.13498712778091432,0.13521496802568436,0.23081218159129963,8.865546226501465,-0.0006354988267242872,0.17732834694357205,0.006945001194253564,-0.2597471386194229,0.21341556012630467,0.2986120483592182,9.757848739624023,9.682864918534611e-05,0.1429357756970055,0.00517676817253232,-0.19897867739200592,0.17892132699489594,0.34854548770671007,10.911992073059082,3.4530243473580005e-05,0.10931481638416449,-0.0007670973427593708,-0.14648953974246978,0.15117417573928837,0.03556914361522244,11.691459655761719,-2.536442111269833e-06,0.024704914563744598,-0.0005480217805597931,-0.030672345496714114,0.03472457379102707
F:\Seminario\Seminario-Clustering\datasets\davi\Al Emadi (2019)\Multiclass_Drone_Audio\unknown\4-183992-A-01.wav,Multiclass_Drone_Audio\unknown\4-183992-A-01.wav,al_emadi,4-183992-A-01,1.0216875,0.49539035035535844,7.02134895324707,0.0033690213944300392,0.16159416906090437,-0.0010630626347847283,-0.09474120289087296,0.11673100739717487,0.43997222034314193,6.735692501068115,0.00048665984304711103,0.15231992660522714,0.0003628894774010405,-0.08696082010865211,0.09814822524785999,0.06176097585363306,7.949275970458984,-6.127945925538763e-05,0.04044256004879526,-6.678086356259882e-05,-0.02570606954395771,0.025285521522164345,0.0027446348625996555,8.645219802856445,2.1551988660917925e-05,0.006035086946646696,-6.6290522227063775e-06,-0.0032854373566806316,0.0030573847703635713,0.00013181858526687865,9.724281311035156,-4.749011332575269e-06,0.0009356729842592286,8.139970759657444e-07,-0.0005114969331771136,0.0005221140745561571
F:\Seminario\Seminario-Clustering\datasets\davi\Al Emadi (2019)\Multiclass_Drone_Audio\unknown\1-48298-A-461.wav,Multiclass_Drone_Audio\unknown\1-48298-A-461.wav,al_emadi,1-48298-A-461,1.0216875,0.7942513559468546,9.050545692443848,-0.00893809178378433,0.22819487329846308,-0.01124664582312107,-0.3080783426761627,0.29603157043457035,0.11567809299091836,8.93012809753418,0.0004648736198274509,0.08715236621150697,0.002254684455692768,-0.10900407284498215,0.10593622699379922,0.0767264119515713,9.660503387451172,0.00015785346547655238,0.05029975973516009,0.0004247715696692467,-0.059182874858379364,0.060732267796993256,0.01230938503358007,10.388392448425293,2.6760290445687193e-05,0.014261820477767695,-0.00014454079791903496,-0.015557379648089406,0.015924945473670963,0.0010347540770756958,11.737319946289062,1.1377857737787245e-05,0.002925298148764559,3.979599568992853e-06,-0.003544240933842957,0.0035687613068148497
F:\Seminario\Seminario-Clustering\datasets\davi\Al Emadi (2019)\Multiclass_Drone_Audio\unknown\1-53444-A-284.wav,Multiclass_Drone_Audio\unknown\1-53444-A-284.wav,al_emadi,1-53444-A-284,0.95975,0.9699905426221507,8.605920791625977,0.004501980477929585,1.0113962343413696,0.03784547559916973,-1.4825217485427855,1.2815988063812258,0.024782410257715607,8.082169532775879,-0.000289126896371099,0.16166386356798743,0.000963195925578475,-0.1947936773300171,0.19627801626920705,0.0018367049197279028,8.352470397949219,-9.791044728950315e-05,0.03119293633241353,-4.957520286552608e-05,-0.033048462867736814,0.030247110873460773,0.0013799319253949083,9.952964782714844,-6.114982987977492e-05,0.0191407086878796,-1.4415010809898376e-05,-0.02203630469739437,0.021773874014615998,0.002010410275010962,10.742085456848145,-2.9759150579144843e-05,0.016344967359301642,6.703194230794907e-06,-0.01760725285857916,0.0175072742626071
F:\Seminario\Seminario-Clustering\datasets\davi\Al Emadi (2019)\Multiclass_Drone_Audio\unknown\5-223317-A-313.wav,Multiclass_Drone_Audio\unknown\5-223317-A-313.wav,al_emadi,5-223317-A-313,1.0216875,0.9774495088946751,9.774748802185059,-0.15789208205109373,0.04788535695504268,-0.15354637056589127,-0.21629643738269805,-0.10202814638614655,0.00035265081917648314,5.565373420715332,2.2117601983357692e-05,0.0031338758619559033,1.3062614016234875e-05,-0.002155757392756641,0.0020116752944886684,0.000576332164744366,5.629592418670654,-2.4152297656806045e-05,0.0028390736209872335,5.469191819429398e-06,-0.0013690704945474863,0.0013577297795563936,0.0073086685882179465,5.072022438049316,-2.4292317231507932e-05,0.007157058137549295,1.2601958587765694e-05,-0.0014581519411876796,0.001510822726413608,0.014312839533186114,6.082883358001709,2.1396786137125286e-05,0.007085592075808948,1.1407537385821342e-06,-0.0009635461203288286,0.0009618557116482407
F:\Seminario\Seminario-Clustering\datasets\davi\Al Emadi (2019)\Multiclass_Drone_Audio\unknown\3-140774-A-103.wav,Multiclass_Drone_Audio\unknown\3-140774-A-103.wav,al_emadi,3-140774-A-103,1.0216875,0.7139030437560785,8.67934799194336,-0.0011197240875120663,0.34013593098393546,0.005997576983645558,-0.3911663085222244,0.412883460521698,0.19048062622813003,8.74426555633545,-0.0005926597254798359,0.17569450653594343,0.001358320500003174,-0.21563989520072938,0.21677457243204118,0.07081399213434014,9.65579605102539,-0.0011291520889775363,0.07590712044619444,-0.001681886613368988,-0.08990642428398132,0.08996331691741943,0.021228336181443708,10.287552833557129,-0.0003526973474023229,0.029421157513705234,-0.0001959939836524427,-0.032855849713087075,0.03224062472581865,0.003574001700007644,11.098833084106445,6.941939766680227e-06,0.008540976390963398,5.29341195942834e-06,-0.009065611474215984,0.009192470554262403
F:\Seminario\Seminario-Clustering\datasets\davi\Al Emadi (2019)\Multiclass_Drone_Audio\unknown\4-168868-A-174.wav,Multiclass_Drone_Audio\unknown\4-168868-A-174.wav,al_emadi,4-168868-A-174,0.95975,0.11667935653273151,7.3590898513793945,-0.0003171785406266281,0.015926734903044918,-0.00041488192800898105,-0.011965862195938825,0.011193774268031122,0.1650344385276975,4.766975402832031,0.0004920044735957741,0.018938981224869717,-4.958835052093491e-05,-0.005088124563917517,0.004990279208868745,0.6006364560440515,6.126109600067139,5.036520887550094e-05,0.0256163740309944,3.817269316641614e-05,-0.008610261417925357,0.009075777418911465,0.08427415894875291,7.42111873626709,7.081391066594793e-05,0.006792489342282535,1.2239150237292051e-05,-0.0033767569810152043,0.003376605268567799,0.03337558994676655,7.678023338317871,-1.5634526082788892e-07,0.003024341588580497,-3.2676223327143816e-06,-0.0011050028726458548,0.0010710896458476797
F:\Seminario\Seminario-Clustering\datasets\davi\Al Emadi (2019)\Multiclass_Drone_Audio\unknown\2-117271-A-00.wav,Multiclass_Drone_Audio\unknown\2-117271-A-00.wav,al_emadi,2-117271-A-00,1.0216875,0.3651029923137716,6.872520446777344,-0.0008919158143452505,0.45723077771335857,-0.0069543656427413225,-0.2813068926334381,0.3240441322326661,0.4837271841096813,7.003686904907227,0.0043464892704347235,0.5262765346037659,-4.53402753919363e-05,-0.3265896499156951,0.266664129495621,0.12750750048404313,7.635842323303223,0.0005274825828199694,0.1914831595402314,-0.0001158486120402813,-0.08826132118701935,0.08146973699331284,0.021355561713865795,8.099838256835938,-0.00010106153746718377,0.055472931270627496,-3.859167918562889e-07,-0.01571398563683032,0.015395941585302367,0.0023067613786381847,8.21513557434082,2.5471832650505447e-09,0.012898077342634307,2.079032128676772e-06,-0.0023979512741789215,0.0025284111732617066
F:\Seminario\Seminario-Clustering\datasets\davi\Al Emadi (2019)\Multiclass_Drone_Audio\unknown\2-30322-A-124.wav,Multiclass_Drone_Audio\unknown\2-30322-A-124.wav,al_emadi,2-30322-A-124,0.95975,0.923804736238691,8.908782005310059,0.00014809874191395322,0.0630947865986438,-0.0018193034920841455,-0.07836841344833374,0.08061315566301347,0.023740991162398185,8.585868835449219,4.442596893703703e-05,0.01011462584017416,-7.919920608401299e-05,-0.011970969662070273,0.011977394763380292,0.011989859696916596,9.264355659484863,4.5860409936977e-05,0.0050943744079460385,-5.8494682889431715e-05,-0.005783254839479923,0.005785112082958223,0.013370138395743802,8.384082794189453,4.628636234612905e-05,0.0038082894918524926,3.4556869650259614e-05,-0.003324797470122576,0.00349934184923768,0.027094274506250494,8.236640930175781,8.72501624589127e-06,0.00383568333692251,-1.8773811461869627e-05,-0.0027717619901522993,0.0027625045273452996
F:\Seminario\Seminario-Clustering\datasets\davi\Al Emadi (2019)\Multiclass_Drone_Audio\unknown\3-187549-A-62.wav,Multiclass_Drone_Audio\unknown\3-187549-A-62.wav,al_emadi,3-187549-A-62,0.97525,0.4943684004344387,8.466804504394531,-0.011484308222295491,0.4390438507237312,0.013941352255642414,-0.5417613029479981,0.5103496432304383,0.26570892983968936,7.0901360511779785,-0.0037182048075649573,0.32196242466175695,0.002055869437754154,-0.21312707364559172,0.20012796521186837,0.18096287787471357,6.957054615020752,-0.0020739002589626756,0.1882651259755888,7.757660932838917e-05,-0.07965430170297622,0.07927237227559082,0.04892676220188795,7.138315677642822,4.472529849286389e-05,0.06930415339896047,-3.995210863649845e-05,-0.01880202703177929,0.018235982954502118,0.010033029649270374,7.943857669830322,4.922990905322943e-05,0.022202840580105035,3.881988232024014e-05,-0.0057550170458853245,0.005742846522480249
F:\Seminario\Seminario-Clustering\datasets\davi\Al Emadi (2019)\Multiclass_Drone_Audio\unknown\3-144253-A-290.wav,Multiclass_Drone_Audio\unknown\3-144253-A-290.wav,al_emadi,3-144253-A-290,1.0216875,0.8812142371451399,5.495750427246094,-0.00023116089401783822,0.20902339734836325,-2.8716769520542584e-05,-0.02543190717697143,0.025693006440997132,0.104060283676679,5.472562789916992,-0.0002483663519368862,0.07182809208415945,7.587937716380111e-06,-0.013939198479056357,0.011994736641645434,0.012393195692756835,7.085328578948975,-0.00023669350303258226,0.017564768862096004,-3.76399339074851e-06,-0.0078123765997588634,0.007130911573767662,0.0018587047480644887,7.996601104736328,-2.6056769471382732e-05,0.004815606972422175,-1.795888238120824e-07,-0.002010588254779577,0.0018425358925014744,0.00047357873735973983,8.224252700805664,1.588655179377455e-06,0.00171967114082389,4.954763710429688e-07,-0.0005755429447162895,0.0005716203828342263
F:\Seminario\Seminario-Clustering\datasets\davi\Al Emadi (2019)\Multiclass_Drone_Audio\unknown\4-202749-A-130.wav,Multiclass_Drone_Audio\unknown\4-202749-A-130.wav,al_emadi,4-202749-A-130,1.0216875,0.04054821837695943,8.926373481750488,2.172024107088326e-05,0.005434944830808516,0.00013963816309114918,-0.006878216518089175,0.006930485973134637,0.011421069519636649,8.89890193939209,3.38798318816506e-05,0.0028842714368056757,8.158654236467555e-05,-0.003538144868798554,0.0035830627428367736,0.0054871582018281165,9.947151184082031,1.3781901491226645e-05,0.0014167776584530245,-1.9984170648967847e-05,-0.0017810146091505885,0.001854541478678584,0.671183889191465,10.867530822753906,5.087926175922925e-06,0.011092544016780231,5.502952262759209e-07,-0.014055221714079379,0.014083407633006577,0.27135966471011086,11.862607955932617,-2.1943550399357353e-06,0.00498976830686042,-2.938193028967362e-05,-0.006348627805709839,0.006254894146695733
F:\Seminario\Seminario-Clustering\datasets\davi\Al Emadi (2019)\Multiclass_Drone_Audio\unknown\4-175000-A-401.wav,Multiclass_Drone_Audio\unknown\4-175000-A-401.wav,al_emadi,4-175000-A-401,1.0216875,0.979653032879697,8.48953628540039,0.001279361093941244,0.23350412498209533,0.0036547507625073195,-0.26995590031147004,0.2529751747846605,0.019607664285816742,8.479522705078125,-9.231304802685452e-05,0.03303514054738633,-1.0271556675434113e-05,-0.0374513104557991,0.037723980471491815,0.0007072954008348937,9.593307495117188,3.176445036442353e-06,0.004446323101562761,6.37745251879096e-05,-0.005286214407533407,0.005130245815962553,3.123622563472134e-05,5.43513298034668,-8.616088017917562e-07,0.000661441680674633,3.694789484143257e-06,-0.00043768160976469516,0.00043874173425138,7.712080166773951e-07,10.658632278442383,9.264570225169788e-07,7.352097943549549e-05,9.554496500641108e-07,-8.351535070687533e-05,8.458945958409459e-05
F:\Seminario\Seminario-Clustering\datasets\davi\Al Emadi (2019)\Multiclass_Drone_Audio\unknown\5-160614-A-483.wav,Multiclass_Drone_Audio\unknown\5-160614-A-483.wav,al_emadi,5-160614-A-483,1.0216875,0.05591138090219533,6.125522136688232,-0.0002727176714985229,0.02338982896335659,-0.000538884341949597,-0.015792448073625565,0.014721314050257207,0.10244210175874884,3.940279006958008,-0.0015580532325189266,0.031624177469789086,2.4892111468943767e-05,-0.01117248423397541,0.011469002440571788,0.4578053698984287,4.426963806152344,-0.00156956453400656,0.04740725179586282,-1.894124216050841e-05,-0.012385101057589054,0.013035066425800323,0.3028343487703512,7.658903121948242,-3.784915728602123e-05,0.027309032558474514,-7.07752478774637e-05,-0.02184607237577438,0.02145682722330095,0.08100679867027595,6.927220344543457,4.048380683951898e-05,0.009992143051517579,-3.2680767617421225e-05,-0.006426672637462616,0.006427632085978985
F:\Seminario\Seminario-Clustering\datasets\davi\Al Emadi (2019)\Multiclass_Drone_Audio\membo_1\mixed_membo_40-membo_003_.wav,Multiclass_Drone_Audio\membo_1\mixed_membo_40-membo_003_.wav,al_emadi,mixed_membo_40-membo_003,1.024,0.5473421564521811,8.934511184692383,-0.00013359082556918964,0.3957755761374255,0.00838418211787939,-0.5303097724914551,0.5348565340042114,0.08003601296898807,8.957104682922363,0.006748889935701046,0.15119243782861483,0.0005872464971616864,-0.18330398350954055,0.20358848869800567,0.09086091863605271,9.894344329833984,-0.0018331850919257305,0.11425788703870127,-0.006885779555886984,-0.1447395533323288,0.14585536122322088,0.1248806299293636,10.821100234985352,0.00029172924809846464,0.09482155547940295,-8.797709597274661e-06,-0.11729101911187172,0.11912497207522393,0.1568802820134145,11.794452667236328,0.00023068947537626373,0.07518662739176168,0.0005524659063667059,-0.0922163724899292,0.09272364899516106
F:\Seminario\Seminario-Clustering\datasets\davi\Al Emadi (2019)\Multiclass_Drone_Audio\unknown\5-201194-A-384.wav,Multiclass_Drone_Audio\unknown\5-201194-A-384.wav,al_emadi,5-201194-A-384,0.95975,0.0877653243661605,7.621237754821777,-0.0001832808821757132,0.013930708024529859,-0.00010458084216224961,-0.01231387685984373,0.01229196004569531,0.1546649100731195,5.86803674697876,0.0008649981791959288,0.01847437258104475,1.4833372915745713e-05,-0.009010972455143927,0.00851054415106776,0.5529317171080116,6.337490558624268,0.00023861634816529134,0.024783447769515514,-2.327703987248242e-05,-0.004856560565531253,0.0043613580055534866,0.10073567749272128,7.575863361358643,9.54406315460839e-05,0.007488506108742473,-5.933892680332065e-06,-0.0016823099693283436,0.0015132323605939746,0.10390237095998717,7.633251190185547,6.389140827983921e-06,0.00538099071638542,2.4807036425045226e-07,-0.0006874301179777831,0.0006593457655981187
F:\Seminario\Seminario-Clustering\datasets\davi\Al Emadi (2019)\Multiclass_Drone_Audio\unknown\silence097.wav,Multiclass_Drone_Audio\unknown\silence097.wav,al_emadi,silence097,0.7430625,0.0,-0.0,0.0,0.0,0.0,0.0,0.0,0.0,-0.0,0.0,0.0,0.0,0.0,0.0,0.0,-0.0,0.0,0.0,0.0,0.0,0.0,0.0,-0.0,0.0,0.0,0.0,0.0,0.0,0.0,-0.0,0.0,0.0,0.0,0.0,0.0
F:\Seminario\Seminario-Clustering\datasets\davi\Al Emadi (2019)\Multiclass_Drone_Audio\membo_1\mixed_membo_7-membo_003_.wav,Multiclass_Drone_Audio\membo_1\mixed_membo_7-membo_003_.wav,al_emadi,mixed_membo_7-membo_003,1.024,0.6652333445357449,9.105779647827148,-0.0027583598403139184,0.16292100756596686,-0.0025110727874562144,-0.22293280214071273,0.19890746623277664,0.07474695303472867,8.966714859008789,0.0006089359001409264,0.0546162770357355,0.0007232674397528172,-0.06726671010255814,0.07162782251834868,0.10779352122436378,9.915820121765137,-0.0004528369828764068,0.046479556513120836,-0.000270674005150795,-0.05807441547513008,0.0592652477324009,0.09417726004602212,10.963768005371094,0.00027231400110677955,0.030750369782358965,0.0003123254282400012,-0.0381717536598444,0.03924192748963833,0.0580489211591405,11.940055847167969,3.684632503605824e-05,0.01707997601681701,-0.00012808079191017896,-0.02168028987944126,0.021923784166574478
F:\Seminario\Seminario-Clustering\datasets\davi\Al Emadi (2019)\Multiclass_Drone_Audio\unknown\2-87794-A-242.wav,Multiclass_Drone_Audio\unknown\2-87794-A-242.wav,al_emadi,2-87794-A-242,0.97525,0.07331107302604242,7.550129413604736,-0.0034247510854176085,0.025266133989202823,-0.0032820578198879957,-0.028322596848011014,0.021468020603060727,0.08095147254423712,7.185988903045654,-0.00134405864820838,0.02675917373774311,3.392223879927769e-05,-0.02241960875689983,0.019724446907639505,0.24596620507391112,7.87122917175293,-0.0007255836713475135,0.03308347817151419,9.328672967967577e-05,-0.020944846421480177,0.02154930848628282,0.5631733617084365,8.986922264099121,1.8408365103274224e-06,0.035447334004132164,1.5099282791197766e-05,-0.02238948754966259,0.02247333526611328,0.03659788764737291,9.9064359664917,1.5890467401059425e-07,0.006392900316159655,9.001989837997826e-07,-0.0038853130536153913,0.003979818429797888
F:\Seminario\Seminario-Clustering\datasets\davi\Al Emadi (2019)\Multiclass_Drone_Audio\unknown\2-166644-A-23.wav,Multiclass_Drone_Audio\unknown\2-166644-A-23.wav,al_emadi,2-166644-A-23,1.0216875,0.23603384064800503,7.925402641296387,0.003217673798538722,0.4079226006595903,0.00517106638289988,-0.4194371998310089,0.42955017089843767,0.461517045511628,7.1145830154418945,-0.011521038246958163,0.570307947746587,-0.002498645451851189,-0.43339138627052304,0.36277512013912205,0.2543468157527729,8.155299186706543,0.0022383094346071293,0.3000827144286761,0.0029027711134403944,-0.22473680973052979,0.21969115734100342,0.03915719737574168,9.759750366210938,-2.6201047841186466e-05,0.08335039179416306,-3.3818185329437256e-05,-0.08045228421688079,0.08249862194061283,0.008945100711852363,10.563009262084961,6.0835028915224554e-05,0.02818323291617013,8.64901376189664e-05,-0.026432791724801064,0.026911539398133757
F:\Seminario\Seminario-Clustering\datasets\davi\Al Emadi (2019)\Multiclass_Drone_Audio\unknown\3-144259-A-291.wav,Multiclass_Drone_Audio\unknown\3-144259-A-291.wav,al_emadi,3-144259-A-291,1.0216875,0.8465788870860289,4.446476459503174,1.0661052138212893e-05,0.074318869563504,-5.817236888105981e-05,-0.010364644788205622,0.011255879420787096,0.09787799706005365,4.79176139831543,-0.0002031753638918408,0.025269339134833986,-6.379538262990536e-06,-0.0054940483532845965,0.0055228829849511395,0.02632774809476784,6.416771411895752,-0.0001922756139414509,0.009285706303396653,-6.252610546653159e-06,-0.0020281048491597176,0.0019322060979902744,0.028123367520576533,6.63198184967041,9.479452206260856e-06,0.006795108157765998,-1.5132786757021677e-06,-0.0008385855238884686,0.0008662102045491341,0.0010920002385730926,7.91735315322876,1.3430689891721361e-08,0.0009472657035347004,-1.1425681805121712e-06,-0.00033189012610819186,0.00034130978747271007
F:\Seminario\Seminario-Clustering\datasets\davi\Al Emadi (2019)\Multiclass_Drone_Audio\unknown\2-134700-A-381.wav,Multiclass_Drone_Audio\unknown\2-134700-A-381.wav,al_emadi,2-134700-A-381,1.0216875,0.08362681726054651,7.430516242980957,-5.517121378113533e-05,0.009420614559827225,0.00028088942053727806,-0.006853174837306142,0.0077518512960523395,0.004439321591590669,5.04172945022583,1.8481099382414453e-05,0.0021704833035641425,-1.8094881397701101e-06,-0.00038419939519371835,0.0003468358831014485,0.10395350809965269,5.638737678527832,-0.00014058993367295657,0.007442035866830545,-5.36188599653542e-06,-0.0005925880977883935,0.0005505303270183504,0.7527902220681482,6.099867820739746,-2.7240309211121865e-06,0.01417909758106671,-1.092016464099288e-05,-0.0007425266201607883,0.0007518484489992262,0.055190130980061994,6.93543815612793,-2.515144040082399e-06,0.0027160606829559654,6.80279299558606e-09,-0.00025751874200068413,0.00025619936641305683
F:\Seminario\Seminario-Clustering\datasets\davi\Al Emadi (2019)\Multiclass_Drone_Audio\unknown\4-218199-E-353.wav,Multiclass_Drone_Audio\unknown\4-218199-E-353.wav,al_emadi,4-218199-E-353,1.0216875,0.3476375123755533,8.877817153930664,-0.003595941602727127,0.04956466526413288,-0.0038295346312224865,-0.06714174151420593,0.05771475806832314,0.4271823063763863,8.705930709838867,9.435118502118959e-05,0.05508772415344664,0.00039360180380754173,-0.06895962357521057,0.0661939695477486,0.1863826484128943,9.60198974609375,0.00020233237285532287,0.025785406595581154,0.0003004923928529024,-0.031165003776550293,0.03255268186330795,0.03160731012065122,10.668708801269531,4.6906264808903315e-05,0.007516780774494337,-4.78981964988634e-05,-0.008854597248136996,0.009020836651325229,0.007190222714514874,11.686332702636719,-1.3297829670395053e-06,0.002536384002587644,2.673559356480837e-05,-0.0030499211046844717,0.0030162656912580137
F:\Seminario\Seminario-Clustering\datasets\davi\Al Emadi (2019)\Multiclass_Drone_Audio\unknown\2-30322-B-120.wav,Multiclass_Drone_Audio\unknown\2-30322-B-120.wav,al_emadi,2-30322-B-120,1.0216875,0.3068802948889836,8.664417266845703,0.00012670112316026487,0.07159650154908473,0.0003227896668249741,-0.08564837425947189,0.08604165986180305,0.09945787819893227,4.456361293792725,0.0002586284958225114,0.040758559680471894,0.00017214319086633623,-0.017332571744918823,0.017096748016774656,0.12551280265788098,6.1984543800354,-0.00017695390612888174,0.032447506680315936,-2.8422509785741568e-05,-0.01456506922841072,0.01656161993741989,0.17584394996033273,8.15894603729248,0.00039955134348271986,0.027184574276295587,4.7414752771146595e-05,-0.013488784618675708,0.014708144776523116,0.2923050742938704,8.34923267364502,-7.057741625678494e-05,0.024798159559998496,2.8106733225286007e-06,-0.008957881852984427,0.009570611640810968
F:\Seminario\Seminario-Clustering\datasets\davi\Al Emadi (2019)\Multiclass_Drone_Audio\unknown\2-119161-C-80.wav,Multiclass_Drone_Audio\unknown\2-119161-C-80.wav,al_emadi,2-119161-C-80,1.0216875,0.04844440044751757,8.768745422363281,-0.0010866511667947493,0.16685196202489525,-0.00029214555979706347,-0.21776010692119596,0.218794134259224,0.4222198097092671,8.78808307647705,-0.0028997954693216,0.49258424889047875,-0.0030971819069236517,-0.6536658704280853,0.6680719494819642,0.31024269294600443,9.413541793823242,0.0012819454577114153,0.29922737953365974,0.0007895940216258168,-0.3820497989654541,0.3568735420703888,0.19975563446331782,10.081327438354492,-0.00040792471615214143,0.16996705783145113,-0.00043534341966733336,-0.18949063122272491,0.19121759831905372,0.019337462433893067,10.654644012451172,-5.6009868211989165e-05,0.03741218369654497,-0.00012242585216881707,-0.03715278916060925,0.037235359475016605
F:\Seminario\Seminario-Clustering\datasets\davi\Al Emadi (2019)\Multiclass_Drone_Audio\unknown\5-209833-A-382.wav,Multiclass_Drone_Audio\unknown\5-209833-A-382.wav,al_emadi,5-209833-A-382,0.97525,0.0037022403440921626,8.648122787475586,-1.444721807406e-05,0.003167085901148534,-0.00010785134509205818,-0.0037810444366186855,0.0038842002861201774,0.0521264019871088,6.044132232666016,-6.418755679804758e-05,0.011883779336042425,1.9784278265433386e-05,-0.005889261793345213,0.006059513520449402,0.19186932066771267,7.436348915100098,-0.0003101985875120341,0.01615195715100166,5.216065255808644e-05,-0.009507473837584256,0.008877210412174463,0.2259918923246373,7.349872589111328,1.6347349251052684e-05,0.012411753946111723,8.226214049500413e-06,-0.00504066776484251,0.004432174935936928,0.5263101446764491,8.117136001586914,-3.362002260037568e-07,0.013400327378913703,1.562535032917367e-06,-0.003855157527141273,0.003994996193796396
F:\Seminario\Seminario-Clustering\datasets\davi\Al Emadi (2019)\Multiclass_Drone_Audio\unknown\5-234145-A-284.wav,Multiclass_Drone_Audio\unknown\5-234145-A-284.wav,al_emadi,5-234145-A-284,0.95975,0.977145956153681,8.821235656738281,-0.0010027208220116117,0.029871089903693502,-0.0021307977149263024,-0.03793965466320515,0.037602305412292494,0.011320194282412743,8.589066505432129,6.125555724485055e-05,0.0032163557930848592,3.1313258659793064e-05,-0.0037656943313777447,0.004002977069467307,0.0051441751757328675,9.43057632446289,-1.9460870416232e-05,0.001536865194426518,-2.3793530999682844e-05,-0.0018147986382246017,0.001755950856022537,0.0035858081574523452,9.985618591308594,1.722459119654676e-06,0.0009084439640139093,2.3011205485090613e-05,-0.0009376327507197857,0.0009207024937495588,0.0028038662307209904,11.244750022888184,-2.0441040103525728e-06,0.0005683191016745483,-5.617872375296429e-06,-0.0006192157336045057,0.000634866103064269
F:\Seminario\Seminario-Clustering\datasets\davi\Al Emadi (2019)\Multiclass_Drone_Audio\unknown\4-182368-A-121.wav,Multiclass_Drone_Audio\unknown\4-182368-A-121.wav,al_emadi,4-182368-A-121,1.0216875,0.2945249020930049,8.410673141479492,-0.00011291884982764034,0.027671080985353647,0.00022755418467568234,-0.03083501439541578,0.030534588359296327,0.023401976306575627,7.947648048400879,-0.00011775842773133563,0.00779911813759167,-1.7148184269899502e-05,-0.007772818254306912,0.007977075688540936,0.03526704102797885,4.102435111999512,-0.0001946466545087144,0.0067828192955796006,-3.512002876959741e-05,-0.0030142045579850674,0.0029387804679572582,0.09241864086550158,4.003719806671143,-8.131026503068214e-05,0.007775395991350175,9.88074953056639e-06,-0.0015736408298835157,0.0016163572669029237,0.554387439706939,3.5742032527923584,-8.392573489128325e-05,0.013472929565507618,-3.8774705899413675e-06,-0.001031545631121844,0.0009891641791909937
F:\Seminario\Seminario-Clustering\datasets\davi\Al Emadi (2019)\Multiclass_Drone_Audio\unknown\1-80785-A-70.wav,Multiclass_Drone_Audio\unknown\1-80785-A-70.wav,al_emadi,1-80785-A-70,1.0216875,0.9938841254921891,8.891657829284668,-0.00802949268836528,0.8962637941250019,0.018768377602100372,-1.2041348457336425,1.1481324434280396,0.0028792711457165158,8.83702278137207,0.0016254075090807764,0.04821476254297442,0.001441447762772441,-0.05778208747506142,0.06290978118777275,0.0019122940611451275,9.76147174835205,0.0005820317097749347,0.027855036313733164,0.0003449181094765663,-0.03250034153461456,0.03606948256492615,0.0007290973454291927,10.688248634338379,-9.849131636013171e-05,0.012177600237160118,-0.00014682859182357788,-0.014597691781818866,0.01483596228063107,0.0005952119555200376,11.717239379882812,-3.7005175078432006e-05,0.007784153180487299,-1.3192067854106426e-05,-0.009465287812054158,0.00940861301496625
F:\Seminario\Seminario-Clustering\datasets\davi\Al Emadi (2019)\Multiclass_Drone_Audio\unknown\2-108760-A-141.wav,Multiclass_Drone_Audio\unknown\2-108760-A-141.wav,al_emadi,2-108760-A-141,1.0216875,0.22270666228263536,8.915266036987305,0.001739367983248582,0.06757600671322521,0.004804221447557211,-0.086277075111866,0.08580322116613388,0.30573601566089914,9.008563041687012,-0.0008999616080596682,0.07919814335368697,-0.0037890274543315172,-0.09915393516421318,0.10628676861524583,0.20878411569736233,9.913612365722656,-0.00019586472869192843,0.046382096439582236,-0.0003432435914874077,-0.05996685102581978,0.059351544827222824,0.20798882138575464,10.406505584716797,-1.7154031771090908e-05,0.032770829231385835,0.00010465498780831695,-0.03900932073593139,0.03887303844094278,0.05478438497334854,9.828536987304688,1.6091460270868388e-05,0.011898516081471317,-8.494047506246716e-06,-0.00789444288238883,0.008047881349921227
F:\Seminario\Seminario-Clustering\datasets\davi\Al Emadi (2019)\Multiclass_Drone_Audio\unknown\1-80785-A-73.wav,Multiclass_Drone_Audio\unknown\1-80785-A-73.wav,al_emadi,1-80785-A-73,1.0216875,0.9960701210737676,9.07137393951416,0.0023751133551043503,1.335856069397241,-0.023556239902973175,-1.730529463291168,1.6940242290496828,0.0016956693345810095,8.78402042388916,2.0471408068048723e-05,0.05511704623746674,-0.00041580689139664173,-0.06616489365696906,0.0681068904697895,0.0012325822830610354,9.699287414550781,6.043188864667639e-05,0.03330108783991902,0.00017933547496795654,-0.0401918962597847,0.040155887603759766,0.0006660166677716735,10.393712997436523,9.50526724840955e-05,0.017328028213925376,-0.00013299472630023956,-0.019814739748835564,0.019424660503864294,0.0003356106408186875,11.691227912902832,-2.2205386873133987e-05,0.008702156777056914,2.6550551410764456e-05,-0.01038400512188673,0.010458436142653228
F:\Seminario\Seminario-Clustering\datasets\davi\Al Emadi (2019)\Multiclass_Drone_Audio\unknown\3-142349-A-171.wav,Multiclass_Drone_Audio\unknown\3-142349-A-171.wav,al_emadi,3-142349-A-171,1.0216875,0.0162958689638092,8.967277526855469,-0.0002497497849882404,0.010671832726463416,-3.6772762541659176e-05,-0.013948400411754845,0.013314773980528117,0.3209294220450083,7.345376491546631,-0.0010447047985366826,0.04736071619356908,-6.798072718083858e-07,-0.04031471200287342,0.03413419611752034,0.405387514102758,8.388566970825195,7.16033373313828e-05,0.03773021974603798,4.77518406114541e-05,-0.032538510859012604,0.03175869211554527,0.1636784125482991,8.151931762695312,-0.00013921192506605298,0.016970630056618568,-6.969086825847626e-06,-0.01104682981967926,0.010959374718368053,0.09370878234012543,8.925880432128906,1.9023912042345642e-05,0.009084549304360217,-1.2307824363233522e-05,-0.005176074057817459,0.005227645300328733
F:\Seminario\Seminario-Clustering\datasets\davi\Al Emadi (2019)\Multiclass_Drone_Audio\unknown\4-167077-C-203.wav,Multiclass_Drone_Audio\unknown\4-167077-C-203.wav,al_emadi,4-167077-C-203,1.0216875,0.1964747340126429,7.802466869354248,1.6854212790172664e-05,0.05554473208928069,0.0005268306413199753,-0.06070259250700472,0.05998710952699187,0.5830357641976635,7.756904602050781,0.007129474843392565,0.09541753645841553,6.868381751701236e-05,-0.0784466564655304,0.1182815931737423,0.17096732802026315,8.23735237121582,-0.00011851208091950447,0.036718051607419415,-1.1785268725361675e-05,-0.032172221690416336,0.031212175264954567,0.04607901179409549,8.213150024414062,-9.346643700455902e-06,0.013493938769234387,1.7049951566150412e-06,-0.006550854630768298,0.006585673149675136,0.0034431619753349406,9.08899211883545,1.0928937607576936e-05,0.002609513326195518,1.1464485396572854e-06,-0.0013083636877126992,0.0012286903918720781
F:\Seminario\Seminario-Clustering\datasets\davi\Al Emadi (2019)\Multiclass_Drone_Audio\unknown\4-251645-B-493.wav,Multiclass_Drone_Audio\unknown\4-251645-B-493.wav,al_emadi,4-251645-B-493,1.0216875,0.0731098039917228,7.33200216293335,0.0009155147640925755,0.03954520005335159,-0.0015291007002815604,-0.03458905294537544,0.03822431489825249,0.3388634608479566,7.157318592071533,-0.0020529519431486567,0.08513506280666293,-0.00044205188169144094,-0.06531791165471076,0.06195594891905785,0.4100794417564444,8.274820327758789,0.002108478790810222,0.06635489778531155,0.00017660943558439612,-0.05234929546713829,0.05951506271958351,0.13538649174103082,9.422983169555664,3.0306143754622322e-05,0.027002716664321746,1.561412682349328e-05,-0.022761551663279533,0.022420620545744924,0.04256080166284541,10.395903587341309,1.7313943886280576e-05,0.010710795229226877,5.099704139865935e-06,-0.00913467053323984,0.008907751459628346
F:\Seminario\Seminario-Clustering\datasets\davi\Al Emadi (2019)\Multiclass_Drone_Audio\unknown\4-175856-A-430.wav,Multiclass_Drone_Audio\unknown\4-175856-A-430.wav,al_emadi,4-175856-A-430,1.0216875,0.8246284023083807,9.1184720993042,-0.0012690075016490103,0.16339009179604866,-0.0006164596416056156,-0.21296510249376296,0.21046155244112016,0.09406953838104024,8.536286354064941,0.00029515650705999504,0.05518587831575076,0.0012977010919712484,-0.06160458661615848,0.06068321242928505,0.05579402309867907,9.3388671875,0.00022434909619668635,0.030118076992058505,-0.00011094938963651657,-0.031202416867017746,0.032361146062612534,0.02421411954260218,9.834843635559082,3.4973698816452864e-05,0.014045603678747,-2.8711743652820587e-05,-0.013833290711045264,0.012945219874382031,0.0012939166692977303,11.69364070892334,-2.5328729567894305e-06,0.0022969821774284074,9.6190779004246e-06,-0.002804110664874315,0.0027845127508044245
F:\Seminario\Seminario-Clustering\datasets\davi\Al Emadi (2019)\Multiclass_Drone_Audio\unknown\4-212604-A-152.wav,Multiclass_Drone_Audio\unknown\4-212604-A-152.wav,al_emadi,4-212604-A-152,0.97525,0.9869223023869087,8.72125244140625,-0.000883010800916982,0.0623584364270178,-0.002004638547077775,-0.07329281121492386,0.07528164982795718,0.011054156463009675,8.954156875610352,3.102978828747066e-05,0.006600172392274314,0.0002717230236157775,-0.008676034212112427,0.008605354465544224,0.0012027197118180972,9.870797157287598,-1.6494871002785926e-05,0.0015424995828621812,-9.081173629965633e-06,-0.001977646769955754,0.0019192256615497172,0.0006015068664685097,10.835735321044922,1.2655820450440927e-05,0.000772172469058522,1.1740310583263636e-05,-0.0009659556904807687,0.0010053549194708467,0.00021931457179504853,11.755481719970703,-9.311223363016845e-06,0.00032977706629327714,-1.0938552804873325e-05,-0.0004263780574547127,0.0004029684641864151
F:\Seminario\Seminario-Clustering\datasets\davi\Al Emadi (2019)\Multiclass_Drone_Audio\unknown\1-69165-A-340.wav,Multiclass_Drone_Audio\unknown\1-69165-A-340.wav,al_emadi,1-69165-A-340,1.0216875,0.07449248351329633,3.0641937255859375,0.0058241388511211835,0.08438753585757615,-8.737777989153983e-06,-0.013276154827326535,0.013287129905074836,0.019851036582097605,3.244689464569092,-0.00032225053559212577,0.04366502876113322,2.8696501885860926e-06,-0.0024815410841256377,0.0019917113007977614,0.1418401141523284,4.346323013305664,-0.004700223821858996,0.08258230216784822,8.374299795832485e-07,-0.0035183564759790897,0.0043191686272621155,0.3174292125217295,5.789186954498291,0.00336561181144478,0.08752947758368727,6.146212399471551e-06,-0.00166023783385753,0.008167218603193761,0.4463871532305482,7.409839153289795,-0.00032889990216519255,0.07348530426814234,1.2971031537745148e-07,-0.0042975599411875,0.004754072614014149
F:\Seminario\Seminario-Clustering\datasets\davi\Al Emadi (2019)\Multiclass_Drone_Audio\unknown\1-30226-A-02.wav,Multiclass_Drone_Audio\unknown\1-30226-A-02.wav,al_emadi,1-30226-A-02,0.97525,0.05602471692904647,6.159491062164307,0.003002898834680329,0.053608459139693455,0.00032251444645226,-0.04514926448464394,0.04630250111222268,0.1067587828841015,6.866481781005859,0.0015670585978011405,0.07410175807378648,0.0002550205681473017,-0.043895010650157926,0.04392818212509158,0.6785567261862098,7.580314636230469,0.0012512979796104264,0.1323938746064664,0.00017099810065701604,-0.0510130766779184,0.049552037939429264,0.15631796928693448,8.404265403747559,-3.3683709925262468e-06,0.04498661273201359,4.348345100879669e-06,-0.015441420488059517,0.015212065167725096,0.0023418047137077885,9.415287971496582,1.623790684237559e-05,0.003895451736189679,3.7005147532909177e-06,-0.0015806653536856174,0.0016073114820756018
F:\Seminario\Seminario-Clustering\datasets\davi\Al Emadi (2019)\Multiclass_Drone_Audio\unknown\3-145487-A-242.wav,Multiclass_Drone_Audio\unknown\3-145487-A-242.wav,al_emadi,3-145487-A-242,0.97525,0.0,-0.0,0.0,0.0,0.0,0.0,0.0,0.0,-0.0,0.0,0.0,0.0,0.0,0.0,0.0,-0.0,0.0,0.0,0.0,0.0,0.0,0.0,-0.0,0.0,0.0,0.0,0.0,0.0,0.0,-0.0,0.0,0.0,0.0,0.0,0.0
F:\Seminario\Seminario-Clustering\datasets\davi\Al Emadi (2019)\Multiclass_Drone_Audio\unknown\2-32515-A-40.wav,Multiclass_Drone_Audio\unknown\2-32515-A-40.wav,al_emadi,2-32515-A-40,1.0216875,0.003290642074762072,8.8823823928833,0.0003363690248044045,0.037389833200669555,-0.00029847594851162285,-0.047630719095468524,0.04556380547583103,0.030727904469944164,7.334192752838135,-0.0003188672652894753,0.11426035159740795,-0.00046804433804936707,-0.10067382082343102,0.10526063069701196,0.3322767086695964,8.392791748046875,-0.003635452424419482,0.2662416582797643,-0.00032231316436082125,-0.2115509808063507,0.20574942231178284,0.6177943724338366,9.49583625793457,-0.00024478648629600356,0.25701015670402105,0.0002868616138584912,-0.2256588906049728,0.21254683136940009,0.015910372351860793,10.578422546386719,3.3060317058223174e-05,0.029178685413829182,-2.5495719455648214e-05,-0.025918404944241042,0.027077072672545915
F:\Seminario\Seminario-Clustering\datasets\davi\Al Emadi (2019)\Multiclass_Drone_Audio\unknown\2-60794-A-260.wav,Multiclass_Drone_Audio\unknown\2-60794-A-260.wav,al_emadi,2-60794-A-260,1.0216875,0.06647207502352936,8.83056926727295,0.003114431649130019,0.2163172068631639,0.0025276110973209143,-0.2608181804418564,0.279679748415947,0.6660067485534317,8.820865631103516,-0.006324400982448777,0.6847582107920345,-0.010671063791960478,-0.8423112034797668,0.8977638363838197,0.23097645766189193,9.750429153442383,-0.0016804188451316955,0.28577785649564796,-0.003484683111310005,-0.35192787647247314,0.35331428050994873,0.03159738959184102,10.690462112426758,-7.253419343362096e-05,0.07482377221572904,0.0007850173860788345,-0.08911499977111817,0.08889817595481875,0.004947329169305979,11.80729866027832,2.2563314099665325e-05,0.020945785906417054,0.00010145222768187523,-0.02644115779548883,0.026361879333853724
F:\Seminario\Seminario-Clustering\datasets\davi\Al Emadi (2019)\Multiclass_Drone_Audio\membo_1\Membo_1_044-membo_002_.wav,Multiclass_Drone_Audio\membo_1\Membo_1_044-membo_002_.wav,al_emadi,Membo_1_044-membo_002,1.024,0.6259562031842132,9.400840759277344,0.000973099328048686,0.08653476745021611,0.0005496228113770485,-0.11210113614797593,0.11666309833526611,0.0597561286973401,9.076616287231445,-0.00011196794495013156,0.026738283910434677,-0.000544556271051988,-0.03417592793703079,0.03615814000368118,0.07322044368894591,9.894453048706055,0.000261561539468249,0.020973090811626897,0.00045719777699559927,-0.02691793777048588,0.02745019793510437,0.0992785829858865,10.953804969787598,0.0003965436957654739,0.017282303079630256,0.0007621131662745029,-0.021891363337635993,0.022330258041620265,0.14178864144361433,11.855254173278809,-4.146883121020921e-06,0.014615231173638573,-1.2181408237665892e-05,-0.018113375641405582,0.018442301079630852
F:\Seminario\Seminario-Clustering\datasets\davi\Al Emadi (2019)\Multiclass_Drone_Audio\unknown\doing_the_dishes007.wav,Multiclass_Drone_Audio\unknown\doing_the_dishes007.wav,al_emadi,doing_the,4.992,0.06568363228771694,10.242644309997559,-8.475813729455694e-06,0.06400107158103233,-3.741972614079714e-05,-0.06574974358081817,0.06492626592516901,0.09703491665560804,10.07088851928711,0.0013354125905840192,0.07777834193271582,0.0005037144874222577,-0.07361216843128204,0.07647378072142609,0.09866355941224499,10.718404769897461,-0.00020504030306478326,0.05548998759034238,0.00018956325948238373,-0.05009739473462105,0.048627592623233795,0.18936257212977176,11.055261611938477,0.001321845036547568,0.05435378925465847,0.00029139232356101274,-0.03249796964228152,0.03654573783278466,0.5492553195146582,11.825599670410156,-0.00025240228345818123,0.06548224225820891,-6.167330866446719e-05,-0.03905760385096073,0.03677556850016115
F:\Seminario\Seminario-Clustering\datasets\davi\Al Emadi (2019)\Multiclass_Drone_Audio\unknown\1-75189-A-71.wav,Multiclass_Drone_Audio\unknown\1-75189-A-71.wav,al_emadi,1-75189-A-71,1.0216875,0.6575611472184503,6.394847393035889,-0.005422171128708055,0.27864701384218044,0.0006667319976259023,-0.20622655004262924,0.20058840811252596,0.2376292611095142,7.300825119018555,-0.0008435409052695319,0.16753786627107467,-0.002878303756006062,-0.16008486449718476,0.1514622211456299,0.07190261836659273,8.817377090454102,-0.001406610198455183,0.06529439593968189,-0.0001833976712077856,-0.0696965754032135,0.0634329542517662,0.024782889361711805,9.417731285095215,0.0004076877256428219,0.027138962565536277,-0.00013631058391183615,-0.02405366152524948,0.025841902568936363,0.008124083943731,11.031646728515625,-4.1866559164452705e-05,0.010993795638197376,-6.0964885051362216e-05,-0.011281030997633935,0.011258956138044597
F:\Seminario\Seminario-Clustering\datasets\davi\Al Emadi (2019)\Multiclass_Drone_Audio\unknown\3-103597-A-251.wav,Multiclass_Drone_Audio\unknown\3-103597-A-251.wav,al_emadi,3-103597-A-251,1.0216875,0.6751458038172438,8.943438529968262,-0.0014522632175109358,0.11233199534060338,0.004858113592490554,-0.14793697297573088,0.13995177745819093,0.07864683026947997,8.875024795532227,0.0006253209596305398,0.03833750422761562,0.0005841838428750634,-0.049383250251412394,0.04890292212367059,0.08792622818323093,9.895553588867188,0.0007700393761106929,0.028719703118338453,0.0008919463725760579,-0.0358421690762043,0.03694703057408333,0.08323923599649229,10.810155868530273,-0.0001809683892803495,0.019787212247905247,-0.00047577719669789076,-0.02425645850598812,0.024514522403478622,0.07504190173355305,11.745607376098633,0.00010594361674954497,0.01329150605536441,0.00032089868909679353,-0.01616959534585476,0.016072746738791468
F:\Seminario\Seminario-Clustering\datasets\davi\Al Emadi (2019)\Multiclass_Drone_Audio\unknown\1-73123-A-264.wav,Multiclass_Drone_Audio\unknown\1-73123-A-264.wav,al_emadi,1-73123-A-264,0.95975,0.056297687930670796,6.8239617347717285,8.209536541614421e-05,0.024217360737315067,-0.00015323919069487602,-0.015480146370828151,0.015307555440813355,0.35759365696467155,4.969762802124023,-0.0014126688636966825,0.06101864868963648,-0.00019119586067972705,-0.022067894227802753,0.02180358208715916,0.26971927938591095,6.779666900634766,-0.0003945866738146376,0.037567551238062755,9.650587162468582e-05,-0.014774758368730543,0.0164934802800417,0.2742957218941185,7.179062366485596,-0.00046895543025741337,0.02681740075520165,-0.0001501758088124916,-0.007577679120004176,0.007152043282985685,0.04209365382462821,8.468929290771484,-1.9939439329248443e-05,0.007433464921700884,-2.7280792892270256e-05,-0.003366521093994379,0.003210674738511446
F:\Seminario\Seminario-Clustering\datasets\davi\Al Emadi (2019)\Multiclass_Drone_Audio\membo_1\mixed_membo_21-membo_001_.wav,Multiclass_Drone_Audio\membo_1\mixed_membo_21-membo_001_.wav,al_emadi,mixed_membo_21-membo_001,1.024,0.010328817845437413,8.718666076660156,0.0014768509754221597,0.11116229219145764,0.004953275201842189,-0.13862706422805784,0.13485619574785232,0.004685249699590341,8.734127044677734,-7.74627578509755e-05,0.07487496950338014,-0.0023294102866202593,-0.09404059723019599,0.09186615273356438,0.18020624489084094,9.341913223266602,0.0010006597005861864,0.3290692895589727,0.0011034845374524593,-0.48170268535614014,0.4983564674854281,0.7394670513407098,10.440532684326172,0.00013453037670688287,0.4718152066945062,-0.0012526633217930794,-0.7286807060241698,0.7297989547252658,0.06531263622342155,10.957508087158203,0.00013221206006735985,0.099199068730993,-2.4421955458819866e-05,-0.10230090469121933,0.1005420982837677
F:\Seminario\Seminario-Clustering\datasets\davi\Al Emadi (2019)\Multiclass_Drone_Audio\unknown\2-105270-A-472.wav,Multiclass_Drone_Audio\unknown\2-105270-A-472.wav,al_emadi,2-105270-A-472,0.97525,0.9838372066323402,9.21683120727539,8.021106730671913e-06,0.05625505950515951,0.00041597906965762377,-0.07109831273555756,0.07127770334482195,0.012324214630916165,8.87503433227539,-5.0120822722798106e-05,0.00629601661035588,-0.00018649794219527394,-0.008015061356127262,0.007808939181268216,0.0029160461477633986,9.836784362792969,-2.3346354160065437e-05,0.002169913619877012,1.7651254893280566e-06,-0.0027972250711172817,0.0026980408001691103,0.0005665582181553268,10.82875919342041,-8.557550539322558e-06,0.0006770841183201865,-3.948429366573691e-06,-0.0008595874533057213,0.0008421146427281201,0.000355974370824946,11.876435279846191,4.931928861228149e-07,0.0003797270041008014,2.0978477550670505e-06,-0.0004868636606261134,0.00048662530025467277
F:\Seminario\Seminario-Clustering\datasets\davi\Al Emadi (2019)\Multiclass_Drone_Audio\unknown\3-62878-A-420.wav,Multiclass_Drone_Audio\unknown\3-62878-A-420.wav,al_emadi,3-62878-A-420,1.0216875,0.04858606226192655,8.3430814743042,0.0004453623997391138,0.4377867741541375,0.010431891307234764,-0.506204718351364,0.477793300151825,0.8019735381832199,9.254075050354004,0.0032572298991105078,1.7786327929254888,-0.06486282125115395,-2.3624940156936645,2.488912057876587,0.12973125476587388,9.81731128692627,-0.0016623543698462348,0.5069472275959712,-0.03237046301364899,-0.592991054058075,0.6654949188232422,0.017908890891750694,10.811010360717773,-0.0015560966667680731,0.1333243616175038,-0.007808251306414604,-0.1651064872741699,0.17224496304988862,0.0018002538972289595,11.737367630004883,3.144547868276087e-05,0.029906715748852366,0.000255623075645417,-0.03691469505429268,0.03575529418885708
F:\Seminario\Seminario-Clustering\datasets\davi\Al Emadi (2019)\Multiclass_Drone_Audio\unknown\1-72695-A-264.wav,Multiclass_Drone_Audio\unknown\1-72695-A-264.wav,al_emadi,1-72695-A-264,0.95975,0.9156735100831835,8.93951416015625,-8.040605261090259e-05,0.003478332779204196,0.00017880283121485263,-0.004963904805481434,0.0043703350238502026,0.005815365119680948,8.049446105957031,-9.000330650477667e-06,0.0002771254410820213,-1.3210965335019864e-05,-0.00030285803077276794,0.0002950570866232741,0.028670236960271312,7.068603992462158,-7.703948595364455e-06,0.00043627625191701896,1.0320511137251742e-05,-0.00035208632471039886,0.0003386247903108597,0.029059436564367172,9.696405410766602,3.7840570553951443e-06,0.0003109694706760218,8.901712135411799e-06,-0.0003293391957413405,0.0003251480811741203,0.020781451272497035,11.656726837158203,3.6358568376779116e-07,0.0001860606070527271,-1.206021352118114e-06,-0.00022742604924133047,0.00023104290012270217
F:\Seminario\Seminario-Clustering\datasets\davi\Al Emadi (2019)\Multiclass_Drone_Audio\bebop_1\B_S2_D1_076-bebop_002_.wav,Multiclass_Drone_Audio\bebop_1\B_S2_D1_076-bebop_002_.wav,al_emadi,B_S2_D1_076-bebop_002,1.024,0.4201164954770022,8.332908630371094,0.002465535541287941,0.16963238638514336,-0.005813824245706201,-0.18460442572832106,0.18417186290025706,0.03671706216884549,9.008620262145996,0.000572932335749348,0.05015051460624571,0.0006691004382446408,-0.06531386151909828,0.06562787890434264,0.1250094178747462,9.862655639648438,-0.0002529703780845569,0.06558006376294427,0.0012573483400046825,-0.08577670454978943,0.08289655148983002,0.24030147073160588,10.933375358581543,0.0005394068452527225,0.0643538819554382,-2.9040355002507567e-05,-0.08148789629340171,0.08239694088697434,0.1778555537478002,11.95215129852295,-0.0002374564447373477,0.03916827024645864,1.5517056453973055e-05,-0.05042797327041626,0.049730636179447174
F:\Seminario\Seminario-Clustering\datasets\davi\Al Emadi (2019)\Multiclass_Drone_Audio\unknown\2-128631-A-213.wav,Multiclass_Drone_Audio\unknown\2-128631-A-213.wav,al_emadi,2-128631-A-213,1.0216875,0.0,-0.0,0.0,0.0,0.0,0.0,0.0,0.0,-0.0,0.0,0.0,0.0,0.0,0.0,0.0,-0.0,0.0,0.0,0.0,0.0,0.0,0.0,-0.0,0.0,0.0,0.0,0.0,0.0,0.0,-0.0,0.0,0.0,0.0,0.0,0.0
F:\Seminario\Seminario-Clustering\datasets\davi\Al Emadi (2019)\Multiclass_Drone_Audio\unknown\1-85362-A-02.wav,Multiclass_Drone_Audio\unknown\1-85362-A-02.wav,al_emadi,1-85362-A-02,0.97525,0.12146456296977796,6.7393293380737305,6.695951637665404e-05,0.10816634514475323,0.0001319170551141724,-0.06903282403945923,0.0675550803542138,0.6812901806821039,6.990930557250977,-0.004927703525345304,0.2561256830197433,-0.00020849623251706362,-0.1923757791519165,0.18222240507602702,0.17962769752249766,7.908881187438965,0.0005404862521311745,0.09320028012116695,-0.00012832677020924166,-0.06670745238661765,0.06318152025341985,0.01709555544187433,8.593507766723633,5.858640790741358e-06,0.020354670559691194,-5.6454315199516714e-05,-0.01130446158349514,0.0115508409217,0.0005220033837462013,9.507089614868164,1.3181854580778387e-05,0.0025162895883947007,3.8911530282348394e-06,-0.0014368073316290975,0.0014228372601792216
F:\Seminario\Seminario-Clustering\datasets\davi\Al Emadi (2019)\Multiclass_Drone_Audio\unknown\4-143118-B-74.wav,Multiclass_Drone_Audio\unknown\4-143118-B-74.wav,al_emadi,4-143118-B-74,0.95975,0.973132719484863,7.898006439208984,0.001114960282190495,0.18220552231827297,0.0036456435918807983,-0.19845748990774154,0.18720146715641037,0.01896762814750059,8.646512985229492,-0.00046837667668873754,0.025434106833919567,-0.0007392780389636755,-0.03183140270411968,0.032227879762649556,0.006718556901753291,9.704371452331543,4.318433054351458e-05,0.010730375631864044,-0.00011712999548763037,-0.013242193870246409,0.013819056376814848,0.0010049400177386436,10.648893356323242,-2.9348704376131094e-06,0.0029379404396571765,3.000674769282341e-05,-0.0036595875862985845,0.003480007266625762,0.0001761554481445149,11.713394165039062,-4.750743435113358e-06,0.0008702133347586536,2.595394107629545e-06,-0.0011046750005334616,0.0010719920508563518
F:\Seminario\Seminario-Clustering\datasets\davi\Al Emadi (2019)\Multiclass_Drone_Audio\bebop_1\mixed_13-bebop_001_.wav,Multiclass_Drone_Audio\bebop_1\mixed_13-bebop_001_.wav,al_emadi,mixed_13-bebop_001,1.024,0.5511681219041272,8.500041007995605,0.00023449951049417362,0.12834782189624597,-0.00015428012557094917,-0.15172482430934905,0.14842209368944165,0.0307495841572726,8.958301544189453,0.0002758510418766667,0.03031439053733324,-0.0005473142664413899,-0.038622981682419774,0.03903206400573253,0.09844679478875198,9.903324127197266,-0.0006261187312131608,0.03843477228104611,0.000918405712582171,-0.05059654712677002,0.04745006635785103,0.19494686499236433,10.898696899414062,0.0009068971411176609,0.038275906343932214,0.0005703421775251627,-0.04818501472473144,0.04930794350802899,0.12468863415748382,11.9663724899292,-0.00011147099306495061,0.02166175990447167,5.6910677812993526e-05,-0.02837805449962616,0.02725341822952032
F:\Seminario\Seminario-Clustering\datasets\davi\Al Emadi (2019)\Multiclass_Drone_Audio\unknown\4-213193-A-294.wav,Multiclass_Drone_Audio\unknown\4-213193-A-294.wav,al_emadi,4-213193-A-294,0.95975,0.8271191855797334,5.194729328155518,-0.00011566309828522387,0.027426768747744773,-0.00010823039701790549,-0.004992836387827992,0.005182747496291998,0.147206774312881,5.279329776763916,1.4431688987738086e-05,0.011570657123460325,-6.4708833633631e-06,-0.0030232868855819103,0.0028049458283931077,0.018511924045930345,6.901462554931641,1.5635865415059229e-07,0.002908151749213137,-1.3562732874561334e-06,-0.001256515062414109,0.0012399561237543824,0.003939356499947005,7.925561428070068,-1.3439739820629991e-05,0.0009496271284762637,-1.7476213542977348e-06,-0.0004415585368406027,0.00042645048815757034,0.0032227595615081837,6.239567756652832,1.3531737061446813e-07,0.0006077275802881397,3.0554869567822607e-07,-0.00011106986203230917,0.00011254593191551978
F:\Seminario\Seminario-Clustering\datasets\davi\Al Emadi (2019)\Multiclass_Drone_Audio\unknown\2-72688-A-422.wav,Multiclass_Drone_Audio\unknown\2-72688-A-422.wav,al_emadi,2-72688-A-422,0.97525,0.4832787182953986,9.007705688476562,0.07797192777923875,0.698156463730052,0.07720497995615005,-0.7606466174125671,0.9057811021804811,0.3791092982390608,9.0548095703125,-0.003871346353472704,0.6221848752724884,0.02439458668231964,-0.8204883098602295,0.8425999522209179,0.07356417139541176,9.941591262817383,0.0002862972612145516,0.19419980017234012,-0.017233402468264103,-0.23435902297496794,0.2747542440891266,0.05746689016722065,10.69841194152832,-0.00028456793588497716,0.12150897598728458,-0.004518080968409777,-0.1527069479227066,0.14730179011821748,0.006580921902908217,11.468815803527832,-8.94237442797896e-05,0.029090384475890463,-6.020255386829376e-05,-0.03401669301092625,0.03365435265004635
F:\Seminario\Seminario-Clustering\datasets\davi\Al Emadi (2019)\Multiclass_Drone_Audio\unknown\2-78781-A-473.wav,Multiclass_Drone_Audio\unknown\2-78781-A-473.wav,al_emadi,2-78781-A-473,1.0216875,0.658609475680002,8.752714157104492,0.0018711375278303202,0.21775750998506516,-0.0026434739120304585,-0.27090627849102017,0.2713687658309937,0.20046342235049172,8.606287002563477,-0.007255000938283894,0.11992216395470662,-0.008013936690986156,-0.14761282950639723,0.13277199417352675,0.12840540294347835,9.705467224121094,-0.0014748475908268623,0.06812411598641385,-0.0024091843515634537,-0.08241961896419525,0.08248920738697052,0.011732754663521975,10.757577896118164,6.2539387364513875e-06,0.01458051525107946,6.547314114868641e-05,-0.017589340358972548,0.017580595985054976,0.0007889443625058463,11.608263969421387,-8.634710305807311e-07,0.0026748129411852243,2.1476298570632935e-06,-0.003148229233920574,0.003134923148900271
F:\Seminario\Seminario-Clustering\datasets\davi\Al Emadi (2019)\Multiclass_Drone_Audio\unknown\2-87799-A-241.wav,Multiclass_Drone_Audio\unknown\2-87799-A-241.wav,al_emadi,2-87799-A-241,1.0216875,0.13240882573102905,7.9302239418029785,-0.01128616091626859,0.5149194573757073,-0.003729611518792808,-0.6078251123428344,0.5363280653953553,0.5911460679518777,7.8699212074279785,-0.04264282338093641,1.0874239100188392,-0.00045448620221577585,-1.2712734818458555,0.9821387410163883,0.16513907449476006,8.909481048583984,0.002569215794171078,0.40760283572678246,-0.00013603642582893372,-0.43456000089645386,0.4311513602733612,0.09934434266732714,9.673120498657227,-0.0019428401891038428,0.22378866719695276,4.398053351906128e-05,-0.21998803615570067,0.20840573310852054,0.011961689155005943,10.432012557983398,-0.00011822180060079186,0.05493832826627228,8.027611329453066e-06,-0.04943886026740074,0.04845985397696495
F:\Seminario\Seminario-Clustering\datasets\davi\Al Emadi (2019)\Multiclass_Drone_Audio\unknown\5-221878-A-343.wav,Multiclass_Drone_Audio\unknown\5-221878-A-343.wav,al_emadi,5-221878-A-343,1.0216875,0.996396635976477,7.6810526847839355,4.470924485473008e-05,0.06566980233076072,0.0009850559872575104,-0.06400921046733855,0.0511657726019621,0.001665787138230468,8.928619384765625,-3.4376016008059e-05,0.0026848735921920276,0.0,-0.003386842273175716,0.003426397778093815,0.0013629758810733657,9.855718612670898,-9.031540457777905e-06,0.001721169272092384,0.0,-0.0023044541012495756,0.0021419927943497896,0.00030895572675900115,10.731518745422363,-1.4245342361965317e-05,0.0005799152753246552,-6.583024514839053e-06,-0.0007082396536134183,0.0007175446720793843,0.0002656452774601505,9.77578353881836,1.2876720594181318e-06,0.0003805338525526276,0.0,-0.00033942380978260186,0.00034231878235004844
F:\Seminario\Seminario-Clustering\datasets\davi\Al Emadi (2019)\Multiclass_Drone_Audio\unknown\2-102581-B-290.wav,Multiclass_Drone_Audio\unknown\2-102581-B-290.wav,al_emadi,2-102581-B-290,1.0216875,0.8069402496220264,5.299080848693848,-0.00015659288743457065,0.26384807134160454,0.0,-0.03332363218069077,0.039127383753657353,0.15328927804053574,5.896088600158691,-0.0006776020104582912,0.11499570715989439,0.0,-0.022110329568386072,0.01883834376931191,0.03905386573879049,4.8994550704956055,-3.949305731786153e-05,0.041133997038617365,0.0,-0.005593137815594673,0.005958462134003639,0.0007070348016552967,6.180327415466309,1.5347232820291444e-06,0.00391788234218093,0.0,-0.0008035521954298019,0.0007125044125132289,9.57179699210435e-06,10.886043548583984,1.008201018771287e-08,0.0003224965730016252,0.0,-0.0003277865354903042,0.00032713172840885817
F:\Seminario\Seminario-Clustering\datasets\davi\Al Emadi (2019)\Multiclass_Drone_Audio\unknown\4-234879-A-63.wav,Multiclass_Drone_Audio\unknown\4-234879-A-63.wav,al_emadi,4-234879-A-63,1.0216875,0.0912830520465822,8.669002532958984,0.0003978005665929726,0.03207444971150547,0.0006519437010865659,-0.036909037828445436,0.04019443616271019,0.5587493705183191,5.935641288757324,-0.0006409079288362777,0.07935821607352875,-0.001252290210686624,-0.040046578645706175,0.03875668458640576,0.314957839704742,7.144484043121338,1.87505471000145e-05,0.04222401016881925,-5.751484422944486e-05,-0.023035917431116104,0.02396959252655506,0.03221277687379379,8.610428810119629,-5.141854968644185e-05,0.00955879367326888,1.6692589269950986e-05,-0.005981184728443622,0.005781557131558659,0.002796960856562926,11.387258529663086,1.5743230247613937e-06,0.0019926712191604694,-4.940140570397489e-06,-0.00225751013495028,0.0022643855772912507
F:\Seminario\Seminario-Clustering\datasets\davi\Al Emadi (2019)\Multiclass_Drone_Audio\unknown\1-19501-A-74.wav,Multiclass_Drone_Audio\unknown\1-19501-A-74.wav,al_emadi,1-19501-A-74,0.95975,0.0,-0.0,0.0,0.0,0.0,0.0,0.0,0.0,-0.0,0.0,0.0,0.0,0.0,0.0,0.0,-0.0,0.0,0.0,0.0,0.0,0.0,0.0,-0.0,0.0,0.0,0.0,0.0,0.0,0.0,-0.0,0.0,0.0,0.0,0.0,0.0
F:\Seminario\Seminario-Clustering\datasets\davi\Al Emadi (2019)\Multiclass_Drone_Audio\unknown\2-39441-A-191.wav,Multiclass_Drone_Audio\unknown\2-39441-A-191.wav,al_emadi,2-39441-A-191,1.0216875,0.8808841871362877,8.584896087646484,0.01266077209153276,0.1955378825958431,0.015361631289124489,-0.21101922839879989,0.22412407845258722,0.10745463241600485,8.296829223632812,0.0010123797261169705,0.06842975737563645,0.000849148869747296,-0.0754630871117115,0.07757121771574021,0.011079121786379828,9.372915267944336,0.00010329465401979406,0.015572518262007624,4.978012293577194e-05,-0.017137672752141953,0.016983892768621445,0.0004908717449960772,8.285299301147461,-4.433840170741175e-05,0.0023199703174962855,5.7085417211055756e-06,-0.0021065066102892156,0.0020751570817083126,9.118691633155888e-05,8.888910293579102,4.230850719973748e-06,0.0007075115208529692,2.82912515103817e-06,-0.000648099189857021,0.0006703063903842121
F:\Seminario\Seminario-Clustering\datasets\davi\Al Emadi (2019)\Multiclass_Drone_Audio\unknown\5-197121-B-450.wav,Multiclass_Drone_Audio\unknown\5-197121-B-450.wav,al_emadi,5-197121-B-450,1.0216875,0.39650328781628685,8.619710922241211,-0.0013824408091644268,0.060989909621812784,0.000184306176379323,-0.07187774255871773,0.07251134142279626,0.30512556848835715,8.716047286987305,-0.0004849773715815317,0.05351402193798919,-9.654527821112424e-05,-0.06529668346047401,0.06507532596588135,0.19044363972327108,9.684057235717773,-9.630983111750323e-05,0.029961454692699424,-9.052560199052095e-05,-0.035913750529289246,0.035566117614507675,0.07687487131584143,10.717350006103516,0.00013049998810177934,0.013474595058384966,1.9492697902023792e-05,-0.016174760460853577,0.016584651172161107,0.0310526326562435,11.655471801757812,1.5237404578444888e-05,0.006058833564123817,6.949770613573492e-05,-0.007260684669017792,0.007324243569746614
F:\Seminario\Seminario-Clustering\datasets\davi\Al Emadi (2019)\Multiclass_Drone_Audio\unknown\2-122067-A-450.wav,Multiclass_Drone_Audio\unknown\2-122067-A-450.wav,al_emadi,2-122067-A-450,1.0216875,0.7861008649584664,8.714834213256836,0.004422913452845465,0.8092486978178213,0.03083728812634945,-0.9937344133853911,0.9790731370449066,0.12237710043900273,8.933659553527832,-0.003053851328446593,0.3192857604817042,0.007501078769564629,-0.4171943724155426,0.40627928972244265,0.041418236105698704,9.864953994750977,0.00018477548667112105,0.1316377620549082,-0.004978740122169256,-0.1612936407327652,0.1643558144569397,0.03861290701089392,10.77941608428955,-0.0008986774217395393,0.08996874376924645,-0.002135700546205044,-0.11401097774505616,0.11180261075496674,0.01149089148593818,11.877673149108887,4.7608507851514635e-05,0.03472328707715195,0.00043405046744737774,-0.04367550238966941,0.0442450262606144
F:\Seminario\Seminario-Clustering\datasets\davi\Al Emadi (2019)\Multiclass_Drone_Audio\unknown\3-107123-A-262.wav,Multiclass_Drone_Audio\unknown\3-107123-A-262.wav,al_emadi,3-107123-A-262,0.97525,0.09707798527693223,4.566949844360352,0.004305137142488751,0.0929933680698378,0.0003187294933013618,-0.04867240637540817,0.04353537261486057,0.6437041118076836,7.218682289123535,-0.0011544850546271433,0.2397146650088767,0.001469931798055768,-0.21286025047302246,0.20907654166221637,0.1935634038829091,8.080548286437988,0.0009567926204208403,0.09313557560691438,0.000507691438542679,-0.0788044013082981,0.08187309876084325,0.059304038957009385,9.413274765014648,-0.0001720549820742906,0.03649630157165208,-1.148962473962456e-05,-0.032607557624578475,0.03198444694280624,0.006350460075465649,10.141392707824707,1.0024434563047914e-05,0.00844931035739379,-3.918385482393205e-05,-0.0066731886472553015,0.0061833898071199656
F:\Seminario\Seminario-Clustering\datasets\davi\Al Emadi (2019)\Multiclass_Drone_Audio\unknown\3-151080-A-204.wav,Multiclass_Drone_Audio\unknown\3-151080-A-204.wav,al_emadi,3-151080-A-204,0.95975,0.00779344437636357,7.894026756286621,-0.0005422253075191616,0.03286024361225758,0.0002582817687653005,-0.035862815007567404,0.03613741099834452,0.13392487932771904,7.6930341720581055,-0.0016284572472053966,0.13622749353673932,-8.39087697386276e-05,-0.1381052181124687,0.13409522622823733,0.3704383042648704,8.53019905090332,0.0001571792175778337,0.16059045263835467,-1.2697772035608068e-05,-0.15626229047775267,0.15714952051639566,0.2547752829101987,9.056928634643555,0.0009481698875888954,0.09427822085869078,-2.597469574538991e-06,-0.07299488335847854,0.08161991238594055,0.23306808912084834,9.276567459106445,7.071410691203596e-05,0.06379796637800735,-3.2548268791288137e-06,-0.03458909094333649,0.03609387129545215
F:\Seminario\Seminario-Clustering\datasets\davi\Al Emadi (2019)\Multiclass_Drone_Audio\unknown\4-172736-A-362.wav,Multiclass_Drone_Audio\unknown\4-172736-A-362.wav,al_emadi,4-172736-A-362,0.97525,0.17250081689495117,8.934150695800781,0.0022508270160028843,0.2846378842167048,-0.009358882904052734,-0.3533787190914154,0.3713091492652894,0.32736497310683793,8.76614761352539,0.00023086517440517066,0.3921269738353852,0.0046388693153858185,-0.4847459256649017,0.495119428634644,0.25937637785637024,9.720512390136719,-0.0009845146545246091,0.24731067790914196,0.0029039657674729824,-0.31008458137512207,0.3035405486822128,0.1959452011098725,10.76319694519043,-0.0004897337232235822,0.15217061431545115,-0.0007487048860639334,-0.19168656170368195,0.1950956642627716,0.04481263103196816,11.723413467407227,0.00015673745743630398,0.051483891640439275,2.4841981939971447e-05,-0.06325119733810425,0.06449633464217186
F:\Seminario\Seminario-Clustering\datasets\davi\Al Emadi (2019)\Multiclass_Drone_Audio\unknown\3-128512-B-472.wav,Multiclass_Drone_Audio\unknown\3-128512-B-472.wav,al_emadi,3-128512-B-472,0.97525,0.985440504241604,8.807493209838867,-0.005455790429898573,0.7911401671384588,0.041691556572914124,-1.0271934986114502,0.9662355065345768,0.008678062596829933,8.891115188598633,-0.001947030812333265,0.07421822477903167,-0.002351393923163414,-0.09737536311149597,0.09190630167722703,0.0050447266777304,9.844396591186523,0.00019277307985919367,0.04010816301359551,-0.0004085066029801965,-0.051606070250272744,0.05172108076512813,0.000790307533986248,10.796686172485352,3.363540634645913e-05,0.011238276997577188,9.22628678381443e-05,-0.014120746031403541,0.01408828292042017,4.6398949849418796e-05,11.875638961791992,9.61066116101941e-07,0.0019264825185538223,3.30823240801692e-05,-0.002520713838748634,0.002433530753478408
F:\Seminario\Seminario-Clustering\datasets\davi\Al Emadi (2019)\Multiclass_Drone_Audio\unknown\4-160036-B-333.wav,Multiclass_Drone_Audio\unknown\4-160036-B-333.wav,al_emadi,4-160036-B-333,1.0216875,0.9875180743368682,8.819816589355469,-0.0019136534331850165,0.22102276372298865,0.004427136853337288,-0.293964621424675,0.2778121441602707,0.011295840757777158,6.998494625091553,9.923522885904639e-05,0.023639387676405915,2.790766302496195e-07,-0.014651115704327821,0.016572751291096217,0.0010857271758899097,7.8899335861206055,2.5108521863776335e-05,0.005193640003913845,-4.4876825995743275e-05,-0.00297218537889421,0.0029475283809006214,9.861795421840712e-05,9.413814544677734,-2.191809286264578e-06,0.0011080405283972073,3.021792508661747e-06,-0.0009397623594850301,0.0009167241398245098,1.7397752463026242e-06,11.011526107788086,2.09189294760652e-08,0.00010411717847060968,1.5081604942679405e-07,-0.00010713887750171124,0.0001039886788930744
F:\Seminario\Seminario-Clustering\datasets\davi\Al Emadi (2019)\Multiclass_Drone_Audio\unknown\5-127990-A-20.wav,Multiclass_Drone_Audio\unknown\5-127990-A-20.wav,al_emadi,5-127990-A-20,1.0216875,0.4883781331853744,7.902895927429199,-0.001972709680699463,0.36828177650941596,-0.004649264505133033,-0.35335333943367,0.3739783614873886,0.2379218007050334,7.719625949859619,0.0048834664188777506,0.25700825222845636,-0.0033011415507644415,-0.2410999834537506,0.2353682652115823,0.19216009940422554,6.940996170043945,-0.0039932346810736714,0.1636614958644888,-0.00016044918447732925,-0.07128643244504929,0.0689559280872345,0.06300116318717006,8.371258735656738,-0.0010482861848094115,0.06634774516977994,-0.00038204804877750576,-0.036560396850109096,0.03133680745959282,0.01853880351819662,9.960092544555664,4.788211447279197e-05,0.02546498920656222,-4.364963388070464e-06,-0.01806767117232084,0.017888034880161288
F:\Seminario\Seminario-Clustering\datasets\davi\Al Emadi (2019)\Multiclass_Drone_Audio\unknown\5-234335-A-233.wav,Multiclass_Drone_Audio\unknown\5-234335-A-233.wav,al_emadi,5-234335-A-233,1.0216875,0.0994918377073263,8.06854248046875,-0.0002745779024691234,0.007925735792658057,-0.0003714707418112084,-0.008195247035473585,0.008059374894946816,0.09284015383020229,7.739201545715332,-6.359494662792183e-05,0.007660538517202622,-0.0001266240797122009,-0.0077394319232553235,0.007687368197366595,0.41070502198539616,8.729445457458496,9.387482621517358e-05,0.011418063155123436,4.851502671954222e-05,-0.011577009223401546,0.011423860676586628,0.26237712196443147,9.578426361083984,5.0207360909573246e-05,0.0064603186859144,-1.4632456441177055e-05,-0.006055620778352022,0.0065105553716421185,0.1345858645126438,10.459636688232422,-4.517220363330734e-06,0.0032734121629126546,-1.6381491150241345e-06,-0.003104591998271644,0.003049682499840856
F:\Seminario\Seminario-Clustering\datasets\davi\Al Emadi (2019)\Multiclass_Drone_Audio\unknown\4-194808-A-290.wav,Multiclass_Drone_Audio\unknown\4-194808-A-290.wav,al_emadi,4-194808-A-290,1.0216875,0.35025428345089854,5.6732940673828125,0.00022455223036920924,0.27070961846610253,-2.5857167202048004e-05,-0.1185679718852043,0.11844507306814196,0.14371729148729478,7.100622177124023,0.0020795032231194235,0.17339451950073334,0.0005407426215242594,-0.13060953468084335,0.1586667522788048,0.30665266800926216,7.9820733070373535,0.0007917133610581895,0.17950105930174057,7.058348273858428e-05,-0.13067328929901123,0.13182640075683594,0.16802801753529184,8.79897689819336,-0.0004951640186049072,0.09405777156824686,2.2469539544545114e-05,-0.05522114485502243,0.056941917538642965,0.03134773951725262,9.6570405960083,-3.831883588408174e-05,0.028741530292691275,1.101371890399605e-05,-0.015177990961819886,0.014997696503996856
F:\Seminario\Seminario-Clustering\datasets\davi\Al Emadi (2019)\Multiclass_Drone_Audio\unknown\3-97909-A-492.wav,Multiclass_Drone_Audio\unknown\3-97909-A-492.wav,al_emadi,3-97909-A-492,0.97525,0.3840866492914805,7.410057544708252,-0.009129395171367996,0.4006402229998694,-0.005890314467251301,-0.3551015257835388,0.3269606769084932,0.18718338705387064,7.692851543426514,0.027487742067756425,0.2784067901638867,0.006892004050314426,-0.2277957707643509,0.2954981505870823,0.2105941091238902,8.677465438842773,-0.0005177019084116446,0.21025429644862412,0.0008676080033183098,-0.20642687678337096,0.19283384829759595,0.14042850723028205,9.974812507629395,0.0006367574761754726,0.1215428465089392,0.0004296363622415811,-0.13084482252597807,0.13153364956378938,0.07770734730047658,11.105518341064453,-0.00012914563414241474,0.06396543022764838,3.156994171149563e-05,-0.072157371789217,0.0723213367164135
F:\Seminario\Seminario-Clustering\datasets\davi\Al Emadi (2019)\Multiclass_Drone_Audio\unknown\3-203371-A-391.wav,Multiclass_Drone_Audio\unknown\3-203371-A-391.wav,al_emadi,3-203371-A-391,1.0216875,0.9466914129316946,6.631229400634766,-0.0013034166325220373,0.030641862380000613,0.0,-0.0003270198678364977,0.0,0.03802790180128713,4.1965789794921875,0.00010209846708429291,0.006146031681821526,0.0,0.0,0.0,0.007426457169419123,6.682487964630127,8.004552706571519e-05,0.0019233324336542243,0.0,0.0,2.3459062504116446e-05,0.005248209360919533,7.6001458168029785,-6.249273735052641e-06,0.001145513863095535,0.0,0.0,0.0,0.0026060187366796594,8.60940170288086,-1.4644832603386515e-07,0.000571067340056677,0.0,0.0,0.0
F:\Seminario\Seminario-Clustering\datasets\davi\Al Emadi (2019)\Multiclass_Drone_Audio\unknown\5-203128-B-01.wav,Multiclass_Drone_Audio\unknown\5-203128-B-01.wav,al_emadi,5-203128-B-01,1.0216875,0.01978641843902445,7.229302883148193,0.000729941469352993,0.06923954254656724,0.00442963931709528,-0.05207157395780086,0.04544798471033574,0.3173997097607248,7.0633087158203125,-0.004264392177841711,0.27729791755836153,-0.0003486390196485445,-0.1904638051986694,0.1455209210515023,0.5968649680199863,7.570525169372559,-0.002180117303024355,0.26949725057573026,3.7852769310120493e-06,-0.11840030550956726,0.11068526655435562,0.06394171973265123,8.478782653808594,3.326524563299025e-05,0.062443113476722815,-4.820185131393373e-05,-0.024394579231739044,0.023598486557602945,0.002007184047613228,9.961444854736328,-6.90739108318181e-05,0.007826479656570155,-2.111755748046562e-06,-0.0052821103949099776,0.004987911740317942
F:\Seminario\Seminario-Clustering\datasets\davi\Al Emadi (2019)\Multiclass_Drone_Audio\unknown\1-46274-A-180.wav,Multiclass_Drone_Audio\unknown\1-46274-A-180.wav,al_emadi,1-46274-A-180,1.0216875,0.8485262378259107,7.49746036529541,-0.0006309570046494946,0.11917372108683466,-0.0032576614757999778,-0.10388402491807938,0.10091323032975197,0.07697319530059749,7.577557563781738,-0.0004737390064672105,0.03589102559625254,-0.00014344385999720544,-0.03726172149181366,0.03430050313472748,0.027532443753540907,8.653631210327148,0.00018213643688520922,0.01521181236762405,4.721737786894664e-05,-0.016142118722200394,0.016044579446315765,0.027826729455084062,9.440644264221191,1.7846215358293053e-05,0.010826352440348299,7.0864916779100895e-06,-0.009494293853640557,0.009619523957371715,0.01914139366486677,10.348388671875,3.4406082997547985e-05,0.006352276618010803,6.695881893392652e-07,-0.005419708462432026,0.005550293670967223
F:\Seminario\Seminario-Clustering\datasets\davi\Al Emadi (2019)\Multiclass_Drone_Audio\unknown\1-59513-A-01.wav,Multiclass_Drone_Audio\unknown\1-59513-A-01.wav,al_emadi,1-59513-A-01,1.0216875,0.6954149702676746,7.6902079582214355,-0.0006003050163537445,0.48008191794216426,0.0014070870238356292,-0.4296020746231078,0.39728263616561904,0.295409014679247,7.3833208084106445,0.0011813810291076735,0.31289775809624315,0.0002353810123167932,-0.22323123961687086,0.2582625776529312,0.009012018172928004,8.35598087310791,-0.00011282060625581768,0.03872920903325771,2.982480509672314e-05,-0.03398571163415909,0.032596405595541,0.0001571305610860257,9.075674057006836,6.563414428272329e-06,0.0036201036831341655,1.457403413951397e-05,-0.002560563618317246,0.0027735156007111083,6.86631906432963e-06,11.396857261657715,-2.2240109566974043e-06,0.0005353612978925618,-2.8245849534869194e-06,-0.0006128359586000442,0.0006012802536133678
F:\Seminario\Seminario-Clustering\datasets\davi\Al Emadi (2019)\Multiclass_Drone_Audio\unknown\3-87936-B-460.wav,Multiclass_Drone_Audio\unknown\3-87936-B-460.wav,al_emadi,3-87936-B-460,1.0216875,0.4872426704802977,8.921941757202148,-0.014269310475645804,0.16479765372074617,-0.011157882865518332,-0.22815406769514082,0.1891196608543396,0.3833587898795936,8.917448043823242,-0.00028093617476717325,0.1467243592897641,-0.0030117855640128255,-0.1854598209261894,0.19311630725860598,0.10605179320993702,9.882218360900879,0.00016871902501702795,0.054688123820020154,0.0005227788351476192,-0.06781908124685287,0.06985922157764435,0.022505609180741647,10.741804122924805,-4.896271112878394e-05,0.0178337137103534,-7.239473052322865e-05,-0.022334663942456243,0.021781620010733607,0.0008411372494300526,11.651605606079102,4.084353946741618e-06,0.00243909201003664,1.8357248336542398e-05,-0.002937102341093123,0.0029373324476182463
F:\Seminario\Seminario-Clustering\datasets\davi\Al Emadi (2019)\Multiclass_Drone_Audio\unknown\5-171653-A-411.wav,Multiclass_Drone_Audio\unknown\5-171653-A-411.wav,al_emadi,5-171653-A-411,1.0216875,0.6565565636374401,9.244491577148438,-0.0016748946566966553,0.8673284193650982,-0.260160431265831,-1.0036793947219849,1.326971185207367,0.09251712830609604,9.023409843444824,0.006243053388790888,0.32552138941451536,0.005741446511819959,-0.4276278793811798,0.43337915241718294,0.06979265043670937,9.85248851776123,-0.005583900680344575,0.20031813448424823,-0.006131091620773077,-0.26187148690223694,0.24691307544708252,0.05910710974573603,10.885936737060547,-0.003161679835826356,0.13050840852039192,-0.0033462857827544212,-0.17013806700706482,0.1614134669303894,0.12202654787401845,11.834695816040039,-0.00037602761201737013,0.13269934648104012,-0.0016852559056133032,-0.16601928919553757,0.16917037367820742
F:\Seminario\Seminario-Clustering\datasets\davi\Al Emadi (2019)\Multiclass_Drone_Audio\membo_1\Membo_1_047-membo_000_.wav,Multiclass_Drone_Audio\membo_1\Membo_1_047-membo_000_.wav,al_emadi,Membo_1_047-membo_000,1.024,0.7521923577903504,7.049070358276367,8.177598568343724e-05,0.24904285214575592,-0.005283883307129145,-0.19055340886116026,0.18722301870584487,0.016730891467415843,8.855382919311523,-0.00015019801698102573,0.0371420304618247,-0.0014336309395730495,-0.045423815026879304,0.04766990691423415,0.05131025259071435,9.802573204040527,-8.304473546610062e-05,0.04609405986941351,-0.0006444496102631092,-0.058230751752853395,0.05701020956039429,0.07406962207695796,10.63306713104248,0.0004573418654661559,0.03919603742060631,-0.0008137600962072611,-0.04576080814003944,0.047970325499773044,0.10569687607456141,11.445353507995605,1.6568083078374483e-05,0.03312680404224849,4.975243064109236e-05,-0.03835330903530121,0.03750363737344742
F:\Seminario\Seminario-Clustering\datasets\davi\Al Emadi (2019)\Multiclass_Drone_Audio\unknown\1-23222-B-193.wav,Multiclass_Drone_Audio\unknown\1-23222-B-193.wav,al_emadi,1-23222-B-193,1.0216875,0.9734965872165233,7.971757411956787,-0.00010179317911218815,0.22112128560638675,-0.00011836946941912174,-0.21449346989393234,0.2255333349108696,0.020722284489904545,8.877340316772461,-0.00023732993223939488,0.03226044929797232,-0.0003847546176984906,-0.04074003957211971,0.0416067320853472,0.00460868254398187,9.826509475708008,-2.869661968271895e-05,0.01078166888829355,-0.0002608529757708311,-0.0131907369941473,0.013490158133208752,0.0006210143994001492,10.771138191223145,5.514412722346257e-05,0.0028010946588869494,5.444628186523914e-05,-0.0034027371555566785,0.003534932527691126,0.000551431350190111,11.891447067260742,-1.1028156564313948e-05,0.0018676546185375869,-1.2796808732673526e-05,-0.0023801153525710105,0.0023556417552754285
F:\Seminario\Seminario-Clustering\datasets\davi\Al Emadi (2019)\Multiclass_Drone_Audio\bebop_1\mixed_40-bebop_004_.wav,Multiclass_Drone_Audio\bebop_1\mixed_40-bebop_004_.wav,al_emadi,mixed_40-bebop_004,0.904,0.3931200956107501,8.404619216918945,0.002257308163710772,0.2523038804418892,0.02963253017514944,-0.3071166932582855,0.27648732662200926,0.15306786004294823,8.662389755249023,0.011672244000357367,0.1570087673175467,0.005605268757790327,-0.19444364905357361,0.22270250916481016,0.13024745991972833,9.66806697845459,0.0017975574730912777,0.10293337505253378,-0.0002320104104001075,-0.1262529194355011,0.13414886295795445,0.1561007417873707,10.751517295837402,-0.0004471100961193206,0.07978064622599193,-2.5104382075369358e-05,-0.10274991989135743,0.10310628488659859,0.1674638426392026,11.738592147827148,-0.0002759964430901457,0.0584631917118133,-0.00043285381980240345,-0.07461503520607948,0.0752134881913662
F:\Seminario\Seminario-Clustering\datasets\davi\Al Emadi (2019)\Multiclass_Drone_Audio\unknown\4-197103-A-61.wav,Multiclass_Drone_Audio\unknown\4-197103-A-61.wav,al_emadi,4-197103-A-61,1.0216875,0.6824655078074638,8.670235633850098,-0.020717482387033987,0.42778132279692865,0.015892803203314543,-0.5730330765247345,0.47572720348835,0.261872265555282,8.61762809753418,0.004228791786760128,0.2652648852495916,0.0007569750305265188,-0.3302752494812012,0.3479977309703827,0.05236098199227359,9.119338035583496,0.00010691534989817238,0.08406776723777404,0.00026770588010549545,-0.0962805300951004,0.10098912566900253,0.002320857871479998,10.210561752319336,6.239399712849338e-05,0.01252872370033429,1.8899329006671906e-05,-0.014658310078084468,0.01538924425840378,0.0009803867735005808,10.619132995605469,-1.969611018708597e-05,0.005760781718535265,5.673733539879322e-06,-0.00539721273817122,0.0053394019138068025
F:\Seminario\Seminario-Clustering\datasets\davi\Al Emadi (2019)\Multiclass_Drone_Audio\unknown\1-260640-C-22.wav,Multiclass_Drone_Audio\unknown\1-260640-C-22.wav,al_emadi,1-260640-C-22,0.97525,0.043889450024643964,8.509666442871094,0.0012702211065372757,0.17661531051413915,-0.0029701339080929756,-0.20895701944828032,0.22255351841449747,0.09661466973681015,8.264524459838867,0.00022856834239934194,0.26204804121578407,-0.00025297608226537704,-0.3155935049057007,0.3320548057556167,0.1297532013129703,9.370004653930664,-0.0023215259868439725,0.215161074006245,-0.002042249427177012,-0.2688230276107788,0.2722922325134277,0.5406683502486498,10.007987976074219,0.0001640533664743391,0.3109424324420958,0.0011761699570342898,-0.34914061427116394,0.34991854429244995,0.18907432867692575,10.967214584350586,-3.6171428181022515e-05,0.13008830883581898,0.00017259761807508767,-0.14029362052679062,0.1439255103468895
F:\Seminario\Seminario-Clustering\datasets\davi\Al Emadi (2019)\Multiclass_Drone_Audio\unknown\2-72677-A-184.wav,Multiclass_Drone_Audio\unknown\2-72677-A-184.wav,al_emadi,2-72677-A-184,0.95975,0.5646064770413566,8.739896774291992,-0.004366861940919884,0.013790854604922603,-0.004475514171645045,-0.021523638814687728,0.012541405111551296,0.3254353911736563,8.265247344970703,0.0002911694088825318,0.010978599267262665,0.0002230099998996593,-0.011883084569126368,0.012884641997516162,0.08016570852101214,9.372719764709473,-1.7057314008356788e-05,0.003863261699576414,4.26514889113605e-05,-0.004340317565947771,0.004270560853183272,0.01378220036698413,10.482941627502441,-4.545845537712045e-06,0.0011339985787442658,1.1173018720000982e-05,-0.0013656617840752004,0.001334314700216055,0.01601022289699089,11.122687339782715,-1.906766930088326e-06,0.0008646998392984349,-5.38169751962414e-06,-0.0009337056661024689,0.0009497832797933385
F:\Seminario\Seminario-Clustering\datasets\davi\Al Emadi (2019)\Multiclass_Drone_Audio\unknown\3-154439-A-170.wav,Multiclass_Drone_Audio\unknown\3-154439-A-170.wav,al_emadi,3-154439-A-170,1.0216875,0.01121663442714318,8.163540840148926,5.494496060051567e-06,0.010323996492661887,-0.0003542585327522829,-0.011519135721027852,0.011544478498399263,0.23825986184818296,5.876238822937012,-0.0012924894351439857,0.04756437346011567,2.0788087567780167e-05,-0.016500394977629184,0.017964216135442256,0.28794576090748086,7.107680320739746,-0.0006269308855107823,0.03706343129055072,2.4194494471885264e-05,-0.019627103582024574,0.019677909091114998,0.18647713968846516,8.869010925292969,8.430834571022246e-05,0.02111658590711309,-8.45736576593481e-06,-0.01694010943174362,0.015959254279732712,0.27610060312872786,8.88428783416748,5.471378318348407e-05,0.018177886010234238,2.676454641914461e-06,-0.009191428776830435,0.010283335391432051
F:\Seminario\Seminario-Clustering\datasets\davi\Al Emadi (2019)\Multiclass_Drone_Audio\unknown\4-121532-A-422.wav,Multiclass_Drone_Audio\unknown\4-121532-A-422.wav,al_emadi,4-121532-A-422,0.97525,0.455982944435966,9.007929801940918,-0.0016016229524799183,0.26926649091279237,0.0029203039593994617,-0.3686921834945679,0.3450365602970124,0.3791913457946451,8.932271957397461,0.0009280124246706525,0.24555104832744284,-0.004854435101151466,-0.30865331888198855,0.3296837866306307,0.1554670524047207,9.967574119567871,-0.0003059666678540131,0.11140473114371875,-0.003976202104240656,-0.14382422864437103,0.1468709871172905,0.009276159014502227,10.870509147644043,-2.0024846528726146e-05,0.019264359996565363,1.0011252015829086e-05,-0.024438187852501868,0.024940503388643266,8.249835016602845e-05,11.533218383789062,-8.837384969108079e-08,0.0012852889853553072,2.1724248654209077e-05,-0.0015575807774439454,0.0015050189103931189
F:\Seminario\Seminario-Clustering\datasets\davi\Al Emadi (2019)\Multiclass_Drone_Audio\unknown\3-155584-A-141.wav,Multiclass_Drone_Audio\unknown\3-155584-A-141.wav,al_emadi,3-155584-A-141,1.0216875,0.7765136429495204,8.934839248657227,-0.00010582239504675245,0.05867988409920478,5.9652178606484085e-05,-0.07682436406612396,0.0760532595217228,0.04238860069020653,8.832085609436035,7.8365985528471e-05,0.013709854318647062,0.0003481120365904644,-0.017086870782077313,0.01686645057052374,0.016546819822363286,9.716196060180664,-7.045060671914584e-05,0.006069867613441827,-0.00012709223665297031,-0.007451923564076424,0.007298070937395096,0.08184274176888529,10.57042407989502,1.7759212050371915e-05,0.009556579580283716,7.254350930452347e-05,-0.011790541186928748,0.011498523689806464,0.08270819476902448,10.94771957397461,3.213873496878991e-06,0.006796489904392629,3.6984492908231914e-06,-0.0072073863819241525,0.007273719366639854
F:\Seminario\Seminario-Clustering\datasets\davi\Al Emadi (2019)\Multiclass_Drone_Audio\membo_1\Membo_0_005-membo_002_.wav,Multiclass_Drone_Audio\membo_1\Membo_0_005-membo_002_.wav,al_emadi,Membo_0_005-membo_002,1.024,0.571288323147802,9.288829803466797,0.0011798159647760046,0.09747125295777363,0.005226832814514637,-0.1232180006802082,0.12154763415455819,0.08054546072519628,8.953919410705566,-4.36500326765055e-05,0.03660166999742323,0.000438047805801034,-0.047616043314337726,0.045560844615101806,0.08293078673727568,9.87646770477295,0.00013042475661644405,0.026318864579753496,0.0002885564463213086,-0.03429021984338761,0.033086011558771174,0.12343735352668876,10.79814338684082,-2.5826538973330687e-05,0.02272718796902009,-0.0005700294568669051,-0.028854478523135184,0.02822271045297385,0.14179807586303733,11.841490745544434,4.145691285473797e-07,0.017232756325998917,1.2961761967744678e-05,-0.02187005989253521,0.02168579213321209
F:\Seminario\Seminario-Clustering\datasets\davi\Al Emadi (2019)\Multiclass_Drone_Audio\unknown\2-106881-A-394.wav,Multiclass_Drone_Audio\unknown\2-106881-A-394.wav,al_emadi,2-106881-A-394,0.95975,0.0,-0.0,0.0,0.0,0.0,0.0,0.0,0.0,-0.0,0.0,0.0,0.0,0.0,0.0,0.0,-0.0,0.0,0.0,0.0,0.0,0.0,0.0,-0.0,0.0,0.0,0.0,0.0,0.0,0.0,-0.0,0.0,0.0,0.0,0.0,0.0
F:\Seminario\Seminario-Clustering\datasets\davi\Al Emadi (2019)\Multiclass_Drone_Audio\unknown\5-221528-A-393.wav,Multiclass_Drone_Audio\unknown\5-221528-A-393.wav,al_emadi,5-221528-A-393,1.0216875,0.0,-0.0,0.0,0.0,0.0,0.0,0.0,0.0,-0.0,0.0,0.0,0.0,0.0,0.0,0.0,-0.0,0.0,0.0,0.0,0.0,0.0,0.0,-0.0,0.0,0.0,0.0,0.0,0.0,0.0,-0.0,0.0,0.0,0.0,0.0,0.0
F:\Seminario\Seminario-Clustering\datasets\davi\Al Emadi (2019)\Multiclass_Drone_Audio\unknown\3-159348-A-360.wav,Multiclass_Drone_Audio\unknown\3-159348-A-360.wav,al_emadi,3-159348-A-360,1.0216875,0.31164211341211384,8.975509643554688,-0.00041107376446852513,0.0923908832979729,-0.003071242943406105,-0.11974367648363113,0.11937999427318573,0.2249261012508272,8.959362030029297,-0.00029307869195178586,0.0784914308849378,-0.0010555320186540484,-0.10027755945920944,0.1005858562886715,0.20348602456994186,9.994373321533203,-0.0005211240451991593,0.05290385915287221,0.0005185359623283148,-0.069630466401577,0.06649364531040192,0.18945774389629474,10.933767318725586,0.00016592607640732632,0.036137215646393744,0.0002310380805283785,-0.04651782065629959,0.046467515081167254,0.07048801687082239,11.964574813842773,-3.1672254657592564e-05,0.015593986706802072,3.312394255772233e-06,-0.020298313722014426,0.0196476211771369
F:\Seminario\Seminario-Clustering\datasets\davi\Al Emadi (2019)\Multiclass_Drone_Audio\unknown\4-181628-A-173.wav,Multiclass_Drone_Audio\unknown\4-181628-A-173.wav,al_emadi,4-181628-A-173,1.0216875,0.2854791915708949,9.324087142944336,-0.00014941837629857158,0.015265993790885734,-0.0003507811052259058,-0.020147410966455937,0.019730159081518654,0.005495657774073327,6.433080673217773,-4.028117161123218e-05,0.002117824291765552,3.4925324143841863e-06,-0.0014672753983177244,0.0014432083698920906,0.3753896686186135,6.361758232116699,-0.000427350082123899,0.012398746994782587,-6.959176971577108e-05,-0.005273934453725815,0.00460150558501482,0.19156048655154898,7.880975723266602,9.262100344171327e-05,0.006272808531750625,2.832793688867241e-05,-0.0031981483101844784,0.0033863799180835485,0.14207499548486932,7.847752571105957,3.3869799903167374e-06,0.0038221908472383568,-2.3653578864468727e-06,-0.0015432267566211522,0.0015501024667173631
F:\Seminario\Seminario-Clustering\datasets\davi\Al Emadi (2019)\Multiclass_Drone_Audio\unknown\4-99193-A-41.wav,Multiclass_Drone_Audio\unknown\4-99193-A-41.wav,al_emadi,4-99193-A-41,1.0216875,0.04632612616604385,7.841651916503906,-0.0007705336594793073,0.08004653265613496,-0.0019037874299101532,-0.0682580091059208,0.07069377452135087,0.04102942098595843,7.5462446212768555,0.0007806019172738126,0.07533105634591632,0.0011594666866585612,-0.06175403073430061,0.06863335222005847,0.6713627331556177,7.955081939697266,0.0015100837655482166,0.21595010572396356,-0.00017821480287238955,-0.14804232120513916,0.14937390387058258,0.2364980583178317,8.817071914672852,-8.291896732131018e-05,0.09073210693121579,7.956341141834855e-05,-0.05403859689831731,0.05583642199635518,0.004783661374548316,9.482738494873047,-7.191791449092593e-06,0.009129033589943932,2.4495711841154844e-05,-0.00483744703233242,0.005213595135137441
F:\Seminario\Seminario-Clustering\datasets\davi\Al Emadi (2019)\Multiclass_Drone_Audio\membo_1\Membo_1_000-membo_003_.wav,Multiclass_Drone_Audio\membo_1\Membo_1_000-membo_003_.wav,al_emadi,Membo_1_000-membo_003,1.024,0.9813613778776012,8.560004234313965,-0.005248869009529847,0.42600281279196367,0.0004478898481465876,-0.5117084443569183,0.47124082148075097,0.003736872485602947,8.997023582458496,0.0002515546679938963,0.0262884634498446,-0.00040464382618665695,-0.034732461348176,0.033964917436242095,0.004291937342894952,9.96567153930664,0.0002057489137297809,0.01996496292412877,0.0005036915536038578,-0.025302645936608314,0.025441485643386847,0.004981105978630552,10.880908966064453,0.0005154207576630906,0.015215521023391687,0.00011651004024315625,-0.0187221460044384,0.0200131356716156,0.005628706315270258,11.908737182617188,1.525806778748263e-05,0.011449162694589163,2.1486193872988224e-05,-0.0144300633110106,0.014609010424464941
F:\Seminario\Seminario-Clustering\datasets\davi\Al Emadi (2019)\Multiclass_Drone_Audio\unknown\2-134049-A-61.wav,Multiclass_Drone_Audio\unknown\2-134049-A-61.wav,al_emadi,2-134049-A-61,1.0216875,0.03656999974423298,7.1479997634887695,0.001630346197913965,0.03967971658697688,0.00016565691475989297,-0.03222978673875332,0.03277251459658147,0.31792916771481794,7.746854782104492,-0.0008106825645723114,0.11709198044744207,0.0002958795812446624,-0.10868904367089272,0.11314017549157145,0.631695564620029,8.865921974182129,6.02602751433249e-06,0.1169666526300043,-0.0003831889480352402,-0.1186528354883194,0.1208147332072258,0.013398313377186203,10.062192916870117,8.963825452555545e-06,0.012058548813764981,-1.1364463716745377e-05,-0.014122795127332208,0.013617857173085215,0.00040695454373391847,11.261614799499512,6.392082407275515e-07,0.0014867581679459262,1.7709680832922459e-07,-0.001681492431089282,0.0016594652784988285
F:\Seminario\Seminario-Clustering\datasets\davi\Al Emadi (2019)\Multiclass_Drone_Audio\unknown\2-182508-A-82.wav,Multiclass_Drone_Audio\unknown\2-182508-A-82.wav,al_emadi,2-182508-A-82,0.97525,0.022940828403486317,8.606343269348145,1.6336922371799803e-05,0.019269335785032385,-0.00038436654722318053,-0.02197245471179485,0.024117267876863482,0.033941722349852536,8.654768943786621,-0.00039607264182747303,0.023435124025218093,-0.00045244506327435374,-0.02987014688551426,0.02796125710010529,0.4502572221590753,9.257484436035156,7.419245097233483e-05,0.060487102378100975,-0.00017386386025464162,-0.06899123042821884,0.07226048558950424,0.474099328426733,10.274066925048828,-2.1076295846080194e-05,0.043939187035427575,-8.093123324215412e-05,-0.052584105730056764,0.05369703397154808,0.018760898660852822,11.035700798034668,5.95984431540237e-07,0.006183745911748525,-6.21051003690809e-06,-0.007036472205072641,0.006751956883817911
F:\Seminario\Seminario-Clustering\datasets\davi\Al Emadi (2019)\Multiclass_Drone_Audio\unknown\4-178402-A-430.wav,Multiclass_Drone_Audio\unknown\4-178402-A-430.wav,al_emadi,4-178402-A-430,1.0216875,0.2387428243853865,8.434175491333008,0.00022738834615921907,0.13371308573004867,-8.352527584065683e-05,-0.18445376008749007,0.1879669323563576,0.3358824007827602,8.26791000366211,2.687909840487124e-05,0.15859992677781065,8.20823224785272e-05,-0.18388846665620803,0.20400486141443255,0.25958605753006103,9.302301406860352,-8.428870507661134e-06,0.09880657099997954,3.849720087600872e-05,-0.127951517701149,0.1275513917207718,0.14136404988731266,10.11058235168457,-0.00011098534980805269,0.05161496085075194,-3.276766165072331e-06,-0.06339505314826964,0.06454581916332254,0.024424667414479607,11.08857536315918,2.467131546385621e-06,0.015178147761859957,-5.4803231250843965e-06,-0.018540315330028534,0.018830215930938723
F:\Seminario\Seminario-Clustering\datasets\davi\Al Emadi (2019)\Multiclass_Drone_Audio\unknown\1-9886-A-491.wav,Multiclass_Drone_Audio\unknown\1-9886-A-491.wav,al_emadi,1-9886-A-491,1.0216875,0.1331255038877731,7.761355400085449,-7.061164478816033e-05,0.10421064315043478,-0.00010013169594458304,-0.10241008400917052,0.09664384797215463,0.1079655968423835,7.7228498458862305,-0.004095254269599783,0.09375843883489816,-0.0006456293922383338,-0.09842537119984626,0.08565952554345133,0.09909174668715497,8.933897018432617,0.0006930003821323258,0.06371040536493307,0.0002755507593974471,-0.06751548498868942,0.06805745512247086,0.3916737196199768,10.107433319091797,0.0005397006135622081,0.0896672066202147,0.0002727858372963965,-0.09735842943191528,0.09826192408800134,0.26814343296271165,11.063405990600586,-5.2686581513808986e-05,0.052487994734738995,8.834448817651719e-05,-0.05802629552781582,0.05596521124243737
F:\Seminario\Seminario-Clustering\datasets\davi\Al Emadi (2019)\Multiclass_Drone_Audio\unknown\5-191131-A-402.wav,Multiclass_Drone_Audio\unknown\5-191131-A-402.wav,al_emadi,5-191131-A-402,0.97525,0.8955143301250024,8.912336349487305,-0.0013450513618011957,0.4070739845814025,0.017336050048470497,-0.5222869396209716,0.5079200267791749,0.08815784707490118,8.569398880004883,-0.0011035119837561162,0.12771847708027623,-0.0026910218875855207,-0.1490760028362274,0.15481944680213933,0.011334615315519846,9.716168403625488,0.0003446931529909254,0.0324480618608644,-0.00015771191101521254,-0.040361537784338,0.039773000404238694,0.004634010829811571,10.15475845336914,1.8489860839503412e-05,0.014688338805378013,0.00020899309311062098,-0.01588801369071007,0.016007339209318162,0.0003591966547650072,11.625537872314453,-5.317006145083531e-06,0.002893125950982025,-9.800714906305075e-06,-0.0034132766304537654,0.003492710180580616
F:\Seminario\Seminario-Clustering\datasets\davi\Al Emadi (2019)\Multiclass_Drone_Audio\unknown\silence234.wav,Multiclass_Drone_Audio\unknown\silence234.wav,al_emadi,silence234,1.1145,0.0,-0.0,0.0,0.0,0.0,0.0,0.0,0.0,-0.0,0.0,0.0,0.0,0.0,0.0,0.0,-0.0,0.0,0.0,0.0,0.0,0.0,0.0,-0.0,0.0,0.0,0.0,0.0,0.0,0.0,-0.0,0.0,0.0,0.0,0.0,0.0
F:\Seminario\Seminario-Clustering\datasets\davi\Al Emadi (2019)\Multiclass_Drone_Audio\unknown\5-177957-C-401.wav,Multiclass_Drone_Audio\unknown\5-177957-C-401.wav,al_emadi,5-177957-C-401,1.0216875,0.993561104449916,9.118767738342285,0.011251259246587897,0.8345729155396018,0.028922597877681255,-1.0854832291603087,1.106692147254944,0.004252903290473479,8.743402481079102,-0.0002641982432834587,0.05460647331225144,1.8003396689891815e-05,-0.06484494730830193,0.06345217153429987,0.0010193467539127577,9.721080780029297,-0.0001740043940349981,0.01894457652590344,-0.000626755878329277,-0.023168103769421577,0.02249687723815441,0.00033255438525297475,10.677074432373047,2.926340821680822e-05,0.007660063421744233,0.00015963520854711533,-0.009234929829835892,0.009258530661463739,0.0008340911204447945,11.500418663024902,-2.1982985953502297e-05,0.008582362286532797,-6.68112188577652e-05,-0.009832828491926193,0.009979297313839198
F:\Seminario\Seminario-Clustering\datasets\davi\Al Emadi (2019)\Multiclass_Drone_Audio\unknown\5-184871-A-244.wav,Multiclass_Drone_Audio\unknown\5-184871-A-244.wav,al_emadi,5-184871-A-244,0.95975,0.7752618073343822,6.384031295776367,0.0008183740916656686,0.2600142969279924,3.30850416503381e-05,-0.12457331344485283,0.1609968826174743,0.1368525197530865,6.364747047424316,-0.00031191956043717856,0.10924456081033498,1.0896353160205763e-05,-0.061628079041838646,0.06721131280064599,0.06749714802876855,7.961870193481445,0.00011831083679226612,0.054376805656493075,-1.0381991160102189e-06,-0.042257944494485854,0.042768954485654834,0.013601772334342305,8.247302055358887,4.501551021146027e-05,0.017280686176091728,4.778562470164616e-07,-0.010116368718445299,0.010365852713584896,0.006786752549420409,8.924727439880371,-1.2967176841849742e-05,0.008635872865513166,3.288209882157389e-07,-0.00447514783591032,0.004605355300009257
F:\Seminario\Seminario-Clustering\datasets\davi\Al Emadi (2019)\Multiclass_Drone_Audio\unknown\4-250864-A-82.wav,Multiclass_Drone_Audio\unknown\4-250864-A-82.wav,al_emadi,4-250864-A-82,0.97525,0.042207106237183094,6.885356903076172,-0.0015524681847482599,0.04855874721190164,0.0007978933863341808,-0.04746072515845299,0.04308564290404323,0.11963701309641062,8.663545608520508,0.0004185090165209624,0.081794409444405,0.0005287647363729775,-0.10001361966133117,0.09580475240945821,0.3772115303441826,9.683490753173828,-0.001576734428147503,0.10289835577992258,-0.000505924952449277,-0.12723981589078903,0.12695461362600324,0.4093727357258171,10.317852973937988,0.0002552541112574926,0.07589419962637092,0.00011899787932634354,-0.08417339026927947,0.08436098843812943,0.05157161459640657,11.517261505126953,-1.8199906762597903e-05,0.01905742355107342,0.00014824340178165585,-0.022039788775146008,0.022026045247912407
F:\Seminario\Seminario-Clustering\datasets\davi\Al Emadi (2019)\Multiclass_Drone_Audio\unknown\3-144128-A-230.wav,Multiclass_Drone_Audio\unknown\3-144128-A-230.wav,al_emadi,3-144128-A-230,1.0216875,0.0942764780586309,7.813434600830078,0.000304849915334574,0.035818102897765124,0.0003309827734483406,-0.03311926871538162,0.032417992874979984,0.3454210235861898,7.625040531158447,0.0009537414530587713,0.06855655250309095,0.00031711974588688463,-0.06673098132014274,0.05784793123602868,0.36016731196886903,8.708106994628906,-8.405398490062169e-05,0.049613962152678076,-5.778597551397979e-05,-0.047297269105911255,0.048714444041252136,0.15665942245931966,9.77949333190918,0.000341155178791935,0.02316037071357262,-1.9179118680767715e-05,-0.022606091201305387,0.023728119581937792,0.04347576392699061,10.582768440246582,5.9605924332009435e-06,0.008632472280043326,-5.777884325652849e-06,-0.008204875979572535,0.008063920307904484
F:\Seminario\Seminario-Clustering\datasets\davi\Al Emadi (2019)\Multiclass_Drone_Audio\unknown\5-234879-B-10.wav,Multiclass_Drone_Audio\unknown\5-234879-B-10.wav,al_emadi,5-234879-B-10,1.0216875,0.04754706544420008,8.133776664733887,-0.0014835768832358333,0.1765434861278006,-0.0002947550965473056,-0.19317584484815598,0.18345348387956625,0.42958092459036334,8.582545280456543,-0.003921096503945945,0.5306593460268003,0.002251709229312837,-0.726092791557312,0.6456059992313385,0.4255319271543049,9.74455451965332,0.001209597890420809,0.374287005596511,0.001398664666339755,-0.4976486563682556,0.5022745728492737,0.083625427117025,10.585521697998047,1.2748352341085851e-05,0.11745515536339818,-0.0012515241978690028,-0.1472502440214157,0.15038572549819956,0.013714655694106733,11.298491477966309,1.0065510315442182e-05,0.03365058872845341,-6.957193545531482e-05,-0.03813807852566242,0.03879373148083687
F:\Seminario\Seminario-Clustering\datasets\davi\Al Emadi (2019)\Multiclass_Drone_Audio\unknown\1-39937-A-283.wav,Multiclass_Drone_Audio\unknown\1-39937-A-283.wav,al_emadi,1-39937-A-283,1.0216875,0.9331327943714105,8.804058074951172,-0.0004968639211989126,0.05653340002927863,-0.0013646507286466658,-0.07259467020630836,0.07048006951808931,0.008301600967239395,8.884775161743164,4.613221300812777e-05,0.005332303043075604,0.0002870034222723916,-0.006620966410264373,0.006571968924254179,0.010117427066019419,9.919336318969727,4.667682086983671e-05,0.0041715148455761806,0.00011129549238830805,-0.005402863025665283,0.005201135296374559,0.02835819920627741,10.9518461227417,1.466975113603207e-05,0.00494407801589644,1.1873780749738216e-06,-0.0063671542331576346,0.006303632818162441,0.02008997838905333,11.905729293823242,5.173718261299854e-06,0.0029439761715894562,-1.554811115056509e-05,-0.0037533311638981103,0.003713100100867451
F:\Seminario\Seminario-Clustering\datasets\davi\Al Emadi (2019)\Multiclass_Drone_Audio\unknown\1-27403-A-282.wav,Multiclass_Drone_Audio\unknown\1-27403-A-282.wav,al_emadi,1-27403-A-282,0.97525,0.9656505431654702,9.007466316223145,0.0004923662242801985,0.6091143956506728,-0.017543714493513107,-0.7737316846847534,0.8598415970802311,0.028426609392272602,8.47178840637207,4.7695227406704886e-05,0.10450847332445337,-0.0023533799685537815,-0.12093573659658433,0.13494324088096624,0.0031390372091133247,9.58460521697998,0.0001829827674169881,0.0246062624638948,0.00047472864389419556,-0.030727779679000377,0.03100886177271604,0.0017342075085511857,10.398578643798828,4.510260587890978e-05,0.012947680131915884,0.00017293007113039494,-0.015552708506584167,0.014487470872700216,0.0010496027245927647,11.489370346069336,2.639266796905781e-05,0.007126248969786736,-1.2757605873048306e-05,-0.008432218804955482,0.008634793572127819
F:\Seminario\Seminario-Clustering\datasets\davi\Al Emadi (2019)\Multiclass_Drone_Audio\unknown\1-34119-A-11.wav,Multiclass_Drone_Audio\unknown\1-34119-A-11.wav,al_emadi,1-34119-A-11,1.0216875,0.027071435668231503,8.336502075195312,5.1378611394426225e-05,0.014159701330800977,0.0,-0.01692090630531311,0.01684706173837185,0.22170271943014408,8.548076629638672,0.00020475542768416872,0.040521105825360844,0.0,-0.06097885742783546,0.061339033767580986,0.5265990919762313,9.168610572814941,-9.734215727899571e-05,0.044256400791929745,0.0,-0.05377669632434845,0.052234895527362823,0.1791929122802609,10.236983299255371,6.781948197796368e-06,0.01827508580519283,0.0,-0.021962033584713932,0.023202887922525412,0.04543384064513211,10.700220108032227,-1.266666520923585e-06,0.0065100767112534095,0.0,-0.007078715646639466,0.007022171234712005
F:\Seminario\Seminario-Clustering\datasets\davi\Al Emadi (2019)\Multiclass_Drone_Audio\unknown\5-189795-A-42.wav,Multiclass_Drone_Audio\unknown\5-189795-A-42.wav,al_emadi,5-189795-A-42,0.97525,0.0024107861027742265,8.993600845336914,0.006440864023996473,0.044846860703414294,0.007588555105030537,-0.05455779358744621,0.06474891752004625,0.0026599532782925726,8.217289924621582,-0.0010670634755386406,0.04757884930512852,0.00024896333343349397,-0.054803463816642764,0.048143988102674506,0.3510144626768147,7.885011196136475,0.009563832145232855,0.3872457242131287,-0.001982953632250428,-0.21680739372968671,0.17439454048871994,0.6259235363835268,8.855772972106934,0.00019837995516123178,0.3661860173621376,0.00023596629034727812,-0.20231256783008575,0.1985923558473588,0.017991261558591702,8.952452659606934,4.5081714239966234e-05,0.043921704999555285,-5.661009709001519e-05,-0.018315212801098824,0.017464949749410152
F:\Seminario\Seminario-Clustering\datasets\davi\Al Emadi (2019)\Multiclass_Drone_Audio\unknown\2-127109-A-61.wav,Multiclass_Drone_Audio\unknown\2-127109-A-61.wav,al_emadi,2-127109-A-61,1.0216875,0.03992981587830965,6.194459915161133,-5.514400581181054e-05,0.04734731527170498,-0.00010511929576750845,-0.012386086490005254,0.009870481491088868,0.8321581508573697,5.984928607940674,0.0009202886389334487,0.21614539448504488,-5.029287422075868e-07,-0.024398090504109855,0.031046578474342845,0.11233394421412937,6.718752861022949,9.597541187721658e-05,0.05627786987078399,0.00010591537284199148,-0.010360226035118103,0.010674269869923592,0.014648817645570168,7.367320537567139,7.919664616374026e-05,0.014385978571605016,7.4319104896858335e-06,-0.003651054948568344,0.0035511887632310424,0.0009292714046211076,9.051244735717773,5.302315889815769e-06,0.0025633766226333572,1.3526459952117875e-05,-0.0015190993435680866,0.0015182508854195476
F:\Seminario\Seminario-Clustering\datasets\davi\Al Emadi (2019)\Multiclass_Drone_Audio\unknown\5-243459-B-144.wav,Multiclass_Drone_Audio\unknown\5-243459-B-144.wav,al_emadi,5-243459-B-144,0.95975,0.00618985850587315,2.0946104526519775,-0.0014139817003176877,0.021933197933810412,-3.876545815728605e-05,-0.0025093147065490483,0.002084347791969778,0.0015020007176773298,7.773655891418457,-1.6293882327389395e-05,0.010826716600918836,-0.00028453877894207835,-0.011242517083883286,0.011898312624543906,0.13036528403650394,9.213035583496094,-0.0006331802023563292,0.07148632287071612,-0.0008741358760744333,-0.08067110329866409,0.07812711596488958,0.6638014615193426,10.506662368774414,0.0011096160512310677,0.11419584959066272,0.00020268323714844882,-0.13015249967575074,0.1413907080888748,0.198141395220603,11.46961784362793,-3.766981441350391e-06,0.04414183169255406,6.269434379646555e-05,-0.05124353319406509,0.05224771499633794
F:\Seminario\Seminario-Clustering\datasets\davi\Al Emadi (2019)\Multiclass_Drone_Audio\unknown\4-125929-A-402.wav,Multiclass_Drone_Audio\unknown\4-125929-A-402.wav,al_emadi,4-125929-A-402,0.97525,0.901778864259413,8.831969261169434,-0.0032610274507405496,0.5139454056111697,-0.04290897026658058,-0.6279182076454163,0.7009222745895387,0.06360820084551665,8.885894775390625,-0.001222958714731553,0.13649439251170997,0.004407826811075211,-0.17213343679904938,0.1637191474437714,0.020909709420148324,9.668363571166992,0.0017295814298183218,0.05542538803841938,0.0006852787919342518,-0.06414365395903587,0.07222695872187614,0.011167390621826548,10.597517967224121,-9.673794816477672e-05,0.028688255673301254,0.0002545473398640752,-0.03442934602499008,0.034113481640815735,0.0025358348530955016,11.257938385009766,-9.610859609361178e-06,0.009671602761831788,6.31638104096055e-05,-0.010623721405863762,0.01057572290301323
F:\Seminario\Seminario-Clustering\datasets\davi\Al Emadi (2019)\Multiclass_Drone_Audio\unknown\4-157297-A-213.wav,Multiclass_Drone_Audio\unknown\4-157297-A-213.wav,al_emadi,4-157297-A-213,1.0216875,0.28995906754100265,7.03674840927124,-0.002950058868710607,0.24571536877580924,9.57353194053212e-07,-0.21294162571430206,0.15977852940559395,0.06893348129956445,6.9509758949279785,0.0005599651586868354,0.11981346600291906,1.0813433704015551e-07,-0.07713106498122214,0.07362286001443864,0.20818765843759376,7.894642353057861,0.001799745359731395,0.1475455865690434,0.0,-0.08527540415525436,0.09554195404052734,0.22897839473332599,9.05874252319336,0.0009503682219728622,0.10954029260991097,0.0,-0.07407964766025542,0.08159536570310594,0.20394139798851313,9.367204666137695,0.0005104765501842491,0.07313620705276147,0.0,-0.03269450329244136,0.035022979602217674
F:\Seminario\Seminario-Clustering\datasets\davi\Al Emadi (2019)\Multiclass_Drone_Audio\unknown\3-129678-A-130.wav,Multiclass_Drone_Audio\unknown\3-129678-A-130.wav,al_emadi,3-129678-A-130,1.0216875,0.11689462400921488,9.026778221130371,1.7824615080596753e-05,0.053155713728030865,-0.0013876707525923848,-0.06668266877532004,0.0712334655225277,0.004150169862824012,9.03445816040039,0.00019033847487468308,0.010013990824879308,0.0002458469243720174,-0.013010497018694877,0.012761964183300735,0.0026135909238826516,9.942221641540527,-9.128487769354599e-05,0.005631839318514678,-0.00027096347184851766,-0.007044478785246611,0.007294471375644207,0.38872077825903206,10.778818130493164,-0.002074714090703615,0.048581806605892466,-0.0007367889047600329,-0.06509842574596404,0.05626052021980286,0.4876208369450464,11.90474796295166,2.557637315931839e-05,0.03852909346469572,-2.786837285384536e-06,-0.04901588335633278,0.0494408518075943
F:\Seminario\Seminario-Clustering\datasets\davi\Al Emadi (2019)\Multiclass_Drone_Audio\unknown\2-92627-A-271.wav,Multiclass_Drone_Audio\unknown\2-92627-A-271.wav,al_emadi,2-92627-A-271,1.0216875,0.03932724066062669,8.235916137695312,6.429783318099086e-05,0.011163775013291084,-3.8126563595142215e-05,-0.011696163192391395,0.0130430418998003,0.06992612047970263,8.286796569824219,-0.0025965223723449404,0.014658260124501523,-0.001451146905310452,-0.01939429435878992,0.013000096287578346,0.5169804882568788,9.299619674682617,-0.00015976980137061354,0.028683865044818107,-0.000442571472376585,-0.032350510358810425,0.03131076321005821,0.2940408505047021,10.206096649169922,0.00010705725058536709,0.0153130779791353,-0.00011434644693508744,-0.016659698262810708,0.0169559769332409,0.07972530009808976,11.15440559387207,5.167402698550917e-05,0.005640874841207799,7.314749382203445e-05,-0.006077576521784067,0.006122699100524188
F:\Seminario\Seminario-Clustering\datasets\davi\Al Emadi (2019)\Multiclass_Drone_Audio\membo_1\mixed_membo_23-membo_001_.wav,Multiclass_Drone_Audio\membo_1\mixed_membo_23-membo_001_.wav,al_emadi,mixed_membo_23-membo_001,1.024,0.96372477106838,9.373625755310059,-0.008363240842920432,0.5392008593171651,-0.06372542679309845,-0.6930361032485962,0.7485028386116026,0.01590588642508769,8.795141220092773,0.0012850773088948066,0.06926766097247467,0.001229243353009224,-0.08351429924368858,0.08553768694400786,0.009940052802808214,9.807830810546875,0.00034554483657340244,0.03880943761118995,0.00040069129317998886,-0.04818742722272873,0.048884667456150055,0.005422952698743579,10.895426750183105,-0.00013064270482881826,0.02028977441723717,-0.00036485050804913044,-0.026303044520318508,0.025737741217017177,0.005006337004980611,11.880817413330078,2.1404320298822025e-06,0.013791934747634436,1.3150274753570557e-06,-0.01761229056864977,0.017398841679096222
F:\Seminario\Seminario-Clustering\datasets\davi\Al Emadi (2019)\Multiclass_Drone_Audio\unknown\1-18755-B-40.wav,Multiclass_Drone_Audio\unknown\1-18755-B-40.wav,al_emadi,1-18755-B-40,1.0216875,0.06420976396069841,8.11181354522705,-0.0005663684283205742,0.08980243664232741,-0.0022619583178311586,-0.08588099703192711,0.09421599805355071,0.08009253312374964,7.096518039703369,-0.0008559776214982759,0.1002943336176896,-0.0002851847093552351,-0.07233126014471053,0.07846799269318581,0.33258812583233943,8.229938507080078,0.00025468049509262236,0.14483871612894106,0.00013426717487163842,-0.12047819048166275,0.1277724951505661,0.4680504444260724,8.772682189941406,0.0007274100094282379,0.1216277039955127,-5.8756271755555645e-05,-0.07428173571825027,0.0741017132997513,0.05505913265714013,9.590736389160156,-5.79289319857781e-06,0.02951249533076662,-4.3319290853105485e-05,-0.016565010510385034,0.015473299380391837
F:\Seminario\Seminario-Clustering\datasets\davi\Al Emadi (2019)\Multiclass_Drone_Audio\unknown\2-106014-A-441.wav,Multiclass_Drone_Audio\unknown\2-106014-A-441.wav,al_emadi,2-106014-A-441,1.0216875,0.7949096743856158,8.94994068145752,0.0008945693510575491,0.21918158841875227,-0.000282426830381155,-0.27898446917533876,0.2874727785587311,0.06959372207774404,8.927770614624023,0.0006288150824986181,0.06485051087659129,0.0007957767229527235,-0.0835905060172081,0.08388110473752022,0.1084015112127508,9.920073509216309,-5.084383855133373e-05,0.05735906503143008,0.0003286944702267647,-0.07576781511306763,0.07376337051391602,0.023820628741964944,10.928868293762207,-8.820572690806728e-05,0.019033492863940866,0.0002654646523296833,-0.024635339528322215,0.024107264727354055,0.0032744635819244704,11.911901473999023,7.5327382707488e-06,0.004992446654669569,-3.035273402929306e-05,-0.0063976315315812824,0.006340132467448712
F:\Seminario\Seminario-Clustering\datasets\davi\Al Emadi (2019)\Multiclass_Drone_Audio\unknown\5-260011-A-343.wav,Multiclass_Drone_Audio\unknown\5-260011-A-343.wav,al_emadi,5-260011-A-343,1.0216875,0.0,-0.0,0.0,0.0,0.0,0.0,0.0,0.0,-0.0,0.0,0.0,0.0,0.0,0.0,0.0,-0.0,0.0,0.0,0.0,0.0,0.0,0.0,-0.0,0.0,0.0,0.0,0.0,0.0,0.0,-0.0,0.0,0.0,0.0,0.0,0.0
F:\Seminario\Seminario-Clustering\datasets\davi\Al Emadi (2019)\Multiclass_Drone_Audio\unknown\1-52290-A-301.wav,Multiclass_Drone_Audio\unknown\1-52290-A-301.wav,al_emadi,1-52290-A-301,1.0216875,0.7678246035294569,7.757072925567627,-0.0007888072871390297,0.057991853428624764,0.0,-0.05859528630971908,0.06148447170853615,0.09169472853343699,5.57128381729126,-0.00027154167211010735,0.020040497741294395,0.0,-0.005698036542162299,0.0053920959122479,0.1314519926130761,5.603496074676514,-6.102933519066687e-05,0.017005631161865608,0.0,-0.003254333045333624,0.003193923272192478,0.008194664497501778,6.750217437744141,-1.016590216948894e-05,0.003005640285687643,0.0,-0.0012494322843849659,0.001252241292968393,0.0008340108265282046,7.685055732727051,-8.379693286667815e-07,0.0006783545058673034,0.0,-0.00030461395217571405,0.00031091566197574146
F:\Seminario\Seminario-Clustering\datasets\davi\Al Emadi (2019)\Multiclass_Drone_Audio\membo_1\mixed_membo_48-membo_001_.wav,Multiclass_Drone_Audio\membo_1\mixed_membo_48-membo_001_.wav,al_emadi,mixed_membo_48-membo_001,1.024,0.7853768797827254,8.276006698608398,0.00018902161881028016,0.09399606556780937,0.0002549926866777241,-0.09961391389369964,0.11179539561271665,0.012317370796808051,9.011619567871094,-7.952641497876915e-06,0.011771462009217516,0.00023460785450879484,-0.016031474992632865,0.01512912083417177,0.04208709959611077,9.981117248535156,0.00018582023161722896,0.015418723221273254,0.0008258974994532764,-0.020612680166959763,0.019170881807804116,0.09202041646541796,10.834053039550781,7.214981460310898e-05,0.016138058702570048,-6.59338547848165e-05,-0.02003554832190275,0.020602073147892953,0.06819823335893783,11.878934860229492,3.3309429385875176e-06,0.009828719040030461,-7.178680243669078e-05,-0.012496798764914274,0.01226585591211915
F:\Seminario\Seminario-Clustering\datasets\davi\Al Emadi (2019)\Multiclass_Drone_Audio\unknown\1-58277-A-30.wav,Multiclass_Drone_Audio\unknown\1-58277-A-30.wav,al_emadi,1-58277-A-30,1.0216875,0.37272084320312526,9.022443771362305,-0.0005013063993616916,0.7432466494034106,0.20781048387289047,-1.330888569355011,0.7587116241455079,0.3394475768726724,8.76900863647461,0.008581331036578032,0.7092441909125685,0.01840035617351532,-0.8057343482971191,0.9547326982021332,0.274751593628269,9.77195930480957,-0.0007477997602855851,0.4522166009088667,0.012204360216856003,-0.5893312692642212,0.616597592830658,0.012650330422878876,10.546433448791504,0.00010290488972418027,0.06868934766478078,0.0021990330424159765,-0.08105945736169815,0.07848245948553087,0.0004296558730544134,10.505666732788086,2.7887725585234412e-05,0.008955596736722896,7.993541657924652e-06,-0.008184938039630652,0.007923022471368312
F:\Seminario\Seminario-Clustering\datasets\davi\Al Emadi (2019)\Multiclass_Drone_Audio\unknown\2-118817-A-323.wav,Multiclass_Drone_Audio\unknown\2-118817-A-323.wav,al_emadi,2-118817-A-323,1.0216875,0.8571628027295004,8.815074920654297,0.0004159959376443774,0.05735177828917539,-0.0030868463218212128,-0.07005023509263993,0.06948285400867463,0.0008615347380974286,8.423713684082031,-3.874049229814119e-06,0.0018182854670271038,1.4791236026212573e-05,-0.0020531601505354045,0.0020457133185118447,0.0021866976304204346,7.643805027008057,5.283044098525581e-06,0.002052841180251163,2.9654183890670538e-05,-0.0014578895643353462,0.001457692589610815,0.019056058529268904,6.089784145355225,6.15041983727646e-05,0.0042893976164106885,-1.2634031008929014e-05,-0.0016631762264296412,0.001698901248164476,0.1207329063727128,7.861536979675293,7.4131932712228335e-06,0.007638961803541786,8.288709068438038e-06,-0.002650153404101729,0.002525472175329924
F:\Seminario\Seminario-Clustering\datasets\davi\Al Emadi (2019)\Multiclass_Drone_Audio\bebop_1\mixed_6-bebop_002_.wav,Multiclass_Drone_Audio\bebop_1\mixed_6-bebop_002_.wav,al_emadi,mixed_6-bebop_002,1.024,0.5569538546816062,8.646120071411133,-0.0008085190418978175,0.15796473382416382,-0.0012657176121138036,-0.18815964609384536,0.19372804909944533,0.033206911591922725,8.91162109375,-0.006361896379121742,0.038043578228272895,-0.0060003227554261684,-0.0560921486467123,0.0415276538580656,0.07974213753686703,9.967880249023438,0.005102761355344146,0.04204938601772978,0.005072975531220436,-0.04704251289367676,0.05870567932724954,0.18665270900486736,10.94272232055664,0.0008721323720317525,0.045860297724417486,0.001628468744456768,-0.059639168903231614,0.05986427441239357,0.14344438718473665,11.93794059753418,2.344372257320533e-05,0.028447016037847692,0.0002518793917261064,-0.036661406978964806,0.03609001450240612
F:\Seminario\Seminario-Clustering\datasets\davi\Al Emadi (2019)\Multiclass_Drone_Audio\unknown\5-237315-A-310.wav,Multiclass_Drone_Audio\unknown\5-237315-A-310.wav,al_emadi,5-237315-A-310,1.0216875,0.8317099588136445,7.653077125549316,0.0001149590241890039,0.028312751444450834,0.00025398796424269676,-0.02255394123494625,0.02420299556106329,0.012372879300312131,8.676895141601562,-0.00012105482382695892,0.0034511837340253128,-0.0002393552422290668,-0.004150445107370615,0.0040128906723111875,0.012399424656975378,8.85366439819336,9.923762343360816e-05,0.0024478209823857967,3.922538598999381e-05,-0.002556223887950182,0.002786230994388461,0.07210939190629448,6.8069586753845215,-4.152052728137163e-06,0.004182087772706588,-2.1263258531689644e-07,-0.0020816977601498363,0.0021258510649204265,0.07140834532277344,7.443155765533447,7.900756593670795e-07,0.0029442128331185697,9.256201337848324e-06,-0.0013919802149757743,0.0014178507728502155
F:\Seminario\Seminario-Clustering\datasets\davi\Al Emadi (2019)\Multiclass_Drone_Audio\unknown\2-78651-A-441.wav,Multiclass_Drone_Audio\unknown\2-78651-A-441.wav,al_emadi,2-78651-A-441,1.0216875,0.5844399231827879,7.42653226852417,0.0006538561872094734,0.23889817675659242,0.0015923246974125504,-0.20954584181308744,0.18621002435684209,0.043215956099996705,6.263774871826172,0.0017152733219509438,0.0649404296792927,0.0002809515281114727,-0.03800676353275776,0.03435108326375484,0.23653528134858806,7.23846435546875,0.000722105139012513,0.10770069743859749,0.0009371004998683929,-0.05436411499977112,0.05565435439348221,0.07344378588386141,7.465508937835693,-0.00014362978839595121,0.04248321012803213,-6.670644506812096e-05,-0.02303366959095001,0.0231179989874363,0.062365053484765856,7.673980236053467,-5.7113104165540106e-05,0.027695507233165297,2.4150809622369707e-05,-0.008684341702610253,0.009059284254908562
F:\Seminario\Seminario-Clustering\datasets\davi\Al Emadi (2019)\Multiclass_Drone_Audio\unknown\4-223125-A-144.wav,Multiclass_Drone_Audio\unknown\4-223125-A-144.wav,al_emadi,4-223125-A-144,0.95975,0.362158866675358,8.792933464050293,0.00023307187859982075,0.032917326087788,0.0004561424138955772,-0.041371966153383254,0.041396027803421026,0.04698422618995558,8.857990264892578,0.0006699039413659133,0.011837708554250922,0.0002688769600354135,-0.014779990911483765,0.016028300486505033,0.05629431068798927,9.895633697509766,-0.00030294841581025015,0.009193466784526799,-0.0001984031405299902,-0.011965007707476615,0.011461041308939457,0.206596668543166,10.79774284362793,0.00019675768992716145,0.012473347924510427,0.00022777548292651772,-0.01538309548050165,0.015770651027560235,0.32796592790353113,11.620962142944336,5.234673706740936e-05,0.01111977469602667,1.5502359019592404e-05,-0.013602284342050552,0.013630523439496759
F:\Seminario\Seminario-Clustering\datasets\davi\Al Emadi (2019)\Multiclass_Drone_Audio\unknown\1-36400-A-234.wav,Multiclass_Drone_Audio\unknown\1-36400-A-234.wav,al_emadi,1-36400-A-234,0.95975,0.0,-0.0,0.0,0.0,0.0,0.0,0.0,0.0,-0.0,0.0,0.0,0.0,0.0,0.0,0.0,-0.0,0.0,0.0,0.0,0.0,0.0,0.0,-0.0,0.0,0.0,0.0,0.0,0.0,0.0,-0.0,0.0,0.0,0.0,0.0,0.0
F:\Seminario\Seminario-Clustering\datasets\davi\Al Emadi (2019)\Multiclass_Drone_Audio\unknown\2-104952-B-160.wav,Multiclass_Drone_Audio\unknown\2-104952-B-160.wav,al_emadi,2-104952-B-160,1.0216875,0.8772628560211171,8.851165771484375,-0.0009567074562158454,0.09023600384977529,-0.002074518008157611,-0.11318627893924713,0.10829454585909845,0.1022640986005446,8.879343032836914,-0.00023807706735187292,0.03080973896658304,0.00040957715827971697,-0.0382965337485075,0.038083945587277415,0.012390778505371843,9.919721603393555,2.5621307787607115e-05,0.007600147173411582,-0.00010547987767495215,-0.009700468741357327,0.009533291682600975,0.006061966900076333,10.875913619995117,3.9548859824762375e-05,0.0037628763687445202,-3.589976404327899e-05,-0.004599078185856342,0.004829519521445039,0.002020299972890159,11.74863052368164,3.648044182175925e-06,0.0015368842778944482,6.186019163578749e-07,-0.0018745523993857205,0.0018916081055067482
F:\Seminario\Seminario-Clustering\datasets\davi\Al Emadi (2019)\Multiclass_Drone_Audio\unknown\3-103598-A-252.wav,Multiclass_Drone_Audio\unknown\3-103598-A-252.wav,al_emadi,3-103598-A-252,0.97525,0.7772525099841638,8.768743515014648,-0.002938170127045117,0.08750759134742772,-0.0024391331244260073,-0.10719936490058898,0.10427400171756744,0.02075930052314177,7.437710762023926,6.330306695346434e-05,0.014309070416333836,0.0005932007916271687,-0.013667293451726436,0.013364086858928205,0.039068978188679576,7.559751510620117,-0.0002634818960957831,0.01390649909681335,8.638735016575083e-05,-0.011528268549591303,0.011477605067193508,0.0797934525535051,7.853595733642578,0.0001794611765365693,0.014070602176333834,5.004458944313228e-05,-0.009411968104541302,0.009668980538845063,0.08312575875050976,9.159590721130371,-3.365385472889295e-05,0.010161018907308866,-1.9456569134490564e-05,-0.006563583388924599,0.006477418355643749
F:\Seminario\Seminario-Clustering\datasets\davi\Al Emadi (2019)\Multiclass_Drone_Audio\bebop_1\mixed_25-bebop_003_.wav,Multiclass_Drone_Audio\bebop_1\mixed_25-bebop_003_.wav,al_emadi,mixed_25-bebop_003,1.024,0.8784575449866124,8.913501739501953,-0.003003009387527506,0.32532949710744274,0.021837253123521805,-0.42913601994514466,0.3870424091815948,0.02078542124632176,9.022543907165527,-0.0004089283600112048,0.05004336119259527,-0.00039492780342698097,-0.06644014120101928,0.06431217193603515,0.025559821178046338,9.890636444091797,0.001119842740577938,0.039311376983668246,0.0006074104458093643,-0.048395320773124695,0.05219271332025529,0.04391598865928092,10.948957443237305,-0.0002706808002069883,0.036485721082443426,-8.13205842860043e-05,-0.04725091382861137,0.045898650959134105,0.031281223929738575,11.940377235412598,-0.00010449618360522621,0.021784986372637,-7.928865670692176e-05,-0.027660302817821503,0.027697140350937843
F:\Seminario\Seminario-Clustering\datasets\davi\Al Emadi (2019)\Multiclass_Drone_Audio\bebop_1\B_S2_D1_069-bebop_004_.wav,Multiclass_Drone_Audio\bebop_1\B_S2_D1_069-bebop_004_.wav,al_emadi,B_S2_D1_069-bebop_004,0.896,0.22726511640156452,8.30023193359375,0.0022644402392186557,0.13043722725910506,0.003530563088133931,-0.13936433345079421,0.14121718108654024,0.05779017893626989,8.746894836425781,-0.0004183933019019412,0.0657837825325132,0.0008334434533026069,-0.08716247156262398,0.08356347829103469,0.17471076506836886,9.76021957397461,-0.001994190950278222,0.08105833513371884,-0.003011989640071988,-0.1083425536751747,0.10093372911214829,0.31974706828347943,10.707959175109863,0.0008249640432030772,0.07764551281614332,0.001104047754779458,-0.0976231925189495,0.09737803265452386,0.22048687131031733,11.7478609085083,-6.68592066043237e-05,0.04562003062858648,-0.0007186683942563832,-0.05876430496573448,0.05802307128906254
F:\Seminario\Seminario-Clustering\datasets\davi\Al Emadi (2019)\Multiclass_Drone_Audio\unknown\4-179984-A-380.wav,Multiclass_Drone_Audio\unknown\4-179984-A-380.wav,al_emadi,4-179984-A-380,1.0216875,0.14784804728580891,6.568935394287109,9.288327300876438e-06,0.006806295249735285,3.7839781725779176e-05,-0.0035550235537812115,0.0035300961229950195,0.03160220103182161,6.281393051147461,7.926746345039815e-05,0.003145749887609593,7.613008165208157e-06,-0.001838029467035085,0.0018666503601707522,0.15505036409555514,6.701344966888428,-6.11786980014409e-06,0.004939411804525713,-1.8850596461561508e-07,-0.0017968800384551287,0.001898529240861535,0.5554360458007644,6.582534313201904,-4.2389544268874704e-05,0.0066177327795331,7.085441211529542e-07,-0.0016003919765353201,0.0016629369929432878,0.11006334178604989,8.078575134277344,1.712687576786825e-06,0.0020841051696801997,-2.0750519524881383e-08,-0.000667608919320628,0.000659141136566177
F:\Seminario\Seminario-Clustering\datasets\davi\Al Emadi (2019)\Multiclass_Drone_Audio\bebop_1\mixed_42-bebop_002_.wav,Multiclass_Drone_Audio\bebop_1\mixed_42-bebop_002_.wav,al_emadi,mixed_42-bebop_002,1.024,0.7787996615138724,8.613862991333008,-0.001730420580788068,0.2090202626890461,-0.0036454452201724052,-0.25978670120239256,0.2577989816665649,0.0195293581782431,8.919833183288574,0.0007237919671187996,0.03309257162217741,0.0005829896545037627,-0.038785699382424356,0.04387218803167343,0.05150288923675842,9.960309982299805,-0.0005651060720523842,0.03808836530364639,-0.0007816024590283632,-0.047045979648828506,0.04847580492496492,0.08753811793468941,10.887411117553711,0.0011175166032433308,0.035132691049895075,0.0009593366121407598,-0.04248091466724872,0.04529444612562657,0.06262997313643669,11.927127838134766,3.562050562594488e-05,0.021033897803409907,-0.0001576632639626041,-0.02644540462642908,0.026810294948518276
F:\Seminario\Seminario-Clustering\datasets\davi\Al Emadi (2019)\Multiclass_Drone_Audio\bebop_1\B_S2_D1_107-bebop_000_.wav,Multiclass_Drone_Audio\bebop_1\B_S2_D1_107-bebop_000_.wav,al_emadi,B_S2_D1_107-bebop_000,1.024,0.9074276154073478,8.64335823059082,-0.006560138728363122,0.7931860497637694,-0.014534699264913797,-0.9671647131443023,0.9179751813411711,0.024819755402581963,7.870615005493164,0.006154929211136683,0.13104007816515173,0.0015400787815451622,-0.12543689906597139,0.13264681249856947,0.021530831276538775,9.393844604492188,-0.0008750514497803728,0.0865816966114134,0.00021327566355466843,-0.10042759329080582,0.0941284701228142,0.027572190949034542,10.861387252807617,0.00033776816203137634,0.06935159415196887,0.00011443538824096322,-0.08723461329936981,0.08722646534442902,0.01864960696449683,11.921110153198242,-0.00010459542943103289,0.040351174138458235,-0.00015190872363746166,-0.05281633324921131,0.05148579552769661
F:\Seminario\Seminario-Clustering\datasets\davi\Al Emadi (2019)\Multiclass_Drone_Audio\unknown\4-177835-A-244.wav,Multiclass_Drone_Audio\unknown\4-177835-A-244.wav,al_emadi,4-177835-A-244,0.95975,0.0,-0.0,0.0,0.0,0.0,0.0,0.0,0.0,-0.0,0.0,0.0,0.0,0.0,0.0,0.0,-0.0,0.0,0.0,0.0,0.0,0.0,0.0,-0.0,0.0,0.0,0.0,0.0,0.0,0.0,-0.0,0.0,0.0,0.0,0.0,0.0
F:\Seminario\Seminario-Clustering\datasets\davi\Al Emadi (2019)\Multiclass_Drone_Audio\unknown\1-72195-A-374.wav,Multiclass_Drone_Audio\unknown\1-72195-A-374.wav,al_emadi,1-72195-A-374,0.95975,0.9332942956345237,8.494924545288086,-0.0007122022362892487,0.0010165083072964233,-0.0007394492859020829,-0.0017722702585160732,0.00034614610776770885,0.034332438857373485,7.814584732055664,5.950376905842828e-07,0.00023805401002757702,-5.337030870578019e-06,-0.0002441950244246982,0.0002529458288336173,0.012833624794453822,9.863032341003418,-1.3185012272438992e-06,0.00010314793193489317,-2.3225770746648777e-06,-0.0001327799371210858,0.00013033588475082073,0.010379547560168519,10.807027816772461,-1.1391050110366612e-06,6.566560016769728e-05,-1.1954739420616534e-06,-8.519341790815815e-05,8.226195641327649e-05,0.009160093153480434,11.797927856445312,-2.389176929628566e-07,4.364841745186439e-05,-1.6784645140432985e-07,-5.5027711641741914e-05,5.5011998847476246e-05
F:\Seminario\Seminario-Clustering\datasets\davi\Al Emadi (2019)\Multiclass_Drone_Audio\unknown\5-251426-B-304.wav,Multiclass_Drone_Audio\unknown\5-251426-B-304.wav,al_emadi,5-251426-B-304,0.95975,0.9614226445020972,8.159500122070312,3.8023519823757246e-05,0.0017538194363889929,0.0,-0.0018936316249892116,0.0020100718364119536,0.011367425827759877,8.354848861694336,-3.998291168945681e-06,0.00019070645860755096,0.0,-0.0002305719899595715,0.00022484254586743198,0.008180076119484653,9.370454788208008,-6.368058483883402e-07,0.00011468286782086684,0.0,-0.00014484075654763726,0.00013907293614465747,0.00806371152060452,10.544672966003418,-1.1300286789746004e-06,8.060167322482205e-05,0.0,-0.00010680369014153257,0.00010082441294798627,0.010966142030053713,11.539409637451172,-8.524492650864697e-08,6.650539150449689e-05,0.0,-8.479092866764404e-05,8.487638624501415e-05
F:\Seminario\Seminario-Clustering\datasets\davi\Al Emadi (2019)\Multiclass_Drone_Audio\unknown\4-172734-A-360.wav,Multiclass_Drone_Audio\unknown\4-172734-A-360.wav,al_emadi,4-172734-A-360,1.0216875,0.12209554143197861,9.045859336853027,-0.004005782127163364,0.3390969533418786,-0.007110567530617118,-0.4613842725753784,0.4309737026691437,0.35543012488140774,9.010122299194336,0.0010223819770244428,0.5786030529209178,-0.0222072871401906,-0.7312726736068725,0.7710035681724549,0.2910781746456434,9.974695205688477,-0.0060470385376140585,0.3710113529552237,-0.0017238245345652103,-0.4928869605064392,0.4690525531768799,0.1839719708295724,10.95920181274414,-0.001036143904460165,0.20882019287080386,-0.001303370576351881,-0.2706378996372223,0.2682276248931885,0.04742418821139788,11.937410354614258,0.0003537720853619288,0.07500573139549946,-0.00046932080294936895,-0.09574257358908653,0.0963911958038807
F:\Seminario\Seminario-Clustering\datasets\davi\Al Emadi (2019)\Multiclass_Drone_Audio\unknown\4-198965-A-381.wav,Multiclass_Drone_Audio\unknown\4-198965-A-381.wav,al_emadi,4-198965-A-381,1.0216875,0.4233244592982727,6.891901016235352,-0.00018685511372186915,0.02640903979915636,0.00026889894797932357,-0.015916718728840352,0.016436911188066023,0.04715736523269254,5.921540260314941,2.1427503808137895e-05,0.008814552765936555,-0.00019160703232046217,-0.0037088881246745585,0.0034379775868728776,0.2788745987451738,5.549984455108643,0.0004772156278488244,0.015182826221007265,7.496049511246383e-05,-0.0011303855571895838,0.0016062307404354215,0.2173112776842273,6.904497146606445,-0.0001691136284952183,0.009490666734305302,-5.089117257739417e-05,-0.0009087112382985651,0.000723679282236845,0.033332299039633605,7.719417572021484,1.837414816405019e-05,0.0026299280973414267,4.219247784931213e-06,-0.00046275979839265345,0.000480187698849477
F:\Seminario\Seminario-Clustering\datasets\davi\Al Emadi (2019)\Multiclass_Drone_Audio\unknown\3-203375-A-390.wav,Multiclass_Drone_Audio\unknown\3-203375-A-390.wav,al_emadi,3-203375-A-390,1.0216875,0.03153998374798279,5.804019927978516,1.4225862419726643e-06,0.08820902449921214,-0.0009612157591618598,-0.031983403861522666,0.033506179600954075,0.023699859781355703,6.493401050567627,-0.0024093879198967575,0.07642570491310598,-8.775237438385375e-05,-0.04493476413190364,0.039763000234961515,0.0799584114159382,7.768103122711182,0.0019699989474427594,0.0995096174184523,7.217741949716583e-05,-0.05919523909687996,0.06320294737815857,0.27434134373865376,8.637510299682617,-0.0019778954164183806,0.13048955970945955,-9.946757927536964e-06,-0.0730506733059883,0.06518231183290482,0.5904604013160696,9.483850479125977,-4.1966504276125466e-05,0.13544802969286504,-1.5058531516842777e-05,-0.06824799329042434,0.06936225667595863
F:\Seminario\Seminario-Clustering\datasets\davi\Al Emadi (2019)\Multiclass_Drone_Audio\unknown\2-209471-A-252.wav,Multiclass_Drone_Audio\unknown\2-209471-A-252.wav,al_emadi,2-209471-A-252,0.97525,0.6606615737394144,6.892301559448242,-0.03776545435734854,0.2352718081237339,-0.03687915578484535,-0.18760694861412047,0.1086571320891381,0.20605686244526644,6.886387825012207,-0.012859966231430459,0.13245265860376063,-0.0014000823721289635,-0.10400660634040833,0.0820560723543168,0.1094993569873463,6.866837024688721,0.00023272660415996207,0.06873505235709697,0.00012512458488345146,-0.0410952229052782,0.04165628775954246,0.01904389907955697,7.855942726135254,-0.0002645382537170162,0.02029086763189167,-0.00016098690684884787,-0.012984317913651464,0.011753700673580175,0.004738307748415989,9.315990447998047,-2.973188649688076e-05,0.00716102029717038,1.1301148333586752e-05,-0.00506169255822897,0.0048967693001031876
F:\Seminario\Seminario-Clustering\datasets\davi\Al Emadi (2019)\Multiclass_Drone_Audio\unknown\2-102414-G-170.wav,Multiclass_Drone_Audio\unknown\2-102414-G-170.wav,al_emadi,2-102414-G-170,1.0216875,0.30794770741629135,7.891900062561035,-0.00024005844759601122,0.08689504897585067,-0.0005350551509764045,-0.08190448880195618,0.083045095205307,0.361606682262507,8.15308666229248,1.715368871549958e-05,0.09416216180871029,0.0014253039262257516,-0.09788934513926505,0.10398182198405266,0.1042571070440956,9.231677055358887,-0.00010542097718749256,0.035829846332163615,-0.0006212510634213686,-0.03823791444301605,0.0399906262755394,0.09734403073283095,9.888898849487305,0.00043764275927047117,0.02450424673799041,0.0005532449577003717,-0.024573464319109915,0.02499659806489945,0.12884447254427514,10.298330307006836,2.40692092634989e-05,0.01994737933464959,-0.00016570065054111183,-0.017446228489279746,0.018087899498641494
F:\Seminario\Seminario-Clustering\datasets\davi\Al Emadi (2019)\Multiclass_Drone_Audio\bebop_1\mixed_32-bebop_000_.wav,Multiclass_Drone_Audio\bebop_1\mixed_32-bebop_000_.wav,al_emadi,mixed_32-bebop_000,1.024,0.5016165339031808,8.55532455444336,-0.003169578577251022,0.2294544517702029,0.0023824216332286596,-0.2718938082456589,0.25971100628376,0.2494496568268253,8.399537086486816,-0.0020404745441208985,0.16181133470967607,-0.0016360906884074211,-0.18287600725889205,0.18030822277069092,0.10443484798526807,9.562830924987793,-0.0007741591224244087,0.07419677586543447,-0.0011221237946301699,-0.08593695312738418,0.08890298157930383,0.09382598140897765,10.808131217956543,-0.0005951605711936809,0.04977652143700866,-0.0002945367305073887,-0.06110196672379971,0.06124985292553904,0.050672979875748175,11.903740882873535,-3.062597979135767e-05,0.02588086623700354,-7.507420377805829e-05,-0.033034734427928925,0.03290124237537384
F:\Seminario\Seminario-Clustering\datasets\davi\Al Emadi (2019)\Multiclass_Drone_Audio\unknown\1-80785-A-74.wav,Multiclass_Drone_Audio\unknown\1-80785-A-74.wav,al_emadi,1-80785-A-74,0.95975,0.9952783623253174,9.017316818237305,-0.002679087151869485,1.015987248567356,0.0013648609165102243,-1.3008317232131958,1.3852434515953072,0.0020282542247619414,8.883468627929688,-0.0033088757057360583,0.04574519980086015,-0.006079221144318581,-0.05905888229608536,0.05707957409322264,0.001512111928870898,9.468751907348633,5.770487298577112e-05,0.028067604234177986,0.0003211013972759247,-0.03535430505871772,0.03374752402305603,0.000703898139688852,10.680093765258789,0.00022576973148014866,0.013555067128518034,0.00022649578750133514,-0.01686400957405567,0.01681925319135189,0.00047737338136091226,11.76491641998291,1.9405352677184912e-05,0.007898521175337927,7.91577622294426e-06,-0.009881886094808579,0.009867878630757337
F:\Seminario\Seminario-Clustering\datasets\davi\Al Emadi (2019)\Multiclass_Drone_Audio\unknown\1-85362-A-00.wav,Multiclass_Drone_Audio\unknown\1-85362-A-00.wav,al_emadi,1-85362-A-00,1.0216875,0.10022221815411786,7.741079330444336,-0.00040096279220413686,0.13243793481482774,-0.0010970653383992612,-0.12991692870855331,0.12362098842859269,0.728890336799747,7.7221903800964355,0.0019183125280214529,0.35715540425987874,0.0018133519915863872,-0.34508096575736996,0.3121172904968263,0.16170278551318473,8.775335311889648,0.00053016945102678,0.11921272170071563,-0.0002550112549215555,-0.11455155909061432,0.12321363389492035,0.008900573119918114,9.437749862670898,-1.7690899332248847e-05,0.01979880281340954,-3.083917545154691e-05,-0.017883886396884915,0.017085558921098715,0.00028408641303223636,10.395978927612305,6.032069317814285e-06,0.002502369350926171,-1.6484365914948285e-05,-0.002055006823502481,0.00213731867261231
F:\Seminario\Seminario-Clustering\datasets\davi\Al Emadi (2019)\Multiclass_Drone_Audio\unknown\5-243773-B-444.wav,Multiclass_Drone_Audio\unknown\5-243773-B-444.wav,al_emadi,5-243773-B-444,0.95975,0.600036196563486,8.905847549438477,0.0016019571784988127,0.21748780661418754,-0.011957744136452675,-0.2689221233129501,0.2950808584690096,0.18553550631186636,8.844799995422363,0.003263165396667078,0.12089639355662549,0.003629386075772345,-0.1538500815629959,0.15301634520292284,0.12891234125606174,9.801224708557129,0.0007598254203829734,0.0714459265676332,0.0007807790534570813,-0.08895379304885861,0.09048547446727753,0.07188746357942623,10.37171745300293,-0.00042437522904341856,0.037769970138664455,-0.0003409493947401643,-0.04365518614649772,0.043122590333223326,0.013628492289159704,11.525110244750977,5.291066550513405e-05,0.011635308556319874,2.814931212924421e-05,-0.013616420328617096,0.013925834186375155
F:\Seminario\Seminario-Clustering\datasets\davi\Al Emadi (2019)\Multiclass_Drone_Audio\unknown\4-204123-A-392.wav,Multiclass_Drone_Audio\unknown\4-204123-A-392.wav,al_emadi,4-204123-A-392,0.97525,0.0,-0.0,0.0,0.0,0.0,0.0,0.0,0.0,-0.0,0.0,0.0,0.0,0.0,0.0,0.0,-0.0,0.0,0.0,0.0,0.0,0.0,0.0,-0.0,0.0,0.0,0.0,0.0,0.0,0.0,-0.0,0.0,0.0,0.0,0.0,0.0
F:\Seminario\Seminario-Clustering\datasets\davi\Al Emadi (2019)\Multiclass_Drone_Audio\unknown\3-103401-B-334.wav,Multiclass_Drone_Audio\unknown\3-103401-B-334.wav,al_emadi,3-103401-B-334,0.95975,0.04044967011208748,7.991274833679199,0.0009196977872374536,0.04384731603799241,-0.0014659954467788339,-0.05148993693292141,0.04835136905312539,0.14712165209393974,8.204645156860352,0.0017902297300784725,0.08362186027371268,0.0013826947542838752,-0.09390932172536849,0.09881943240761758,0.5057326123872529,8.534364700317383,-0.0005059404141254007,0.10990912279508895,-0.0005649800878018141,-0.10420831888914107,0.10426788181066532,0.26257181867804064,8.792648315429688,-7.22088743454073e-05,0.056065310433187805,-6.77605567034334e-05,-0.04151578843593597,0.04125303626060486,0.044124246728679345,9.287434577941895,3.704782705028113e-05,0.01625994586944145,2.7792766559286974e-05,-0.010171959083527325,0.009960924834012997
F:\Seminario\Seminario-Clustering\datasets\davi\Al Emadi (2019)\Multiclass_Drone_Audio\unknown\1-64473-A-451.wav,Multiclass_Drone_Audio\unknown\1-64473-A-451.wav,al_emadi,1-64473-A-451,1.0216875,0.9362617703804047,9.150968551635742,0.00034199956967269335,2.032008857573802,-0.04057006724178791,-2.5899521827697756,2.7834928989410406,0.026508759141877582,8.581353187561035,-0.008710527812917401,0.3418067709644627,-0.010492697358131409,-0.4101163804531097,0.3811752527952194,0.014222935746762819,9.664775848388672,-0.0015364085535937942,0.1774765939084963,0.001056123524904251,-0.2252306044101715,0.21691110730171204,0.013529219907047812,10.749929428100586,-0.0016180731641934607,0.12252457471220886,-0.0007224678993225098,-0.15642378032207488,0.1509859859943391,0.009477314823907061,11.798946380615234,6.772916561368863e-05,0.07255452302906716,0.0002597719430923462,-0.09234867915511132,0.09381756708025933
F:\Seminario\Seminario-Clustering\datasets\davi\Al Emadi (2019)\Multiclass_Drone_Audio\unknown\2-96033-A-133.wav,Multiclass_Drone_Audio\unknown\2-96033-A-133.wav,al_emadi,2-96033-A-133,1.0216875,0.8237914117466002,8.85780143737793,-0.004870778598564957,0.2903848318284998,-0.008630373980849981,-0.37113727927207946,0.36120196580886843,0.0021044416727322877,8.941940307617188,-0.0003970731243048116,0.014673573201682031,-0.0004851000849157572,-0.019257531128823755,0.017960645258426666,0.0008246780486220366,9.745073318481445,0.0005023814346221844,0.006492441700199546,0.00032363971695303917,-0.0073417979292571545,0.008515555411577225,0.000484948643869803,8.989252090454102,4.252655732824075e-05,0.0035346023908855973,2.8436072170734406e-05,-0.002752024866640567,0.002846565935760737,0.17279451988817573,10.301005363464355,-8.804836006067813e-06,0.04720482602125125,-0.00010425160871818662,-0.03586970046162605,0.03635569401085378
F:\Seminario\Seminario-Clustering\datasets\davi\Al Emadi (2019)\Multiclass_Drone_Audio\unknown\2-66637-A-202.wav,Multiclass_Drone_Audio\unknown\2-66637-A-202.wav,al_emadi,2-66637-A-202,0.97525,0.049443228416401204,6.573051452636719,2.4459975246256663e-05,0.06373918346401788,0.00044576305663213134,-0.03833291083574295,0.03815875500440602,0.3074832798267679,6.955915451049805,-0.003150770558090028,0.15891999690893327,-0.000244722468778491,-0.11262422055006027,0.10361693054437654,0.20986412958503003,7.759842395782471,-0.0004025730734846026,0.09304404679523073,-8.87117421370931e-05,-0.05978375859558582,0.05571989715099334,0.15364418476266284,8.954877853393555,-0.0004898186553683343,0.056357254701597984,-5.044839417678304e-05,-0.041634885221719736,0.03983322009444238,0.27956517740913805,9.48342514038086,1.911465490430516e-05,0.05378449679152069,-6.83365942677483e-06,-0.028566157445311546,0.02975287474691868
F:\Seminario\Seminario-Clustering\datasets\davi\Al Emadi (2019)\Multiclass_Drone_Audio\unknown\4-172500-A-274.wav,Multiclass_Drone_Audio\unknown\4-172500-A-274.wav,al_emadi,4-172500-A-274,0.95975,0.8739426791029694,8.605703353881836,0.00037742339144048955,0.03298579866241043,0.00015854752564337105,-0.03839329369366169,0.04117724932730199,0.03796390501990701,8.153955459594727,-0.00034998289329676423,0.006866508592703984,-0.00017882253450807184,-0.007703237282112241,0.006785132177174094,0.029117012967083186,9.169441223144531,1.4754993510956925e-06,0.0042676041405977855,-3.405060851946473e-05,-0.004643599223345518,0.004571428801864386,0.04447937045843976,9.943623542785645,-2.1262727834316702e-05,0.003734011969489882,-6.372638745233417e-05,-0.003923002816736698,0.003814180707558989,0.014497032451600588,11.068503379821777,-2.492786943920462e-06,0.00150818092442252,-1.543366306577809e-05,-0.0016254680580459534,0.0016340583330020312
F:\Seminario\Seminario-Clustering\datasets\davi\Al Emadi (2019)\Multiclass_Drone_Audio\unknown\1-56907-A-461.wav,Multiclass_Drone_Audio\unknown\1-56907-A-461.wav,al_emadi,1-56907-A-461,1.0216875,0.22453415785881511,8.748416900634766,0.0009650671632521903,0.11228281725835607,-0.0012010227073915303,-0.12559652626514434,0.14309621155261998,0.187379033436043,9.141328811645508,0.0006701771645734394,0.10257448779661907,0.00182422244688496,-0.13161832243204116,0.13645049780607224,0.2341738021579999,9.674263954162598,0.0010626599578617566,0.08125609150756408,0.00048415991477668285,-0.09171926975250244,0.10096517205238342,0.31267613983823317,10.635597229003906,0.00039788956932087886,0.06646996610285802,0.00098889390937984,-0.07930481284856795,0.08111105710268024,0.04123686670890881,11.407586097717285,-1.304113083409943e-06,0.017077567468968373,-5.011819303035736e-05,-0.019177057594060895,0.019016425125300888
F:\Seminario\Seminario-Clustering\datasets\davi\Al Emadi (2019)\Multiclass_Drone_Audio\unknown\2-60795-A-262.wav,Multiclass_Drone_Audio\unknown\2-60795-A-262.wav,al_emadi,2-60795-A-262,0.97525,0.15603512251561982,8.349944114685059,0.0006076729487704013,0.10283667016286314,0.0004479322233237326,-0.11340112835168839,0.1094106510281563,0.5014937836049065,8.37710952758789,-0.004787840836161287,0.184302267596259,-0.004578016698360443,-0.21978847086429595,0.20488841235637673,0.2916606941946312,9.309408187866211,-6.781223616559216e-05,0.0996216350009221,0.0013758685672655702,-0.1127798967063427,0.11363044902682304,0.04348023696478814,10.45387077331543,-0.0001667538776363762,0.027229348897766032,0.00018388754688203335,-0.033759694546461105,0.03217468410730362,0.007330162720054283,11.586301803588867,-3.7286378508868283e-06,0.007909766134329541,-5.4172181989997625e-05,-0.009596860501915216,0.009603708051145077
F:\Seminario\Seminario-Clustering\datasets\davi\Al Emadi (2019)\Multiclass_Drone_Audio\unknown\3-71964-A-40.wav,Multiclass_Drone_Audio\unknown\3-71964-A-40.wav,al_emadi,3-71964-A-40,1.0216875,0.007470176850547013,8.90311050415039,-7.678733337404957e-05,0.018560368337158285,-6.0636913985945284e-05,-0.02309718169271946,0.023084672912955285,0.005410362522321175,6.001656532287598,1.3897481559838215e-05,0.01579566338420636,3.4091675843228586e-05,-0.002719853539019823,0.002870754851028324,0.4754063327913931,6.668642997741699,-0.005752819765712092,0.10477059836019309,-5.076140587334521e-05,-0.00730076665058732,0.006750473752617836,0.5034097713343297,7.218691825866699,2.8306841038183988e-05,0.07643343935190215,7.490074494853616e-06,-0.005814878828823566,0.006010349560529002,0.008303356501408895,8.350930213928223,-9.99395710305965e-06,0.006944585595888667,1.5081734545674408e-06,-0.0005962386087048799,0.0006003389775287361
F:\Seminario\Seminario-Clustering\datasets\davi\Al Emadi (2019)\Multiclass_Drone_Audio\unknown\2-59566-A-464.wav,Multiclass_Drone_Audio\unknown\2-59566-A-464.wav,al_emadi,2-59566-A-464,0.95975,0.019447863030431275,6.211884498596191,0.0009980943700498785,0.026274839650782787,0.0003709384909598157,-0.024122708663344383,0.023529902845621113,0.2782523721464064,9.10302448272705,-0.0002623072399097314,0.09945695966116323,0.0006841464783065021,-0.1309184417128563,0.13374883830547335,0.2782936928666476,9.849807739257812,-1.8980771696282482e-05,0.07049620406638124,-0.0008312624413520098,-0.08809376806020736,0.08730446845293051,0.2859122803372256,10.376374244689941,0.00010020040614943423,0.05058506210018416,0.0004375036805868149,-0.05757014229893684,0.05689726397395133,0.1380937916192891,10.97249984741211,-9.072604333946927e-06,0.024871663662797795,-3.1065217626746744e-05,-0.02530228327959776,0.025432050041854396
F:\Seminario\Seminario-Clustering\datasets\davi\Al Emadi (2019)\Multiclass_Drone_Audio\unknown\3-144891-A-190.wav,Multiclass_Drone_Audio\unknown\3-144891-A-190.wav,al_emadi,3-144891-A-190,1.0216875,0.8577824341511036,7.141879558563232,-0.002708380417268185,0.396574042868218,0.0005237509176367894,-0.28171107470989226,0.2538977295160294,0.12018712566519976,7.208493709564209,-0.0027774211387172594,0.14842217683808814,-9.220085485139862e-05,-0.10814564749598501,0.10618221312761308,0.020186474607031664,8.36821174621582,-0.0003151215703834259,0.043112209255095534,-0.00032364262733608484,-0.0315869115293026,0.032758161425590515,0.0017746806111187212,9.689517974853516,-2.6796474826388263e-05,0.009049024738961723,3.259361255913973e-05,-0.007824814226478337,0.007763785682618619,6.928496554629851e-05,11.682550430297852,-3.154825183718055e-06,0.0012649084084143203,2.747940015979111e-06,-0.0015444696880877018,0.0014920045621693136
F:\Seminario\Seminario-Clustering\datasets\davi\Al Emadi (2019)\Multiclass_Drone_Audio\membo_1\Membo_1_029-membo_001_.wav,Multiclass_Drone_Audio\membo_1\Membo_1_029-membo_001_.wav,al_emadi,Membo_1_029-membo_001,1.024,0.4936399876899311,9.146112442016602,-0.0011614716666851683,0.09646126319297302,-0.003293130313977599,-0.1275798037648201,0.12658095955848692,0.04454249384873387,9.041051864624023,6.794160658465663e-05,0.028977794517507975,0.00017570826457813382,-0.03825341202318668,0.037639216706156726,0.11094206327818046,9.912023544311523,-0.00038506489022892114,0.03240639008052902,-0.00022601809178013355,-0.04074534997344017,0.040965143591165556,0.18376850041211867,10.895807266235352,-1.0529105669857642e-05,0.02952274735041642,-0.0006182680372148752,-0.037267684191465374,0.03768806532025338,0.16710695477103588,11.893577575683594,-7.121662287670466e-06,0.0199166072616999,0.00018839820404537022,-0.025068344548344612,0.025202306918799877
F:\Seminario\Seminario-Clustering\datasets\davi\Al Emadi (2019)\Multiclass_Drone_Audio\unknown\5-200461-A-111.wav,Multiclass_Drone_Audio\unknown\5-200461-A-111.wav,al_emadi,5-200461-A-111,1.0216875,0.1481863036941273,8.692399024963379,0.0016159068344068234,0.11254942813098558,-9.259558282792568e-05,-0.1327355533838272,0.14196696728467945,0.2916773864079898,8.858367919921875,-0.0008221449125874607,0.1579172343479289,-0.003478465019725263,-0.20130149126052857,0.21240381598472596,0.3821715732737715,9.63298511505127,-0.0019811722523462878,0.12808464435744435,-0.0013372311368584633,-0.1565925031900406,0.14998577535152435,0.13305051535570964,10.788105010986328,0.00042427404471836333,0.05350278678180208,0.0009072903776541352,-0.06566834747791289,0.06840543001890184,0.044914221268401756,11.831649780273438,-3.937274762595991e-05,0.021992283322720244,-0.0002898344973800704,-0.02714205477386713,0.027271169796586038
F:\Seminario\Seminario-Clustering\datasets\davi\Al Emadi (2019)\Multiclass_Drone_Audio\unknown\4-178402-A-431.wav,Multiclass_Drone_Audio\unknown\4-178402-A-431.wav,al_emadi,4-178402-A-431,1.0216875,0.16367956708113407,8.968936920166016,0.0008570446733359047,0.12383966259627202,6.179141564643942e-05,-0.18283694982528687,0.1912383168935776,0.36667564825228016,8.603626251220703,0.00025865558934119954,0.1853589437410372,0.0007091227162163705,-0.24019268453121184,0.24808024764060974,0.3005109676780827,9.648345947265625,0.0002553822391132344,0.11891533731173434,-0.0003389459161553532,-0.1489720493555069,0.158536896109581,0.14244085465548362,10.563631057739258,3.320699040437062e-05,0.05795459477094834,3.771331103052944e-05,-0.08003091663122176,0.07507295906543732,0.026692962333019453,11.588136672973633,-3.90557923419374e-07,0.017748692626998904,-7.607632596773328e-06,-0.023470919765532016,0.024423482641577732
F:\Seminario\Seminario-Clustering\datasets\davi\Al Emadi (2019)\Multiclass_Drone_Audio\membo_1\mixed_membo_16-membo_002_.wav,Multiclass_Drone_Audio\membo_1\mixed_membo_16-membo_002_.wav,al_emadi,mixed_membo_16-membo_002,1.024,0.824758527157507,7.945662975311279,-0.0026657425913057973,0.09632216896548902,-0.0013992500025779009,-0.08774955049157142,0.0912870705127716,0.07515998864881542,7.812023162841797,0.0004918113427688801,0.029084417877062885,0.0005119640263728797,-0.02683408726006746,0.02903469931334257,0.027611077515242225,9.577245712280273,0.00017222461071564452,0.012492905869097553,0.00020795187447220087,-0.014479599706828593,0.014645210653543473,0.030581409662057545,10.704965591430664,-0.0001408094108239483,0.009305723913573979,-0.00016605956625426188,-0.011328208819031715,0.011023747269064188,0.04188899701637783,11.589273452758789,-1.0639102884310957e-06,0.007705804020396705,-3.3318850910291076e-05,-0.008952324744313955,0.009102424141019583
F:\Seminario\Seminario-Clustering\datasets\davi\Al Emadi (2019)\Multiclass_Drone_Audio\unknown\5-233605-A-393.wav,Multiclass_Drone_Audio\unknown\5-233605-A-393.wav,al_emadi,5-233605-A-393,1.0216875,0.0,-0.0,0.0,0.0,0.0,0.0,0.0,0.0,-0.0,0.0,0.0,0.0,0.0,0.0,0.0,-0.0,0.0,0.0,0.0,0.0,0.0,0.0,-0.0,0.0,0.0,0.0,0.0,0.0,0.0,-0.0,0.0,0.0,0.0,0.0,0.0
F:\Seminario\Seminario-Clustering\datasets\davi\Al Emadi (2019)\Multiclass_Drone_Audio\unknown\1-17367-A-101.wav,Multiclass_Drone_Audio\unknown\1-17367-A-101.wav,al_emadi,1-17367-A-101,1.0216875,0.04215081729000072,8.686487197875977,-0.0007284713949153688,0.07827351690247014,0.0006238270434550941,-0.09654453322291374,0.09511529579758646,0.046221283969094806,8.523260116577148,0.001999229236559047,0.08194499749834289,-0.0011324654915370047,-0.09556556344032287,0.10539701879024506,0.32013189233953643,9.909377098083496,0.001753733745516836,0.15286297978543656,0.00441367831081152,-0.18943670392036438,0.19485603272914886,0.43833925132741847,10.626480102539062,0.0007658020795224885,0.12662680247536215,-0.00027652335120365024,-0.15003028512001038,0.15430530309677123,0.15315675507394955,11.898187637329102,5.355267930332541e-06,0.05295339297452703,-0.00041497370693832636,-0.06637987941503525,0.06707211583852768
F:\Seminario\Seminario-Clustering\datasets\davi\Al Emadi (2019)\Multiclass_Drone_Audio\unknown\3-233151-A-24.wav,Multiclass_Drone_Audio\unknown\3-233151-A-24.wav,al_emadi,3-233151-A-24,0.95975,0.0,-0.0,0.0,0.0,0.0,0.0,0.0,0.0,-0.0,0.0,0.0,0.0,0.0,0.0,0.0,-0.0,0.0,0.0,0.0,0.0,0.0,0.0,-0.0,0.0,0.0,0.0,0.0,0.0,0.0,-0.0,0.0,0.0,0.0,0.0,0.0
F:\Seminario\Seminario-Clustering\datasets\davi\Al Emadi (2019)\Multiclass_Drone_Audio\bebop_1\mixed_49-bebop_003_.wav,Multiclass_Drone_Audio\bebop_1\mixed_49-bebop_003_.wav,al_emadi,mixed_49-bebop_003,1.024,0.36223958372060394,8.298460006713867,-0.00031397467705397686,0.1264192274410017,-0.0033037462271749973,-0.1309375211596489,0.13610154092311857,0.13971057395486058,6.857019901275635,0.0007891747321596897,0.07850714832344159,6.582943024113774e-05,-0.05630364120006561,0.055982454121112815,0.2852538592886682,8.481388092041016,-0.0008039599870146907,0.07949576696135308,0.000157955102622509,-0.061403268575668336,0.06390167921781541,0.13611837501284735,10.794296264648438,-0.001273262943260359,0.03884935168523916,-0.0015720591181889176,-0.04960264302790165,0.0466115925461054,0.07667760802301993,11.962383270263672,0.00010343286238306411,0.020638788189013105,0.00018369598546996713,-0.026222906075417995,0.026760979555547237
F:\Seminario\Seminario-Clustering\datasets\davi\Al Emadi (2019)\Multiclass_Drone_Audio\unknown\3-155130-A-430.wav,Multiclass_Drone_Audio\unknown\3-155130-A-430.wav,al_emadi,3-155130-A-430,1.0216875,0.7271409420322549,8.854491233825684,-0.00020747585421330883,0.04512114043671338,-0.0001657342945691198,-0.05460790544748306,0.05635705366730691,0.155701409710426,8.89892578125,0.0010061759074074183,0.02085531609640306,0.0014722708729095757,-0.02544220983982086,0.027483439631760122,0.10315415446917947,9.908491134643555,-0.00016534392508720398,0.012042414458526501,-0.0002537366817705333,-0.015368146821856499,0.015673521906137466,0.01128920022557167,10.90893268585205,2.3490700030378342e-06,0.002820360027162865,-2.16209446080029e-05,-0.0035942837130278345,0.0036018995568156244,0.0027142935625679913,11.9420747756958,-3.3856969629547123e-06,0.000978354484618795,-1.3474636944010854e-06,-0.0012361224391497672,0.0012579335947521032
F:\Seminario\Seminario-Clustering\datasets\davi\Al Emadi (2019)\Multiclass_Drone_Audio\unknown\1-40967-A-282.wav,Multiclass_Drone_Audio\unknown\1-40967-A-282.wav,al_emadi,1-40967-A-282,0.97525,0.23084749570852572,8.874768257141113,-0.00043404790166845123,0.006701118135828905,-0.0004402358899824321,-0.009285935014486314,0.008178265020251277,0.28978365514148163,8.426328659057617,0.00039768541531679294,0.007513170037609162,0.00030586321372538805,-0.008572397381067276,0.009790645539760591,0.25081695909267415,9.444048881530762,4.7622678413184813e-05,0.004959326072351626,3.332926644361578e-05,-0.006049447692930698,0.006367121916264295,0.1328610423146382,10.406282424926758,-5.288167020108976e-06,0.002555328845830698,5.4914053180255e-06,-0.0032066948246210814,0.0031061592977494005,0.09569084774268032,11.34368896484375,-3.959509300866378e-06,0.0015342285646792202,-4.978751348971855e-07,-0.001867953862529248,0.0018285479745827615
F:\Seminario\Seminario-Clustering\datasets\davi\Al Emadi (2019)\Multiclass_Drone_Audio\unknown\2-104168-A-324.wav,Multiclass_Drone_Audio\unknown\2-104168-A-324.wav,al_emadi,2-104168-A-324,0.95975,0.3689259630467906,8.35213565826416,0.0005246475790016502,0.034034683086852646,0.0,-0.03688051588833332,0.04007208496332171,0.023436988970476094,6.626035690307617,0.0002203386421010178,0.008576524477123796,0.0,-0.005673677893355489,0.00623339219018817,0.044447835694316234,6.234674453735352,-0.00026023291806929046,0.008369817408050003,0.0,-0.0028685068245977163,0.0028925810474902396,0.35754967583476105,5.354818344116211,-9.217222003652311e-05,0.016813373482937974,0.0,-0.0020984983071684836,0.0022387408651411526,0.20563953645365607,6.817834854125977,7.727948647372159e-07,0.009021059048252412,0.0,-0.001304853754118085,0.001295500446576628
F:\Seminario\Seminario-Clustering\datasets\davi\Al Emadi (2019)\Multiclass_Drone_Audio\unknown\2-101676-A-101.wav,Multiclass_Drone_Audio\unknown\2-101676-A-101.wav,al_emadi,2-101676-A-101,1.0216875,0.1780949430975386,8.852727890014648,-0.00021516672017400884,0.07347989901451865,-0.0006631463184021413,-0.08992350623011588,0.09214365705847742,0.08365854768230371,8.797226905822754,0.00012150699181201895,0.050361483630979066,-0.00040251866448670626,-0.06080342270433902,0.06399807929992678,0.07918830725277608,9.447762489318848,0.0008103920112255922,0.03471303652215374,0.0012642212677747011,-0.0383710153400898,0.04027343913912773,0.27223435678305563,8.688634872436523,-0.0004771575424375059,0.045571153084236204,-0.00038467434933409095,-0.040338218212127686,0.04088222309947015,0.386823845184326,10.735062599182129,-1.323201070408308e-05,0.038432291142893045,-0.00047000800259411335,-0.03792127333581447,0.03975707702338696
F:\Seminario\Seminario-Clustering\datasets\davi\Al Emadi (2019)\Multiclass_Drone_Audio\membo_1\mixed_membo_38-membo_000_.wav,Multiclass_Drone_Audio\membo_1\mixed_membo_38-membo_000_.wav,al_emadi,mixed_membo_38-membo_000,1.024,0.7547883783376774,8.749755859375,-0.0009385160364069824,0.08361966161914768,-0.001220224832650274,-0.10173714011907578,0.10245635956525802,0.02770957124286378,9.058135032653809,4.662957381210723e-05,0.01602271950986368,0.0006415906245820224,-0.02060495987534523,0.021342102251946927,0.05064662531744352,10.052501678466797,4.008978078356511e-05,0.015350795010493253,-9.358115494251251e-05,-0.019609015434980392,0.02045378722250463,0.07810749529436391,10.85795783996582,-2.3249949350227026e-05,0.013493074030524547,-0.000259853812167421,-0.016853159107267857,0.016978036612272266,0.08874792980765135,11.490760803222656,1.8781825944828155e-05,0.010175140172008632,2.6193767553195357e-05,-0.012235875707119703,0.011915565934032202
F:\Seminario\Seminario-Clustering\datasets\davi\Al Emadi (2019)\Multiclass_Drone_Audio\unknown\5-256512-A-304.wav,Multiclass_Drone_Audio\unknown\5-256512-A-304.wav,al_emadi,5-256512-A-304,0.95975,0.9755586829217953,7.1679301261901855,-0.02544645480162773,1.1887323851241387,0.0017250017262995243,-0.7133012592792509,0.5001961171627046,0.0159566673975935,5.058652400970459,-0.004166342273861081,0.1520074614636403,5.00585520057939e-05,-0.027128720469772813,0.018920295871794238,0.0069912167415463996,5.025638103485107,-0.0004377247129485025,0.07133816381495946,1.4132121577858925e-05,-0.004761229082942003,0.006895967572927486,0.0013944550727491526,5.445581912994385,-3.394465225306332e-05,0.02255527602754612,-7.275491952896118e-06,-0.0011708796024322509,0.0011568117886781692,9.897786631565745e-05,6.351755142211914,-5.093106458755359e-06,0.004251342978591791,6.842637958470732e-07,-0.00026089376769959926,0.00027819438837468647
F:\Seminario\Seminario-Clustering\datasets\davi\Al Emadi (2019)\Multiclass_Drone_Audio\unknown\5-261433-A-153.wav,Multiclass_Drone_Audio\unknown\5-261433-A-153.wav,al_emadi,5-261433-A-153,1.0216875,0.0,-0.0,0.0,0.0,0.0,0.0,0.0,0.0,-0.0,0.0,0.0,0.0,0.0,0.0,0.0,-0.0,0.0,0.0,0.0,0.0,0.0,0.0,-0.0,0.0,0.0,0.0,0.0,0.0,0.0,-0.0,0.0,0.0,0.0,0.0,0.0
F:\Seminario\Seminario-Clustering\datasets\davi\Al Emadi (2019)\Multiclass_Drone_Audio\unknown\silence215.wav,Multiclass_Drone_Audio\unknown\silence215.wav,al_emadi,silence215,1.1145625,0.0,-0.0,0.0,0.0,0.0,0.0,0.0,0.0,-0.0,0.0,0.0,0.0,0.0,0.0,0.0,-0.0,0.0,0.0,0.0,0.0,0.0,0.0,-0.0,0.0,0.0,0.0,0.0,0.0,0.0,-0.0,0.0,0.0,0.0,0.0,0.0
F:\Seminario\Seminario-Clustering\datasets\davi\Al Emadi (2019)\Multiclass_Drone_Audio\unknown\2-39443-B-190.wav,Multiclass_Drone_Audio\unknown\2-39443-B-190.wav,al_emadi,2-39443-B-190,1.0216875,0.3556371715228548,6.296759605407715,0.014541375651973689,0.14577414870487418,0.01394796185195446,-0.06951950639486312,0.11952170357108116,0.23798708212835842,5.751771926879883,-0.0006598800010411227,0.11983870926824551,-0.00017536569794174284,-0.06620612740516663,0.05686560198664668,0.2893786749390608,6.4527907371521,0.0006684736259830393,0.0936450853884651,-7.607988663949072e-06,-0.0396304652094841,0.03879193216562271,0.11300451279775313,7.372520446777344,-8.741976784770468e-07,0.04142596350531929,-6.138601747807115e-06,-0.016052657365798945,0.01649649739265442,0.003992558611972842,8.879683494567871,-1.1060434810367292e-06,0.00550868194600231,1.5456098481081426e-06,-0.002692926814779639,0.0026196280959993605
F:\Seminario\Seminario-Clustering\datasets\davi\Al Emadi (2019)\Multiclass_Drone_Audio\unknown\4-146200-A-363.wav,Multiclass_Drone_Audio\unknown\4-146200-A-363.wav,al_emadi,4-146200-A-363,1.0216875,0.1929501246770363,9.007763862609863,-0.025829863209657154,0.5539236019481859,-0.029573763720691204,-0.7438745200634003,0.6895620644092563,0.4774803883898022,8.994178771972656,-0.03422565721133634,0.871650210421615,-0.00982136745005846,-1.1071972489356994,1.0739988207817077,0.15537548845143773,9.967317581176758,5.740132726990184e-05,0.3526354958831977,0.007379183545708656,-0.4697135388851166,0.44754883646965027,0.11578815319725985,10.937601089477539,0.0016147661273676703,0.21548478504667515,0.0018885149620473385,-0.2723674178123474,0.2740368306636811,0.05840584528446392,11.965147018432617,-0.00022932082169226765,0.10827326533103965,-0.0005737920291721821,-0.13938483148813247,0.1384739696979523
F:\Seminario\Seminario-Clustering\datasets\davi\Al Emadi (2019)\Multiclass_Drone_Audio\unknown\4-156993-A-194.wav,Multiclass_Drone_Audio\unknown\4-156993-A-194.wav,al_emadi,4-156993-A-194,0.95975,0.9029118853285558,8.101551055908203,0.001961928876723001,0.3163258755314241,0.011658650822937489,-0.3358275771141052,0.3260632455348972,0.08136456682123257,7.976814270019531,0.0014824372496947064,0.09494784604738202,-0.0017638106946833432,-0.09920358210802079,0.09676664769649507,0.01377426240133152,9.45330810546875,0.00035390898281262274,0.02768955110723355,0.0003258640645071864,-0.03096053749322891,0.032880716770887386,0.0015260781692647105,10.684612274169922,9.703309093850273e-06,0.0065252598583612955,-1.1721858754754066e-06,-0.008088976703584194,0.008005507662892338,0.0004232072796153305,11.810864448547363,1.59493294747381e-06,0.002431069561232945,3.0779046937823296e-06,-0.003104426059871912,0.0031245349673554306
F:\Seminario\Seminario-Clustering\datasets\davi\Al Emadi (2019)\Multiclass_Drone_Audio\unknown\3-181278-A-223.wav,Multiclass_Drone_Audio\unknown\3-181278-A-223.wav,al_emadi,3-181278-A-223,1.0216875,0.36415222761284244,8.756248474121094,-0.000863603657242634,0.06763536979893892,-0.003749308525584638,-0.08588509485125541,0.08635035380721093,0.3131669016795878,6.741185188293457,-0.001460365552254003,0.06271017236984057,-0.0012241892400197685,-0.05869698114693165,0.05341093353927137,0.162933131486488,7.45665168762207,0.0003163041127837131,0.03206174398192093,-3.67651809938252e-05,-0.024212410673499107,0.024921245872974396,0.12823183336133598,6.97511100769043,0.0005544786281739471,0.0201279122879693,-9.224622044712305e-05,-0.011601330339908598,0.011654283851385117,0.03151590585974583,7.537971496582031,1.9325004068373445e-05,0.0070619741844421165,2.1933738025836647e-05,-0.003776034456677735,0.0037489962996914983
F:\Seminario\Seminario-Clustering\datasets\davi\Al Emadi (2019)\Multiclass_Drone_Audio\unknown\4-181599-A-261.wav,Multiclass_Drone_Audio\unknown\4-181599-A-261.wav,al_emadi,4-181599-A-261,1.0216875,0.7460078194532012,9.971933364868164,0.5755528781020526,0.05709962575999482,0.5722383856773376,0.5446719706058503,0.5983672380447388,0.022360315098572912,6.6340227127075195,0.0036752197764886234,0.10006600502836191,0.002100860234349966,-0.04691378064453602,0.06464468240737915,0.09612664417368619,7.93084192276001,-0.004497669050415504,0.14706013859139722,7.229764014482498e-05,-0.08093473315238953,0.07034353911876678,0.11888490999196093,9.06707763671875,0.0015367780014100734,0.1158145677905492,0.0002689366228878498,-0.0711565762758255,0.07212140411138536,0.016620311282578824,10.421144485473633,-3.7079994843128907e-06,0.03063761403804141,5.010073073208332e-05,-0.026153135113418102,0.026702285371720792
F:\Seminario\Seminario-Clustering\datasets\davi\Al Emadi (2019)\Multiclass_Drone_Audio\unknown\1-30709-A-231.wav,Multiclass_Drone_Audio\unknown\1-30709-A-231.wav,al_emadi,1-30709-A-231,1.0216875,0.22197801825447971,7.289519309997559,-0.009119116997013425,0.21732159723442906,-0.005433286307379603,-0.16579293906688689,0.15495537370443346,0.36734131480821414,6.4612531661987305,-0.013259962802352745,0.2794966380148515,0.0009145279182121158,-0.1289473980665207,0.1189082264900208,0.23947531566096739,7.675485134124756,-0.00033723956246020615,0.16010138488660125,-0.00027440994745120406,-0.0764855444431305,0.07515516132116318,0.10763300159364506,8.23428726196289,-0.0011107974619518758,0.07597206523368391,-7.454073056578636e-07,-0.02231354638934135,0.020600142329931275,0.0635723496826937,9.343311309814453,5.9644546360993225e-05,0.041310328850083705,1.5593584976159036e-05,-0.008653551433235405,0.008472302928566947
F:\Seminario\Seminario-Clustering\datasets\davi\Al Emadi (2019)\Multiclass_Drone_Audio\bebop_1\B_S2_D1_086-bebop_000_.wav,Multiclass_Drone_Audio\bebop_1\B_S2_D1_086-bebop_000_.wav,al_emadi,B_S2_D1_086-bebop_000,1.024,0.7673987207644082,8.317026138305664,-0.0024179088415635765,0.3832262530076978,-0.00178806995972991,-0.421412393450737,0.42247585952281946,0.011750977843860309,8.908607482910156,-0.001565995395351418,0.04739728474009886,-0.0007343809702433646,-0.06189115457236767,0.058787326142191884,0.05363431822219939,9.95223617553711,-0.0009545707828031032,0.07179104895975451,6.202561780810356e-05,-0.0928629606962204,0.09080350995063784,0.0962407215994758,10.91935920715332,-0.000500040243881944,0.06807115124432372,-0.00039112952072173357,-0.0875213548541069,0.08487497791647912,0.07097526157005637,11.945161819458008,-1.815440221604986e-05,0.04135668279023614,-0.0001587777805980295,-0.05259762145578861,0.053138457238674164
F:\Seminario\Seminario-Clustering\datasets\davi\Al Emadi (2019)\Multiclass_Drone_Audio\bebop_1\B_S2_D1_127-bebop_004_.wav,Multiclass_Drone_Audio\bebop_1\B_S2_D1_127-bebop_004_.wav,al_emadi,B_S2_D1_127-bebop_004,0.896,0.8132385706084955,8.584400177001953,-0.00029627628049059087,0.3952365930197882,0.00018791522597894073,-0.4790249317884445,0.49200930297374745,0.015375623281079533,8.681652069091797,0.000501015147454913,0.054343324536645164,-0.0006717583164572716,-0.06516854837536812,0.0685168527066708,0.04571166892148352,9.708770751953125,0.0008092188198001499,0.06641990234240382,0.0007502399384975433,-0.08493318408727646,0.0842130094766617,0.07608652555938833,10.672348022460938,-0.00039906817816945655,0.06066382004416327,0.000702819786965847,-0.07718436568975448,0.07430624440312383,0.04958761162955318,11.645137786865234,-0.0001461685192983894,0.03464934953317448,0.00011131830979138613,-0.043687465414404866,0.04316583834588529
F:\Seminario\Seminario-Clustering\datasets\davi\Al Emadi (2019)\Multiclass_Drone_Audio\unknown\5-234263-A-254.wav,Multiclass_Drone_Audio\unknown\5-234263-A-254.wav,al_emadi,5-234263-A-254,0.95975,0.0,-0.0,0.0,0.0,0.0,0.0,0.0,0.0,-0.0,0.0,0.0,0.0,0.0,0.0,0.0,-0.0,0.0,0.0,0.0,0.0,0.0,0.0,-0.0,0.0,0.0,0.0,0.0,0.0,0.0,-0.0,0.0,0.0,0.0,0.0,0.0
F:\Seminario\Seminario-Clustering\datasets\davi\Al Emadi (2019)\Multiclass_Drone_Audio\unknown\5-161270-B-330.wav,Multiclass_Drone_Audio\unknown\5-161270-B-330.wav,al_emadi,5-161270-B-330,1.0216875,0.6940078182655688,8.971776962280273,-0.010728456746126769,0.1508201764910331,-0.005442482186481357,-0.20804628431797026,0.1766156777739525,0.07628406198716531,8.56061840057373,-0.0003651700709614161,0.050127800321360404,-0.0007968232384882867,-0.056940533220767975,0.05665237121284008,0.09625944686184891,8.941068649291992,-0.0007619475386315945,0.03989803883574255,0.00017238646978512406,-0.04420313239097595,0.03888750821352005,0.11356637703083176,9.38956069946289,-0.00022448141728972118,0.030682042410134044,0.0001829610555432737,-0.024673025682568548,0.023456351831555367,0.01988229585458525,11.002899169921875,6.087014935407417e-06,0.009082417985606587,-3.677763743326068e-06,-0.009289026819169521,0.008987191505730152
F:\Seminario\Seminario-Clustering\datasets\davi\Al Emadi (2019)\Multiclass_Drone_Audio\unknown\4-194981-A-254.wav,Multiclass_Drone_Audio\unknown\4-194981-A-254.wav,al_emadi,4-194981-A-254,0.95975,0.806803805920504,5.427997589111328,0.00017989890229051705,0.13515427330681504,-0.0008764727390371263,-0.06142791360616684,0.06087489500641823,0.13648306990786846,5.692468166351318,-0.0017520072839740223,0.055560963259835956,-0.0014143004082143307,-0.029130202159285544,0.0314237028360367,0.04185501349273964,7.621170520782471,0.0005419779671408339,0.02181135841998075,0.00020101761037949473,-0.0156959880143404,0.01761494167149067,0.011680936344555349,9.488764762878418,5.451244566469545e-05,0.008159524209089096,1.6488193068653345e-06,-0.0070236753672361365,0.0073329336941242215,0.0031771743343325205,10.614562034606934,8.716956494693607e-07,0.0030106982114437206,-4.067780537297949e-06,-0.002751759928651154,0.0028388301143422745
F:\Seminario\Seminario-Clustering\datasets\davi\Al Emadi (2019)\Multiclass_Drone_Audio\unknown\5-209698-A-380.wav,Multiclass_Drone_Audio\unknown\5-209698-A-380.wav,al_emadi,5-209698-A-380,1.0216875,0.010394015996018705,8.193220138549805,-4.64309298320904e-05,0.002096581687458189,3.1264222343452275e-05,-0.00248237696941942,0.002332458272576333,0.00867606948200116,8.581279754638672,5.2216688332407006e-05,0.001915255578844809,1.3651987501361873e-05,-0.002154904557392001,0.0022652563638985166,0.01403729776392324,9.00700855255127,6.2783738536224e-06,0.0017270353662422442,7.303518486878602e-06,-0.0018149330280721188,0.0018056852277368307,0.5578030620558343,6.68206262588501,-0.00019059887658871033,0.00770427707999119,-1.7846026821644045e-05,-0.0036203702446073295,0.0031846082769334317,0.40908955470222264,7.977040767669678,-4.178771598230996e-05,0.004668887741613302,-8.14386703495984e-06,-0.0018095091916620727,0.0017926483298651879
F:\Seminario\Seminario-Clustering\datasets\davi\Al Emadi (2019)\Multiclass_Drone_Audio\bebop_1\mixed_33-bebop_002_.wav,Multiclass_Drone_Audio\bebop_1\mixed_33-bebop_002_.wav,al_emadi,mixed_33-bebop_002,1.024,0.3810154616060139,9.032001495361328,-0.0008645283321461048,0.20267299659724658,-0.00273768266197294,-0.2570916801691055,0.2709676653146743,0.11980771471920357,8.931737899780273,-0.004756982064062085,0.11355079299275674,-0.002273400081321597,-0.15220565348863602,0.1341792806982994,0.12892588719867426,9.900712966918945,-0.002145857824020568,0.083519757809693,-0.002756633795797825,-0.1080917254090309,0.1046577215194703,0.19452919594320603,10.938029289245605,0.0010426897708228696,0.07263036011745327,0.002189112245105207,-0.09341560080647468,0.0939845398068428,0.17572174053290224,11.937334060668945,-0.00019744504650432836,0.048840106185701386,-6.320164538919926e-05,-0.0631418228149414,0.06224077008664608
F:\Seminario\Seminario-Clustering\datasets\davi\Al Emadi (2019)\Multiclass_Drone_Audio\unknown\1-72229-A-64.wav,Multiclass_Drone_Audio\unknown\1-72229-A-64.wav,al_emadi,1-72229-A-64,0.95975,0.10318746714524508,8.637283325195312,0.001497514549886215,0.05973924701877141,0.0011151685612276196,-0.07470680475234985,0.07760992646217346,0.32076933969346233,8.504788398742676,2.1936227846505844e-05,0.10536081253559346,0.0010583247640170157,-0.1282082587480545,0.12193807587027555,0.5144522729809446,9.382808685302734,-0.0003734198058235856,0.09456896931342804,-0.0016517906915396452,-0.11218182444572447,0.11030594110488892,0.0550802109308571,10.522451400756836,-0.0001340673975655579,0.0219059382632327,0.00012133442214690149,-0.026753657311201096,0.025223828479647634,0.006510709249490845,11.66830062866211,-2.057382496432181e-06,0.0053284064620366944,-1.1557582183741033e-05,-0.006534110195934772,0.006587401218712331
F:\Seminario\Seminario-Clustering\datasets\davi\Al Emadi (2019)\Multiclass_Drone_Audio\unknown\5-156698-A-184.wav,Multiclass_Drone_Audio\unknown\5-156698-A-184.wav,al_emadi,5-156698-A-184,0.95975,0.4295156260979887,7.212540149688721,-0.0009226684343641766,0.09152988860212605,-0.0002563473826739937,-0.06804718300700188,0.06905595958232881,0.3503493466093755,7.682046413421631,-0.0018659959280717163,0.08264860390088447,-0.0017825061222538352,-0.0768905110657215,0.07611253634095193,0.09996972798449823,9.301301956176758,0.00017250040861045894,0.03129824645232202,0.00041654182132333517,-0.034415843337774275,0.03492435365915299,0.05843710478522024,10.180292129516602,-1.9698770095084666e-05,0.016940612238138374,-1.5104451449587941e-05,-0.01854003295302391,0.018525618687272052,0.061728194522917335,9.988154411315918,-3.457234109707114e-05,0.012317884233079005,-3.346551238792017e-05,-0.01125662438571453,0.011295661237090833
F:\Seminario\Seminario-Clustering\datasets\davi\Al Emadi (2019)\Multiclass_Drone_Audio\unknown\1-49409-B-80.wav,Multiclass_Drone_Audio\unknown\1-49409-B-80.wav,al_emadi,1-49409-B-80,1.0216875,0.6002791516721236,8.889410018920898,-0.0010536091664672639,0.08206746298029077,-0.0014052179176360369,-0.10637564361095428,0.10231227278709412,0.08399157510115725,8.985795974731445,-0.0010261479310817944,0.03068352810941992,-0.0017154874512925744,-0.03978663980960846,0.038938872516155264,0.1591290125622713,9.910414695739746,-0.001533106204593926,0.0299068544569831,-0.0017201559385284781,-0.04055017977952957,0.036621466279029846,0.14981912487805055,10.862431526184082,-2.094208826279077e-05,0.020568911499273042,0.00018260313663631678,-0.026340946182608602,0.025788521021604546,0.00678113578639728,11.79598331451416,4.8897199266064955e-06,0.003095821373099649,4.34371322626248e-05,-0.0038532021222636103,0.00386761729605496
F:\Seminario\Seminario-Clustering\datasets\davi\Al Emadi (2019)\Multiclass_Drone_Audio\unknown\silence271.wav,Multiclass_Drone_Audio\unknown\silence271.wav,al_emadi,silence271,1.1145625,0.0,-0.0,0.0,0.0,0.0,0.0,0.0,0.0,-0.0,0.0,0.0,0.0,0.0,0.0,0.0,-0.0,0.0,0.0,0.0,0.0,0.0,0.0,-0.0,0.0,0.0,0.0,0.0,0.0,0.0,-0.0,0.0,0.0,0.0,0.0,0.0
F:\Seminario\Seminario-Clustering\datasets\davi\Al Emadi (2019)\Multiclass_Drone_Audio\unknown\2-184077-A-490.wav,Multiclass_Drone_Audio\unknown\2-184077-A-490.wav,al_emadi,2-184077-A-490,1.0216875,0.4534845947158518,8.668622970581055,4.539231294189643e-05,0.04311193303044707,0.00011103592987637967,-0.04966029934585094,0.05352081805467606,0.25871784042734397,7.168081283569336,2.7413899064837115e-05,0.03256338308329994,-4.5359149225987494e-05,-0.02491239570081234,0.025882981903851035,0.17017045313353504,7.988691806793213,-0.00010429910569767223,0.018714903157256615,-0.00018838950200006366,-0.01528269611299038,0.014903433620929718,0.07776203079656205,9.006664276123047,-5.7677448230146416e-05,0.00895548265055942,3.605114761739969e-05,-0.008463038690388202,0.008382138609886172,0.039865080926707146,10.788045883178711,4.6540331241078545e-06,0.00453636127817916,1.7281687178183347e-05,-0.004686212446540594,0.00463234498165548
F:\Seminario\Seminario-Clustering\datasets\davi\Al Emadi (2019)\Multiclass_Drone_Audio\bebop_1\B_S2_D1_109-bebop_004_.wav,Multiclass_Drone_Audio\bebop_1\B_S2_D1_109-bebop_004_.wav,al_emadi,B_S2_D1_109-bebop_004,0.896,0.13591158123105226,8.844286918640137,-0.00012633506727891157,0.0803546494709543,-0.0018952519749291241,-0.104363115131855,0.10491205155849463,0.08023207206647062,8.682943344116211,-0.000865754513979804,0.06173260870639755,-0.0019062572391703725,-0.08094322085380554,0.07676991671323777,0.1844195950008244,9.749755859375,-0.0016668714024576272,0.06633128405925538,-0.003179296851158142,-0.08432894498109818,0.082372759282589,0.3241206503835762,10.768399238586426,0.0004040577247467905,0.06226794348661544,0.0006049529183655977,-0.07966794967651367,0.08043657690286636,0.27531610131807654,11.76359748840332,2.691791931535255e-05,0.040603466554892866,0.00030231705750338733,-0.05253976285457611,0.05248497836291792
F:\Seminario\Seminario-Clustering\datasets\davi\Al Emadi (2019)\Multiclass_Drone_Audio\unknown\3-146873-A-241.wav,Multiclass_Drone_Audio\unknown\3-146873-A-241.wav,al_emadi,3-146873-A-241,1.0216875,0.8054384777131524,5.947382926940918,0.002006939228801767,0.07464033365895581,0.0,-0.028249352425336837,0.02457718588411809,0.11755486360153958,6.376481056213379,-0.0006035788759996193,0.02851920217575381,0.0,-0.009450465720146893,0.006203085929155351,0.06323180112478417,7.193273544311523,2.816818899753977e-05,0.014825763772257985,0.0,-0.004337121732532978,0.0034437463618814945,0.009226810101517519,8.115910530090332,-5.471674488745936e-06,0.00400901249203016,0.0,-0.0008626455208286642,0.0009378093061968711,0.004548047459006335,9.030655860900879,-2.4962376679907943e-07,0.0019912321111721994,0.0,-0.00030972952081356194,0.0002608109352877364
F:\Seminario\Seminario-Clustering\datasets\davi\Al Emadi (2019)\Multiclass_Drone_Audio\unknown\3-166125-B-232.wav,Multiclass_Drone_Audio\unknown\3-166125-B-232.wav,al_emadi,3-166125-B-232,0.97525,0.49180648233508084,8.860017776489258,-7.355245466408514e-05,0.0009907715922695627,-9.339280950371176e-05,-0.0012912538135424257,0.0012130942661315205,0.09639014538938283,8.75930404663086,-7.183625790703435e-08,0.00043983135036668744,9.169925760943443e-07,-0.0005358927068300545,0.0005578321171924473,0.15679018074451376,7.597478866577148,-2.3360713951505585e-06,0.0003974588961170582,-1.2113514458178543e-06,-0.0003868206142215058,0.0004002637055236846,0.12089164501356675,10.311098098754883,2.5048657985628455e-07,0.00024707160862782286,2.677475549717201e-06,-0.0002872402488719672,0.0002898579463362694,0.1341215465174558,11.198454856872559,-3.8578436765526804e-07,0.0001841113976727514,6.108245997893391e-07,-0.00021568400552496314,0.0002138931886292994
F:\Seminario\Seminario-Clustering\datasets\davi\Al Emadi (2019)\Multiclass_Drone_Audio\unknown\5-192191-A-193.wav,Multiclass_Drone_Audio\unknown\5-192191-A-193.wav,al_emadi,5-192191-A-193,1.0216875,0.9524087700124182,8.600191116333008,0.0009370503223216324,0.2319191063793884,0.004320841049775481,-0.27518933117389677,0.2679923087358475,0.042929224117583306,8.588363647460938,0.0012228386666941077,0.04922332099335193,0.0017215337720699608,-0.056674075126647946,0.060360933840274814,0.004127536698969509,9.84068489074707,7.084025722133247e-05,0.010819328860881071,-9.866926120594144e-07,-0.013331130146980286,0.013742762617766857,0.0003130869961701885,10.773811340332031,4.0238150128733043e-05,0.002109014653308024,2.24563991650939e-05,-0.0025293205864727495,0.002678273431956768,0.00022138217485879628,11.91490364074707,-7.626588522786074e-07,0.0012548582901216142,1.4209072105586529e-06,-0.0015906516928225754,0.0016020538983866574
F:\Seminario\Seminario-Clustering\datasets\davi\Al Emadi (2019)\Multiclass_Drone_Audio\unknown\1-181071-A-400.wav,Multiclass_Drone_Audio\unknown\1-181071-A-400.wav,al_emadi,1-181071-A-400,1.0216875,0.7629301805004175,8.535265922546387,-0.0012648100803099862,0.3066522226487624,-0.005593352485448122,-0.328842306137085,0.3639434903860092,0.17817285029998675,8.392962455749512,-0.004069326321726656,0.14813728550465544,-0.0023696282878518105,-0.16855188310146332,0.16157002002000814,0.04666020000063564,9.064075469970703,0.000681356572560709,0.053738013644727016,0.0007113100728020072,-0.05464191734790802,0.05858158320188522,0.011052413885352762,9.901150703430176,4.852820859932778e-05,0.01851536362770762,0.00023655779659748077,-0.01808479242026806,0.018139915540814407,0.001184355313607351,10.880592346191406,5.830141240136421e-07,0.004287888616513718,5.314475856721401e-06,-0.004201970994472504,0.004280761769041419
F:\Seminario\Seminario-Clustering\datasets\davi\Al Emadi (2019)\Multiclass_Drone_Audio\unknown\4-165933-A-453.wav,Multiclass_Drone_Audio\unknown\4-165933-A-453.wav,al_emadi,4-165933-A-453,1.0216875,0.9268106993023614,7.524186134338379,0.00020799120047211068,0.5620637121230073,-0.004105215426534414,-0.46380689442157746,0.43845031857490546,0.05711763074803259,8.769245147705078,0.004407260647084275,0.13946280884551013,0.00528401811607182,-0.1710561618208885,0.1744006022810936,0.012517794809897568,9.706865310668945,-0.0002532038085711171,0.046289580743928915,-0.0004886644892394543,-0.05507216602563858,0.05758139491081238,0.002974756347206611,10.74527359008789,9.960714255237982e-05,0.01597368334582192,0.00024526554625481367,-0.019780170544981955,0.019578249007463463,0.0005791187925019086,11.472196578979492,-2.6476753818466073e-06,0.004986190634200661,2.8783688321709633e-06,-0.005674113472923637,0.005670038238167764
F:\Seminario\Seminario-Clustering\datasets\davi\Al Emadi (2019)\Multiclass_Drone_Audio\unknown\1-46272-A-123.wav,Multiclass_Drone_Audio\unknown\1-46272-A-123.wav,al_emadi,1-46272-A-123,1.0216875,0.9337818053193481,8.671289443969727,-0.0009403263839770976,0.2538267311403422,-0.00446770410053432,-0.3080210298299789,0.28352620005607604,0.0033770765443809983,8.469098091125488,0.0007323133284991802,0.015247116531738015,0.0004868609830737114,-0.01704444121569395,0.018699718825519095,0.004137496139764253,8.518388748168945,-0.0005254269781715324,0.011961995946645789,-0.0005532766226679087,-0.011395365931093693,0.010208912193775177,0.022995803138440348,9.1143159866333,1.9826807490048937e-05,0.01998202178022046,-3.131921403110027e-05,-0.01697182357311249,0.01746475324034691,0.03570781885806638,10.23012638092041,-4.341327728112203e-05,0.017615420734013742,4.9692433094605803e-05,-0.016172303445637224,0.01591268833726645
F:\Seminario\Seminario-Clustering\datasets\davi\Al Emadi (2019)\Multiclass_Drone_Audio\unknown\5-256452-A-51.wav,Multiclass_Drone_Audio\unknown\5-256452-A-51.wav,al_emadi,5-256452-A-51,1.0216875,0.9032029502334966,5.939817428588867,-7.097787642904327e-05,0.005387309828408089,0.0,0.0,0.0,0.048906781873168374,5.823996067047119,-7.76169883865661e-06,0.0012536987747672455,0.0,0.0,0.0,0.03385641367541758,6.425380706787109,5.334409412116912e-06,0.0007391999468539567,0.0,0.0,0.0,0.010582053803826484,7.675294399261475,1.2777553696490336e-06,0.0002925469462311659,0.0,0.0,0.0,0.003451800414090907,8.599188804626465,1.4281018136048531e-08,0.0001182047308868228,0.0,0.0,0.0
F:\Seminario\Seminario-Clustering\datasets\davi\Al Emadi (2019)\Multiclass_Drone_Audio\unknown\5-172639-A-50.wav,Multiclass_Drone_Audio\unknown\5-172639-A-50.wav,al_emadi,5-172639-A-50,1.0216875,0.033044631700804204,7.782433032989502,-0.0006665391812312362,0.10302936798894893,-0.00011045881183235906,-0.11139039993286132,0.10361912101507188,0.11004240584110289,7.963690757751465,0.0007501987905214671,0.18801661228342953,-2.9557657398981974e-05,-0.22498785704374313,0.24239738136529934,0.3851900451232911,8.762269973754883,0.0022875110075789035,0.24927268002329173,-1.3172906392355799e-06,-0.2543381154537201,0.27442342042922974,0.432556290223878,9.073622703552246,-0.00019706405402679814,0.186998644553502,3.6740966606885195e-06,-0.15869272649288177,0.1541901171207428,0.039166627110923835,9.624762535095215,-3.741205390822706e-05,0.039808206172348405,1.062362571246922e-07,-0.026395380310714242,0.023535726033151152
F:\Seminario\Seminario-Clustering\datasets\davi\Al Emadi (2019)\Multiclass_Drone_Audio\unknown\5-261439-A-153.wav,Multiclass_Drone_Audio\unknown\5-261439-A-153.wav,al_emadi,5-261439-A-153,1.0216875,0.9730694773151176,8.947104454040527,0.0007174241496137009,0.06789170676029607,0.0032897581113502383,-0.08988234847784042,0.08539561927318573,0.015463540278431649,8.926237106323242,-0.0001702094165912323,0.008557316480074307,-0.00021169375395402312,-0.011513850279152393,0.011096741165965795,0.008482074731773712,9.87971305847168,-6.121127027901878e-05,0.0044917497414598715,-8.80561419762671e-05,-0.005758471786975861,0.005624949932098389,0.00199382597505532,10.280588150024414,-1.951624480495811e-05,0.0015416137987157394,-3.935105632990599e-05,-0.0017558865016326307,0.0016807272564619783,0.0009910816996216586,11.811189651489258,-3.309589219860418e-06,0.0007689795828971979,6.3709812820889056e-06,-0.0009557548735756427,0.000948124215938151
F:\Seminario\Seminario-Clustering\datasets\davi\Al Emadi (2019)\Multiclass_Drone_Audio\unknown\4-152958-A-183.wav,Multiclass_Drone_Audio\unknown\4-152958-A-183.wav,al_emadi,4-152958-A-183,1.0216875,0.8097884476896854,7.94521427154541,-0.0029330654959566034,0.01650543586070298,0.0,-0.023335810750722885,0.0135693371295929,0.053440532809454294,8.007148742675781,-1.3994434477913538e-05,0.00430650962267438,0.0,-0.005178507417440414,0.005041903490200639,0.04243903709072863,8.94852066040039,-5.802664017898208e-06,0.0027196302369670903,0.0,-0.0030766103882342577,0.003127235686406493,0.059038049993333896,9.945638656616211,7.836952972328526e-06,0.00227066709460949,0.0,-0.0026872760150581597,0.002693209983408452,0.03529393241679775,10.431262016296387,-8.93312084606035e-07,0.001242044885037657,0.0,-0.0013506204821169376,0.0013039874145761134
F:\Seminario\Seminario-Clustering\datasets\davi\Al Emadi (2019)\Multiclass_Drone_Audio\unknown\5-194930-B-13.wav,Multiclass_Drone_Audio\unknown\5-194930-B-13.wav,al_emadi,5-194930-B-13,1.0216875,0.8402949141088935,8.84128189086914,-0.00015269191192875014,0.0019768185851827,-0.00010712930816225708,-0.002636845200322568,0.0022495690966024997,0.07108924844148522,8.800361633300781,-9.446849740633854e-06,0.0005766154788058748,-1.6312515072058886e-07,-0.0007261954015120864,0.0006825500866398217,0.035113398552628204,9.811640739440918,-9.137472235115421e-07,0.00028721864550623093,-3.5759421734837815e-06,-0.000346951448591426,0.00035796017618849874,0.03221919190472673,10.474124908447266,3.2845730206366514e-07,0.00019475879770334967,6.334284989861771e-07,-0.0002198407892137766,0.00022609687584917995,0.02128324699226642,10.695109367370605,2.619002867143943e-07,0.00011198386097813975,-2.0031575331813656e-07,-0.00010444819417898543,0.00010547676283749752
F:\Seminario\Seminario-Clustering\datasets\davi\Al Emadi (2019)\Multiclass_Drone_Audio\unknown\1-54084-A-423.wav,Multiclass_Drone_Audio\unknown\1-54084-A-423.wav,al_emadi,1-54084-A-423,1.0216875,0.1979365605082062,9.226512908935547,0.0023344239755759685,0.18970708383405077,-0.0011058652307838202,-0.23706943690776824,0.24096383452415465,0.7383348179689734,9.215804100036621,-0.00033607301008390283,0.36642063081109033,0.03031101915985346,-0.5420178055763245,0.4784483999013901,0.06047350158564359,9.97757339477539,-2.522516651928192e-06,0.07431419274272945,0.002979004755616188,-0.09678860008716583,0.09114155918359756,0.0032053484873711554,10.994141578674316,-1.0925657592573668e-07,0.012111244985072517,-0.0001833245623856783,-0.015654650703072547,0.015700317546725275,4.9771449805632894e-05,11.928811073303223,3.9995654568427573e-07,0.0010676738194916407,-4.3411506339907646e-05,-0.0013639379758387804,0.0015098216012120248
F:\Seminario\Seminario-Clustering\datasets\davi\Al Emadi (2019)\Multiclass_Drone_Audio\unknown\exercise_bike009.wav,Multiclass_Drone_Audio\unknown\exercise_bike009.wav,al_emadi,exercise,4.992,0.49385933006277977,10.08517074584961,0.00013727866879780778,0.07703905884842577,0.0006899273430462927,-0.07327940613031388,0.07637413293123246,0.0592403190287582,11.17033576965332,0.0008030947216480854,0.026669932811664663,0.0005399857182055712,-0.033312940225005146,0.0348010003566742,0.09663256195157781,12.213571548461914,2.3834399481196277e-05,0.024107495470243136,3.0763359973207116e-05,-0.03066612407565117,0.030775418505072594,0.11424466000279572,13.050111770629883,-0.00010365553292964369,0.018538461617385826,-9.530954048386775e-05,-0.023113649897277353,0.022545384988188744,0.23602312895408853,13.964651107788086,-6.197072187048197e-05,0.018843689353957478,-4.7547478970955126e-05,-0.02293560318648815,0.022622878290712828
F:\Seminario\Seminario-Clustering\datasets\davi\Al Emadi (2019)\Multiclass_Drone_Audio\unknown\3-145719-A-170.wav,Multiclass_Drone_Audio\unknown\3-145719-A-170.wav,al_emadi,3-145719-A-170,1.0216875,0.4068552123016263,8.005171775817871,-9.349154451586586e-05,0.0012861276875736002,-6.478387149400078e-05,-0.0015286064706742763,0.001348404202144593,0.04103678748142914,7.5710129737854,-3.309170725091445e-06,0.00040952561638950226,-1.0703155112423701e-05,-0.0003857839328702539,0.00039132178353611384,0.034614765993204136,7.492387771606445,-6.576660496969673e-06,0.0002664666233276299,-1.0532958185649477e-06,-0.00019759303540922701,0.00019869660900440067,0.0792611220284328,7.738068580627441,1.1919736303586104e-05,0.0002852710056937617,1.3105324114803807e-06,-0.00014124125882517547,0.0001554282556753606,0.4382321121953076,5.790161609649658,-2.051349057818484e-06,0.0004749541452427086,-1.0583428320387611e-06,-9.202907895087264e-05,9.360741387354211e-05
F:\Seminario\Seminario-Clustering\datasets\davi\Al Emadi (2019)\Multiclass_Drone_Audio\unknown\4-99193-A-43.wav,Multiclass_Drone_Audio\unknown\4-99193-A-43.wav,al_emadi,4-99193-A-43,1.0216875,0.0440258523981204,8.668984413146973,0.0004028392102042647,0.0772139212808124,6.410951027646661e-05,-0.09308911189436912,0.09829811900854112,0.06638692880031576,8.372509002685547,0.002936944491855825,0.0947720936700047,0.004030789597891271,-0.09954279735684395,0.1104604780673981,0.6073690284576811,8.600872039794922,0.0006234477379474017,0.2032392962410354,9.353496716357768e-05,-0.20111146569252014,0.20365029573440552,0.2784824220928511,9.68822193145752,-9.797796671162559e-05,0.09741908330728223,-7.194117642939091e-06,-0.0978961408138275,0.09727963656187066,0.00373576825103162,10.592477798461914,-3.89759875820358e-06,0.007982383674582216,1.5112733308342285e-05,-0.007372153038159012,0.007434353884309532
F:\Seminario\Seminario-Clustering\datasets\davi\Al Emadi (2019)\Multiclass_Drone_Audio\unknown\1-19898-C-411.wav,Multiclass_Drone_Audio\unknown\1-19898-C-411.wav,al_emadi,1-19898-C-411,1.0216875,0.4614421883685488,7.924463272094727,-0.00018675665967889782,0.353519354264675,-0.00264520023483783,-0.43449818491935727,0.36542723774909996,0.15692489038124013,8.221113204956055,0.001766327336979849,0.2061505864836543,0.002147807739675045,-0.22481679022312165,0.23262293934822084,0.15901943771541718,9.211188316345215,-2.1582836707274515e-05,0.14706708694297918,-0.0005082037532702088,-0.16536018252372742,0.16484415531158447,0.11976241804660157,9.962915420532227,0.00022328526195314013,0.09034649414343433,0.00033485819585621357,-0.09348585158586502,0.0961903661489488,0.10285106548819235,10.483295440673828,-0.00012448871355643103,0.059231552873116634,0.00011342123616486788,-0.0541073489934206,0.054169799014925996
F:\Seminario\Seminario-Clustering\datasets\davi\Al Emadi (2019)\Multiclass_Drone_Audio\unknown\5-181977-A-354.wav,Multiclass_Drone_Audio\unknown\5-181977-A-354.wav,al_emadi,5-181977-A-354,0.95975,0.477541079197548,8.52402114868164,0.0004521749219409775,0.13304949956346038,-0.005112829152494669,-0.15112952888011932,0.16518830657005312,0.2681329684803939,8.19438362121582,-0.005532536589556957,0.09954415590997222,-0.0012833242653869092,-0.11468781754374505,0.09758889600634577,0.16238178406722217,9.350314140319824,-0.0010268922689517976,0.05497941527858789,-0.0025022414047271013,-0.06412042528390884,0.06293444931507111,0.06776002675693792,9.570055961608887,-0.0002833176986503588,0.025145431536780907,3.7482939660549164e-05,-0.026784543320536612,0.02588419802486896,0.024184141497898014,10.30318832397461,-5.71800908974706e-06,0.010628602488320574,-1.5648472981411032e-05,-0.010778553690761328,0.010897002648562193
F:\Seminario\Seminario-Clustering\datasets\davi\Al Emadi (2019)\Multiclass_Drone_Audio\unknown\1-26222-A-102.wav,Multiclass_Drone_Audio\unknown\1-26222-A-102.wav,al_emadi,1-26222-A-102,0.97525,0.34074787983972,8.876595497131348,0.0009659111388700342,0.11677320915910629,-0.004379758611321449,-0.14803920686244965,0.14682183265686038,0.09997968422022684,8.788068771362305,0.002592685178293167,0.06320221070578427,0.0016361920861527324,-0.074844029545784,0.081228019297123,0.14437541437445475,9.769597053527832,-0.0006022898974128533,0.05385566375530431,-0.0009121873299591243,-0.06973204240202903,0.06675409749150274,0.17997441552316115,10.629627227783203,0.0001660265701552145,0.04256950869689178,-0.00038146786391735077,-0.05127591341733932,0.05183952525258064,0.23492260604243725,11.7056884765625,6.657783998944026e-05,0.03440848816495942,0.00013183093687985092,-0.042307233437895775,0.04272736236453056
F:\Seminario\Seminario-Clustering\datasets\davi\Al Emadi (2019)\Multiclass_Drone_Audio\unknown\3-185456-A-290.wav,Multiclass_Drone_Audio\unknown\3-185456-A-290.wav,al_emadi,3-185456-A-290,1.0216875,0.5403628829943834,6.328601837158203,0.0002523950527513115,0.05642550659691384,-0.0006832512735854834,-0.03831798769533634,0.040840346366167075,0.28523597494609626,5.872028350830078,0.000404217096676573,0.04099379213375974,-7.029738117125817e-05,-0.01900997348129749,0.01834215391427279,0.12648754092863748,7.4807586669921875,5.6475554546364006e-05,0.019346163469074015,-8.83295651874505e-05,-0.010978988371789455,0.01182213518768549,0.041745818993193344,8.090524673461914,3.2224890552789943e-06,0.007867581382124332,1.8921447917819023e-05,-0.00436100112274289,0.004398402385413649,0.006167782137689541,9.040548324584961,4.268200684659997e-06,0.0021394186027975577,4.609973984770477e-07,-0.0012220403528772294,0.0012299793073907495
F:\Seminario\Seminario-Clustering\datasets\davi\Al Emadi (2019)\Multiclass_Drone_Audio\unknown\2-87795-A-243.wav,Multiclass_Drone_Audio\unknown\2-87795-A-243.wav,al_emadi,2-87795-A-243,1.0216875,0.19488546969316597,8.860755920410156,-0.003954855252413836,0.004822259773731489,-0.003714504186064005,-0.009960504528135062,0.001679212402086705,0.24187411347964355,8.502882957458496,-0.00016093288606003908,0.006946015043840291,-5.068064638180658e-06,-0.008419540897011756,0.00795974899083376,0.19883314525946663,9.704368591308594,-2.8795447802628428e-05,0.004464046053458877,-7.602466212119907e-06,-0.005349933169782162,0.005292171612381935,0.34306626844262716,10.820686340332031,-2.591499263120305e-07,0.00415091921823939,-7.910326530691236e-05,-0.005249696318060159,0.005213918630033732,0.02134100312509667,11.82034969329834,-1.1624020450524242e-07,0.000732419666943845,4.841729605686851e-06,-0.0009067184233572333,0.0009067895822227004
F:\Seminario\Seminario-Clustering\datasets\davi\Al Emadi (2019)\Multiclass_Drone_Audio\unknown\2-110417-B-284.wav,Multiclass_Drone_Audio\unknown\2-110417-B-284.wav,al_emadi,2-110417-B-284,0.95975,0.9031006023120406,8.966716766357422,-2.101166027648278e-05,0.0008608977489447753,4.818144407181535e-05,-0.0012167484615929424,0.0010185344843193893,0.07835401681873967,7.280330657958984,-8.437481066809694e-07,0.0002536536048593313,-1.1508677744132e-06,-0.00020888377330265933,0.00020177290571155027,0.010374778884824364,8.888811111450195,2.740974939535933e-07,6.541769701026592e-05,6.137106538517401e-07,-6.151954876258968e-05,6.235032633412632e-05,0.003154292812674407,10.86892318725586,-2.396207166593894e-08,2.5536014955767433e-05,2.4631481210235506e-07,-3.291086250101216e-05,3.287039799033664e-05,0.005016309171720917,11.862133026123047,1.2156345457060927e-07,2.2782390658970216e-05,-3.007738769156276e-08,-2.9159143923607186e-05,2.971011217596243e-05
F:\Seminario\Seminario-Clustering\datasets\davi\Al Emadi (2019)\Multiclass_Drone_Audio\unknown\5-254832-A-154.wav,Multiclass_Drone_Audio\unknown\5-254832-A-154.wav,al_emadi,5-254832-A-154,0.95975,0.2138836772090066,8.276741981506348,-0.0004241021474626905,0.006882933946195318,-0.0010077338083647192,-0.008389106579124927,0.006829851260408761,0.017827884054054062,6.383410453796387,3.0038289593418943e-05,0.001990710421777755,-3.88531043427065e-06,-0.0011826500645838677,0.001334193442016841,0.37393753939167684,6.91605281829834,-4.263739543621086e-06,0.006462549915828934,5.050417257734807e-06,-0.001882266206666827,0.0019347090041264897,0.3219266820982582,5.707452774047852,-4.3271699401368444e-05,0.00424475913682741,3.8339858292602e-06,-0.001022619497962296,0.0011022226186469192,0.07242421724700428,8.368610382080078,2.9142364302853737e-06,0.001424456466715808,7.792652922944399e-08,-0.0004949224239680916,0.000510109739843756
F:\Seminario\Seminario-Clustering\datasets\davi\Al Emadi (2019)\Multiclass_Drone_Audio\unknown\3-164688-A-383.wav,Multiclass_Drone_Audio\unknown\3-164688-A-383.wav,al_emadi,3-164688-A-383,1.0216875,0.05341606134101724,5.3893585205078125,-0.0023049832101623377,0.011946766460202018,-0.002025315770879388,-0.004995721159502864,0.0006339233368635188,0.37003818723496945,5.461363792419434,0.0006405902279011482,0.0320174919836589,2.476812369422987e-06,-0.0010312864906154566,0.0018085991498082953,0.4034407743333083,5.834546089172363,0.00035942006470942055,0.023693359671623296,1.5565237845294178e-06,-0.00044581180554814637,0.0004130218585487455,0.14347753587343348,6.709010124206543,2.5379182576399062e-06,0.010003238028653631,2.0752486307173967e-07,-8.454303315374998e-05,7.955099572427579e-05,0.02962744121727148,7.555972576141357,-6.809598538182199e-06,0.0032158225987032225,2.091837814077735e-11,-3.0218981737561987e-05,3.311082618893127e-05
F:\Seminario\Seminario-Clustering\datasets\davi\Al Emadi (2019)\Multiclass_Drone_Audio\unknown\exercise_bike008.wav,Multiclass_Drone_Audio\unknown\exercise_bike008.wav,al_emadi,exercise,4.992,0.4479518430847764,10.023365020751953,-0.00010324095612886595,0.06772651021589095,-0.000796156411524862,-0.06451796889305114,0.06612758561968807,0.06809105069593421,11.18527603149414,6.765133174485527e-05,0.02640505808320368,0.0004647497262340039,-0.0334770604968071,0.03378831632435322,0.10261669638775917,12.187362670898438,-0.00030483643269734644,0.022929506006556258,-0.00025872912374325097,-0.029497504234313965,0.028942717239260674,0.12440718977397593,13.067217826843262,0.00011005050078723395,0.017857082252651292,0.00015419305418618023,-0.022076282650232315,0.022124428860843183,0.25693322005755426,13.91546630859375,0.00010023147623099039,0.018147967572777046,9.813928045332432e-05,-0.021592138148844243,0.021684956736862656
F:\Seminario\Seminario-Clustering\datasets\davi\Al Emadi (2019)\Multiclass_Drone_Audio\unknown\4-163609-A-160.wav,Multiclass_Drone_Audio\unknown\4-163609-A-160.wav,al_emadi,4-163609-A-160,1.0216875,0.9089389757974025,8.828973770141602,-0.0005310989261912273,0.3212012179856917,0.006295810453593731,-0.39124247431755066,0.39756926596164704,0.08258429017907618,8.815760612487793,-0.001995010002972829,0.09679811696007878,0.000308581511490047,-0.1273752436041832,0.11748756095767021,0.0075699814753620006,9.773029327392578,-0.00011437144937457563,0.020772415845481434,-6.480241427198052e-05,-0.025095265358686447,0.026003234088420868,0.0008540336541614323,10.688652038574219,-2.550335648243679e-06,0.0049390746485642135,-7.929978892207146e-06,-0.006049585901200772,0.006005498580634595,5.2718893997883534e-05,11.679818153381348,-7.46969336228404e-07,0.0008681373516073227,7.218914106488228e-07,-0.0010334340389817954,0.0010651534306816758
F:\Seminario\Seminario-Clustering\datasets\davi\Al Emadi (2019)\Multiclass_Drone_Audio\unknown\5-180156-B-434.wav,Multiclass_Drone_Audio\unknown\5-180156-B-434.wav,al_emadi,5-180156-B-434,0.95975,0.3143617499886726,8.978410720825195,-0.0014857517671771348,0.4084814528868834,-0.015238493215292692,-0.5376467227935791,0.5421645641326904,0.14912287245360586,8.399883270263672,-0.007250708707296559,0.2812472048725426,-0.006691089365631342,-0.32666375041007994,0.29537943303585057,0.24145389356668,9.185521125793457,0.0033666256434413677,0.2537091088454256,0.003861350240185857,-0.2688871622085571,0.28258902430534366,0.26747436064916624,10.3172607421875,-0.0002101723705402891,0.1890560923179434,0.002190699800848961,-0.22533783018589018,0.2269785702228546,0.027587123341875276,11.342021942138672,-7.192591042466975e-06,0.04295503659659826,-0.00022871722467243671,-0.05173191875219345,0.0517245575785637
F:\Seminario\Seminario-Clustering\datasets\davi\Al Emadi (2019)\Multiclass_Drone_Audio\unknown\2-125875-A-130.wav,Multiclass_Drone_Audio\unknown\2-125875-A-130.wav,al_emadi,2-125875-A-130,1.0216875,0.11526336763763342,8.950441360473633,5.349463836043549e-05,0.01774490671693827,0.00017550631309859455,-0.021930732764303684,0.021621865965425972,0.1740130887929088,8.990631103515625,-5.499367681004161e-05,0.021803168731543816,0.00016553464956814423,-0.028117880411446094,0.027781191281974326,0.21481831122759187,9.956441879272461,8.423246512533362e-06,0.017167277504676205,7.687276229262352e-05,-0.0217488631606102,0.022787639871239662,0.43704800861494897,10.904205322265625,4.5400949273614093e-05,0.017333683703841866,0.0001118265645345673,-0.021937092766165733,0.021898203343153,0.05885722372691695,11.896612167358398,2.6329732244993396e-07,0.004500129168426969,2.3513675841968507e-05,-0.005718073341995478,0.005718408105894923
F:\Seminario\Seminario-Clustering\datasets\davi\Al Emadi (2019)\Multiclass_Drone_Audio\unknown\3-93010-A-184.wav,Multiclass_Drone_Audio\unknown\3-93010-A-184.wav,al_emadi,3-93010-A-184,0.95975,0.308276692997601,8.728185653686523,-0.0181618316259239,0.18649119211138032,-0.014879002701491117,-0.24644220769405364,0.20848553925752644,0.21933402276780853,8.400178909301758,-0.004152926396227861,0.15799406983527428,0.0031569499988108873,-0.18985888212919236,0.1832614228129387,0.18078441859861985,9.692671775817871,0.001890399713738211,0.10168104996567955,0.002678897697478533,-0.12453675270080565,0.1240063175559044,0.171107929552422,10.742773056030273,-0.0009179772239409131,0.07003659499577453,-0.0004388587549328804,-0.0881702646613121,0.08476754575967788,0.12049693608354863,11.492759704589844,0.0001343002354406811,0.04158378519166245,0.00021265793475322425,-0.0490954902023077,0.04925858676433565
F:\Seminario\Seminario-Clustering\datasets\davi\Al Emadi (2019)\Multiclass_Drone_Audio\unknown\1-62565-A-442.wav,Multiclass_Drone_Audio\unknown\1-62565-A-442.wav,al_emadi,1-62565-A-442,0.97525,0.9978819661528697,8.973987579345703,-0.008890545358293948,0.8637852606792447,-0.11969601362943649,-1.011327314376831,1.2553925037384033,0.0015721030345260385,7.818595886230469,0.0005161696557634882,0.03428313166663584,0.0012219343334436417,-0.03168642520904541,0.03385178446769719,0.0003711068806075293,9.057199478149414,-4.9691703076002524e-05,0.011803350062844735,5.755398888140917e-05,-0.013187790475785732,0.01319682914763689,0.00010802349259731375,10.366069793701172,8.91003396788992e-05,0.004507321460129734,4.389649257063866e-05,-0.005336004309356213,0.005496639478951693,6.680043939936705e-05,11.452634811401367,2.234310201986976e-06,0.002508078755567873,2.7803995180875063e-05,-0.0029305744683369994,0.0029234932735562325
F:\Seminario\Seminario-Clustering\datasets\davi\Al Emadi (2019)\Multiclass_Drone_Audio\unknown\2-135649-B-452.wav,Multiclass_Drone_Audio\unknown\2-135649-B-452.wav,al_emadi,2-135649-B-452,0.97525,0.8112411184737522,8.874833106994629,0.001831876394449755,0.9871517832198412,-0.014174558222293854,-1.2798946142196654,1.2530503988265993,0.12712706522450923,8.85053539276123,0.0032171790787925525,0.3907634844196055,0.017524320632219315,-0.5057100534439087,0.4942697763442998,0.03381688215344219,9.830034255981445,-0.0005489241749674188,0.1428050888429225,0.001002057979349047,-0.1806056722998619,0.1745628848671913,0.018793064496906785,10.791105270385742,-0.0008754579311527316,0.07535884360650708,0.0009435524116270244,-0.09679702520370484,0.09306593239307405,0.009021869651389524,11.843642234802246,-0.0001313891712727792,0.0369417686116419,9.490035881754011e-05,-0.047641120851039886,0.04684632644057274
F:\Seminario\Seminario-Clustering\datasets\davi\Al Emadi (2019)\Multiclass_Drone_Audio\unknown\2-61311-A-122.wav,Multiclass_Drone_Audio\unknown\2-61311-A-122.wav,al_emadi,2-61311-A-122,0.97525,0.9765660850687227,8.923399925231934,-0.00017680715981398124,0.04075289720472699,0.0019068386172875762,-0.05562740638852119,0.048995213955640805,0.012794532428140413,8.76357650756836,-2.3429163336734423e-05,0.0046646436576219495,3.730831667780876e-05,-0.006011615786701441,0.005811496730893855,0.002240517115963157,8.991345405578613,-1.6201787185700622e-05,0.0013830137788120084,-2.6626934413798153e-05,-0.0015197488479316234,0.0015664758975617585,0.004939794898391467,7.94397497177124,9.885702104119314e-06,0.001453821961057691,8.856644853949547e-06,-0.0009127578581683337,0.0008763045887462795,0.0034590704887823296,7.9212493896484375,2.2701153941475415e-06,0.0008607012380739483,-7.163907866925001e-08,-0.000442040225607343,0.00044812225678469986
F:\Seminario\Seminario-Clustering\datasets\davi\Al Emadi (2019)\Multiclass_Drone_Audio\unknown\1-42139-A-380.wav,Multiclass_Drone_Audio\unknown\1-42139-A-380.wav,al_emadi,1-42139-A-380,1.0216875,0.9256622782252226,8.739980697631836,0.0029355409195153856,0.18791580775199876,0.004925843561068177,-0.23176416158676147,0.22659314423799518,0.06324375014498303,7.989319801330566,0.0005688442119331669,0.049121284480583054,-0.0007200598483905196,-0.04739977084100246,0.04587095640599728,0.005813728040580091,9.204194068908691,-9.458298084400104e-05,0.010554453036932374,-1.2252246960997581e-05,-0.011393729597330093,0.01141531765460968,0.0030018620421759534,9.064420700073242,1.113733812159212e-05,0.00536886149485231,2.9912684112787247e-05,-0.004168259724974632,0.004138091392815115,0.002278381547038263,8.689682006835938,-1.1171464379987745e-05,0.003308993019472435,9.726427379064262e-06,-0.0017944242688827216,0.0017332818359136583
F:\Seminario\Seminario-Clustering\datasets\davi\Al Emadi (2019)\Multiclass_Drone_Audio\unknown\5-254832-A-151.wav,Multiclass_Drone_Audio\unknown\5-254832-A-151.wav,al_emadi,5-254832-A-151,1.0216875,0.04500604321843594,8.534955978393555,-0.000798123507571926,0.005785751565957325,-0.0008453268092125654,-0.007571855233982205,0.005757458414882422,0.2431271114003769,5.358486175537109,0.0006005586100175085,0.01356153776874965,-5.5630120186833665e-05,-0.0023485541343688963,0.0014824996585957712,0.6445022879288594,6.247517108917236,-5.414230683176217e-05,0.015662572098941337,-7.862166057748254e-06,-0.003088155994191766,0.002423131838440895,0.04886372315316331,7.737510681152344,4.835915569589648e-06,0.0030528689554902414,-3.4056711228913628e-06,-0.0011191013036295772,0.000988098280504346,0.018500834299164395,7.935669898986816,-1.8269800180164362e-06,0.0013289480129742084,5.040601536165923e-06,-0.00048504820733796805,0.0004840127425268294
F:\Seminario\Seminario-Clustering\datasets\davi\Al Emadi (2019)\Multiclass_Drone_Audio\bebop_1\mixed_17-bebop_003_.wav,Multiclass_Drone_Audio\bebop_1\mixed_17-bebop_003_.wav,al_emadi,mixed_17-bebop_003,1.024,0.41379331791822904,8.438799858093262,-0.00012545166231039596,0.08974390161498108,0.0011569661437533796,-0.10418322458863258,0.10268290042877194,0.048368081611213316,8.992594718933105,-0.0006245104183855533,0.03067630645058663,-0.00020774721633642912,-0.039953806623816486,0.038226901367306707,0.12028646659965056,9.960290908813477,0.001027289573608789,0.03427369610662949,0.0017509316094219685,-0.04248752221465111,0.04416637793183328,0.23222787703314646,10.947552680969238,-0.0009236970314603804,0.03370930692118421,-0.0009149499819613993,-0.04450333379209041,0.04214968904852867,0.18532425683776063,11.909995079040527,-1.2735252164902468e-05,0.0213117213626947,-0.00025795825058594346,-0.026857907883822918,0.027465786784887314
F:\Seminario\Seminario-Clustering\datasets\davi\Al Emadi (2019)\Multiclass_Drone_Audio\unknown\2-110614-B-83.wav,Multiclass_Drone_Audio\unknown\2-110614-B-83.wav,al_emadi,2-110614-B-83,1.0216875,0.22371841769930814,8.629284858703613,0.00648717777255371,0.26163854032183337,0.009136891923844814,-0.29759164452552794,0.31550998985767365,0.42404845044174355,8.224716186523438,-0.0002470065245079329,0.3603229472551789,0.0056547303684055805,-0.36913569569587706,0.38331128358840943,0.24540472557799886,9.028417587280273,-0.0018215389540520016,0.19424169164015484,0.005138303153216839,-0.21115420758724213,0.20400281250476837,0.10162216660213208,9.902437210083008,-0.0003498474792249668,0.08848565650445271,-0.0002873566118068993,-0.08911986202001572,0.09095027297735216,0.0052062396788173535,10.886489868164062,1.947918586687117e-05,0.014169059917371296,5.579385833698325e-05,-0.013774302694946526,0.01416799779981375
F:\Seminario\Seminario-Clustering\datasets\davi\Al Emadi (2019)\Multiclass_Drone_Audio\unknown\5-219342-A-382.wav,Multiclass_Drone_Audio\unknown\5-219342-A-382.wav,al_emadi,5-219342-A-382,0.97525,0.012440054874420552,5.421614646911621,6.751708298253826e-06,0.004158409729743684,-3.2905227271839976e-05,-0.0010833936277776957,0.001131623284891248,0.3415621895143584,5.478826999664307,0.0005698433162025156,0.021782264332912193,4.28388830187032e-07,-0.0021651333197951314,0.0024227858521044254,0.28922127338641135,6.66940975189209,0.00040033203192725006,0.014201353173330619,-4.3952991291007493e-07,-0.0014722680090926588,0.0017567879054695354,0.32914767868213257,7.11557674407959,-5.40800824794248e-06,0.010729193795561635,-2.8314575502008665e-06,-0.0008652590331621468,0.000875432079192251,0.02762880354267716,7.90128231048584,3.213887908431e-07,0.0021991771934532734,-6.144171038613422e-08,-0.00020349227997940034,0.0002058350873994641
F:\Seminario\Seminario-Clustering\datasets\davi\Al Emadi (2019)\Multiclass_Drone_Audio\unknown\3-156393-A-354.wav,Multiclass_Drone_Audio\unknown\3-156393-A-354.wav,al_emadi,3-156393-A-354,0.95975,0.9696023583575584,9.032187461853027,0.003945099925591076,0.29872539824242883,0.0185056384652853,-0.41997810304164884,0.39347342848777805,0.014720088369147791,8.788825035095215,0.0008286082862047979,0.036800890331957395,0.0009997119195759296,-0.045784558355808254,0.04880767986178401,0.009548694694113272,9.681848526000977,0.0006943924462885611,0.021001230401385355,0.0008686111541464925,-0.025531256943941115,0.026070473715662984,0.0031543124387470923,10.702733993530273,-6.977269045140544e-05,0.008549497147109442,-6.128102540969849e-05,-0.01044646855443716,0.010265254974365234,0.0029745461404334754,11.871232986450195,1.0991569872022968e-06,0.005873866140814264,-4.1873514419421554e-05,-0.007542526070028544,0.007564892340451482
F:\Seminario\Seminario-Clustering\datasets\davi\Al Emadi (2019)\Multiclass_Drone_Audio\unknown\4-196671-B-82.wav,Multiclass_Drone_Audio\unknown\4-196671-B-82.wav,al_emadi,4-196671-B-82,0.97525,0.31371179806758803,8.94549560546875,-0.002785322274120964,0.0585643643151606,-0.0017670078668743372,-0.0789157509803772,0.07239657342433932,0.050200882850307806,8.931734085083008,0.00020355060720879734,0.0234529751875435,0.0007443394279107451,-0.03039655424654484,0.029458581283688556,0.1776954448929351,9.404726028442383,-0.00044509944889348533,0.0312624627194781,2.50293524004519e-05,-0.03876315169036388,0.03411663584411144,0.4139321163741277,10.097892761230469,-0.0004068761068298731,0.03377899726623459,4.3457490392029285e-05,-0.03470783457159996,0.03584811985492707,0.044459757815041356,10.074344635009766,-2.000640058604569e-06,0.007832576703595122,-7.094073225744069e-06,-0.006164313293993473,0.006578054279088974
F:\Seminario\Seminario-Clustering\datasets\davi\Al Emadi (2019)\Multiclass_Drone_Audio\unknown\2-135649-A-452.wav,Multiclass_Drone_Audio\unknown\2-135649-A-452.wav,al_emadi,2-135649-A-452,0.97525,0.8949276932487248,8.789422035217285,-0.00310055608126891,0.25085501569297713,-0.0058238813653588295,-0.3143417418003082,0.3119616866111756,0.05858028110728636,8.611835479736328,0.0023779480563882183,0.06414155437948063,0.0018804536666721106,-0.07745581120252609,0.07946360260248193,0.02404991309634853,9.342049598693848,0.00017482026947642732,0.029139450987554927,-0.0003170991549268365,-0.03278410024940967,0.03415308482944964,0.015396913074695078,10.412053108215332,-0.00020567987875740043,0.016504414966496118,-0.00035275076515972614,-0.018704235926270484,0.018350973725318916,0.0070451994729452795,11.679640769958496,-2.91766455952421e-05,0.007898928079473339,-7.206771988421679e-05,-0.009666642639786005,0.009688147809356451
F:\Seminario\Seminario-Clustering\datasets\davi\Al Emadi (2019)\Multiclass_Drone_Audio\unknown\1-79220-A-173.wav,Multiclass_Drone_Audio\unknown\1-79220-A-173.wav,al_emadi,1-79220-A-173,1.0216875,0.9998831806411529,7.263746738433838,-0.003990115378618815,0.7531782670394133,0.024122023954987526,-0.47875978946685793,0.6335897147655487,3.436713008346602e-05,8.297988891601562,-1.7985720972946473e-05,0.0044156768118524545,0.00011267600348219275,-0.004927200591191649,0.0047783762216568,4.109976169757848e-05,8.116849899291992,0.00010719546883861724,0.003420357558864821,1.6544945538043976e-05,-0.0026748180389404297,0.003057241439819336,2.5239902902664022e-05,9.409833908081055,-3.0366244865734982e-05,0.001898083274091602,-1.799408346414566e-05,-0.001744486717507243,0.0016611377708613873,1.6112564163420777e-05,9.499555587768555,-2.1789717604715795e-06,0.001073014928481468,1.0323477908968925e-05,-0.0009587774868123233,0.0009691049810498953
F:\Seminario\Seminario-Clustering\datasets\davi\Al Emadi (2019)\Multiclass_Drone_Audio\unknown\2-96904-A-271.wav,Multiclass_Drone_Audio\unknown\2-96904-A-271.wav,al_emadi,2-96904-A-271,1.0216875,0.06397110332253199,8.78807544708252,-9.433907286523394e-05,0.005257812346228858,-0.00022031491243978962,-0.006638130405917764,0.006160061433911324,0.03210274472008854,8.348455429077148,-8.286219694904839e-05,0.0037243173455139083,-6.196953472681344e-05,-0.004188548354431987,0.003958622924983502,0.055843617856736576,9.070962905883789,-0.00014127564732652363,0.0034789470296110914,-9.308222797699273e-05,-0.003908185753971338,0.0034273022320121527,0.44460551552602834,8.992555618286133,-4.3346560702050675e-05,0.006954402154990595,6.84945462126052e-06,-0.005620624590665102,0.005332644749432803,0.40347701857461454,10.413734436035156,1.475543529350014e-05,0.004686896667834434,-1.4894449122948572e-06,-0.004158327355980872,0.004348188964650036
F:\Seminario\Seminario-Clustering\datasets\davi\Al Emadi (2019)\Multiclass_Drone_Audio\membo_1\extra_membo_D2_2007.wav,Multiclass_Drone_Audio\membo_1\extra_membo_D2_2007.wav,al_emadi,extra_membo_D2,1.002625,0.8677960494352747,8.991146087646484,-4.6533367688081096e-05,0.03104430944451162,-0.0003682090318761766,-0.04099326580762863,0.04074426740407944,0.05881007830592492,8.610616683959961,1.3179662580270013e-05,0.008081630089463608,-0.00016505634994246066,-0.009111853316426277,0.009710515849292278,0.03731541688296251,9.785621643066406,-6.146825969989122e-05,0.004561756448674882,-9.096763096749783e-05,-0.005737035255879164,0.005623226985335349,0.01964951124897538,10.738330841064453,-2.0899448642571215e-05,0.0023434566928213214,-2.360518556088209e-05,-0.002890854561701417,0.0028825261630117892,0.016428944126862532,11.732240676879883,5.802821084114703e-06,0.001516101821196808,-4.8769579734653234e-06,-0.001866934052668512,0.0019040860934183002
F:\Seminario\Seminario-Clustering\datasets\davi\Al Emadi (2019)\Multiclass_Drone_Audio\unknown\silence087.wav,Multiclass_Drone_Audio\unknown\silence087.wav,al_emadi,silence087,0.743,0.0,-0.0,0.0,0.0,0.0,0.0,0.0,0.0,-0.0,0.0,0.0,0.0,0.0,0.0,0.0,-0.0,0.0,0.0,0.0,0.0,0.0,0.0,-0.0,0.0,0.0,0.0,0.0,0.0,0.0,-0.0,0.0,0.0,0.0,0.0,0.0
F:\Seminario\Seminario-Clustering\datasets\davi\Al Emadi (2019)\Multiclass_Drone_Audio\unknown\2-106486-A-444.wav,Multiclass_Drone_Audio\unknown\2-106486-A-444.wav,al_emadi,2-106486-A-444,0.95975,0.8834858242198766,8.887856483459473,0.00021627109532902587,0.12362149777554927,0.0016810375382192433,-0.16100617200136186,0.15832833796739582,0.02813267615701549,8.811939239501953,-0.0005473710443165003,0.022052949230796225,3.608246333897114e-05,-0.028637224063277244,0.026294693350791935,0.04540863668399396,9.710128784179688,-3.8326386813657696e-05,0.01986369865830085,-7.214274955913424e-05,-0.02480080761015415,0.025129670649766924,0.030528704815051905,10.78187370300293,-3.3869440200685925e-05,0.011530196148207546,5.5868003983050585e-05,-0.014553684182465077,0.014080049656331538,0.012444158124061945,11.774059295654297,-9.41070871631685e-06,0.005208077723620455,7.332884706556797e-06,-0.006480671465396881,0.0065324704628437775
F:\Seminario\Seminario-Clustering\datasets\davi\Al Emadi (2019)\Multiclass_Drone_Audio\unknown\3-154926-A-403.wav,Multiclass_Drone_Audio\unknown\3-154926-A-403.wav,al_emadi,3-154926-A-403,1.0216875,0.0,-0.0,0.0,0.0,0.0,0.0,0.0,0.0,-0.0,0.0,0.0,0.0,0.0,0.0,0.0,-0.0,0.0,0.0,0.0,0.0,0.0,0.0,-0.0,0.0,0.0,0.0,0.0,0.0,0.0,-0.0,0.0,0.0,0.0,0.0,0.0
F:\Seminario\Seminario-Clustering\datasets\davi\Al Emadi (2019)\Multiclass_Drone_Audio\unknown\2-106849-A-470.wav,Multiclass_Drone_Audio\unknown\2-106849-A-470.wav,al_emadi,2-106849-A-470,1.0216875,0.5912414826647746,8.872797966003418,0.002522394175243392,0.7086185648479854,-0.006285716779530048,-0.9048082292079925,0.8833278179168702,0.24464087073082952,8.624369621276855,0.027624102114943913,0.45498634393477055,0.007964205695316195,-0.4689298450946808,0.5695805311203004,0.14769524793099006,9.551514625549316,0.0002896948371864474,0.25098721980774585,0.0024469727650284767,-0.29493504762649536,0.2920101583003998,0.016026119318707344,10.586978912353516,5.312312815671492e-05,0.05852542632982554,-0.0013940483331680298,-0.06671124100685119,0.06769384443759918,0.00039627935469849327,11.460624694824219,1.790728032804394e-05,0.006510689294116474,2.8745271265506744e-05,-0.0076992583461105825,0.007634115871042013
F:\Seminario\Seminario-Clustering\datasets\davi\Al Emadi (2019)\Multiclass_Drone_Audio\unknown\1-34495-A-140.wav,Multiclass_Drone_Audio\unknown\1-34495-A-140.wav,al_emadi,1-34495-A-140,1.0216875,0.14467090315887352,8.903018951416016,0.0011350278565445372,0.04295705180664671,0.00029414123855531216,-0.052783741429448125,0.05497168861329556,0.0277106644592451,9.01181697845459,1.5549029484142558e-05,0.018806966233134045,0.000631794857326895,-0.024506776221096514,0.023976941034197806,0.17028954741380017,9.568347930908203,-0.0004476764950534485,0.03303583867439544,0.00016643432900309563,-0.040174778550863266,0.03919701650738716,0.5368518497667731,9.77652645111084,0.0004908331765942388,0.041523125270594874,0.00016958685591816902,-0.04082571417093277,0.041900607943534854,0.12047703520130806,11.060291290283203,-8.667852290682487e-06,0.013916900271276214,-5.893973138881847e-05,-0.014287958480417728,0.014555532205849889
F:\Seminario\Seminario-Clustering\datasets\davi\Al Emadi (2019)\Multiclass_Drone_Audio\unknown\3-142601-A-213.wav,Multiclass_Drone_Audio\unknown\3-142601-A-213.wav,al_emadi,3-142601-A-213,1.0216875,0.0,-0.0,0.0,0.0,0.0,0.0,0.0,0.0,-0.0,0.0,0.0,0.0,0.0,0.0,0.0,-0.0,0.0,0.0,0.0,0.0,0.0,0.0,-0.0,0.0,0.0,0.0,0.0,0.0,0.0,-0.0,0.0,0.0,0.0,0.0,0.0
F:\Seminario\Seminario-Clustering\datasets\davi\Al Emadi (2019)\Multiclass_Drone_Audio\unknown\3-130330-A-220.wav,Multiclass_Drone_Audio\unknown\3-130330-A-220.wav,al_emadi,3-130330-A-220,1.0216875,0.024424420409623147,8.166091918945312,-0.009234770130506238,0.29229831555812436,-0.0021553863771259785,-0.3204555481672287,0.29666922390460976,0.22770006526412678,8.166067123413086,-0.11711409011272515,0.8852060868350332,-0.05030786618590355,-1.1159391283988953,0.7619906961917878,0.3013013140571889,9.433294296264648,0.0028785626847114866,0.7278865769233659,-0.01077357679605484,-0.8670968413352966,0.8536380529403687,0.23938817398453274,10.322403907775879,-0.005073468022861873,0.45925448783155376,-0.004740709438920021,-0.5314841389656066,0.513810980319977,0.2071860262845284,11.202787399291992,-1.3348225678868322e-05,0.3022776872113373,-0.00041278934804722667,-0.33340885043144225,0.3221385031938554
F:\Seminario\Seminario-Clustering\datasets\davi\Al Emadi (2019)\Multiclass_Drone_Audio\unknown\2-262579-A-451.wav,Multiclass_Drone_Audio\unknown\2-262579-A-451.wav,al_emadi,2-262579-A-451,1.0216875,0.7519255828288974,8.991368293762207,0.0013257555244264455,0.3580143351307792,-0.012616544030606747,-0.44981804192066194,0.45236313045024873,0.17256034106695722,8.883246421813965,0.0007035696372679136,0.17150738026228912,0.0012972373515367508,-0.21611284017562865,0.21227739900350573,0.054354959744729425,9.877765655517578,-0.0003785589430447139,0.06821260486061581,-0.002568507567048073,-0.08649258315563202,0.08861175924539566,0.017347869008554208,10.670855522155762,-0.0002128404456313011,0.027278692786394543,-0.00028243311680853367,-0.03232450857758522,0.03210094049572946,0.0038112473508616824,11.532647132873535,4.718624490576469e-06,0.009045749310893384,-3.642792580649257e-05,-0.010432121623307465,0.010462130326777697
F:\Seminario\Seminario-Clustering\datasets\davi\Al Emadi (2019)\Multiclass_Drone_Audio\unknown\3-119455-A-444.wav,Multiclass_Drone_Audio\unknown\3-119455-A-444.wav,al_emadi,3-119455-A-444,0.95975,0.7445598224539479,8.496826171875,0.0007520340074155353,0.29814281034004325,-0.020528470166027546,-0.4060950994491577,0.3397660791873934,0.11957641826444139,8.656135559082031,0.0012512686136823285,0.11947440478293368,-0.0007650848710909486,-0.14595008492469788,0.15487093925476075,0.04959620598718541,9.632539749145508,0.00014230650535041102,0.054537532454897245,-0.0004567046416923404,-0.06643391251564025,0.06557362377643586,0.031172107305307742,10.663036346435547,0.00017755789709631995,0.03060843987937366,0.00022828244254924357,-0.03701229840517044,0.03720106855034828,0.055095445989117586,11.312231063842773,4.451936697060305e-06,0.028789511670316435,0.00027780490927398205,-0.03299067132174969,0.032898843660950666
F:\Seminario\Seminario-Clustering\datasets\davi\Al Emadi (2019)\Multiclass_Drone_Audio\unknown\4-213193-A-290.wav,Multiclass_Drone_Audio\unknown\4-213193-A-290.wav,al_emadi,4-213193-A-290,1.0216875,0.692565835660017,4.797598838806152,-0.00014129843481159077,0.021457111507514687,-0.00010340112930862233,-0.0027129634283483027,0.001876638026442379,0.22827871758335735,4.160536766052246,9.355943033419784e-05,0.01231885379509909,-3.927356601707288e-06,-0.0019614174729213115,0.001732795394491405,0.05604415619308378,6.032740592956543,-4.953723989339924e-05,0.004325363318681833,9.693280844658148e-08,-0.0009947940707206726,0.0007508768467232585,0.01790212993669763,6.308352470397949,-4.2006917879803845e-05,0.0017301041668496685,-1.0057226518256357e-07,-0.0003440936445258556,0.00028282054699957474,0.005209160626844305,6.129295349121094,6.80103340581753e-07,0.0006604330978742562,1.647233318635699e-07,-9.356481023132801e-05,9.37569515372161e-05
F:\Seminario\Seminario-Clustering\datasets\davi\Al Emadi (2019)\Multiclass_Drone_Audio\unknown\5-216213-A-133.wav,Multiclass_Drone_Audio\unknown\5-216213-A-133.wav,al_emadi,5-216213-A-133,1.0216875,0.0034764959097381043,2.713212728500366,-0.0016084391278822806,0.022872824090962206,-0.00016027332458179444,-0.006762613449245692,0.006345795514062048,0.003551374576348107,2.370621919631958,-0.00010599148312729932,0.02317468050535145,0.00016284477896988392,-0.006774396728724241,0.006556548364460469,0.19733136341363958,8.656906127929688,0.00015445170266258494,0.12242032672045715,-0.00017945803119800985,-0.1109539046883583,0.11658810824155807,0.7762875504082634,9.62216854095459,-7.3536661551927844e-06,0.17188148773451384,3.358789763296954e-05,-0.15961534678935999,0.16071202158927922,0.019353215692010883,10.701140403747559,-2.393520063812624e-06,0.01919957726847189,0.00016417887673014775,-0.01706397235393524,0.017868401110172273
F:\Seminario\Seminario-Clustering\datasets\davi\Al Emadi (2019)\Multiclass_Drone_Audio\unknown\1-34853-A-372.wav,Multiclass_Drone_Audio\unknown\1-34853-A-372.wav,al_emadi,1-34853-A-372,0.97525,0.0031728815905046038,8.763410568237305,-0.0007240480910865864,0.025372791024236098,4.723871825262904e-06,-0.031955089420080185,0.03009851612150671,0.04017042922936356,8.794425964355469,5.1917501390458765e-05,0.09031736103562595,0.000612110598012805,-0.13349564373493195,0.13215559124946594,0.24616214331347,9.044182777404785,8.473217008519224e-05,0.1584160048206888,-0.0010512833832763135,-0.17202585041522978,0.19558087587356565,0.6194443662542629,10.169259071350098,1.737006355423019e-05,0.177899315224263,0.0003148067044094205,-0.2184404969215393,0.221782597899437,0.09105017961239895,11.046833992004395,-1.5651944938636468e-06,0.048252626542119335,0.0002719012263696641,-0.05787506140768528,0.055218905210494995
F:\Seminario\Seminario-Clustering\datasets\davi\Al Emadi (2019)\Multiclass_Drone_Audio\unknown\2-114609-B-284.wav,Multiclass_Drone_Audio\unknown\2-114609-B-284.wav,al_emadi,2-114609-B-284,0.95975,0.9833586999069506,8.13280200958252,-0.0008293313396715656,0.023391102718665627,0.00021249635028652847,-0.02723957095295191,0.024329779669642487,0.012342513570009305,7.220458030700684,3.080618030290973e-06,0.0026222193279644658,-1.222456558025442e-05,-0.0021252951817587015,0.002038677968084817,0.002397036984341302,8.554581642150879,-2.1854455599357223e-05,0.000818741905114882,-8.137816621456295e-06,-0.0007360746851190924,0.0006762276752851911,0.001429689889676989,9.306280136108398,1.9578497612436673e-06,0.0004477893556424263,1.4340148482006043e-06,-0.00036433885688893494,0.0003687367425300181,0.0004720596490218741,10.221365928649902,2.0058708456731167e-08,0.00018203985798070137,2.3229222279042006e-06,-0.0001478448393754661,0.00014277459704317163
F:\Seminario\Seminario-Clustering\datasets\davi\Al Emadi (2019)\Multiclass_Drone_Audio\unknown\5-248341-C-63.wav,Multiclass_Drone_Audio\unknown\5-248341-C-63.wav,al_emadi,5-248341-C-63,1.0216875,0.05062071452520924,7.928084850311279,0.0027971937860253727,0.10368476546076057,0.00018402046407572925,-0.11718518882989884,0.12638534903526308,0.24798998989655693,8.14281940460205,0.00021613366653997501,0.22957557677978613,7.052561704767868e-05,-0.3047459810972214,0.26243784427642824,0.5704025219779703,9.033822059631348,-0.0007464559243350716,0.24673646610031452,-3.0989987862994894e-05,-0.2980599105358124,0.28263533115386963,0.11919266339622177,9.739267349243164,-0.0006472145691603922,0.07983935971514901,1.5867048205109313e-05,-0.0875078871846199,0.08694648146629334,0.011794110204041846,10.787437438964844,5.8040255774223775e-05,0.017767819399941286,9.662808224675246e-07,-0.019447256252169608,0.019384469464421274
F:\Seminario\Seminario-Clustering\datasets\davi\Al Emadi (2019)\Multiclass_Drone_Audio\unknown\5-208810-A-114.wav,Multiclass_Drone_Audio\unknown\5-208810-A-114.wav,al_emadi,5-208810-A-114,0.95975,0.13752797339768638,8.416337013244629,-0.00024949392941380334,0.2184420267213802,-0.005734291393309832,-0.25377736389636996,0.25571382939815523,0.24278311611298373,8.576326370239258,-0.009779534002090568,0.2900704607773387,0.0,-0.36964809000492094,0.3246437937021258,0.30109662874486887,9.673920631408691,-0.0014625581479518956,0.22907719743672444,7.653799798390537e-07,-0.2849583327770233,0.27150036096572877,0.21072549730263926,10.639851570129395,-0.0006781760263481185,0.13566992146468962,0.0,-0.16751701831817625,0.16533822417259217,0.10786678444182175,11.637874603271484,5.590946121484128e-05,0.06867286861330851,0.0,-0.0837498739361763,0.08442821279168132
F:\Seminario\Seminario-Clustering\datasets\davi\Al Emadi (2019)\Multiclass_Drone_Audio\unknown\2-82071-A-270.wav,Multiclass_Drone_Audio\unknown\2-82071-A-270.wav,al_emadi,2-82071-A-270,1.0216875,0.5217909709334357,9.049320220947266,0.000244094538547605,0.05518766507037831,0.0005710854311473668,-0.06970484480261803,0.07044196352362633,0.19607807135993005,8.883358001708984,-0.0007870463866602575,0.03382166117471373,4.404564970172942e-05,-0.04329882934689522,0.04082733690738678,0.13370579531308685,9.74435806274414,-8.211729445039267e-05,0.019797263015373687,-0.0005405496340245008,-0.023745514452457428,0.024986866861581802,0.1019515877019537,10.362478256225586,0.0001991617641620177,0.012235879733774928,8.863233961164951e-05,-0.01362170409411192,0.013786784559488301,0.04647357469159373,11.108050346374512,1.9464416492104643e-06,0.005845155349696263,3.8687794585712254e-05,-0.0062213943805545565,0.00603315611369908
F:\Seminario\Seminario-Clustering\datasets\davi\Al Emadi (2019)\Multiclass_Drone_Audio\unknown\3-95695-A-50.wav,Multiclass_Drone_Audio\unknown\3-95695-A-50.wav,al_emadi,3-95695-A-50,1.0216875,0.004627524285051805,7.452691078186035,0.0014365710541735927,0.03400396534429755,-0.0006267638236749917,-0.030806843563914298,0.03318579345941544,0.1142367234900797,8.447137832641602,0.0010396335943510476,0.16909746640968118,-0.0009979194728657603,-0.21871219277381895,0.2210190907120705,0.4870146788514281,8.35089111328125,-0.00012548956627529294,0.24742820180585837,-0.0001443539367755875,-0.2294267863035202,0.23239929974079132,0.35653113414362264,10.447711944580078,0.00012120711603421573,0.14986104747254633,-8.453912596451119e-05,-0.20534522235393524,0.21115598380565648,0.03758993922981778,11.397488594055176,-2.287411300073385e-05,0.034424942876542304,0.00021364357962738723,-0.051173733174800874,0.04521177373826506
F:\Seminario\Seminario-Clustering\datasets\davi\Al Emadi (2019)\Multiclass_Drone_Audio\unknown\4-164243-A-263.wav,Multiclass_Drone_Audio\unknown\4-164243-A-263.wav,al_emadi,4-164243-A-263,1.0216875,0.05777008132584469,6.882565498352051,0.004039104849589509,0.14611466203066156,-0.00127578986575827,-0.12246835231781006,0.13124658316373836,0.15236311110151327,8.270979881286621,0.004784391260478709,0.23733395625869255,-0.00020427018171176314,-0.27771967351436616,0.2796449601650238,0.5322422933937572,9.072023391723633,0.0004721242571171275,0.31441131283255214,0.0006107295630499721,-0.35965675115585327,0.36470311880111694,0.22921095649639334,9.820609092712402,0.0017708375069552579,0.14604667458767728,7.176602957770228e-05,-0.14826507568359376,0.15271795988082887,0.02841355768249159,10.79085922241211,-5.1087788960568e-07,0.03638028010712502,-0.00015212000289466232,-0.036871402710676196,0.03751216866075993
F:\Seminario\Seminario-Clustering\datasets\davi\Al Emadi (2019)\Multiclass_Drone_Audio\unknown\4-209536-A-370.wav,Multiclass_Drone_Audio\unknown\4-209536-A-370.wav,al_emadi,4-209536-A-370,1.0216875,0.0019782492405108956,5.880077838897705,-0.0015013655639158617,0.03067259633162119,-3.225755790481344e-06,-0.026096834056079387,0.024797959439456466,0.0011133610262663853,8.172065734863281,0.0005093231130726477,0.02303252331493653,-0.0008923342102207243,-0.023146086186170575,0.026044338941574097,0.001346214686417161,9.063117980957031,-0.00023320047677202583,0.017950889201224368,-8.63305467646569e-06,-0.019348980858922005,0.018885739147663116,0.4846015566417796,11.04986572265625,0.024663290689351244,0.23984783694397296,0.03911210224032402,-0.29458600878715513,0.323074609041214,0.5109606184050259,12.056160926818848,1.2348355197225391e-05,0.1751533502528667,0.00015792518388479948,-0.2259466230869293,0.22738515734672546
F:\Seminario\Seminario-Clustering\datasets\davi\Al Emadi (2019)\Multiclass_Drone_Audio\unknown\5-243459-B-141.wav,Multiclass_Drone_Audio\unknown\5-243459-B-141.wav,al_emadi,5-243459-B-141,1.0216875,0.00012099107489549557,5.832784175872803,-3.70862700168076e-05,0.00039966918733565313,-5.120567402627785e-05,-0.00037995544844307,0.00026305137434974314,0.004645289560207401,8.343050003051758,-5.468503657327338e-05,0.002486492248773774,1.5779098248458467e-05,-0.002893505338579416,0.002755260444246233,0.07550468531646813,9.581957817077637,0.00019392052508556112,0.007103079307773543,7.843115599825978e-05,-0.008227339945733547,0.008478863164782524,0.36641384453637404,10.60996150970459,-3.306768372419169e-05,0.011080707018969906,2.653972478583455e-05,-0.013333775848150252,0.013193398155272013,0.5533151895120549,11.438389778137207,-5.468211962890022e-07,0.009633122399306455,-2.4100576411001384e-05,-0.010949950292706487,0.011171239428222185
F:\Seminario\Seminario-Clustering\datasets\davi\Al Emadi (2019)\Multiclass_Drone_Audio\unknown\4-156827-A-461.wav,Multiclass_Drone_Audio\unknown\4-156827-A-461.wav,al_emadi,4-156827-A-461,1.0216875,0.3348964390725755,9.156740188598633,5.093255742606752e-05,0.6854690318474886,-0.0004595487262122333,-0.8909721493721008,0.8783001959323883,0.29478280217214625,8.90178108215332,-0.016646655702520417,0.6428921297474988,-0.01684643793851137,-0.8398125886917114,0.788500714302063,0.2277758965599229,9.860817909240723,0.008295989657506104,0.40052450431595626,0.01489077229052782,-0.5032068490982056,0.5018582940101624,0.1358314901593309,10.505331039428711,0.00010539652724121646,0.21899312587724729,-0.0015566814690828323,-0.2566175818443298,0.25610916018486035,0.006713372036024506,11.350111961364746,-6.4345126983759286e-06,0.03444276411708355,0.0001794684212654829,-0.038551514968276024,0.03869643360376359
F:\Seminario\Seminario-Clustering\datasets\davi\Al Emadi (2019)\Multiclass_Drone_Audio\unknown\5-249937-A-220.wav,Multiclass_Drone_Audio\unknown\5-249937-A-220.wav,al_emadi,5-249937-A-220,1.0216875,0.06858982033634474,8.52081298828125,-0.0009267628242067306,0.11102300771218895,-0.0005290755652822554,-0.12856880128383635,0.12521316707134247,0.22581375250128613,8.10200309753418,0.0013207104365065584,0.2014485402301902,0.0033025110606104136,-0.21991451531648634,0.22037182599306107,0.4075798618576159,9.05186653137207,0.005775501600456224,0.191709409475266,0.0026864316314458847,-0.20262739062309265,0.2068714052438736,0.24291146354218607,9.686602592468262,0.0009336635111544996,0.1048100153663087,-0.00025136303156614304,-0.10357405394315719,0.10584408789873123,0.055105101762567124,10.849599838256836,0.00010688964127687698,0.035317280448485276,-0.00047627498861402273,-0.037991225719451904,0.03865725584328175
F:\Seminario\Seminario-Clustering\datasets\davi\Al Emadi (2019)\Multiclass_Drone_Audio\unknown\2-106073-A-364.wav,Multiclass_Drone_Audio\unknown\2-106073-A-364.wav,al_emadi,2-106073-A-364,0.95975,0.21760930503653153,8.90791130065918,-0.006220005012467535,0.4478116381837343,0.004892396740615368,-0.5843943119049072,0.5505525350570679,0.32183848051270314,8.908924102783203,0.0012011151844520153,0.5446486874118464,-0.013494712300598621,-0.6869146466255188,0.7291301846504213,0.1942704899610957,9.853924751281738,0.003317340449945973,0.299897046876872,0.0005866256542503834,-0.3742628455162048,0.3967286944389343,0.14621659106728663,10.862652778625488,-0.0007067409962275209,0.1841972559687354,-0.0001223105937242508,-0.23558976650238037,0.23271332681179044,0.12006513342238304,11.884513854980469,-0.000489259034494812,0.1180874592297289,-5.778379272669554e-05,-0.15523814111948012,0.15253141522407537
F:\Seminario\Seminario-Clustering\datasets\davi\Al Emadi (2019)\Multiclass_Drone_Audio\unknown\3-103051-A-193.wav,Multiclass_Drone_Audio\unknown\3-103051-A-193.wav,al_emadi,3-103051-A-193,1.0216875,0.9382150741260056,8.543590545654297,0.013175882536053852,0.04790731645374971,0.013560216873884201,-0.041095626354217527,0.0663549117743969,0.056024794476099746,8.567269325256348,0.00018616443271683733,0.012140130296354804,-2.485995901224669e-05,-0.013973934855312108,0.014704949874430898,0.005312036146645762,9.642072677612305,5.343607575983978e-06,0.0026494130517528106,1.8469872884452343e-05,-0.003166551236063242,0.003123124595731497,0.00024934016712789016,10.885702133178711,4.691567686825879e-06,0.0004063022109347215,4.808942321687937e-06,-0.0005190974334254861,0.0005275859264656903,0.00019875508412101113,11.927706718444824,2.505186410301532e-07,0.0002566482094230803,-3.5140110412612557e-06,-0.000323746504727751,0.0003278886404586956
F:\Seminario\Seminario-Clustering\datasets\davi\Al Emadi (2019)\Multiclass_Drone_Audio\unknown\5-189237-A-122.wav,Multiclass_Drone_Audio\unknown\5-189237-A-122.wav,al_emadi,5-189237-A-122,0.97525,0.021800230801806084,7.545712947845459,-3.329525048408729e-05,0.003353497748093433,-0.0001454733865102753,-0.003564646001905203,0.0037691419478505855,0.034981499468949726,2.1007277965545654,0.00011646281161993398,0.004246633685273301,5.237759069132153e-06,-0.0014436793746426702,0.0014827781124040487,0.06371717384799715,2.3264784812927246,6.779494493477114e-05,0.004061879630414163,6.289064913289621e-08,-0.00043648857390508054,0.0004359150771051645,0.4536804425173224,2.9819650650024414,-0.00027618523413904374,0.007668978004837708,-3.1992894946597517e-06,-0.0001705931150354445,0.0001720984117127955,0.4258206533639246,3.7061681747436523,-2.8975211733411477e-05,0.005259665734706757,-8.932850619203236e-07,-0.00015189818805083632,0.0001510456422693096
F:\Seminario\Seminario-Clustering\datasets\davi\Al Emadi (2019)\Multiclass_Drone_Audio\unknown\1-96950-B-92.wav,Multiclass_Drone_Audio\unknown\1-96950-B-92.wav,al_emadi,1-96950-B-92,0.97525,0.001451678333380865,7.696009159088135,6.172403758190557e-05,0.011716180532057177,-5.545589374378324e-07,-0.010870415903627872,0.011692920327186588,0.05141009521792668,8.006392478942871,0.001088552495769577,0.06971530761119092,0.00019249622710049152,-0.07971341013908385,0.08716083467006684,0.6316207469284476,9.031105041503906,0.002269784391616358,0.17314827619842402,-1.9868291019520257e-05,-0.2019327238202095,0.2159125566482544,0.3055206566006882,9.467081069946289,1.610275636013413e-05,0.08525742753061796,-2.3874585167504847e-05,-0.08177394866943359,0.08564291596412658,0.009996822919556628,10.17460823059082,-9.450911764341506e-06,0.01091063934637952,-3.1235144888341893e-06,-0.009155452717095613,0.008987223729491234
F:\Seminario\Seminario-Clustering\datasets\davi\Al Emadi (2019)\Multiclass_Drone_Audio\unknown\5-244459-A-281.wav,Multiclass_Drone_Audio\unknown\5-244459-A-281.wav,al_emadi,5-244459-A-281,1.0216875,0.960716510501145,8.035430908203125,-4.319601577963201e-05,0.160524098806413,-0.00020742296328535303,-0.19156132489442826,0.17336554676294327,0.03574832417830266,7.871485710144043,0.00013840041690643367,0.030964647020683106,-0.00012545514618977904,-0.03413986936211586,0.03457973785698414,0.0013249031530182863,9.012553215026855,4.4264997658910076e-05,0.004224221016842832,-5.507367313839495e-05,-0.004591367673128843,0.004470028914511204,0.0012168313347328628,10.104154586791992,6.435594007331984e-06,0.0028658566485696394,3.6836900108028203e-06,-0.003179779695346951,0.0031980364583432674,0.0009934308328011766,11.180974960327148,-2.13077210952627e-06,0.0018319187047173748,1.703661837382242e-06,-0.002123528020456433,0.0020514322677627206
F:\Seminario\Seminario-Clustering\datasets\davi\Al Emadi (2019)\Multiclass_Drone_Audio\unknown\1-28808-A-433.wav,Multiclass_Drone_Audio\unknown\1-28808-A-433.wav,al_emadi,1-28808-A-433,1.0216875,0.41165708282527863,9.030807495117188,0.0023882073869033564,0.4478980536510439,-0.0008287560776807368,-0.562781286239624,0.5724358260631561,0.15466825197783754,8.808098793029785,0.007337525972047621,0.27444985235135255,-0.009032702073454857,-0.3105879247188568,0.3662241220474243,0.3707668976512031,9.626983642578125,0.0012287488421207264,0.30123138414443834,-0.0010443085338920355,-0.3552016317844391,0.36868101358413696,0.05512078592763018,10.797808647155762,-3.784774877315293e-05,0.08221914834931812,-0.0013202931731939316,-0.10238368660211561,0.10403639227151872,0.007786981618050572,11.872321128845215,-3.0359050494018745e-05,0.02186234658218368,0.00023804407101124525,-0.027618886344134806,0.02719485275447369
F:\Seminario\Seminario-Clustering\datasets\davi\Al Emadi (2019)\Multiclass_Drone_Audio\unknown\2-137162-A-111.wav,Multiclass_Drone_Audio\unknown\2-137162-A-111.wav,al_emadi,2-137162-A-111,1.0216875,0.4136262787945462,8.860230445861816,-0.0014062741118058273,0.14390369111379314,0.0025116577744483948,-0.18178832828998565,0.18093843311071395,0.2142595278574939,8.7719144821167,-0.0017984814411797787,0.10356027897877616,-0.0011568698682822287,-0.13449345231056212,0.12579238414764407,0.18882262567418232,9.769942283630371,0.0015518270135922553,0.068887630409245,-0.0014435353223234415,-0.08174625784158707,0.08802803605794907,0.1401468817136487,10.874783515930176,-2.2145820336860977e-05,0.04202212552213993,-0.00017177150584757328,-0.05276906788349151,0.05223650932312012,0.04314468596012886,11.830724716186523,-2.8245966749585483e-05,0.01649478622492674,1.439021434634924e-05,-0.020357955433428287,0.020602138899266723
F:\Seminario\Seminario-Clustering\datasets\davi\Al Emadi (2019)\Multiclass_Drone_Audio\unknown\3-155577-A-144.wav,Multiclass_Drone_Audio\unknown\3-155577-A-144.wav,al_emadi,3-155577-A-144,0.95975,0.23892581074358119,8.684858322143555,-0.02207939178916897,0.16402474784968157,-0.020651944912970066,-0.2152564197778702,0.17952454984188088,0.08468625570815201,8.534714698791504,0.0003659447742513504,0.09853279121872875,0.0014327896642498672,-0.1188184842467308,0.1137263797223568,0.05921924139715964,9.534021377563477,-0.0012973010620040302,0.05838460799245023,-0.0009363931603729725,-0.07395310401916504,0.07084722369909288,0.2513264035490125,10.287086486816406,0.0003683021921531711,0.0851690531671186,0.00034387828782200813,-0.09628385156393052,0.0954669252038002,0.36584228860209467,11.26078987121582,0.00019305722227691538,0.0726981353952725,0.00020173576194792986,-0.08442960008978843,0.08533334434032441
F:\Seminario\Seminario-Clustering\datasets\davi\Al Emadi (2019)\Multiclass_Drone_Audio\unknown\2-106015-B-440.wav,Multiclass_Drone_Audio\unknown\2-106015-B-440.wav,al_emadi,2-106015-B-440,1.0216875,0.8158340453720565,8.977686882019043,0.00294706078338916,0.3709757427986738,0.013352744281291962,-0.4562229126691818,0.46075394451618196,0.17094789842724914,8.849751472473145,-0.0006617010166434553,0.16981923616802702,0.0016437601298093796,-0.2101695507764816,0.2072023704648018,0.009206934795012238,9.982362747192383,3.081714385189116e-05,0.027928740057157134,-0.00021855882368981838,-0.036472875624895096,0.03701798990368843,0.0035108148740051813,10.352578163146973,4.498953368475696e-05,0.012208352420314447,0.00016809324733912945,-0.013323989510536193,0.01358462627977133,0.000500306531676902,11.502113342285156,-6.520493442188004e-06,0.0032603976327953118,-1.9611383322626352e-05,-0.0038078261306509374,0.0037713209399953497
F:\Seminario\Seminario-Clustering\datasets\davi\Al Emadi (2019)\Multiclass_Drone_Audio\unknown\2-78562-B-374.wav,Multiclass_Drone_Audio\unknown\2-78562-B-374.wav,al_emadi,2-78562-B-374,0.95975,0.0012533304614620402,5.665123462677002,0.00031585378769517216,0.042478327078611,0.0006306848663371056,-0.03173098340630531,0.028190373629331595,0.0036024518117951185,8.849226951599121,0.00034454289080781,0.07201794215489045,-0.0014199840370565653,-0.09173881858587266,0.08923555314540865,0.005707862670377123,9.889864921569824,0.0012880773806715404,0.06423813053741405,0.003246110398322344,-0.0815379649400711,0.0841404065489769,0.10764217491810246,10.942522048950195,-0.0016465034792127065,0.19752053367697678,-0.0030902728904038668,-0.2534771621227264,0.2510524094104767,0.8817941801382633,11.905641555786133,-0.00027594344073480283,0.3999729727506108,-0.0018959753215312958,-0.5065857887268066,0.5004857122898104
F:\Seminario\Seminario-Clustering\datasets\davi\Al Emadi (2019)\Multiclass_Drone_Audio\unknown\1-75162-A-90.wav,Multiclass_Drone_Audio\unknown\1-75162-A-90.wav,al_emadi,1-75162-A-90,1.0216875,0.0009907921366663233,8.349422454833984,-0.00021757216046384737,0.010271241274843398,3.7162931221246254e-07,-0.011696789972484111,0.011747345235198737,0.02669390105818853,8.389986038208008,0.0008907053869728433,0.05331807972620692,8.352720328730356e-07,-0.06328475698828698,0.06923640370368958,0.5616149914027747,9.413414001464844,0.007251325078656417,0.17318243571502903,3.5509610825101845e-06,-0.2026982456445694,0.23060476779937744,0.394644828002795,10.337227821350098,1.467735760926775e-05,0.10285609290771976,1.0270862276229309e-06,-0.12616889774799347,0.12756272554397585,0.01605548739957537,11.193695068359375,-1.9758607046817574e-05,0.01467693864656442,2.2308286133920774e-06,-0.017547318898141383,0.017207102477550515
F:\Seminario\Seminario-Clustering\datasets\davi\Al Emadi (2019)\Multiclass_Drone_Audio\unknown\2-81190-A-344.wav,Multiclass_Drone_Audio\unknown\2-81190-A-344.wav,al_emadi,2-81190-A-344,0.95975,0.0,-0.0,0.0,0.0,0.0,0.0,0.0,0.0,-0.0,0.0,0.0,0.0,0.0,0.0,0.0,-0.0,0.0,0.0,0.0,0.0,0.0,0.0,-0.0,0.0,0.0,0.0,0.0,0.0,0.0,-0.0,0.0,0.0,0.0,0.0,0.0
F:\Seminario\Seminario-Clustering\datasets\davi\Al Emadi (2019)\Multiclass_Drone_Audio\unknown\4-172143-A-130.wav,Multiclass_Drone_Audio\unknown\4-172143-A-130.wav,al_emadi,4-172143-A-130,1.0216875,0.7980596133008271,8.975086212158203,-8.39913589992895e-05,0.04283431193913779,-0.00012972157855983824,-0.05402217134833335,0.053721171617507946,0.01183090056557239,8.950326919555664,-0.00013209051292470726,0.005213682086166953,-0.00022927799727767706,-0.0068670800421386955,0.006467760726809502,0.009782775049643212,9.8933687210083,-1.602782756988963e-05,0.0033607551019409643,-1.0531279258430004e-05,-0.004358167760074139,0.004193868022412062,0.005539456354599158,9.850689888000488,-8.500780177545216e-07,0.0017902193766847513,1.4433899195864797e-06,-0.0016842383425682782,0.0016441487474367024,0.17478725472935813,9.706048965454102,4.237725574187445e-06,0.007114179844498499,-6.470996595453471e-06,-0.0031024478375911713,0.003053027647547425
F:\Seminario\Seminario-Clustering\datasets\davi\Al Emadi (2019)\Multiclass_Drone_Audio\unknown\5-200334-B-14.wav,Multiclass_Drone_Audio\unknown\5-200334-B-14.wav,al_emadi,5-200334-B-14,0.95975,0.0,-0.0,0.0,0.0,0.0,0.0,0.0,0.0,-0.0,0.0,0.0,0.0,0.0,0.0,0.0,-0.0,0.0,0.0,0.0,0.0,0.0,0.0,-0.0,0.0,0.0,0.0,0.0,0.0,0.0,-0.0,0.0,0.0,0.0,0.0,0.0
F:\Seminario\Seminario-Clustering\datasets\davi\Al Emadi (2019)\Multiclass_Drone_Audio\unknown\1-54505-A-211.wav,Multiclass_Drone_Audio\unknown\1-54505-A-211.wav,al_emadi,1-54505-A-211,1.0216875,0.09363972573991286,7.844775199890137,-0.00042260483654793914,0.19181420924843237,0.000781804759753868,-0.20367270559072495,0.20014674365520482,0.638165452650791,7.295726776123047,-0.01292053801492559,0.500580332676811,-1.024459743348416e-05,-0.4245845735073088,0.42220402061939255,0.24591252505057032,8.443673133850098,1.3359682367788247e-05,0.22028142594656064,-1.688397787802387e-06,-0.18546783924102783,0.19966450333595276,0.02010766001666858,9.698684692382812,9.990200374743747e-05,0.044589147116754296,-6.459128144342685e-06,-0.04683403000235557,0.04812249019742016,0.0021746365420571416,10.054915428161621,6.382436164158392e-06,0.010373852387767455,1.0064904927276075e-06,-0.009007546864449977,0.009308598656207324
F:\Seminario\Seminario-Clustering\datasets\davi\Al Emadi (2019)\Multiclass_Drone_Audio\unknown\1-137-A-320.wav,Multiclass_Drone_Audio\unknown\1-137-A-320.wav,al_emadi,1-137-A-320,1.0216875,0.1918066947155785,8.785063743591309,0.0007859794638189996,0.016516658492338777,0.0011193113750778139,-0.019786243699491023,0.020613951422274113,0.0880633260206973,3.7690138816833496,-0.000402509386639421,0.011196922058268813,-8.894821803551167e-06,-0.0010794198489747942,0.001034378749318421,0.15331790561990422,4.669371604919434,0.00014747187436108707,0.010475401554195962,-1.1810698197223246e-06,-0.0005945980665273964,0.0006279728841036558,0.4355966104226985,5.234298229217529,0.0002865333412615551,0.012497045561595975,-3.6943674786016345e-07,-0.00031603343668393756,0.00036134691326879004,0.13121546322112146,6.362250804901123,7.663222952052161e-06,0.004853650700293003,-3.918703441740945e-07,-0.0001409430638886988,0.000128882410353981
F:\Seminario\Seminario-Clustering\datasets\davi\Al Emadi (2019)\Multiclass_Drone_Audio\unknown\5-213836-D-94.wav,Multiclass_Drone_Audio\unknown\5-213836-D-94.wav,al_emadi,5-213836-D-94,0.95975,0.06382620127561592,8.832296371459961,-0.005295974519349104,0.17781858414467905,-0.0021682409569621086,-0.23084059208631516,0.21201402246952064,0.04128627893835412,8.86245346069336,-0.0042562572841933245,0.14301474576424494,-0.00833235401660204,-0.18680810928344727,0.18336359411478048,0.5108702964970383,9.633256912231445,-0.00536781889305522,0.35667539591622527,0.001393140759319067,-0.441793167591095,0.4152860879898072,0.35050918748700394,10.212486267089844,0.00019699564663528603,0.20917472785849792,0.00021488312631845474,-0.2323035180568695,0.22435589134693143,0.033508035801987746,11.413506507873535,-3.633658078449614e-05,0.04575568600059992,-0.00026998622342944145,-0.052706317976117134,0.05305477976799012
F:\Seminario\Seminario-Clustering\datasets\davi\Al Emadi (2019)\Multiclass_Drone_Audio\unknown\1-51805-H-330.wav,Multiclass_Drone_Audio\unknown\1-51805-H-330.wav,al_emadi,1-51805-H-330,1.0216875,0.04898542100299738,8.731437683105469,0.00013994332459456857,0.045643711673289136,-0.0016338921268470585,-0.05671300962567329,0.05783663988113407,0.04662089261560273,8.56208324432373,-0.00011978352589880848,0.04452852159305749,-0.00024357790243811905,-0.05430972501635552,0.04936528243124486,0.267554427609081,9.799060821533203,0.0004230865626262448,0.07559353280742726,-0.00019145687110722065,-0.09404164552688599,0.09988614916801453,0.3936194596042141,10.541704177856445,-0.00014666204777939132,0.06490594672555162,0.001602040370926261,-0.081341016292572,0.07674445211887364,0.24321979916810482,11.510099411010742,0.00018003292744011483,0.036094304399045936,0.00014089787873672321,-0.04206710495054722,0.04337067008018494
F:\Seminario\Seminario-Clustering\datasets\davi\Al Emadi (2019)\Multiclass_Drone_Audio\unknown\2-133863-A-112.wav,Multiclass_Drone_Audio\unknown\2-133863-A-112.wav,al_emadi,2-133863-A-112,0.97525,0.2780417484722442,8.51783561706543,0.0033317813517133557,0.28475979866719925,-0.008211234584450722,-0.3350318789482117,0.33035302162170416,0.35435968465919554,8.5599365234375,0.015448631774534642,0.32112460017568617,0.005028625018894672,-0.34941126108169557,0.4282604455947876,0.22667769501893942,9.465826034545898,0.004113791102355116,0.18214509238511586,0.00584600237198174,-0.20572991967201232,0.2223686411976814,0.10331764423552256,10.266703605651855,-0.0006769712913793263,0.08707281672841725,0.0004795147106051445,-0.10061496794223784,0.0979062557220459,0.037603227614098254,11.140177726745605,-7.533955263928851e-06,0.03716451242753303,1.9991304725408554e-05,-0.04192565567791462,0.042545340955257416
F:\Seminario\Seminario-Clustering\datasets\davi\Al Emadi (2019)\Multiclass_Drone_Audio\unknown\5-161270-A-334.wav,Multiclass_Drone_Audio\unknown\5-161270-A-334.wav,al_emadi,5-161270-A-334,0.95975,0.8869921302222419,8.783958435058594,-0.007625479397056326,0.0662295159895625,-0.009628829080611467,-0.08825398236513138,0.07829554378986361,0.04299774526905217,8.179500579833984,-0.00013284361513105677,0.01467764759140473,5.415735358837992e-05,-0.01703722607344389,0.015956722386181354,0.03560349087326018,7.349565029144287,0.00018652116865197169,0.00946477322818568,-6.029398355167359e-05,-0.006418828573077916,0.007227115798741579,0.02886779410952027,7.728653430938721,-3.533058802939772e-05,0.006034485925026587,-1.5666766557842493e-05,-0.002820658404380083,0.002736831083893773,0.005538839525925462,8.861274719238281,-1.1428166393340756e-05,0.001870050006213322,8.048082236200571e-07,-0.0010562455281615257,0.0010215057642199111
F:\Seminario\Seminario-Clustering\datasets\davi\Al Emadi (2019)\Multiclass_Drone_Audio\unknown\2-69131-B-51.wav,Multiclass_Drone_Audio\unknown\2-69131-B-51.wav,al_emadi,2-69131-B-51,1.0216875,0.009942078601969056,4.280810356140137,0.007135522979463098,0.09338016550338026,0.0019736450631171465,-0.03797686547040939,0.04004844948649407,0.30750073991101046,8.426416397094727,-0.0016132465181126286,0.5208363245881711,-0.007035212591290474,-0.6151568353176116,0.6484448015689854,0.6480488414365296,9.718517303466797,0.0028571609548655864,0.5358136110828625,-0.008281419053673744,-0.6783567070960999,0.6828617453575134,0.030653947148530734,10.705012321472168,-4.1857599964248864e-05,0.08249377335001594,-0.011159720830619335,-0.09906055331230162,0.1121545284986496,0.0038543929019601406,11.202412605285645,-5.337300464581183e-06,0.020694422882312626,-0.0003013537498190999,-0.022516888007521628,0.023324521817266942
F:\Seminario\Seminario-Clustering\datasets\davi\Al Emadi (2019)\Multiclass_Drone_Audio\unknown\4-161100-A-473.wav,Multiclass_Drone_Audio\unknown\4-161100-A-473.wav,al_emadi,4-161100-A-473,1.0216875,0.4473751829321744,9.014781951904297,0.016817064408791587,1.4414365065163375,0.0008484553545713425,-1.791702902317047,1.913314032554627,0.2309933616337639,9.0415620803833,-0.020426360732939058,1.035629444926004,-0.025512514635920525,-1.3713914155960083,1.3097278237342835,0.13826520809006762,9.817344665527344,-0.003731199440470048,0.5679001406286344,-0.00016129761934280396,-0.7247811555862427,0.693779706954956,0.15192653367651143,10.77730941772461,-0.0058405379047528575,0.42136838808029703,-0.00035510212182998657,-0.524776840209961,0.5120265007019044,0.03143971366748266,11.608480453491211,-5.493907780886675e-05,0.13561990480539424,-0.001400255598127842,-0.16144671738147734,0.16177090704441074
F:\Seminario\Seminario-Clustering\datasets\davi\Al Emadi (2019)\Multiclass_Drone_Audio\unknown\2-92978-A-290.wav,Multiclass_Drone_Audio\unknown\2-92978-A-290.wav,al_emadi,2-92978-A-290,1.0216875,0.2985226737778918,6.175694465637207,0.0028713717368217774,0.40429960885653565,8.063826680881903e-05,-0.14999810606241226,0.16888625323772435,0.4532973606884506,6.152622222900391,-0.0007029347066192219,0.49821496023407513,-0.0008039767853915691,-0.1592053145170212,0.1713503986597062,0.2137186225516415,7.457087993621826,-4.1951235489152835e-05,0.24242787624387385,1.8094899132847786e-05,-0.07313062250614166,0.07368011772632599,0.03195503211130156,8.398329734802246,-0.00010502961714607715,0.06635786972837285,-3.429743810556829e-05,-0.03133324384689331,0.02943275384604932,0.0025063108707144475,9.244766235351562,-7.307396530826993e-05,0.013147143798110512,2.7698924895958044e-05,-0.007463603420183062,0.007015577191486956
F:\Seminario\Seminario-Clustering\datasets\davi\Al Emadi (2019)\Multiclass_Drone_Audio\bebop_1\mixed_66-bebop_001_.wav,Multiclass_Drone_Audio\bebop_1\mixed_66-bebop_001_.wav,al_emadi,mixed_66-bebop_001,1.024,0.550823308637437,8.274863243103027,-0.0027664091381426653,0.2504929766685512,-0.0025763986632227898,-0.28298364877700805,0.2661696761846542,0.13283330086461423,9.199043273925781,0.0012779130394861117,0.12301156038097448,0.005826887208968401,-0.16490745395421982,0.16367970407009122,0.039372556316565735,9.966058731079102,-0.0002279772564832239,0.04746151662916105,-0.0005305758677423,-0.06149348765611649,0.06298442482948305,0.08658225773054787,10.965532302856445,0.0005567415179869796,0.049813290540492515,0.0012108637019991875,-0.0636288121342659,0.0649779312312603,0.19038857645083515,12.1498441696167,9.610487337418722e-05,0.05226060874555465,0.0006552630802616477,-0.068386759608984,0.06832162290811539
F:\Seminario\Seminario-Clustering\datasets\davi\Al Emadi (2019)\Multiclass_Drone_Audio\unknown\1-59513-A-04.wav,Multiclass_Drone_Audio\unknown\1-59513-A-04.wav,al_emadi,1-59513-A-04,0.95975,0.5375076408720246,7.001960754394531,-0.0005782628618325068,0.3758158101492065,-0.0027754729380831122,-0.18095438033342362,0.20808763504028324,0.3768304599726157,7.212242126464844,0.006866610648569255,0.31459571231113775,0.00047935551265254617,-0.2207831248641014,0.24193060547113432,0.07958837151139206,7.819797039031982,-7.924377788862005e-05,0.1024954790113414,-6.267655408009887e-06,-0.06525827646255491,0.06274490356445313,0.0059158239139375035,8.62441349029541,-1.856737309583408e-05,0.019782453620579933,-6.378482794389129e-06,-0.011111067235469818,0.010471567511558526,0.00015770373003005583,9.97756576538086,5.837189878561111e-07,0.0022850974160047257,-1.6230005712714046e-06,-0.0015603346168063582,0.00151623490964994
F:\Seminario\Seminario-Clustering\datasets\davi\Al Emadi (2019)\Multiclass_Drone_Audio\unknown\4-161103-A-471.wav,Multiclass_Drone_Audio\unknown\4-161103-A-471.wav,al_emadi,4-161103-A-471,1.0216875,0.3307067953722984,9.032876968383789,0.011165135369401027,0.8214697681528658,0.07116559520363808,-1.126039707660675,1.0680210471153262,0.18353697601896937,8.807256698608398,-0.014009946180525625,0.6118684907779965,-0.009376691188663244,-0.762961584329605,0.7365317106246949,0.2738598233417107,9.602119445800781,0.0028408800330905763,0.5297900587021466,0.0048519643023610115,-0.6336433291435242,0.6064882874488831,0.18409383926786826,10.658620834350586,0.0007229133275244909,0.3074866709885276,0.005806045141071081,-0.3739673554897308,0.3658046960830689,0.027802565999153196,11.52557373046875,-5.138154627394736e-05,0.08453714000441162,-0.0006817375542595983,-0.09876119121909141,0.10054579004645349
F:\Seminario\Seminario-Clustering\datasets\davi\Al Emadi (2019)\Multiclass_Drone_Audio\unknown\4-201800-A-310.wav,Multiclass_Drone_Audio\unknown\4-201800-A-310.wav,al_emadi,4-201800-A-310,1.0216875,0.7288317675684987,5.875369071960449,2.576604089377444e-05,0.06711273686635774,-3.13081352487643e-06,-0.01877591907978058,0.020833396166563045,0.036108427565378645,4.125412464141846,0.0007107431496219597,0.014921192148191141,3.7990753298799973e-07,-0.0019610991002991796,0.0019784104544669392,0.019050582700640466,5.259542465209961,-0.00015467889456247975,0.007687646248328682,5.094640681546636e-11,-0.0009161604102700949,0.0009467631462030113,0.05034026736663243,5.043125629425049,6.0026016684004456e-05,0.008847832007645417,0.0,-0.0006337260012514889,0.0006383975036442281,0.16566895479884983,6.191117286682129,-1.1904862353626187e-05,0.011355512553461768,0.0,-0.0005677045497577637,0.000564515154110268
F:\Seminario\Seminario-Clustering\datasets\davi\Al Emadi (2019)\Multiclass_Drone_Audio\unknown\1-254507-A-431.wav,Multiclass_Drone_Audio\unknown\1-254507-A-431.wav,al_emadi,1-254507-A-431,1.0216875,0.7678062274812371,8.68109130859375,0.005095120475546104,1.1488145975375137,0.17183245718479156,-1.6024347066879272,1.236768913269043,0.05542485968168733,8.071158409118652,0.0008435346055052523,0.3086591120563852,-0.0032018767669796944,-0.34941949546337125,0.3408582001924516,0.03637600801995268,8.63963508605957,0.0004044409374672845,0.177202804772338,0.0017504056449979544,-0.1560998260974884,0.17267726361751556,0.13119427666319958,8.991190910339355,0.00038323092673757977,0.2382226400107303,-0.00021177774760872126,-0.18665980994701384,0.18284645676612854,0.00919862815392334,9.874570846557617,-3.997457844177826e-05,0.044625678458337766,-7.610186003148556e-05,-0.03496739007532597,0.033113250881433486
F:\Seminario\Seminario-Clustering\datasets\davi\Al Emadi (2019)\Multiclass_Drone_Audio\unknown\3-152007-C-202.wav,Multiclass_Drone_Audio\unknown\3-152007-C-202.wav,al_emadi,3-152007-C-202,0.97525,0.12525101146857265,5.166005611419678,0.007974008477205573,0.15005382070090253,7.992783503141254e-05,-0.043825916945934296,0.04508984461426736,0.7367923617845618,6.233143329620361,-0.0011271402984047434,0.3644510811820232,3.0701667128596455e-05,-0.04003923386335373,0.035431107133627064,0.0848105484096474,6.564060211181641,0.0006382809124693243,0.08760978758782238,2.2499816623167135e-05,-0.021833527088165283,0.026807324588298785,0.04629546035288696,8.06722640991211,-9.558828871203852e-05,0.045823904241097856,-5.573156158789061e-08,-0.023415879905223844,0.022782615572214126,0.006850617984331203,10.71818733215332,3.6748841156415525e-05,0.012470798364579705,-1.7748882328305626e-06,-0.013368281070142984,0.013326018583029509
F:\Seminario\Seminario-Clustering\datasets\davi\Al Emadi (2019)\Multiclass_Drone_Audio\unknown\3-143560-A-470.wav,Multiclass_Drone_Audio\unknown\3-143560-A-470.wav,al_emadi,3-143560-A-470,1.0216875,0.36959912327977246,8.505582809448242,0.001489735641166369,0.085226499652202,-0.0032218950800597668,-0.09188618510961533,0.10178427696228032,0.2896582922287935,8.551145553588867,0.00039845737837734227,0.07545924114607704,-0.0006830483907833695,-0.08523143306374549,0.08785446509718897,0.2645072761085857,9.716045379638672,2.3552885750510247e-06,0.05110108373297637,-2.344604581594467e-06,-0.060904361307621,0.06147174537181854,0.07428600537971405,10.772814750671387,2.3040734431991934e-05,0.019170191901767112,0.000104122533230111,-0.023700365424156187,0.02352740839123726,0.0019493030031342068,11.831380844116211,-1.8330233136090354e-06,0.0021968989915018495,1.6435704310424626e-05,-0.002740726014599204,0.0027119558304548267
F:\Seminario\Seminario-Clustering\datasets\davi\Al Emadi (2019)\Multiclass_Drone_Audio\bebop_1\B_S2_D1_088-bebop_002_.wav,Multiclass_Drone_Audio\bebop_1\B_S2_D1_088-bebop_002_.wav,al_emadi,B_S2_D1_088-bebop_002,1.024,0.8511261658694549,8.123432159423828,0.00044944707002822856,0.451937799959906,-0.00400178600102663,-0.4726723968982697,0.49831877946853637,0.010932996844791753,8.999334335327148,0.00012543470757361863,0.05122125392889141,-0.0009937216527760029,-0.06599361896514892,0.06865447387099266,0.03529019674574212,9.891213417053223,0.004182573426257107,0.06508004050797672,0.004964785650372505,-0.07769473046064376,0.08615436404943468,0.05825209030987986,10.926977157592773,-0.0015269478834861946,0.05928374749487771,-0.0010563243995420635,-0.07597287595272065,0.07234918549656869,0.04439855023013136,11.920586585998535,6.931153425344643e-05,0.036627255749654725,0.0003007640189025551,-0.046547796577215195,0.04654773883521557
F:\Seminario\Seminario-Clustering\datasets\davi\Al Emadi (2019)\Multiclass_Drone_Audio\unknown\1-18074-A-61.wav,Multiclass_Drone_Audio\unknown\1-18074-A-61.wav,al_emadi,1-18074-A-61,1.0216875,0.3680863630191985,6.177796363830566,-0.0007323505069613479,0.01570168328695398,-0.0005050842300988734,-0.011851025745272636,0.012640294898301364,0.5122470130315199,5.425812721252441,-0.0003151639845897274,0.01854044806096269,5.870715176570229e-05,-0.005415884219110011,0.004443711461499336,0.11135525011638217,7.094276428222656,-9.463650892896311e-08,0.006126809287596724,1.269181666430086e-06,-0.0019581790547817945,0.0017736629815772176,0.006204747427878946,8.796244621276855,1.087315165527217e-05,0.0010237137480022661,4.9803193178377114e-06,-0.0007287738611921668,0.0007773251389153303,0.0021066264050205665,11.426651000976562,2.3146465328726316e-06,0.0004220126795453943,5.209131813899148e-06,-0.00048466791049577295,0.00048446451837662617
F:\Seminario\Seminario-Clustering\datasets\davi\Al Emadi (2019)\Multiclass_Drone_Audio\unknown\4-171207-A-124.wav,Multiclass_Drone_Audio\unknown\4-171207-A-124.wav,al_emadi,4-171207-A-124,0.95975,0.9982959227564623,8.991775512695312,0.002415526528892777,0.509852790926431,0.004576238337904215,-0.686344462633133,0.663900774717331,0.0010995210620777917,8.227229118347168,-0.00018493637857739314,0.016919824917873916,-0.0005470543401315808,-0.018014482222497463,0.018649698607623583,0.00024755521574460073,8.710390090942383,-2.0904564816426423e-05,0.005690493939495678,8.099561091512442e-05,-0.005670251138508319,0.00538647547364235,0.0001158988180906102,6.7016706466674805,-4.175892004649208e-05,0.0027561268209922315,-1.6216188669204712e-05,-0.0017168946564197541,0.001667793374508619,0.00024110214762476068,7.941252708435059,3.133549869830173e-06,0.002812683269813857,3.6400306271389127e-06,-0.0014248550869524479,0.0014209141954779627
F:\Seminario\Seminario-Clustering\datasets\davi\Al Emadi (2019)\Multiclass_Drone_Audio\unknown\1-254507-A-432.wav,Multiclass_Drone_Audio\unknown\1-254507-A-432.wav,al_emadi,1-254507-A-432,0.97525,0.9856134394710846,8.81013298034668,0.0022807414815187955,0.3936663888474075,0.08985153585672379,-0.6037664532661438,0.42369947433471683,0.00805929272840364,8.754350662231445,0.0009099844188897741,0.035586791007022056,-8.862465620040894e-05,-0.04267556741833687,0.04580227881669999,0.004784449623737944,9.736772537231445,-0.00011111039183337044,0.019433974662145935,-0.00022864254424348474,-0.0246985737234354,0.02461604699492454,0.001390403584830081,10.691790580749512,-5.9779823537377105e-05,0.007416409773657643,-0.00011471379548311234,-0.009168505854904651,0.008947533182799816,0.00015241459194379094,11.595331192016602,3.3896340913643184e-06,0.0017372297248605527,-4.108005668967962e-06,-0.0020435091573745012,0.0021051011281087995
F:\Seminario\Seminario-Clustering\datasets\davi\Al Emadi (2019)\Multiclass_Drone_Audio\unknown\4-181999-A-360.wav,Multiclass_Drone_Audio\unknown\4-181999-A-360.wav,al_emadi,4-181999-A-360,1.0216875,0.21304102229867797,8.932531356811523,-0.04331074166586351,0.4143432165900376,-0.05110716633498669,-0.5728785812854766,0.4806353181600572,0.09904732726113502,8.990596771240234,0.005141304034595061,0.2840132537417694,0.005652634892612696,-0.352727597951889,0.3745876520872116,0.1695534421662108,9.926618576049805,-0.002149301231441441,0.2633679949998151,0.002148629864677787,-0.341352254152298,0.3233109712600708,0.24755950883637257,10.958378791809082,0.0010414918090490774,0.22527929084481177,-0.0014577051624655724,-0.28514035940170285,0.2972356677055359,0.27079869943760365,12.116649627685547,0.00011682130627929832,0.16668886906781422,-0.0009500073792878538,-0.21457644551992416,0.22017096877098083
F:\Seminario\Seminario-Clustering\datasets\davi\Al Emadi (2019)\Multiclass_Drone_Audio\unknown\4-117630-A-251.wav,Multiclass_Drone_Audio\unknown\4-117630-A-251.wav,al_emadi,4-117630-A-251,1.0216875,0.9884387009919571,8.925293922424316,0.009120323389355495,0.2631330959477242,-0.020529089495539665,-0.3029018700122833,0.36558859050273906,0.001476403772407231,7.079855918884277,0.0003651117433814187,0.010169138151858407,-2.6874164177570492e-05,-0.007961330749094485,0.008719974476844077,0.0032399342600894815,7.318398475646973,0.0002489682238277453,0.010679408529424032,0.0001121709356084466,-0.007336627226322889,0.007848205976188183,0.0054445776056223725,5.695281505584717,-4.979820369533175e-05,0.009802471255029975,-4.452420398592949e-06,-0.004546936973929405,0.004850691463798284,0.0014003833699238108,6.788640022277832,-7.201373400829421e-06,0.0035170532723053866,2.1382002159953117e-06,-0.001856336835771799,0.0018228020519018176
F:\Seminario\Seminario-Clustering\datasets\davi\Al Emadi (2019)\Multiclass_Drone_Audio\unknown\5-209719-A-242.wav,Multiclass_Drone_Audio\unknown\5-209719-A-242.wav,al_emadi,5-209719-A-242,0.97525,0.0,-0.0,0.0,0.0,0.0,0.0,0.0,0.0,-0.0,0.0,0.0,0.0,0.0,0.0,0.0,-0.0,0.0,0.0,0.0,0.0,0.0,0.0,-0.0,0.0,0.0,0.0,0.0,0.0,0.0,-0.0,0.0,0.0,0.0,0.0,0.0
F:\Seminario\Seminario-Clustering\datasets\davi\Al Emadi (2019)\Multiclass_Drone_Audio\unknown\1-51805-H-334.wav,Multiclass_Drone_Audio\unknown\1-51805-H-334.wav,al_emadi,1-51805-H-334,0.95975,0.913694393044944,8.291208267211914,-0.00024567674757063214,0.06433472036955139,0.002255244180560112,-0.06996089890599251,0.07034406810998918,0.020196701663211445,8.348241806030273,-0.0002997658054429984,0.009560375161857527,-4.399244789965451e-05,-0.012270433083176612,0.011694946791976708,0.04051424321376331,9.219822883605957,-7.874674209249537e-05,0.009601391784947429,-4.329625517129898e-05,-0.011412196047604083,0.011554981954395775,0.021465000556136187,10.214601516723633,-2.0584111411110995e-06,0.0049476961756009874,3.1888921512290835e-06,-0.0059171332977712154,0.006045176927000284,0.004129661521944994,11.215978622436523,-3.954271671777457e-06,0.00153533952811638,-2.8834474505856633e-06,-0.0018581685493700205,0.0018335465341806426
F:\Seminario\Seminario-Clustering\datasets\davi\Al Emadi (2019)\Multiclass_Drone_Audio\bebop_1\B_S2_D1_110-bebop_003_.wav,Multiclass_Drone_Audio\bebop_1\B_S2_D1_110-bebop_003_.wav,al_emadi,B_S2_D1_110-bebop_003,1.024,0.6489487542898779,8.62185287475586,-0.00394156735854958,0.30234360906095237,-0.017354696057736874,-0.3591667890548706,0.37460759580135344,0.022721573729931013,8.949756622314453,-6.611657043731259e-08,0.05657853670187403,0.0016380709130316973,-0.07192164659500122,0.07362454757094382,0.07532937153457595,9.921435356140137,0.00010530645947395245,0.07300425419646503,0.00043902546167373657,-0.09316725432872772,0.09477953761816026,0.14431236300426312,10.933938980102539,-0.00115508459008957,0.07151047667084379,0.000433209293987602,-0.09262679368257522,0.08927962183952333,0.10868793744135205,11.92793083190918,1.518566490548641e-05,0.04390985966626696,0.00020162654982414097,-0.0564506109803915,0.056588683277368546
F:\Seminario\Seminario-Clustering\datasets\davi\Al Emadi (2019)\Multiclass_Drone_Audio\unknown\4-182039-A-301.wav,Multiclass_Drone_Audio\unknown\4-182039-A-301.wav,al_emadi,4-182039-A-301,1.0216875,0.9997851419260052,6.978185176849365,-0.002082670761521813,0.06181291081785763,-2.728320032474585e-05,-0.0518866628408432,0.03743929117918015,3.065625689170868e-05,8.438833236694336,-4.9662928168155545e-08,0.0003424773137887339,2.718221367103979e-06,-0.00040432086680084465,0.00040129660919774335,3.1738303770537275e-05,9.93067455291748,1.6577100570238482e-06,0.0002469392387173734,-1.6994599718600512e-06,-0.0003109041426796466,0.0003121569170616567,5.793180181253185e-05,10.861900329589844,6.779357101668635e-06,0.00023607472735919592,5.201669409871101e-06,-0.0002868558105546981,0.00030258368933573366,9.453171152001122e-05,11.938922882080078,-1.2046371723718293e-06,0.0002134268952288797,7.073722372297198e-07,-0.00027860677510034294,0.0002700744982575998
F:\Seminario\Seminario-Clustering\datasets\davi\Al Emadi (2019)\Multiclass_Drone_Audio\unknown\2-25292-A-220.wav,Multiclass_Drone_Audio\unknown\2-25292-A-220.wav,al_emadi,2-25292-A-220,1.0216875,0.04830277242583646,8.42398452758789,-0.004925463983627461,0.18261958595783034,-0.004199886927381158,-0.20802079141139984,0.2252593457698822,0.48879474457192723,8.608598709106445,0.00011022782089692784,0.5811423129221297,0.0027831338811665773,-0.7296266853809357,0.7121324241161346,0.23220217793878933,9.38252067565918,0.0019863234779180566,0.28384255758849564,-0.0004876479506492615,-0.31494998931884766,0.34618324041366577,0.21129436007505037,9.974772453308105,-0.00033772144752830974,0.1916726956533123,-0.0007820778992027044,-0.2059366226196289,0.20589320361614238,0.019405944988396616,10.469045639038086,-0.00011847493495933716,0.04109413699386308,-7.041644857963547e-05,-0.04129732102155685,0.0410018477588892
F:\Seminario\Seminario-Clustering\datasets\davi\Al Emadi (2019)\Multiclass_Drone_Audio\unknown\5-234247-A-373.wav,Multiclass_Drone_Audio\unknown\5-234247-A-373.wav,al_emadi,5-234247-A-373,1.0216875,0.0055437503762842165,4.77867317199707,0.0011751002592310983,0.026201957979948762,0.00023620520369149745,-0.017183688841760157,0.017508944496512413,0.2669064350007422,8.895639419555664,0.003262866842936277,0.18196084511034202,-0.0022976258769631386,-0.2723572880029678,0.2780511200428009,0.1465665118533819,9.816019058227539,-1.4295137375477394e-05,0.095569958767673,-0.0010924547677859664,-0.13217514753341675,0.1371944546699524,0.5052044499193912,10.664400100708008,-0.00022292176079568847,0.12560267515154672,0.00027967989444732666,-0.18123402893543242,0.17314362525939941,0.07577885285020049,11.569615364074707,-1.0221610246050814e-05,0.03441417081837779,-0.00017896514327730983,-0.04539546668529511,0.048009192943573
F:\Seminario\Seminario-Clustering\datasets\davi\Al Emadi (2019)\Multiclass_Drone_Audio\bebop_1\B_S2_D1_110-bebop_002_.wav,Multiclass_Drone_Audio\bebop_1\B_S2_D1_110-bebop_002_.wav,al_emadi,B_S2_D1_110-bebop_002,1.024,0.8756129058831207,7.922616958618164,-0.0001384583175500003,0.5566902750598534,0.010730062145739794,-0.5678151071071624,0.5810214936733246,0.008424378861338355,8.799570083618164,-0.00023332592329182282,0.0546037605389264,-0.0015178920002654195,-0.06682147905230522,0.06802082434296608,0.026423555191837367,9.920660018920898,6.170741924245608e-05,0.06853097936624045,0.0016868412494659424,-0.08889516443014145,0.0875109270215035,0.05165619074837066,10.91722583770752,-9.604523345843495e-06,0.0678204657483557,-0.0008778437040746212,-0.08406194671988487,0.08713430985808374,0.03788296931533293,11.93191146850586,-9.174057663286086e-07,0.04108832597191496,-0.0009003324084915221,-0.0523695033043623,0.053121352568268776
F:\Seminario\Seminario-Clustering\datasets\davi\Al Emadi (2019)\Multiclass_Drone_Audio\unknown\5-207836-A-292.wav,Multiclass_Drone_Audio\unknown\5-207836-A-292.wav,al_emadi,5-207836-A-292,0.97525,0.2045154360077045,7.9790191650390625,9.79799557210505e-05,0.014570703218603626,-0.0001270206121262163,-0.015063936449587345,0.014954531565308583,0.07743792060893917,7.778110980987549,4.95663737167158e-05,0.008965974395037308,4.297392661101185e-05,-0.008271637745201588,0.008687245845794679,0.22083041412184107,7.657370567321777,-1.1982891954917357e-05,0.0107282002298687,-1.202108251163736e-05,-0.007643695781007409,0.007225255155935882,0.2906166804936556,7.275826454162598,-8.25351469176118e-05,0.008712104993013097,-4.619550600182265e-05,-0.004092601500451564,0.004060703888535501,0.20659954876785966,6.814986228942871,-9.415788571073294e-06,0.005197012310603224,-1.8009335690294392e-05,-0.001817018142901361,0.0018364112474955618
F:\Seminario\Seminario-Clustering\datasets\davi\Al Emadi (2019)\Multiclass_Drone_Audio\unknown\1-19872-B-364.wav,Multiclass_Drone_Audio\unknown\1-19872-B-364.wav,al_emadi,1-19872-B-364,0.95975,0.5671704613139938,9.144883155822754,-0.00464909916218324,0.23484333430403148,-0.009942981414496899,-0.3219591945409775,0.30111223459243786,0.15719470991111226,8.723294258117676,-0.003343292728594643,0.12361373015322184,-0.0013448921963572502,-0.1573200285434723,0.1424435377120972,0.110642351847764,9.902612686157227,3.679222674396606e-05,0.07352990145388688,-0.001556694507598877,-0.09228031784296035,0.09577625542879106,0.10275232130377622,10.871711730957031,-0.000756585944448634,0.05015825857062942,0.00022776611149311066,-0.0671043038368225,0.06294707208871841,0.062240155623353666,11.856878280639648,-6.561055573851146e-05,0.02762111263469471,-0.00025530747370794415,-0.03566464483737945,0.03524967208504678
F:\Seminario\Seminario-Clustering\datasets\davi\Al Emadi (2019)\Multiclass_Drone_Audio\unknown\4-161579-B-404.wav,Multiclass_Drone_Audio\unknown\4-161579-B-404.wav,al_emadi,4-161579-B-404,0.95975,0.6882657412121068,8.700994491577148,0.04113768550234439,0.411808462131472,0.03652265667915344,-0.4521275877952576,0.5417959213256837,0.2510085416498034,8.807467460632324,0.0034635123683232046,0.24990555896660574,0.0032909070141613483,-0.31156655550003054,0.3105077207088473,0.04781220499732434,9.665449142456055,0.0014640331469348994,0.07729683118598712,0.00041642412543296814,-0.09437770545482635,0.09810029864311219,0.010969253817956394,10.732643127441406,-0.0004774336740665225,0.026210746347801746,-0.0007153707556426525,-0.03256960511207581,0.031865074485540386,0.001944258322809012,11.746919631958008,-1.287656441957449e-05,0.007808188797980959,0.00010839139577001333,-0.009801731258630753,0.009718293324112892
F:\Seminario\Seminario-Clustering\datasets\davi\Al Emadi (2019)\Multiclass_Drone_Audio\unknown\3-111102-A-464.wav,Multiclass_Drone_Audio\unknown\3-111102-A-464.wav,al_emadi,3-111102-A-464,0.95975,0.2626025361008516,8.811407089233398,0.0012783637170031405,0.175999502070426,0.0032728570513427258,-0.21529873907566072,0.22169204503297807,0.430600774554453,8.853179931640625,-0.011178547293375907,0.22510024986347796,-0.01077119680121541,-0.2974717944860458,0.2771344631910324,0.27869635583023655,9.772403717041016,-0.0005108755255790044,0.12850867838469385,-0.0007022711215540767,-0.1631753385066986,0.16465603411197668,0.027263052874602366,10.623512268066406,-1.6571591120462753e-05,0.028454444178290524,0.00023754802532494068,-0.03453441634774208,0.03487250804901123,0.0008372806398564855,11.56011962890625,1.0741670495517145e-06,0.0035278448675358717,2.277689054608345e-05,-0.004221725556999445,0.0042953087482601425
F:\Seminario\Seminario-Clustering\datasets\davi\Al Emadi (2019)\Multiclass_Drone_Audio\unknown\2-109759-B-260.wav,Multiclass_Drone_Audio\unknown\2-109759-B-260.wav,al_emadi,2-109759-B-260,1.0216875,0.02419305997029767,6.32985782623291,0.003600524252502969,0.09571765301934808,0.0005712755373679101,-0.040301813185214995,0.03791873119771481,0.41067495683207883,5.97899866104126,-0.02416522236323624,0.3939009895067512,-0.001259844924788922,-0.21223751008510588,0.13445908278226854,0.4886244942611406,7.992224216461182,0.003211849777569798,0.30503733122511906,0.0003871791413985193,-0.197379007935524,0.23187589645385742,0.06338439402455841,9.22244930267334,0.0005060247564378924,0.07777381085771864,0.00022387760691344738,-0.06512117385864258,0.06120779588818556,0.01312309491192452,10.197565078735352,-6.842906461803134e-05,0.025036016539670768,-5.0029575504595414e-05,-0.019589707814157007,0.019343159720301647
F:\Seminario\Seminario-Clustering\datasets\davi\Al Emadi (2019)\Multiclass_Drone_Audio\unknown\4-199261-A-01.wav,Multiclass_Drone_Audio\unknown\4-199261-A-01.wav,al_emadi,4-199261-A-01,1.0216875,0.24514897708838781,7.1047444343566895,-0.0027773827477873955,0.20766779957023102,6.989522807998583e-05,-0.10474184677004812,0.08104962781071666,0.6451562577659248,6.860962390899658,-0.0006854313054751861,0.33691824465148323,-2.952758950414136e-05,-0.2007833406329155,0.10408480390906338,0.09927693085465673,7.85578727722168,-5.990484365870306e-05,0.09365971125609042,-7.138911314541474e-06,-0.037249818444252014,0.055640481412410736,0.010112289742833628,8.619128227233887,-2.39300402579246e-05,0.021159976694575786,1.5660407370887697e-06,-0.0060467889532446846,0.008263695612549783,0.0003055445481970667,9.693496704101562,3.0961436489013446e-07,0.0026021077900433174,-7.881271812948398e-08,-0.000994784547947347,0.0008633516379632076
F:\Seminario\Seminario-Clustering\datasets\davi\Al Emadi (2019)\Multiclass_Drone_Audio\unknown\4-218199-G-354.wav,Multiclass_Drone_Audio\unknown\4-218199-G-354.wav,al_emadi,4-218199-G-354,0.95975,0.6982070902997417,8.906902313232422,-0.002719033144432224,0.11346835663569012,-0.005983124719932675,-0.1429537057876587,0.14664311558008197,0.23508220943369762,8.682229042053223,-0.00036140646208261673,0.06585831645654193,-0.0006554187857545912,-0.07911085113883018,0.08089726492762567,0.030113366384919862,9.674931526184082,9.179880276076364e-05,0.016706182238643525,4.4333282858133316e-05,-0.02043551579117775,0.02064013220369816,0.022344002802204516,10.638306617736816,0.0002321776621773662,0.010185080883650362,0.00014649040531367064,-0.012400667928159236,0.01259062699973583,0.01425333107943633,11.582140922546387,-4.646327817150721e-05,0.0057564120509249585,-8.769423584453762e-05,-0.007154566189274192,0.007070721173658976
F:\Seminario\Seminario-Clustering\datasets\davi\Al Emadi (2019)\Multiclass_Drone_Audio\unknown\4-150364-A-463.wav,Multiclass_Drone_Audio\unknown\4-150364-A-463.wav,al_emadi,4-150364-A-463,1.0216875,0.10251814549873063,8.821695327758789,-0.003377158551485938,0.2991641833346673,-0.020151406526565552,-0.400690820813179,0.3595256716012955,0.3749770373400343,8.171468734741211,0.005042475822508263,0.5721664117037253,0.0027333105681464076,-0.5751989901065826,0.6257186472415925,0.34900720980067906,9.823982238769531,0.001070821711926134,0.3911904396165951,-0.01111958920955658,-0.49603816866874695,0.49127495288848877,0.15409698551640064,10.643168449401855,0.002404286058078869,0.18399017141750423,0.0016656486550346017,-0.2136248618364334,0.21878909170627595,0.019400621844155332,11.463147163391113,8.01257451497805e-06,0.0461891288556521,0.0001213035429827869,-0.05223518870770931,0.052999745309352905
F:\Seminario\Seminario-Clustering\datasets\davi\Al Emadi (2019)\Multiclass_Drone_Audio\unknown\3-149448-A-174.wav,Multiclass_Drone_Audio\unknown\3-149448-A-174.wav,al_emadi,3-149448-A-174,0.95975,0.005592674492474739,7.850031852722168,-8.331793795109247e-05,0.0032910635839618254,-8.832527601043694e-05,-0.003109763097018003,0.0032388425664976253,0.04185053913621287,7.057413101196289,-8.501467002231437e-05,0.00900527163921054,-4.150118002144154e-06,-0.0067685168702155355,0.007233017170801764,0.5141274509847436,7.25370979309082,0.0006892546762763846,0.022361021075687965,9.721325477585196e-05,-0.013499414920806883,0.014419379830360415,0.27691918040814556,8.30522346496582,-6.165529371569965e-05,0.011623194994231296,-0.00011795610771514475,-0.008351365476846694,0.007901092432439328,0.16151015497842328,8.33806037902832,-0.00022815017247186835,0.006275947399204858,-4.24351082983776e-06,-0.003049118723720312,0.002952278708107774
F:\Seminario\Seminario-Clustering\datasets\davi\Al Emadi (2019)\Multiclass_Drone_Audio\unknown\2-127108-A-383.wav,Multiclass_Drone_Audio\unknown\2-127108-A-383.wav,al_emadi,2-127108-A-383,1.0216875,0.02867663070541461,2.6247878074645996,-0.00025377602683418054,0.003709640274734768,1.5905376358205103e-06,-0.00040416140691377215,0.00037948205426801,0.16819562826697185,3.73525333404541,-2.772122299676676e-05,0.009005065579848807,-3.4003451219177805e-06,-0.00024050000502029434,0.00027361993270460524,0.2726591791093123,4.160080909729004,-1.820673914348029e-05,0.008125055051796122,-2.2012311546859564e-06,-0.0003233152092434466,0.0002912401978392154,0.46419868920085494,5.324610233306885,-7.284310094130948e-06,0.007504660877063276,-5.5696119716230896e-08,-0.000222806422971189,0.00023562161368317916,0.06626987271744632,6.423280715942383,-1.0035979799711015e-05,0.002005992368933444,6.672371455351822e-08,-7.740393702988511e-05,7.64703712775372e-05
F:\Seminario\Seminario-Clustering\datasets\davi\Al Emadi (2019)\Multiclass_Drone_Audio\unknown\1-13613-A-374.wav,Multiclass_Drone_Audio\unknown\1-13613-A-374.wav,al_emadi,1-13613-A-374,0.95975,0.007437035218185582,8.187063217163086,0.0015679979297518994,0.041460526330819106,-0.00018867847393266857,-0.042265016585588455,0.04844395518302918,0.007810987472790207,8.373167991638184,0.0008028368209741244,0.04251290641385666,0.00011313916184008121,-0.04868978895246982,0.05001539103686813,0.07093430202711225,9.882498741149902,0.0018662632302762665,0.09079846481101089,0.0012233159504830837,-0.11453844308853149,0.12138911336660387,0.507253725910171,9.508136749267578,2.9957729409314373e-05,0.17192829976170787,-0.003420058637857437,-0.15321389436721802,0.1560812950134277,0.4065639493717409,11.809732437133789,9.6856501490186e-05,0.1088955257752867,3.9209844544529915e-05,-0.13716278076171876,0.1390617683529854
F:\Seminario\Seminario-Clustering\datasets\davi\Al Emadi (2019)\Multiclass_Drone_Audio\unknown\5-238926-A-310.wav,Multiclass_Drone_Audio\unknown\5-238926-A-310.wav,al_emadi,5-238926-A-310,1.0216875,0.8795200314589778,9.054521560668945,-0.002008677637150841,0.062383383942488144,-0.0001376233994960785,-0.08312975391745567,0.08185978308320045,0.03540562660976013,8.367504119873047,0.00016586073954421259,0.012521867750882154,0.000343994572176598,-0.013921100180596113,0.014484923146665099,0.04801423020557928,7.930609703063965,-4.238772092431126e-05,0.010334469331990118,3.156979801133275e-06,-0.009906090795993805,0.010136873461306095,0.011789579167197186,8.81822395324707,-2.8672908181946926e-05,0.0036249695271659468,1.945218537002802e-05,-0.003350169537588954,0.0032492620870471,0.025270532558485524,5.980131149291992,-1.0483143856034328e-06,0.0037546831293513274,3.36900120601058e-06,-0.0014062241767533123,0.0014254192239604893
F:\Seminario\Seminario-Clustering\datasets\davi\Al Emadi (2019)\Multiclass_Drone_Audio\unknown\2-158746-C-21.wav,Multiclass_Drone_Audio\unknown\2-158746-C-21.wav,al_emadi,2-158746-C-21,1.0216875,0.6710795088861309,7.9942626953125,-0.002728365964789703,0.5724540653941143,-0.007449841825291514,-0.6022502303123474,0.6153216183185581,0.2543344098657278,7.036086082458496,0.0035431388081492207,0.35240266217647753,0.0009690859296824783,-0.2292723000049591,0.2566110104322435,0.04815240701476991,7.9521965980529785,0.0010559362190298673,0.10866329228384894,0.00011617317795753479,-0.07936429232358932,0.08399295806884766,0.02369613437524053,7.545300483703613,-0.0006970714515570927,0.0539583714828853,-0.00026540522230789065,-0.030599036440253254,0.028656657785177238,0.0027375398581309038,10.43381118774414,1.3830222307763494e-06,0.012975791690741369,-5.502777639776468e-05,-0.012356140092015267,0.012473278585821394
F:\Seminario\Seminario-Clustering\datasets\davi\Al Emadi (2019)\Multiclass_Drone_Audio\unknown\1-69760-A-162.wav,Multiclass_Drone_Audio\unknown\1-69760-A-162.wav,al_emadi,1-69760-A-162,0.97525,0.912527896969992,8.898897171020508,-0.022856739634839345,1.2955781295085027,-0.05280487239360809,-1.7094055175781249,1.6638463497161866,0.040809853072722384,8.929600715637207,-0.0007062841932519528,0.2740243615883132,0.0052463095635175705,-0.35886454582214355,0.3506275832653048,0.017070531913557053,9.856966018676758,-0.0011419701995292394,0.12556947788140346,-0.0029122050618752837,-0.15692685097455977,0.16150144338607786,0.013024198574684606,10.693260192871094,-0.000747412806515667,0.07764590396575878,-0.001641131704673171,-0.09495076984167099,0.09674062281847004,0.01656751946904394,11.730892181396484,0.0002667621083767231,0.061957704093858736,0.0008674765704199672,-0.07540950924158096,0.07652980089187622
F:\Seminario\Seminario-Clustering\datasets\davi\Al Emadi (2019)\Multiclass_Drone_Audio\unknown\1-30043-A-262.wav,Multiclass_Drone_Audio\unknown\1-30043-A-262.wav,al_emadi,1-30043-A-262,0.97525,0.4453819404098227,8.669493675231934,-0.004018693463965665,0.13243166041455556,-0.009044413454830647,-0.16159992814064025,0.16451044380664828,0.3433476572329683,8.521795272827148,-0.0016956710509362792,0.1163178230979529,0.0001067004632204771,-0.1442063957452774,0.13749667108058944,0.16524740406850483,9.217981338500977,-0.0005205678218448643,0.05718012983630583,-0.0006050415977369994,-0.06578697338700294,0.061056677252054214,0.04171193643653707,10.226634979248047,0.0001483244097070147,0.020337569184213918,-4.056212492287159e-05,-0.021367936953902246,0.022958713024854662,0.004311061852167098,11.288142204284668,6.894468056581801e-06,0.004625721881723451,1.4199278666637838e-05,-0.005076209548860788,0.0050450218841433525
F:\Seminario\Seminario-Clustering\datasets\davi\Al Emadi (2019)\Multiclass_Drone_Audio\unknown\2-28314-B-124.wav,Multiclass_Drone_Audio\unknown\2-28314-B-124.wav,al_emadi,2-28314-B-124,0.95975,0.050626928788963674,6.451040744781494,-0.00046122164969933355,0.02668748668765665,-0.0011071687913499773,-0.021630984731018543,0.021020976640284066,0.10506271825759057,3.1927237510681152,-0.0002660759676056225,0.038449939045067875,8.648901712149382e-05,-0.005991342151537538,0.005122925154864789,0.26328665982897553,3.450404167175293,-0.00017342055835794205,0.04314092536208027,9.000759746413678e-06,-0.004274578858166933,0.0054093338549137185,0.40221512769090895,4.03479528427124,0.0002255148701586338,0.03774789197181967,1.523527316749096e-05,-0.00467871418222785,0.00453115422278642,0.17880856543356127,5.070685863494873,1.0144245230501538e-05,0.0178064091545154,4.398214514367282e-06,-0.0019973533926531672,0.002007074467837812
F:\Seminario\Seminario-Clustering\datasets\davi\Al Emadi (2019)\Multiclass_Drone_Audio\bebop_1\B_S2_D1_074-bebop_004_.wav,Multiclass_Drone_Audio\bebop_1\B_S2_D1_074-bebop_004_.wav,al_emadi,B_S2_D1_074-bebop_004,0.896,0.3840700420584619,8.360921859741211,-0.0024942465806977445,0.2025458717704841,0.005052878987044096,-0.23579951524734497,0.23191270977258688,0.04582815678521184,8.600271224975586,-0.0006469592184963661,0.06996788496840851,0.0005567945481743664,-0.08876645490527152,0.08281140923500062,0.12979073704236258,9.712360382080078,-0.002674012693339413,0.08342930727129329,-0.0024093412794172764,-0.10698048174381256,0.10048402845859529,0.25626053076081223,10.704684257507324,-0.0006735974285248304,0.08302610707096816,-0.00011861009988933802,-0.10569754242897034,0.10187767669558524,0.18405053335315144,11.646986961364746,8.70510210151687e-06,0.04978330401762383,-0.0006151511624921113,-0.06254822760820389,0.0620322559028864
F:\Seminario\Seminario-Clustering\datasets\davi\Al Emadi (2019)\Multiclass_Drone_Audio\unknown\3-157187-A-122.wav,Multiclass_Drone_Audio\unknown\3-157187-A-122.wav,al_emadi,3-157187-A-122,0.97525,0.0,-0.0,0.0,0.0,0.0,0.0,0.0,0.0,-0.0,0.0,0.0,0.0,0.0,0.0,0.0,-0.0,0.0,0.0,0.0,0.0,0.0,0.0,-0.0,0.0,0.0,0.0,0.0,0.0,0.0,-0.0,0.0,0.0,0.0,0.0,0.0
F:\Seminario\Seminario-Clustering\datasets\davi\Al Emadi (2019)\Multiclass_Drone_Audio\unknown\5-233260-A-230.wav,Multiclass_Drone_Audio\unknown\5-233260-A-230.wav,al_emadi,5-233260-A-230,1.0216875,0.9863131255317897,8.865110397338867,-0.002325720752214163,0.1404877074636313,-0.011410965584218502,-0.1722204580903053,0.18099653124809267,0.008610131372312747,8.604369163513184,0.0009296474743377897,0.013094944179836702,0.0011421248782426119,-0.014335058443248271,0.015785500779747972,0.004258608714759391,9.00587272644043,-0.00014509990799722747,0.006541137262183108,-0.00012442097067832947,-0.0063902707770466805,0.006272680126130581,0.0007120272973989681,10.307899475097656,5.696421162307618e-06,0.0018938017977053537,-9.419280104339123e-06,-0.002045080065727234,0.002045447798445821,0.00010610708373918198,11.87759780883789,7.806000038504132e-07,0.0005171983784823853,-4.79456502944231e-06,-0.0006398088007699698,0.000652433733921498
F:\Seminario\Seminario-Clustering\datasets\davi\Al Emadi (2019)\Multiclass_Drone_Audio\unknown\3-157695-A-03.wav,Multiclass_Drone_Audio\unknown\3-157695-A-03.wav,al_emadi,3-157695-A-03,1.0216875,0.2519431907164066,6.264676094055176,1.2799070473344732e-05,0.176864182302313,0.0,-0.04364355430006979,0.032597460225224514,0.6240125620125778,5.936243057250977,0.0004690913007588478,0.2783457800496721,0.0,-0.07388836070895195,0.06243371218442917,0.09919887618589067,7.442905426025391,0.0008771599371988381,0.07864130706882226,0.0,-0.018513714894652367,0.011109970510005951,0.023532333411503546,8.21960163116455,3.594266436312092e-05,0.027115550258641714,0.0,-0.005273503810167309,0.004911267478019006,0.0013130376736213288,9.056946754455566,-1.2211341186292686e-05,0.004531277583267809,0.0,-0.0009373786742798983,0.0008916639257222419
F:\Seminario\Seminario-Clustering\datasets\davi\Al Emadi (2019)\Multiclass_Drone_Audio\unknown\4-90014-A-420.wav,Multiclass_Drone_Audio\unknown\4-90014-A-420.wav,al_emadi,4-90014-A-420,1.0216875,0.20509103943692958,8.998960494995117,-0.0002707125736740689,0.06849595451230635,-0.0016059570480138063,-0.08816944509744644,0.0859652727842331,0.46709454063674327,9.260076522827148,9.207002800500508e-05,0.10337063398014407,-0.0013956264592707157,-0.143719781935215,0.14306989759206773,0.3001343839191502,10.091031074523926,2.1518980764099616e-05,0.05872034330288851,0.0003163337241858244,-0.0788271427154541,0.07500754296779633,0.024989683513966233,10.986658096313477,-1.84581045909734e-05,0.011994235819180398,-0.0004125076811760664,-0.015181370265781879,0.015672355517745023,0.0026903524932106984,11.963834762573242,-1.4635849923163651e-07,0.002784162721438108,2.4648092221468687e-05,-0.003554847347550094,0.003571427660062909
F:\Seminario\Seminario-Clustering\datasets\davi\Al Emadi (2019)\Multiclass_Drone_Audio\unknown\3-150979-C-403.wav,Multiclass_Drone_Audio\unknown\3-150979-C-403.wav,al_emadi,3-150979-C-403,1.0216875,0.950158676527821,9.059734344482422,0.004987673992200673,0.4297457255010056,0.017178275622427464,-0.5679814457893372,0.5538479149341583,0.045885704325917556,8.842704772949219,0.0012440564973252707,0.09443734927823932,0.002278376603499055,-0.11421631053090095,0.1224879488348961,0.0032429084178632957,9.930497169494629,0.00022653343409357972,0.017791423061355314,7.393769919872284e-05,-0.021972794085741043,0.023513255640864372,0.0006011404066600654,10.965445518493652,-7.220265400962758e-06,0.005422856166505057,5.220645107328892e-07,-0.007125071808695793,0.0070954673923552085,0.00011157032173799926,11.918862342834473,-3.422104582141808e-06,0.001652765416024115,-3.616791218519211e-06,-0.002121300110593438,0.002099407021887601
F:\Seminario\Seminario-Clustering\datasets\davi\Al Emadi (2019)\Multiclass_Drone_Audio\unknown\3-122110-A-462.wav,Multiclass_Drone_Audio\unknown\3-122110-A-462.wav,al_emadi,3-122110-A-462,0.97525,0.7298852134981362,8.867565155029297,0.0036281937515857655,0.4552549286085828,2.2402964532375336e-06,-0.5768264889717102,0.5895557641983032,0.14543293606282254,8.841773986816406,0.00013524494766298443,0.20322281466697809,0.001783137209713459,-0.2469989091157913,0.2558630466461184,0.10957502523751059,9.702451705932617,-0.00020884978359011482,0.12498755533223059,-0.0015156848821789026,-0.1492333769798279,0.15347639173269273,0.014419723695961664,10.488338470458984,6.128209512817536e-05,0.0320976995730703,7.205386646091938e-05,-0.03761466518044472,0.0377409040927887,0.0006871015055689909,10.788131713867188,-1.3258457193270723e-06,0.004956945119965556,1.7458456568419933e-05,-0.004941274411976337,0.004926248220726848
F:\Seminario\Seminario-Clustering\datasets\davi\Al Emadi (2019)\Multiclass_Drone_Audio\unknown\3-70962-C-42.wav,Multiclass_Drone_Audio\unknown\3-70962-C-42.wav,al_emadi,3-70962-C-42,0.97525,0.03529867589547088,8.053621292114258,0.001724807697249764,0.0617920481108952,0.0012979763559997082,-0.06271355599164963,0.06498266607522972,0.0371575459507944,8.253957748413086,0.0003436774078549084,0.06342195830100428,0.000545714923646301,-0.06498136669397354,0.06974043250083924,0.43926006757886626,9.421049118041992,0.0015310334863162108,0.1545014167187329,0.0012071712408214808,-0.17343544065952302,0.18041864633560178,0.45278942711660775,10.57005500793457,-0.00038464581227223935,0.11105115895900186,1.0279938578605652e-05,-0.13296434879302976,0.13692874908447267,0.035494283458260695,11.308562278747559,2.110417504073556e-06,0.021997037289584485,0.00018564664060249925,-0.02461562119424343,0.024705884978175163
F:\Seminario\Seminario-Clustering\datasets\davi\Al Emadi (2019)\Multiclass_Drone_Audio\unknown\2-83934-B-52.wav,Multiclass_Drone_Audio\unknown\2-83934-B-52.wav,al_emadi,2-83934-B-52,0.97525,0.076273146006073,8.400065422058105,-0.0005285222148643532,0.0770137799342572,-0.00473830197006464,-0.08591308146715164,0.08488168716430666,0.060072845061296384,8.65748405456543,0.0005300289820756532,0.06834690952504807,-0.0026878677308559418,-0.07944474220275878,0.11484114676713944,0.552069954243861,9.229704856872559,0.001043130947962837,0.14680787479926946,0.00020271245739422739,-0.17975495755672452,0.18984278738498686,0.27782924060251507,10.062560081481934,-2.1290401680591545e-06,0.07372875106347256,-0.00015496587730012834,-0.08244468569755553,0.09172303527593613,0.03375481408625455,10.423722267150879,-3.7741763750396926e-07,0.01818122655675695,2.3255631276697386e-05,-0.01640225388109684,0.015161020215600729
F:\Seminario\Seminario-Clustering\datasets\davi\Al Emadi (2019)\Multiclass_Drone_Audio\unknown\4-200330-A-60.wav,Multiclass_Drone_Audio\unknown\4-200330-A-60.wav,al_emadi,4-200330-A-60,1.0216875,0.05159374382788757,8.027183532714844,0.0025705995211573835,0.0565737562941024,0.0008274355786852539,-0.05765165239572525,0.059759584814310075,0.6015647826471117,8.925272941589355,0.01745067058058763,0.19258833214130755,0.02285352535545826,-0.22432614862918854,0.2526623994112015,0.3362586631808881,9.661443710327148,-0.0002478355333117767,0.10245557770631034,0.0017318546306341887,-0.12497156113386154,0.12398821860551834,0.008272256404417035,10.703872680664062,-0.00010560943797681136,0.011375103526360094,0.00023562274873256683,-0.01421882826834917,0.013219849579036236,0.002310553939695682,11.758949279785156,-5.340997536744444e-06,0.004253213087270791,4.073212039656937e-05,-0.005271143186837434,0.005261122388765216
F:\Seminario\Seminario-Clustering\datasets\davi\Al Emadi (2019)\Multiclass_Drone_Audio\unknown\3-164688-A-381.wav,Multiclass_Drone_Audio\unknown\3-164688-A-381.wav,al_emadi,3-164688-A-381,1.0216875,0.03174785414567914,6.185112476348877,-0.0026327229820832074,0.010864623508909772,-0.0023235686821863055,-0.007167062815278768,0.0008892808225937189,0.2945718683499083,6.127479553222656,-0.0010768387953032411,0.03403504196191421,4.497416739468463e-06,-0.003110634093172848,0.009985432121902704,0.4694897536784782,6.687380790710449,0.00021098863562991132,0.03046395862290483,5.492674972629175e-07,-0.0054037668742239475,0.0037443211767822504,0.17131825592327768,6.96251106262207,-1.2412059976136868e-05,0.013027085775549748,7.206595000752714e-07,-0.0008287498727440832,0.0007202348788268873,0.03287226790265665,8.236448287963867,-4.40298353013205e-05,0.0040367511634611395,4.441060355020454e-07,-0.00020287955994717776,0.0001839081960497425
F:\Seminario\Seminario-Clustering\datasets\davi\Al Emadi (2019)\Multiclass_Drone_Audio\unknown\1-115521-A-191.wav,Multiclass_Drone_Audio\unknown\1-115521-A-191.wav,al_emadi,1-115521-A-191,1.0216875,0.9412454095248668,7.130830764770508,4.671466866286598e-05,0.10466646574951717,0.0006161520141176879,-0.08037914037704467,0.08180572986602783,0.048448508042914604,7.589724540710449,-0.0002552221935226591,0.02374495032750075,-0.00037985613744240254,-0.01937615852802992,0.020134243369102484,0.00952927078728999,8.460283279418945,-4.3672869676399876e-05,0.007463015479781025,4.27065824624151e-05,-0.006277075503021479,0.006033192854374647,0.0007704742721705709,9.334056854248047,-9.452263934298367e-07,0.0015022176904658793,4.653440555557609e-06,-0.0011968860868364567,0.0011795648373663428,6.337372757992174e-06,10.309361457824707,1.8822622223413165e-07,9.63840150216386e-05,1.410080585628748e-08,-7.409635072690435e-05,7.439520559273664e-05
F:\Seminario\Seminario-Clustering\datasets\davi\Al Emadi (2019)\Multiclass_Drone_Audio\unknown\1-90797-A-151.wav,Multiclass_Drone_Audio\unknown\1-90797-A-151.wav,al_emadi,1-90797-A-151,1.0216875,0.8507358790883038,5.951402187347412,-6.0162324654986994e-05,0.12360023912611255,-4.064878339704592e-06,-0.012840037234127522,0.009880640171468278,0.10837624203349579,6.204936981201172,-0.0003209583092713588,0.04411410935023504,0.0,-0.012237965315580367,0.008476116973906767,0.017390904177824705,4.74876070022583,8.378942420174248e-05,0.01252302024265285,0.0,-0.0028263418935239315,0.0028004476334899664,0.012546883685601475,4.243835926055908,-2.8522244655375675e-06,0.007529872388169561,0.0,-0.00045178586151450867,0.00043054218986071755,0.010950091014774191,5.222775459289551,-2.062630259680231e-06,0.0049765209852806426,0.0,-0.000346910409280099,0.00037021859316155325
F:\Seminario\Seminario-Clustering\datasets\davi\Al Emadi (2019)\Multiclass_Drone_Audio\unknown\2-87781-A-100.wav,Multiclass_Drone_Audio\unknown\2-87781-A-100.wav,al_emadi,2-87781-A-100,1.0216875,0.9124114202595603,8.709623336791992,-0.00423157708922817,0.381983261923827,-0.028640114702284336,-0.4430676907300949,0.43964877128601076,0.015893851456836763,8.790511131286621,-0.0009009230719739119,0.05041048195117621,0.0001832230482250452,-0.06254850849509239,0.060777450725436215,0.031508708454240926,9.73859977722168,-0.001372277443596334,0.05028808075940005,-0.0013780416920781136,-0.062395647168159485,0.05937730148434639,0.02841764053692991,10.74998664855957,9.25146675485885e-06,0.03381951295534351,9.352478082291782e-05,-0.041973515599966045,0.04112862646579742,0.011768379292432107,11.662940979003906,-2.7627598941923735e-05,0.015396723337119817,7.283990271389484e-05,-0.01863165106624365,0.018510522693395617
F:\Seminario\Seminario-Clustering\datasets\davi\Al Emadi (2019)\Multiclass_Drone_Audio\unknown\3-96606-B-493.wav,Multiclass_Drone_Audio\unknown\3-96606-B-493.wav,al_emadi,3-96606-B-493,1.0216875,0.008068080330429455,7.933719158172607,-3.1234667555500244e-05,0.022104601836757668,1.581920514581725e-06,-0.019572044536471368,0.020651269145309927,0.01241143546257595,8.02767276763916,-0.0005084853126797135,0.027411594849321177,-0.0003159960760967806,-0.030233308486640447,0.026576895825564873,0.05302065505339957,9.066130638122559,6.744888338929784e-05,0.040156489392862135,0.0001640274131204933,-0.04280450567603111,0.044762615114450455,0.3582041195866796,9.997268676757812,-0.0011939504172389596,0.07387616625780637,-0.0002750143175944686,-0.08375535905361174,0.07754132598638538,0.5682957095669154,10.72774600982666,0.00019668510565045398,0.06583825712933167,4.8629339289618656e-05,-0.06591532677412032,0.06502768471837045
F:\Seminario\Seminario-Clustering\datasets\davi\Al Emadi (2019)\Multiclass_Drone_Audio\unknown\2-85471-A-344.wav,Multiclass_Drone_Audio\unknown\2-85471-A-344.wav,al_emadi,2-85471-A-344,0.95975,0.8214076660110334,9.051713943481445,-0.00010956404112634614,0.00223755862139198,-0.0001648072066018358,-0.0030811184318736196,0.002796140732243658,0.005292234579067238,8.673940658569336,4.0233500270885035e-06,0.00017977358711672935,3.83789983970928e-06,-0.0002294872101629153,0.00022518028126796715,0.011092272977476803,8.457464218139648,5.140985025917865e-06,0.0001844393258619356,2.733657311182469e-06,-0.0001900073461001739,0.00020947564626112581,0.03278264478003455,10.47475814819336,4.330240958416157e-06,0.00022451522479432001,2.222374405391747e-06,-0.00025487556122243403,0.00027235125307925037,0.12942518165238798,11.472996711730957,1.1712954019786215e-06,0.0003156617639712563,-3.490814833639888e-06,-0.00036548406642396004,0.0003769703267607838
F:\Seminario\Seminario-Clustering\datasets\davi\Al Emadi (2019)\Multiclass_Drone_Audio\bebop_1\mixed_11-bebop_000_.wav,Multiclass_Drone_Audio\bebop_1\mixed_11-bebop_000_.wav,al_emadi,mixed_11-bebop_000,1.024,0.8308566024791477,8.890932083129883,0.0001548172310653482,0.3826178873504508,0.011158041656017303,-0.5018193751573562,0.4782420247793196,0.036010161285082165,8.99936294555664,6.998055346053844e-05,0.07965528876194232,0.002314383746124804,-0.10411221235990524,0.10098161995410919,0.0395547057253376,9.877151489257812,0.000531107350167594,0.059158583811404,-0.0007619713433086872,-0.07264054864645005,0.07565756440162659,0.05074243028290153,10.862805366516113,0.0006324849591386354,0.047423247253399504,0.0002792271552607417,-0.05782828144729137,0.06004516556859017,0.04283610022753095,11.779662132263184,-0.00015112030325487168,0.03082768135110697,0.00034014671109616756,-0.0380035862326622,0.0375398900359869
F:\Seminario\Seminario-Clustering\datasets\davi\Al Emadi (2019)\Multiclass_Drone_Audio\unknown\5-253534-A-261.wav,Multiclass_Drone_Audio\unknown\5-253534-A-261.wav,al_emadi,5-253534-A-261,1.0216875,0.6696486239840189,7.082139015197754,9.577423558758065e-05,0.37909996398403517,0.00013052995200268924,-0.2256080165505409,0.2520193845033646,0.26459357114847687,6.491869926452637,-0.0037030105490787903,0.23826895831178657,0.00030399685783777386,-0.13490803837776183,0.12699280381202707,0.03235931070376177,6.495578765869141,0.0025874346608832895,0.05899951742050292,0.00010016997111961246,-0.020542722195386887,0.026349317282438278,0.02638810647510816,8.11540699005127,0.0009349713275630118,0.037739738481253816,3.6656416341429576e-05,-0.011538835056126111,0.014450708217918875,0.00701038768863426,9.43268871307373,-1.7780324077839465e-06,0.013765638414572387,4.451401764526963e-06,-0.007465237472206354,0.00723033896647394
F:\Seminario\Seminario-Clustering\datasets\davi\Al Emadi (2019)\Multiclass_Drone_Audio\unknown\5-187201-A-40.wav,Multiclass_Drone_Audio\unknown\5-187201-A-40.wav,al_emadi,5-187201-A-40,1.0216875,0.5784228336657321,8.962105751037598,0.02270193710161409,0.2276528234089147,0.022279168479144573,-0.2632161855697632,0.3165623098611832,0.0020220943885928414,6.928683280944824,0.0004236904702780009,0.013520310299260424,0.00023624341702088714,-0.009964371006935833,0.010922722984105349,0.014810314695474391,7.2296600341796875,-7.832303780813527e-05,0.025942691945982328,2.373591996729374e-05,-0.012292726896703243,0.01317538321018219,0.3674818301289234,8.094437599182129,0.00013246460902697918,0.09147750391697797,-0.00024390965700149536,-0.03249723017215728,0.03222258239984513,0.03726292712127724,8.909268379211426,4.888899777247781e-08,0.020607847870108376,1.753342803567648e-05,-0.006859742244705557,0.0068441699258983135
F:\Seminario\Seminario-Clustering\datasets\davi\Al Emadi (2019)\Multiclass_Drone_Audio\unknown\4-188703-C-81.wav,Multiclass_Drone_Audio\unknown\4-188703-C-81.wav,al_emadi,4-188703-C-81,1.0216875,0.7075270358835245,8.840749740600586,-0.0012548432417566553,0.2790755446619416,-0.0009446932235732675,-0.35163919925689696,0.34916757047176367,0.27928932702385323,8.98280143737793,-0.00026576861570186877,0.17534013763566964,-0.0011868569999933243,-0.24942978769540786,0.24449236243963246,0.01191268925324408,9.842578887939453,-0.00016970121200563797,0.025661726327354955,-0.00016206473810598254,-0.03290344029664993,0.03321058675646782,0.0011884341696029692,10.771286964416504,-2.3635520476967572e-05,0.005737679726205232,-4.0934886783361435e-05,-0.007149220164865255,0.007192743849009277,8.251366977516463e-05,11.67730712890625,-2.9254459705868895e-07,0.0010695785102974686,-8.314847946166992e-06,-0.0013060273602604866,0.0013132401043549184
F:\Seminario\Seminario-Clustering\datasets\davi\Al Emadi (2019)\Multiclass_Drone_Audio\unknown\2-73260-A-104.wav,Multiclass_Drone_Audio\unknown\2-73260-A-104.wav,al_emadi,2-73260-A-104,0.95975,0.787181448553004,8.575906753540039,-0.00045174672401823826,0.12876366876589024,0.0036170126404613256,-0.15744470059871674,0.15034399330615997,0.11415412807711496,8.12330436706543,0.0008659198713810703,0.04902715088234376,-0.0007813300762791187,-0.051212798804044724,0.05452615618705751,0.06479833628391643,8.76624870300293,-0.00047485703827032617,0.026179774848127172,-0.0003556264564394951,-0.027434218674898144,0.02619876265525819,0.02315183666123909,9.6831636428833,-0.00010794916309082338,0.011079501387220499,2.489506732672453e-05,-0.011178082413971422,0.010879649966955184,0.010714250424725518,10.375086784362793,-2.359071898957253e-05,0.005332560166772657,2.1555577404797077e-05,-0.0051124244928359985,0.0050075658597052135
F:\Seminario\Seminario-Clustering\datasets\davi\Al Emadi (2019)\Multiclass_Drone_Audio\unknown\1-104089-B-224.wav,Multiclass_Drone_Audio\unknown\1-104089-B-224.wav,al_emadi,1-104089-B-224,0.95975,0.030020030566377066,7.293756008148193,-0.00027480164450519956,0.04413124676911974,0.0,-0.04021183550357819,0.039078737050294875,0.14540488942865526,6.798802375793457,0.002889613396804993,0.09708368532260327,2.031167514360277e-05,-0.0653876505792141,0.07676684409379965,0.5190586306326778,6.8254570960998535,-0.0007010756630857018,0.13006120711280858,0.0,-0.09130442738533019,0.08578007221221931,0.23504459763265972,8.641611099243164,-0.00019337370633091107,0.06196002423107219,0.0,-0.04601791724562645,0.04672411382198333,0.07047185173963023,9.135351181030273,-0.00011365254445844562,0.024002283317114417,0.0,-0.01964694503694773,0.01982738506048918
F:\Seminario\Seminario-Clustering\datasets\davi\Al Emadi (2019)\Multiclass_Drone_Audio\unknown\3-154781-A-323.wav,Multiclass_Drone_Audio\unknown\3-154781-A-323.wav,al_emadi,3-154781-A-323,1.0216875,0.22128373369351653,8.944208145141602,-0.0002673104528017151,0.00535341325224783,-0.000244768634729553,-0.007112274412065744,0.0064183564390987175,0.11350831944689332,7.495704650878906,-0.00010758261514903336,0.003837425841614266,-1.632745988899842e-05,-0.0034108742838725448,0.00314366645179689,0.17536564228407023,6.978074073791504,-2.2501997396348543e-05,0.0033813892674074745,-1.618092937860638e-05,-0.0018357340013608336,0.002005178714171052,0.35191848065086695,7.72537899017334,-7.366517565956511e-05,0.0033901040074926013,-1.3620151548821013e-05,-0.0014470137190073728,0.0012569386744871744,0.13792382392465302,8.503992080688477,-1.0348050374388054e-06,0.0015017974153571521,-3.5979746826342307e-07,-0.0005859030585270375,0.0006145677587483079
F:\Seminario\Seminario-Clustering\datasets\davi\Al Emadi (2019)\Multiclass_Drone_Audio\unknown\1-62509-A-453.wav,Multiclass_Drone_Audio\unknown\1-62509-A-453.wav,al_emadi,1-62509-A-453,1.0216875,0.7553849574702112,8.896657943725586,0.0005720006118899266,0.338520242808157,-0.00022253626957535744,-0.41437599956989285,0.41819609105587013,0.17293282669835203,8.769968032836914,-0.0009610108601706989,0.1619691024670245,-0.001956133753992617,-0.20773845613002778,0.1993751719594002,0.04927091303922321,9.874971389770508,0.0013603408859197757,0.06125268231209221,0.000618581660091877,-0.07574762403964996,0.07881230115890503,0.01590561882790528,10.836929321289062,6.99357744817154e-05,0.02464179646612314,-0.00014224753249436617,-0.030424895137548445,0.030623130872845652,0.006505683964308323,11.724800109863281,-3.997967191505067e-05,0.011149100871955427,9.173410944640636e-06,-0.013589664548635482,0.013637363258749247
F:\Seminario\Seminario-Clustering\datasets\davi\Al Emadi (2019)\Multiclass_Drone_Audio\unknown\2-110417-A-281.wav,Multiclass_Drone_Audio\unknown\2-110417-A-281.wav,al_emadi,2-110417-A-281,1.0216875,0.8915312061874734,7.06911563873291,0.00019678162797681932,0.04116471151794696,0.0006611913559027016,-0.03240203820168972,0.03784730583429337,0.07171965036849882,7.041659355163574,9.56555216547607e-06,0.011675639255732907,-1.1055526556447148e-06,-0.009648162964731455,0.010629525966942312,0.01730863754177952,7.369268417358398,-1.462741400178313e-05,0.004064678278520112,4.494359018281102e-06,-0.0032126312144100666,0.002964930608868599,0.005189281008839892,9.773358345031738,2.2955931555910572e-05,0.0015753134224082471,1.3467505368680577e-06,-0.0015920949168503284,0.001680386462248862,0.014251224893408425,10.78887939453125,3.967527905940404e-06,0.001847063792419227,1.6573399079788942e-06,-0.0018933731131255626,0.0018411641707643872
F:\Seminario\Seminario-Clustering\datasets\davi\Al Emadi (2019)\Multiclass_Drone_Audio\unknown\1-62849-A-382.wav,Multiclass_Drone_Audio\unknown\1-62849-A-382.wav,al_emadi,1-62849-A-382,0.97525,0.32128631295816984,5.3845295906066895,-2.6683807449410196e-05,0.022525738531384586,2.077749559248332e-05,-0.003993335599079727,0.0036385422572493683,0.38852293522975617,4.975119113922119,4.212459301106904e-05,0.02477085306462157,3.956796717830002e-06,-0.0016619481146335601,0.002014784701168538,0.10157229110877905,5.047280788421631,-6.889924106748385e-06,0.008974105322670862,-2.6559340540188714e-06,-0.000788830075180158,0.0007526876870542765,0.061707635084302055,5.779092311859131,3.82491317347629e-05,0.004951591273275912,1.192555828311015e-06,-0.00044075986370444297,0.000471545709297061,0.1269108256189929,5.995953559875488,3.9052577998079986e-05,0.00502379540810279,6.252776074688882e-13,-0.00030641251942142844,0.0003303914127172902
F:\Seminario\Seminario-Clustering\datasets\davi\Al Emadi (2019)\Multiclass_Drone_Audio\unknown\5-219242-B-372.wav,Multiclass_Drone_Audio\unknown\5-219242-B-372.wav,al_emadi,5-219242-B-372,0.97525,0.0006793146739284756,8.39339828491211,-6.855671143007445e-05,0.0042062706335914265,-0.00039622519398108125,-0.004388085287064314,0.0047886826097965265,2.248181188910819e-05,8.912092208862305,-0.00014366643903030755,0.0007517001156772159,-0.00011233308032387868,-0.0011537311831489206,0.0007891060085967185,0.009071549785199057,9.050774574279785,-9.782841863640996e-05,0.010892135368680307,-7.26286816643551e-05,-0.013958323094993829,0.012747583631426095,0.26894950805045237,9.789746284484863,-0.000590320929076411,0.04198236469484767,4.708148117060773e-05,-0.05127404257655144,0.04236023724079133,0.721277145678531,10.369876861572266,-1.3526419878512497e-05,0.04864440831788202,-1.6752710507716984e-07,-0.040269071236252785,0.03389543853700161
F:\Seminario\Seminario-Clustering\datasets\davi\Al Emadi (2019)\Multiclass_Drone_Audio\unknown\2-117625-A-100.wav,Multiclass_Drone_Audio\unknown\2-117625-A-100.wav,al_emadi,2-117625-A-100,1.0216875,0.25217875817061663,8.778985977172852,-0.002314589957331389,0.24985513009117097,-0.008448553271591663,-0.30348744094371793,0.32045644521713257,0.11639259823183155,8.746113777160645,-0.0008260781767674116,0.16975015995862638,-0.001546122133731842,-0.20388708412647244,0.20095256417989732,0.20809689350461769,9.742046356201172,-0.0032921071898901443,0.16081637016219033,0.003966289572417736,-0.2026735246181488,0.19411620497703552,0.235601878894294,10.712677001953125,0.00023766589726041752,0.12115432713198272,0.0020927356090396643,-0.14828529655933378,0.14813306331634524,0.18772987119864012,11.660074234008789,0.0001911202339901559,0.07650909168901532,-0.0007089779828675091,-0.09086395800113678,0.09343243688344957
F:\Seminario\Seminario-Clustering\datasets\davi\Al Emadi (2019)\Multiclass_Drone_Audio\unknown\1-56380-A-50.wav,Multiclass_Drone_Audio\unknown\1-56380-A-50.wav,al_emadi,1-56380-A-50,1.0216875,0.03654724841704714,7.730323791503906,0.0003117965799396142,0.03481330908271092,0.0,-0.03407041803002357,0.03451839722692969,0.15659172049615505,7.435788154602051,0.001043489533055284,0.07205668065128984,0.0,-0.07214227095246313,0.06766222342848778,0.5520292929293987,9.044778823852539,-0.0006044502445580478,0.09588343561607977,0.0,-0.13079051673412323,0.131122887134552,0.22634947479889345,9.22534465789795,0.00013449729338248657,0.043463108114139545,0.0,-0.03139158785343169,0.03716818913817409,0.0284822633585057,9.852010726928711,1.1068459904562727e-05,0.010907304801806596,0.0,-0.006865509133785961,0.006886693323031068
F:\Seminario\Seminario-Clustering\datasets\davi\Al Emadi (2019)\Multiclass_Drone_Audio\unknown\4-175856-A-432.wav,Multiclass_Drone_Audio\unknown\4-175856-A-432.wav,al_emadi,4-175856-A-432,0.97525,0.12230732803413578,8.682793617248535,-0.0005383020541526468,0.24271450543535772,-0.003010546788573265,-0.29490181207656857,0.29223764538764985,0.22027807812550101,7.928473472595215,0.002655520588481687,0.3257180016419235,0.002328843344002962,-0.33771851658821106,0.33785178661346443,0.3871295861164699,8.76988410949707,0.0008891928379432359,0.3059618872574398,-0.0010531159932725132,-0.31394191384315484,0.311301627755165,0.2472365171101077,9.447866439819336,-0.0007202576236379942,0.17309246496874203,0.0007190138567239046,-0.15990171432495118,0.15954929292202,0.02304849061378561,10.433100700378418,-2.809572581713715e-05,0.03738988890959509,1.724607136566192e-05,-0.03435669094324112,0.03515654057264328
F:\Seminario\Seminario-Clustering\datasets\davi\Al Emadi (2019)\Multiclass_Drone_Audio\unknown\3-112356-A-180.wav,Multiclass_Drone_Audio\unknown\3-112356-A-180.wav,al_emadi,3-112356-A-180,1.0216875,0.8541130373974142,7.549382209777832,0.011264017520838889,0.996465534175449,0.001895741035696119,-0.8417034626007079,0.873490196466446,0.07244409853589999,7.180122375488281,0.005949699669963151,0.29016336641033924,-0.000180777205969207,-0.17631398290395736,0.23185004740953452,0.025216646886395466,7.995756149291992,0.0015073833106749887,0.12133282249489255,0.0001112628960981965,-0.08998779207468033,0.08538024127483368,0.025662243304614314,8.496148109436035,0.0007096288772006638,0.08664885728989345,1.720679210848175e-05,-0.047614754736423494,0.04493060111999513,0.022563973875676054,9.621376991271973,4.810020207264498e-05,0.05748242359424911,7.804420874890639e-06,-0.03250502161681652,0.03436945080757142
F:\Seminario\Seminario-Clustering\datasets\davi\Al Emadi (2019)\Multiclass_Drone_Audio\unknown\1-43807-D-470.wav,Multiclass_Drone_Audio\unknown\1-43807-D-470.wav,al_emadi,1-43807-D-470,1.0216875,0.7405241134551092,8.794933319091797,-0.009107706189444922,0.9105356987552118,-0.11035064235329628,-1.04300776720047,1.2869424223899841,0.21323029513704433,8.127114295959473,-0.008792037943613181,0.48854350152071546,0.0032300626626238227,-0.5250930249691009,0.48983333706855803,0.043472220475790496,8.82653522491455,0.0012316924298556974,0.1563426001632779,6.524496711790562e-05,-0.13694916665554047,0.13683314621448517,0.002575474465416939,9.774862289428711,-8.224928366191432e-06,0.026938626472728454,-0.0006783886346966028,-0.026005105301737785,0.026207452267408383,0.0001978964666390181,10.707446098327637,-3.438689093137154e-06,0.00528278671894315,-1.7506303265690804e-05,-0.005168290669098496,0.005197708774358034
F:\Seminario\Seminario-Clustering\datasets\davi\Al Emadi (2019)\Multiclass_Drone_Audio\unknown\4-151242-A-374.wav,Multiclass_Drone_Audio\unknown\4-151242-A-374.wav,al_emadi,4-151242-A-374,0.95975,0.0001615743644454425,6.919681549072266,0.005464858773709337,0.017014182712240235,0.0011996218236163259,-0.0034438261762261392,0.028585551306605377,7.196297454080671e-05,6.936606407165527,0.0004984029914934514,0.011915718750712023,-3.336688860144932e-05,-0.009347584471106528,0.01176536986604339,0.012927887684005058,8.539942741394043,0.0019871354886779125,0.11327629910514982,-3.698436921695247e-05,-0.13322942554950712,0.13250707983970758,0.4532811728202909,9.52861213684082,-0.005236665831779781,0.47488910047398414,-2.8649137675529346e-05,-0.5116745710372924,0.4190520703792572,0.5335574021567178,10.530252456665039,5.8609496196033725e-05,0.36453259412350936,-1.432806584489299e-06,-0.39629191160202026,0.3138171166181586
F:\Seminario\Seminario-Clustering\datasets\davi\Al Emadi (2019)\Multiclass_Drone_Audio\unknown\2-70280-A-184.wav,Multiclass_Drone_Audio\unknown\2-70280-A-184.wav,al_emadi,2-70280-A-184,0.95975,0.12233831067385144,7.677299499511719,-0.014577428983132502,0.037726875913194784,-0.01560626458376646,-0.04563795030117035,0.018363936059176925,0.14091836453082457,7.876828670501709,-0.002097850902790631,0.04335731376742272,-0.0022948021069169044,-0.04535075202584267,0.042218685895204555,0.44696490191688937,8.674068450927734,-0.006650214652063345,0.054387273040395506,-0.004011467099189758,-0.05687346309423447,0.04723082631826405,0.24627342322733436,9.539310455322266,6.516093464422321e-05,0.028792773615174377,-9.300028614234179e-05,-0.026897120103240014,0.026591151952743523,0.043504999651100225,11.495279312133789,2.5806745732379992e-05,0.008561590833078177,-6.221569492481649e-06,-0.010008135344833136,0.010231922380626203
F:\Seminario\Seminario-Clustering\datasets\davi\Al Emadi (2019)\Multiclass_Drone_Audio\unknown\2-86160-A-272.wav,Multiclass_Drone_Audio\unknown\2-86160-A-272.wav,al_emadi,2-86160-A-272,0.97525,0.16303484278424407,8.21979808807373,9.993618147069681e-05,0.014722675629116425,0.00030514210811816156,-0.016657498106360434,0.01603115536272526,0.45394033068220935,7.290828704833984,0.0011972697743792657,0.024538023100992547,0.0005925812292844057,-0.01984753981232643,0.021613165736198436,0.16606835800368458,8.29854965209961,1.4274729260162495e-05,0.010528584475989138,2.551096258684993e-07,-0.008571029640734196,0.008092943578958511,0.09294156459691591,8.985291481018066,1.351608095966912e-05,0.005575904204212935,4.824176721740514e-05,-0.004813934303820133,0.005028765928000214,0.12401490393294608,9.728020668029785,3.1960802363453646e-06,0.004556756704589233,2.653611318237381e-06,-0.003718832158483565,0.0036901708226650953
F:\Seminario\Seminario-Clustering\datasets\davi\Al Emadi (2019)\Multiclass_Drone_Audio\unknown\5-197118-A-452.wav,Multiclass_Drone_Audio\unknown\5-197118-A-452.wav,al_emadi,5-197118-A-452,0.97525,0.6802300726381455,8.80124282836914,-0.00907616737373988,0.08034678988656416,-0.011766987852752209,-0.10630069524049758,0.09469336122274406,0.2161648338792333,8.57925033569336,-0.0002693401510055799,0.045580482789058234,-0.0004849532851949334,-0.05416147261857986,0.05359781980514526,0.06108509133016215,9.666545867919922,0.00020429960513066865,0.017167271070885608,0.0005139248096384108,-0.021171561628580093,0.020779826678335663,0.029974534044199162,10.434142112731934,-0.00010549540968513597,0.008513181903764759,-3.455372643657029e-05,-0.010008683800697327,0.00970195382833481,0.01254546810825995,11.676103591918945,-2.1775701740084953e-05,0.0038966654241497515,-4.6377470425795764e-05,-0.004748522071167827,0.004721911391243339
F:\Seminario\Seminario-Clustering\datasets\davi\Al Emadi (2019)\Multiclass_Drone_Audio\unknown\white_noise006.wav,Multiclass_Drone_Audio\unknown\white_noise006.wav,al_emadi,white,4.992,0.06350388510251251,11.220999717712402,0.005423176135524409,0.3338584857215704,0.004596374463289976,-0.41999359130859376,0.4356680929660797,0.06072126094343367,11.23559284210205,0.0043244461039197634,0.32647645168865547,0.005635252688080072,-0.41514191329479216,0.4219389945268632,0.12293645299251793,12.216117858886719,0.002728853054067709,0.3286438032649329,6.912415847182274e-05,-0.4111679196357727,0.4254027307033539,0.24809090648164547,13.249628067016602,0.00029151841961183556,0.33020017264915336,0.0009853985393419862,-0.42444199323654175,0.42837987244129183,0.5047474944798904,14.240055084228516,-0.0007523241340960729,0.33307074309034596,-0.0009491390082985163,-0.42546466886997225,0.42916498184204094
F:\Seminario\Seminario-Clustering\datasets\davi\Al Emadi (2019)\Multiclass_Drone_Audio\unknown\4-125072-B-191.wav,Multiclass_Drone_Audio\unknown\4-125072-B-191.wav,al_emadi,4-125072-B-191,1.0216875,0.9081753783401708,7.329929351806641,-0.0017140732117554454,0.3762591420742818,-0.002104757586494088,-0.3190270453691482,0.33027347624301917,0.0758907833300151,7.764801979064941,-0.0001311630832858709,0.10876793707608301,-3.780181577894837e-05,-0.11375129967927933,0.11389603242278101,0.013897614767586192,8.841060638427734,-7.552629234689926e-05,0.03298461898099826,0.00013143103569746017,-0.03476066514849663,0.032989252358675,0.0018475940289469524,10.002771377563477,3.0173841550888895e-05,0.008513438341720324,4.7340523451566696e-05,-0.00936390794813633,0.00891369599848986,0.00018862953328093528,10.80632209777832,-6.226989330888042e-07,0.0019244497126603506,3.321561962366104e-06,-0.0019360564881935715,0.0019343431806191802
F:\Seminario\Seminario-Clustering\datasets\davi\Al Emadi (2019)\Multiclass_Drone_Audio\unknown\1-118559-A-173.wav,Multiclass_Drone_Audio\unknown\1-118559-A-173.wav,al_emadi,1-118559-A-173,1.0216875,0.015149402805023807,6.548391342163086,-5.919451228533256e-06,0.0019824026155897006,3.1207127904053777e-06,-0.0014027687604539097,0.0013213217840529982,0.20105812950307708,7.134127140045166,-0.00022300972073644162,0.007218545766466429,8.539893315173686e-05,-0.005841911444440484,0.00557008539326489,0.18467659316238072,8.42446231842041,0.0003848360092766524,0.004889865873438446,8.3646533312276e-05,-0.0036918185651302338,0.004851427394896746,0.5168722280193436,9.302397727966309,4.817284563265989e-05,0.005808586261589892,2.7930662326980382e-05,-0.0047345846891403195,0.004886998329311611,0.08224364651017481,10.482723236083984,-4.517983734399328e-06,0.001639232845113184,7.895228918641806e-06,-0.0015124347177334129,0.0015074242954142393
F:\Seminario\Seminario-Clustering\datasets\davi\Al Emadi (2019)\Multiclass_Drone_Audio\unknown\5-240671-A-444.wav,Multiclass_Drone_Audio\unknown\5-240671-A-444.wav,al_emadi,5-240671-A-444,0.95975,0.996093244408154,9.023441314697266,-0.004427823964467903,1.3690169030312882,0.056597646325826645,-1.8565033674240112,1.7772609710693361,0.00216769728230718,8.61866283416748,-0.0002815696003862218,0.06386401022312052,0.0006831362843513489,-0.07550323754549026,0.07701308801770212,0.0010435180815986692,9.46577262878418,0.0009365295704341091,0.03139169133984869,0.0016427654772996902,-0.03540034070611,0.037675885856151586,0.0005207580418090181,10.350067138671875,-7.297714804456617e-05,0.01570593892455254,-8.23531299829483e-05,-0.0183491088449955,0.018169548735022543,0.0001747821861311231,11.294806480407715,8.727740448196878e-06,0.006437389694938979,1.7481623217463493e-05,-0.007206594757735729,0.007335202163085344
F:\Seminario\Seminario-Clustering\datasets\davi\Al Emadi (2019)\Multiclass_Drone_Audio\unknown\5-160614-A-480.wav,Multiclass_Drone_Audio\unknown\5-160614-A-480.wav,al_emadi,5-160614-A-480,1.0216875,0.33986260235560983,8.858417510986328,0.00010540887512248552,0.032247751250894685,-0.0009250595467165112,-0.03909567445516586,0.04014393948018551,0.011043302460645091,8.576742172241211,-0.00023598000795917542,0.005808198118344055,-0.0004525045369518921,-0.006799358688294887,0.006549151055514813,0.007036770826609088,7.528545379638672,-6.955933659193574e-05,0.0032875727573603887,-5.2413226512726396e-05,-0.003102920250967145,0.002990933833643794,0.5629221014270859,9.980830192565918,1.1259808686932758e-05,0.020819576785087262,-8.509094186592847e-06,-0.025553816184401508,0.025120236724615098,0.07913522293005018,10.94018840789795,7.236161480254307e-06,0.005522422965005839,-2.884043396989e-06,-0.0066296623554080725,0.006537882983684541
F:\Seminario\Seminario-Clustering\datasets\davi\Al Emadi (2019)\Multiclass_Drone_Audio\bebop_1\B_S2_D1_096-bebop_004_.wav,Multiclass_Drone_Audio\bebop_1\B_S2_D1_096-bebop_004_.wav,al_emadi,B_S2_D1_096-bebop_004,1.024,0.9281304786735299,8.37173080444336,0.0002470837133059408,0.7312730307378132,-0.0015932394890114665,-0.865784615278244,0.81557297706604,0.02269279599547795,7.667227268218994,-7.841472299417568e-05,0.11434547182245379,0.0024075268302112818,-0.10066809952259063,0.09601802602410313,0.01006873986255338,9.858377456665039,-0.0010885008886952741,0.053964506143533285,0.0004187203012406826,-0.06761746108531952,0.06644307971000675,0.020795132260077242,10.926461219787598,0.0003681079163145672,0.0549019982833191,-2.1680723875761032e-05,-0.06934727281332015,0.07042624801397324,0.018312853208361516,11.914414405822754,-0.00012298479755081947,0.0364493232235059,-0.0001217316894326359,-0.04692820645868778,0.045678937807679176
F:\Seminario\Seminario-Clustering\datasets\davi\Al Emadi (2019)\Multiclass_Drone_Audio\unknown\2-104476-A-370.wav,Multiclass_Drone_Audio\unknown\2-104476-A-370.wav,al_emadi,2-104476-A-370,1.0216875,0.0005820233172852029,2.3136653900146484,0.00041240869862997333,0.009659140242887389,1.257882900063123e-06,-0.0008128039538860321,0.0007879311626311393,0.00023674454508217896,7.813076496124268,-3.127491746836225e-05,0.006165924007666766,-3.4323675208725035e-06,-0.007784208608791232,0.008243555948138238,0.004182866358612747,9.352245330810547,-2.290288939384118e-05,0.018366913922452502,3.129297692794353e-05,-0.022147968411445618,0.023936137557029724,0.06286508550686624,10.389434814453125,-6.184804426522793e-06,0.05040414455106087,-0.0002890907635446638,-0.05947282090783119,0.07242649495601657,0.9321332802721536,11.38955020904541,3.724737571597402e-05,0.1373086244815064,-5.2554169087670743e-05,-0.19732655137777327,0.19136546403169635
F:\Seminario\Seminario-Clustering\datasets\davi\Al Emadi (2019)\Multiclass_Drone_Audio\unknown\3-138114-A-224.wav,Multiclass_Drone_Audio\unknown\3-138114-A-224.wav,al_emadi,3-138114-A-224,0.95975,0.030363274179739882,7.936946868896484,-0.002518595763079751,0.08873044185851706,-0.0008784672827459872,-0.09392424747347831,0.08702170103788377,0.16624748676089704,7.196953773498535,0.0006788012742166877,0.20770571443203045,0.001829461194574833,-0.19289695769548415,0.18446218222379698,0.4631015666911382,8.202706336975098,0.0037248365854826086,0.24567347457246813,0.006973824929445982,-0.2168355345726013,0.23030526041984567,0.2996584302685086,9.591617584228516,0.0010080029855143783,0.13991513949019557,0.0008475319482386112,-0.13675934374332427,0.13413879573345178,0.04062924209971626,10.032556533813477,-0.00019029597145340157,0.036449132566920686,8.571171201765537e-05,-0.03210973478853703,0.032255887240171456
F:\Seminario\Seminario-Clustering\datasets\davi\Al Emadi (2019)\Multiclass_Drone_Audio\unknown\2-106486-A-440.wav,Multiclass_Drone_Audio\unknown\2-106486-A-440.wav,al_emadi,2-106486-A-440,1.0216875,0.7362778270683781,8.964814186096191,0.0003035453784797178,0.07377309892892739,0.0035988232120871544,-0.09494595378637313,0.09432721659541132,0.052374320827764456,8.840519905090332,3.069006224463522e-05,0.01967612276113536,0.000401157361920923,-0.02469617035239935,0.0234585838392377,0.11185118523219373,9.76908016204834,-0.0005344075969710872,0.02036983543391738,-0.000494221574626863,-0.025500167161226273,0.023832686245441437,0.06837658412344791,10.809375762939453,-3.701832922204083e-06,0.01127800409097134,0.00010346525232307613,-0.013783915154635906,0.014216863177716737,0.031120082748215795,11.822546005249023,-1.3810824612437734e-05,0.005382633878567602,4.9724854761734605e-05,-0.006860137544572353,0.006607475643977524
F:\Seminario\Seminario-Clustering\datasets\davi\Al Emadi (2019)\Multiclass_Drone_Audio\unknown\2-69131-A-54.wav,Multiclass_Drone_Audio\unknown\2-69131-A-54.wav,al_emadi,2-69131-A-54,0.95975,0.04409902093981084,3.3402836322784424,0.0006219129997677653,0.012434671422462473,-1.2029809113300871e-05,-0.002064755861647427,0.002160705206915737,0.49163288098167746,5.288699150085449,-0.0007280760012099751,0.04156388688674238,1.8511278540245257e-05,-0.001592231576796621,0.0015541879110969603,0.431399325035812,6.0145721435546875,-5.61228188498042e-05,0.02759929513626727,-5.098370820633136e-06,-0.001175212813541293,0.001196905598044396,0.03222984980066052,6.040416240692139,-3.815421490697342e-06,0.005340487225675512,-3.2634306990075856e-07,-0.0003732615616172552,0.0003629118436947462,0.0006389232420391304,6.803126811981201,3.7563288662333194e-07,0.0005319699181829381,2.5560615313224844e-07,-6.971631009946577e-05,6.760688775102611e-05
F:\Seminario\Seminario-Clustering\datasets\davi\Al Emadi (2019)\Multiclass_Drone_Audio\unknown\3-108677-A-181.wav,Multiclass_Drone_Audio\unknown\3-108677-A-181.wav,al_emadi,3-108677-A-181,1.0216875,0.6077012487009873,6.187392234802246,-0.00017794782450225276,0.04683579970025806,0.00033827716833911836,-0.03185791000723839,0.027222591266036038,0.11419148458486265,6.877610683441162,-0.00016986613600591545,0.020301944432681223,1.9420967873884365e-05,-0.01526797730475664,0.01544666979461909,0.11859173756965104,8.644266128540039,-4.312762108944557e-05,0.014662131952361577,-1.3966680853627622e-05,-0.016105961054563522,0.015402664430439472,0.10178120089413095,9.27468490600586,0.000201983150275815,0.009613281496513627,1.0057578037958592e-05,-0.008131807669997212,0.009218363277614121,0.05773432825036802,10.029731750488281,-2.8134544054682262e-05,0.005123203011647511,1.3779717846773565e-06,-0.004216284584254026,0.004058127151802183
F:\Seminario\Seminario-Clustering\datasets\davi\Al Emadi (2019)\Multiclass_Drone_Audio\unknown\2-108766-A-90.wav,Multiclass_Drone_Audio\unknown\2-108766-A-90.wav,al_emadi,2-108766-A-90,1.0216875,0.022253297517210703,8.756134986877441,-0.009679753441240377,0.10330716609318735,-0.00892485911026597,-0.13534729778766633,0.10892520323395735,0.1569450267886517,7.940123081207275,-0.023025000787812548,0.27458934848663274,-0.008120881393551826,-0.3300079584121704,0.21857816129922872,0.7403872455884261,8.931295394897461,0.0015069461951781743,0.4241249912332029,0.0004388000816106796,-0.4634273052215576,0.4802473783493042,0.07627042348913787,10.068962097167969,0.0001392024499920249,0.09636220428781242,0.0005203047767281532,-0.1191640481352806,0.11494569480419164,0.004144006616573699,10.717742919921875,-1.9547170207919978e-05,0.01589045514319916,-1.060875365510583e-05,-0.015178896393626929,0.015195363480597735
F:\Seminario\Seminario-Clustering\datasets\davi\Al Emadi (2019)\Multiclass_Drone_Audio\unknown\3-164216-A-61.wav,Multiclass_Drone_Audio\unknown\3-164216-A-61.wav,al_emadi,3-164216-A-61,1.0216875,0.017019022570155726,8.395345687866211,0.005657729089827485,0.01414577767294499,0.004510805010795593,-0.007657772535458207,0.022268383391201498,0.38884261816205246,6.567774772644043,6.443881168450795e-05,0.07282309315618307,6.990736073930748e-05,-0.045212696120142934,0.03999061435461046,0.5626055005574846,7.473078727722168,-4.850789509776164e-05,0.062075468593235206,1.5972123946994543e-05,-0.03838108479976654,0.038302693516016006,0.029841034227726982,8.472646713256836,4.234824265717582e-06,0.01012015085416069,7.454784281435423e-06,-0.005953290034085512,0.005651008151471619,0.0016918244825803108,9.42181396484375,1.3031448200225917e-06,0.0017047273323088556,4.007128154626116e-06,-0.0009664421435445547,0.0009751079487614334
F:\Seminario\Seminario-Clustering\datasets\davi\Al Emadi (2019)\Multiclass_Drone_Audio\unknown\2-61311-A-124.wav,Multiclass_Drone_Audio\unknown\2-61311-A-124.wav,al_emadi,2-61311-A-124,0.95975,0.9676940524635833,8.917229652404785,-0.0006731723559455569,0.058371126832201616,0.0026137118693441153,-0.07346800565719605,0.07405650466680527,0.012068567108245781,8.780731201171875,-7.501886526475303e-05,0.0065186401551469144,7.088229176588356e-05,-0.008275069016963243,0.007870711199939252,0.0028345082580437885,9.018104553222656,2.4598438545599237e-06,0.0022392022741696163,-1.4551544154528528e-05,-0.0024860025383532046,0.002420096192508936,0.011395030632912658,7.324311256408691,-2.2653569007225287e-05,0.003178294387775195,-2.6510911993682384e-05,-0.0018807779531925914,0.0016828170511871577,0.006007841537214429,7.9533586502075195,1.419356351517476e-06,0.0016327417815423261,-1.964741386473179e-06,-0.0008095542434602976,0.0008169759414158777
F:\Seminario\Seminario-Clustering\datasets\davi\Al Emadi (2019)\Multiclass_Drone_Audio\unknown\4-165813-B-190.wav,Multiclass_Drone_Audio\unknown\4-165813-B-190.wav,al_emadi,4-165813-B-190,1.0216875,0.9539380950624704,7.929694175720215,-0.013057762662907249,0.9056654246427651,-0.0008871733443811536,-0.9533758819103241,0.9768609166145328,0.03914964678819715,8.370018005371094,0.0014463301182349295,0.18348613212176956,-0.003371829050593078,-0.21498432904481887,0.22154402285814284,0.0064518829387016615,9.394749641418457,-0.00011274595664592069,0.05278747002244728,-0.000988781452178955,-0.05919540673494339,0.0622265599668026,0.00045263068438225495,10.243085861206055,-4.1959651880900995e-07,0.009897432644780442,4.6507688239216805e-05,-0.011029008217155934,0.011280773207545287,7.744526248479695e-06,10.121264457702637,-1.2662397575711219e-06,0.0009158933334516608,9.057112038135529e-08,-0.0009228123992215842,0.0008941700449213388
F:\Seminario\Seminario-Clustering\datasets\davi\Al Emadi (2019)\Multiclass_Drone_Audio\unknown\1-13571-A-464.wav,Multiclass_Drone_Audio\unknown\1-13571-A-464.wav,al_emadi,1-13571-A-464,0.95975,0.2130009319365347,8.805761337280273,0.020699633168807532,0.42648739186758616,0.043329283595085144,-0.5187063097953797,0.5489929735660556,0.5411263566837443,7.784041881561279,0.0010543592229210349,0.680573739746414,-0.0020172116928733885,-0.6223962008953094,0.6476515412330629,0.19935632770442557,8.608510971069336,-0.0006023920520552403,0.29277722696810904,-0.002287506125867367,-0.2438955664634704,0.2547302365303042,0.0441335220747433,9.495308876037598,-0.0004674056099562134,0.09752033242005345,-0.0012666652910411358,-0.08081806302070617,0.08019494414329524,0.0023828616005521727,10.241841316223145,1.2219485250351123e-06,0.016031578934157065,3.749830648303032e-05,-0.012439776677638292,0.01204411257058382
F:\Seminario\Seminario-Clustering\datasets\davi\Al Emadi (2019)\Multiclass_Drone_Audio\membo_1\mixed_membo_60-membo_000_.wav,Multiclass_Drone_Audio\membo_1\mixed_membo_60-membo_000_.wav,al_emadi,mixed_membo_60-membo_000,1.024,0.16278042219569896,8.911352157592773,-0.0008278499727291705,0.15737696586212235,0.001073806604836136,-0.20118308365345,0.1973175510764122,0.7404270701228239,8.950788497924805,0.0004938699505512978,0.335650098524605,0.0047844331711530685,-0.4455265313386917,0.44055832624435415,0.08265624915643326,9.978599548339844,3.865904655135316e-05,0.07947267485883283,-0.0016233745263889432,-0.10207042694091797,0.10350111275911332,0.009339877564112982,10.899768829345703,0.00016447032836302983,0.01890785630399724,2.9872870072722435e-05,-0.024278153479099274,0.024326003901660443,0.004796380960930853,11.870616912841797,1.6973923453142654e-05,0.009586081762830614,-8.820738003123552e-05,-0.012095075100660324,0.01208092924207449
F:\Seminario\Seminario-Clustering\datasets\davi\Al Emadi (2019)\Multiclass_Drone_Audio\unknown\2-78651-A-440.wav,Multiclass_Drone_Audio\unknown\2-78651-A-440.wav,al_emadi,2-78651-A-440,1.0216875,0.5825336775185221,7.324898719787598,-0.0008742190170151552,0.22315692320304661,-0.0027938038110733032,-0.1758087933063507,0.17238758802413942,0.04112806500672478,6.185533046722412,0.00025581278060042995,0.05929502881730067,0.001303692872170359,-0.034736899286508555,0.03479343727231026,0.22939204901021487,7.149325370788574,-0.00028330687167303913,0.09923762290344404,-0.00038732599932700396,-0.053528569638729095,0.05111200734972954,0.08812612002971078,7.154280185699463,-0.0003147190437343029,0.04354034810978122,-3.316428046673536e-05,-0.021852106228470797,0.021153874322772027,0.05882008843482746,7.687769889831543,0.00018773962135937346,0.025165119348123256,-2.7913192752748728e-05,-0.008445392083376645,0.008659755159169436
F:\Seminario\Seminario-Clustering\datasets\davi\Al Emadi (2019)\Multiclass_Drone_Audio\membo_1\Membo_1_048-membo_000_.wav,Multiclass_Drone_Audio\membo_1\Membo_1_048-membo_000_.wav,al_emadi,Membo_1_048-membo_000,1.024,0.7767636199366136,8.239969253540039,0.000393602555571891,0.18136884041630238,0.001772030838765204,-0.1947703897953033,0.19691871553659437,0.02147705177512491,9.002233505249023,0.00010695031901271906,0.03015809243206719,0.0008181978482753038,-0.038425661996006964,0.039380960166454315,0.0426729843876468,9.730768203735352,0.00040932464597598307,0.030122403227251432,0.0013496284373104572,-0.03687958344817162,0.036889384686946886,0.06926243507070524,10.596091270446777,-0.00021976558145349968,0.0271641405158469,-0.0007031015120446682,-0.03245825879275799,0.03193796873092652,0.08982390882990947,11.532829284667969,-1.1921840772120689e-05,0.02188537738858493,0.00016223540296778083,-0.02546783909201622,0.025061930529773235
F:\Seminario\Seminario-Clustering\datasets\davi\Al Emadi (2019)\Multiclass_Drone_Audio\bebop_1\B_S2_D1_102-bebop_002_.wav,Multiclass_Drone_Audio\bebop_1\B_S2_D1_102-bebop_002_.wav,al_emadi,B_S2_D1_102-bebop_002,1.024,0.8282547286798102,8.121393203735352,-0.005619692748654796,0.49051965517275914,-0.008590885903686285,-0.5475241005420685,0.5219308197498321,0.01607808792519554,8.964054107666016,-9.504813983379466e-05,0.06834704502449905,0.002182460972107947,-0.09141892567276955,0.08554921969771384,0.04140661815532623,9.970003128051758,0.002351070298312499,0.07769141241218167,0.0034384471364319324,-0.10021864175796509,0.10033511817455291,0.06562712640180993,10.937371253967285,-0.0005996915814915181,0.06925806963242517,-0.00011195149272680283,-0.09016665816307068,0.08934445455670358,0.048633438837858096,11.907977104187012,-0.0001242232729778616,0.04218008227457427,-8.819939102977514e-05,-0.05464688315987587,0.0532079990953207
F:\Seminario\Seminario-Clustering\datasets\davi\Al Emadi (2019)\Multiclass_Drone_Audio\unknown\2-91912-B-331.wav,Multiclass_Drone_Audio\unknown\2-91912-B-331.wav,al_emadi,2-91912-B-331,1.0216875,0.7564954817787444,9.044103622436523,-0.0003638043730532145,0.019366612029339744,-0.0006629811832681298,-0.02431009467691183,0.02430224735289812,0.06619837107703669,7.723472595214844,0.0001592879571370697,0.0057277346831037515,4.5821594540029764e-05,-0.005212264787405729,0.005397915467619897,0.07801352017085615,7.631134033203125,3.361361871694658e-05,0.004407935240623443,-4.41106385551393e-06,-0.002945043845102191,0.003085792064666748,0.07276533266756911,6.875471591949463,7.612904486145265e-06,0.003013600871816649,-8.903247362468392e-06,-0.0013900685124099252,0.0012929028598591687,0.02652729430579364,6.926050186157227,6.92726165277849e-07,0.0012872668217861689,3.3642500056885183e-06,-0.000495284132193774,0.0004980177385732532
F:\Seminario\Seminario-Clustering\datasets\davi\Al Emadi (2019)\Multiclass_Drone_Audio\unknown\4-164064-B-14.wav,Multiclass_Drone_Audio\unknown\4-164064-B-14.wav,al_emadi,4-164064-B-14,0.95975,0.0,-0.0,0.0,0.0,0.0,0.0,0.0,0.0,-0.0,0.0,0.0,0.0,0.0,0.0,0.0,-0.0,0.0,0.0,0.0,0.0,0.0,0.0,-0.0,0.0,0.0,0.0,0.0,0.0,0.0,-0.0,0.0,0.0,0.0,0.0,0.0
F:\Seminario\Seminario-Clustering\datasets\davi\Al Emadi (2019)\Multiclass_Drone_Audio\unknown\2-60791-A-261.wav,Multiclass_Drone_Audio\unknown\2-60791-A-261.wav,al_emadi,2-60791-A-261,1.0216875,0.1561856344158838,8.846052169799805,1.3956480243613997e-06,0.14972101267669471,0.00026901182718575,-0.18059701174497603,0.18903135657310485,0.6898143986173286,8.480321884155273,0.0016413830890935094,0.3146461550519916,0.011559657752513885,-0.3616086959838867,0.3803438097238541,0.1288316830949268,9.417314529418945,0.0015607158626363441,0.09635014194104242,0.000515838386490941,-0.10365772247314453,0.11518167704343796,0.021101269983156142,10.136394500732422,0.0002111748379366263,0.027605875974892856,0.0007536844350397587,-0.030585737526416776,0.02860073931515218,0.004067013888704649,11.32650375366211,-1.2582518199682095e-07,0.008574229568130993,1.3372744433581829e-05,-0.009579943493008614,0.009547164663672449
F:\Seminario\Seminario-Clustering\datasets\davi\Al Emadi (2019)\Multiclass_Drone_Audio\membo_1\Membo_2_017-membo_003_.wav,Multiclass_Drone_Audio\membo_1\Membo_2_017-membo_003_.wav,al_emadi,Membo_2_017-membo_003,1.024,0.5244001218591459,9.33964729309082,-0.00013538241374456186,0.07428979485019284,0.0011789606069214642,-0.09916014820337296,0.09873115494847297,0.04779188140249004,9.062941551208496,0.0001868199563947102,0.02242644746424277,-0.0004881838394794613,-0.02808338366448879,0.030835845321416852,0.04389002566054457,9.974273681640625,3.0671776839704174e-06,0.015230540389939269,4.7456560423597693e-05,-0.019291126728057863,0.01931416653096676,0.12015290268258214,10.936837196350098,-0.00021673795062740562,0.01783510120118809,1.8533944967202842e-05,-0.023118015564978122,0.022608551010489465,0.2637650683952374,11.900289535522461,-2.5916752335077128e-06,0.01869588380218858,-5.1572773372754455e-05,-0.023710439912974834,0.0238986574113369
F:\Seminario\Seminario-Clustering\datasets\davi\Al Emadi (2019)\Multiclass_Drone_Audio\unknown\2-209477-A-254.wav,Multiclass_Drone_Audio\unknown\2-209477-A-254.wav,al_emadi,2-209477-A-254,0.95975,0.5809815046561898,6.537454605102539,-0.03437508150551171,0.14058384380678166,-0.034747371450066566,-0.0977977193892002,0.0413104616105557,0.1925579898256415,6.502628326416016,0.0023511863065578827,0.08328591602139829,0.0002303190849488601,-0.050607423484325405,0.05896866619586946,0.12295167796285958,7.047060012817383,-0.0001445444926046243,0.04718737810999519,0.00012490147491917014,-0.02729586251080036,0.025800565257668526,0.04799837233000358,6.9988203048706055,3.119631495395032e-05,0.020872097572036903,-2.802944800350815e-05,-0.009850305691361427,0.010214390233159064,0.055510455225305545,5.8669891357421875,-0.00011669778703258324,0.015879616896196352,2.0149345800746232e-06,-0.005282722553238273,0.0055238511413335896
F:\Seminario\Seminario-Clustering\datasets\davi\Al Emadi (2019)\Multiclass_Drone_Audio\unknown\4-167155-A-323.wav,Multiclass_Drone_Audio\unknown\4-167155-A-323.wav,al_emadi,4-167155-A-323,1.0216875,0.19677893936180235,8.587242126464844,-0.00024975237541988003,0.016460694765622532,0.0002108586995746009,-0.020190666429698467,0.018625406920909884,0.03723699426248989,7.382142066955566,0.0002907400827310093,0.0071554664924526785,0.00019481248455122113,-0.00556647484190762,0.006646987004205585,0.12751570675473076,6.571791648864746,-0.00036381733863925575,0.009384266462624618,-1.8127058865502477e-05,-0.004423803649842739,0.0045640962198376656,0.49607632899248455,6.719908714294434,8.753857443842205e-06,0.013112355992600752,8.42172812554054e-06,-0.004569448996335267,0.004432200454175474,0.14239203062849243,7.928134918212891,1.935280699121714e-07,0.004969889342735802,-1.0955900506814942e-06,-0.0016095414757728577,0.0016206550295464696
F:\Seminario\Seminario-Clustering\datasets\davi\Al Emadi (2019)\Multiclass_Drone_Audio\unknown\5-254832-A-153.wav,Multiclass_Drone_Audio\unknown\5-254832-A-153.wav,al_emadi,5-254832-A-153,1.0216875,0.1830863531449205,8.368851661682129,-0.000196296682696308,0.006839364111298522,-0.0007901468488853425,-0.007791502680629492,0.008129518479108812,0.005012600369520055,7.344446659088135,-1.2924528224193107e-05,0.0011320608482068418,-5.457208681036718e-05,-0.0009431436483282596,0.0009783737128600477,0.5968418248367767,6.875876426696777,-4.010127608509932e-06,0.008754511459907922,-5.037964001530781e-07,-0.00240105832926929,0.002654692158102989,0.17451097990234593,7.560529708862305,-8.509293059953008e-06,0.0033509987352782367,1.5045770851429552e-07,-0.0011413847096264362,0.000966220512054861,0.04054824174643677,8.162440299987793,2.3296029545441763e-06,0.0011427381214502057,-7.728190212219488e-07,-0.0004278313717804849,0.00042471521592233333
F:\Seminario\Seminario-Clustering\datasets\davi\Al Emadi (2019)\Multiclass_Drone_Audio\unknown\3-102583-A-493.wav,Multiclass_Drone_Audio\unknown\3-102583-A-493.wav,al_emadi,3-102583-A-493,1.0216875,0.32347644905042516,7.59705924987793,0.0002851671856810798,0.07491695835110754,0.000906299042981118,-0.06631173640489578,0.06086926721036436,0.37683773899643197,6.39310884475708,0.0013890373155059862,0.08084908149603691,0.0010713210795074701,-0.03365276604890823,0.041191645711660396,0.20796949230573086,7.847764015197754,-6.40044339474673e-05,0.04256935741119802,-6.628721894230694e-05,-0.026168890297412872,0.024752970784902573,0.07569932056867802,8.874425888061523,0.0003052298081504236,0.018177933354631248,8.619390428066254e-05,-0.010520436242222785,0.011598945781588557,0.016016999078733968,9.966289520263672,5.845075162935332e-06,0.005916261897194057,-7.055441983538913e-06,-0.003943722462281585,0.004147224454209208
F:\Seminario\Seminario-Clustering\datasets\davi\Al Emadi (2019)\Multiclass_Drone_Audio\unknown\2-70366-A-331.wav,Multiclass_Drone_Audio\unknown\2-70366-A-331.wav,al_emadi,2-70366-A-331,1.0216875,0.3434389356859938,6.888667583465576,-0.00393617607390606,0.08870668115902841,0.0,-0.08276872783899307,0.05964744836091996,0.3313024314416438,6.889089107513428,0.00024946492670710176,0.08721059306406138,0.0,-0.05705736055970191,0.06141241192817699,0.2052114733347794,8.053549766540527,0.0010360491721836443,0.04862916172105467,0.0,-0.029485194012522697,0.0342697910964489,0.08675548866246095,8.76390266418457,0.0004287125162139646,0.022383361648724842,0.0,-0.010977396741509436,0.012219643406569967,0.033291670875122026,9.745235443115234,-1.1261683256292091e-05,0.009811180919244556,0.0,-0.005421191174536943,0.004885471146553757
F:\Seminario\Seminario-Clustering\datasets\davi\Al Emadi (2019)\Multiclass_Drone_Audio\unknown\4-172377-A-171.wav,Multiclass_Drone_Audio\unknown\4-172377-A-171.wav,al_emadi,4-172377-A-171,1.0216875,0.09368051838195571,8.203901290893555,1.597728466220678e-05,0.002593795372935059,-4.439581744009047e-06,-0.002598833804950118,0.0027779843192547574,0.19984143703191637,7.52195405960083,2.7019964331928844e-05,0.0037883580898853382,-4.00920271204086e-05,-0.0033568572020158164,0.0033297744812443852,0.27019837820692355,8.255071640014648,-3.6148063360293446e-05,0.00312152862663719,-1.023478398565203e-05,-0.002741882111877203,0.002589084906503558,0.309393435711683,9.17624568939209,1.5577053229775066e-05,0.0023646297942121783,4.962911930306291e-07,-0.002053281851112842,0.001972025632858277,0.12688623066752133,10.539186477661133,4.351463392212163e-06,0.0010713170986422175,9.08258289200603e-06,-0.0009737350686918944,0.0009752553305588667
F:\Seminario\Seminario-Clustering\datasets\davi\Al Emadi (2019)\Multiclass_Drone_Audio\unknown\5-223317-A-312.wav,Multiclass_Drone_Audio\unknown\5-223317-A-312.wav,al_emadi,5-223317-A-312,0.97525,0.9661518114006541,9.648239135742188,-0.15633186655894057,0.05608217369108163,-0.15834110975265503,-0.22550787031650543,-0.07970204502344129,0.0005297838174144533,5.014691352844238,-3.713120370397452e-05,0.0038890389568076644,-5.0211790949106216e-05,-0.002434594230726361,0.002101015392690897,0.0005077265659410182,6.105576515197754,0.00010721491447833497,0.002695596325959083,3.531854599714279e-05,-0.0013325577951036392,0.001423455192707479,0.010335833578974567,4.937032699584961,8.351923261407027e-06,0.008616687376234894,1.3964949175715446e-05,-0.00136403595097363,0.001417456800118089,0.022474844637015913,5.805722236633301,2.2154656689049847e-05,0.008989224905825932,1.5368132153525949e-06,-0.0008375592296943069,0.0008214974659495056
F:\Seminario\Seminario-Clustering\datasets\davi\Al Emadi (2019)\Multiclass_Drone_Audio\unknown\2-50668-B-411.wav,Multiclass_Drone_Audio\unknown\2-50668-B-411.wav,al_emadi,2-50668-B-411,1.0216875,0.619195416974132,8.40455436706543,0.003977315264835375,0.3951541268520369,-0.0074299173429608345,-0.4527187794446945,0.4456860333681107,0.06471250141650467,8.139711380004883,0.0016917663326857667,0.12774110353656723,0.004096441902220249,-0.13059138506650922,0.13391953855752947,0.057285844547318734,9.585235595703125,0.0007899027778201716,0.08517564169960452,0.001978422049432993,-0.09836763143539429,0.10048239678144455,0.14694931747282283,10.613408088684082,-0.0006779242840522674,0.09657071943631215,-0.0026150329504162073,-0.11717899292707443,0.11486836820840837,0.1118569195892217,11.733186721801758,-9.286690274464225e-05,0.05960745771116167,-0.0004542528768070042,-0.07314953804016112,0.07299670577049257
F:\Seminario\Seminario-Clustering\datasets\davi\Al Emadi (2019)\Multiclass_Drone_Audio\unknown\2-209477-A-250.wav,Multiclass_Drone_Audio\unknown\2-209477-A-250.wav,al_emadi,2-209477-A-250,1.0216875,0.6613273580651489,7.68017578125,-0.03466679494807076,0.08772565055952093,-0.034908099099993706,-0.11272560432553291,0.03423314094543459,0.1929598503829348,6.552641868591309,-0.0017945713157883113,0.050920372301214725,-0.00032803141220938414,-0.03824776038527489,0.033456989750266085,0.09279842472892603,7.1034135818481445,-0.00027263359564883466,0.025038480034011126,-1.2087635695934296e-05,-0.017964502796530724,0.016769738867878914,0.03230352909954457,8.97821044921875,-0.0001302582304056518,0.010457230327874623,-0.00016689635231159627,-0.009165726229548454,0.008193479850888256,0.020610837723445685,9.131386756896973,1.1008999850274688e-05,0.005909758708273436,-2.211009996244684e-05,-0.004777018120512366,0.004869801457971335
