filepath,relative_path,dataset,group_id,duration_seconds,approx_L5_relative_energy,approx_L5_shannon_entropy,approx_L5_mean,approx_L5_std,approx_L5_median,approx_L5_p10,approx_L5_p90,detail_L5_relative_energy,detail_L5_shannon_entropy,detail_L5_mean,detail_L5_std,detail_L5_median,detail_L5_p10,detail_L5_p90,detail_L4_relative_energy,detail_L4_shannon_entropy,detail_L4_mean,detail_L4_std,detail_L4_median,detail_L4_p10,detail_L4_p90,detail_L3_relative_energy,detail_L3_shannon_entropy,detail_L3_mean,detail_L3_std,detail_L3_median,detail_L3_p10,detail_L3_p90,detail_L2_relative_energy,detail_L2_shannon_entropy,detail_L2_mean,detail_L2_std,detail_L2_median,detail_L2_p10,detail_L2_p90,detail_L1_relative_energy,detail_L1_shannon_entropy,detail_L1_mean,detail_L1_std,detail_L1_median,detail_L1_p10,detail_L1_p90
F:\Seminario\Seminario-Clustering\datasets\davi\Al Emadi (2019)\Multiclass_Drone_Audio\unknown\1-40730-A-10.wav,Multiclass_Drone_Audio\unknown\1-40730-A-10.wav,al_emadi,1-40730-A-10,1.0216875,0.003520705377539514,5.674033164978027,0.0027100706068353955,0.056850629959627134,0.003034807974472642,-0.0402710348367691,0.04624640941619873,0.0016267041938292472,7.1444993019104,0.0011409932681872973,0.038670400141324716,0.00023577896354254335,-0.04220712706446648,0.04616248905658722,0.5199277024568493,6.7017130851745605,0.05614112467002522,0.4872702838612028,0.0005348134727682918,-0.19626834839582444,0.2859428703784945,0.3789695507233298,7.9948410987854,-0.008952051624135399,0.29647759741841057,-0.0005332236760295928,-0.2227984994649887,0.2207486301660538,0.09088225665921329,10.230833053588867,0.0006747237590881953,0.10278292679208124,-8.230943876696983e-06,-0.12040659710764884,0.12479342371225359,0.005073080589238878,10.829292297363281,-6.308409539454001e-06,0.017178983694774826,-4.045214154757559e-06,-0.017706656083464622,0.018238113820552827
F:\Seminario\Seminario-Clustering\datasets\davi\Al Emadi (2019)\Multiclass_Drone_Audio\unknown\3-71964-A-44.wav,Multiclass_Drone_Audio\unknown\3-71964-A-44.wav,al_emadi,3-71964-A-44,0.95975,0.00840615727580998,6.059709548950195,-0.0031130182517104623,0.0416860168920693,-0.0012008777121081948,-0.037984080612659454,0.0369412824511528,0.0002554148766309375,3.827871084213257,0.00030101510395074104,0.007280336296550019,-1.6164194676093757e-06,-0.003898133058100939,0.004238235065713525,0.004624747227298691,6.150745391845703,9.290137742229064e-05,0.021992212907849123,-3.158045728923753e-06,-0.004790609935298562,0.0045063921716064215,0.3793491458175884,7.086278438568115,0.0021354992524616786,0.14108205872998597,-5.458423402160406e-08,-0.010257055982947348,0.013673163391649779,0.587109820176331,7.889501571655273,-1.474945280259042e-05,0.12421823879502204,3.046261554118246e-08,-0.010668237507343291,0.011817608959972862,0.020254714626341,8.790363311767578,1.7997620676688523e-05,0.016321921497740588,-2.186947313020937e-06,-0.00148452736902982,0.0013450696133077145
F:\Seminario\Seminario-Clustering\datasets\davi\Al Emadi (2019)\Multiclass_Drone_Audio\unknown\4-161099-B-473.wav,Multiclass_Drone_Audio\unknown\4-161099-B-473.wav,al_emadi,4-161099-B-473,1.0216875,0.10051318024603266,7.817293167114258,0.003392656803909307,0.22186496616940918,-0.004121944308280945,-0.28647454977035525,0.2793092668056489,0.3660322446272227,7.848732948303223,0.007081334874109587,0.4233766580559992,0.008245655335485935,-0.5798072934150695,0.49761721491813665,0.3545084517479292,8.817048072814941,-0.0005658313868324324,0.2955215738282085,-0.0001381265465170145,-0.37091573476791384,0.3690012156963348,0.12994863102455337,9.61875057220459,0.0022807096135350315,0.12671201171738117,-0.001007287297397852,-0.14203214645385742,0.15614659488201146,0.0428654152545797,10.624615669250488,0.00020015551438084,0.051505747167559526,-0.0004373926931293681,-0.06115636713802814,0.06096942573785782,0.006132077099682325,11.43643569946289,-1.6847330012023986e-06,0.013780978339911362,-1.4793360605835915e-05,-0.015773717314004898,0.01540657039731741
F:\Seminario\Seminario-Clustering\datasets\davi\Al Emadi (2019)\Multiclass_Drone_Audio\unknown\4-188191-A-293.wav,Multiclass_Drone_Audio\unknown\4-188191-A-293.wav,al_emadi,4-188191-A-293,1.0216875,0.01969075367842617,5.5821757316589355,-3.062930701413821e-05,0.01669523473252529,-9.956644498743117e-05,-0.007283174805343151,0.008423642441630382,0.2925849534582408,5.694058418273926,-0.007584302162866863,0.06390739658921256,3.044843288080301e-05,-0.051002278923988335,0.015302762947976613,0.6218677308661399,5.593912124633789,0.00013743997504734367,0.06653634551318811,1.1723012448783265e-05,-0.018788238801062108,0.024269866384565842,0.021051307409130363,7.561800956726074,8.910765328682948e-05,0.008670677231057126,1.1451086720626336e-05,-0.0043125406838953485,0.003585756011307241,0.0310266829515735,7.872908592224121,8.60922266460943e-05,0.0074486620023066575,-6.676614020761917e-06,-0.0024539817590266463,0.002706791949458421,0.013778571636489306,8.165746688842773,-7.97400907032366e-06,0.003511651254640731,-8.246161087299697e-07,-0.001102370349690318,0.0010105788242071873
F:\Seminario\Seminario-Clustering\datasets\davi\Al Emadi (2019)\Multiclass_Drone_Audio\bebop_1\mixed_52-bebop_002_.wav,Multiclass_Drone_Audio\bebop_1\mixed_52-bebop_002_.wav,al_emadi,mixed_52-bebop_002,1.024,0.5285415152322122,7.656043529510498,0.007072527462510486,0.22530581664300492,0.00017976801609620452,-0.27187308073043825,0.26388221085071567,0.13876778960014008,7.3010149002075195,0.002417391822303683,0.11547711359714018,0.0014104473521001637,-0.12259684056043625,0.12270680665969849,0.06004431268550743,8.811515808105469,0.0005508208612050155,0.053877348068222766,-0.00181133538717404,-0.06512709408998489,0.07053212523460389,0.06808174221499973,9.997962951660156,7.827924602596314e-05,0.04062804152723891,0.000508499113493599,-0.05390127822756767,0.05148261934518814,0.1139835292838741,10.947181701660156,0.00014697929388300204,0.03720354866758752,-0.00018424232257530093,-0.04708166420459747,0.04816872999072075,0.0905811109832665,11.9266357421875,-8.059732346954816e-05,0.023461369659880486,4.635678487829864e-05,-0.030153122171759597,0.02927917912602425
F:\Seminario\Seminario-Clustering\datasets\davi\Al Emadi (2019)\Multiclass_Drone_Audio\membo_1\Membo_1_043-membo_001_.wav,Multiclass_Drone_Audio\membo_1\Membo_1_043-membo_001_.wav,al_emadi,Membo_1_043-membo_001,1.024,0.3410062898347098,8.286783218383789,-0.0011908418353301794,0.08618226526429955,-0.006412505870684981,-0.11177584677934646,0.11712438464164734,0.012085398040844053,7.950771808624268,-1.5699034727548887e-05,0.01622588676295891,0.0004109041765332222,-0.020675801672041416,0.02025126162916422,0.07011359209582012,8.959090232849121,-5.698508559839203e-05,0.027715621898851517,-0.0009682124655228108,-0.03459478504955769,0.03558888770639897,0.11917643937969714,9.875125885009766,0.0004882865336310958,0.025583439784498067,0.00016716121172066778,-0.03213153332471847,0.0333743542432785,0.21734254084064006,10.773965835571289,-5.689017835862447e-06,0.02445516054268633,4.242040449753404e-05,-0.030220022425055504,0.030175967141985893,0.24027573980828884,11.84420108795166,-1.0103909484871628e-06,0.01818961532166619,-7.851253030821681e-05,-0.022848008573055266,0.02264986485242844
F:\Seminario\Seminario-Clustering\datasets\davi\Al Emadi (2019)\Multiclass_Drone_Audio\bebop_1\mixed_45-bebop_002_.wav,Multiclass_Drone_Audio\bebop_1\mixed_45-bebop_002_.wav,al_emadi,mixed_45-bebop_002,1.024,0.7387159404738572,7.49206018447876,0.0014563006848729715,0.26789991350852044,0.009546492248773575,-0.3280804604291916,0.29043439626693734,0.029594224925088487,7.422205924987793,0.00043696073660605433,0.05362031006963772,0.0013370626838877797,-0.05849275924265385,0.06314478740096093,0.017092068185678697,8.936779022216797,-0.0002801685385491916,0.028897709047025915,0.0008647391223348677,-0.03745752722024918,0.035856574028730395,0.0523945149333628,9.885711669921875,0.0005067870706705102,0.03582650061912687,-0.0001994796039070934,-0.04385657422244549,0.046732437238097196,0.09348194652635443,10.908053398132324,4.387675894762295e-06,0.03387069581973237,0.00029838690534234047,-0.04318339750170708,0.0424826480448246,0.0687213049556583,11.907227516174316,-8.227766755058603e-05,0.02054342571047886,-0.0002977766562253237,-0.026090693846344947,0.02613740041851998
F:\Seminario\Seminario-Clustering\datasets\davi\Al Emadi (2019)\Multiclass_Drone_Audio\unknown\2-104952-A-164.wav,Multiclass_Drone_Audio\unknown\2-104952-A-164.wav,al_emadi,2-104952-A-164,0.95975,0.4486607012548388,7.825583457946777,-0.002075774638737272,0.10888493201996757,-0.004540690220892429,-0.13658611476421356,0.139589823782444,0.451615970229675,7.811836242675781,0.0003481044765411389,0.10926224140479837,-0.00016370163939427584,-0.13983207195997238,0.1353369653224945,0.08604279928364937,8.690999984741211,-5.767613387674837e-05,0.03382781059979358,-0.0004175423237029463,-0.04137860983610153,0.04343463480472565,0.01042745295789373,9.745797157287598,5.54777927547028e-05,0.008341996184787055,3.6704586818814278e-06,-0.010329316183924674,0.010432225652039058,0.0025895632309982713,10.869816780090332,-6.756924953725132e-06,0.0029418887299806564,-6.564499926753342e-06,-0.0038284101290628316,0.0037129699718207133,0.0006635130429448528,11.843491554260254,-2.325018588918071e-07,0.0010534687543231878,-1.8384307622909546e-06,-0.0013354563852772117,0.0013555653858929873
F:\Seminario\Seminario-Clustering\datasets\davi\Al Emadi (2019)\Multiclass_Drone_Audio\unknown\5-194930-A-10.wav,Multiclass_Drone_Audio\unknown\5-194930-A-10.wav,al_emadi,5-194930-A-10,1.0216875,0.002864119931435931,2.0568716526031494,-0.0015681542575591162,0.030573462712620632,-0.00089144246885553,-0.005373091716319322,0.006926205940544615,0.020955656910149865,5.549398422241211,-0.00018637861543841327,0.08280739006607475,1.791006070561707e-06,-0.01185689158737659,0.004742005933076157,0.17208374223846684,6.449838161468506,-0.001407154058813243,0.16827632379965007,3.092281986027956e-11,-0.0028205083683133124,0.01591900382191024,0.7504056427864291,7.4601945877075195,-0.0003356890259750827,0.2489095123654898,5.9117155615240335e-12,-0.002955752145498964,0.0020484748296439705,0.051940090501324566,8.473526954650879,1.6213673534814394e-05,0.046339182206748965,-5.229594535194337e-12,-0.0009074942150618878,0.0009933772031217826,0.0017507476321937422,9.17021369934082,2.773694840349005e-06,0.006018379366211052,4.547473508864641e-13,-0.0003437064588069914,0.0002914047043304898
F:\Seminario\Seminario-Clustering\datasets\davi\Al Emadi (2019)\Multiclass_Drone_Audio\unknown\4-172732-A-364.wav,Multiclass_Drone_Audio\unknown\4-172732-A-364.wav,al_emadi,4-172732-A-364,0.95975,0.03310747030411906,7.4913835525512695,0.010455173788086317,0.21709271280120637,-0.0013775527477264404,-0.23399439454078674,0.2687879353761673,0.4007316447240941,8.237831115722656,-0.005455647731284177,0.7561376076640065,-0.00782339135184884,-1.0173383951187134,0.9671140611171722,0.1955012689259813,8.837292671203613,-0.0012006895916968367,0.3746169717689504,-0.0021967990905977786,-0.4782909154891968,0.4715847223997116,0.1796261386481842,9.799835205078125,-0.004912475201561321,0.25432663970586683,-0.008323967456817627,-0.3253749370574951,0.3119718849658967,0.14911765179223613,10.895851135253906,0.0017983813231013102,0.16400238657458088,0.003958021057769656,-0.214192932844162,0.21141662150621415,0.04191582560538524,11.870038986206055,-0.00034714434749093655,0.06151438139205166,0.0003558963071554899,-0.07997375726699829,0.07929255068302155
F:\Seminario\Seminario-Clustering\datasets\davi\Al Emadi (2019)\Multiclass_Drone_Audio\unknown\1-97793-A-314.wav,Multiclass_Drone_Audio\unknown\1-97793-A-314.wav,al_emadi,1-97793-A-314,0.95975,0.0,-0.0,0.0,0.0,0.0,0.0,0.0,0.0,-0.0,0.0,0.0,0.0,0.0,0.0,0.0,-0.0,0.0,0.0,0.0,0.0,0.0,0.0,-0.0,0.0,0.0,0.0,0.0,0.0,0.0,-0.0,0.0,0.0,0.0,0.0,0.0,0.0,-0.0,0.0,0.0,0.0,0.0,0.0
F:\Seminario\Seminario-Clustering\datasets\davi\Al Emadi (2019)\Multiclass_Drone_Audio\unknown\4-171706-A-231.wav,Multiclass_Drone_Audio\unknown\4-171706-A-231.wav,al_emadi,4-171706-A-231,1.0216875,0.025762096229430768,7.944789409637451,-0.0010633840796680008,0.15148469175128376,0.003117969725281,-0.19060882329940795,0.20328582823276536,0.022617139301051133,7.58526086807251,-0.0031860224027600954,0.14190517681453388,-0.004158863332122564,-0.17025331258773804,0.16878283917903913,0.14473631269659137,8.356136322021484,-0.00729622213056518,0.2545352640926903,-0.0080549456179142,-0.3067458063364029,0.27471229434013394,0.33864317250661674,9.360800743103027,0.01055265959677837,0.27568706455063136,0.0023279443848878145,-0.30744607448577876,0.32867118120193484,0.3298717888203681,9.854469299316406,0.0014148286161835201,0.19267580239018633,-0.00015197590255411342,-0.19137026965618134,0.19681851267814637,0.1383694904459419,10.751632690429688,0.0003734040803730562,0.08827818930470085,3.3452233765274286e-05,-0.08530658036470413,0.08945326209068312
F:\Seminario\Seminario-Clustering\datasets\davi\Al Emadi (2019)\Multiclass_Drone_Audio\unknown\2-77347-A-461.wav,Multiclass_Drone_Audio\unknown\2-77347-A-461.wav,al_emadi,2-77347-A-461,1.0216875,0.1678940338805979,6.993021011352539,0.009512446924316294,0.14787880383489507,-0.000843394547700882,-0.1501031517982483,0.15366810262203218,0.12411815468015834,8.10472297668457,0.0035005525642050326,0.12736163658959748,0.004649869166314602,-0.16771015524864197,0.1712067633867264,0.34377311073461214,9.011398315429688,-0.000609480851341867,0.1503716846634551,0.006492465268820524,-0.1904741495847702,0.19764799475669864,0.3105970411839772,9.869214057922363,-5.610743718361096e-05,0.10124132830692045,-0.001315148314461112,-0.1264348417520523,0.131921324133873,0.051753983048836195,10.401994705200195,-5.7475983026883095e-05,0.02924377728103929,-0.00018106651259586215,-0.03267686255276203,0.03273809626698494,0.0018636764718182443,11.290143013000488,-1.95826760040531e-06,0.003925711945639442,-3.966255462728441e-06,-0.004184373281896114,0.004300807043910027
F:\Seminario\Seminario-Clustering\datasets\davi\Al Emadi (2019)\Multiclass_Drone_Audio\unknown\1-72195-B-371.wav,Multiclass_Drone_Audio\unknown\1-72195-B-371.wav,al_emadi,1-72195-B-371,1.0216875,0.0001245150980608866,6.638294219970703,-0.010178668468938008,0.01807635560021887,-0.0020485699642449617,-0.03392286524176598,0.001409764075651765,1.1427054989736078e-05,6.521071910858154,-0.0001706702322026561,0.006282201559236268,3.3013529900927097e-05,-0.006780946161597967,0.0060933425091207125,8.058666439154093e-06,7.425223350524902,-0.00012205720526933038,0.0037407107947539805,-1.5103021723916754e-05,-0.003853334137238562,0.0036292612785473496,0.013729992064349467,8.87981128692627,-0.0024701737375454353,0.10939655706800624,-1.1679829185595736e-05,-0.1328681915998459,0.11610872894525538,0.4554142190919795,9.703582763671875,-0.0023737687194363764,0.4459431516666509,-2.565034606050176e-06,-0.4840370208024978,0.43929033875465406,0.5307117880241813,10.73886489868164,-2.7064655800838517e-05,0.3405513016069899,1.0305586783943e-06,-0.36634091138839714,0.3771297991275795
F:\Seminario\Seminario-Clustering\datasets\davi\Al Emadi (2019)\Multiclass_Drone_Audio\unknown\1-51805-H-332.wav,Multiclass_Drone_Audio\unknown\1-51805-H-332.wav,al_emadi,1-51805-H-332,0.97525,0.9917088906372346,7.552679061889648,0.0011843653415920786,0.027020970368191854,-0.0018747220747172832,-0.027480198815464974,0.03395686522126198,0.006029474651189076,5.751738548278809,4.354210165990889e-05,0.0021084960672736793,1.495191281719599e-05,-0.0014656990533694625,0.0016148146591149271,0.0008259296606167633,8.348542213439941,-5.935658488400411e-06,0.0005538615369261327,-3.820940037257969e-06,-0.0006337374215945601,0.0006135675357654691,0.0005266471899810067,9.449512481689453,-3.4075442645440557e-06,0.0003132123465776853,2.011462129303254e-06,-0.0003786154993576929,0.0003500572347547859,0.0005002655660042761,10.06032657623291,1.9063008248295484e-06,0.00021602618766886723,-2.364934289289522e-06,-0.00022307928156806156,0.00022946485842112452,0.00040879229497428843,11.112308502197266,1.1367019341069967e-06,0.00013814632540221772,3.908426151610911e-07,-0.00014840058574918657,0.00014982993307057773
F:\Seminario\Seminario-Clustering\datasets\davi\Al Emadi (2019)\Multiclass_Drone_Audio\unknown\3-126113-A-262.wav,Multiclass_Drone_Audio\unknown\3-126113-A-262.wav,al_emadi,3-126113-A-262,0.97525,0.0669036599058354,6.596012115478516,0.0048559027828129105,0.07384704051221336,0.0018639194313436747,-0.06040218286216258,0.07408483549952508,0.23144410837632073,6.226036071777344,0.0004480983901708594,0.1376467046817179,-0.0052342950366437435,-0.10698303207755089,0.12920289039611815,0.591074169775655,7.331514358520508,0.0016289986062426572,0.15608866252566786,-0.0007533838506788015,-0.12317643314599991,0.1369735300540924,0.09329488795579279,8.379359245300293,-0.0001338029682476398,0.043918854420203976,8.697759039932862e-05,-0.03707784786820412,0.036771541461348534,0.01608432774154394,8.987878799438477,-9.169808817527918e-06,0.012904576517257266,4.3241248931735754e-05,-0.010058388113975525,0.010138020850718021,0.0011988462448522033,10.008679389953613,2.4903045124095784e-07,0.002492320155931367,1.0338728316128254e-05,-0.0019027510657906527,0.001913825492374599
F:\Seminario\Seminario-Clustering\datasets\davi\Al Emadi (2019)\Multiclass_Drone_Audio\unknown\2-28314-A-123.wav,Multiclass_Drone_Audio\unknown\2-28314-A-123.wav,al_emadi,2-28314-A-123,1.0216875,0.816837676867979,7.860721588134766,-1.0811841309906436e-05,0.05331481434971208,0.0008450709283351898,-0.06496064364910126,0.06664872020483022,0.08092246752551951,7.70659065246582,0.0007617403550726061,0.016763576323840568,0.000514232786372304,-0.020092762261629104,0.01996065601706505,0.04079974169880248,8.47424602508545,0.0001325731872922406,0.00844897439662633,-5.8100726164411753e-05,-0.009694917872548104,0.009296823851764212,0.02028267129239652,9.417922973632812,2.3758588115588783e-05,0.004219976109064286,1.2402277207002044e-05,-0.004728326853364706,0.004932915791869164,0.01451391859557725,9.414457321166992,-1.0549604774972931e-05,0.002526073833619743,3.311610453238245e-05,-0.0025502914329990746,0.0025752407731488352,0.02664352401972515,9.006677627563477,2.1937689325735337e-05,0.0024210641696593258,4.633926437236369e-06,-0.001893135905265808,0.0019579205196350816
F:\Seminario\Seminario-Clustering\datasets\davi\Al Emadi (2019)\Multiclass_Drone_Audio\unknown\3-164595-A-154.wav,Multiclass_Drone_Audio\unknown\3-164595-A-154.wav,al_emadi,3-164595-A-154,0.95975,0.0,-0.0,0.0,0.0,0.0,0.0,0.0,0.0,-0.0,0.0,0.0,0.0,0.0,0.0,0.0,-0.0,0.0,0.0,0.0,0.0,0.0,0.0,-0.0,0.0,0.0,0.0,0.0,0.0,0.0,-0.0,0.0,0.0,0.0,0.0,0.0,0.0,-0.0,0.0,0.0,0.0,0.0,0.0
F:\Seminario\Seminario-Clustering\datasets\davi\Al Emadi (2019)\Multiclass_Drone_Audio\unknown\2-128465-B-432.wav,Multiclass_Drone_Audio\unknown\2-128465-B-432.wav,al_emadi,2-128465-B-432,0.97525,0.15699076439217208,7.973842620849609,0.005111759928194617,0.21311528631000812,-0.011309920344501734,-0.2538811773061752,0.2791194289922714,0.10262092069172933,7.826894760131836,-0.00554737047460081,0.1722643226692349,0.004155628150328994,-0.22662882804870604,0.22516462355852124,0.15169644707375804,8.867080688476562,-0.004097822867583096,0.14864632240940656,0.0025456054136157036,-0.19578954577445984,0.18024243414402008,0.1247370813773304,9.911684036254883,-0.0008085881717751138,0.09549128080636127,-0.0007533470925409347,-0.1260315179824829,0.1188257746398449,0.41270748597705936,10.583077430725098,-0.00029681116972889117,0.1229191984800826,-0.00018277723575010896,-0.15122491121292114,0.14706624299287796,0.051247300487950835,11.637353897094727,-2.468121157322809e-05,0.030641839660745674,0.00024922878947108984,-0.03825211897492409,0.03763845786452294
F:\Seminario\Seminario-Clustering\datasets\davi\Al Emadi (2019)\Multiclass_Drone_Audio\unknown\2-91912-A-333.wav,Multiclass_Drone_Audio\unknown\2-91912-A-333.wav,al_emadi,2-91912-A-333,1.0216875,0.04725808181622663,7.727321147918701,0.00016636668973083553,0.027268441745173816,0.0009034204995259643,-0.030821897834539414,0.034934731572866445,0.09705261060508955,6.37161922454834,-0.0013034189084835928,0.039056405239776625,-0.0003513167321216315,-0.03477705344557762,0.03213628083467484,0.19310455208249003,6.367611885070801,-0.0004370719485319597,0.03908842735294109,-0.00013523736561182886,-0.023606800474226475,0.02234576977789404,0.276686728334444,5.736573696136475,-0.0008246505536457403,0.033133273400594646,-5.6777571444399655e-05,-0.014077891409397124,0.012108490988612178,0.2889016149883254,5.726991653442383,3.040554055701361e-05,0.023965277522561307,2.6436173357069492e-06,-0.0052671262063086035,0.005163252586498858,0.09699641217342438,5.304969787597656,-2.4307339962941584e-06,0.009823278875208863,-4.696596988651436e-06,-0.0016835297457873822,0.0017783741233870388
F:\Seminario\Seminario-Clustering\datasets\davi\Al Emadi (2019)\Multiclass_Drone_Audio\unknown\5-260434-A-394.wav,Multiclass_Drone_Audio\unknown\5-260434-A-394.wav,al_emadi,5-260434-A-394,0.95975,0.0,-0.0,0.0,0.0,0.0,0.0,0.0,0.0,-0.0,0.0,0.0,0.0,0.0,0.0,0.0,-0.0,0.0,0.0,0.0,0.0,0.0,0.0,-0.0,0.0,0.0,0.0,0.0,0.0,0.0,-0.0,0.0,0.0,0.0,0.0,0.0,0.0,-0.0,0.0,0.0,0.0,0.0,0.0
F:\Seminario\Seminario-Clustering\datasets\davi\Al Emadi (2019)\Multiclass_Drone_Audio\unknown\1-19872-A-364.wav,Multiclass_Drone_Audio\unknown\1-19872-A-364.wav,al_emadi,1-19872-A-364,0.95975,0.3317057034093135,7.529372215270996,-0.020057933011241716,0.2725330676192605,-0.0007274029776453972,-0.32814455032348633,0.2915128469467163,0.17940666633579586,8.073837280273438,0.0015503947161724446,0.200965791851847,-0.007518585072830319,-0.2700817286968231,0.27424195408821106,0.09316834210550676,8.869352340698242,-0.0014993517585669973,0.10271485870796473,-0.0048705467488616705,-0.12856395542621613,0.1325232833623886,0.18144547908691577,9.89138412475586,-0.0002604318541389975,0.10155240280479128,-0.0019887713715434074,-0.1292518138885498,0.13164428472518924,0.14043907882843906,10.821133613586426,0.0009408655550487784,0.06321761580656239,0.00032596458913758397,-0.07834363207221032,0.08178839981555945,0.07383473023402905,11.810911178588867,3.950492072494528e-05,0.032430604066242257,0.00014625058975070715,-0.041226305067539215,0.04097190871834755
F:\Seminario\Seminario-Clustering\datasets\davi\Al Emadi (2019)\Multiclass_Drone_Audio\unknown\5-156026-C-41.wav,Multiclass_Drone_Audio\unknown\5-156026-C-41.wav,al_emadi,5-156026-C-41,1.0216875,0.8273711087587889,7.960375785827637,0.00013910293077187147,0.015636290444448933,0.00028168782591819763,-0.020270614326000212,0.02113417051732541,0.04577471185635896,7.951710224151611,0.0002630026609874065,0.0036686000892947428,0.0003622539807111025,-0.004456622619181871,0.00486162705346942,0.03118784325324044,8.915303230285645,0.00021557451097033463,0.002142170811796172,0.0001829088432714343,-0.0024283798644319176,0.0029528322629630566,0.0747386791125873,9.932868003845215,7.604037639640091e-06,0.0023607253393773822,2.214615960838273e-06,-0.003027942311018705,0.0030264738947153092,0.019129609555588713,10.952020645141602,8.323561994992186e-06,0.0008451040342030892,-1.661266196606448e-06,-0.001085459114983678,0.0010942635592073205,0.0017980474634356903,11.942550659179688,-1.3650067226759898e-07,0.00018329451299690767,1.3388562365435064e-06,-0.00023594532976858317,0.00023373149451799693
F:\Seminario\Seminario-Clustering\datasets\davi\Al Emadi (2019)\Multiclass_Drone_Audio\unknown\4-177243-A-320.wav,Multiclass_Drone_Audio\unknown\4-177243-A-320.wav,al_emadi,4-177243-A-320,1.0216875,0.3457516717131184,6.594992160797119,0.00048230546500856495,0.01947312758306439,3.1115752790356055e-05,-0.017179181426763532,0.01837196238338948,0.07422068297323148,5.942352771759033,-0.00014353197983761517,0.009023899930512455,-6.333302007988095e-05,-0.006342607364058494,0.005945788230746987,0.07531636560585546,6.6935882568359375,0.0005318421696016931,0.006425360352263876,8.426027852692641e-05,-0.0035335687221959232,0.004568552225828172,0.26044585105293944,6.430270671844482,3.788705835607654e-05,0.008492106178718812,1.0988984286086634e-05,-0.004464898537844419,0.004856754001230002,0.1853790038346397,7.998112678527832,2.3895180936906294e-05,0.005069786135580193,2.34283754707576e-06,-0.002799980854615569,0.002892502443864943,0.05888642482021554,8.265503883361816,-6.060001508277943e-06,0.0020213461206620748,1.7854315501608653e-06,-0.000978518556803465,0.0009550391230732203
F:\Seminario\Seminario-Clustering\datasets\davi\Al Emadi (2019)\Multiclass_Drone_Audio\unknown\3-143933-A-383.wav,Multiclass_Drone_Audio\unknown\3-143933-A-383.wav,al_emadi,3-143933-A-383,1.0216875,0.4795303457352493,7.861062526702881,-0.0013307502331812028,0.02839942680541887,-0.001220777165144682,-0.03408530876040459,0.03293848782777786,0.019890254538410326,7.922670364379883,6.534847480648448e-05,0.005789889956443563,-8.244921627920121e-05,-0.007573026325553655,0.007611532695591452,0.02703801125360395,5.990267276763916,-0.00012589757061602544,0.00478590018705357,-1.80004644789733e-05,-0.0028187728486955164,0.002574707590974868,0.05701944527534339,5.889032363891602,-2.3438946872454252e-05,0.004924460261150952,2.434534690110013e-05,-0.0011297817109152675,0.0010939106112346053,0.30053005847842423,6.281299114227295,-0.000279341212304481,0.00799529148295642,-2.3030653210298624e-05,-0.0006532408122438937,0.0006156322255264969,0.11599188471896885,7.01202392578125,5.820445031020535e-06,0.0035159223183107964,-1.5556906873825938e-08,-0.0004328921088017523,0.000429858546704054
F:\Seminario\Seminario-Clustering\datasets\davi\Al Emadi (2019)\Multiclass_Drone_Audio\unknown\4-161099-B-471.wav,Multiclass_Drone_Audio\unknown\4-161099-B-471.wav,al_emadi,4-161099-B-471,1.0216875,0.06679263767224525,7.883796691894531,-0.004312626010516741,0.15872112946198147,-0.0046651363372802734,-0.19190001785755156,0.19663821458816538,0.35853612865844664,7.605709075927734,-0.051198204827307574,0.36429221444175874,-0.04640640690922737,-0.509775698184967,0.366578072309494,0.3376222268455691,8.673707962036133,-0.008056792616413849,0.25303166671516075,-0.0023890140000730753,-0.3277570366859436,0.3000334709882737,0.18221168046851888,9.478410720825195,-0.0008835604805178874,0.1317295906512619,-0.0008212651591747999,-0.14989843666553498,0.1475498825311661,0.05003173444730732,10.464326858520508,-1.1839370550235569e-05,0.048846217868361526,-2.564997339504771e-05,-0.05629226565361023,0.05624013915657997,0.004805591907912839,11.412230491638184,3.1658395915500064e-06,0.01070908604594807,-4.1171006159856915e-05,-0.01228358130902052,0.01228829864412548
F:\Seminario\Seminario-Clustering\datasets\davi\Al Emadi (2019)\Multiclass_Drone_Audio\unknown\5-200329-C-84.wav,Multiclass_Drone_Audio\unknown\5-200329-C-84.wav,al_emadi,5-200329-C-84,0.95975,0.19252316751727816,7.30819034576416,-0.00043725992184407325,0.014605088502617531,-5.9281512221787125e-05,-0.018295206129550934,0.01687240693718195,0.19208087675234464,6.402192115783691,8.080625537204544e-05,0.014594615915884467,8.770333806751296e-05,-0.011888639535754919,0.012462829239666462,0.24185568831609158,7.749270915985107,8.209017423290615e-05,0.011615934456692328,0.00018844221631297842,-0.011176885105669498,0.011289348360151052,0.18518699397653243,8.075277328491211,0.00016158515893062916,0.007198730037714498,-2.9485577215382364e-06,-0.00537302466109395,0.005601732060313225,0.1611654794352783,8.652027130126953,4.929372297774591e-05,0.004753312375420174,-7.026870662230067e-06,-0.0028938852483406663,0.0028900411678478137,0.02718779400247488,9.60905647277832,-1.1935347871655415e-06,0.00138118967709778,-2.4719411158002913e-06,-0.0008317400934174657,0.0008206251659430563
F:\Seminario\Seminario-Clustering\datasets\davi\Al Emadi (2019)\Multiclass_Drone_Audio\unknown\5-259514-A-262.wav,Multiclass_Drone_Audio\unknown\5-259514-A-262.wav,al_emadi,5-259514-A-262,0.97525,0.7895745915652348,6.823047161102295,0.0003756266622533098,0.05394527851440142,-7.004708459135145e-05,-0.056178936362266535,0.057422103732824324,0.023939538552594324,6.537374496459961,0.00040435267249040957,0.009384746550303809,-0.0001392658959957771,-0.008081568405032158,0.009946614783257245,0.07453160309309187,5.903843879699707,-4.869677829394182e-05,0.011761504872810668,-0.00010139705409528688,-0.006771205458790064,0.007140779402107,0.05626518798391783,8.731954574584961,-0.00015500311221083407,0.007235469542206686,-0.00016812122339615598,-0.00713532161898911,0.006962045561522245,0.038016130848316676,9.922164916992188,-5.8638555632540605e-05,0.004209268231502641,-1.0485793609404936e-05,-0.004344768822193146,0.004206364043056965,0.01767294795684447,11.111719131469727,-6.994418102928056e-06,0.002030468941666181,1.3889093679608777e-06,-0.0022217790130525826,0.0021851570345461377
F:\Seminario\Seminario-Clustering\datasets\davi\Al Emadi (2019)\Multiclass_Drone_Audio\unknown\2-71162-A-12.wav,Multiclass_Drone_Audio\unknown\2-71162-A-12.wav,al_emadi,2-71162-A-12,0.97525,0.004012824281880862,2.8835537433624268,-0.0022834062675034877,0.029153428423754277,6.557558663189411e-06,-0.003886404912918806,0.003598463488742709,0.0014671257629701867,6.046807289123535,-0.0016927113453716206,0.01760058338022838,-0.0011440517264418304,-0.019156797602772713,0.014470567367970942,0.09264328485933807,9.334321022033691,-0.007537180571316074,0.09942238324732403,-0.018531668931245804,-0.12931585311889648,0.12980957329273224,0.7054679030614914,10.038244247436523,-0.0037177348236128657,0.1948189606980024,-0.0033645668299868703,-0.26620203256607056,0.2589757889509201,0.1920898715716383,10.985225677490234,1.83861545947594e-05,0.07195189002898313,-0.00026791082927957177,-0.09284210577607155,0.09396524354815483,0.004318990462681221,11.777420043945312,-1.2149286639698721e-06,0.007632393622975999,-4.2987114284187555e-05,-0.00933614820241928,0.009661017172038558
F:\Seminario\Seminario-Clustering\datasets\davi\Al Emadi (2019)\Multiclass_Drone_Audio\unknown\3-145487-A-240.wav,Multiclass_Drone_Audio\unknown\3-145487-A-240.wav,al_emadi,3-145487-A-240,1.0216875,0.6156419890655572,7.177903175354004,0.00013051252377088503,0.7664929567907748,0.0,-0.8875410676002502,0.9210685372352604,0.21416955653799624,6.54897403717041,-0.02002340396076344,0.45164428206780677,0.0,-0.4733993709087372,0.38578680753707933,0.08521182182090142,7.676217079162598,0.0035002816884914523,0.2021983547238591,0.0,-0.19530887603759764,0.2032216653227807,0.06659588467173463,8.5028715133667,0.0004963233456291573,0.12663060910672633,0.0,-0.11254023313522339,0.11808923780918122,0.015284579349309923,9.583322525024414,-0.00012355435808755823,0.04292857237623201,0.0,-0.04129563495516776,0.0412925448268652,0.003096168554500583,10.211578369140625,0.00019733690470078504,0.013666564162657307,0.0,-0.011285289004445075,0.011679252050817017
F:\Seminario\Seminario-Clustering\datasets\davi\Al Emadi (2019)\Multiclass_Drone_Audio\bebop_1\B_S2_D1_090-bebop_004_.wav,Multiclass_Drone_Audio\bebop_1\B_S2_D1_090-bebop_004_.wav,al_emadi,B_S2_D1_090-bebop_004,0.896,0.6767031027268021,6.98701286315918,0.0020534205373524306,0.46780851153635167,-0.005094476044178009,-0.4897392332553863,0.5144467353820801,0.024009031970476633,7.585330009460449,-0.0007629334140160748,0.08811386947479086,0.0005172172095626593,-0.1048651248216629,0.10632826238870621,0.020305848015345993,8.767455101013184,-0.0002274598992515372,0.057491687108673584,0.002127197803929448,-0.07734013795852661,0.0696156233549118,0.0595246543159629,9.758678436279297,-0.00042737536573749153,0.0697182691567182,-0.002017159713432193,-0.0886954054236412,0.08871154710650443,0.12487192305486598,10.746191024780273,-0.00014553897513147406,0.07147364541585009,-0.000723922741599381,-0.08996937572956085,0.0903396591544153,0.09458543991654632,11.72019100189209,-3.2684776024250572e-06,0.044007170243647656,0.00011493929196149111,-0.05638875439763069,0.05569395795464516
F:\Seminario\Seminario-Clustering\datasets\davi\Al Emadi (2019)\Multiclass_Drone_Audio\unknown\2-209471-A-250.wav,Multiclass_Drone_Audio\unknown\2-209471-A-250.wav,al_emadi,2-209471-A-250,1.0216875,0.4006193383882737,6.839010715484619,-0.04965374545676983,0.13943840758218853,-0.052795447409152985,-0.16001112461090086,0.06158274710178389,0.19059536444720832,7.098408222198486,0.004199042086923185,0.1020068984710594,0.0016524598468095064,-0.10095866769552231,0.11224580556154261,0.28340207259282296,7.257142066955566,-0.0011103434996871488,0.08827889474571346,-0.00025093289150390774,-0.07709728181362152,0.07355232909321793,0.08633377968619257,8.534058570861816,-1.9143078107144338e-05,0.03451481920821693,-0.0003881556331180036,-0.03311568722128868,0.03171985968947412,0.026190219379099745,9.391897201538086,0.0002358035358845496,0.013449969141302736,0.00014430528972297907,-0.01230741050094366,0.012163998093456032,0.012859225506402748,10.010580062866211,-4.2964441806148277e-05,0.006667878479304648,1.7512444173917174e-05,-0.005671759508550167,0.0055601567961275624
F:\Seminario\Seminario-Clustering\datasets\davi\Al Emadi (2019)\Multiclass_Drone_Audio\unknown\5-203739-A-101.wav,Multiclass_Drone_Audio\unknown\5-203739-A-101.wav,al_emadi,5-203739-A-101,1.0216875,0.16874826180643543,7.847968101501465,-0.0005593010597291261,0.1694099631705098,-0.0030929618515074253,-0.2165791541337967,0.21279255449771886,0.07468579978747646,7.804671287536621,0.006203835782580568,0.11253347815149144,-0.0018330216407775879,-0.1297810733318329,0.14664608836174012,0.15564003993639694,7.977047920227051,-0.0028421538186070225,0.11534512570330586,0.0010975698824040592,-0.12045351713895798,0.11775972768664368,0.14083556023482102,9.156623840332031,-0.0014495911552524627,0.07772783967854476,0.0011208370560780168,-0.08713462948799133,0.0845400556921959,0.20092596788355166,10.381997108459473,-0.00012753545482849804,0.06570771048433262,0.0004915632016491145,-0.07715427130460739,0.07467267140746117,0.2591643703513185,11.408286094665527,3.404227881063363e-05,0.052790708926255536,-0.0002806923585012555,-0.058682188391685486,0.060202602297067656
F:\Seminario\Seminario-Clustering\datasets\davi\Al Emadi (2019)\Multiclass_Drone_Audio\unknown\3-123086-A-283.wav,Multiclass_Drone_Audio\unknown\3-123086-A-283.wav,al_emadi,3-123086-A-283,1.0216875,0.34864184405157095,7.974836349487305,-0.0007971176359490843,0.06717289080992223,-0.0019361921586096287,-0.08442433923482895,0.08501210510730743,0.0626728707721486,7.681009292602539,-6.567510385881403e-05,0.0284821991806556,-3.29602335114032e-05,-0.03807440847158432,0.03647724390029908,0.0750840684699432,8.502543449401855,0.0004753136570352333,0.022103299918794037,0.0005157211562618613,-0.027514313347637653,0.02639455441385508,0.1492635840823244,9.705379486083984,-0.00010421850959868218,0.022079094349119886,-0.0006082821637392044,-0.02702815867960453,0.027884648367762565,0.07180179335321721,10.748007774353027,-6.50870090830793e-06,0.010836271797744818,0.0001427436145604588,-0.013897457625716925,0.013321900554001332,0.29253583927079563,11.744598388671875,1.977396920360694e-05,0.015472922126837981,-1.3061173376627266e-05,-0.01911463961005211,0.01916230097413064
F:\Seminario\Seminario-Clustering\datasets\davi\Al Emadi (2019)\Multiclass_Drone_Audio\unknown\2-83536-A-271.wav,Multiclass_Drone_Audio\unknown\2-83536-A-271.wav,al_emadi,2-83536-A-271,1.0216875,0.8707642976660507,7.970749855041504,0.0016992312758743072,0.30174710513908826,0.008283210918307304,-0.38109560012817384,0.38229180574417115,0.013551552445820968,8.373104095458984,-7.402035340169585e-05,0.03764379461660866,-0.00032416649628430605,-0.04845320731401444,0.048726951330900194,0.012859962226373211,8.402364730834961,0.002615402797675295,0.025873831684843352,0.0010600356617942452,-0.02617094498127699,0.032572174444794676,0.0592609189008186,9.206324577331543,-3.700512700735818e-05,0.03954194100912801,-0.0007716239779256284,-0.04237200915813446,0.043755508959293386,0.023117408261077124,10.251550674438477,0.00019624076627554712,0.01747508672555978,7.048414045129903e-05,-0.01930804792791605,0.020647319033741958,0.02044586049985939,11.19140625,7.90871424684341e-05,0.011626275393319528,-3.0805291316937655e-05,-0.01288822628557682,0.012945900484919566
F:\Seminario\Seminario-Clustering\datasets\davi\Al Emadi (2019)\Multiclass_Drone_Audio\unknown\2-39945-B-192.wav,Multiclass_Drone_Audio\unknown\2-39945-B-192.wav,al_emadi,2-39945-B-192,0.97525,0.6319731457127299,5.5576887130737305,0.027999184908805347,0.3905228679638739,0.03807461075484753,-0.20462744683027267,0.23955297917127605,0.27875335736340917,5.182226181030273,-0.012094827672972831,0.25974682174955793,0.003086459939368069,-0.1376693308353424,0.116749507188797,0.07009668576056133,6.844369411468506,-0.0003509463739972305,0.09253053946300004,0.0010548511054366827,-0.06816955655813217,0.06351269036531448,0.017484589924327325,8.479976654052734,-0.0001396463754247063,0.03272753760785631,-6.43372259219177e-05,-0.028654889203608036,0.02849453128874302,0.0016671953876899082,9.471760749816895,1.6745251482277805e-06,0.007151564978127529,3.382450813660398e-05,-0.006314522819593549,0.006501699099317193,2.502585128234011e-05,10.361891746520996,6.246342036786238e-07,0.0006198430350925673,4.278379492461681e-06,-0.0005706632393412292,0.000562224502209574
F:\Seminario\Seminario-Clustering\datasets\davi\Al Emadi (2019)\Multiclass_Drone_Audio\unknown\5-211408-A-372.wav,Multiclass_Drone_Audio\unknown\5-211408-A-372.wav,al_emadi,5-211408-A-372,0.97525,0.013080471550614984,8.022478103637695,-8.21037491574235e-05,0.03125402856231167,0.001450857671443373,-0.042784974724054334,0.039412736892700174,0.07047169658568218,7.507894992828369,0.008974402326902445,0.07198702660682783,0.004805233562365174,-0.07199771851301193,0.10292379781603812,0.19720813463964987,8.595817565917969,0.00015109999836015464,0.0861165269922194,0.0003872174129355699,-0.0976165235042572,0.10298677533864975,0.05252370691100426,9.765976905822754,-0.0005666122161660673,0.031468941679250885,-0.0015174930449575186,-0.03921912610530853,0.03980620019137859,0.3486665366634234,10.763574600219727,-3.9340810885595554e-05,0.057384972522897766,0.0008822230156511068,-0.06939978525042534,0.07003308460116386,0.3180494536496253,11.689654350280762,-9.720897951451519e-06,0.0387721714327174,-0.00035070651210844517,-0.047327545285224905,0.048318274319171906
F:\Seminario\Seminario-Clustering\datasets\davi\Al Emadi (2019)\Multiclass_Drone_Audio\bebop_1\mixed_7-bebop_000_.wav,Multiclass_Drone_Audio\bebop_1\mixed_7-bebop_000_.wav,al_emadi,mixed_7-bebop_000,1.024,0.4299490192318729,7.792566299438477,-0.005796232473817169,0.28437173702683294,0.0004256460815668106,-0.389191210269928,0.34425863325595857,0.2826813421400015,8.343597412109375,0.0006292003784939992,0.2306296201083307,-0.01563428435474634,-0.3015358090400696,0.31595652997493745,0.057800805834118826,8.976808547973633,-0.00022939596216655473,0.07395699350732733,-0.0013067735126242042,-0.09516682699322701,0.0943466767668724,0.08267455274702543,9.965265274047852,0.00027119280008563795,0.06263464782659826,-9.767053415998816e-05,-0.07895006611943245,0.08207518309354783,0.08930328592677277,10.954099655151367,0.0008466309241495637,0.04606260427963929,0.0006621531210839748,-0.05963744968175888,0.06010439619421959,0.057590994120208586,11.9241361618042,0.00010167710154160063,0.026171737381420822,-0.00027645862428471446,-0.033175030350685114,0.03390005826950075
F:\Seminario\Seminario-Clustering\datasets\davi\Al Emadi (2019)\Multiclass_Drone_Audio\membo_1\Membo_0_008-membo_002_.wav,Multiclass_Drone_Audio\membo_1\Membo_0_008-membo_002_.wav,al_emadi,Membo_0_008-membo_002,1.024,0.5566397879438768,8.496297836303711,-0.00124072892911387,0.11081940081325574,-0.00527097238227725,-0.14603167921304702,0.14679319709539415,0.012204137771425297,7.941356658935547,-0.00010034292212100412,0.016409725830299385,0.00020223124010954052,-0.020443214662373067,0.020565293170511728,0.07855225943784505,9.034378051757812,9.30109903616469e-05,0.029524281256011618,-6.18332123849541e-05,-0.037930050492286684,0.03714462667703629,0.0861343705992494,9.928313255310059,0.00016693796811468592,0.02189254057590307,-0.00012986487854504958,-0.027584874257445335,0.02784968633204699,0.11958617422935636,10.818472862243652,0.00016513387877131877,0.01825570463509138,0.0004653494106605649,-0.022625725716352463,0.022536298260092735,0.14688327001824708,11.75123119354248,4.212375927965519e-06,0.014313057729740198,-0.00012086535571143031,-0.017217740789055823,0.01763899773359299
F:\Seminario\Seminario-Clustering\datasets\davi\Al Emadi (2019)\Multiclass_Drone_Audio\unknown\2-73260-A-101.wav,Multiclass_Drone_Audio\unknown\2-73260-A-101.wav,al_emadi,2-73260-A-101,1.0216875,0.584326618960381,7.969090461730957,0.002144144313874685,0.14427466896723393,-0.002667320892214775,-0.1808523952960968,0.18686849474906933,0.20327871408667428,7.382152557373047,0.0017480722586200995,0.08508725399119592,-0.0003477594000287354,-0.08985836654901505,0.10017675012350083,0.11302940108608814,8.344529151916504,0.0018175768357859463,0.04496764311349982,0.002091948059387505,-0.04737732373178005,0.052201279625296595,0.06024824677855392,9.258172988891602,0.0003330012374661982,0.023270849521678336,0.00010281649883836508,-0.025435934960842132,0.025944730266928676,0.025782840221626472,9.91138744354248,-0.00011338303998518767,0.010772809650336031,-0.0001137903454946354,-0.011205245554447175,0.01069437963888049,0.013334178866676219,10.650506973266602,-1.1342819203351306e-05,0.005480758629284821,-7.447233656421304e-07,-0.005416783317923546,0.005353216361254455
F:\Seminario\Seminario-Clustering\datasets\davi\Al Emadi (2019)\Multiclass_Drone_Audio\unknown\3-143560-A-472.wav,Multiclass_Drone_Audio\unknown\3-143560-A-472.wav,al_emadi,3-143560-A-472,0.97525,0.36282655279250436,6.833486557006836,0.0017712508414981336,0.37808635890164016,-0.0007290001958608627,-0.35864031612873076,0.3807970017194747,0.32752275732247654,7.139522552490234,0.0013783676151529346,0.35922270925449196,0.0013414889108389616,-0.37184982299804686,0.37059455513954154,0.1646042467383416,8.257372856140137,0.0023368190162056613,0.18070052355233712,0.0008105529122985899,-0.20747390389442444,0.19949467480182648,0.10093736719413861,9.197257041931152,0.00011733652979379772,0.10021921245829656,0.0016295827808789909,-0.11214009299874306,0.11079103872179985,0.04009063643104057,10.219341278076172,3.4158650700563704e-05,0.04469561663439531,6.507200305350125e-05,-0.04869307205080986,0.04987470619380474,0.004018439521498361,11.145163536071777,-1.9912415224893082e-06,0.010010412423182876,1.0938383638858795e-06,-0.01098660361021757,0.01126601304858923
F:\Seminario\Seminario-Clustering\datasets\davi\Al Emadi (2019)\Multiclass_Drone_Audio\unknown\2-61311-A-123.wav,Multiclass_Drone_Audio\unknown\2-61311-A-123.wav,al_emadi,2-61311-A-123,1.0216875,0.7831060634577579,7.990828514099121,-0.0012416063188223935,0.07964476796869495,-0.0029206136241555214,-0.10673432350158692,0.10006014257669452,0.02521636240367043,7.965860366821289,-0.0001241219660305063,0.014293038331212716,-0.0002765291428659111,-0.01920469105243683,0.018526073172688486,0.010280477958248685,7.904671669006348,-6.36760725368455e-05,0.0064719341015669314,0.0001439177867723629,-0.007274356763809919,0.007177441660314803,0.01940027569792611,6.085144996643066,-2.2759733813172346e-05,0.006297600834663364,2.254298306070268e-05,-0.003295969776809215,0.003039766009896994,0.10827839387142175,6.164564609527588,5.821943045502902e-05,0.010527892608046775,3.097156877629459e-06,-0.0038846388226374973,0.0038249487988650803,0.053718426610975145,7.187900543212891,8.038386371952173e-06,0.00524576863636247,-6.955888238735497e-07,-0.00195514727383852,0.0020108195487409846
F:\Seminario\Seminario-Clustering\datasets\davi\Al Emadi (2019)\Multiclass_Drone_Audio\unknown\2-110417-B-281.wav,Multiclass_Drone_Audio\unknown\2-110417-B-281.wav,al_emadi,2-110417-B-281,1.0216875,0.8310384773879644,4.243465900421143,-5.316214585768323e-05,0.013121433231685792,3.3375807106494904e-05,-0.0021164946723729373,0.002196941850706936,0.023898165935796,3.35103702545166,-1.876942950913988e-05,0.0022250567371053013,5.611777851299848e-06,-0.0006518480717204511,0.0006780679570510988,0.07558182763855141,4.104030132293701,8.263707472528171e-05,0.0028050673746230705,7.88514080340974e-06,-0.000498561980202794,0.0007359581242781181,0.027714439450042844,5.93333101272583,6.169114217939552e-07,0.0012036537379959136,-1.691365469014272e-06,-0.00026927582803182304,0.00026048644213005906,0.01275232540703875,7.181161880493164,-6.5102998437861394e-06,0.0005777219439772109,3.837520807792316e-07,-0.00011811833028332328,0.0001301035823416898,0.029014764180606504,7.494568347930908,4.966279036979669e-07,0.0006164983570957893,4.35634319728706e-08,-9.2308220337145e-05,9.350569453090461e-05
F:\Seminario\Seminario-Clustering\datasets\davi\Al Emadi (2019)\Multiclass_Drone_Audio\unknown\5-234879-B-12.wav,Multiclass_Drone_Audio\unknown\5-234879-B-12.wav,al_emadi,5-234879-B-12,0.97525,0.5692659967939327,5.931462287902832,-0.00199790132170904,0.03179922739839339,0.0,-0.031908471137285226,0.02623752616345882,0.18900154556170834,6.2176103591918945,0.0007309993153879787,0.01834435975007395,0.0,-0.01437676353380084,0.02091535087674855,0.14682164504251563,6.632411956787109,-0.00010740015224868701,0.011482050248172117,0.0,-0.008413509465754032,0.00808318518102169,0.04760227981489254,6.484059810638428,-4.58250556502085e-06,0.0046302790478795685,0.0,-0.003054184140637517,0.002853612182661891,0.021207868978207336,9.301044464111328,-2.927149337813646e-05,0.002186862066368324,0.0,-0.0021938649006187916,0.0020360936177894473,0.026100663808743405,10.472001075744629,-2.3051710895381637e-06,0.0017163933411136474,0.0,-0.0017804518807679412,0.0016926574055105448
F:\Seminario\Seminario-Clustering\datasets\davi\Al Emadi (2019)\Multiclass_Drone_Audio\bebop_1\mixed_61-bebop_003_.wav,Multiclass_Drone_Audio\bebop_1\mixed_61-bebop_003_.wav,al_emadi,mixed_61-bebop_003,1.024,0.69072780543812,7.6008758544921875,0.013735048217576673,0.6321456300869917,0.018591550178825855,-0.7527144849300383,0.7764887630939484,0.08921708508341616,6.484586715698242,-0.0034003770219352687,0.22721738321184373,-0.0003295235219411552,-0.21175055503845214,0.19386632442474366,0.04296713534024765,8.175554275512695,0.00138840014902616,0.11182712235761502,0.0023230292135849595,-0.11960479244589806,0.12618008702993394,0.09414033335928876,9.380441665649414,-0.0006662865232031506,0.11722268366332132,9.203271474689245e-05,-0.1428029716014862,0.1319406270980835,0.04938999021327727,10.077020645141602,-5.1831140466669375e-06,0.06009047442443028,-0.0005690280813723803,-0.06403746455907822,0.06212947517633438,0.03355765056565018,10.689234733581543,9.835644675486354e-05,0.035038913636443764,2.3607630282640457e-05,-0.03196093067526817,0.0316315695643425
F:\Seminario\Seminario-Clustering\datasets\davi\Al Emadi (2019)\Multiclass_Drone_Audio\bebop_1\B_S2_D1_087-bebop_001_.wav,Multiclass_Drone_Audio\bebop_1\B_S2_D1_087-bebop_001_.wav,al_emadi,B_S2_D1_087-bebop_001,1.024,0.7599085456612354,7.428901672363281,-0.0005890067880721511,0.5706654744756975,-0.007581302896142006,-0.6437420785427094,0.683289635181427,0.039024556720579605,6.942612648010254,0.00038580473379365036,0.12932074700209842,0.0003285602433606982,-0.1314242586493492,0.1312206640839577,0.017249638312070995,8.874975204467773,-0.0007327984556221196,0.0609685761696838,0.0006288474542088807,-0.07863693535327912,0.07953524217009544,0.04457426338270845,9.927931785583496,-0.002417578929771967,0.06936562306267872,-0.002001774380914867,-0.0950690470635891,0.08634729385375978,0.07999176423909392,10.92973518371582,-0.00036498789799272954,0.06580169849378577,-0.00035122723784297705,-0.0852496474981308,0.0836978629231453,0.05925123168431162,11.94614028930664,0.00011530222194675404,0.04006253576162735,0.00015608780086040497,-0.05086638554930687,0.05124638825654984
F:\Seminario\Seminario-Clustering\datasets\davi\Al Emadi (2019)\Multiclass_Drone_Audio\unknown\1-79711-A-320.wav,Multiclass_Drone_Audio\unknown\1-79711-A-320.wav,al_emadi,1-79711-A-320,1.0216875,0.29433586632801223,7.749127388000488,0.0013367058623697415,0.1032726138284275,-0.001229641493409872,-0.12531712055206298,0.13514521718025213,0.0182268223075263,4.825937747955322,-0.0006845811760876953,0.025692201913716666,-0.0001735950354486704,-0.013044965267181397,0.012384422868490228,0.03938396625147738,5.492790222167969,0.0006583962261277375,0.02678411037945416,-3.235591429984197e-05,-0.012114585191011428,0.013013437297195236,0.18721708312681376,4.999760627746582,-0.0002418094212173941,0.04137514831963981,0.00013188537559472024,-0.013385343737900254,0.013870044983923436,0.2932149930116168,5.103417873382568,9.876937608652742e-05,0.03664113484593835,-9.178473919746466e-05,-0.007992315106093884,0.007446377864107491,0.16762126897455354,6.7583112716674805,-1.1021756111456268e-05,0.019598044168272127,1.06271036202088e-05,-0.00577408205717802,0.005790781788527966
F:\Seminario\Seminario-Clustering\datasets\davi\Al Emadi (2019)\Multiclass_Drone_Audio\unknown\2-102567-C-352.wav,Multiclass_Drone_Audio\unknown\2-102567-C-352.wav,al_emadi,2-102567-C-352,0.97525,0.9055504396092323,7.830354690551758,-0.001970959997920674,0.7391877629431277,0.05275598727166653,-1.0147418260574341,0.8977494120597838,0.05648807052320432,7.960550308227539,-0.00030272871492475817,0.18461958253280597,-0.0005537596880458295,-0.24435766488313676,0.23443043678998945,0.019964701114833755,8.869226455688477,-0.0004221530558855181,0.07788502668755058,-0.000733774621039629,-0.09980273246765137,0.09515029937028885,0.005074202594796214,9.907015800476074,-0.00030432337552693757,0.027805897874180953,0.000261142966337502,-0.035959577187895775,0.0347303319722414,0.006456956045998746,10.900508880615234,-0.00028075299647730773,0.02219609131404024,-0.00029568374156951904,-0.02864992246031761,0.028308761306107044,0.006465630111934672,11.95054817199707,-2.4598663659697853e-05,0.01571382486283036,0.00028088968247175217,-0.0210012923926115,0.020156319811940198
F:\Seminario\Seminario-Clustering\datasets\davi\Al Emadi (2019)\Multiclass_Drone_Audio\unknown\2-109371-D-162.wav,Multiclass_Drone_Audio\unknown\2-109371-D-162.wav,al_emadi,2-109371-D-162,0.97525,0.847034295552393,7.828899383544922,0.004657944117631266,0.6733702238309894,-0.006115051917731762,-0.8295607924461365,0.8533690750598907,0.12119585093324521,7.7719902992248535,0.008049676161559171,0.2545896326360891,-0.001101490342989564,-0.28445250689983365,0.32211005389690395,0.020639760628090927,8.841744422912598,-0.0017772385833697596,0.0745713125350321,-0.00264759105630219,-0.09896691888570786,0.09316223114728928,0.008840409805280053,9.871734619140625,-0.00032204354058328353,0.03457086219696411,3.555207513272762e-05,-0.04353981092572212,0.04376949556171894,0.002142043080945663,10.833145141601562,9.735243561531833e-06,0.012042734302701428,1.0434945579618216e-05,-0.015472450759261847,0.0150103778578341,0.0001476400000452061,11.642847061157227,2.643935700103194e-06,0.002236621635902598,3.463542088866234e-05,-0.002751344861462712,0.0027246346697211267
F:\Seminario\Seminario-Clustering\datasets\davi\Al Emadi (2019)\Multiclass_Drone_Audio\unknown\4-161579-B-403.wav,Multiclass_Drone_Audio\unknown\4-161579-B-403.wav,al_emadi,4-161579-B-403,1.0216875,0.5879871373916835,7.957366943359375,0.004739218672496092,0.4973376447639303,-0.0075533464550971985,-0.6558134317398071,0.6674155354499818,0.16679624026069192,8.05439567565918,-0.003183974064814514,0.26487983077792976,0.007971672341227531,-0.35419691205024717,0.31781667470932007,0.17731762002346194,8.739425659179688,0.0008212415426054512,0.19369030208709712,-0.0011367942206561565,-0.2305117219686508,0.23660281747579587,0.052272161202110624,9.856542587280273,0.00032284060268291976,0.0744890719154633,0.0012109990930184722,-0.09345606267452239,0.09352122098207474,0.012993770845090366,10.89303207397461,-0.00012417619304385202,0.026280119604368317,-0.0001706905895844102,-0.03385625891387463,0.0336546290665865,0.0026330702769616693,11.829217910766602,-4.094253051985601e-06,0.008368865430748877,-7.825839566066861e-05,-0.010440236888825893,0.010449494048953059
F:\Seminario\Seminario-Clustering\datasets\davi\Al Emadi (2019)\Multiclass_Drone_Audio\unknown\3-155570-A-324.wav,Multiclass_Drone_Audio\unknown\3-155570-A-324.wav,al_emadi,3-155570-A-324,0.95975,0.8287951590617032,5.509757995605469,-8.46356190257196e-06,0.10123653747992499,-5.389269790612161e-05,-0.061834124848246574,0.050776802003383636,0.08222846420965049,4.319355010986328,-0.0003682046301651005,0.031885690145328306,5.429330121842213e-05,-0.009878668002784252,0.008800148498266935,0.02112394210242169,4.8522820472717285,0.000664844279471184,0.0114445617772945,2.3267988581210375e-05,-0.0024170654360204935,0.003166151000186801,0.02994841919888818,5.577658653259277,2.0506700259463652e-05,0.009669464395053036,-1.517031341791153e-05,-0.0020241614896804095,0.0020432355348020794,0.0195168873903969,5.930071830749512,2.0426986043761006e-05,0.005523857058251144,1.034200977301225e-06,-0.000827530975220725,0.0010028535732999457,0.018387128036939558,7.366924285888672,-1.2447138912807984e-06,0.003792973978397524,2.261851477669552e-06,-0.0008554564556106925,0.0008984060841612518
F:\Seminario\Seminario-Clustering\datasets\davi\Al Emadi (2019)\Multiclass_Drone_Audio\unknown\1-100210-B-360.wav,Multiclass_Drone_Audio\unknown\1-100210-B-360.wav,al_emadi,1-100210-B-360,1.0216875,0.1896580601862606,7.661513805389404,0.033375755752251275,0.7437592400555081,0.018970495089888573,-0.8244527220726013,0.9026460289955142,0.023526083078538623,7.984284400939941,0.01376806328440629,0.2618537963774428,-0.000820808345451951,-0.32060558199882505,0.3508421421051027,0.05557978637310761,8.984573364257812,0.014090528342103248,0.28547120847885665,0.006890554679557681,-0.34717662036418917,0.38723176419734956,0.061971339637856615,9.966614723205566,-0.0018647958354873556,0.21376508180289347,0.0006620441563427448,-0.28659280538558957,0.2674904644489289,0.11529008348258475,11.190481185913086,0.0038876705141384148,0.20629082024186485,0.001958813867531717,-0.270998552441597,0.2762493759393692,0.5539746472416518,12.467647552490234,0.0002059106363634895,0.3199460078575271,0.0005943381693214178,-0.4222108066082001,0.41878796815872193
F:\Seminario\Seminario-Clustering\datasets\davi\Al Emadi (2019)\Multiclass_Drone_Audio\unknown\5-232802-A-313.wav,Multiclass_Drone_Audio\unknown\5-232802-A-313.wav,al_emadi,5-232802-A-313,1.0216875,0.0,-0.0,0.0,0.0,0.0,0.0,0.0,0.0,-0.0,0.0,0.0,0.0,0.0,0.0,0.0,-0.0,0.0,0.0,0.0,0.0,0.0,0.0,-0.0,0.0,0.0,0.0,0.0,0.0,0.0,-0.0,0.0,0.0,0.0,0.0,0.0,0.0,-0.0,0.0,0.0,0.0,0.0,0.0
F:\Seminario\Seminario-Clustering\datasets\davi\Al Emadi (2019)\Multiclass_Drone_Audio\unknown\2-83667-A-343.wav,Multiclass_Drone_Audio\unknown\2-83667-A-343.wav,al_emadi,2-83667-A-343,1.0216875,0.5750249852625811,7.941867351531982,-0.00047273281736504757,0.05193641019053692,-0.0006214193999767303,-0.06918599605560302,0.06336595267057424,0.2396189129237411,7.918920516967773,0.0028494976159086994,0.03340665152292076,0.0026228465139865875,-0.03839307874441147,0.04510857611894608,0.12779439434353437,8.908364295959473,-3.43144840357523e-05,0.01736402258192353,-2.5050141630345024e-05,-0.021708409860730173,0.02116329614073038,0.029175208328277503,9.955606460571289,1.4101390677804e-05,0.005876606100457647,8.493698260281235e-05,-0.007418651320040226,0.007428762037307025,0.014367928304415021,10.89936351776123,4.7176412644742395e-05,0.0029178593829988814,1.3822005712427199e-05,-0.0036278807790949942,0.0037356250919401645,0.014018570837450953,11.907873153686523,-1.0830000437127742e-05,0.0020391096867649738,-4.5576991396956146e-05,-0.0025863707531243564,0.0025887077208608393
F:\Seminario\Seminario-Clustering\datasets\davi\Al Emadi (2019)\Multiclass_Drone_Audio\unknown\2-42101-A-433.wav,Multiclass_Drone_Audio\unknown\2-42101-A-433.wav,al_emadi,2-42101-A-433,1.0216875,0.7483521486542548,7.556865692138672,-0.004522675263733248,0.5020794612505206,-0.005159022286534309,-0.5800201892852783,0.5649940848350525,0.1577483729533734,7.881361961364746,0.0028430179241216943,0.23050825569686334,0.006865916308015585,-0.2841622233390808,0.27547720670700093,0.06063968655164967,8.923553466796875,-0.0013566332695288184,0.10135037601276578,0.0003096802392974496,-0.1230991929769516,0.12722902446985246,0.024814053271015876,9.866966247558594,-0.00041588609793995906,0.04592428519056242,0.00024205981753766537,-0.05691904574632645,0.05802318528294564,0.007341814682770511,10.770502090454102,-2.705361224040785e-06,0.01767731230372666,0.00018088851356878877,-0.021617459692060945,0.02156096138060093,0.0011039238869356848,11.937822341918945,-4.520588355418639e-06,0.004849028286780437,-2.1943356841802597e-05,-0.006104038283228874,0.006239577475935221
F:\Seminario\Seminario-Clustering\datasets\davi\Al Emadi (2019)\Multiclass_Drone_Audio\unknown\5-243783-A-444.wav,Multiclass_Drone_Audio\unknown\5-243783-A-444.wav,al_emadi,5-243783-A-444,0.95975,0.35839418676803625,8.0355224609375,0.0027509188536293957,0.14780763235914368,0.012302340473979712,-0.20413485914468765,0.2007577046751976,0.1665762540565303,7.764735698699951,0.001585843029682076,0.10077304394131087,0.0009338367963209748,-0.12169460952281952,0.1309162899851799,0.2669781523279475,8.7779541015625,-0.001010585218885148,0.09049653419431057,-0.00027747746207751334,-0.1155453510582447,0.11332216486334801,0.14364286641690308,9.588456153869629,-0.00023812918359861261,0.04702521716031874,-0.00041035207686945796,-0.056526680290699,0.054750917106866914,0.05207839552447403,10.33182144165039,0.00012867639283045438,0.02003723848062691,-8.241023169830441e-05,-0.022114121913909913,0.023086333833634856,0.012330144906108816,11.131430625915527,1.0158748291896488e-05,0.006897384697181241,-5.573048838414252e-05,-0.007198608014732599,0.007227931637316942
F:\Seminario\Seminario-Clustering\datasets\davi\Al Emadi (2019)\Multiclass_Drone_Audio\membo_1\extra_membo_D2_2034.wav,Multiclass_Drone_Audio\membo_1\extra_membo_D2_2034.wav,al_emadi,extra_membo_D2,1.0026875,0.875772890385348,8.098784446716309,0.00028830410803321705,0.03535119998519561,0.002753119682893157,-0.04899652302265167,0.04309287779033184,0.006595446094751451,7.928570747375488,8.910961622050524e-05,0.003066632031953659,0.00017509132158011198,-0.003934222040697932,0.004173609148710967,0.020061876971412537,8.948457717895508,-3.4630283756116758e-06,0.003796598884930906,7.930908031994477e-05,-0.004948329832404852,0.004672660771757364,0.027999491592855162,9.958139419555664,6.991448342784336e-06,0.003177040011740805,1.603076816536486e-05,-0.004165613558143377,0.004056842066347599,0.037453099882493075,10.964424133300781,-2.0550397383418436e-05,0.002600088768802963,-8.521728886989877e-06,-0.003359098103828728,0.0032922319369390607,0.03211719507313973,11.935368537902832,5.792065071276783e-07,0.001703338471974025,-2.0531100744847208e-05,-0.0021747061517089603,0.0022327625658363115
F:\Seminario\Seminario-Clustering\datasets\davi\Al Emadi (2019)\Multiclass_Drone_Audio\unknown\1-57163-A-382.wav,Multiclass_Drone_Audio\unknown\1-57163-A-382.wav,al_emadi,1-57163-A-382,0.97525,0.0006089616031105389,5.8142852783203125,-5.443357191520204e-05,0.0017071629289854549,-1.7472277249908075e-05,-0.0012800714001059532,0.0012819162104278795,0.0033571588410741243,5.27673864364624,0.00016572054218350356,0.004006964758670472,-3.613042622419016e-06,-0.0018128676107153296,0.0017568020615726706,0.0842290279974288,5.872103691101074,5.966094238997255e-05,0.014254655727193104,3.7231698115647305e-06,-0.004587359260767698,0.00638994388282299,0.2900655581990877,7.158186912536621,0.00025826911232974993,0.01873210209205914,3.618051323428517e-06,-0.006178326904773712,0.00804336741566658,0.3160162679640861,7.063152313232422,0.00033929665107529567,0.013833183682792797,3.0613114176958334e-06,-0.0026095911161974072,0.0036075140815228224,0.3057230253952127,7.757961273193359,1.156507257229035e-05,0.009628119110793176,-1.2613531907845754e-07,-0.001434176554903387,0.001409242697991433
F:\Seminario\Seminario-Clustering\datasets\davi\Al Emadi (2019)\Multiclass_Drone_Audio\unknown\2-96033-A-130.wav,Multiclass_Drone_Audio\unknown\2-96033-A-130.wav,al_emadi,2-96033-A-130,1.0216875,0.7457820490382093,7.99049186706543,1.6960027182701707e-05,0.3593189414963775,-0.001263301819562912,-0.4378336131572723,0.4553977191448212,0.04003249554219815,7.960766792297363,-0.0003746126740594436,0.0832484362979827,-0.001569955376908183,-0.10625801682472229,0.10550593733787536,0.003567278030265024,8.994462966918945,-0.00014346764136557847,0.017622882398182604,0.0006207801634445786,-0.023195549100637435,0.022456331178545952,0.00166286542200809,9.492134094238281,0.0004777365751176906,0.00850929602334169,0.0004200722905807197,-0.009345127269625664,0.010050983726978303,0.0009151798484051981,9.190291404724121,-1.4392968713269077e-05,0.004474067954420481,-5.487658199854195e-06,-0.003424185840412974,0.0033676548395305877,0.20804013211891417,10.302384376525879,8.500647538343177e-06,0.047719511530277134,1.5828030882403255e-05,-0.03465781062841415,0.03456856161355974
F:\Seminario\Seminario-Clustering\datasets\davi\Al Emadi (2019)\Multiclass_Drone_Audio\membo_1\Membo_1_001-membo_004_.wav,Multiclass_Drone_Audio\membo_1\Membo_1_001-membo_004_.wav,al_emadi,Membo_1_001-membo_004,0.896,0.561081497113778,8.167491912841797,0.0021186102600152796,0.1240909719624274,-0.0003757653757929802,-0.15717087388038636,0.16616846024990078,0.010854765727567479,7.859681129455566,-0.0003377220948921139,0.017259077068111826,-0.0004929569113301113,-0.023946128599345685,0.02316827643662691,0.0557480734988393,8.830997467041016,-0.00019038697854902785,0.02775363324233896,-0.0003239711804781109,-0.036893066763877866,0.035365613922476766,0.07725259426127352,9.78415298461914,-0.00015130480695065232,0.023140397224770355,0.00045577206765301526,-0.029921039007604122,0.029344010353088378,0.12757233679121974,10.654348373413086,-0.0001304935871780742,0.02104755219854697,-0.00011644739424809813,-0.026239240914583205,0.02738407477736473,0.16749073260732203,11.617085456848145,-2.8436416078190477e-05,0.017061740845791127,-1.906458055600524e-05,-0.02122453972697258,0.020883869379758835
F:\Seminario\Seminario-Clustering\datasets\davi\Al Emadi (2019)\Multiclass_Drone_Audio\unknown\2-125966-A-112.wav,Multiclass_Drone_Audio\unknown\2-125966-A-112.wav,al_emadi,2-125966-A-112,0.97525,0.33543896621898217,7.719112396240234,-0.0019893969436504157,0.1693599361828137,0.005913589848205447,-0.23140579909086229,0.21236025542020798,0.0864816023319766,7.291548252105713,-0.0010953142240182553,0.08599248822220247,-0.004483102122321725,-0.09505223855376244,0.09469380676746365,0.21190283505316526,7.671830654144287,-0.0009125165574585594,0.09552376425662173,-0.00038880447391420603,-0.0881015881896019,0.08444525301456451,0.14502370306412005,8.831230163574219,0.0008989992262148618,0.05595983259805676,-0.0002569005882833153,-0.05108809284865856,0.05096682161092758,0.12733738458822916,8.699684143066406,-0.00045963345741544285,0.03710871136652437,-0.0005079066613689065,-0.030232183635234833,0.029167436994612217,0.09381550874352679,7.5485734939575195,4.166579298896704e-06,0.02253451490066607,-3.0476017855107784e-05,-0.013446653075516223,0.01360556390136481
F:\Seminario\Seminario-Clustering\datasets\davi\Al Emadi (2019)\Multiclass_Drone_Audio\unknown\4-159426-A-93.wav,Multiclass_Drone_Audio\unknown\4-159426-A-93.wav,al_emadi,4-159426-A-93,1.0216875,0.0,-0.0,0.0,0.0,0.0,0.0,0.0,0.0,-0.0,0.0,0.0,0.0,0.0,0.0,0.0,-0.0,0.0,0.0,0.0,0.0,0.0,0.0,-0.0,0.0,0.0,0.0,0.0,0.0,0.0,-0.0,0.0,0.0,0.0,0.0,0.0,0.0,-0.0,0.0,0.0,0.0,0.0,0.0
F:\Seminario\Seminario-Clustering\datasets\davi\Al Emadi (2019)\Multiclass_Drone_Audio\unknown\5-259180-A-153.wav,Multiclass_Drone_Audio\unknown\5-259180-A-153.wav,al_emadi,5-259180-A-153,1.0216875,0.0,-0.0,0.0,0.0,0.0,0.0,0.0,0.0,-0.0,0.0,0.0,0.0,0.0,0.0,0.0,-0.0,0.0,0.0,0.0,0.0,0.0,0.0,-0.0,0.0,0.0,0.0,0.0,0.0,0.0,-0.0,0.0,0.0,0.0,0.0,0.0,0.0,-0.0,0.0,0.0,0.0,0.0,0.0
F:\Seminario\Seminario-Clustering\datasets\davi\Al Emadi (2019)\Multiclass_Drone_Audio\unknown\1-31251-B-62.wav,Multiclass_Drone_Audio\unknown\1-31251-B-62.wav,al_emadi,1-31251-B-62,0.97525,0.03247019830582129,7.754659652709961,-0.0018096792859002677,0.07461690025790786,-0.00018803169950842857,-0.0932030364871025,0.08996310606598854,0.03080711327002762,7.819853782653809,-0.0016399191496050106,0.07268376929569265,-9.981512266676873e-05,-0.0970752127468586,0.08927769735455512,0.08585207290456928,8.530935287475586,-0.0011316673023580876,0.08611708130356473,-0.0005668181111104786,-0.11160073429346085,0.10890018939971924,0.6508303773772006,8.971920013427734,-0.001202856372096559,0.16792844100546087,0.0013809308293275535,-0.19128374755382538,0.18655449897050858,0.17132315436565954,10.13897705078125,-0.00022151604811979032,0.06097122972762046,-0.00014420970546780154,-0.0681590847671032,0.07157056778669357,0.028717083776721598,11.300267219543457,-9.285143973099764e-06,0.01765914035659983,8.721253834664822e-05,-0.02034940533339977,0.020474237203598027
F:\Seminario\Seminario-Clustering\datasets\davi\Al Emadi (2019)\Multiclass_Drone_Audio\unknown\4-128659-A-331.wav,Multiclass_Drone_Audio\unknown\4-128659-A-331.wav,al_emadi,4-128659-A-331,1.0216875,0.007936382084749354,7.754952907562256,0.0025942260897659827,0.0024262408468816977,0.0027071665972471237,0.001170049048960209,0.0043937029317021375,0.03558873390809057,6.886950492858887,-0.00028997602927063876,0.00751612727630807,8.968116890173405e-05,-0.00829422976821661,0.006884870957583193,0.16207777226882344,7.900525093078613,-0.0003502053062632792,0.01137799255792237,-6.286742063821293e-05,-0.013427125383168459,0.011000601202249544,0.09985610812117891,8.431296348571777,-0.0001709170461913556,0.006326506938018489,-6.7609224061016e-05,-0.00583509299904108,0.0053247780539095405,0.25562792875602075,8.093996047973633,-7.826385115206167e-05,0.007165005340113998,-3.1675892387283966e-05,-0.0030557030579075216,0.0027070271084085116,0.438913074861137,7.713817119598389,1.1448682325453735e-05,0.006641981989226596,2.3532420527772047e-06,-0.0013939679600298404,0.001402042643167079
F:\Seminario\Seminario-Clustering\datasets\davi\Al Emadi (2019)\Multiclass_Drone_Audio\unknown\3-153057-A-430.wav,Multiclass_Drone_Audio\unknown\3-153057-A-430.wav,al_emadi,3-153057-A-430,1.0216875,0.6241911364755052,7.805233955383301,0.007814441900118395,0.7380298365293537,0.0011594591196626425,-1.0188032388687134,0.915890991687775,0.013997957999477553,7.632340431213379,-0.00047790371599086334,0.11052684053769314,0.0,-0.15740676820278168,0.15907309651374826,0.04040337932637575,8.310419082641602,-0.00018920327230305287,0.13316699440837845,-3.253083923482336e-05,-0.17721607983112336,0.22470483779907235,0.2165599904204005,8.946112632751465,-0.0004209486289621896,0.21837457323590317,0.0,-0.26155338883399964,0.25201618671417236,0.09331259703626453,10.322290420532227,-1.7764097840106928e-05,0.10143481907333811,0.0,-0.15004820376634598,0.14308912158012396,0.01153493874197643,10.974969863891602,-1.3549548797717262e-05,0.025228725678205135,0.0,-0.02958633378148079,0.030612934008240705
F:\Seminario\Seminario-Clustering\datasets\davi\Al Emadi (2019)\Multiclass_Drone_Audio\unknown\2-93030-A-213.wav,Multiclass_Drone_Audio\unknown\2-93030-A-213.wav,al_emadi,2-93030-A-213,1.0216875,0.2553469119678299,7.28973913192749,-1.1624909005429385e-06,0.00041667695887983355,-1.1289390386082232e-05,-0.0004509853781200945,0.0004374777199700477,0.19620563362369195,7.587646007537842,5.693475151939861e-06,0.00036520680444963584,-1.0365573871240485e-05,-0.00044216352980583904,0.0004509978462010622,0.1997457947055851,8.155766487121582,1.0062162296900782e-05,0.000261156771827353,3.0913673754184856e-06,-0.0002647367917234078,0.0003103179624304176,0.1890018480342923,8.80034351348877,-4.7462913588090743e-07,0.00018007012798095556,2.1965136056678602e-06,-0.0001712539029540494,0.00017163697921205313,0.1267612340967297,9.776581764221191,4.916351058897194e-08,0.0001043533794285689,1.813640011505413e-07,-0.00010448624234413727,0.00010202491976087915,0.032938577571871096,11.551949501037598,-4.2606490332841056e-08,3.7630179991305074e-05,-5.065712116447685e-07,-4.386179280118085e-05,4.3671556340996176e-05
F:\Seminario\Seminario-Clustering\datasets\davi\Al Emadi (2019)\Multiclass_Drone_Audio\unknown\3-139958-A-372.wav,Multiclass_Drone_Audio\unknown\3-139958-A-372.wav,al_emadi,3-139958-A-372,0.97525,0.06341555014969227,4.990044593811035,-0.0019868595905268285,0.04499297365365273,6.125110667198896e-05,-0.02707470655441284,0.022756491787731647,0.0687705477313435,3.7345974445343018,0.00048456250489672915,0.04689730565283711,-8.709721441846341e-05,-0.006269350973889231,0.006082631368190049,0.1888175887965405,4.819039821624756,0.00023361322050792532,0.055146269962908064,0.0001236594544025138,-0.013574222102761269,0.0131395123898983,0.10782566374331418,5.801062107086182,-0.0006989062194165082,0.029504491851547163,-4.577170329866931e-06,-0.011827697046101093,0.010472438298165798,0.1878153322972362,5.950992107391357,-3.38607995371606e-06,0.027563395069271253,1.6129190953506622e-05,-0.007606779458001256,0.007987248711287975,0.38335531728187333,7.5268964767456055,-5.611084024954353e-05,0.027857792841849974,-1.5378605894511566e-05,-0.013707879930734634,0.014315105602145195
F:\Seminario\Seminario-Clustering\datasets\davi\Al Emadi (2019)\Multiclass_Drone_Audio\unknown\1-50454-A-444.wav,Multiclass_Drone_Audio\unknown\1-50454-A-444.wav,al_emadi,1-50454-A-444,0.95975,0.0,-0.0,0.0,0.0,0.0,0.0,0.0,0.0,-0.0,0.0,0.0,0.0,0.0,0.0,0.0,-0.0,0.0,0.0,0.0,0.0,0.0,0.0,-0.0,0.0,0.0,0.0,0.0,0.0,0.0,-0.0,0.0,0.0,0.0,0.0,0.0,0.0,-0.0,0.0,0.0,0.0,0.0,0.0
F:\Seminario\Seminario-Clustering\datasets\davi\Al Emadi (2019)\Multiclass_Drone_Audio\unknown\3-142605-A-212.wav,Multiclass_Drone_Audio\unknown\3-142605-A-212.wav,al_emadi,3-142605-A-212,0.97525,0.9882946860665348,8.127080917358398,-0.0008165931712901069,0.031687793553511104,-9.790289914235473e-05,-0.04167560450732708,0.039595090597867956,0.0027123515842179327,6.208278656005859,6.0828922515916955e-06,0.0016605923145111738,-4.864344373345375e-05,-0.0015218570828437806,0.0014743794687092303,0.002997789714385405,7.249330520629883,-3.6866058934637544e-06,0.0012388552127735534,1.595602952875197e-06,-0.0011088786413893104,0.0011127851903438568,0.0019257781269033255,9.475099563598633,8.23314391392459e-06,0.0007031457338170556,1.0586358257569373e-05,-0.0008038977684918791,0.0008074520155787468,0.001889296478280198,10.721095085144043,3.3696645965337286e-06,0.0004928675084783803,1.7823840607888997e-05,-0.000610868533840403,0.0006152148416731507,0.002180098029678311,11.885921478271484,1.6578351267952648e-06,0.00037454475183978936,3.861339337163372e-07,-0.0004765852529089898,0.0004917537909932435
F:\Seminario\Seminario-Clustering\datasets\davi\Al Emadi (2019)\Multiclass_Drone_Audio\unknown\3-130998-A-282.wav,Multiclass_Drone_Audio\unknown\3-130998-A-282.wav,al_emadi,3-130998-A-282,0.97525,0.9762040709818991,8.014829635620117,-0.012100337441776868,0.4193964416051001,0.0012076771818101406,-0.5551626980304718,0.5598790943622589,0.01295468021805164,7.467311859130859,-0.00108786769209407,0.04832127914294977,-0.00104831054341048,-0.05817869305610657,0.05322714857757091,0.004311510438641766,8.676129341125488,-0.00034204577457156907,0.019783990889673066,-0.0008888589218258858,-0.024776820093393326,0.024537645280361176,0.001906226381899897,9.710596084594727,1.8284707284636762e-05,0.009317524716404853,0.00013060089258942753,-0.011698170565068722,0.011616579256951809,0.0016951339472002294,10.78231430053711,0.00011869253312495427,0.006216634241730144,-1.61041971296072e-05,-0.007869553286582232,0.007993781473487616,0.002928378032307316,11.851095199584961,3.640909950562924e-05,0.0057811878133299174,-3.0803901609033346e-05,-0.007285061851143837,0.007393069472163916
F:\Seminario\Seminario-Clustering\datasets\davi\Al Emadi (2019)\Multiclass_Drone_Audio\unknown\2-84693-A-490.wav,Multiclass_Drone_Audio\unknown\2-84693-A-490.wav,al_emadi,2-84693-A-490,1.0216875,0.39282652383220834,7.248668670654297,-0.005702926478496387,0.14650938415948137,-0.002085220068693161,-0.16649703383445738,0.1403775870800019,0.18090637608235,7.123800277709961,-0.0007867968523680328,0.09949635237936306,0.0005397771601565182,-0.11624001860618591,0.10462213456630709,0.10164754858035341,8.051863670349121,-0.0004635003404523081,0.052890090418357384,-0.0003243629325879738,-0.05457583293318748,0.056082720682024974,0.11472312149830735,8.59699821472168,-0.00042009725411609305,0.039798747093054844,0.0003157214669045061,-0.03984365463256836,0.034534190595150005,0.11584484458172502,9.752105712890625,0.00071246038042948,0.02829254244365695,-4.8887988668866456e-05,-0.02731718700379133,0.030542004294693476,0.09405158542505594,10.90299129486084,7.077565814844374e-05,0.01803938784272503,8.222447650041431e-05,-0.019456030055880546,0.018891098350286507
F:\Seminario\Seminario-Clustering\datasets\davi\Al Emadi (2019)\Multiclass_Drone_Audio\unknown\5-215179-A-133.wav,Multiclass_Drone_Audio\unknown\5-215179-A-133.wav,al_emadi,5-215179-A-133,1.0216875,0.8971788791765878,7.999503135681152,-6.190456338073677e-05,0.09384332686248038,-0.0029088472947478294,-0.11445037573575974,0.12364814281463624,0.024345759584716048,7.926886081695557,-0.00040178960886138996,0.015453571968323978,0.0004150330205447972,-0.019858943298459053,0.01854763887822628,0.02176312087094226,8.954042434692383,-4.496399401343955e-05,0.010364997057807435,0.00013377521827351302,-0.01288244966417551,0.013163249567151087,0.01681033819747816,9.946613311767578,-3.5746222439305215e-05,0.006452378300179659,-0.00014126519090496004,-0.0080708933994174,0.008205605670809746,0.012303646811285318,10.913419723510742,5.775767446395756e-05,0.0039058077034558026,7.38420567358844e-05,-0.0049616880249232055,0.005000466899946333,0.027598255358990454,11.918474197387695,4.022545346897004e-07,0.004138596204432728,4.206263110972941e-05,-0.005342046357691288,0.005321466177701952
F:\Seminario\Seminario-Clustering\datasets\davi\Al Emadi (2019)\Multiclass_Drone_Audio\unknown\1-84704-A-394.wav,Multiclass_Drone_Audio\unknown\1-84704-A-394.wav,al_emadi,1-84704-A-394,0.95975,0.0,-0.0,0.0,0.0,0.0,0.0,0.0,0.0,-0.0,0.0,0.0,0.0,0.0,0.0,0.0,-0.0,0.0,0.0,0.0,0.0,0.0,0.0,-0.0,0.0,0.0,0.0,0.0,0.0,0.0,-0.0,0.0,0.0,0.0,0.0,0.0,0.0,-0.0,0.0,0.0,0.0,0.0,0.0
F:\Seminario\Seminario-Clustering\datasets\davi\Al Emadi (2019)\Multiclass_Drone_Audio\unknown\2-102567-C-351.wav,Multiclass_Drone_Audio\unknown\2-102567-C-351.wav,al_emadi,2-102567-C-351,1.0216875,0.8906415926851512,8.035789489746094,0.003144461499451438,0.8271645251755064,0.10344301164150238,-1.261797833442688,0.9982400655746461,0.07377286889002793,8.015185356140137,-0.006240154251076165,0.2379811967471505,-0.007166208699345589,-0.31184771060943606,0.2944983780384064,0.023656576455391178,9.063719749450684,0.0002501219543193536,0.09560194578410867,-0.0016797106945887208,-0.1241474598646164,0.12914770394563688,0.0038878890661664042,9.979337692260742,-1.5601792362877227e-05,0.0274520452904822,-0.0002523791044950485,-0.03569521605968475,0.03546290472149849,0.0035039481163451763,10.988454818725586,-0.00011016131628610609,0.018441324353434964,4.2039668187499046e-05,-0.024153234623372554,0.023366244696080687,0.004537124786918162,11.904476165771484,4.763844359922915e-05,0.014844991399066317,0.0001415338774677366,-0.019051748514175414,0.018759525194764138
F:\Seminario\Seminario-Clustering\datasets\davi\Al Emadi (2019)\Multiclass_Drone_Audio\unknown\4-157296-A-241.wav,Multiclass_Drone_Audio\unknown\4-157296-A-241.wav,al_emadi,4-157296-A-241,1.0216875,0.34947850498905103,5.423482894897461,-0.0003331054822639499,0.14639024812922466,-0.0008247962687164545,-0.08450535833835601,0.10431212335824969,0.17146288098163207,4.9574737548828125,0.0036550700551707736,0.10247361060979507,-1.594595960341394e-05,-0.058439975231885904,0.058946115523576786,0.04782088415013035,6.514421463012695,-0.0007126377354289698,0.03839598126153821,2.089781810354907e-05,-0.02790927719324827,0.029172853752970712,0.10987086879376047,6.90684700012207,-0.00035420762579997867,0.0412289797300977,4.771780368173495e-06,-0.02565619871020317,0.024042086675763137,0.252195775888644,7.972620010375977,-8.29145799619838e-05,0.04420268452920001,-9.32993134483695e-06,-0.024888185784220695,0.023796081915497785,0.06917108519678207,8.85206413269043,-2.0741396296959343e-05,0.01637620494264534,1.197113306261599e-07,-0.009202397614717483,0.009884176030755046
F:\Seminario\Seminario-Clustering\datasets\davi\Al Emadi (2019)\Multiclass_Drone_Audio\unknown\1-172649-D-401.wav,Multiclass_Drone_Audio\unknown\1-172649-D-401.wav,al_emadi,1-172649-D-401,1.0216875,0.8562223102559327,7.38469934463501,-0.003560067757935312,0.8508602543686978,0.1615186482667923,-1.231158232688904,0.8947294116020204,0.045439537047583585,7.939554214477539,-0.002381162762072665,0.19599891956182464,0.000264524482190609,-0.23944159150123595,0.25051237940788273,0.021210020617563427,8.754413604736328,0.0019734588261772533,0.09494984205802964,-0.0024228873662650585,-0.1112424574792385,0.12213093265891077,0.025126010104308368,9.289909362792969,2.108052548748546e-05,0.07321579943740363,0.0005937893874943256,-0.08184740096330642,0.07671737670898438,0.012206775255792003,10.299707412719727,1.447987577199333e-05,0.036111595167496416,0.0003004678728757426,-0.03982046134769916,0.03944671638309957,0.03979534671882,11.68887710571289,8.477120371428073e-05,0.046124584183269826,0.0001260323915630579,-0.055151159316301344,0.05580308437347418
F:\Seminario\Seminario-Clustering\datasets\davi\Al Emadi (2019)\Multiclass_Drone_Audio\unknown\4-194754-A-03.wav,Multiclass_Drone_Audio\unknown\4-194754-A-03.wav,al_emadi,4-194754-A-03,1.0216875,0.10406463057814502,3.4097862243652344,0.017288623210657442,0.17120698969048706,0.0024349382147192955,-0.06712406277656555,0.07250273376703265,0.012786938682524156,5.187570095062256,-0.0034708039275198506,0.060219360876638754,-0.0015493303071707487,-0.033715206384658816,0.02576288469135764,0.5137167696958543,5.677366256713867,0.006988805868896291,0.27104363939162585,-0.0007572920003440231,-0.0273047236725688,0.021246921271085756,0.3450007243972638,6.665894031524658,0.0005765433883529297,0.15738174941146665,9.026895713759586e-05,-0.013867997005581854,0.01367985922843218,0.023880525759604473,7.391017913818359,-8.281917193924124e-05,0.029300204654805578,-1.8261871446156874e-05,-0.004753052722662687,0.004695207811892034,0.0005504108866081589,8.938170433044434,-2.124590460643293e-06,0.003146767532310984,-6.416747964976821e-06,-0.0013117771362885834,0.0012935735285282135
F:\Seminario\Seminario-Clustering\datasets\davi\Al Emadi (2019)\Multiclass_Drone_Audio\unknown\2-106073-A-361.wav,Multiclass_Drone_Audio\unknown\2-106073-A-361.wav,al_emadi,2-106073-A-361,1.0216875,0.028274189539793004,8.011094093322754,-0.002356666141159011,0.23065815976612714,-0.0007677599787712097,-0.29794844388961794,0.28320935964584354,0.20194799116009157,8.157947540283203,-0.0021148249115146393,0.6164723884802505,0.04954163730144501,-0.8496476769447326,0.7481066942214971,0.31764274629236045,9.010618209838867,-0.0029568159815733927,0.548287395533376,-0.008435413241386414,-0.6892440676689148,0.7378990948200229,0.18388807450006547,9.971888542175293,0.0050048129662045035,0.2954508160873872,0.007765593472868204,-0.37256333231925964,0.3840627431869507,0.14623611083425778,10.962495803833008,-0.0012936752089832404,0.18646217378832133,0.000425154619733803,-0.2411813646554947,0.2385317176580429,0.12201088767343171,11.968482971191406,-5.366081310047547e-05,0.12048803400416846,-5.4602256568614393e-05,-0.15615111887454985,0.15469796955585483
F:\Seminario\Seminario-Clustering\datasets\davi\Al Emadi (2019)\Multiclass_Drone_Audio\unknown\5-215445-A-473.wav,Multiclass_Drone_Audio\unknown\5-215445-A-473.wav,al_emadi,5-215445-A-473,1.0216875,0.2916817065684408,7.9131669998168945,0.004684868464120294,0.2401173540694899,0.007333897519856691,-0.3063527405261993,0.33297784328460706,0.39703508305013474,7.88485050201416,0.004096250019146119,0.28016870175283154,-0.01123780943453312,-0.3297434449195862,0.35435146093368536,0.2525299236075645,8.798505783081055,0.0002555425986846916,0.1584733243659385,0.0010580865200608969,-0.1923282951116562,0.1941058322787286,0.05614121235642733,9.952974319458008,-0.0002201094042172082,0.05292526334183848,-0.0008247634395956993,-0.06952738463878631,0.06670703738927844,0.0025505714229835867,10.909692764282227,2.5586100896153114e-06,0.00798266258472011,-5.5381678976118565e-06,-0.010490800999104976,0.01013223547488451,6.150299444905253e-05,11.898406028747559,-2.5350908258845364e-07,0.0008768957655002062,-3.4290715120732784e-06,-0.0011170484125614167,0.0010979508282616735
F:\Seminario\Seminario-Clustering\datasets\davi\Al Emadi (2019)\Multiclass_Drone_Audio\unknown\4-111671-B-421.wav,Multiclass_Drone_Audio\unknown\4-111671-B-421.wav,al_emadi,4-111671-B-421,1.0216875,0.0022729267979645453,4.34779167175293,0.0012813403534142722,0.020154724820116352,1.6273465007543564e-05,-0.011421723663806916,0.01237546540796757,0.01101375034236208,7.187421798706055,-0.0007177759024683418,0.04444992455289095,0.0008269813843071461,-0.04778460189700127,0.0457696616649628,0.41054594771239283,8.042891502380371,0.0015256686157020124,0.19247574262303355,0.0028534000739455223,-0.17814439833164214,0.17668897956609728,0.5116235679865961,9.788411140441895,-0.00014949179250040633,0.15219816451444332,0.0026587308384478092,-0.18351968824863432,0.1808755666017533,0.061932675703661164,10.736331939697266,6.588519188584095e-05,0.03747112649154018,0.0002844913542503491,-0.04702044762670994,0.04575091861188412,0.0026111314570232483,11.950952529907227,2.6153786248523857e-06,0.005442803111844379,-3.576691960915923e-05,-0.006859829183667898,0.006926411204040059
F:\Seminario\Seminario-Clustering\datasets\davi\Al Emadi (2019)\Multiclass_Drone_Audio\unknown\2-158746-B-24.wav,Multiclass_Drone_Audio\unknown\2-158746-B-24.wav,al_emadi,2-158746-B-24,0.95975,0.5668217969386862,7.659377098083496,-0.001858438572121991,0.7512768205864161,-0.01972188428044319,-0.9234969317913055,0.9291317760944366,0.04770195538325586,7.526759624481201,0.0087537059527841,0.21776874527793313,0.0031440374441444874,-0.2454994097352028,0.29289764165878296,0.2928821184409996,8.359760284423828,0.002313379266040928,0.38304176978246296,0.015056104864925146,-0.46165187656879425,0.45105142891407013,0.08057186709723049,8.888725280761719,-0.0001047850242746365,0.14232213293854626,0.0015093358233571053,-0.1501823753118515,0.14619220197200786,0.010578166933734125,9.667583465576172,3.0068195380818516e-05,0.036493000070218204,-2.137002593372017e-05,-0.03414181917905808,0.03419652208685878,0.0014440952060937977,11.116764068603516,7.087601296968764e-07,0.009538612864010811,4.9107999075204134e-05,-0.010252382606267929,0.010142345912754536
F:\Seminario\Seminario-Clustering\datasets\davi\Al Emadi (2019)\Multiclass_Drone_Audio\unknown\2-85434-A-274.wav,Multiclass_Drone_Audio\unknown\2-85434-A-274.wav,al_emadi,2-85434-A-274,0.95975,0.021504112823645196,7.944292068481445,0.0012947534144029152,0.035548783172189874,0.0015330634196288884,-0.04462849907577038,0.049179038032889366,0.00895660876858734,7.032686710357666,0.0006453007771758125,0.022948379485003324,-9.527930524200201e-05,-0.023620029911398888,0.02413851860910654,0.019745438869363214,8.360039710998535,-3.823529512912621e-05,0.02417765996214993,0.0005000166711397469,-0.02721538208425045,0.029624532908201218,0.17062161327590697,9.271689414978027,2.2408638497989916e-05,0.050346767052736954,0.0004794523410964757,-0.0559274360537529,0.056437220424413695,0.35805978198821464,10.094234466552734,-0.0005887852551568471,0.05160927690211981,4.36524860560894e-05,-0.05908898338675499,0.05649494938552383,0.4211124442742826,10.774089813232422,-7.075986866626986e-05,0.039596740674439045,0.00013957911869511008,-0.04073944315314293,0.03954511508345604
F:\Seminario\Seminario-Clustering\datasets\davi\Al Emadi (2019)\Multiclass_Drone_Audio\unknown\4-161103-A-474.wav,Multiclass_Drone_Audio\unknown\4-161103-A-474.wav,al_emadi,4-161103-A-474,0.95975,0.5460202280463701,7.906940460205078,0.0024383913806099214,0.5389226953953816,0.0640910342335701,-0.7200764715671539,0.6083657741546631,0.14855628062729898,7.638214111328125,0.0035846933752198707,0.2810844039856724,0.00022224930580705404,-0.3321884870529175,0.34545762836933136,0.1375297628036443,8.44851016998291,0.0021232457504430343,0.19183501376833498,-0.0039866401348263025,-0.21411258727312088,0.22477395832538605,0.13007805057857347,9.096750259399414,-0.0008250860255755872,0.13216694909720614,-0.0036231891717761755,-0.14006461799144745,0.14331898987293243,0.03469507756303109,10.056217193603516,7.148037266148411e-05,0.048304373732016445,0.0005026011494919658,-0.05208230800926685,0.051386976242065445,0.003120600381082064,11.18510913848877,-2.3497158712470416e-06,0.010248371582481592,-1.5641096979379654e-05,-0.011253285221755505,0.011112313717603683
F:\Seminario\Seminario-Clustering\datasets\davi\Al Emadi (2019)\Multiclass_Drone_Audio\bebop_1\mixed_37-bebop_001_.wav,Multiclass_Drone_Audio\bebop_1\mixed_37-bebop_001_.wav,al_emadi,mixed_37-bebop_001,1.024,0.565592153909303,7.213164329528809,-0.001103366758408291,0.17444263507211305,-0.00685230060480535,-0.19410868287086486,0.19215514361858368,0.03860518025528143,7.540476322174072,0.0018032247529402878,0.04553991695844725,0.0017818760825321078,-0.053160720691084865,0.05608608238399031,0.03009208311390953,8.849691390991211,0.0006357895632108303,0.028528188608082154,0.001145248708780855,-0.03569393903017044,0.036760495975613594,0.08686075842853606,9.95732307434082,-0.00034260058329578264,0.034329261213928104,-0.00016660173423588276,-0.04445493556559085,0.04350252598524094,0.15895973580139075,10.940820693969727,0.00014537788902546086,0.032867672572232116,-0.0004531672166194767,-0.04191330447793007,0.04092526063323021,0.11989008849157924,11.919466018676758,1.0247432434124125e-05,0.020192570821205885,-0.0002351776056457311,-0.025512709841132162,0.025781999155879032
F:\Seminario\Seminario-Clustering\datasets\davi\Al Emadi (2019)\Multiclass_Drone_Audio\unknown\1-9886-A-492.wav,Multiclass_Drone_Audio\unknown\1-9886-A-492.wav,al_emadi,1-9886-A-492,0.97525,0.07611335520069615,6.634934902191162,0.005882404261583986,0.10160241653909055,1.591227191966027e-05,-0.09818262979388237,0.08805045410990713,0.07816822167842391,6.9443559646606445,-0.0038086990485599864,0.10306686463858608,-0.0003291302127763629,-0.11734342575073242,0.1052096769213676,0.16602183389706238,7.533785343170166,0.0031022692661887654,0.1066173991240686,0.00076597387669608,-0.09424526244401932,0.10444310307502747,0.11779695246479814,8.776154518127441,0.0010267143073258863,0.06361943344960254,0.000519681692821905,-0.06170781888067722,0.0660613551735878,0.32880522177467164,9.936564445495605,-0.0010606349350844946,0.07521835291005502,-0.00014646031195297837,-0.08276765421032906,0.07966546341776848,0.2330944149843478,11.119335174560547,-5.593384790970272e-05,0.044806692743129053,4.186143632978201e-05,-0.052061094343662254,0.049630457162857064
F:\Seminario\Seminario-Clustering\datasets\davi\Al Emadi (2019)\Multiclass_Drone_Audio\unknown\4-165933-A-451.wav,Multiclass_Drone_Audio\unknown\4-165933-A-451.wav,al_emadi,4-165933-A-451,1.0216875,0.44195025334345145,7.325900554656982,-0.012603875149196335,0.6350414430166775,-0.005641967058181763,-0.7280272960662841,0.7239460110664369,0.290027299557003,7.623765468597412,-0.0005091341506019667,0.514541141283579,-0.016296550631523132,-0.6111327767372131,0.6608848452568055,0.20836926234297456,8.286179542541504,-0.003357182609633967,0.30927217055893347,-0.007164137903600931,-0.32936957478523254,0.33225907683372524,0.036793936859896514,9.221778869628906,0.0012538471570128931,0.09204983626767534,0.001183711807243526,-0.09955524802207946,0.09752788692712787,0.01944957147861543,9.737632751464844,-5.587776507492671e-06,0.047362362251355546,5.5066600907593966e-05,-0.044184225425124166,0.044805234670639044,0.003409676418059073,10.632720947265625,1.3263382342825606e-05,0.014028316664758568,4.130968591198325e-06,-0.013565163873136044,0.013592663221061244
F:\Seminario\Seminario-Clustering\datasets\davi\Al Emadi (2019)\Multiclass_Drone_Audio\unknown\5-235956-A-470.wav,Multiclass_Drone_Audio\unknown\5-235956-A-470.wav,al_emadi,5-235956-A-470,1.0216875,0.9247096726975673,7.696676254272461,-0.006082461424517793,1.0578849752689297,-0.017350049689412117,-1.2769912004470825,1.279591488838196,0.029455041485402216,8.00263786315918,-0.0005798744099895602,0.1888081353391488,0.007194195874035358,-0.2488284170627594,0.23329583704471601,0.030665772350077454,8.976180076599121,-0.003075560390544287,0.1365867352839416,-0.0006809851038269699,-0.1811055839061737,0.17180917859077457,0.013697893799443254,9.801137924194336,0.0007038375879861751,0.06467231366596389,0.0008282526396214962,-0.08077878803014756,0.08377457261085511,0.001436770884146457,10.796333312988281,-6.963784750896931e-06,0.014822249622715902,-0.00010176171781495214,-0.018301146663725374,0.018574011884629735,3.484878336332373e-05,11.767120361328125,-1.1247823343641112e-06,0.0016329951954378137,-1.2414529919624329e-06,-0.002019069390371442,0.0019833711441606303
F:\Seminario\Seminario-Clustering\datasets\davi\Al Emadi (2019)\Multiclass_Drone_Audio\unknown\3-144128-B-234.wav,Multiclass_Drone_Audio\unknown\3-144128-B-234.wav,al_emadi,3-144128-B-234,0.95975,0.012386107053718932,7.321402549743652,0.00010338321287681276,0.05459948794064973,0.001608107122592628,-0.06736407801508904,0.06995537877082825,0.06959667624241364,6.926227569580078,0.005041963387579945,0.1293261584147658,0.0008818846545182168,-0.13455966114997864,0.14040156453847885,0.31786088895660175,7.881738662719727,-0.005947963358251797,0.19609673351273768,-0.0004553410835796967,-0.23558002710342407,0.20616095513105392,0.4030108884819925,9.05041217803955,0.00232401006943516,0.15647148435126262,0.0002855794446077198,-0.18483498990535735,0.1776681035757065,0.1510427627950104,9.91171932220459,0.0011821002338963489,0.06778480234659524,-1.7234106962860096e-05,-0.07432624474167823,0.07399786785244945,0.046102676470262775,10.827898979187012,-4.965533426246288e-06,0.026496850230455397,-2.7687347028404474e-06,-0.028443066403269768,0.028157895430922508
F:\Seminario\Seminario-Clustering\datasets\davi\Al Emadi (2019)\Multiclass_Drone_Audio\unknown\1-28005-A-182.wav,Multiclass_Drone_Audio\unknown\1-28005-A-182.wav,al_emadi,1-28005-A-182,0.97525,0.013145691323239263,7.0935869216918945,-0.0029251884830727238,0.11170292716307549,-0.0037381090223789215,-0.12641451209783555,0.12437858134508133,0.08357735793792653,7.106625080108643,0.011312722650885409,0.2815241736141666,0.006540355738252401,-0.3047858119010925,0.32763286530971525,0.10726102584396828,8.172924041748047,0.0076124323401893235,0.22637383488897536,0.0019037253223359585,-0.2318655401468277,0.2801867425441742,0.47438317076798464,9.081661224365234,-0.0018482668735258327,0.3373330476065166,0.001652776962146163,-0.37083253264427185,0.36727313697338104,0.28320841702614147,10.019014358520508,0.0005933588754194188,0.1844462853173449,0.0009704448748379946,-0.1934208646416664,0.19625937938690186,0.03842433710073982,11.410469055175781,3.501739895902276e-06,0.04806200976983419,-8.440017700195312e-05,-0.054616800695657726,0.05513606667518616
F:\Seminario\Seminario-Clustering\datasets\davi\Al Emadi (2019)\Multiclass_Drone_Audio\unknown\4-188003-A-344.wav,Multiclass_Drone_Audio\unknown\4-188003-A-344.wav,al_emadi,4-188003-A-344,0.95975,0.9867802548450945,7.925251007080078,-0.000205688641427166,0.008148875380893834,-8.213602723117219e-05,-0.010744476690888405,0.010915881022810936,0.0032108034449159677,7.764987468719482,-5.733517497102547e-06,0.00046494288195654174,7.538503496107296e-06,-0.0006081219471525401,0.0005849221197422594,0.0019296418967341866,8.729894638061523,6.9496225591458825e-06,0.00025558371856440295,1.1879894827870885e-06,-0.0003116759762633592,0.00032639806158840656,0.0016666046652548058,9.767007827758789,-1.4569284685835141e-06,0.00016831722006779536,-1.5765340322104748e-06,-0.00021815590152982623,0.00021445313177537176,0.0027350085211185963,10.443436622619629,1.2555680437458546e-06,0.0001525867531391867,-7.389644451905042e-13,-0.00017730363033479079,0.00018393509089946748,0.0036776866268819295,10.883151054382324,2.231546013578463e-06,0.00012515648264500615,7.912490218586754e-07,-0.00013076643517706543,0.00013488323020283133
F:\Seminario\Seminario-Clustering\datasets\davi\Al Emadi (2019)\Multiclass_Drone_Audio\unknown\4-261068-A-301.wav,Multiclass_Drone_Audio\unknown\4-261068-A-301.wav,al_emadi,4-261068-A-301,1.0216875,0.9838517515008701,6.081472873687744,0.04697705398501047,0.987399105287132,0.024922126904129982,-0.5494971752166747,0.612648808956147,0.015248615177835214,5.378985404968262,-0.0005552907326089613,0.12306360332765792,6.873742677271366e-06,-0.0659723311662674,0.04445800855755826,0.0007097295658302187,5.133431434631348,3.724703211846362e-05,0.01882838918717009,3.7836143746972084e-06,-0.005729152355343103,0.006027312763035299,9.134390151725745e-05,6.490060806274414,-1.38442079597438e-05,0.004784439720463226,-1.4173274394124746e-06,-0.0016659469576552509,0.0016823969781398775,6.311411268761882e-05,6.910560131072998,-2.797634329518802e-05,0.0028140907236688193,-3.1881063478067517e-07,-0.0008070467039942741,0.0008048549760133032,3.544574125952863e-05,8.23507022857666,-1.0464237212277693e-06,0.0014919320281952335,1.701992005109787e-07,-0.000425077136605978,0.0004368173424154521
F:\Seminario\Seminario-Clustering\datasets\davi\Al Emadi (2019)\Multiclass_Drone_Audio\unknown\5-173568-A-330.wav,Multiclass_Drone_Audio\unknown\5-173568-A-330.wav,al_emadi,5-173568-A-330,1.0216875,0.012486874671715904,7.89238977432251,0.0006387093564848067,0.07183713703011016,0.00014058651868253946,-0.08940390050411225,0.0905189797282219,0.0024533159529393587,7.688928127288818,-0.0041704678474416565,0.03156886818702551,-0.001757787773385644,-0.04713802486658096,0.03161295428872109,0.15258618671884153,8.21228313446045,-0.001649982281739437,0.17808485371530383,-0.0005228178051766008,-0.21853272765874862,0.2072031453251839,0.16558624202178732,9.155542373657227,0.00012617766504080397,0.1314091200868369,-0.00012982269981876016,-0.15403526425361633,0.15334064960479737,0.26853661996783046,10.37337589263916,-3.9053307458706464e-05,0.11841821013399911,1.4529057807521895e-05,-0.14939661473035812,0.1467550203204155,0.39835076066688546,11.195877075195312,-0.00021559234952736296,0.10202801354409798,3.6701158023788594e-06,-0.11953622698783875,0.11859571933746339
F:\Seminario\Seminario-Clustering\datasets\davi\Al Emadi (2019)\Multiclass_Drone_Audio\unknown\2-104952-B-164.wav,Multiclass_Drone_Audio\unknown\2-104952-B-164.wav,al_emadi,2-104952-B-164,0.95975,0.40433323860281684,7.855340957641602,-0.0009401678260983017,0.22472724527732743,-0.0008956845849752426,-0.2865230590105057,0.28187164664268494,0.4875159602224207,7.85321044921875,-0.0028346972434624357,0.24674908800227252,-0.0023814410087652504,-0.3228926509618759,0.3053095042705536,0.09203711216545649,8.836599349975586,6.144496281262522e-05,0.07605026212892488,0.000722946017049253,-0.09563116729259491,0.09497733041644096,0.011125512393678604,9.820212364196777,6.248258708525667e-05,0.018730533922090915,4.230928607285023e-05,-0.023701060190796853,0.02415964342653752,0.0035164721746463,10.85948657989502,2.8850666364957686e-06,0.007451947824795938,-0.0001132145116571337,-0.009639223385602236,0.009711921587586408,0.0014717044409810285,11.804265975952148,-1.7212627655490116e-05,0.003410388075305213,-2.4954599211923778e-05,-0.004331587813794613,0.004290378652513027
F:\Seminario\Seminario-Clustering\datasets\davi\Al Emadi (2019)\Multiclass_Drone_Audio\bebop_1\B_S2_D1_116-bebop_000_.wav,Multiclass_Drone_Audio\bebop_1\B_S2_D1_116-bebop_000_.wav,al_emadi,B_S2_D1_116-bebop_000,1.024,0.7151204269140728,7.6401262283325195,-0.008052990306618275,0.5145470377728982,-0.0271052410826087,-0.5674126625061036,0.5996040999889374,0.03406242960577644,7.584580421447754,-0.0003467971362898569,0.11231155555669843,0.0027555557899177074,-0.12639299035072327,0.12697160691022874,0.018253655006048156,8.940752029418945,-0.00020618127167730104,0.05830518169629734,-0.0016990613075904548,-0.07411438301205635,0.07822841256856919,0.04931958941452837,9.943334579467773,0.00381669875630767,0.06776028637055609,0.0030327277490869164,-0.08341935724020004,0.08879438340663912,0.10094119143206814,10.916622161865234,0.0004074170286095689,0.06871242356541817,0.0010589752346277237,-0.0877455621957779,0.08749854564666748,0.08230270762750605,11.910614967346191,-0.0002313375386882936,0.04389146912184295,-0.0002985399914905429,-0.0566023588180542,0.05584005042910576
F:\Seminario\Seminario-Clustering\datasets\davi\Al Emadi (2019)\Multiclass_Drone_Audio\unknown\2-133889-A-300.wav,Multiclass_Drone_Audio\unknown\2-133889-A-300.wav,al_emadi,2-133889-A-300,1.0216875,0.9578987970314505,8.10245132446289,-0.0018356899916405142,0.5873438726637711,-0.03188857063651085,-0.7168941259384155,0.8501873254776001,0.03280199466692528,5.259403228759766,0.002290458658324398,0.10866468217239683,-0.0007927149417810142,-0.03907432407140732,0.04652750641107559,0.008932738022326372,6.321206569671631,-0.00013916283924719644,0.040222881005486946,-0.00024305121041834354,-0.017414512671530245,0.016646670736372476,0.0003577031822350647,7.391733646392822,1.7530972325411117e-05,0.005701227825505293,-3.762589767575264e-05,-0.0024093474727123975,0.00256001902744174,8.342274000271817e-06,7.8127970695495605,-4.443375396881284e-07,0.000616104419662251,-1.0997755452990532e-06,-0.0003048871993087232,0.0002948879846371711,4.248230624410478e-07,10.435491561889648,3.636815152721889e-07,9.835219823038715e-05,8.335337042808533e-07,-9.833168151089922e-05,9.878196869976826e-05
F:\Seminario\Seminario-Clustering\datasets\davi\Al Emadi (2019)\Multiclass_Drone_Audio\unknown\4-165823-A-413.wav,Multiclass_Drone_Audio\unknown\4-165823-A-413.wav,al_emadi,4-165823-A-413,1.0216875,0.13958275213667315,7.989782333374023,-0.002282185814608198,0.4375637931097376,-0.0025993362069129944,-0.5766870260238648,0.5461932182312016,0.06603351353753613,7.674841403961182,-0.04003799946373419,0.2982882739188626,-0.04369187727570534,-0.389903450012207,0.3297327220439918,0.1386040421977029,8.906024932861328,0.008255826133681128,0.3091101293182405,0.009547144640237093,-0.3877835780382156,0.4097822457551956,0.28245996581852256,9.877666473388672,0.005317364424983144,0.3126233020245813,0.0031229748856276274,-0.38677591681480405,0.41009556055068974,0.26745670199074695,10.862589836120605,-0.000700187803865028,0.21529469117085534,-9.414245141670108e-05,-0.2764880329370499,0.2714726924896241,0.10586302431881833,11.839157104492188,-4.918187528883272e-05,0.09581903098900839,0.0012590158730745316,-0.121867074072361,0.11927248537540447
F:\Seminario\Seminario-Clustering\datasets\davi\Al Emadi (2019)\Multiclass_Drone_Audio\unknown\1-72195-A-373.wav,Multiclass_Drone_Audio\unknown\1-72195-A-373.wav,al_emadi,1-72195-A-373,1.0216875,0.00016174069302773847,5.813521385192871,-0.00646481919469687,0.019129495969765483,-0.0014032364124432206,-0.026653553545475005,0.0006552879931405188,2.5229731234096405e-05,4.878105163574219,3.4650592493911045e-05,0.007974981822311673,-3.081163413298782e-06,-0.004711203742772341,0.004931268934160472,1.0069276698632388e-05,7.01769495010376,-0.00011077161130844053,0.0035712193630359546,-8.408828307437943e-06,-0.0031165548134595156,0.0025261514587327874,0.011480321179430035,8.33765983581543,0.0005893295004208746,0.08545126123788131,-1.7516786101623438e-06,-0.05689002200961112,0.05721818283200274,0.46498309676133104,9.13408088684082,-0.0011205642354925746,0.3848324542213166,1.6338203749910463e-06,-0.1208351597189903,0.1163797065615655,0.5233395423582785,10.095378875732422,-0.00010553941195430416,0.2888135078999482,-1.842454366851598e-07,-0.06956487149000168,0.07301391065120706
F:\Seminario\Seminario-Clustering\datasets\davi\Al Emadi (2019)\Multiclass_Drone_Audio\unknown\4-159609-B-143.wav,Multiclass_Drone_Audio\unknown\4-159609-B-143.wav,al_emadi,4-159609-B-143,1.0216875,0.778302450378716,8.769683837890625,-0.037162959934131205,0.01196238087414832,-0.03673768416047096,-0.05189147442579269,-0.023115281388163565,0.016690970313077192,7.8898515701293945,0.00029999445375695474,0.0057093493651542955,0.000288554176222533,-0.006760903634130955,0.007233121339231734,0.04531782360903885,8.98636531829834,0.00016069747889489172,0.0066788559596841325,0.0003574458241928369,-0.008392631076276302,0.008882484119385482,0.0837088775667802,9.928474426269531,-8.091674903345764e-05,0.006430877124689693,-0.00018844402802642435,-0.00820705983787775,0.008242452330887318,0.05794143251616378,10.676580429077148,-2.830423707703169e-05,0.003786208029465409,-5.690408761438448e-05,-0.0046307685319334265,0.004654294857755303,0.018038445616223902,11.114950180053711,-2.111937580028887e-06,0.0014944862390792492,-7.325332262553275e-06,-0.0016088163014501332,0.0016086811665445568
F:\Seminario\Seminario-Clustering\datasets\davi\Al Emadi (2019)\Multiclass_Drone_Audio\unknown\3-126358-A-34.wav,Multiclass_Drone_Audio\unknown\3-126358-A-34.wav,al_emadi,3-126358-A-34,0.95975,0.19534988023616015,7.740209102630615,0.011583719935762569,0.3271782592113478,0.0035686418414115906,-0.39293597638607025,0.41465574502944946,0.366780924889026,7.5283684730529785,-0.003060013562184088,0.448583369265501,0.024558216333389282,-0.548242449760437,0.5179655253887177,0.262642554942721,8.551688194274902,-0.003096250253662035,0.2692361022120584,0.0034481778275221586,-0.32844847440719604,0.30651749670505524,0.1607862227584848,9.553741455078125,0.0005650667017386234,0.14923613223115453,-0.0010008392855525017,-0.17199929654598237,0.18244676887989045,0.013883080996770332,10.463687896728516,-0.00017864401108395653,0.031032164531110743,0.0004565746057778597,-0.03693586587905884,0.03495572209358216,0.0005573361768376819,11.588183403015137,6.039838063029376e-06,0.004398629111602785,-1.7231213860213757e-05,-0.005218036938458681,0.005412299185991287
F:\Seminario\Seminario-Clustering\datasets\davi\Al Emadi (2019)\Multiclass_Drone_Audio\unknown\3-197435-B-224.wav,Multiclass_Drone_Audio\unknown\3-197435-B-224.wav,al_emadi,3-197435-B-224,0.95975,0.001867203068505543,4.893272876739502,-8.284649790491614e-05,0.01200151301316453,-4.316416379879229e-05,-0.0027247609104961157,0.003454460995271802,0.024558901412054367,4.428271293640137,-0.005929073476696698,0.04312091919786619,-5.002051040037259e-07,-0.009994661901146173,0.00650376919656992,0.15041628675678947,5.1919355392456055,0.0007574902869078154,0.07640226094236818,1.429569351785176e-06,-0.009256461635231972,0.013744995929300785,0.43858247273481915,5.868865966796875,-0.0015275211443606278,0.0924101475595297,-1.7071510001187562e-06,-0.008820120058953761,0.010592320933938026,0.278103688538677,6.248852729797363,-0.0004690879746076462,0.052079018011487115,-6.590999532818387e-07,-0.005528907431289553,0.005443549808114773,0.10647144748915444,6.68809700012207,-7.045278629061811e-05,0.022796823982869217,0.0,-0.001999011030420661,0.0020607581827789545
F:\Seminario\Seminario-Clustering\datasets\davi\Al Emadi (2019)\Multiclass_Drone_Audio\unknown\3-142604-A-244.wav,Multiclass_Drone_Audio\unknown\3-142604-A-244.wav,al_emadi,3-142604-A-244,0.95975,0.9168701184260315,8.013382911682129,0.0002761630472029796,0.014304252112617434,0.0001385058494633995,-0.01897865068167448,0.018162927590310574,0.03691806718061759,3.7340989112854004,-0.00015591156698289445,0.0028666207647374065,-4.451255517778918e-05,-0.0016935564926825464,0.001251751440577209,0.0199461723735564,5.443600177764893,-1.552803963438743e-05,0.0014966773247487232,-2.5498269678791985e-05,-0.001005384256131947,0.0008709605317562819,0.013795515998818252,8.211668014526367,4.624610572301952e-06,0.0008817753577020756,4.902660293737426e-06,-0.0008255709311924875,0.0008185187354683883,0.007129545234995301,10.084798812866211,-2.3923512203112256e-06,0.00044858356589727735,2.3626262191100977e-07,-0.0005010710912756622,0.0004791379207745195,0.005340580785980996,10.685126304626465,-5.361214120379009e-07,0.00027465964062990623,1.8014288798440248e-06,-0.0002783520903903991,0.00027468858752399683
F:\Seminario\Seminario-Clustering\datasets\davi\Al Emadi (2019)\Multiclass_Drone_Audio\unknown\5-160614-G-480.wav,Multiclass_Drone_Audio\unknown\5-160614-G-480.wav,al_emadi,5-160614-G-480,1.0216875,0.09196764552445344,6.540864944458008,-0.0004311473150147626,0.054844247758342624,0.001766197383403778,-0.05545798912644386,0.05481563657522202,0.05668394795921243,5.961149215698242,0.00021684411978457175,0.04305777149278418,-0.0004334751865826547,-0.03193327113986015,0.029780363291502,0.14255620473607716,5.006814956665039,0.0005961784760421618,0.04842123448140824,0.0005020056269131601,-0.017663368210196494,0.021179651096463203,0.47662252914943015,5.659369945526123,-0.0004007282114297595,0.06271619318002788,0.0005459408275783062,-0.02429729700088501,0.024525625631213188,0.18605756444524604,7.921652793884277,-0.00014578424555823394,0.027728227439908586,0.0001176878868136555,-0.020965806767344473,0.020070097781717783,0.046112108185580744,7.592342376708984,-3.144830483421245e-05,0.009765185498635994,-1.735936530167237e-05,-0.0058408666402101515,0.006027018371969462
F:\Seminario\Seminario-Clustering\datasets\davi\Al Emadi (2019)\Multiclass_Drone_Audio\unknown\1-17565-A-123.wav,Multiclass_Drone_Audio\unknown\1-17565-A-123.wav,al_emadi,1-17565-A-123,1.0216875,0.25800120380132474,7.805909156799316,-0.00011287776665938604,0.06189022715285986,-0.0034381053410470486,-0.07612188160419464,0.07300459444522858,0.023902622431609448,5.699761390686035,-3.128643590537876e-05,0.018837971059663474,-0.00015261571388691664,-0.014061307162046432,0.013483020290732388,0.06580335615845856,5.603754997253418,-0.0010513911692770213,0.0221409152165101,-0.00016187787696253508,-0.010048431437462568,0.008724092319607735,0.10261191294201663,5.696736812591553,0.00038431839195730556,0.019602057672066745,6.206404941622168e-05,-0.005643132608383894,0.006263631395995619,0.28325287027734675,6.218084812164307,-0.00041059555089597416,0.023046641265729122,-2.2307363906293176e-05,-0.006288715638220309,0.006010251026600601,0.26642803438924384,6.548928260803223,6.161312942464146e-05,0.015814186823787435,2.2323656594380736e-06,-0.004126304574310779,0.004205888044089083
F:\Seminario\Seminario-Clustering\datasets\davi\Al Emadi (2019)\Multiclass_Drone_Audio\unknown\5-223810-A-353.wav,Multiclass_Drone_Audio\unknown\5-223810-A-353.wav,al_emadi,5-223810-A-353,1.0216875,0.48005348926062824,7.94927453994751,0.0005903539693206404,0.07709800299695982,0.0005384460091590881,-0.09071288406848907,0.09539539366960527,0.2834782964433196,7.951957702636719,0.0022175465485286434,0.05920610839893103,0.006208144128322601,-0.07286670804023743,0.07921245694160466,0.1362128686961232,8.306042671203613,-0.000531205073708647,0.02912034868538132,-0.00026753576821647584,-0.03080195188522339,0.030507111735641957,0.06439851428279136,8.622482299804688,0.00013641279427046725,0.01418414496532469,0.0002814987674355507,-0.012817203626036644,0.013088573887944224,0.022018890001200202,10.053112030029297,9.604700562882047e-05,0.005868512943474208,3.670573642011732e-05,-0.00584443211555481,0.006077492143958807,0.01383794131593737,9.211156845092773,2.847423551339658e-07,0.0032915090161708327,-7.374212145805359e-06,-0.0028077843599021435,0.002744067925959826
F:\Seminario\Seminario-Clustering\datasets\davi\Al Emadi (2019)\Multiclass_Drone_Audio\unknown\silence113.wav,Multiclass_Drone_Audio\unknown\silence113.wav,al_emadi,silence113,0.7430625,0.0,-0.0,0.0,0.0,0.0,0.0,0.0,0.0,-0.0,0.0,0.0,0.0,0.0,0.0,0.0,-0.0,0.0,0.0,0.0,0.0,0.0,0.0,-0.0,0.0,0.0,0.0,0.0,0.0,0.0,-0.0,0.0,0.0,0.0,0.0,0.0,0.0,-0.0,0.0,0.0,0.0,0.0,0.0
F:\Seminario\Seminario-Clustering\datasets\davi\Al Emadi (2019)\Multiclass_Drone_Audio\unknown\1-54065-A-453.wav,Multiclass_Drone_Audio\unknown\1-54065-A-453.wav,al_emadi,1-54065-A-453,1.0216875,0.5449025042032193,7.911169052124023,0.00562879864335406,0.53412614881662,0.007438020780682564,-0.6560184478759765,0.6672191500663759,0.3039351778965022,7.737095832824707,-0.017114844375850213,0.3985648389361195,-0.011827504262328148,-0.5131662249565124,0.4950843632221222,0.09329921809310664,8.866920471191406,-0.0009912521701765538,0.15674279322879375,-0.00462721916846931,-0.19285035878419876,0.19679339528083814,0.034667844064302386,9.844077110290527,-0.0007256960975319391,0.0676739128922766,-0.000456781592220068,-0.08618942201137543,0.08240835517644883,0.02087831804409482,10.846014976501465,-7.915879532651915e-05,0.03716488382188919,-0.0003804817679338157,-0.04628233760595322,0.04687890782952309,0.0023169376987747146,11.844882011413574,8.951294073829804e-06,0.00875817795279715,-5.498815153259784e-05,-0.010890843160450457,0.011104157939553265
F:\Seminario\Seminario-Clustering\datasets\davi\Al Emadi (2019)\Multiclass_Drone_Audio\unknown\1-49409-A-84.wav,Multiclass_Drone_Audio\unknown\1-49409-A-84.wav,al_emadi,1-49409-A-84,0.95975,0.045784613257204364,7.968879222869873,0.0020772509067031888,0.09994099818541635,-0.005045486846938729,-0.11868510395288467,0.1359298825263977,0.02116032363541014,7.895406723022461,-0.0014142439332493646,0.06794301175392124,-0.0029098347295075655,-0.08967568725347519,0.08426392078399658,0.05137884145208884,8.938142776489258,0.0004619531109654316,0.07510886324053599,-0.0008629395451862365,-0.09424437209963799,0.09877602010965347,0.2784392269445161,9.591135025024414,-4.378254850419214e-06,0.1238641623401628,0.005258709192276001,-0.15293277204036712,0.14102645814418802,0.5521683520556295,9.721698760986328,-9.937196940859418e-05,0.12343540394918341,-0.0005219270242378116,-0.11922019496560096,0.12043167501688005,0.051068642655151014,10.534784317016602,-6.003094400349124e-06,0.02655608793310315,-8.971714123617858e-05,-0.023917030543088913,0.02424653433263302
F:\Seminario\Seminario-Clustering\datasets\davi\Al Emadi (2019)\Multiclass_Drone_Audio\unknown\2-102567-B-350.wav,Multiclass_Drone_Audio\unknown\2-102567-B-350.wav,al_emadi,2-102567-B-350,1.0216875,0.8178628934729231,8.070743560791016,0.0015345018688495663,0.3132450617304167,0.010790234431624413,-0.39964300990104673,0.3957087993621826,0.07916962833687594,7.947978973388672,-0.0020073785400029354,0.09743979907593239,-0.004374397918581963,-0.12729837298393248,0.1276793956756592,0.05590819768833967,8.842714309692383,-0.00043997827581341057,0.0580795455675176,-0.0013592764735221863,-0.06960321217775345,0.07125816345214844,0.01685084879145473,9.739442825317383,9.716464022891264e-05,0.022585533752804872,0.00041916067129932344,-0.028513837978243826,0.027484241873025894,0.017893179637996304,10.833481788635254,-4.040966946612609e-05,0.016469070777303457,-0.00036254698352422565,-0.020226017199456693,0.02076614033430815,0.012315252072410333,11.95240592956543,5.376909086166172e-05,0.009665234858393405,-0.00010918811312876642,-0.012253046594560146,0.012483123131096363
F:\Seminario\Seminario-Clustering\datasets\davi\Al Emadi (2019)\Multiclass_Drone_Audio\unknown\2-130978-A-212.wav,Multiclass_Drone_Audio\unknown\2-130978-A-212.wav,al_emadi,2-130978-A-212,0.97525,0.0,-0.0,0.0,0.0,0.0,0.0,0.0,0.0,-0.0,0.0,0.0,0.0,0.0,0.0,0.0,-0.0,0.0,0.0,0.0,0.0,0.0,0.0,-0.0,0.0,0.0,0.0,0.0,0.0,0.0,-0.0,0.0,0.0,0.0,0.0,0.0,0.0,-0.0,0.0,0.0,0.0,0.0,0.0
F:\Seminario\Seminario-Clustering\datasets\davi\Al Emadi (2019)\Multiclass_Drone_Audio\unknown\3-141240-B-442.wav,Multiclass_Drone_Audio\unknown\3-141240-B-442.wav,al_emadi,3-141240-B-442,0.97525,0.9390852863200002,7.96942663192749,-0.0013966630435659955,0.08430263347524043,-0.0038427612744271755,-0.11178074553608894,0.11196023598313332,0.020113760343700847,7.727379322052002,-1.7522542761225886e-06,0.012339422921320217,4.848491516895592e-05,-0.015187984704971312,0.014241335075348615,0.017940471593840393,8.83192253112793,2.092246404896995e-05,0.00826975688633542,0.00014852630556561053,-0.010324168018996716,0.010779083706438541,0.008332189082337385,9.817545890808105,-1.69516232557231e-05,0.003991194479505492,1.1501964763738215e-05,-0.005032756831496954,0.0050435729790478945,0.007898789106090043,10.722406387329102,-2.001942313651787e-05,0.002749883616661219,-2.6624089514371008e-05,-0.003340977360494435,0.003489112132228911,0.006629503554031125,11.79214096069336,1.0460256029124317e-05,0.0017822075602571326,7.5494062912184745e-06,-0.002222954202443361,0.00222837501205504
F:\Seminario\Seminario-Clustering\datasets\davi\Al Emadi (2019)\Multiclass_Drone_Audio\unknown\3-152007-D-201.wav,Multiclass_Drone_Audio\unknown\3-152007-D-201.wav,al_emadi,3-152007-D-201,1.0216875,0.0013591112894371952,2.716765880584717,0.005882604317077592,0.06190030373887882,7.772911339998245e-05,-0.011793778836727142,0.01196624767035246,0.002131096891250519,8.345309257507324,-0.0014201140400955392,0.077847913784,-0.007036843337118626,-0.10268723517656327,0.09985731691122056,0.0195076850091005,8.795801162719727,0.0033627217985437784,0.1670248932122827,-0.0025564556708559394,-0.2188470482826233,0.2226622194051743,0.16786773354191528,9.92753791809082,0.0012557066856802106,0.34711444591844076,-0.029770106077194214,-0.41544258594512934,0.44828529953956603,0.642894500317226,10.906311988830566,0.0025719251569567836,0.4806829588400623,0.0076414046343415976,-0.6027346670627594,0.5870427429676056,0.16623987295107048,11.848962783813477,6.052132940105023e-05,0.17291531995327503,-0.005731537006795406,-0.21203101575374603,0.2153671324253084
F:\Seminario\Seminario-Clustering\datasets\davi\Al Emadi (2019)\Multiclass_Drone_Audio\unknown\5-179868-A-430.wav,Multiclass_Drone_Audio\unknown\5-179868-A-430.wav,al_emadi,5-179868-A-430,1.0216875,0.008768390678852765,7.893624305725098,0.0002520742008329245,0.04879346324465978,-0.002416323870420456,-0.06256489083170891,0.0622466079890728,0.07594342717015498,7.89461088180542,0.003128991969834069,0.14356529799194082,0.0016797335119917989,-0.17468229830265045,0.18474806547164926,0.23450110564414406,8.865163803100586,0.0011238592055615795,0.17894522326536816,0.0002293481957167387,-0.23605322688817978,0.2537198632955551,0.29737095664942664,9.75670051574707,-0.00012391382575127364,0.14273514191799314,-0.01024547591805458,-0.17921161353588105,0.20720012784004213,0.3400216765269201,10.869890213012695,-1.686487933032475e-05,0.10800360503581559,0.0004237150278640911,-0.15476404279470443,0.140800653398037,0.04339444333050141,11.722702026367188,-2.109957310086704e-06,0.027294355655358125,0.0002915770746767521,-0.036729174107313155,0.03530415147542958
F:\Seminario\Seminario-Clustering\datasets\davi\Al Emadi (2019)\Multiclass_Drone_Audio\unknown\4-183992-A-01.wav,Multiclass_Drone_Audio\unknown\4-183992-A-01.wav,al_emadi,4-183992-A-01,1.0216875,0.10402266991748019,2.9470043182373047,0.01105346894310517,0.10635686144546608,-0.0005823238752782345,-0.027340250462293623,0.03923328220844272,0.29736569934054047,6.282456874847412,-0.011850998879340973,0.1804034101512797,-0.0013154072221368551,-0.16521612107753753,0.11470358520746242,0.5325449026708383,6.850487232208252,0.00015255437417751143,0.17157776790752138,0.00032869983988348395,-0.09686945304274559,0.09999129027128227,0.06262762473048478,7.962336540222168,-4.1943821854032726e-05,0.04167651551360294,4.3892403482459486e-05,-0.025884654745459555,0.02696619778871536,0.003295338031780051,8.809486389160156,1.975395225290697e-05,0.006764877755335899,6.567370292032138e-07,-0.0037696279119700193,0.003851978108286858,0.00014376530887613175,9.750692367553711,-4.684858937664325e-06,0.0009995508875783549,3.1925446819514036e-06,-0.0005704357055947185,0.0005340423085726799
F:\Seminario\Seminario-Clustering\datasets\davi\Al Emadi (2019)\Multiclass_Drone_Audio\unknown\1-48298-A-461.wav,Multiclass_Drone_Audio\unknown\1-48298-A-461.wav,al_emadi,1-48298-A-461,1.0216875,0.6125093528531937,7.989128112792969,-0.017637639738821084,0.28742036928003895,-0.010870978236198425,-0.40680617094039917,0.3570905506610871,0.17641882891927366,8.135432243347168,0.002041678588699578,0.15452968213600385,0.00031955825397744775,-0.20239736139774323,0.20776447355747224,0.12528876131371322,8.880204200744629,0.0038447305596916452,0.09227955951536825,0.0015954897971823812,-0.11110604777932168,0.11765558719635015,0.07174515463542734,9.660354614257812,-0.0002251570505954679,0.04950435911170284,6.80719967931509e-05,-0.05885824486613274,0.059691671282052994,0.012877795441574134,10.415238380432129,-1.7310259837062845e-05,0.014841413514288176,2.160403528250754e-05,-0.016527722403407098,0.0163827246055007,0.001160106836817858,11.708572387695312,1.2288846962906234e-05,0.00315116621087876,-1.2568780221045017e-05,-0.0037980512715876102,0.0038674428127706065
F:\Seminario\Seminario-Clustering\datasets\davi\Al Emadi (2019)\Multiclass_Drone_Audio\unknown\1-53444-A-284.wav,Multiclass_Drone_Audio\unknown\1-53444-A-284.wav,al_emadi,1-53444-A-284,0.95975,0.861178512212504,7.749757766723633,0.017164775865045164,1.3498860163700894,0.033447183668613434,-1.936015546321869,1.835043728351593,0.1081088945838788,7.310391902923584,0.009662554161889008,0.47821994902555914,0.0035683417227119207,-0.6080312132835388,0.5769242942333221,0.02526191631516725,8.082540512084961,-3.38724557633076e-05,0.16400168723563557,-0.0005833831673953682,-0.19932755827903748,0.18645387142896652,0.0020691815840524395,8.817380905151367,7.279627699618131e-05,0.03324961438408274,-0.0004110705340281129,-0.03599933162331581,0.038090448081493436,0.0014400648092854043,9.88934326171875,0.00021538633960521258,0.019628038496352217,0.00012668726412812248,-0.021941260434687138,0.022008044645190298,0.001941430495112171,10.76342487335205,-2.9098498305510897e-05,0.016123342156870085,3.771900082938373e-06,-0.01748032681643963,0.01766628585755825
F:\Seminario\Seminario-Clustering\datasets\davi\Al Emadi (2019)\Multiclass_Drone_Audio\unknown\5-223317-A-313.wav,Multiclass_Drone_Audio\unknown\5-223317-A-313.wav,al_emadi,5-223317-A-313,1.0216875,0.9762081408223855,8.780191421508789,-0.22259264597867398,0.06742844029195691,-0.2160705029964447,-0.30597986578941344,-0.14283185601234435,0.0012414001458270455,5.319461822509766,5.282659917989677e-05,0.008293746339131373,0.00015555857680737972,-0.004567296244204044,0.004637982137501242,0.00024964405703786346,6.974740028381348,-0.00015959149238550202,0.002632792152897469,-0.00016643738490529358,-0.002294041495770216,0.0022921319585293537,0.0007338873454253874,5.0904340744018555,3.714418776363785e-05,0.003203048081027393,-2.1808664314448833e-06,-0.0013763216789811849,0.0014113439014181496,0.0061865443096429384,5.065271377563477,-0.0001471064675900958,0.006579557215461245,7.758790161460638e-06,-0.0015802750131115317,0.0015038860728964212,0.015380383319681232,6.144136905670166,2.1860807110102508e-05,0.007340634273570398,-1.008508843369782e-05,-0.0009809492854401468,0.0009545831824652871
F:\Seminario\Seminario-Clustering\datasets\davi\Al Emadi (2019)\Multiclass_Drone_Audio\unknown\3-140774-A-103.wav,Multiclass_Drone_Audio\unknown\3-140774-A-103.wav,al_emadi,3-140774-A-103,1.0216875,0.32157218260033976,7.642624855041504,0.006501063469408271,0.3255631926552069,-0.0028201937675476074,-0.3750121593475342,0.37488720417022725,0.36602655773336523,7.672115325927734,-0.0038981195755403786,0.3473854017179582,-0.004884535912424326,-0.4170924067497253,0.4372655808925629,0.21650524567058338,8.728067398071289,-1.4592672255187358e-05,0.18948094415827213,-0.004614741541445255,-0.23908256143331527,0.23309337347745895,0.07048246291633219,9.642807006835938,0.0011138760599181813,0.07656873930391726,0.0028956658206880093,-0.09231058806180954,0.09442293196916582,0.02127263113996043,10.321317672729492,-3.922088797592703e-05,0.029769415085332193,0.0002948093315353617,-0.03403702192008495,0.03327354937791825,0.004140919939418996,11.058000564575195,8.105888082866435e-06,0.009291357230547232,4.005728987976909e-05,-0.009619590640068053,0.009661814384162427
F:\Seminario\Seminario-Clustering\datasets\davi\Al Emadi (2019)\Multiclass_Drone_Audio\unknown\4-168868-A-174.wav,Multiclass_Drone_Audio\unknown\4-168868-A-174.wav,al_emadi,4-168868-A-174,0.95975,0.09906654598890816,6.287367343902588,-0.0007995638406860408,0.020733013884369163,-6.553001003339887e-05,-0.016182946041226387,0.014476960524916649,0.02058213468583385,5.642650127410889,9.464762451486718e-05,0.009456819187356736,0.00014024331176187843,-0.004575368482619524,0.006067875539883971,0.20899886695749503,4.69699764251709,-0.0010429398615070902,0.021350382243869294,-3.524997737258673e-05,-0.006101161241531372,0.0046159985940903425,0.5445318234787861,6.24026346206665,-1.171849171264689e-05,0.024441958498776374,1.3300790669745766e-05,-0.009201938286423681,0.009076058492064484,0.09470796047764661,7.602684497833252,-6.608107846071596e-05,0.007213119098421423,-1.1603578059293795e-05,-0.003402402065694332,0.0036998756462708116,0.03211266841133021,7.798341751098633,-2.378167190141251e-07,0.002971454560382652,3.4375261748209596e-07,-0.0011926851002499461,0.0011727161472663283
F:\Seminario\Seminario-Clustering\datasets\davi\Al Emadi (2019)\Multiclass_Drone_Audio\unknown\2-117271-A-00.wav,Multiclass_Drone_Audio\unknown\2-117271-A-00.wav,al_emadi,2-117271-A-00,1.0216875,0.03772321303449482,7.876786231994629,9.993681025725556e-05,0.2073944246975443,0.0008348599076271057,-0.26796135902404783,0.25230553746223466,0.35294628459216626,5.386153221130371,0.023279125667282973,0.6339492872822311,-0.002296515041962266,-0.2327327638864517,0.3966633558273324,0.43383073352422674,7.059309005737305,-0.006998700641055097,0.49872243815351264,-0.0007468412222806364,-0.2804676711559296,0.29496037364006183,0.14947889785784998,7.633190631866455,-0.0005973765972898087,0.20737444760454293,-1.0302755981683731e-05,-0.08969317525625228,0.08463009148836138,0.023825040641362493,8.131233215332031,0.0003621733876473148,0.05858396909169692,2.0120998669881374e-05,-0.018165579438209532,0.016285477578639986,0.0021958303498997448,8.52409839630127,4.896598482742585e-08,0.012581733226066434,3.3248797990381718e-06,-0.0029998034238815307,0.002533753169700508
F:\Seminario\Seminario-Clustering\datasets\davi\Al Emadi (2019)\Multiclass_Drone_Audio\unknown\2-30322-A-124.wav,Multiclass_Drone_Audio\unknown\2-30322-A-124.wav,al_emadi,2-30322-A-124,0.95975,0.8549059725414818,7.899683952331543,0.0006459617771451656,0.0858406134577571,-0.00220689969137311,-0.10520845279097557,0.11141159385442734,0.06698949226213198,7.741135597229004,-0.00027370985491436507,0.024028191326710992,1.9596045603975654e-05,-0.032438429072499275,0.02842551004141569,0.02613700045635028,8.663086891174316,-0.00016027858199218,0.010645208362348077,-0.0002688698878046125,-0.013366824015974998,0.012655624188482761,0.01150700142010186,9.44979476928711,-6.4700201732808025e-06,0.005004139648889005,4.8042216803878546e-05,-0.006118064932525158,0.0057540736161172425,0.013913694783310946,8.434816360473633,4.6197349298678765e-05,0.0038937050024606726,5.644402699545026e-05,-0.0034087700303643944,0.0033983453409746293,0.026546838536623155,8.510129928588867,8.457950055004367e-06,0.0038050512337440205,-3.359075344633311e-05,-0.0028084684163331985,0.0027877448592334986
F:\Seminario\Seminario-Clustering\datasets\davi\Al Emadi (2019)\Multiclass_Drone_Audio\unknown\3-187549-A-62.wav,Multiclass_Drone_Audio\unknown\3-187549-A-62.wav,al_emadi,3-187549-A-62,0.97525,0.4104798789222163,7.661908149719238,-0.007001451421425365,0.5651805373147779,0.010494668036699295,-0.7165210783481598,0.6221621334552764,0.05250027052313194,6.925016403198242,0.0026804326544704314,0.20212366536466816,-0.0007445028168149292,-0.2141937255859375,0.20905655324459074,0.30388796449205596,6.723086357116699,0.007294264756782487,0.3450350906936595,0.0038165452424436808,-0.21759679913520813,0.19695910811424255,0.1711286266487458,7.257481098175049,0.0011425047547100322,0.18340303226469112,6.698817014694214e-05,-0.08531561121344566,0.08698591962456703,0.05155185488755111,7.235560417175293,0.00022338098626163664,0.07123475767078397,-2.3603090085089207e-05,-0.01969099510461092,0.019517856650054455,0.010451404526298875,7.900947093963623,5.953137797178133e-05,0.022690153469338795,-2.0980631234124303e-05,-0.005992712173610926,0.0061251274310052456
F:\Seminario\Seminario-Clustering\datasets\davi\Al Emadi (2019)\Multiclass_Drone_Audio\unknown\3-144253-A-290.wav,Multiclass_Drone_Audio\unknown\3-144253-A-290.wav,al_emadi,3-144253-A-290,1.0216875,0.2749653687008575,4.928814888000488,-0.0002303804623201925,0.16480450941881586,-6.762592238374054e-05,-0.02053185701370239,0.01870510056614878,0.6087481430942631,4.3447465896606445,-0.003511627913833568,0.24519115311760106,-1.5395939954032656e-06,-0.05320338010787964,0.023569624871015576,0.10162688784030591,5.531628608703613,0.0004986596765560852,0.07105142765457595,-7.072328799040406e-06,-0.012976211495697497,0.011421783734112984,0.012094429350834365,7.378949165344238,0.00023950288876194566,0.017360257844781502,7.039249339868547e-06,-0.007809199579060078,0.00814525280147791,0.002079751232387919,8.04069995880127,-3.225746552778442e-05,0.005094539861831368,-5.273112265058444e-06,-0.002042817906476557,0.0020961190108209856,0.00048541978135119724,8.433633804321289,1.5396063148396202e-06,0.0017411546910751207,4.4609259930439293e-07,-0.0006017662584781647,0.0005959264119155708
F:\Seminario\Seminario-Clustering\datasets\davi\Al Emadi (2019)\Multiclass_Drone_Audio\unknown\4-202749-A-130.wav,Multiclass_Drone_Audio\unknown\4-202749-A-130.wav,al_emadi,4-202749-A-130,1.0216875,0.016095186148535265,7.844607353210449,-8.490755435190122e-05,0.004832686162470775,0.0001589037710800767,-0.006250825244933367,0.006111877691000701,0.024195283695456454,7.9482102394104,-0.0001414584176950616,0.005924465907528745,-0.00014219687727745622,-0.007287056278437376,0.007660875190049414,0.012197108199198281,8.915428161621094,2.5887435118484098e-05,0.00298379120224457,-9.222722292179242e-05,-0.0038184775039553642,0.0038647429086267953,0.005245417231136908,9.895347595214844,-2.55706316419602e-05,0.0013857919374890173,-5.2089271775912493e-05,-0.0017491776729002596,0.001769154309295118,0.6526262712151808,10.873188018798828,-7.9794021100834e-06,0.010939998213996013,-9.864535240922123e-05,-0.014103213604539633,0.013783734384924173,0.2896407335104923,11.87306022644043,-2.76340106870707e-06,0.005155676424682416,-6.237723482627189e-06,-0.006503386329859495,0.0066086970269680035
F:\Seminario\Seminario-Clustering\datasets\davi\Al Emadi (2019)\Multiclass_Drone_Audio\unknown\4-175000-A-401.wav,Multiclass_Drone_Audio\unknown\4-175000-A-401.wav,al_emadi,4-175000-A-401,1.0216875,0.6633576087361802,7.422275543212891,-0.00016787800238948726,0.2705371338524522,0.0008050743490457535,-0.3257434666156769,0.27343008518219,0.311798694314623,7.383090019226074,0.0027573380824871996,0.1854565798725607,-0.006529172416776419,-0.20796811878681182,0.21118758618831648,0.02374572741190943,8.490477561950684,-0.0001174937103884494,0.03629880125074542,-0.0011618764256127179,-0.04139807038009167,0.04123611338436605,0.0010737455193942516,9.293944358825684,2.8969932422049846e-05,0.005467288500861282,3.4634722396731377e-06,-0.0061504730023443695,0.006032177060842515,2.343081259888633e-05,9.311572074890137,1.6615679122499022e-07,0.0005715104982763584,2.9462580641848035e-06,-0.0006105168198700994,0.0006294976104982199,7.932052941699022e-07,11.482250213623047,1.0717063759578716e-06,7.437878782278409e-05,2.4798678168735933e-06,-9.132600389420986e-05,9.093068656511605e-05
F:\Seminario\Seminario-Clustering\datasets\davi\Al Emadi (2019)\Multiclass_Drone_Audio\unknown\5-160614-A-483.wav,Multiclass_Drone_Audio\unknown\5-160614-A-483.wav,al_emadi,5-160614-A-483,1.0216875,0.029105239473882515,5.188961982727051,-0.0005462370594248277,0.023820355990201002,-0.0006340426625683904,-0.017602914571762083,0.01640612408518792,0.034050992594469816,4.75621223449707,-0.0005018790227895841,0.02576673089855512,-7.681141869397834e-05,-0.013032162748277187,0.011999546363949778,0.04951060006131364,4.615414619445801,-0.0002562225655462785,0.022036634116541616,-6.731981557095423e-05,-0.012456648051738739,0.010909193288534886,0.494553998220927,3.961057662963867,0.0015792484938481027,0.04931003874011488,8.467133739031851e-05,-0.013286645710468292,0.013652894273400308,0.3208092193945214,7.445206165313721,9.307741079385246e-05,0.028117410332440883,2.705303268157877e-05,-0.02148541696369648,0.02179305944591761,0.07196995025488566,7.405895233154297,3.9932449354280656e-05,0.00942099536796979,-2.9121330953785218e-05,-0.006815814971923828,0.0069887275807559495
F:\Seminario\Seminario-Clustering\datasets\davi\Al Emadi (2019)\Multiclass_Drone_Audio\membo_1\mixed_membo_40-membo_003_.wav,Multiclass_Drone_Audio\membo_1\mixed_membo_40-membo_003_.wav,al_emadi,mixed_membo_40-membo_003,1.024,0.37695047716263286,8.053729057312012,0.0002810043214485912,0.4635616136940533,-0.02559764590114355,-0.612119036912918,0.6102794706821443,0.16547109195330062,8.024646759033203,-0.0008291743748999312,0.30713187394654884,0.04231181740760803,-0.4221323788166046,0.36200180947780614,0.08441581954225422,8.76941967010498,-0.0010079315233437651,0.15556592527258514,0.017072205431759357,-0.22328330427408216,0.17323717325925828,0.0907557515792183,9.84765625,0.0016692828119023065,0.11421437830556473,0.0011152351507917047,-0.13798235654830932,0.14751354157924654,0.12745436481451786,10.804880142211914,0.0004384120523498283,0.09579838679077965,0.00046778377145528793,-0.11991601437330246,0.11993037909269333,0.15495249494807617,11.796564102172852,0.0002411527741730456,0.07472274612219326,0.0010052379220724106,-0.09194649904966354,0.0909387290477753
F:\Seminario\Seminario-Clustering\datasets\davi\Al Emadi (2019)\Multiclass_Drone_Audio\unknown\5-201194-A-384.wav,Multiclass_Drone_Audio\unknown\5-201194-A-384.wav,al_emadi,5-201194-A-384,0.95975,0.02536510657477926,7.439285755157471,-0.0003113648022401411,0.010566466593754806,-0.00034940648765768856,-0.012032362166792154,0.012093632947653532,0.07454700799684358,5.730930328369141,-0.00020972289393258683,0.01812115837830216,-6.684081381536089e-05,-0.012233045883476734,0.010522594675421715,0.18215884707530067,6.089980602264404,-0.0005571320674225642,0.020085729224236164,2.2516838726005517e-05,-0.007261381018906832,0.009989139623939991,0.4975734655720573,6.4727301597595215,-0.00019793412003404133,0.023524255809493005,1.9403982150834054e-05,-0.004782321583479641,0.004750555846840145,0.11405555488337459,7.374804496765137,-9.514440271675196e-05,0.007969913701926715,-1.2200252967886627e-06,-0.0017422361997887492,0.0015569979907013478,0.10630001789764466,7.617697715759277,6.36856288430986e-06,0.005443466610114356,8.745992090553045e-07,-0.0007065096287988126,0.0006432074005715549
F:\Seminario\Seminario-Clustering\datasets\davi\Al Emadi (2019)\Multiclass_Drone_Audio\unknown\silence097.wav,Multiclass_Drone_Audio\unknown\silence097.wav,al_emadi,silence097,0.7430625,0.0,-0.0,0.0,0.0,0.0,0.0,0.0,0.0,-0.0,0.0,0.0,0.0,0.0,0.0,0.0,-0.0,0.0,0.0,0.0,0.0,0.0,0.0,-0.0,0.0,0.0,0.0,0.0,0.0,0.0,-0.0,0.0,0.0,0.0,0.0,0.0,0.0,-0.0,0.0,0.0,0.0,0.0,0.0
F:\Seminario\Seminario-Clustering\datasets\davi\Al Emadi (2019)\Multiclass_Drone_Audio\membo_1\mixed_membo_7-membo_003_.wav,Multiclass_Drone_Audio\membo_1\mixed_membo_7-membo_003_.wav,al_emadi,mixed_membo_7-membo_003,1.024,0.3265670148837991,7.870257377624512,-0.005279505050931716,0.16132546205923334,-0.005235960707068443,-0.20844152718782424,0.18456503003835678,0.33394935947361987,8.203733444213867,-0.00037541202764821503,0.16322563336050427,0.0016092938603833318,-0.21766440421342848,0.21283593326807024,0.07606619196627437,9.014730453491211,-0.0005973708442608979,0.05524155729794463,-0.00011300650658085942,-0.06953259781002998,0.06885099038481714,0.11002423632041032,9.932367324829102,0.0004240273460705004,0.047047917300517376,0.00048744444211479276,-0.05860090516507625,0.05918449871242047,0.09388050649780098,10.956680297851562,-0.00031115283818428194,0.030756342636284045,0.00038341429899446666,-0.04097995162010193,0.03879678621888161,0.059512690858095386,11.907916069030762,3.461947656734355e-05,0.017323814476421538,8.920166146708652e-05,-0.021956705302000043,0.022103336080908784
F:\Seminario\Seminario-Clustering\datasets\davi\Al Emadi (2019)\Multiclass_Drone_Audio\unknown\2-87794-A-242.wav,Multiclass_Drone_Audio\unknown\2-87794-A-242.wav,al_emadi,2-87794-A-242,0.97525,0.029564660289327468,6.422538757324219,-0.0039643137827694705,0.022555229247989292,-0.004971613176167011,-0.02540137767791748,0.014551773015409705,0.0477258280890796,6.410669803619385,0.000353450252401922,0.029094573509829542,3.10370305669494e-05,-0.025482029281556604,0.023501689732074737,0.08008885735129477,7.2064208984375,0.000874457927547564,0.026733147166684495,-0.00017071103502530605,-0.018905237317085266,0.021768245846033096,0.24939301312589113,7.931921482086182,0.0006436012482660152,0.033420119871703166,9.815062367124483e-05,-0.021727927029132843,0.025106157176196575,0.5487168823832164,9.00282096862793,-6.352288118368546e-06,0.03508640150459414,8.634117421024712e-06,-0.023098823614418507,0.021573343314230442,0.0445107587611906,9.916139602661133,2.777227813369638e-07,0.007069307063660119,-8.693215022503864e-06,-0.0043859526515007,0.004341709334403282
F:\Seminario\Seminario-Clustering\datasets\davi\Al Emadi (2019)\Multiclass_Drone_Audio\unknown\2-166644-A-23.wav,Multiclass_Drone_Audio\unknown\2-166644-A-23.wav,al_emadi,2-166644-A-23,1.0216875,0.10386370004919883,7.109656810760498,0.0033990333849344425,0.381907571955619,0.009563899599015713,-0.41089714765548707,0.43786741495132503,0.1300472182482235,6.680123805999756,-5.753836671081399e-05,0.42736022348744795,0.0014971343334764242,-0.42543711662292477,0.4139133393764497,0.4436315036147409,7.087660789489746,0.01473383342066464,0.5595681342211855,-0.00013187977310735732,-0.3250404119491577,0.3897772908210755,0.27046276983852263,8.251874923706055,-0.0024266901899490725,0.3095695929418859,-0.0018790469039231539,-0.2325510501861572,0.22955632507801058,0.04177109329549035,9.708568572998047,-0.0005835911905477386,0.08608926203356528,-6.849346391391009e-06,-0.08498133867979049,0.081984830647707,0.010223714953823808,10.510790824890137,6.486701180753696e-05,0.03012972847919851,-7.811217801645398e-05,-0.028832465410232544,0.028470224887132647
F:\Seminario\Seminario-Clustering\datasets\davi\Al Emadi (2019)\Multiclass_Drone_Audio\unknown\3-144259-A-291.wav,Multiclass_Drone_Audio\unknown\3-144259-A-291.wav,al_emadi,3-144259-A-291,1.0216875,0.22920944282533495,3.388123035430908,1.4108191910258367e-05,0.0545827339873345,-8.296388114104047e-05,-0.006525447685271501,0.0050867584533989445,0.5841922830026238,3.471482276916504,-0.0002719055160876247,0.08713945666605043,-1.257702570001129e-05,-0.011957090348005295,0.0107209499925375,0.1285567431513466,5.1086297035217285,0.0002445636151664038,0.028988100006057,3.915316028724192e-06,-0.005810858123004436,0.005788898002356291,0.028418007887576032,6.325249671936035,0.00018560430468981404,0.00965227887992903,-5.46269848200609e-06,-0.0020471620373427864,0.002085042838007212,0.027999513048972715,6.684124946594238,-2.472553977743087e-06,0.006780968368051762,3.748314156837296e-07,-0.0008926157897803932,0.000891471095383168,0.0016240100841459076,7.748388767242432,6.045176428368017e-08,0.0011552652239048941,3.1149011192610487e-07,-0.00035176644450984895,0.0003552109177690002
F:\Seminario\Seminario-Clustering\datasets\davi\Al Emadi (2019)\Multiclass_Drone_Audio\unknown\2-134700-A-381.wav,Multiclass_Drone_Audio\unknown\2-134700-A-381.wav,al_emadi,2-134700-A-381,1.0216875,0.08456553141939757,6.441320419311523,-0.0003114741237481022,0.013379610519475097,0.0003464195760898292,-0.009632178023457528,0.009897753037512311,0.001072013051166875,6.083793640136719,-7.395796991328429e-05,0.0015050147112916,-3.139410864605452e-06,-0.0011501472909003496,0.001078882114961745,0.004470266850814117,5.270219802856445,3.0264685123732622e-05,0.0021819164011688897,-5.863167643838096e-06,-0.0004176575428573415,0.00039544751343783033,0.12023133037731133,5.600706577301025,0.00014102684069825454,0.008014571654657791,3.1211629902827553e-06,-0.0005970875499770045,0.0005954558029770854,0.7082509527512397,6.164450168609619,-7.264410787554005e-07,0.013766879168120687,2.1276918005241896e-08,-0.0007282587583176791,0.0007230434042867273,0.08140990555007036,6.928653240203857,-2.4134756397218763e-06,0.0033018037175321768,1.213038558489643e-08,-0.0002640817721839994,0.0002699063566979021
F:\Seminario\Seminario-Clustering\datasets\davi\Al Emadi (2019)\Multiclass_Drone_Audio\unknown\4-218199-E-353.wav,Multiclass_Drone_Audio\unknown\4-218199-E-353.wav,al_emadi,4-218199-E-353,1.0216875,0.25803718048960717,7.845075607299805,-0.006083970784968057,0.060470898820107366,-0.0016676215454936028,-0.08325394243001938,0.06815753281116486,0.09736805194925716,7.878541469573975,0.002331326248466958,0.03726079413768027,0.001931428792886436,-0.046681377291679385,0.04878013506531717,0.4058403606341882,8.691301345825195,0.00023573410807779658,0.05405233813077083,0.0007649156614206731,-0.06643286272883415,0.06646049767732622,0.19829636874234072,9.663580894470215,-0.0002084484485904627,0.026761519550572346,-5.8363511925563216e-05,-0.033732810616493226,0.03205944374203682,0.03279141231720531,10.694866180419922,7.78471573396582e-05,0.007700653542021301,1.5942063328111544e-05,-0.009155765175819397,0.009322283044457437,0.007666625867401467,11.71834945678711,-1.993660559835927e-06,0.0026341623394188366,-2.0735140424221754e-05,-0.0031989670358598234,0.003207533480599523
F:\Seminario\Seminario-Clustering\datasets\davi\Al Emadi (2019)\Multiclass_Drone_Audio\unknown\2-30322-B-120.wav,Multiclass_Drone_Audio\unknown\2-30322-B-120.wav,al_emadi,2-30322-B-120,1.0216875,0.2676782352007307,7.869178771972656,0.0011512041076156717,0.09448421103593886,0.0011205552145838737,-0.12197636514902115,0.11756599843502047,0.05036980277881012,5.961426734924316,0.0014938112153316807,0.040962029948324784,-0.0014743651263415813,-0.03697650358080864,0.03605952486395836,0.076511595532888,4.871800899505615,7.905280365312385e-05,0.035825827095894665,-5.366851110011339e-05,-0.019431246258318425,0.0187514813616872,0.14470476976104804,5.908495903015137,0.00020637973169591064,0.03489739881257621,-0.00020488827431108803,-0.016323404014110563,0.01509434059262276,0.1846487705548508,7.787080764770508,0.0006116309115101638,0.027888888420626423,-1.2861312370660016e-05,-0.012508095800876617,0.014325728546828032,0.27608682617167235,8.55711555480957,-7.037133334955026e-05,0.024129825638774607,3.580274642445147e-05,-0.009369179047644137,0.009053148142993453
F:\Seminario\Seminario-Clustering\datasets\davi\Al Emadi (2019)\Multiclass_Drone_Audio\unknown\2-119161-C-80.wav,Multiclass_Drone_Audio\unknown\2-119161-C-80.wav,al_emadi,2-119161-C-80,1.0216875,0.002537353034895434,7.6798224449157715,-0.0018119725614436676,0.05386925413273789,0.0008110813796520233,-0.06956197023391723,0.061124822497367885,0.054318041555620006,7.837926864624023,-9.635403359171932e-05,0.24938370819980807,0.00300969067029655,-0.3470437705516815,0.332121753692627,0.40586677739649374,8.759458541870117,0.0027948226471072738,0.4834251611934801,0.0031798339914530516,-0.6706139981746674,0.6872347772121432,0.31070392164605726,9.386502265930176,-0.0009163227018789084,0.2995999111777958,-0.00027189479442313313,-0.355490630865097,0.37105631828308105,0.20227113120751627,10.102296829223633,-0.00028716940795464623,0.17105660658863675,-0.00011348815314704552,-0.19815863221883773,0.19212731420993806,0.024302775159417252,10.668359756469727,-5.629847410032366e-05,0.04194419612063712,7.023510988801718e-05,-0.04206680357456207,0.04193816706538203
F:\Seminario\Seminario-Clustering\datasets\davi\Al Emadi (2019)\Multiclass_Drone_Audio\unknown\5-209833-A-382.wav,Multiclass_Drone_Audio\unknown\5-209833-A-382.wav,al_emadi,5-209833-A-382,0.97525,0.0009845506750851755,7.650104522705078,-1.4058234324023177e-05,0.002303902726857714,-4.505608376348391e-05,-0.0028005983913317323,0.0027748022461310026,0.0035903183515141675,7.452218532562256,-0.0001289214203690628,0.004397776343895785,-7.397081208182499e-05,-0.005386484740301967,0.004626635694876312,0.05793422152096391,5.893097877502441,0.0001493998322147955,0.012540617578820076,3.0487744879792444e-05,-0.005775474011898041,0.006121746730059385,0.18308456925383276,7.307348251342773,0.0002918499127141156,0.015786429082211253,3.450322947173845e-05,-0.009256447199732065,0.009717038366943598,0.2351623311285587,7.320761203765869,3.6100962254904043e-05,0.01266288555155274,9.650101674196776e-06,-0.0048998515121638775,0.004705187398940325,0.5192440090700453,8.01070785522461,-3.237027065972619e-07,0.013311161609212634,-1.0348212526878342e-06,-0.0037960330024361605,0.003999564237892629
F:\Seminario\Seminario-Clustering\datasets\davi\Al Emadi (2019)\Multiclass_Drone_Audio\unknown\5-234145-A-284.wav,Multiclass_Drone_Audio\unknown\5-234145-A-284.wav,al_emadi,5-234145-A-284,0.95975,0.9111337793552251,7.82161283493042,-0.0012124759218020273,0.04079933896050365,-0.0036929360358044505,-0.05189722217619419,0.052882494404911995,0.06588908125889038,7.8983564376831055,-0.000213221445439049,0.010974342955628604,-0.00011654983973130584,-0.014501897152513266,0.01373243285343051,0.011775898287139859,8.6456937789917,-0.0001165480195009975,0.0032893336224620595,-6.069232040317729e-05,-0.004082703730091453,0.003915482433512807,0.004748798155155324,9.596633911132812,1.1703221099468193e-05,0.0014805900222622564,-1.0975323675666004e-05,-0.0018054878804832696,0.0018179313512519002,0.0035223867014620193,10.064942359924316,7.612996512011539e-06,0.0009023671399466208,-2.441061042190995e-06,-0.0009124279138632118,0.0009347165701910855,0.0029300562421272595,11.195073127746582,-1.8842601107077573e-06,0.0005822355426918634,-6.813599611632526e-06,-0.0006323324050754309,0.0006301533430814743
F:\Seminario\Seminario-Clustering\datasets\davi\Al Emadi (2019)\Multiclass_Drone_Audio\unknown\4-182368-A-121.wav,Multiclass_Drone_Audio\unknown\4-182368-A-121.wav,al_emadi,4-182368-A-121,1.0216875,0.2449401062319371,7.48295259475708,-0.0003675875225603379,0.035637084237371316,-0.00029778684256598353,-0.03892067596316338,0.038979487121105195,0.04870588278713948,7.108800888061523,0.0006654099877714877,0.015878337033811574,0.0010699026752263308,-0.016481202840805054,0.01735942177474499,0.025109990489036622,7.746639251708984,5.5286159907292816e-05,0.008092023717441478,-0.00012422027066349983,-0.008402129076421261,0.0077693339437246356,0.04536313327731421,3.395155906677246,0.0002360975718185258,0.0077004674432389125,1.7787715478334576e-06,-0.0029723432846367357,0.003168490389361978,0.31947730287856685,2.5335261821746826,0.00047537592342166535,0.014459663464387132,7.017020834609866e-06,-0.001626419264357537,0.001648280501831323,0.3164035843360057,4.118478775024414,-8.388232613487678e-05,0.01018473044846922,-4.099987563677132e-06,-0.0010082983877509832,0.0010014523053541787
F:\Seminario\Seminario-Clustering\datasets\davi\Al Emadi (2019)\Multiclass_Drone_Audio\unknown\1-80785-A-70.wav,Multiclass_Drone_Audio\unknown\1-80785-A-70.wav,al_emadi,1-80785-A-70,1.0216875,0.9855232422701788,7.908687114715576,-0.024099119513780166,1.2707894470280219,0.01667596399784088,-1.7291200160980225,1.620230627059937,0.00819899563493771,7.6817755699157715,0.000533832453742508,0.11592950487300911,0.00022461730986833572,-0.13519830405712127,0.1425419926643372,0.003132117252797435,8.937517166137695,-0.001071018380872137,0.05080301545278501,-0.0012571447878144681,-0.0659955121576786,0.064331042021513,0.0018218084771155533,9.813392639160156,-0.000539918200230715,0.027444787278593587,-0.0007733749225735664,-0.033012498170137405,0.03345924094319344,0.000726497495126473,10.647597312927246,2.708151582413126e-05,0.012266246879379567,9.231737931258976e-05,-0.014609132707118989,0.014476794283837087,0.000597338869843988,11.738428115844727,-3.867321674771598e-05,0.007868132595184497,-3.403599839657545e-05,-0.009740970470011235,0.00975712835788728
F:\Seminario\Seminario-Clustering\datasets\davi\Al Emadi (2019)\Multiclass_Drone_Audio\unknown\2-108760-A-141.wav,Multiclass_Drone_Audio\unknown\2-108760-A-141.wav,al_emadi,2-108760-A-141,1.0216875,0.050539711158455056,5.958747386932373,0.0034309603058601543,0.04552464011709206,0.0010655646910890937,-0.04268011674284935,0.04230310246348381,0.16963382497289337,7.915047645568848,-0.0034042590325229893,0.08357111800398292,-0.005819533485919237,-0.11377600282430649,0.1046337172389031,0.30678665483747697,8.987486839294434,0.0015241209579124804,0.07975311688990905,0.0033671536948531866,-0.09829663410782814,0.10620955228805545,0.21509920044501812,9.870023727416992,0.00031417104619961523,0.04730903827705355,0.0006672966992482543,-0.060254105180501935,0.06033556982874871,0.20110509566472662,10.418171882629395,0.00022137695347043118,0.0323697131270785,1.775924647517968e-05,-0.03823820948600769,0.03965385481715202,0.05683551292142984,10.061125755310059,1.6662596777081725e-05,0.012173564742765212,-2.433458575978875e-06,-0.009296790137887001,0.009228376671671869
F:\Seminario\Seminario-Clustering\datasets\davi\Al Emadi (2019)\Multiclass_Drone_Audio\unknown\1-80785-A-73.wav,Multiclass_Drone_Audio\unknown\1-80785-A-73.wav,al_emadi,1-80785-A-73,1.0216875,0.9928024518680988,8.064373970031738,0.0049787368769514265,1.8791118722253912,0.012860491871833801,-2.39349946975708,2.413767242431641,0.0032073005852655324,7.947990417480469,-0.0008875114667162702,0.10680155614792784,0.002877119230106473,-0.12554989159107208,0.13377107679843905,0.0017395953441431198,8.79646110534668,-0.000717760533672406,0.05577757290453353,0.0010794918052852154,-0.07147632241249084,0.06643168628215801,0.0012336575370207208,9.754144668579102,6.732840458502273e-05,0.03327311439845787,-0.000867145718075335,-0.04169986993074417,0.04084555879235268,0.0006682162334427845,10.36152458190918,8.670958612294106e-05,0.017328192731952123,3.376271342858672e-05,-0.019121182709932325,0.019531714729964737,0.00034877843202904676,11.608327865600586,-2.2494757590977214e-05,0.008856138959720402,8.170772343873978e-05,-0.010400023683905602,0.010608598962426195
F:\Seminario\Seminario-Clustering\datasets\davi\Al Emadi (2019)\Multiclass_Drone_Audio\unknown\3-142349-A-171.wav,Multiclass_Drone_Audio\unknown\3-142349-A-171.wav,al_emadi,3-142349-A-171,1.0216875,0.010453958760508458,7.948646545410156,-0.00026865476937500696,0.012063055763933099,-0.0003090505488216877,-0.01563356313854456,0.015652221255004425,0.005593440939049304,7.904451847076416,9.179662340464759e-05,0.008825526980334513,0.00043947077938355505,-0.011733739078044892,0.011188429966568951,0.3577534282091169,7.216742515563965,0.0007197077011440179,0.05005186992454069,7.594324415549636e-06,-0.03776532933115959,0.041387961432337785,0.36286404387925547,8.603012084960938,-4.199484537190964e-06,0.035708438780107064,9.581750782672316e-05,-0.031453507393598555,0.03231312334537507,0.16320020898529947,8.2536039352417,9.449461728336077e-05,0.016945549601116234,1.386484655085951e-06,-0.011568293813616036,0.011452580336481335,0.10013491922677042,8.774012565612793,1.9493696157268785e-05,0.009389981008445738,-2.5611952878534794e-06,-0.005195518396794796,0.005270347837358714
F:\Seminario\Seminario-Clustering\datasets\davi\Al Emadi (2019)\Multiclass_Drone_Audio\unknown\4-167077-C-203.wav,Multiclass_Drone_Audio\unknown\4-167077-C-203.wav,al_emadi,4-167077-C-203,1.0216875,0.009087206241279932,7.35276985168457,-2.5903017732607042e-05,0.01686052865370006,0.00028657016810029745,-0.01972082182765007,0.018710543587803857,0.1758604189964307,6.620467185974121,0.0010035360178379375,0.07416530462708346,-9.87932289717719e-05,-0.056602343916893005,0.08204686045646682,0.5585896824716469,7.6875810623168945,-0.004167389366551279,0.09365309174341538,-0.0001299119758186862,-0.10186520814895629,0.09533800333738345,0.20539842659727356,8.303268432617188,0.00012455026617479357,0.040264957811531124,1.0396626748843119e-05,-0.033563551306724546,0.03554449379444124,0.04658935208902705,8.338608741760254,4.113071207728652e-06,0.013569918928615156,-3.826479542112793e-06,-0.007337690331041813,0.0071371936239302165,0.004474913604341909,8.990494728088379,1.0896641007006444e-05,0.0029750494294677114,-5.408855940913782e-07,-0.001462649181485176,0.0014172423165291553
F:\Seminario\Seminario-Clustering\datasets\davi\Al Emadi (2019)\Multiclass_Drone_Audio\unknown\4-251645-B-493.wav,Multiclass_Drone_Audio\unknown\4-251645-B-493.wav,al_emadi,4-251645-B-493,1.0216875,0.05172652385098102,1.3679139614105225,0.0023926218155464357,0.047964481842555744,-0.0007312409579753876,-0.014050615020096302,0.018504852429032326,0.05785362422981238,6.7836503982543945,-0.003814473700498202,0.05064536943595415,-0.0001374894636683166,-0.05859582796692848,0.04160072579979904,0.3509136324279364,7.033656120300293,0.0004267198971022619,0.08870468960511899,0.0006529351230710745,-0.06472430378198624,0.06407231166958809,0.36690849165611034,8.330276489257812,-0.0019599654012753026,0.06421755757250688,2.8724683943437412e-05,-0.05789394900202751,0.04816100671887398,0.13285702098037835,9.442682266235352,-0.000299559028644936,0.02735561353687191,-3.7400241126306355e-07,-0.023580412752926348,0.02245372924953701,0.039740706854781496,10.4319486618042,1.446838220957236e-05,0.010584453469671093,-1.2889402569271624e-05,-0.009140120446681976,0.009057222865521925
F:\Seminario\Seminario-Clustering\datasets\davi\Al Emadi (2019)\Multiclass_Drone_Audio\unknown\4-175856-A-430.wav,Multiclass_Drone_Audio\unknown\4-175856-A-430.wav,al_emadi,4-175856-A-430,1.0216875,0.7613999931057241,8.128165245056152,0.001697240264931373,0.22275220533016832,0.006130284629762173,-0.2889888286590576,0.2856568038463593,0.06260583638535124,7.793201446533203,-0.0014194781041741947,0.06385991401575324,-0.001375972991809249,-0.08084997236728668,0.07840184867382052,0.09303417851549954,8.56197452545166,0.00016618312688496603,0.055219975471103556,-0.0005813929892610759,-0.06327575743198395,0.06243472360074525,0.057002682801352934,9.381077766418457,-0.00023109394060813704,0.0306152449528133,-0.00029656063998118043,-0.03417073488235474,0.03290583938360215,0.0243781620500003,9.862805366516113,3.540326383655269e-05,0.014167877080018234,-1.9223225535824895e-05,-0.013281924277544021,0.01377679193392396,0.0015791471420718928,11.596240997314453,-2.0774851926405726e-06,0.002550865862568861,-2.301239874213934e-06,-0.002945985225960612,0.0030117447488009945
F:\Seminario\Seminario-Clustering\datasets\davi\Al Emadi (2019)\Multiclass_Drone_Audio\unknown\4-212604-A-152.wav,Multiclass_Drone_Audio\unknown\4-212604-A-152.wav,al_emadi,4-212604-A-152,0.97525,0.9479003030742544,7.786298751831055,-0.0015804038735611839,0.08616987597503502,-0.005684677278622985,-0.104042948782444,0.10550393387675283,0.03896898566520873,7.860065937042236,0.0007989859022706773,0.01745630305927202,-3.302877303212881e-05,-0.020888021029531956,0.02317165937274694,0.010889251084905694,8.932145118713379,-4.807612263285683e-05,0.006554860723419208,6.978532474022359e-05,-0.008360268548130989,0.008690528571605682,0.0014076725546558798,9.867793083190918,1.8024455405482956e-05,0.0016689821904318648,-8.57736449688673e-06,-0.002080646576359868,0.0021677763434126973,0.0006127354616220041,10.837170600891113,2.697940348693195e-07,0.0007792575447273659,1.4904473573551513e-05,-0.0010078756022267044,0.000990269472822547,0.0002210521593531971,11.751670837402344,-9.40106863134746e-06,0.00033097595522736857,-8.142378646880388e-06,-0.00042064798763021823,0.00040752617060206835
F:\Seminario\Seminario-Clustering\datasets\davi\Al Emadi (2019)\Multiclass_Drone_Audio\unknown\1-69165-A-340.wav,Multiclass_Drone_Audio\unknown\1-69165-A-340.wav,al_emadi,1-69165-A-340,1.0216875,0.10217407025791979,0.720497190952301,0.006783371528176455,0.14540740834645624,-1.704721840035603e-13,-0.01806799955666065,0.01782496720552446,0.0099444560710985,2.170989990234375,-0.00016533179736162332,0.04541255267021919,-2.0464278350118548e-05,-0.0029357521794736384,0.002049649832770231,0.0643088408191416,2.8269286155700684,0.00013458125514198771,0.08189770515223485,2.6348349138061167e-06,-0.002398896985687315,0.0021361703053116832,0.11727321206408743,4.7097296714782715,0.005301658455956228,0.07815649381476242,0.0,-0.0042775790207087985,0.00424668565392495,0.3043898581573061,5.921683311462402,0.0013067704639657654,0.0892964720923691,0.0,-0.004956243187189102,0.0033688600175082704,0.4019095626304466,7.286510467529297,-0.00033450058701639795,0.07259322673857918,0.0,-0.004660427756607532,0.0042409394867718355
F:\Seminario\Seminario-Clustering\datasets\davi\Al Emadi (2019)\Multiclass_Drone_Audio\unknown\1-30226-A-02.wav,Multiclass_Drone_Audio\unknown\1-30226-A-02.wav,al_emadi,1-30226-A-02,0.97525,0.10449312136267462,4.240877151489258,0.011293205832506375,0.10644437020533956,-0.0002914464275818318,-0.059470145404338835,0.0627780370414257,0.013312663932440183,4.600862979888916,0.0011046003234994656,0.0381909375948514,0.0005016629729652777,-0.02187668457627296,0.022810705006122586,0.10631715540384229,6.735114097595215,-0.001161878552461906,0.07661082020777285,-9.272817987948656e-05,-0.0447302907705307,0.04006465524435043,0.6121381798029266,7.607673168182373,-0.000977080114459172,0.13019699377421462,0.00033634997089393437,-0.052004339173436165,0.044943129643797874,0.15987504452639875,8.434453010559082,-0.0001378397172456538,0.04708637330214151,-3.212279079889413e-05,-0.015833662822842598,0.015557841397821903,0.003863834971717536,9.46090316772461,1.7593505781650546e-05,0.00517837168314624,2.6144971343455836e-06,-0.002031061518937349,0.002047218987718226
F:\Seminario\Seminario-Clustering\datasets\davi\Al Emadi (2019)\Multiclass_Drone_Audio\unknown\3-145487-A-242.wav,Multiclass_Drone_Audio\unknown\3-145487-A-242.wav,al_emadi,3-145487-A-242,0.97525,0.0,-0.0,0.0,0.0,0.0,0.0,0.0,0.0,-0.0,0.0,0.0,0.0,0.0,0.0,0.0,-0.0,0.0,0.0,0.0,0.0,0.0,0.0,-0.0,0.0,0.0,0.0,0.0,0.0,0.0,-0.0,0.0,0.0,0.0,0.0,0.0,0.0,-0.0,0.0,0.0,0.0,0.0,0.0
F:\Seminario\Seminario-Clustering\datasets\davi\Al Emadi (2019)\Multiclass_Drone_Audio\unknown\2-32515-A-40.wav,Multiclass_Drone_Audio\unknown\2-32515-A-40.wav,al_emadi,2-32515-A-40,1.0216875,0.0031536064364378674,7.935690402984619,0.0004319240516087678,0.051664420362559194,0.00031058862805366516,-0.06463862061500548,0.06293553709983826,0.00028843884238468687,7.220893383026123,0.0014588353138813763,0.015557104125283059,0.0008165245526470244,-0.015325985103845596,0.01869376301765443,0.03165711636589566,7.337900161743164,-0.0009775715329020025,0.11608390168924101,6.320609827525914e-05,-0.09522109255194663,0.10489417016506206,0.3440566538883234,8.346173286437988,0.003707089160738948,0.2710513983771134,-0.0004228866018820554,-0.20098649859428405,0.21893290579319008,0.5951156633154888,9.505419731140137,-0.00023175187077055441,0.25227892143710934,-0.0002419803713564761,-0.2104237601161003,0.22174739390611653,0.02572852115146953,10.605775833129883,3.273464315742161e-05,0.037107228288439646,-3.077520523220301e-05,-0.033040829747915265,0.034000250697135935
F:\Seminario\Seminario-Clustering\datasets\davi\Al Emadi (2019)\Multiclass_Drone_Audio\unknown\2-60794-A-260.wav,Multiclass_Drone_Audio\unknown\2-60794-A-260.wav,al_emadi,2-60794-A-260,1.0216875,0.014408482800090086,6.499443531036377,0.008645802010319104,0.14236494155516274,0.0042008571326732635,-0.13888770937919617,0.13775592148303986,0.06783812833186983,7.874729156494141,0.007608119885858718,0.30938479411692477,-0.007027459796518087,-0.3708574712276459,0.4005190134048463,0.6352276685211085,8.83946704864502,0.006923149240879045,0.6715582000427576,-0.006396631943061948,-0.8413796842098236,0.8855618834495548,0.24279858048269393,9.781590461730957,0.0014866163746534273,0.29409330710034925,0.0011844639666378498,-0.3529467284679413,0.365999972820282,0.034346930084555395,10.70268726348877,-0.000836388089593713,0.0782690282800533,-0.00013769793440587819,-0.09908465817570686,0.09292149767279627,0.005380209779682294,11.77767562866211,2.4129778698680816e-05,0.021914972860472955,-8.606782648712397e-05,-0.027351167052984238,0.0270033560693264
F:\Seminario\Seminario-Clustering\datasets\davi\Al Emadi (2019)\Multiclass_Drone_Audio\membo_1\Membo_1_044-membo_002_.wav,Multiclass_Drone_Audio\membo_1\Membo_1_044-membo_002_.wav,al_emadi,Membo_1_044-membo_002,1.024,0.6171224191809356,8.418310165405273,0.001274722589640141,0.12126359667754866,-0.003100758884102106,-0.159010873734951,0.1680278703570366,0.01014418999069915,8.00759506225586,5.423860917943008e-06,0.015548104317417837,0.00034293199132662266,-0.020237014256417753,0.01957008913159371,0.05845390721220712,9.021341323852539,6.976240246445936e-05,0.02646795146842217,-0.0005801724910270423,-0.03433142267167568,0.03446349985897542,0.0742395146926637,9.971864700317383,-0.0002917538786791512,0.021120762428240198,7.598310185130686e-05,-0.02761889360845089,0.02627501729875803,0.09701183021976081,10.91362190246582,0.0004564884786566151,0.017082291997133743,0.00039613607805222273,-0.021733729168772697,0.02259325236082077,0.14302813870373363,11.881936073303223,-5.239692945085162e-07,0.014678102828232028,0.00011302791244816035,-0.01836589053273201,0.018429500609636308
F:\Seminario\Seminario-Clustering\datasets\davi\Al Emadi (2019)\Multiclass_Drone_Audio\unknown\doing_the_dishes007.wav,Multiclass_Drone_Audio\unknown\doing_the_dishes007.wav,al_emadi,doing_the,4.992,0.03144483544286624,9.201042175292969,0.00025256291195223715,0.06261490730469933,-0.0009408793412148952,-0.06406183242797851,0.06488303765654564,0.036786012272889156,9.173086166381836,0.0003976553855432921,0.06772366878010362,0.001683127717114985,-0.06996795758605003,0.06659941822290422,0.09229426047486929,10.045934677124023,-0.0005644085532021789,0.07589750148796058,-0.0005585873150266707,-0.07556019052863121,0.07185111045837403,0.10050146616791075,10.794137954711914,0.0003018508112061452,0.05602055650504355,8.750938286539167e-05,-0.05021680667996406,0.05179879888892174,0.19938090944527156,11.032830238342285,-0.0006509483245289322,0.05580085527897139,-0.00015749152225907892,-0.0368301086127758,0.03362555578351019,0.539592516196193,11.834997177124023,-0.00025251853474175795,0.06492042617618646,-3.8935282645979896e-05,-0.03813795298337936,0.03707760199904472
F:\Seminario\Seminario-Clustering\datasets\davi\Al Emadi (2019)\Multiclass_Drone_Audio\unknown\1-75189-A-71.wav,Multiclass_Drone_Audio\unknown\1-75189-A-71.wav,al_emadi,1-75189-A-71,1.0216875,0.2778462620988225,4.694738864898682,-0.024135589945365132,0.2734497155304677,-0.0011494229547679424,-0.1581828325986862,0.1492464691400528,0.32034457243162556,6.151612281799316,-0.0025445529219435036,0.29474929901950947,0.011815046891570091,-0.27450212836265564,0.22863573133945478,0.3053360567058493,6.238344192504883,0.0002459416174639428,0.20407873019193745,0.00201011192984879,-0.15592319071292876,0.14940569251775745,0.06761046845923832,8.608161926269531,0.0012287315388668676,0.06800967467541387,0.0003370229678694159,-0.06447281241416931,0.0665067940950394,0.021023977577329413,9.546602249145508,-0.0004666229632936313,0.026836727867475842,-0.00017046886932803318,-0.02632842343300581,0.02511434238404036,0.007838662727134873,10.899131774902344,-4.0887831065524324e-05,0.011593828189471526,-0.00010471872519701719,-0.011770970746874809,0.011668019182980062
F:\Seminario\Seminario-Clustering\datasets\davi\Al Emadi (2019)\Multiclass_Drone_Audio\unknown\3-103597-A-251.wav,Multiclass_Drone_Audio\unknown\3-103597-A-251.wav,al_emadi,3-103597-A-251,1.0216875,0.6032096934448716,7.991017818450928,-0.0021380548553660197,0.149754271388641,0.0011854097247123718,-0.17842296361923218,0.18866526186466218,0.06703659977953896,7.604006767272949,0.0016698621850005015,0.049900199084559116,0.0010444971267133951,-0.059213487803936,0.06168179661035538,0.0824064248658309,8.966760635375977,-0.0003347319208474192,0.03925570540556029,-0.00022223078121896833,-0.04968149997293949,0.05094979256391526,0.08849134831725354,9.925143241882324,-0.0007316384462634519,0.028805403520509962,-0.0008892073528841138,-0.03738968744874,0.036444403976202015,0.08272093692225144,10.882997512817383,0.0005206321056040732,0.01970711252660237,0.00013598021178040653,-0.02397651560604572,0.025692434236407283,0.0761349966702535,11.710634231567383,0.00010520804046303062,0.013378774576619531,7.982597162481397e-05,-0.016055863350629807,0.01637990139424801
F:\Seminario\Seminario-Clustering\datasets\davi\Al Emadi (2019)\Multiclass_Drone_Audio\unknown\1-73123-A-264.wav,Multiclass_Drone_Audio\unknown\1-73123-A-264.wav,al_emadi,1-73123-A-264,0.95975,0.031026331383467234,5.869410514831543,-7.231112061541023e-05,0.025886395602800833,-0.00036354475014377385,-0.02049129270017147,0.01273781480267644,0.029550387352154824,5.022324085235596,0.0010349294648367017,0.025242069196226246,5.0906230171676725e-05,-0.009448852855712175,0.010973143391311169,0.3968036956080612,5.00546932220459,0.0007150297760283823,0.06565982639035775,0.0001661099449847825,-0.019881765358150005,0.021972755901515484,0.23839368109713704,6.869420051574707,0.000375995203702079,0.03605243419756546,-6.489806401077658e-05,-0.014993929862976074,0.015309576876461508,0.2578182008254098,7.228339195251465,0.00010989066511446557,0.02653307506365407,1.460510611650534e-05,-0.00802268786355853,0.0077799605205655245,0.0464077037337699,8.377510070800781,-1.8991322294222257e-05,0.007963631306904613,-5.336124013410881e-05,-0.0033357234206050634,0.0033889489714056253
F:\Seminario\Seminario-Clustering\datasets\davi\Al Emadi (2019)\Multiclass_Drone_Audio\membo_1\mixed_membo_21-membo_001_.wav,Multiclass_Drone_Audio\membo_1\mixed_membo_21-membo_001_.wav,al_emadi,mixed_membo_21-membo_001,1.024,0.004421955553252589,7.829383850097656,0.0008872677513639152,0.10267666188660546,0.007221333682537079,-0.12865834385156633,0.12282006442546844,0.006563147198036442,7.516512870788574,0.0022949730692220973,0.12507304973290923,0.006792784668505192,-0.13862814754247665,0.14464350938796997,0.004253937588912746,8.826659202575684,-0.001767778620960245,0.07139857063534819,-0.0007005154911894351,-0.09353568032383919,0.08698728010058404,0.20149345233196095,9.35279655456543,-0.0008925918861483986,0.34807629831708753,-0.000225805226364173,-0.5312475979328155,0.5371406733989716,0.7049475046790722,10.435940742492676,0.00028688770476475463,0.4607645735727107,0.0007463650545105338,-0.716368556022644,0.7222383618354797,0.07832000264876506,11.058075904846191,0.00013051440108627246,0.10864435907424562,-0.0005153549136593938,-0.11773812323808668,0.11741868406534198
F:\Seminario\Seminario-Clustering\datasets\davi\Al Emadi (2019)\Multiclass_Drone_Audio\unknown\2-105270-A-472.wav,Multiclass_Drone_Audio\unknown\2-105270-A-472.wav,al_emadi,2-105270-A-472,0.97525,0.9341863779620037,8.139494895935059,-0.0002513160447869073,0.07722073976068351,0.007234545657411218,-0.10813970044255256,0.09675713703036308,0.048691929768194996,7.725287437438965,0.0002904160493249092,0.017627432983726692,0.00015749451267765835,-0.020994792878627776,0.02258294764906167,0.01294554456438872,8.792445182800293,7.933348336260125e-05,0.0064502384424552075,0.00015607429668307304,-0.007995772175490856,0.008147832937538624,0.0032077884701187855,9.846050262451172,1.6618034979219075e-05,0.002273996643850597,1.4375990303960862e-05,-0.002838129410520196,0.002899783430621028,0.0006079443919887135,10.850022315979004,1.8568086845997762e-05,0.0007003194546709363,2.1206395103945397e-05,-0.0008695140422787517,0.0009037796990014613,0.00036041484330514315,11.857898712158203,3.7533261141262343e-07,0.0003815905656294045,3.713896148838103e-06,-0.0004880707478150725,0.00048263744683936245
F:\Seminario\Seminario-Clustering\datasets\davi\Al Emadi (2019)\Multiclass_Drone_Audio\unknown\3-62878-A-420.wav,Multiclass_Drone_Audio\unknown\3-62878-A-420.wav,al_emadi,3-62878-A-420,1.0216875,0.004197939478002202,6.221205711364746,0.01352967638828624,0.1813522728710321,0.0042305588722229,-0.17470179200172425,0.17578936517238622,0.05396619468483758,7.324802398681641,0.0012466368738091704,0.6520340534398886,-0.0006988507811911404,-0.7535081148147583,0.7623539090156561,0.7695068273503295,9.24752140045166,-0.0010835060175754681,1.7460835418820313,-0.047572726383805275,-2.323356795310974,2.3906862258911135,0.15155307078156963,9.822224617004395,0.002050434278070621,0.5488627817688356,0.03996742144227028,-0.7071136713027955,0.6478943228721619,0.018743469584077986,10.841135025024414,0.0016701303567138023,0.13657781200257332,0.01065176585689187,-0.17336245775222778,0.16781490445137023,0.0020324981211830755,11.765401840209961,2.856675966648378e-05,0.03181803353141267,0.0001557404175400734,-0.03910038247704506,0.03884526565670968
F:\Seminario\Seminario-Clustering\datasets\davi\Al Emadi (2019)\Multiclass_Drone_Audio\unknown\1-72695-A-264.wav,Multiclass_Drone_Audio\unknown\1-72695-A-264.wav,al_emadi,1-72695-A-264,0.95975,0.912728496142238,7.949768543243408,-9.84941614084396e-05,0.004905921636763809,0.000273522236966528,-0.006883734138682485,0.006215711357071996,0.0029312334408828516,7.866376876831055,7.717669336577382e-06,0.0002779682495192178,7.833850304450607e-06,-0.0003584617079468444,0.000359895420842804,0.009815387279992671,6.260812282562256,-1.6232737173625653e-05,0.00036056281990295015,7.4946497079508845e-06,-0.0003022321907337755,0.0002963206934509799,0.02423432196394889,7.805935859680176,7.706442233643725e-06,0.00040167575517015156,1.0767544154077768e-06,-0.00033536074915900825,0.0003387933247722687,0.028590000434911344,9.795741081237793,-4.08617453984336e-06,0.00030876838326730516,-4.016313596366672e-06,-0.00033064510789699854,0.00032413198205176745,0.02170056073802615,11.595803260803223,4.4848993467631514e-07,0.0001903184423935538,-2.6928059924102854e-06,-0.00023239651636686176,0.00023621828586328775
F:\Seminario\Seminario-Clustering\datasets\davi\Al Emadi (2019)\Multiclass_Drone_Audio\bebop_1\B_S2_D1_076-bebop_002_.wav,Multiclass_Drone_Audio\bebop_1\B_S2_D1_076-bebop_002_.wav,al_emadi,B_S2_D1_076-bebop_002,1.024,0.3594836256799803,7.147714614868164,-0.003047120600082987,0.22088840877059415,-0.0034030163660645485,-0.23640569597482677,0.22733196765184405,0.055154239520007003,8.126730918884277,0.00017336511237881215,0.08652931480785538,-0.0014453718613367528,-0.11393631473183632,0.1131107307970524,0.03997678037719458,9.069730758666992,-0.00034688055776376094,0.05224145814128739,-0.0032027309061959386,-0.06966326758265495,0.06687557622790338,0.12311118276472599,9.968637466430664,0.00011293640055425263,0.06492133437928459,-0.0005137906409800053,-0.08312737941741943,0.08685222789645197,0.23733087688208035,10.95486068725586,-0.0002800662161521677,0.06379220751828002,0.001716021215543151,-0.08458580076694489,0.08073875308036804,0.18494329477601174,11.928159713745117,-0.00024088188995499376,0.039836066195322754,-6.09895505476743e-05,-0.05020393803715706,0.05035155117511749
F:\Seminario\Seminario-Clustering\datasets\davi\Al Emadi (2019)\Multiclass_Drone_Audio\unknown\2-128631-A-213.wav,Multiclass_Drone_Audio\unknown\2-128631-A-213.wav,al_emadi,2-128631-A-213,1.0216875,0.0,-0.0,0.0,0.0,0.0,0.0,0.0,0.0,-0.0,0.0,0.0,0.0,0.0,0.0,0.0,-0.0,0.0,0.0,0.0,0.0,0.0,0.0,-0.0,0.0,0.0,0.0,0.0,0.0,0.0,-0.0,0.0,0.0,0.0,0.0,0.0,0.0,-0.0,0.0,0.0,0.0,0.0,0.0
F:\Seminario\Seminario-Clustering\datasets\davi\Al Emadi (2019)\Multiclass_Drone_Audio\unknown\1-85362-A-02.wav,Multiclass_Drone_Audio\unknown\1-85362-A-02.wav,al_emadi,1-85362-A-02,0.97525,0.0017514171940768428,6.2351837158203125,0.0007054529749380183,0.018310918603956217,-0.00012071779929101467,-0.013861604779958724,0.013894824124872676,0.13466142027625377,5.749901294708252,-0.0008085972970323415,0.16067691729693906,-0.0003621740033850074,-0.09834485054016111,0.09436163380742069,0.6328261364188235,7.141687870025635,-0.002408022493531551,0.2471655698396973,-0.0007037988398224115,-0.2083042562007904,0.19181428849697113,0.2094681918107457,7.772326469421387,-0.0005688070434058162,0.10070906659646722,0.0002710993721848354,-0.065013088285923,0.06587190553545952,0.020550807563195925,8.640670776367188,8.810555111162358e-05,0.02232265391012765,-9.110548489843495e-06,-0.01269507734104991,0.013016605284065008,0.0007420267369042826,9.510795593261719,1.3158210977129128e-05,0.0030006824493266516,-6.870475772302598e-06,-0.0016291009262204168,0.0016996356425806887
F:\Seminario\Seminario-Clustering\datasets\davi\Al Emadi (2019)\Multiclass_Drone_Audio\unknown\4-143118-B-74.wav,Multiclass_Drone_Audio\unknown\4-143118-B-74.wav,al_emadi,4-143118-B-74,0.95975,0.8353037477939382,7.046531677246094,-0.0006322054223084646,0.23911945317744274,0.004036644473671913,-0.2660757601261139,0.25483328104019165,0.13655140749595124,6.492526531219482,0.0021787414971859782,0.09665671279201088,0.0029384444933384657,-0.0962737649679184,0.09368336200714111,0.02028158770241395,8.583056449890137,0.00033726302370468565,0.026426484315605372,0.0001865964222815819,-0.029502208344638348,0.0332818366587162,0.006570353417329009,9.711790084838867,-4.777812528047505e-05,0.010655822482417374,-0.00025793834356591105,-0.013189241103827954,0.013399084657430657,0.0011107646622298853,10.63765811920166,3.6099218684458198e-06,0.003100497521140712,-2.7422051061876118e-05,-0.0037436550483107567,0.0037619224283844234,0.00018213892813767632,11.663704872131348,-4.542809414773037e-06,0.0008881762968907437,7.275455573108047e-06,-0.00111021485645324,0.001089621102437377
F:\Seminario\Seminario-Clustering\datasets\davi\Al Emadi (2019)\Multiclass_Drone_Audio\bebop_1\mixed_13-bebop_001_.wav,Multiclass_Drone_Audio\bebop_1\mixed_13-bebop_001_.wav,al_emadi,mixed_13-bebop_001,1.024,0.4901357605551017,7.368349075317383,0.0019983670082748743,0.17133663971733015,-0.0011466369032859802,-0.19365840107202528,0.19918940961360934,0.06349463098738978,8.025702476501465,0.00023993643072189253,0.06167182601317716,-0.0012503414181992412,-0.08314324915409088,0.07832890599966051,0.03303365525811555,8.985136985778809,-0.00048512071170459854,0.031542404713197955,0.0008401728118769825,-0.041659357398748396,0.04165761880576611,0.09718146887468691,9.905966758728027,0.0007468401154849185,0.03830852645253208,0.0014420410734601319,-0.0479612335562706,0.04736884422600271,0.19402648640021164,10.904888153076172,-0.0008960225054460847,0.03830480840634992,-0.0013266094028949738,-0.04897079989314079,0.04833715409040451,0.12212799792449441,11.941449165344238,-0.00010776137161990068,0.02150374780460855,0.00010836019646376371,-0.028039622679352758,0.027114856243133555
F:\Seminario\Seminario-Clustering\datasets\davi\Al Emadi (2019)\Multiclass_Drone_Audio\unknown\4-213193-A-294.wav,Multiclass_Drone_Audio\unknown\4-213193-A-294.wav,al_emadi,4-213193-A-294,0.95975,0.16053312122525348,4.8248066902160645,-0.000162518728185568,0.017052048736115454,-0.00012824976147385314,-0.0040263948030769825,0.0034470378886908293,0.6142977139482428,3.867851495742798,-0.0009120853844860679,0.033345791826302505,-8.528913895133883e-06,-0.007199900923296809,0.005227361805737019,0.19363964910442386,5.281160354614258,1.4431019809620752e-05,0.013284353324247088,3.053557975363219e-06,-0.0028184098191559315,0.0025196534115821123,0.024068978515908602,6.596994400024414,-1.6126724335257287e-06,0.003317764190217137,-8.511614169037784e-07,-0.0012687065871432423,0.0013526310445740857,0.00461375791437659,7.793002128601074,-8.531052637262132e-06,0.0010279047377197835,2.4072043061096338e-06,-0.00041573761263862246,0.00042067572649102675,0.002846779291794664,6.648829460144043,1.3072325004148633e-07,0.0005712156932927765,7.133295412131702e-07,-0.00011870080197695643,0.00012004513700958341
F:\Seminario\Seminario-Clustering\datasets\davi\Al Emadi (2019)\Multiclass_Drone_Audio\unknown\2-72688-A-422.wav,Multiclass_Drone_Audio\unknown\2-72688-A-422.wav,al_emadi,2-72688-A-422,0.97525,0.015509721529549304,7.291655540466309,0.11129411586903427,0.13904820253655067,0.12296851351857185,0.023248608969151978,0.21606314927339554,0.46281207734667384,8.007369041442871,0.0027568669874703717,0.972905287281967,-0.00525935017503798,-1.131105625629425,1.129473042488098,0.37966792950985473,9.060538291931152,0.0020815889732238137,0.6253144418934137,-0.019554734230041504,-0.8514736294746399,0.8085268139839172,0.07767578708186923,9.856965065002441,-9.260293919305509e-05,0.2003049983611626,0.005525196436792612,-0.24648984521627426,0.251905232667923,0.05687978237221664,10.701153755187988,2.332918243967922e-05,0.1212959408039631,0.003193038166500628,-0.1505810171365738,0.15128175914287567,0.007454702159836237,11.479812622070312,-8.865687411508855e-05,0.031064213020274734,0.00011429993901401758,-0.036195401847362516,0.036846806108951566
F:\Seminario\Seminario-Clustering\datasets\davi\Al Emadi (2019)\Multiclass_Drone_Audio\unknown\2-78781-A-473.wav,Multiclass_Drone_Audio\unknown\2-78781-A-473.wav,al_emadi,2-78781-A-473,1.0216875,0.3357193837057963,7.919536113739014,0.0030178662175150512,0.21940371207777687,0.0002606995403766632,-0.2671267569065094,0.28024572134017944,0.3104085208150963,7.594182968139648,0.0054871893356819015,0.21091950807134296,0.005960014183074236,-0.24688033759593964,0.23968793153762824,0.2133978963478619,8.544511795043945,0.009688923488212984,0.12368361176723032,0.011255185585469007,-0.12497397512197495,0.1525563552975656,0.12561393202130522,9.716221809387207,0.0014456008026277395,0.06740470362077837,0.0011601950973272324,-0.08169659823179244,0.08458781242370605,0.013892654559805038,10.714522361755371,-1.8560527951283577e-05,0.01586597075743194,0.00018251652363687754,-0.019672715850174428,0.018780262768268587,0.0009676125501352249,11.601728439331055,-6.948937336774492e-07,0.002962073634494723,2.380344085395336e-06,-0.0034821758046746252,0.0034696888178586964
F:\Seminario\Seminario-Clustering\datasets\davi\Al Emadi (2019)\Multiclass_Drone_Audio\unknown\2-87799-A-241.wav,Multiclass_Drone_Audio\unknown\2-87799-A-241.wav,al_emadi,2-87799-A-241,1.0216875,0.025533185804360158,6.853140830993652,-0.019870948103977982,0.3187749490576423,-0.005141906440258026,-0.36784669756889343,0.2698343575000764,0.1104005133713959,6.883732795715332,0.03693626689188652,0.6631116793028794,0.0020168819464743137,-0.6142807722091674,0.774171829223634,0.5591981317035086,7.880551338195801,0.029625699801652708,1.0595847974806636,0.0016386168426834047,-1.0449129223823548,1.1188097238540664,0.19202746951835176,8.878089904785156,-0.002557037836115285,0.4399694032500176,-4.155615533818491e-05,-0.4723933994770049,0.4498821854591371,0.09730330204041904,9.698777198791504,-0.00031737055287468454,0.22162289868094653,-8.252494444604963e-05,-0.2181936889886856,0.22680935561656954,0.015537397561964561,10.445873260498047,-0.00011829869156920362,0.06264847199934331,-1.7293907148996368e-05,-0.05798789039254188,0.05770239457488061
F:\Seminario\Seminario-Clustering\datasets\davi\Al Emadi (2019)\Multiclass_Drone_Audio\unknown\5-221878-A-343.wav,Multiclass_Drone_Audio\unknown\5-221878-A-343.wav,al_emadi,5-221878-A-343,1.0216875,0.9939554628867749,6.677508354187012,0.00016480895706248478,0.0925852391740921,0.0025200513191521168,-0.0913306474685669,0.06969863772392282,0.0024237158124580578,7.9440813064575195,-5.048450234643826e-05,0.004571653669604252,-0.000191334547707811,-0.00574563117697835,0.006241569109261036,0.0016927817643609215,8.869185447692871,2.4402003004639016e-05,0.0027095087245175603,0.0,-0.0032140716444700955,0.0036563929170370106,0.0013274030954985542,9.869100570678711,9.273987359864391e-06,0.0016995275096371438,0.0,-0.0021573066245764495,0.0021833805367350583,0.0003417781996716915,10.68331527709961,3.5634867199940656e-06,0.0006102407287604218,7.56051781536371e-06,-0.0007539569691289216,0.0007418125169351698,0.0002588582412358374,9.834301948547363,1.3212189259889026e-06,0.00037569510339216825,0.0,-0.0003356603905558586,0.0003424093069043013
F:\Seminario\Seminario-Clustering\datasets\davi\Al Emadi (2019)\Multiclass_Drone_Audio\unknown\2-102581-B-290.wav,Multiclass_Drone_Audio\unknown\2-102581-B-290.wav,al_emadi,2-102581-B-290,1.0216875,0.1517682116565717,4.748677730560303,-0.00021393197296017718,0.16150896877574242,0.0,-0.03951887339353561,0.04028701782226568,0.6666364753089159,4.555968761444092,0.0019205516062947938,0.33848869615166366,0.0,-0.022343854978680612,0.04027010202407838,0.15218598053189836,5.868974685668945,-0.0004636490466609313,0.11469358103720984,0.0,-0.01872263438999653,0.02316524684429171,0.02821335655314141,5.921206474304199,4.129207463635341e-05,0.03497904796095565,0.0,-0.007806073501706123,0.007878065295517453,0.0011795847733809877,6.196046829223633,-5.416751891899259e-06,0.005061140669950307,0.0,-0.0008284464012831449,0.0010312684345990422,1.6391176091646885e-05,9.461044311523438,4.103204831056684e-08,0.00042204616341950474,0.0,-0.0003382103459443897,0.00034350440255366283
F:\Seminario\Seminario-Clustering\datasets\davi\Al Emadi (2019)\Multiclass_Drone_Audio\unknown\4-234879-A-63.wav,Multiclass_Drone_Audio\unknown\4-234879-A-63.wav,al_emadi,4-234879-A-63,1.0216875,0.04228497321279814,7.814560890197754,0.00021681666974972654,0.030799580943905225,0.0005553021328523755,-0.03419649824500084,0.03748627081513406,0.04446308291970694,7.589786529541016,8.3759613402685e-05,0.03158353812379349,-0.0006686372798867524,-0.03459695428609848,0.03754364773631097,0.5165758658728149,5.857059001922607,0.00025542671933127744,0.07634417066397564,0.0008873448823578656,-0.03835272081196308,0.04063934460282327,0.35427290231290626,7.003026008605957,-1.9803452260256257e-05,0.0447822323804975,-8.241721661761403e-05,-0.02372748777270317,0.023015752807259558,0.03922480340780799,8.42100715637207,2.980852787271265e-05,0.01054432169337767,-6.015470717102289e-06,-0.006088841333985328,0.0063920937944203626,0.0031783722739658167,11.292537689208984,1.489807199838211e-06,0.0021233084604817187,-6.930116796866059e-06,-0.0023588090669363735,0.0023734429851174368
F:\Seminario\Seminario-Clustering\datasets\davi\Al Emadi (2019)\Multiclass_Drone_Audio\unknown\1-19501-A-74.wav,Multiclass_Drone_Audio\unknown\1-19501-A-74.wav,al_emadi,1-19501-A-74,0.95975,0.0,-0.0,0.0,0.0,0.0,0.0,0.0,0.0,-0.0,0.0,0.0,0.0,0.0,0.0,0.0,-0.0,0.0,0.0,0.0,0.0,0.0,0.0,-0.0,0.0,0.0,0.0,0.0,0.0,0.0,-0.0,0.0,0.0,0.0,0.0,0.0,0.0,-0.0,0.0,0.0,0.0,0.0,0.0
F:\Seminario\Seminario-Clustering\datasets\davi\Al Emadi (2019)\Multiclass_Drone_Audio\unknown\2-39441-A-191.wav,Multiclass_Drone_Audio\unknown\2-39441-A-191.wav,al_emadi,2-39441-A-191,1.0216875,0.5958623502745947,7.562130928039551,0.01979665701300972,0.22678460625310382,0.029676053673028946,-0.23895812630653382,0.267668753862381,0.2867970077650786,7.405694007873535,-0.003891303766711581,0.157886298165711,-0.007412471808493137,-0.1893257826566696,0.1776841402053833,0.10486835882532577,8.44946575164795,-0.0008763592355705232,0.06772103814507986,0.0009937910945154727,-0.07753082364797592,0.07365280091762545,0.011786501665411677,9.40304183959961,-0.00010341754903212456,0.01608224871272453,-0.00036375538911670446,-0.017654633149504658,0.0185380082577467,0.000529676460870808,9.528284072875977,8.103005026290985e-06,0.0024125112784326554,-1.4793418813496828e-05,-0.0023966206703335048,0.002485121879726648,0.00015610500871851582,7.12317419052124,4.2531584965394876e-06,0.0009264907701100152,-9.373161447001621e-08,-0.000676438701339066,0.00066491246689111
F:\Seminario\Seminario-Clustering\datasets\davi\Al Emadi (2019)\Multiclass_Drone_Audio\unknown\5-197121-B-450.wav,Multiclass_Drone_Audio\unknown\5-197121-B-450.wav,al_emadi,5-197121-B-450,1.0216875,0.1552163647508124,7.754948616027832,-0.0015289296589276575,0.05377132177607328,-0.00498097063973546,-0.06593385189771653,0.07034486383199692,0.24821535828664354,7.358348846435547,0.003725195730912744,0.06792343190604912,0.0010069598210975528,-0.07229829877614975,0.07498833537101746,0.29789741434419503,8.67245864868164,-0.0003167251375248358,0.05284838718244583,-0.0003804000880336389,-0.06664183884859085,0.0624047674238682,0.18779554886086983,9.662805557250977,9.277740940641386e-05,0.02972160619442245,-0.0009484554757364094,-0.03451543301343918,0.036378686875104906,0.07868662297738199,10.742554664611816,-0.0001680695973452166,0.013612950756924213,5.2782670536544174e-05,-0.016996416822075845,0.016096809692680836,0.03218869078009721,11.646577835083008,1.3675642434608768e-05,0.0061596538203039395,1.7333542928099632e-05,-0.0072868290357291695,0.007327384315431119
F:\Seminario\Seminario-Clustering\datasets\davi\Al Emadi (2019)\Multiclass_Drone_Audio\unknown\2-122067-A-450.wav,Multiclass_Drone_Audio\unknown\2-122067-A-450.wav,al_emadi,2-122067-A-450,1.0216875,0.6738931576371128,7.748647689819336,0.013454238974671212,1.0609578952091,0.028088964521884918,-1.3745901346206664,1.3029763221740724,0.1115647227044938,7.81120491027832,-0.013907841073954388,0.4314947387043062,-0.022434452548623085,-0.5786998033523559,0.5656984448432925,0.1230094141518976,8.84218978881836,0.0020493873751066365,0.3214745681877839,-0.018928442150354385,-0.3810333639383316,0.4307261049747467,0.04164770905323221,9.85842514038086,6.141673476722049e-05,0.13249739805806365,0.0006530727259814739,-0.17037451267242432,0.16890299320220953,0.037813703940032896,10.770313262939453,0.0008340712146894308,0.08933480345956825,0.0004391803522594273,-0.11106568798422814,0.11273045167326927,0.012071292513230705,11.850593566894531,4.689830314101836e-05,0.0357077380286627,9.075741400010884e-05,-0.04488929957151413,0.04476468786597254
F:\Seminario\Seminario-Clustering\datasets\davi\Al Emadi (2019)\Multiclass_Drone_Audio\unknown\3-107123-A-262.wav,Multiclass_Drone_Audio\unknown\3-107123-A-262.wav,al_emadi,3-107123-A-262,0.97525,0.16329408795936368,2.74432373046875,0.018198332429989826,0.17855502114978647,-0.0014279228635132313,-0.032267337664961815,0.03912888094782829,0.02943331853554778,6.198581695556641,0.0021707509464463162,0.07616828156971003,0.00030145904747769237,-0.052651784941554064,0.06369077861309051,0.5526919129476452,7.220768928527832,0.0010637845394956941,0.2343132846701415,-0.0006725873681716621,-0.20736943185329437,0.21410129964351654,0.19308721840118848,8.102273941040039,-0.0009140969435424889,0.09807714290357651,-0.0004694422386819497,-0.09007440879940987,0.08155482634902,0.05484423501104261,9.39801025390625,5.420417470719925e-05,0.036990759452902366,-1.598658855073154e-05,-0.03336482681334019,0.03177429363131523,0.006649227145212311,10.166041374206543,1.1660888030525317e-05,0.009111567625885502,-8.569644705858082e-06,-0.006650347169488668,0.006969901267439128
F:\Seminario\Seminario-Clustering\datasets\davi\Al Emadi (2019)\Multiclass_Drone_Audio\unknown\3-151080-A-204.wav,Multiclass_Drone_Audio\unknown\3-151080-A-204.wav,al_emadi,3-151080-A-204,0.95975,0.003093895021318909,6.596585273742676,-0.0012434487303955109,0.029193158731662894,-0.0005105817108415067,-0.028274553827941418,0.02326146513223648,0.005882656525056969,6.8752665519714355,-0.0021445628320445557,0.04023394164999819,-0.00018386277952231467,-0.05123222805559635,0.03740447945892811,0.13252089756200727,7.623262405395508,-0.0045441134065455175,0.13556569482901823,1.1000374797731638e-06,-0.14622978121042252,0.11638373881578445,0.36327844533057296,8.534111022949219,0.00011165304154810774,0.15909054613952175,-2.212708568549715e-05,-0.1520690441131592,0.15890678763389607,0.27399546203433445,8.926883697509766,8.87145692266076e-05,0.0977732061389765,6.28192829026375e-05,-0.07805879935622215,0.07178581431508091,0.22122864352670946,9.281783103942871,7.351551290997728e-05,0.06215148708563899,-5.787060217699036e-07,-0.03672453388571739,0.03367277979850769
F:\Seminario\Seminario-Clustering\datasets\davi\Al Emadi (2019)\Multiclass_Drone_Audio\unknown\4-172736-A-362.wav,Multiclass_Drone_Audio\unknown\4-172736-A-362.wav,al_emadi,4-172736-A-362,0.97525,0.05227682776925646,7.952305316925049,-0.0039768778749172265,0.22111644187175147,-0.008973486721515656,-0.2823914051055908,0.2757933348417282,0.11775436793199727,8.012104034423828,0.027003564628176692,0.3308133998325645,0.029806818813085556,-0.4321070402860641,0.4303720235824585,0.30945302328762414,8.872520446777344,0.0029426590146954482,0.3818124519439298,0.007379983551800251,-0.49419984221458435,0.48053649067878723,0.27586308505053253,9.716642379760742,0.000756353806390003,0.2553057457269496,-0.0005765706300735474,-0.3135925978422165,0.3166316896677017,0.19270523641830456,10.741134643554688,0.0007602564231525959,0.15099941358596122,0.0010232673375867307,-0.18732883781194687,0.18818604201078415,0.05194745954228501,11.669174194335938,0.0001648449154300281,0.05546179224835433,0.000782896182499826,-0.06759120374917983,0.06796657443046572
F:\Seminario\Seminario-Clustering\datasets\davi\Al Emadi (2019)\Multiclass_Drone_Audio\unknown\3-128512-B-472.wav,Multiclass_Drone_Audio\unknown\3-128512-B-472.wav,al_emadi,3-128512-B-472,0.97525,0.9679503480280455,7.817999839782715,-0.022504375335055324,1.1080124089581058,0.047224489971995354,-1.4537874460220337,1.3101083993911742,0.016298768801304105,7.929181098937988,0.0055193516578023825,0.1437027087478096,0.012503769714385271,-0.18505600690841675,0.18597249835729596,0.009862956123626018,8.899452209472656,-0.0008079197292052832,0.0793812037575311,-0.0016040932387113571,-0.10252665728330612,0.10267052054405212,0.0049603395984642576,9.85498332977295,-0.00019786209204893156,0.039869155529543426,-0.0016879371250979602,-0.050673650577664375,0.05124025419354439,0.000869810524228513,10.820185661315918,5.393210314391863e-05,0.011814430965403001,7.455810555256903e-05,-0.014851415529847145,0.015122347511351109,5.777692433168516e-05,11.87611198425293,3.0239757434104034e-07,0.002154080259976339,7.545808330178261e-06,-0.0027810995467007155,0.0027040616143494847
F:\Seminario\Seminario-Clustering\datasets\davi\Al Emadi (2019)\Multiclass_Drone_Audio\unknown\4-160036-B-333.wav,Multiclass_Drone_Audio\unknown\4-160036-B-333.wav,al_emadi,4-160036-B-333,1.0216875,0.9399087309791806,7.780717849731445,-0.002272044121138247,0.3043970649875943,0.009265102446079254,-0.4120850384235382,0.3828934967517857,0.04598311821552407,7.083066940307617,0.0014214066315856196,0.06731504051359746,0.0005889713065698743,-0.07756566107273101,0.07517540752887736,0.012840460571982815,7.201101779937744,-1.6505920546563526e-05,0.02523182307937427,-9.851108188740909e-05,-0.019144703447818753,0.019033340364694597,0.0011533422128897524,7.7968363761901855,-1.70971424968793e-05,0.005356250444000205,6.263263639993966e-05,-0.002995719294995069,0.0028776973020285374,0.00011144010528679018,9.319572448730469,-3.0397597987569283e-06,0.0011781659757965318,-1.8067075870931149e-06,-0.0009817562531679869,0.0009308940207120032,2.9079151360242226e-06,10.888967514038086,6.35407286842399e-08,0.00013463214812753802,1.327134668827057e-07,-0.000132409215439111,0.00013153252657502893
F:\Seminario\Seminario-Clustering\datasets\davi\Al Emadi (2019)\Multiclass_Drone_Audio\unknown\5-127990-A-20.wav,Multiclass_Drone_Audio\unknown\5-127990-A-20.wav,al_emadi,5-127990-A-20,1.0216875,0.10057141562664491,7.690133571624756,-0.00037381371120225125,0.23591294433370594,-0.00029967178124934435,-0.2759141445159912,0.2886002600193024,0.38337893740994816,6.723320007324219,0.023180471163295295,0.4600218677744793,0.00480608781799674,-0.3776997983455658,0.5018420696258545,0.23655623741447884,7.808596611022949,0.0010247832600555947,0.25658276662796253,0.003219521837309003,-0.2627623349428177,0.2629084259271623,0.1930517776603198,6.916304111480713,0.0038062519701986914,0.16413812787516685,0.000864473928231746,-0.06425687670707703,0.07705710977315904,0.06408801433453075,8.302441596984863,0.001654329037651672,0.06691881362678087,0.0007688268669880927,-0.030602938123047353,0.03827072493731976,0.02235361755407749,9.851789474487305,4.757026517492805e-05,0.02796639990714935,3.624868986662477e-05,-0.01785964034497738,0.0184437394142151
F:\Seminario\Seminario-Clustering\datasets\davi\Al Emadi (2019)\Multiclass_Drone_Audio\unknown\5-234335-A-233.wav,Multiclass_Drone_Audio\unknown\5-234335-A-233.wav,al_emadi,5-234335-A-233,1.0216875,0.07901035226538801,7.115745544433594,-0.00019306726457606966,0.00998884284835687,-0.0003964081406593323,-0.009657905250787734,0.010221411660313625,0.02067141048764804,6.954338073730469,0.0003587548646387307,0.005097608624476409,2.234139174106531e-05,-0.004774717707186937,0.006243608519434931,0.0955272790905391,7.881669998168945,-0.00047432481778255335,0.0077760718800012636,-6.233311978576239e-05,-0.009321116749197245,0.007950698677450421,0.39950324672296406,8.745270729064941,-9.81597462564261e-05,0.011284239919478687,-2.8082371500204317e-05,-0.011668048426508901,0.011759017780423164,0.27621084502489474,9.519451141357422,-4.963566751536136e-05,0.006639570776457105,6.126601192590897e-06,-0.0065861170180141915,0.006461129942908883,0.12907686640856608,10.545438766479492,-4.2239203949896856e-06,0.0032108971635489373,-1.8391888261248823e-06,-0.0030042530968785283,0.0032042203936725857
F:\Seminario\Seminario-Clustering\datasets\davi\Al Emadi (2019)\Multiclass_Drone_Audio\unknown\4-194808-A-290.wav,Multiclass_Drone_Audio\unknown\4-194808-A-290.wav,al_emadi,4-194808-A-290,1.0216875,0.31004015873722013,4.447325229644775,-0.00022223101475328294,0.35947937835861593,0.0016926864627748728,-0.1257963865995407,0.13793442547321327,0.04215164006869424,5.972870826721191,0.0074273341754913,0.1323394820612038,0.0002973617520183325,-0.08879522234201431,0.12882872819900526,0.14676699514781563,7.040153503417969,-0.0016917703182583517,0.1753911980431685,0.00023583979782415554,-0.1379620611667633,0.13733677566051503,0.29524587616197606,7.9379072189331055,-0.0006756279717494754,0.1762090156249428,-5.2115326980128884e-05,-0.13721596598625183,0.13735885918140417,0.1710419375215652,8.776516914367676,0.00046122079077942326,0.0949049150598402,-2.7552447136258706e-05,-0.05744268707931041,0.05774781219661237,0.03475339236272876,9.720806121826172,-3.8544341543843164e-05,0.030262974746896855,-3.260540324845351e-05,-0.01630852296948433,0.016661495715379733
F:\Seminario\Seminario-Clustering\datasets\davi\Al Emadi (2019)\Multiclass_Drone_Audio\unknown\3-97909-A-492.wav,Multiclass_Drone_Audio\unknown\3-97909-A-492.wav,al_emadi,3-97909-A-492,0.97525,0.27932055665462235,5.585808753967285,-0.03296524241400754,0.4991675510114303,0.0011287536472082138,-0.3273101657629013,0.27469879090785976,0.16167357692244974,6.847951889038086,-0.004689265779329856,0.38056288051835163,-0.007587457541376352,-0.36198483407497406,0.36332170367240896,0.16804334535697038,7.647565841674805,-0.012105528388528576,0.2750802299053916,-0.0022730110213160515,-0.26500803232192993,0.2364029884338379,0.1875026826419337,8.644759178161621,-1.3590453204554592e-05,0.20597887108751703,0.0008401417289860547,-0.21083655953407288,0.1913592740893364,0.1249848953253372,9.908920288085938,-0.002024327577761734,0.11898800353523223,-0.000510430196300149,-0.1263965517282486,0.12098287418484688,0.07847494309868665,11.120384216308594,-0.00012375647617064142,0.06670857358019981,-0.00026655825786292553,-0.07553014308214187,0.07488479614257813
F:\Seminario\Seminario-Clustering\datasets\davi\Al Emadi (2019)\Multiclass_Drone_Audio\unknown\3-203371-A-391.wav,Multiclass_Drone_Audio\unknown\3-203371-A-391.wav,al_emadi,3-203371-A-391,1.0216875,0.9309105763529227,5.733174800872803,-0.0007169236355621673,0.04475555786908784,0.0,-0.00038090805755928146,0.0,0.029236786575516486,4.116750717163086,-0.0006111737818104266,0.007908983746206447,0.0,-4.623161657946168e-06,0.0,0.02492860167210185,4.691938400268555,-0.00014560155983600782,0.005192490565666304,0.0,-1.4374813872563982e-08,0.0,0.008098542140400606,6.60834264755249,-9.492407961182375e-05,0.0020949857657213363,0.0,-5.0000178816844555e-06,0.0,0.0043078630867734394,7.689850807189941,1.959184553942578e-05,0.001082146266277483,0.0,0.0,0.0,0.0025176301722848694,8.700860023498535,-8.085189841650638e-08,0.0005853194308511412,0.0,0.0,0.0
F:\Seminario\Seminario-Clustering\datasets\davi\Al Emadi (2019)\Multiclass_Drone_Audio\unknown\5-203128-B-01.wav,Multiclass_Drone_Audio\unknown\5-203128-B-01.wav,al_emadi,5-203128-B-01,1.0216875,0.0016440293495077866,6.816608428955078,0.0012155028976792988,0.028146184581403673,0.003695998340845108,-0.02615324966609478,0.025439905375242253,0.023058929660392764,6.124661445617676,-0.0006253680964919798,0.10550700317145445,-0.00020730176765937358,-0.06804771721363068,0.0705330461263657,0.31235821463816776,7.06599235534668,0.003591525283637824,0.27536425547802407,0.00012914518447360024,-0.17280513942241668,0.20065656900405957,0.5851349776978116,7.640480041503906,0.0022161131218281596,0.26696646388034384,-9.458586282562464e-05,-0.11094953566789623,0.12057898044586207,0.07497746980862594,8.49517822265625,-2.8432528257283665e-05,0.0676257578821988,1.8415554222883657e-05,-0.026911627501249303,0.026891215331852444,0.002826378845494153,9.9359769821167,-6.919165324813187e-05,0.009287968561201003,-5.737165338359773e-06,-0.005928941722959279,0.005492621939629318
F:\Seminario\Seminario-Clustering\datasets\davi\Al Emadi (2019)\Multiclass_Drone_Audio\unknown\1-46274-A-180.wav,Multiclass_Drone_Audio\unknown\1-46274-A-180.wav,al_emadi,1-46274-A-180,1.0216875,0.4410017552324296,6.128636837005615,-0.0010019998786461178,0.12128394569312761,-0.0038202598225325346,-0.09051319658756256,0.09322465658187869,0.3988489838688255,6.605072498321533,0.0007485970106897731,0.11534348272634057,0.00041997875086963177,-0.09379927664995194,0.09942697435617451,0.08400745599091827,7.772172927856445,0.0006040844395427463,0.03753611920461738,5.308718937158119e-05,-0.03527558296918869,0.037943847477436066,0.028865284130674254,8.743609428405762,-0.00016462906493567667,0.015586045644762488,2.092123031616211e-05,-0.016731300950050352,0.01658139601349831,0.027945085454177912,9.443998336791992,-0.00023091656486207374,0.010850001922684243,-3.072546860494185e-05,-0.009962593670934439,0.0096767520532012,0.019331435322974454,10.39859390258789,3.470267005217755e-05,0.006385161422981681,2.6081174837599974e-06,-0.005676673725247383,0.005889709386974573
F:\Seminario\Seminario-Clustering\datasets\davi\Al Emadi (2019)\Multiclass_Drone_Audio\unknown\1-59513-A-01.wav,Multiclass_Drone_Audio\unknown\1-59513-A-01.wav,al_emadi,1-59513-A-01,1.0216875,0.01429558308876567,7.753093719482422,-0.001127796862553625,0.09714869231816461,0.00041684508323669434,-0.12519664764404295,0.12456455230712894,0.6785417568317386,6.559036731719971,-0.00026588438934875325,0.669350421537511,0.00274703954346478,-0.5748701691627502,0.6204847455024725,0.29384441456209603,7.430196762084961,-0.0018029233697623582,0.3123672384188491,0.0003909076185664162,-0.22946094423532484,0.21775838881731102,0.01302876393832486,8.440496444702148,9.347649401632256e-05,0.046589742260028995,6.052010576240718e-06,-0.04157241508364677,0.04109088853001597,0.0002809972624490004,9.183570861816406,5.726056481687818e-06,0.004841650987531574,1.7024440239765681e-06,-0.0036931175505742425,0.003547233622521162,8.484316625848238e-06,11.257148742675781,-2.3013711464603872e-06,0.0005951394650199932,-2.6092748157680035e-06,-0.0006384265609085559,0.0006296889157965784
F:\Seminario\Seminario-Clustering\datasets\davi\Al Emadi (2019)\Multiclass_Drone_Audio\unknown\3-87936-B-460.wav,Multiclass_Drone_Audio\unknown\3-87936-B-460.wav,al_emadi,3-87936-B-460,1.0216875,0.08722615077842519,8.159318923950195,-0.021470473823452827,0.09649731366751442,-0.025389336049556732,-0.15043971240520476,0.10523493140935902,0.3825921382682147,8.004350662231445,0.0048288171036831844,0.2069827201713884,0.006029898300766945,-0.2641831934452057,0.2729384899139405,0.396565023695462,8.908679008483887,0.0002963986271106301,0.14948213396147597,0.0015617763274349272,-0.1895342916250229,0.186571079492569,0.10887328808881859,9.899613380432129,-0.00010268069561424298,0.05547769689631805,0.00022404687479138374,-0.0714283525943756,0.06967662572860718,0.02355711419151347,10.742528915405273,-3.948093841576007e-05,0.018260879718827668,3.7166420952416956e-05,-0.021924666501581667,0.022696685418486597,0.0011862849775660573,11.658113479614258,4.29246233087586e-06,0.002898855164505294,-3.795139491558075e-07,-0.0035353681072592736,0.0035166702698916203
F:\Seminario\Seminario-Clustering\datasets\davi\Al Emadi (2019)\Multiclass_Drone_Audio\unknown\5-171653-A-411.wav,Multiclass_Drone_Audio\unknown\5-171653-A-411.wav,al_emadi,5-171653-A-411,1.0216875,0.4280697102215369,8.49103832244873,-0.007325778356834353,0.9892250068702833,0.09507031738758087,-1.3782292127609252,1.1963890314102172,0.22588690702155878,8.27020263671875,-0.01835184778416497,0.718378945888975,-0.02873064950108528,-1.01018807888031,0.9703189015388494,0.09186718385440594,8.964393615722656,-0.006371825858035599,0.3249340123192385,0.001195663819089532,-0.4226954460144043,0.40880499184131647,0.07250218842555425,9.963397026062012,0.004106105690067039,0.20446173521392022,0.004848327487707138,-0.25450392365455626,0.2778007209300995,0.05998899025551115,10.804447174072266,0.00020548396232013432,0.13163229165253984,2.1490268409252167e-06,-0.16434401720762254,0.16402526646852494,0.12168502022143297,11.83598518371582,-0.0003698793309026029,0.13262179208394584,-0.0009133243001997471,-0.166770800948143,0.16816379725933084
F:\Seminario\Seminario-Clustering\datasets\davi\Al Emadi (2019)\Multiclass_Drone_Audio\membo_1\Membo_1_047-membo_000_.wav,Multiclass_Drone_Audio\membo_1\Membo_1_047-membo_000_.wav,al_emadi,Membo_1_047-membo_000,1.024,0.7470424189166333,6.0558929443359375,0.00029973149579198144,0.35028881857285565,-0.004233022453263402,-0.2675406396389007,0.2539519041776657,0.0051787240514749935,7.015774726867676,-7.203461450181225e-05,0.029165127548643588,-0.00016252852219622582,-0.031489357352256775,0.031022049672901633,0.01685296594908254,8.883487701416016,0.0002987737105074293,0.03730991903199004,-0.000706358376191929,-0.04610826559364795,0.04821915663778782,0.05115316253706051,9.711528778076172,-1.8482453773227114e-06,0.04603145506457621,-0.0001524157851235941,-0.05630665086209774,0.05667280554771424,0.07346747391952137,10.674713134765625,0.0005095639787902332,0.03903771135859299,0.0005732597783207893,-0.04664620757102966,0.04700847342610359,0.1063052546262273,11.4828519821167,1.7756051673441517e-05,0.033221673264169096,-2.1371059119701385e-05,-0.0375893160700798,0.03796511590480805
F:\Seminario\Seminario-Clustering\datasets\davi\Al Emadi (2019)\Multiclass_Drone_Audio\unknown\1-23222-B-193.wav,Multiclass_Drone_Audio\unknown\1-23222-B-193.wav,al_emadi,1-23222-B-193,1.0216875,0.9095289465332628,6.894488334655762,-0.003673268880197919,0.3047905405973511,-0.0071866679936647415,-0.29249078035354614,0.2946037113666535,0.05960543757937137,7.880668640136719,0.004050355498288079,0.07792590233513486,0.004664512816816568,-0.09130649119615555,0.10314805954694749,0.02478731748373638,8.894271850585938,0.0008274941605625398,0.0356756118781185,0.0014869123115204275,-0.04493393003940582,0.0457393690943718,0.004873669461722856,9.840808868408203,8.642512743126987e-06,0.01120797003220754,-3.711691533681005e-05,-0.013865103013813496,0.013843968138098716,0.0006598107330427725,10.889141082763672,-1.8446701261192892e-05,0.002918120433334554,3.84629747713916e-05,-0.003738263458944857,0.003696213266812266,0.0005448182088639039,11.938852310180664,-1.068951553458247e-05,0.0018758227076357394,-1.3155513443052769e-05,-0.0023929962422698735,0.00240019615739584
F:\Seminario\Seminario-Clustering\datasets\davi\Al Emadi (2019)\Multiclass_Drone_Audio\bebop_1\mixed_40-bebop_004_.wav,Multiclass_Drone_Audio\bebop_1\mixed_40-bebop_004_.wav,al_emadi,mixed_40-bebop_004,0.904,0.30358065733986955,7.318015098571777,0.003337067750172779,0.3128294242669282,0.01932661607861519,-0.34432962238788606,0.3553944736719132,0.11330075305809356,7.776557445526123,-0.02119858570266759,0.18994315572490755,0.010829486884176731,-0.31368208527565,0.19695408195257189,0.12964277544510897,8.497632026672363,-0.013621482010393475,0.1443968221368783,-0.008372613694518805,-0.19688622057437896,0.15065130740404128,0.12951255544409446,9.588361740112305,-0.002063340845847936,0.10265440414832956,-0.0006353049539029598,-0.13129625469446182,0.12294627279043198,0.1566277801747392,10.766999244689941,0.0005826249347284804,0.07991652543839126,0.0015364375431090593,-0.09941942989826202,0.10361191630363464,0.16733547853809427,11.749252319335938,-0.0002595236333029241,0.05843842148798286,-0.00015598197933286428,-0.07506967037916182,0.07472529262304306
F:\Seminario\Seminario-Clustering\datasets\davi\Al Emadi (2019)\Multiclass_Drone_Audio\unknown\4-197103-A-61.wav,Multiclass_Drone_Audio\unknown\4-197103-A-61.wav,al_emadi,4-197103-A-61,1.0216875,0.6252894009615649,7.54817533493042,-0.03247291081165264,0.5781681264699527,0.022109931334853172,-0.8329824686050414,0.6558392047882081,0.04925844153634794,7.102456092834473,0.010718363169913956,0.16217782096921143,0.0018216767348349094,-0.16961112618446347,0.2321208238601687,0.26260624222856094,8.705774307250977,-0.003174205619007429,0.2661140965346703,0.00016735403914935887,-0.33454672396183016,0.31763228476047517,0.058995050101587475,9.135526657104492,-0.000196988314265813,0.08934670995798798,-0.0003929098602384329,-0.101695516705513,0.09961621165275575,0.0028169722719388894,10.20826244354248,3.3405706264730506e-05,0.013815449334617785,-4.593841731548309e-05,-0.016373360715806484,0.015403574239462618,0.0010338928999998897,10.547830581665039,-1.9726884726072504e-05,0.005920810601751501,-7.3016854003071785e-06,-0.005559023190289736,0.005597611330449583
F:\Seminario\Seminario-Clustering\datasets\davi\Al Emadi (2019)\Multiclass_Drone_Audio\unknown\1-260640-C-22.wav,Multiclass_Drone_Audio\unknown\1-260640-C-22.wav,al_emadi,1-260640-C-22,0.97525,0.009761925538835195,7.076967239379883,0.005785420380517659,0.11738831789834576,0.002931443974375725,-0.1172361671924591,0.12972730696201323,0.03760889943860506,6.568782806396484,-0.0352130822598395,0.2279869157256195,-0.01922669168561697,-0.2417023658752441,0.17510586231946942,0.09615113827024466,8.399490356445312,-0.0016215062749697414,0.26174705901707473,-0.004617498721927404,-0.32013747096061707,0.3529508113861084,0.12633927169838446,9.25352668762207,0.002362358078973226,0.21247378146251614,0.0021194673608988523,-0.25389885902404785,0.257588729262352,0.5284259531089976,10.0235595703125,0.001052003643013418,0.3075181993852737,0.0016640045796521008,-0.35076601803302765,0.35130438208580017,0.201712811944933,10.941600799560547,-4.284390163563746e-05,0.13440879984543563,0.0001353261759504676,-0.14465624690055848,0.14526069462299349
F:\Seminario\Seminario-Clustering\datasets\davi\Al Emadi (2019)\Multiclass_Drone_Audio\unknown\2-72677-A-184.wav,Multiclass_Drone_Audio\unknown\2-72677-A-184.wav,al_emadi,2-72677-A-184,0.95975,0.44852767270679034,7.738813400268555,-0.006511473194159445,0.017212140635675086,-0.006223190808668733,-0.026694641448557377,0.014759286306798458,0.12429470157458922,7.612392425537109,0.00018694047569852982,0.00968569720428384,0.00027290143771097064,-0.0117380041629076,0.012812963221222162,0.3155690752188679,8.205276489257812,-0.00020727423124794326,0.010946729657059076,-6.678939826088026e-05,-0.012824444100260735,0.011729016900062561,0.08125707793287137,9.477346420288086,9.111241945536132e-06,0.003935660780111664,-9.666476398706436e-05,-0.00446165082976222,0.004584133531898261,0.013831599706456041,10.567703247070312,-1.172354707586607e-05,0.0011490144735972286,-1.1199633263458963e-05,-0.0013686485704965889,0.0013896759948693225,0.01651987286042511,11.110088348388672,-2.1765735952278147e-06,0.0008883758465948852,4.474552042665891e-06,-0.0009909147629514337,0.0009577874443493783
F:\Seminario\Seminario-Clustering\datasets\davi\Al Emadi (2019)\Multiclass_Drone_Audio\unknown\3-154439-A-170.wav,Multiclass_Drone_Audio\unknown\3-154439-A-170.wav,al_emadi,3-154439-A-170,1.0216875,0.009826980342771475,7.179747581481934,-0.00022870543334278237,0.013665721121000491,-0.0012952792458236217,-0.0160726610571146,0.015612288564443591,0.0011200968236001337,6.493954658508301,-0.00011013253801423476,0.004613041673931553,-1.4434630429605022e-05,-0.004725494794547558,0.0039535601623356354,0.3212129868120295,5.446706771850586,0.003165908222895923,0.055324649897552376,2.0065741409780458e-05,-0.013801931776106358,0.020839125663042128,0.20897388028495173,7.550387382507324,0.0005239548035072493,0.0316551335379828,-3.129904507659376e-05,-0.018847154825925826,0.019571116194128997,0.18884418357966973,8.841817855834961,0.0004251985992196365,0.021292468272800368,6.596692401217297e-07,-0.016526876576244832,0.01598574928939343,0.2700218721569775,8.976433753967285,5.4629316955840515e-05,0.018014784523293803,6.733001100656111e-06,-0.01013283859938383,0.010423662327230004
F:\Seminario\Seminario-Clustering\datasets\davi\Al Emadi (2019)\Multiclass_Drone_Audio\unknown\4-121532-A-422.wav,Multiclass_Drone_Audio\unknown\4-121532-A-422.wav,al_emadi,4-121532-A-422,0.97525,0.013934270371014171,4.172307014465332,-0.005973046045771118,0.06641257402958717,-0.000482252798974514,-0.041908268630504605,0.03762347511947155,0.4700591860210381,7.9834418296813965,-0.007027971206434629,0.387224100890506,0.00831617508083582,-0.5170376360416412,0.49849637150764464,0.3456017804170908,8.86585807800293,0.0010296628643971253,0.2356516187858921,0.004336740355938673,-0.30756786465644836,0.303531289100647,0.15836536080101046,9.968137741088867,0.00030962148699614246,0.11297052435857029,0.0012516200076788664,-0.14760378003120422,0.1507210060954094,0.01185519238051889,10.90068531036377,-5.790112427898019e-06,0.021873045629449247,0.00047993939369916916,-0.028167705982923508,0.027703143656253815,0.0001842100093275866,11.738368034362793,-1.4631730455821373e-07,0.0019288180171919845,6.154662696644664e-05,-0.0024125858675688506,0.002318305056542158
F:\Seminario\Seminario-Clustering\datasets\davi\Al Emadi (2019)\Multiclass_Drone_Audio\unknown\3-155584-A-141.wav,Multiclass_Drone_Audio\unknown\3-155584-A-141.wav,al_emadi,3-155584-A-141,1.0216875,0.7003341434071423,7.912415027618408,0.00044909282587468624,0.07829471939916974,0.0005463883280754089,-0.0973220020532608,0.10033887028694169,0.07482458679144037,7.693695068359375,-0.0013252174338636937,0.025557954757542894,-4.930000795866363e-05,-0.033263900130987165,0.027328339964151384,0.04173136263547583,8.800846099853516,0.00023188435073984073,0.01355199997353106,4.1606857848819345e-05,-0.015770803205668926,0.017012132331728935,0.01734269289719482,9.734617233276367,8.525000445162578e-05,0.006188399121543703,0.00015492418606299907,-0.007333974447101354,0.007848053611814978,0.08214304003616994,10.573111534118652,0.00011894861581991543,0.009530506410531098,4.9623518862063065e-05,-0.011260261107236148,0.011878455337136985,0.08362417423257681,11.026906967163086,2.073108707806098e-06,0.006803010657341446,9.275187039747834e-06,-0.007304777484387159,0.0073433308862149715
F:\Seminario\Seminario-Clustering\datasets\davi\Al Emadi (2019)\Multiclass_Drone_Audio\membo_1\Membo_0_005-membo_002_.wav,Multiclass_Drone_Audio\membo_1\Membo_0_005-membo_002_.wav,al_emadi,Membo_0_005-membo_002,1.024,0.5602275505884182,8.301427841186523,0.0015905288440934077,0.1362067734045302,0.009784555993974209,-0.17450644671916962,0.16862328201532364,0.01240867815051553,7.950871467590332,8.503363371283287e-05,0.02027239387524581,0.0003814821830019355,-0.025388955511152743,0.026769169047474863,0.07849994247462386,8.963895797729492,7.544855207986949e-05,0.03615980443074519,-4.6435248805209994e-05,-0.04660810492932796,0.04730335399508477,0.08248315721415961,9.856234550476074,-0.0001900365037982218,0.026247142252773272,-0.0006223743839655071,-0.03357787989079952,0.03345335721969605,0.11602983105098154,10.838098526000977,0.00012261126447589413,0.02203150701920146,1.6440550098195672e-05,-0.02748272567987442,0.027579542249441147,0.15035084052130124,11.831619262695312,-2.356736440072461e-06,0.01774146294464812,0.00010898114123847336,-0.022415269538760184,0.02239457257091999
F:\Seminario\Seminario-Clustering\datasets\davi\Al Emadi (2019)\Multiclass_Drone_Audio\unknown\2-106881-A-394.wav,Multiclass_Drone_Audio\unknown\2-106881-A-394.wav,al_emadi,2-106881-A-394,0.95975,0.0,-0.0,0.0,0.0,0.0,0.0,0.0,0.0,-0.0,0.0,0.0,0.0,0.0,0.0,0.0,-0.0,0.0,0.0,0.0,0.0,0.0,0.0,-0.0,0.0,0.0,0.0,0.0,0.0,0.0,-0.0,0.0,0.0,0.0,0.0,0.0,0.0,-0.0,0.0,0.0,0.0,0.0,0.0
F:\Seminario\Seminario-Clustering\datasets\davi\Al Emadi (2019)\Multiclass_Drone_Audio\unknown\5-221528-A-393.wav,Multiclass_Drone_Audio\unknown\5-221528-A-393.wav,al_emadi,5-221528-A-393,1.0216875,0.0,-0.0,0.0,0.0,0.0,0.0,0.0,0.0,-0.0,0.0,0.0,0.0,0.0,0.0,0.0,-0.0,0.0,0.0,0.0,0.0,0.0,0.0,-0.0,0.0,0.0,0.0,0.0,0.0,0.0,-0.0,0.0,0.0,0.0,0.0,0.0,0.0,-0.0,0.0,0.0,0.0,0.0,0.0
F:\Seminario\Seminario-Clustering\datasets\davi\Al Emadi (2019)\Multiclass_Drone_Audio\unknown\3-159348-A-360.wav,Multiclass_Drone_Audio\unknown\3-159348-A-360.wav,al_emadi,3-159348-A-360,1.0216875,0.15481226875870654,8.021854400634766,-0.001843443245318947,0.09214879771673226,-0.009257199242711067,-0.1178569883108139,0.12574404478073123,0.15935807315244682,7.82366418838501,1.3420159583533007e-06,0.09351061688884066,0.0029011275619268417,-0.11859872192144394,0.1064951762557031,0.21985256126481828,8.955223083496094,0.0002642530613965699,0.07789074497248816,0.0012872764491476119,-0.10471396446228028,0.09896713793277741,0.20678321184994866,9.977245330810547,0.0004876321667997124,0.05350418974019529,0.0008721307385712862,-0.07016675472259522,0.07009858042001725,0.18811930166076962,10.96381950378418,-0.0003020164411300837,0.03611210595772285,-0.00016463507199659944,-0.04678884893655777,0.04583854340016842,0.07107458331331008,11.927739143371582,-2.7477530481824224e-05,0.015702856475090485,-0.00011114051449112594,-0.02002524323761463,0.01995213180780412
F:\Seminario\Seminario-Clustering\datasets\davi\Al Emadi (2019)\Multiclass_Drone_Audio\unknown\4-181628-A-173.wav,Multiclass_Drone_Audio\unknown\4-181628-A-173.wav,al_emadi,4-181628-A-173,1.0216875,0.28194653641885825,8.363739013671875,-0.00039788750074605674,0.02148879167366296,-0.0012704165419563651,-0.0281660545617342,0.0284569799900055,0.010112991857848766,7.471565246582031,-5.530527351190817e-05,0.004070078426547808,-0.0001230698253493756,-0.004355936776846647,0.00464483499526978,0.007399988923646418,6.283754348754883,4.4009588617234786e-05,0.0024688705601347955,3.7131803765078075e-05,-0.0015848350478336215,0.0017303668195381764,0.35952264375154586,6.413200855255127,0.00040248150686893815,0.012184385783406512,-1.359266389044933e-05,-0.004537963215261698,0.0048597019165754355,0.20439405559114088,7.956080436706543,0.00011450898181057758,0.006503502854624932,-1.749898547132034e-05,-0.003331197891384363,0.003361921198666096,0.13662378345695983,7.749585151672363,3.3693187546898183e-06,0.003761961208791417,8.475122740492225e-06,-0.0016407995484769343,0.0015870876377448444
F:\Seminario\Seminario-Clustering\datasets\davi\Al Emadi (2019)\Multiclass_Drone_Audio\unknown\4-99193-A-41.wav,Multiclass_Drone_Audio\unknown\4-99193-A-41.wav,al_emadi,4-99193-A-41,1.0216875,0.004320699098565521,7.990870475769043,-0.0009761174612253458,0.03448480594056174,-0.0002898462116718292,-0.04286224842071533,0.043063566088676467,0.03697072224682407,6.567627906799316,-0.0015365202567581542,0.10090282106411753,0.00023669615620747209,-0.08921369165182114,0.08748904466629032,0.048258270457155646,7.753279685974121,0.0012262414175231583,0.08175426775205648,0.0003484827757347375,-0.07208280712366104,0.07538495287299164,0.6479893636311883,7.998752593994141,-0.001213253769633147,0.21221487666085215,-0.00014456987264566123,-0.14613301455974578,0.1478031724691391,0.25557556863563663,8.862606048583984,-1.914347505708963e-05,0.09431088878856936,6.564561772393063e-06,-0.05904769115149973,0.05733269639313223,0.006885375930629796,9.793096542358398,-6.814391154425789e-06,0.010950569642879703,-1.909907950903289e-05,-0.006219104677438735,0.006495262030512113
F:\Seminario\Seminario-Clustering\datasets\davi\Al Emadi (2019)\Multiclass_Drone_Audio\membo_1\Membo_1_000-membo_003_.wav,Multiclass_Drone_Audio\membo_1\Membo_1_000-membo_003_.wav,al_emadi,Membo_1_000-membo_003,1.024,0.9731611555747534,7.555005073547363,-0.004048868812419273,0.5977284937522973,0.015052014496177435,-0.727228319644928,0.6840560853481295,0.008133931829555114,7.206673622131348,-0.0003429758844539365,0.054646614302625254,-9.64794890023768e-05,-0.05391310155391693,0.0535368960350752,0.003759608988412285,9.021446228027344,-0.00011012107050509726,0.02634725442466109,-0.0008995959942694753,-0.03404351770877838,0.03398252502083778,0.004247908974060203,9.938638687133789,-0.0001873342250071388,0.01983144784838887,0.000638282363070175,-0.026264703087508678,0.02445711977779865,0.005162538555089446,10.954263687133789,-3.297273957141478e-05,0.015472916740068562,-1.313304528594017e-05,-0.02000836655497551,0.01986972987651825,0.00553485607812965,11.940443992614746,1.4976260777888308e-05,0.011333517964688827,3.821693826466799e-05,-0.01455457229167223,0.01444773245602847
F:\Seminario\Seminario-Clustering\datasets\davi\Al Emadi (2019)\Multiclass_Drone_Audio\unknown\2-134049-A-61.wav,Multiclass_Drone_Audio\unknown\2-134049-A-61.wav,al_emadi,2-134049-A-61,1.0216875,0.02464019003386135,6.508654594421387,-8.482331559453808e-05,0.045842157007263296,0.00022409530356526375,-0.0392475739121437,0.031706324964761744,0.0035532931862949178,7.127296447753906,0.00015111885038994292,0.017407760684612975,0.00011155853280797601,-0.018515680357813834,0.019264161959290517,0.33724952780469525,7.751115798950195,0.0020267239216835873,0.12025591669971525,0.00013500844943337142,-0.11739568635821342,0.1171079486608506,0.6118474107820213,8.85033130645752,-9.137663118053308e-05,0.11474650360230937,0.00020807195687666535,-0.11421415209770203,0.11934158205986024,0.022107401739038166,10.048286437988281,1.3021054562709727e-05,0.015434405043029401,2.5923343855538405e-05,-0.01724905986338854,0.017947312444448475,0.0006021764540889509,11.100566864013672,3.5476602061291284e-07,0.0018019962532196223,1.1160314898006618e-05,-0.002011063089594245,0.0019706748425960545
F:\Seminario\Seminario-Clustering\datasets\davi\Al Emadi (2019)\Multiclass_Drone_Audio\unknown\2-182508-A-82.wav,Multiclass_Drone_Audio\unknown\2-182508-A-82.wav,al_emadi,2-182508-A-82,0.97525,0.013943454964025256,7.406683921813965,-0.0008825509008189837,0.021188698475154498,-0.0006574348080903292,-0.024257795885205265,0.024668415449559687,0.011538111663991076,7.606234073638916,-0.00038201441184871146,0.019287576166781357,-0.0007384821074083447,-0.02306926716119051,0.02230196427553892,0.03696439797460421,8.636642456054688,0.0007889143888379247,0.024490127417851143,0.0003366174059920013,-0.02868863195180893,0.03039376810193062,0.44350039907627153,9.271629333496094,-0.00010835584459299267,0.06010641515134552,0.0005121096764924005,-0.07219810038805008,0.06870682537555695,0.46669593085400124,10.25809097290039,6.49697381829951e-06,0.043632472760908154,7.888387335697189e-05,-0.0535279605537653,0.05223412252962589,0.02735770546710668,11.14720344543457,-1.674664223787848e-07,0.007473298214620892,8.451883331872523e-06,-0.00870623756200075,0.00857860501855612
F:\Seminario\Seminario-Clustering\datasets\davi\Al Emadi (2019)\Multiclass_Drone_Audio\unknown\4-178402-A-430.wav,Multiclass_Drone_Audio\unknown\4-178402-A-430.wav,al_emadi,4-178402-A-430,1.0216875,0.003565362356932963,3.256709575653076,0.0009535030739854101,0.023097212077172313,-2.5620131054893136e-05,-0.015699808299541474,0.015963763743639007,0.22859791443771235,7.458540916442871,-0.0004069155378007261,0.1851026046286038,-1.3346885680221021e-05,-0.27295273542404175,0.24425986409187328,0.3410092257985194,8.123101234436035,-0.000123953391691086,0.160327901853471,-2.456718448229367e-05,-0.1699070855975151,0.16886068284511568,0.25846753887691787,9.170639038085938,4.271070748767503e-05,0.09886776236852914,-2.925280568888411e-06,-0.12097317427396773,0.11251879036426544,0.14048830051071243,10.188055038452148,2.1850873528522596e-05,0.0515792447221579,-3.857389287986734e-06,-0.06611022651195526,0.06454473137855532,0.027871658019204985,11.11115837097168,1.625244028856723e-06,0.016252012294297367,7.5294760790711734e-06,-0.020078962296247484,0.020338085293769844
F:\Seminario\Seminario-Clustering\datasets\davi\Al Emadi (2019)\Multiclass_Drone_Audio\unknown\1-9886-A-491.wav,Multiclass_Drone_Audio\unknown\1-9886-A-491.wav,al_emadi,1-9886-A-491,1.0216875,0.05954227536792101,6.487817287445068,-0.0006071221022830638,0.09836283733809657,-0.0014835409820079803,-0.08320842236280442,0.08400696814060211,0.08714614395216082,6.78170108795166,0.010199991725121735,0.11856308255649166,0.0003999144537374377,-0.09183144718408584,0.1358644902706147,0.09483154922923201,7.82193660736084,0.0020029399161970384,0.08801147750385703,0.0003156384773319587,-0.08540285751223564,0.09304758608341233,0.10118566396537859,8.838888168334961,-0.0006713668210956769,0.06440755505634435,-0.00026203138986602426,-0.0671796515583992,0.06532360464334488,0.37979506255671003,10.144340515136719,0.001142368197469218,0.08829627725109669,0.00023517326917499304,-0.09661510288715362,0.10118521004915239,0.2774993049285976,11.128355979919434,-4.784633741433712e-05,0.053395625582634956,1.6922105714911595e-05,-0.06003076583147049,0.05900025889277458
F:\Seminario\Seminario-Clustering\datasets\davi\Al Emadi (2019)\Multiclass_Drone_Audio\unknown\5-191131-A-402.wav,Multiclass_Drone_Audio\unknown\5-191131-A-402.wav,al_emadi,5-191131-A-402,0.97525,0.6754095915063002,8.028763771057129,-0.005288181685077155,0.4999424652247176,0.017323162406682968,-0.6337547540664673,0.62118901014328,0.21453368441560725,7.845291614532471,-0.004638250457662109,0.2817407129618032,-0.003553189802914858,-0.3384884178638458,0.3600516557693481,0.09190787148582885,8.530790328979492,0.001108493755009523,0.13087312376520197,0.0008607339113950729,-0.1559470146894455,0.15677261352539062,0.01307402225421471,9.72835922241211,-0.0003523143484234664,0.034956046072200625,-0.0002193273394368589,-0.0447002612054348,0.04274342209100723,0.004656599134586611,10.203479766845703,7.8137427314295e-05,0.014763400314080756,7.318390998989344e-06,-0.016577650792896748,0.016602396965026855,0.00041823120346234834,11.577966690063477,-4.967529169472824e-06,0.0031300075120846427,2.3657921701669693e-05,-0.003781633544713259,0.0036797768436372287
F:\Seminario\Seminario-Clustering\datasets\davi\Al Emadi (2019)\Multiclass_Drone_Audio\unknown\silence234.wav,Multiclass_Drone_Audio\unknown\silence234.wav,al_emadi,silence234,1.1145,0.0,-0.0,0.0,0.0,0.0,0.0,0.0,0.0,-0.0,0.0,0.0,0.0,0.0,0.0,0.0,-0.0,0.0,0.0,0.0,0.0,0.0,0.0,-0.0,0.0,0.0,0.0,0.0,0.0,0.0,-0.0,0.0,0.0,0.0,0.0,0.0,0.0,-0.0,0.0,0.0,0.0,0.0,0.0
F:\Seminario\Seminario-Clustering\datasets\davi\Al Emadi (2019)\Multiclass_Drone_Audio\unknown\5-177957-C-401.wav,Multiclass_Drone_Audio\unknown\5-177957-C-401.wav,al_emadi,5-177957-C-401,1.0216875,0.971188818711202,8.148542404174805,0.01333777200812528,1.1609932215983725,0.06500203162431717,-1.4767627954483031,1.5390139579772952,0.022433539289285397,8.00312328338623,0.0007443030133331825,0.1764621387688965,0.004141525365412235,-0.2274109125137329,0.21641836464405065,0.004124431232397619,8.872356414794922,0.00020395810484835435,0.053657954599841184,0.0001537146745249629,-0.06431956514716149,0.06850899159908298,0.001068652589511166,9.698308944702148,0.00022869493175617733,0.019344999763623805,0.0005252528935670853,-0.023861581459641457,0.024164300039410593,0.0003514228533755623,10.630489349365234,3.71277521306553e-05,0.007850441935190338,-8.364266250282526e-05,-0.009468708280473947,0.009587102290242911,0.0008331353242282198,11.481555938720703,-2.0485266922519848e-05,0.008550889789234522,1.86365214176476e-05,-0.00995351430028677,0.00989807974547148
F:\Seminario\Seminario-Clustering\datasets\davi\Al Emadi (2019)\Multiclass_Drone_Audio\unknown\5-184871-A-244.wav,Multiclass_Drone_Audio\unknown\5-184871-A-244.wav,al_emadi,5-184871-A-244,0.95975,0.3143298573031068,5.8117218017578125,0.004589299890057315,0.23463298145728012,-0.00031761525315232575,-0.14943595975637436,0.12807434797286987,0.39653115324150523,5.502094268798828,-0.005244367638207361,0.26353116325261455,2.9030474252067506e-05,-0.12470938637852669,0.12625659257173538,0.20592411222655713,6.079699516296387,0.004366250188383522,0.1346586643788256,-7.93919980424107e-06,-0.07446771487593651,0.07886074855923653,0.061924395085410304,7.95046854019165,-4.605948242661052e-06,0.052337497558936755,-7.4135978138656355e-06,-0.04136818721890449,0.041121680289506926,0.014380518448157216,8.268446922302246,-0.00012153451596535325,0.017847727898390103,-1.8699145130085526e-06,-0.010690132528543473,0.010685144644230607,0.0069099636952633095,8.917452812194824,-1.474591111969709e-05,0.008752373631366848,7.916103186289547e-07,-0.004410695284605026,0.004646261688321829
F:\Seminario\Seminario-Clustering\datasets\davi\Al Emadi (2019)\Multiclass_Drone_Audio\unknown\4-250864-A-82.wav,Multiclass_Drone_Audio\unknown\4-250864-A-82.wav,al_emadi,4-250864-A-82,0.97525,0.03300007402118149,3.5375614166259766,-0.00491253085418412,0.0607103407506907,0.0024319803342223167,-0.02673276904970407,0.0252820597961545,0.019248121670662102,7.675896644592285,-0.00017622612670784146,0.046517185165911516,0.0007545986154582351,-0.056670483201742165,0.0526976328343153,0.12693456324064165,8.708271980285645,-0.00015810826409652745,0.08476968004509863,-0.0009411589708179235,-0.1026003286242485,0.10342151671648026,0.36376943331844236,9.616944313049316,0.001478479296963658,0.10161751847145853,0.00023340962070506066,-0.11965004354715347,0.12273604050278664,0.39572446580700954,10.337841987609863,-0.00017029151648274181,0.0750092923193066,-0.001104030292481184,-0.08385110646486282,0.08660716190934181,0.061323341942062855,11.519855499267578,-1.7410354829025063e-05,0.020888735270267612,0.0001374540152028203,-0.02438649386167526,0.024606725573539736
F:\Seminario\Seminario-Clustering\datasets\davi\Al Emadi (2019)\Multiclass_Drone_Audio\unknown\3-144128-A-230.wav,Multiclass_Drone_Audio\unknown\3-144128-A-230.wav,al_emadi,3-144128-A-230,1.0216875,0.013095841320308003,7.257216453552246,0.0006305866097507646,0.01885446817191384,0.0005223853513598442,-0.02023021802306175,0.020070415362715723,0.07639818440001303,6.771274566650391,0.0009030318040078969,0.045556100949109675,0.0005007522413507104,-0.04519020766019821,0.049392612278461465,0.34321702216623046,7.634110450744629,-0.0003662568557429252,0.06848843951509821,0.0002114984017680399,-0.06125432476401329,0.06467045620083815,0.3580369894218969,8.730303764343262,0.00012119476271118467,0.04954813399847871,5.364885146263987e-05,-0.04898242503404617,0.05144444778561593,0.16154852053172888,9.821338653564453,-0.00036852217529788806,0.023548655140608454,8.464444363198709e-06,-0.02511342354118824,0.02418978475034237,0.04770344215982276,10.578115463256836,6.281231045840412e-06,0.0090534343773532,-9.790659532882273e-06,-0.008312548510730267,0.008436821028590207
F:\Seminario\Seminario-Clustering\datasets\davi\Al Emadi (2019)\Multiclass_Drone_Audio\unknown\5-234879-B-10.wav,Multiclass_Drone_Audio\unknown\5-234879-B-10.wav,al_emadi,5-234879-B-10,1.0216875,0.003082234278314111,5.88389778137207,-0.0012624786791348437,0.06347689880463445,0.000354081392288208,-0.06084062159061432,0.0680351495742798,0.052597658283815005,7.150020599365234,-0.0013456210926996105,0.26226855764717283,0.0005672848201356828,-0.27677823305130006,0.28016677498817455,0.42148651461217157,8.585939407348633,0.002967296478462599,0.5265048825726716,0.0007168104348238558,-0.701050591468811,0.6393934130668641,0.41395522963352877,9.683521270751953,-0.0010060327106241587,0.3695881998995416,-0.0005161212757229805,-0.4738337993621826,0.49142521023750313,0.09400185185237948,10.617839813232422,-8.338573548783715e-05,0.12462761775501127,0.0007642361451871693,-0.15912707895040512,0.16235707551240924,0.014876511339791051,11.394111633300781,8.275219545460455e-06,0.03507256697939405,2.216049688286148e-05,-0.04024619907140732,0.04077364429831508
F:\Seminario\Seminario-Clustering\datasets\davi\Al Emadi (2019)\Multiclass_Drone_Audio\unknown\1-39937-A-283.wav,Multiclass_Drone_Audio\unknown\1-39937-A-283.wav,al_emadi,1-39937-A-283,1.0216875,0.9250254559700349,7.809775352478027,-0.0006094519551068804,0.07944929012866885,-0.0009407578036189079,-0.09694794565439224,0.09627274870872499,0.008000329390449392,7.902498722076416,-5.928243954751075e-05,0.00738866398905311,8.277269080281258e-05,-0.009251943975687026,0.00938773173838854,0.008280503866318017,8.820341110229492,6.268502672925442e-05,0.005330562379159448,-0.00025396286218892783,-0.006240480206906795,0.006838377658277751,0.010281918084059814,9.941130638122559,-4.720459556608187e-05,0.004207363176064863,-2.46542040258646e-05,-0.005599997285753488,0.0052590636536479,0.02885264195011918,10.982026100158691,4.998589770566415e-05,0.0049874022042610796,2.438145202177111e-06,-0.006342332297936082,0.006513351714238525,0.019559150739018635,11.921121597290039,5.0088346922645736e-06,0.002905016359751761,-5.5904441978782415e-05,-0.003700809646397829,0.003728309972211719
F:\Seminario\Seminario-Clustering\datasets\davi\Al Emadi (2019)\Multiclass_Drone_Audio\unknown\1-27403-A-282.wav,Multiclass_Drone_Audio\unknown\1-27403-A-282.wav,al_emadi,1-27403-A-282,0.97525,0.8505935419157421,8.038742065429688,0.00073263916419819,0.8065359374201799,0.011463304050266743,-1.0912904262542724,1.0848991990089416,0.11361111674117237,7.816189765930176,0.003666121947883321,0.29474040582053496,0.006813304033130407,-0.3914585947990417,0.3793254613876343,0.02930326587227479,8.498644828796387,0.000247546036254945,0.10623036267626863,0.0019257849780842662,-0.1296161413192749,0.13195239007472992,0.0037027832987324458,9.517165184020996,-0.0002172991717349122,0.026741866693413538,-0.00012325274292379618,-0.03210096061229706,0.03207547962665558,0.0016669982683610238,10.463584899902344,3.150766061986887e-05,0.012697740926032758,5.843589315190911e-05,-0.01547858351841569,0.01483167102560401,0.0011222939037173153,11.383031845092773,2.7266068349354188e-05,0.007370385540922068,8.962815627455711e-06,-0.008555579371750355,0.008526725694537165
F:\Seminario\Seminario-Clustering\datasets\davi\Al Emadi (2019)\Multiclass_Drone_Audio\unknown\1-34119-A-11.wav,Multiclass_Drone_Audio\unknown\1-34119-A-11.wav,al_emadi,1-34119-A-11,1.0216875,0.019748251965467818,7.365832805633545,-0.0001628653825379563,0.017072736805981228,0.0,-0.02226138152182102,0.0191379051655531,0.007770011395282277,7.210827827453613,-0.0004588906772136137,0.010699669098544268,0.0,-0.01220790334045887,0.011676692403852941,0.21267741913869892,8.571874618530273,-0.0001468669319005208,0.03973424837399977,0.0,-0.05415540151298046,0.05787474662065507,0.51791773269747,9.121156692504883,8.611685752569619e-05,0.0439200101884839,0.0,-0.049629961699247355,0.05224310904741288,0.19375352979942911,10.219504356384277,0.00010293690803703373,0.019008790398176826,0.0,-0.02326410710811615,0.02285780068486929,0.04813305500365184,10.746809959411621,-1.4629815413268085e-06,0.006702372340020125,0.0,-0.007232715841382741,0.007381978165358307
F:\Seminario\Seminario-Clustering\datasets\davi\Al Emadi (2019)\Multiclass_Drone_Audio\unknown\5-189795-A-42.wav,Multiclass_Drone_Audio\unknown\5-189795-A-42.wav,al_emadi,5-189795-A-42,0.97525,0.0020926569145688105,8.093896865844727,0.008626607126982407,0.05891610983423366,0.00948427664116025,-0.07067968100309371,0.08516858443617821,0.00028118691626950737,7.385271072387695,-0.0006879823497870771,0.02181589618115475,-0.0009412993676960468,-0.024855240434408187,0.02486200742423534,0.002387826862839253,8.196067810058594,0.001288203760110759,0.045117474877984065,0.0008211418753489852,-0.04892662912607193,0.05026478320360184,0.3584175291689106,7.86527156829834,-0.009300080863064358,0.391509682042162,0.002342281164601445,-0.17233803123235703,0.22186191380023956,0.6095511488132003,8.871525764465332,0.0002677630408760703,0.36140459586414986,-0.00019419340242166072,-0.20003026723861694,0.2005942314863205,0.027269651324211584,9.186018943786621,4.6280294163125727e-05,0.054076430814938375,5.354106906452216e-05,-0.024928019568324085,0.0238858986645937
F:\Seminario\Seminario-Clustering\datasets\davi\Al Emadi (2019)\Multiclass_Drone_Audio\unknown\2-127109-A-61.wav,Multiclass_Drone_Audio\unknown\2-127109-A-61.wav,al_emadi,2-127109-A-61,1.0216875,0.009630860183034927,4.784989833831787,-0.00011619927633900062,0.03282100341096559,4.634982906281948e-05,-0.008523254841566085,0.008096646517515184,0.04157355182172675,5.328141212463379,0.00013022498609031467,0.06819143444623506,-0.0005021766410209239,-0.012781089544296265,0.014793989434838301,0.7931482007435013,5.992247581481934,0.00020127935066586983,0.2112261767188273,0.0003008728817803785,-0.025140511617064477,0.02813912127166991,0.13930682627927812,6.700602054595947,-7.738933853988916e-05,0.06270211980681922,-2.080357626255136e-05,-0.01093289330601692,0.010307549312710771,0.015118226045614016,7.402444839477539,1.4574000227552645e-05,0.01461671298063305,-8.25578626972856e-06,-0.003799229138530791,0.0038426736136898403,0.001222334926844895,8.829448699951172,5.319958702118155e-06,0.0029401177811158737,2.1209307305980474e-06,-0.0015516909305006265,0.0015501115005463364
F:\Seminario\Seminario-Clustering\datasets\davi\Al Emadi (2019)\Multiclass_Drone_Audio\unknown\5-243459-B-144.wav,Multiclass_Drone_Audio\unknown\5-243459-B-144.wav,al_emadi,5-243459-B-144,0.95975,0.004230976140881496,2.4343926906585693,-0.0028484098903641753,0.025471106790223078,-4.514864849625155e-05,-0.0018949375953525305,0.0014848506543785334,0.00014482060198575764,6.285290718078613,-0.00014406042532474529,0.00473959131582727,0.00019891276315320283,-0.005058174952864647,0.004632887663319707,0.0019167933614582082,8.20418930053711,0.00015494593553852813,0.012235131907741753,0.00048743172374088317,-0.013707782607525587,0.014039106201380491,0.14351376479898809,9.22578239440918,0.0009977306428066055,0.0749958720264664,0.0017229246441274881,-0.08358915895223618,0.08473828285932547,0.6471023793375871,10.528609275817871,-0.00012917293453302344,0.11270389094281666,-0.0013882755301892757,-0.13666414469480515,0.12761434316635137,0.20309126575909936,11.521443367004395,-4.393899768249972e-06,0.04466641662854757,8.391024312004447e-05,-0.053798750042915344,0.05363006144762039
F:\Seminario\Seminario-Clustering\datasets\davi\Al Emadi (2019)\Multiclass_Drone_Audio\unknown\4-125929-A-402.wav,Multiclass_Drone_Audio\unknown\4-125929-A-402.wav,al_emadi,4-125929-A-402,0.97525,0.6383760161086369,7.831889629364014,0.0019391263356273957,0.6111372858734718,-0.06381799653172493,-0.6878826081752777,0.780375564098358,0.26549437299509493,7.9725141525268555,-0.007691223690897106,0.394046651969259,0.002819320885464549,-0.5207544803619385,0.5205166161060333,0.060857952331343015,8.856954574584961,0.0034796470060857215,0.13385778426356218,0.009193998761475086,-0.17131243646144867,0.17480091750621796,0.021328625983298988,9.718226432800293,-0.0016846789002424708,0.05611352260138347,-0.0024022262077778578,-0.06940227374434471,0.06893211975693703,0.011226310904334263,10.563909530639648,-6.975681910301328e-05,0.02882154778690998,-2.817236236296594e-05,-0.03434552252292633,0.034846123307943344,0.002716721677291837,11.296098709106445,-1.0746940712686003e-05,0.010030025101385408,-3.9157806895673275e-05,-0.01127646379172802,0.01117372289299965
F:\Seminario\Seminario-Clustering\datasets\davi\Al Emadi (2019)\Multiclass_Drone_Audio\unknown\4-157297-A-213.wav,Multiclass_Drone_Audio\unknown\4-157297-A-213.wav,al_emadi,4-157297-A-213,1.0216875,0.20777101867454473,5.8097825050354,-0.0036826918577575534,0.29355688044518913,1.6937594864430139e-06,-0.1751951813697815,0.15774168670177474,0.0822308043107546,6.317230701446533,2.655706268626346e-05,0.1846933273785577,-8.861492233336321e-07,-0.15640051662921906,0.1633693873882297,0.07293124919280562,7.04695987701416,-0.0004412264354901456,0.12334929940863928,-5.101708495658386e-07,-0.08574432283639907,0.07708912566304209,0.1989085068953543,7.9830193519592285,-0.001988474714187051,0.14427585780827634,0.0,-0.09327635318040847,0.08849116563796997,0.23684961744433825,9.059746742248535,-0.0001801790285452265,0.11141589692504103,0.0,-0.07847040891647337,0.07579179108142856,0.2013088034822025,9.449030876159668,0.0005104154671691981,0.07266125335476156,0.0,-0.03315362483263016,0.034994102269411166
F:\Seminario\Seminario-Clustering\datasets\davi\Al Emadi (2019)\Multiclass_Drone_Audio\unknown\3-129678-A-130.wav,Multiclass_Drone_Audio\unknown\3-129678-A-130.wav,al_emadi,3-129678-A-130,1.0216875,0.10477106481692068,8.060306549072266,0.0010576567363094834,0.07103055538693305,0.0030821464024484158,-0.08611127585172654,0.09741606861352925,0.013054155926837858,8.06462287902832,-1.9567296367383614e-05,0.025075346019824404,-0.0006194879533722997,-0.03404633551836014,0.034047504514455824,0.004495538422296331,8.98436164855957,-0.0001703630887879152,0.010434085059127457,-0.0002800116053549573,-0.013688857853412627,0.013084085937589408,0.003547587764324589,9.502769470214844,-2.9513831238225198e-05,0.0065661248726388306,6.314809434115887e-05,-0.008219581842422484,0.008043874055147171,0.3923783785500354,10.817184448242188,0.00021693405544135868,0.04886505261944111,0.0002873259218176827,-0.05982866324484348,0.0606092780828476,0.48175327451958516,11.893388748168945,3.160014711610691e-05,0.038303030934743486,-5.07943332195282e-06,-0.04837605059146881,0.04991178959608079
F:\Seminario\Seminario-Clustering\datasets\davi\Al Emadi (2019)\Multiclass_Drone_Audio\unknown\2-92627-A-271.wav,Multiclass_Drone_Audio\unknown\2-92627-A-271.wav,al_emadi,2-92627-A-271,1.0216875,0.03634312573699262,7.127561569213867,0.00023114484566458856,0.015150942107143042,2.8460402972996235e-05,-0.013310362026095389,0.016935852542519572,0.004256288896505673,6.895510673522949,-6.474265381598563e-05,0.005185143010733865,-0.00012763540144078434,-0.00534442588686943,0.0051595753058791185,0.07596772031052,8.399847984313965,0.001672816124740233,0.015445789594855501,0.0011651399545371532,-0.015944043919444085,0.020056578516960147,0.4996063516970915,9.33830738067627,0.000167161702846919,0.028220173691318736,0.00023559911642223597,-0.03152149170637131,0.03141730725765229,0.29423585098308247,10.195629119873047,-8.136082961103493e-05,0.015324918255018118,1.8834016373148188e-05,-0.01670493669807911,0.016913575120270252,0.08959066237580773,11.113215446472168,5.153554611758716e-05,0.00598194707237547,3.5555000067688525e-05,-0.006327533721923828,0.006456049252301459
F:\Seminario\Seminario-Clustering\datasets\davi\Al Emadi (2019)\Multiclass_Drone_Audio\membo_1\mixed_membo_23-membo_001_.wav,Multiclass_Drone_Audio\membo_1\mixed_membo_23-membo_001_.wav,al_emadi,mixed_membo_23-membo_001,1.024,0.9368309650236063,8.387222290039062,-0.019031557599693882,0.7573427685161559,-0.08802741765975952,-0.9943559288978576,1.0179593324661256,0.026563603433596032,7.808310031890869,-0.0010212953256364034,0.1275641189911164,-0.007334008347243071,-0.15124158859252929,0.16523034423589708,0.016157842288489255,8.903038024902344,-0.000590002462573042,0.07055401268319052,-0.003292356734164059,-0.08876461014151572,0.08613370954990389,0.010033175782157414,9.83155632019043,-0.0003620619851503677,0.03936991357457078,-0.0008751498535275459,-0.04895443469285965,0.04884375743567944,0.0052813867386763465,10.919187545776367,5.583512560720266e-05,0.020215816386650376,0.00014967250172048807,-0.025547020137310028,0.026263801380991936,0.005133026733474612,11.950364112854004,4.19750014694548e-06,0.014098604318889908,-0.00011682239710353315,-0.018041414767503736,0.017857837677001952
F:\Seminario\Seminario-Clustering\datasets\davi\Al Emadi (2019)\Multiclass_Drone_Audio\unknown\1-18755-B-40.wav,Multiclass_Drone_Audio\unknown\1-18755-B-40.wav,al_emadi,1-18755-B-40,1.0216875,0.015041088816989569,7.082879066467285,-0.003687140318597496,0.06135020852823436,-0.00329895643517375,-0.06337064504623413,0.06567988395690921,0.04938645342237335,6.782863616943359,-0.0032878424848168204,0.11132018239830092,-0.0016338254790753126,-0.11343276053667069,0.09843578785657886,0.08392479280780872,7.166905879974365,-0.00041414745164764926,0.1029555256783818,0.0006546640652231872,-0.08461242765188218,0.08294747546315194,0.3352012987959965,8.212074279785156,-0.000545539370489728,0.14574156040365868,-0.0002969554625451565,-0.12693400979042052,0.12568039000034334,0.4505287799467554,8.83820629119873,-0.00048526634251381244,0.11956236412939332,5.677352601196617e-05,-0.0766600638628006,0.07648590952157976,0.06591758621007643,9.500222206115723,-9.36549435733696e-06,0.03235252802278047,6.54676478006877e-06,-0.017117068544030188,0.017634791880846025
F:\Seminario\Seminario-Clustering\datasets\davi\Al Emadi (2019)\Multiclass_Drone_Audio\unknown\2-106014-A-441.wav,Multiclass_Drone_Audio\unknown\2-106014-A-441.wav,al_emadi,2-106014-A-441,1.0216875,0.6518099409181857,8.100160598754883,-0.002543094092385566,0.27971393405396483,0.0023016706109046936,-0.3750949680805206,0.3545780181884766,0.13358603768560792,7.9239606857299805,-0.0025927370418190984,0.12660797566139406,-0.0016846854705363512,-0.16666259467601777,0.1622319728136063,0.07730098553743722,8.985323905944824,0.0006884434156809256,0.06831101452380935,2.4020555429160595e-06,-0.08767552673816681,0.08376445323228836,0.10789186547729462,9.957250595092773,4.832463786408797e-05,0.05716629602273779,0.0006636511534452438,-0.07223951965570449,0.07158520221710205,0.025958829989623875,10.926666259765625,2.5848650515851276e-05,0.01984226349302312,-0.0004601870459737256,-0.02491765096783638,0.025582045502960685,0.003452340391850722,11.935352325439453,8.218441427696369e-06,0.005118893404605793,2.3895525373518467e-05,-0.00651713851839304,0.006550157628953459
F:\Seminario\Seminario-Clustering\datasets\davi\Al Emadi (2019)\Multiclass_Drone_Audio\unknown\5-260011-A-343.wav,Multiclass_Drone_Audio\unknown\5-260011-A-343.wav,al_emadi,5-260011-A-343,1.0216875,0.0,-0.0,0.0,0.0,0.0,0.0,0.0,0.0,-0.0,0.0,0.0,0.0,0.0,0.0,0.0,-0.0,0.0,0.0,0.0,0.0,0.0,0.0,-0.0,0.0,0.0,0.0,0.0,0.0,0.0,-0.0,0.0,0.0,0.0,0.0,0.0,0.0,-0.0,0.0,0.0,0.0,0.0,0.0
F:\Seminario\Seminario-Clustering\datasets\davi\Al Emadi (2019)\Multiclass_Drone_Audio\unknown\1-52290-A-301.wav,Multiclass_Drone_Audio\unknown\1-52290-A-301.wav,al_emadi,1-52290-A-301,1.0216875,0.7222175706384567,6.793281078338623,-0.003042160431519701,0.08164578646780622,0.0,-0.08443535715341567,0.08032910078763981,0.05901757737561555,4.734333515167236,0.002583730096881429,0.023212282527176942,0.0,-0.007624955102801323,0.012117266096174754,0.09299802342912919,5.320045471191406,-1.5265289395483082e-05,0.020791531075310624,0.0,-0.005881726602092385,0.0049764639697969,0.1146953188743922,5.572397708892822,6.260587524174116e-05,0.01635478981783696,0.0,-0.0030156455934047693,0.003170937113463882,0.010192131199296137,6.689854145050049,-1.3865568925309114e-05,0.003449907760739562,0.0,-0.001289662392809987,0.0012342194328084587,0.0008793784831102675,7.930507183074951,-8.503053703788208e-07,0.000716864202645068,0.0,-0.0003342341282404959,0.00033830486354418103
F:\Seminario\Seminario-Clustering\datasets\davi\Al Emadi (2019)\Multiclass_Drone_Audio\membo_1\mixed_membo_48-membo_001_.wav,Multiclass_Drone_Audio\membo_1\mixed_membo_48-membo_001_.wav,al_emadi,mixed_membo_48-membo_001,1.024,0.7802917691339204,7.259890556335449,0.0005304276245164337,0.13223556819140114,0.002449490479193628,-0.14404603540897368,0.15184324234724048,0.005199984056914379,7.815209865570068,-0.00014395083414375402,0.010794080841303925,-5.194341792957857e-05,-0.013846947625279427,0.01345336837694049,0.012476503606076312,8.99473762512207,-0.0001096956307256088,0.01185761657618764,-0.00010189149179495871,-0.01589109394699335,0.014729110151529314,0.042851987834925824,9.988265991210938,-0.00014826016963688868,0.015561581377445712,8.280330075649545e-05,-0.020056571625173093,0.020137989148497584,0.09450179858953549,10.872108459472656,4.8795114261691156e-05,0.016355408029415004,-0.0004239944973960519,-0.020393824204802513,0.020479267463088036,0.0646779567786276,11.903585433959961,9.05463852107572e-07,0.0095717605179016,0.00011720709153451025,-0.01233235951513052,0.012142096273601058
F:\Seminario\Seminario-Clustering\datasets\davi\Al Emadi (2019)\Multiclass_Drone_Audio\unknown\1-58277-A-30.wav,Multiclass_Drone_Audio\unknown\1-58277-A-30.wav,al_emadi,1-58277-A-30,1.0216875,0.1399822639000348,8.472718238830566,-0.002813531757770124,0.6431514067307921,-0.09951449185609818,-0.8123807787895203,0.8626278638839725,0.2258587760792538,8.331581115722656,0.006609411943614721,0.8169305724520356,0.015108411200344563,-1.185058832168579,1.0319167375564575,0.34630645466209314,8.792238235473633,-0.00860435468838224,0.717345914749451,-0.07066260650753975,-0.9687705278396607,1.0543283224105837,0.2712558869481487,9.732901573181152,0.0008921939529103112,0.44972176865777613,-0.000821894034743309,-0.6139028429985046,0.561493742465973,0.015981208967261323,10.562307357788086,-3.21908249446195e-05,0.077243707357332,-0.005867651896551251,-0.09309855177998543,0.08548349514603616,0.0006154094432082222,10.903565406799316,2.756830464853833e-05,0.010722839220730083,-0.0005426816060207784,-0.010594647377729416,0.010617478564381602
F:\Seminario\Seminario-Clustering\datasets\davi\Al Emadi (2019)\Multiclass_Drone_Audio\unknown\2-118817-A-323.wav,Multiclass_Drone_Audio\unknown\2-118817-A-323.wav,al_emadi,2-118817-A-323,1.0216875,0.8518157455993637,7.826423645019531,0.0016669927453586194,0.0818788087454144,-0.0019842754118144512,-0.09929530322551727,0.10210827589035036,0.009444685113317936,6.579232215881348,-0.00010005373589532825,0.008622896872347357,-0.00014807528350502253,-0.007810330018401146,0.008498778939247132,0.0008818851305163247,8.45584487915039,3.3487988033323776e-05,0.0018684163523668726,1.2282223906368017e-05,-0.0021712249144911766,0.002070770622231067,0.0022265417527998345,7.617557525634766,4.889198466455914e-05,0.0021026211924399163,-2.6022913516499102e-05,-0.001411058520898223,0.0015220785979181528,0.018767194060338697,6.933084487915039,-2.3247127708605934e-05,0.004320753904588456,-5.694877472706139e-06,-0.0018126897630281744,0.0017428619321435692,0.11686394834366358,7.682936668395996,7.252275437249083e-06,0.007627408846598227,2.247525117127225e-06,-0.002643785532563925,0.002592979464679959
F:\Seminario\Seminario-Clustering\datasets\davi\Al Emadi (2019)\Multiclass_Drone_Audio\bebop_1\mixed_6-bebop_002_.wav,Multiclass_Drone_Audio\bebop_1\mixed_6-bebop_002_.wav,al_emadi,mixed_6-bebop_002,1.024,0.5487753767022244,7.657461166381836,0.0008348208792780933,0.22178990641073953,0.0034913201816380024,-0.27992634773254393,0.28108757436275483,0.01067054539140916,7.9629106521606445,0.002353859112443381,0.030837512117936804,0.0017288970993831754,-0.03785757496953011,0.04098621420562267,0.028997212487777636,9.008259773254395,0.004424243972035468,0.035883583355904615,0.00379453890491277,-0.04245480671525002,0.050290689617395405,0.08241513924811326,9.977495193481445,-0.004886201790996674,0.04288595051637873,-0.005487401504069567,-0.0600109688937664,0.04988626912236214,0.18260244720548735,10.942876815795898,-0.0011670945580414475,0.04545458904129679,-0.001825240207836032,-0.05955220013856888,0.05706474184989929,0.14653927896498822,11.938735008239746,2.2244828705779745e-05,0.028814749947099556,-0.00020546145970001817,-0.036927851289510726,0.03696712106466294
F:\Seminario\Seminario-Clustering\datasets\davi\Al Emadi (2019)\Multiclass_Drone_Audio\unknown\5-237315-A-310.wav,Multiclass_Drone_Audio\unknown\5-237315-A-310.wav,al_emadi,5-237315-A-310,1.0216875,0.7732812495970275,6.574132919311523,1.0887737344496486e-06,0.03860305723680632,0.0005430211313068867,-0.028509249165654182,0.031010169535875334,0.05811855053337093,7.39968729019165,-0.00021189476896715315,0.01058091538134992,9.273722389480099e-05,-0.012277427688241005,0.011840707994997509,0.013216917163178429,8.582345008850098,6.303078293879229e-05,0.0035784865136771218,-2.846987990778871e-05,-0.004016696475446224,0.004240313824266195,0.012185431841337097,9.011643409729004,-0.00010171004538925072,0.0024320260800146736,-4.577991057885811e-05,-0.0028183307033032177,0.0024974408559501173,0.05794535303279135,7.036736488342285,-8.801303410245564e-06,0.0037561118877693484,6.4111786741705146e-06,-0.0021197648951783777,0.0021125108702108263,0.08525249783229472,7.215977668762207,1.163746819927087e-06,0.00322295877759937,9.319006494479254e-06,-0.0014037290122359992,0.001460576290264726
F:\Seminario\Seminario-Clustering\datasets\davi\Al Emadi (2019)\Multiclass_Drone_Audio\unknown\2-78651-A-441.wav,Multiclass_Drone_Audio\unknown\2-78651-A-441.wav,al_emadi,2-78651-A-441,1.0216875,0.5460460365404577,6.486841201782227,-0.00047303283653749836,0.32611139527531535,-0.009073520079255104,-0.20899757444858552,0.2568678081035615,0.05738510878167119,6.550856590270996,0.004990636470941088,0.10560073523464064,0.0021495665423572063,-0.09827061593532561,0.11183744817972184,0.039612426846924585,6.130149841308594,-8.245002263649602e-06,0.06228969928659861,0.00097341209766455,-0.03656310848891735,0.03828488476574421,0.21793548085514772,7.354342460632324,-0.0006489773170866633,0.10348598041007255,-2.3711618268862367e-05,-0.05245110839605331,0.05383633449673653,0.07763490564825465,7.603015899658203,8.251941498097612e-05,0.04370760365013288,-0.00026118787354789674,-0.02494196519255638,0.024642073735594752,0.06138604132754418,7.630633354187012,-5.732693538858721e-05,0.02749374618828852,2.4319509975612164e-05,-0.008976219967007636,0.008981629461050038
F:\Seminario\Seminario-Clustering\datasets\davi\Al Emadi (2019)\Multiclass_Drone_Audio\unknown\4-223125-A-144.wav,Multiclass_Drone_Audio\unknown\4-223125-A-144.wav,al_emadi,4-223125-A-144,0.95975,0.26394465211470425,7.872140884399414,6.343775230973437e-05,0.039662861890254336,-0.0011973395012319088,-0.04962899722158909,0.0508502721786499,0.0989962413580661,7.824721336364746,-0.0008775976345116951,0.02427470060696938,-0.0020747490925714374,-0.03177051059901714,0.030481829307973385,0.045967196970039925,8.90312385559082,-0.0008017997002285976,0.011712958082651796,-0.0008772947476245463,-0.015493325889110565,0.01441320450976491,0.05754099915756706,9.809499740600586,0.0003108140102843905,0.009299877117177587,0.00015911042282823473,-0.011480137333273887,0.012504483014345173,0.22139656203405372,10.742369651794434,-0.0003717674217786056,0.012911005935860672,-0.0004628069291356951,-0.016432832181453704,0.015578258782625205,0.312154348365569,11.603126525878906,5.7315204286164464e-05,0.010849658178820148,-4.331390664447099e-05,-0.012888539582490921,0.013104366138577461
F:\Seminario\Seminario-Clustering\datasets\davi\Al Emadi (2019)\Multiclass_Drone_Audio\unknown\1-36400-A-234.wav,Multiclass_Drone_Audio\unknown\1-36400-A-234.wav,al_emadi,1-36400-A-234,0.95975,0.0,-0.0,0.0,0.0,0.0,0.0,0.0,0.0,-0.0,0.0,0.0,0.0,0.0,0.0,0.0,-0.0,0.0,0.0,0.0,0.0,0.0,0.0,-0.0,0.0,0.0,0.0,0.0,0.0,0.0,-0.0,0.0,0.0,0.0,0.0,0.0,0.0,-0.0,0.0,0.0,0.0,0.0,0.0
F:\Seminario\Seminario-Clustering\datasets\davi\Al Emadi (2019)\Multiclass_Drone_Audio\unknown\2-104952-B-160.wav,Multiclass_Drone_Audio\unknown\2-104952-B-160.wav,al_emadi,2-104952-B-160,1.0216875,0.4706003264923849,7.899688243865967,-0.0011468228804779814,0.09304339810073792,-0.003579431213438511,-0.1130890354514122,0.11641393303871159,0.41728553699448023,7.901459693908691,0.0012847377232694053,0.08761176171834963,0.0011770694982260466,-0.10970878154039383,0.1131517589092255,0.09017167597119607,8.919075965881348,9.5883740614085e-05,0.028885097258664262,0.0015878858976066113,-0.037400887906551356,0.03442280068993569,0.013698011917777963,9.953003883361816,-2.068548797560004e-05,0.00797432712867308,-1.7301877960562706e-05,-0.010248317010700702,0.01008566375821829,0.006005905111614135,10.884635925292969,2.0206387912638224e-06,0.0037364490028450967,-2.034357748925686e-07,-0.004658985091373324,0.004686350049450994,0.0022385435125466735,11.70417594909668,3.4080944054004017e-06,0.0016136989414229923,-1.0481395293027163e-05,-0.0019138267496600747,0.001962921489030123
F:\Seminario\Seminario-Clustering\datasets\davi\Al Emadi (2019)\Multiclass_Drone_Audio\unknown\3-103598-A-252.wav,Multiclass_Drone_Audio\unknown\3-103598-A-252.wav,al_emadi,3-103598-A-252,0.97525,0.7663013077773401,7.76971435546875,-0.004599530127291617,0.12252427321175619,-0.007488733157515526,-0.1504839703440666,0.14724150449037546,0.01111971831331329,6.883184909820557,0.0010436928995648353,0.014732892427989806,0.0010150655289180577,-0.013981844019144773,0.015293725766241549,0.017291806029761596,7.816773891448975,-0.0009730722574207046,0.013033778129021244,-0.0009310573805123568,-0.013408882543444633,0.012287384830415249,0.042308792449938556,7.404937744140625,0.00026609621364999603,0.014476019218851166,7.566700514871627e-05,-0.011415931861847639,0.011635033879429102,0.0715301109259238,8.462675094604492,-0.00021434070875062474,0.013320291133998276,-7.758756692055613e-05,-0.010008652228862047,0.009572677779942751,0.09144826450372268,8.802864074707031,-3.3800798469699405e-05,0.010655914280792489,3.0098060960881412e-05,-0.006566066481173037,0.0065234560519456895
F:\Seminario\Seminario-Clustering\datasets\davi\Al Emadi (2019)\Multiclass_Drone_Audio\bebop_1\mixed_25-bebop_003_.wav,Multiclass_Drone_Audio\bebop_1\mixed_25-bebop_003_.wav,al_emadi,mixed_25-bebop_003,1.024,0.8337573139720265,7.891586780548096,-0.008762027875926618,0.44767722275334554,0.018214145675301552,-0.6168182611465454,0.548177319765091,0.044856337910349695,7.940910339355469,0.012229259792691937,0.10313556071974972,0.013697965536266565,-0.11602746918797494,0.14821482151746754,0.02073304264591634,9.028509140014648,0.0008824135286753852,0.05006551301396729,0.0006143069767858833,-0.06295037716627121,0.06403152868151665,0.025660255824151688,9.973012924194336,-0.0013181890650051456,0.03942583217539681,-0.0013883201172575355,-0.05071709677577019,0.05007446818053722,0.04351183142262068,10.929920196533203,2.80547923621011e-05,0.036353973453223574,-0.00045100157149136066,-0.04549618810415268,0.045671772211790085,0.03148121822493512,11.979991912841797,-0.00010760953320653628,0.02187455575507014,0.00017942479462362826,-0.028362414985895156,0.027924732491374026
F:\Seminario\Seminario-Clustering\datasets\davi\Al Emadi (2019)\Multiclass_Drone_Audio\bebop_1\B_S2_D1_069-bebop_004_.wav,Multiclass_Drone_Audio\bebop_1\B_S2_D1_069-bebop_004_.wav,al_emadi,B_S2_D1_069-bebop_004,0.896,0.19451466980346446,7.220956802368164,0.0031810309971905303,0.17026051361741235,0.0071148991119116545,-0.17887793332338334,0.18637868165969845,0.03134317694872092,7.615828037261963,-0.0005523123177607433,0.06835509443645907,-0.00042078926344402134,-0.08466410934925078,0.08532943800091743,0.05928130217622921,8.752681732177734,-0.0004809293723982674,0.06669384868003907,-0.00019798800349235535,-0.08605343848466873,0.08423766940832136,0.17665153747925103,9.779199600219727,0.00158556397407066,0.08153108511663235,0.0005104300507809967,-0.10361742824316024,0.10942980945110321,0.31561241104513554,10.718328475952148,-0.0022000820613918373,0.07711788552064534,-0.0024489478673785925,-0.10086983740329743,0.09450864493846893,0.2225969025471988,11.732423782348633,-6.990004308077146e-05,0.04583641667929514,-0.000900129321962595,-0.05881013721227646,0.058882758021354675
F:\Seminario\Seminario-Clustering\datasets\davi\Al Emadi (2019)\Multiclass_Drone_Audio\unknown\4-179984-A-380.wav,Multiclass_Drone_Audio\unknown\4-179984-A-380.wav,al_emadi,4-179984-A-380,1.0216875,0.11007740671868667,4.670881271362305,3.829264962785414e-05,0.008289647123454615,1.0039890184998512e-05,-0.0022503729443997143,0.002262143790721895,0.037478007925256705,5.771493911743164,-1.4888751601745407e-05,0.004837018665789968,6.741477136529284e-06,-0.003669243957847357,0.003563731163740162,0.04003468783334881,6.377833843231201,-0.0001642181676195484,0.003541539687788974,-7.489955578421359e-06,-0.002053666766732931,0.002060497971251609,0.15469578830922473,6.667913913726807,8.114057917938746e-06,0.004936333935793472,-4.891830940323416e-07,-0.0019629465881735083,0.0018139069667086007,0.5097427272761873,6.675352096557617,-8.555207024549745e-06,0.006340801164631851,3.8030110260933725e-07,-0.001590905582997948,0.0015819051302969455,0.14797138193729578,7.745865821838379,1.6621388518023887e-06,0.002416732640660434,3.183231456205249e-12,-0.0007255509262904525,0.0007024569786153743
F:\Seminario\Seminario-Clustering\datasets\davi\Al Emadi (2019)\Multiclass_Drone_Audio\bebop_1\mixed_42-bebop_002_.wav,Multiclass_Drone_Audio\bebop_1\mixed_42-bebop_002_.wav,al_emadi,mixed_42-bebop_002,1.024,0.7511203148282379,7.610008239746094,-0.0009253061912292219,0.2896632945019355,-0.0010387822985649109,-0.33172219097614286,0.3591081649065018,0.027036448976096816,7.934933662414551,0.00011817224860428671,0.05495595293627606,-0.0013891357812099159,-0.07186894044280052,0.0681774139404297,0.01949493412416219,8.911325454711914,-0.00028502457143014944,0.03309268173312144,0.001447765331249684,-0.04237455725669861,0.04263168312609196,0.051773603512608894,9.965553283691406,0.000566827809430628,0.038186684526494916,0.0005269578541629016,-0.0475937470793724,0.04965748488903046,0.0892735107029278,10.88219928741455,0.0005101816191890585,0.03548765832432519,0.0005232490366324782,-0.04455050826072693,0.04542286694049835,0.06130118785596633,11.926624298095703,3.785767905440243e-05,0.020804871829799267,-0.00031651498284190893,-0.0263523418456316,0.026553509384393697
F:\Seminario\Seminario-Clustering\datasets\davi\Al Emadi (2019)\Multiclass_Drone_Audio\bebop_1\B_S2_D1_107-bebop_000_.wav,Multiclass_Drone_Audio\bebop_1\B_S2_D1_107-bebop_000_.wav,al_emadi,B_S2_D1_107-bebop_000,1.024,0.8311702435689634,7.6771016120910645,-0.015149234229533369,1.0730943166432028,-0.03293471410870552,-1.3159980654716492,1.3476863861083985,0.07589681142830132,7.193255424499512,-0.0007243628674780079,0.3242999404566253,-0.0008305166848003864,-0.3242345154285431,0.32471808195114144,0.024430563854191182,8.161983489990234,-0.003572800360818945,0.13043265793307604,-0.00473302137106657,-0.135057470202446,0.1386864602565766,0.022452033041676617,9.3328857421875,0.0006995125161602906,0.08857580849017106,-0.0002239909372292459,-0.09672887250781059,0.10556742399930956,0.027090093011682498,10.832913398742676,0.0006344899828928407,0.06885619134623919,0.0007360607851296663,-0.08329539746046066,0.08606883138418198,0.018960255095184977,11.915630340576172,-0.00010864622069951323,0.04075183166315148,0.0003264894476160407,-0.05181144028902054,0.05217264890670777
F:\Seminario\Seminario-Clustering\datasets\davi\Al Emadi (2019)\Multiclass_Drone_Audio\unknown\4-177835-A-244.wav,Multiclass_Drone_Audio\unknown\4-177835-A-244.wav,al_emadi,4-177835-A-244,0.95975,0.0,-0.0,0.0,0.0,0.0,0.0,0.0,0.0,-0.0,0.0,0.0,0.0,0.0,0.0,0.0,-0.0,0.0,0.0,0.0,0.0,0.0,0.0,-0.0,0.0,0.0,0.0,0.0,0.0,0.0,-0.0,0.0,0.0,0.0,0.0,0.0,0.0,-0.0,0.0,0.0,0.0,0.0,0.0
F:\Seminario\Seminario-Clustering\datasets\davi\Al Emadi (2019)\Multiclass_Drone_Audio\unknown\1-72195-A-374.wav,Multiclass_Drone_Audio\unknown\1-72195-A-374.wav,al_emadi,1-72195-A-374,0.95975,0.8576669670905198,7.590566635131836,-0.001012886237970974,0.001339441026289475,-0.0010434151627123356,-0.0023224749602377415,0.00036216007720213383,0.07458137265087413,6.760459899902344,7.107505565158577e-06,0.0004951523246299207,1.1174570317962207e-06,-0.0005218347068876028,0.0005038318049628288,0.035189960668360214,7.681448936462402,-7.50022275133492e-06,0.00024115562647641784,-1.0420541002531536e-05,-0.00026265165070071816,0.00025459457538090646,0.012911731677304597,9.795161247253418,1.4321894131372372e-06,0.00010351941523035357,9.885334293358028e-07,-0.0001281305681914091,0.00013145678385626525,0.010396830595338318,10.809240341186523,-9.069823822023727e-07,6.573610698411626e-05,-1.607642843737267e-06,-8.31160279631149e-05,8.358936611330137e-05,0.009253137317602935,11.802583694458008,-2.2390002641614567e-07,4.387493321948927e-05,2.569968273746781e-07,-5.5830299970693886e-05,5.5284272093558684e-05
F:\Seminario\Seminario-Clustering\datasets\davi\Al Emadi (2019)\Multiclass_Drone_Audio\unknown\5-251426-B-304.wav,Multiclass_Drone_Audio\unknown\5-251426-B-304.wav,al_emadi,5-251426-B-304,0.95975,0.9096433374813557,7.19930362701416,5.222061972445574e-05,0.0024075842935769934,0.0,-0.002665929729118943,0.002787320176139474,0.04824156436294859,6.910484313964844,1.3342747666327889e-05,0.0005544124861111564,0.0,-0.0005332691362127662,0.0006392879004124552,0.014856582333992686,8.112173080444336,1.638029159537137e-06,0.00021828548525952603,0.0,-0.00024652625143062323,0.00023703281476628035,0.008194149638299954,9.415304183959961,7.757101222361816e-07,0.0001148399194050725,0.0,-0.00013869352987967433,0.00014802769583184273,0.008161125176637602,10.489051818847656,6.882129237618002e-07,8.110243493529528e-05,0.0,-0.00010200346223427914,0.0001039978880726267,0.010903241006765473,11.53573226928711,-6.09006652453468e-08,6.631853920269729e-05,0.0,-8.392357995035127e-05,8.424374391324818e-05
F:\Seminario\Seminario-Clustering\datasets\davi\Al Emadi (2019)\Multiclass_Drone_Audio\unknown\4-172734-A-360.wav,Multiclass_Drone_Audio\unknown\4-172734-A-360.wav,al_emadi,4-172734-A-360,1.0216875,0.03838901795750873,7.7854766845703125,-0.00935663526330136,0.2686485754233153,-0.013001218438148499,-0.3258076965808868,0.33492621183395394,0.09146644028880636,8.001967430114746,0.003918736638065348,0.41491182141881977,0.009541062638163567,-0.5598753452301025,0.5370261788368226,0.3450415235032537,8.891363143920898,0.0005497245780728641,0.5715161343545258,0.01940734311938286,-0.7395430207252502,0.718887120485306,0.2901181086421573,9.941929817199707,0.006340467684896342,0.37114414485175184,0.01522226445376873,-0.4715148448944092,0.4887490689754486,0.18461741020633143,10.959668159484863,0.00021426596343430816,0.20953560914612487,-0.0024503314634785056,-0.2659596771001816,0.2710166096687317,0.050367499401942434,11.95396614074707,0.00036643301029908005,0.07742173375480318,0.00044785672798752785,-0.09840956479310989,0.10002315491437913
F:\Seminario\Seminario-Clustering\datasets\davi\Al Emadi (2019)\Multiclass_Drone_Audio\unknown\4-198965-A-381.wav,Multiclass_Drone_Audio\unknown\4-198965-A-381.wav,al_emadi,4-198965-A-381,1.0216875,0.2470343916791131,6.165489196777344,-0.0013683932856615798,0.028886685507601345,-1.8655962776392698e-05,-0.02045999839901924,0.017987545952200895,0.18312531957483918,5.706107139587402,0.0004893781190535537,0.024894077067001055,-0.0002329192793695256,-0.01276177130639553,0.014085619337856788,0.054553104642066155,6.038802146911621,0.00018140200155333116,0.00963578802740633,0.00023888549185357988,-0.003264630865305662,0.004532899474725137,0.26664502371917514,5.64634370803833,-0.0004530798846063284,0.015085196728774891,-5.4195374104892835e-05,-0.0016462461557239293,0.0011475612176582218,0.20688109936796842,6.936336040496826,0.00010961552181591124,0.009406198353151256,4.49248036602512e-05,-0.0007446365489158779,0.0008705588581506164,0.041761061016838,7.632959365844727,1.5967119149724383e-05,0.0029897410709111,4.946447006659582e-06,-0.0004653711279388517,0.00046554062282666597
F:\Seminario\Seminario-Clustering\datasets\davi\Al Emadi (2019)\Multiclass_Drone_Audio\unknown\3-203375-A-390.wav,Multiclass_Drone_Audio\unknown\3-203375-A-390.wav,al_emadi,3-203375-A-390,1.0216875,0.021815053672267232,4.96553897857666,-8.031170903835662e-05,0.10354617316491557,-0.0016853224951773882,-0.03529258593916893,0.03725403174757961,0.011218778576119061,4.576869964599609,-0.0013462345333584372,0.07424332732350641,4.8908041208051145e-06,-0.027612038701772687,0.028265725448727675,0.019961499371472693,6.853435516357422,-0.0006287348824753634,0.0702399056043279,8.65750917000696e-05,-0.039942195266485216,0.04440131373703481,0.08476197383441411,7.591890811920166,-0.002140571024696343,0.10250290438154804,-9.158416651189327e-05,-0.06449715048074722,0.05601828023791315,0.281452506168287,8.61143684387207,0.0022580633314550087,0.13218210978070868,4.0545111914980225e-05,-0.0678931601345539,0.07092380970716483,0.5807901883774399,9.472529411315918,-4.198832523429221e-05,0.13434265054279337,-3.846103936666623e-06,-0.06889455616474151,0.06688189953565603
F:\Seminario\Seminario-Clustering\datasets\davi\Al Emadi (2019)\Multiclass_Drone_Audio\unknown\2-209471-A-252.wav,Multiclass_Drone_Audio\unknown\2-209471-A-252.wav,al_emadi,2-209471-A-252,0.97525,0.3409832923488237,6.067180633544922,-0.05062972983724328,0.2347254835424175,-0.04858677461743355,-0.19846127480268475,0.11593390703201287,0.2685229347752329,5.516645908355713,-0.004964814226563477,0.21303029540750126,0.0019050220726057887,-0.13381752818822856,0.13033209145069113,0.2301050999205849,6.769261837005615,0.010037667367894952,0.1396179349542307,0.0012074547121301293,-0.09834055602550507,0.10546287149190903,0.1348133219286525,6.5243425369262695,-0.00020397459610851823,0.0758774062046617,-9.684890392236412e-05,-0.040217092260718346,0.03913731127977371,0.02030401840968277,7.97749137878418,0.00045388752325912503,0.020833100232413023,9.161329944618046e-05,-0.012457100674510002,0.014064616989344358,0.005271332617023226,9.1148681640625,-2.9673382494617494e-05,0.007511080994311476,2.5494955480098724e-05,-0.0051720645278692245,0.004880161490291358
F:\Seminario\Seminario-Clustering\datasets\davi\Al Emadi (2019)\Multiclass_Drone_Audio\unknown\2-102414-G-170.wav,Multiclass_Drone_Audio\unknown\2-102414-G-170.wav,al_emadi,2-102414-G-170,1.0216875,0.013316004730813485,4.067132949829102,0.00032174281372438315,0.02550000381763119,0.0019446425139904022,-0.016632596403360365,0.017060295492410664,0.27718783717850337,7.314289093017578,-0.011065771974392624,0.11582488905745845,-0.008551694452762604,-0.1414196103811264,0.11393499374389662,0.37385946909623385,8.062253952026367,0.0007831329686314878,0.09582443470874014,0.004099185345694423,-0.09645785316824913,0.0935868285596371,0.10827067393715868,9.22565746307373,3.6127165469629374e-05,0.036527282691906214,0.00030421343399211764,-0.04074268713593483,0.039441055804491046,0.0993534094752823,9.915128707885742,-0.0005557406993767994,0.024754108223075704,-0.0002500810078345239,-0.026310227625072003,0.02459087874740362,0.12801260558200828,10.352334976196289,2.319943429245749e-05,0.019882097793909023,-0.0002290384582011029,-0.017878343537449836,0.017940879240632063
F:\Seminario\Seminario-Clustering\datasets\davi\Al Emadi (2019)\Multiclass_Drone_Audio\bebop_1\mixed_32-bebop_000_.wav,Multiclass_Drone_Audio\bebop_1\mixed_32-bebop_000_.wav,al_emadi,mixed_32-bebop_000,1.024,0.24568108463899596,7.6493659019470215,-0.0013865462526688928,0.22611319682634543,0.006283944472670555,-0.2682743430137634,0.2750674664974213,0.2386874094840399,7.346557140350342,0.01537383977291408,0.22234494814632186,0.007313510170206428,-0.2217005893588066,0.258869367837906,0.25774185107494624,8.623387336730957,-0.0007534997714756879,0.16424129973297824,-0.0008522092830389738,-0.20102285444736478,0.1988644644618035,0.11114314790745729,9.642228126525879,0.0008896730969026727,0.07637034459003753,0.0017302388441748917,-0.09096034839749335,0.09321977198123932,0.09417906636284726,10.777975082397461,-0.00015786237803512516,0.04975574226618819,-0.0005669613019563258,-0.06160183623433113,0.05998276174068451,0.05256744053171337,11.93814468383789,-1.7593885884367957e-05,0.02629643781735354,0.00017746695084497333,-0.033447278290987016,0.033521081507205966
F:\Seminario\Seminario-Clustering\datasets\davi\Al Emadi (2019)\Multiclass_Drone_Audio\unknown\1-80785-A-74.wav,Multiclass_Drone_Audio\unknown\1-80785-A-74.wav,al_emadi,1-80785-A-74,0.95975,0.9904500971422437,8.036974906921387,-0.02527996411340104,1.4410625442089533,0.022662892937660217,-1.9298161268234253,1.9538142085075378,0.005014776841070042,7.973123073577881,0.00313529565031142,0.10250761228075818,0.005427820375189185,-0.13538596779108047,0.13281730562448502,0.0018170866289414324,8.830917358398438,0.0033372459319992837,0.043660199842958464,0.002260696841403842,-0.0524373110383749,0.05954005755484104,0.0015233054332783429,9.58230972290039,-0.00011976352084712307,0.02840048446802299,0.00018498767167329788,-0.03455435186624527,0.0343276605010033,0.000715093363370263,10.655792236328125,-1.8596872335883016e-05,0.013770216500735871,5.6944729294627905e-05,-0.017272255942225454,0.016686535999178888,0.00047964059109622154,11.716702461242676,1.633730194441152e-05,0.007978103279344373,-0.00013248871255200356,-0.009925991296768188,0.009968210943043232
F:\Seminario\Seminario-Clustering\datasets\davi\Al Emadi (2019)\Multiclass_Drone_Audio\unknown\1-85362-A-00.wav,Multiclass_Drone_Audio\unknown\1-85362-A-00.wav,al_emadi,1-85362-A-00,1.0216875,0.0020236761518352122,6.663164138793945,0.0002424407762077203,0.026560391948422923,0.0002519134432077408,-0.024945484101772306,0.02409368939697745,0.10669897925824605,6.690829277038574,-0.008305660502412219,0.1926899696638498,-0.0016903169453144073,-0.19427070021629333,0.1571957379579544,0.6918531042890106,7.71958589553833,-0.006774695024156697,0.34822147424322475,-0.0035586769226938486,-0.34234475195407865,0.3193264603614808,0.18746491385669983,8.772830963134766,-0.0005083012244769923,0.12841416765515307,0.0008595184190198779,-0.12721263766288757,0.1224356055259705,0.011547154830357795,9.501304626464844,-2.4086837484018657e-05,0.022552607598288147,-9.623358891985845e-06,-0.020749994926154612,0.020824269205331807,0.00041217161385054176,10.402400970458984,6.004007942393843e-06,0.0030141753093520943,1.782434992492199e-06,-0.0025754738599061966,0.0024808955378830453
F:\Seminario\Seminario-Clustering\datasets\davi\Al Emadi (2019)\Multiclass_Drone_Audio\unknown\5-243773-B-444.wav,Multiclass_Drone_Audio\unknown\5-243773-B-444.wav,al_emadi,5-243773-B-444,0.95975,0.5099783441064699,7.960078239440918,0.0009246621963111952,0.2831648517398757,-0.023885855451226234,-0.35822154581546783,0.40203240513801575,0.09782140252739797,7.807777404785156,-0.00039840385367147197,0.12401679617161407,0.002327971684280783,-0.15900018066167831,0.16041751950979233,0.17239048629609063,8.775094985961914,-0.0020769306152550924,0.1167571045043615,-0.001332772197201848,-0.1489444449543953,0.1410752609372139,0.1317966165104348,9.865869522094727,-0.0007217386009794503,0.07232677454469295,6.512744585052133e-05,-0.09391058832406998,0.09277929067611705,0.07322578816666485,10.40321159362793,0.00024304244667882198,0.03815183795800466,0.0002277496678289026,-0.04307426400482654,0.04453366287052632,0.014787362392941867,11.489545822143555,5.39097626338424e-05,0.01212875253160722,2.2206921130418777e-05,-0.013957163318991661,0.014414461329579353
F:\Seminario\Seminario-Clustering\datasets\davi\Al Emadi (2019)\Multiclass_Drone_Audio\unknown\4-204123-A-392.wav,Multiclass_Drone_Audio\unknown\4-204123-A-392.wav,al_emadi,4-204123-A-392,0.97525,0.0,-0.0,0.0,0.0,0.0,0.0,0.0,0.0,-0.0,0.0,0.0,0.0,0.0,0.0,0.0,-0.0,0.0,0.0,0.0,0.0,0.0,0.0,-0.0,0.0,0.0,0.0,0.0,0.0,0.0,-0.0,0.0,0.0,0.0,0.0,0.0,0.0,-0.0,0.0,0.0,0.0,0.0,0.0
F:\Seminario\Seminario-Clustering\datasets\davi\Al Emadi (2019)\Multiclass_Drone_Audio\unknown\3-103401-B-334.wav,Multiclass_Drone_Audio\unknown\3-103401-B-334.wav,al_emadi,3-103401-B-334,0.95975,0.023356412504234883,4.511005401611328,0.004426088434554935,0.04707787155875173,9.801366832107306e-05,-0.028771757148206234,0.030722294934093952,0.028456141985423983,7.367429733276367,3.582403252290278e-05,0.05219303909123263,0.0020782973151654005,-0.06081063486635685,0.06176592968404293,0.13316359883359336,8.164921760559082,-0.002832854498374067,0.08003411506904115,-0.001022627402562648,-0.09992309659719467,0.08839237317442894,0.4986682346171606,8.744807243347168,0.0006252741764957998,0.10978076884189143,0.000634236610494554,-0.10851808488368987,0.11369345486164097,0.26296070627916857,8.878604888916016,8.959139165041845e-05,0.05641518479193259,-1.173330019810237e-05,-0.04132761545479297,0.04157015196979049,0.05339490578041862,9.08085823059082,3.617525083958759e-05,0.01798386251681697,9.215204045176506e-06,-0.011017510667443275,0.01030765287578106
F:\Seminario\Seminario-Clustering\datasets\davi\Al Emadi (2019)\Multiclass_Drone_Audio\unknown\1-64473-A-451.wav,Multiclass_Drone_Audio\unknown\1-64473-A-451.wav,al_emadi,1-64473-A-451,1.0216875,0.8805020064160608,8.132898330688477,-0.015338439750169878,2.7701000525272756,-0.012497959658503532,-3.670475387573242,3.757610321044922,0.053825528301175575,7.770683288574219,-0.02180844217555046,0.684558896608851,-0.0075838081538677216,-0.8442545413970948,0.8352882742881778,0.02699607461838585,8.63280200958252,0.0045134643539387715,0.3439525750021216,0.0073053245432674885,-0.40892631113529204,0.4459437757730484,0.015323135293455763,9.573652267456055,0.0015073128795935766,0.18355677662651063,0.0005866209976375103,-0.21786268651485444,0.22265630662441255,0.013485344573951482,10.76713752746582,0.001173201984723645,0.1218499359899673,0.0020476558711379766,-0.15331922322511674,0.15109433084726334,0.009867910796970504,11.76513957977295,6.847321015183108e-05,0.07373907053198732,5.81890344619751e-06,-0.09255964756011963,0.09476714730262757
F:\Seminario\Seminario-Clustering\datasets\davi\Al Emadi (2019)\Multiclass_Drone_Audio\unknown\2-96033-A-133.wav,Multiclass_Drone_Audio\unknown\2-96033-A-133.wav,al_emadi,2-96033-A-133,1.0216875,0.791932230545746,7.877795696258545,-0.011378781214298778,0.4053332248113207,-0.017599277198314667,-0.5456648468971252,0.5082093954086304,0.03463495977306305,8.068178176879883,0.0013260441673271055,0.0847897761317344,0.003890541149303317,-0.11449052393436432,0.10217673480510717,0.002533610783976207,9.002786636352539,0.00038879297515499706,0.016260497100923463,0.0009029061766341329,-0.02074610721319914,0.021280395053327093,0.001164907442135413,9.487164497375488,0.0005722802524168995,0.007790956804693286,0.00015020486898720264,-0.00821963232010603,0.009414475597441197,0.0008200840724088103,8.890565872192383,-4.5041929292994984e-05,0.00463794308037567,2.8337904950603843e-05,-0.003279163292609155,0.0032485726987943058,0.16891420738267043,10.32752513885498,1.7973843699854137e-05,0.04708912278414182,-6.898576975800097e-05,-0.03698839247226715,0.03615824580192566
F:\Seminario\Seminario-Clustering\datasets\davi\Al Emadi (2019)\Multiclass_Drone_Audio\unknown\2-66637-A-202.wav,Multiclass_Drone_Audio\unknown\2-66637-A-202.wav,al_emadi,2-66637-A-202,0.97525,0.003203368336787779,7.645941257476807,-7.416427310797488e-05,0.02288587530016536,-0.0010358327999711037,-0.026678629405796527,0.027651203423738478,0.04963447175226226,5.306164264678955,0.0012957625850367734,0.09007684462756928,-2.531843347242102e-05,-0.04617529399693012,0.04442959129810331,0.30331344852473197,7.02556848526001,6.197487543174825e-06,0.15803060065395585,-0.00016858156595844775,-0.10706847906112671,0.12450996041297913,0.20505007367305075,7.708909034729004,0.00021770259028669708,0.09201829246092694,-0.00030206596420612186,-0.06004839949309826,0.05548485182225704,0.1524023613232506,8.87558364868164,-0.00011594147726069144,0.056138221711094304,-6.1920472944621e-05,-0.039055291563272476,0.039335645735263824,0.28639627638991666,9.463424682617188,1.9484801487240588e-05,0.05444111917727382,-8.228841033997014e-05,-0.029712693020701397,0.0304131392389536
F:\Seminario\Seminario-Clustering\datasets\davi\Al Emadi (2019)\Multiclass_Drone_Audio\unknown\4-172500-A-274.wav,Multiclass_Drone_Audio\unknown\4-172500-A-274.wav,al_emadi,4-172500-A-274,0.95975,0.8382703303285508,7.661848068237305,0.0006685172593428987,0.04552643771977602,-0.001387760101351887,-0.05235067568719387,0.056363651528954506,0.03406124724838847,6.475116729736328,-3.4271151028859043e-06,0.009178013094479683,-0.0004780150775332004,-0.008185275364667177,0.008954426739364862,0.03722266908523624,8.210826873779297,0.00030816515196254666,0.006798389827797148,0.0001055856337188743,-0.0070665436796844006,0.007292408496141434,0.03151166941658317,9.142548561096191,7.455173675568061e-06,0.004435640240911227,7.833073323126882e-05,-0.0049958362244069575,0.00476457346230746,0.043852803175956474,9.958221435546875,-9.20236173439551e-06,0.003702902122194413,-1.828075255616568e-05,-0.0038990224245935676,0.003933548415079715,0.015081280745284845,11.182106018066406,-2.668347844135423e-06,0.0015361943029900936,-7.4137860792689025e-06,-0.0016808321233838797,0.0016889905091375113
F:\Seminario\Seminario-Clustering\datasets\davi\Al Emadi (2019)\Multiclass_Drone_Audio\unknown\1-56907-A-461.wav,Multiclass_Drone_Audio\unknown\1-56907-A-461.wav,al_emadi,1-56907-A-461,1.0216875,0.1896827704901719,7.726594924926758,0.0019065623812925079,0.14589706090526397,0.0043412018567323685,-0.17077932953834535,0.1761410176753998,0.038389486717178595,7.951570510864258,-5.64751644912437e-05,0.06564107313613508,0.0010679494589567184,-0.08264692574739456,0.08589151203632354,0.18618608925413704,9.11518669128418,-0.0007104689388928648,0.1025136280372451,0.0012131837429478765,-0.13873381912708282,0.13362075686454775,0.2351375557465487,9.637815475463867,-0.001263782572713233,0.08159299932411905,-0.0006015424150973558,-0.0977149710059166,0.09607146680355073,0.30467710164211287,10.620494842529297,-0.000781850453034399,0.06572587034708437,0.0004756251582875848,-0.07974205166101456,0.07595594078302384,0.045926996149850866,11.513866424560547,-2.2341247954813533e-06,0.018053108964617353,-5.314573354553431e-05,-0.02124231830239296,0.02110775448381901
F:\Seminario\Seminario-Clustering\datasets\davi\Al Emadi (2019)\Multiclass_Drone_Audio\unknown\2-60795-A-262.wav,Multiclass_Drone_Audio\unknown\2-60795-A-262.wav,al_emadi,2-60795-A-262,0.97525,0.03918646466926982,6.924869537353516,-0.002641505069242647,0.07258797896038267,7.211603224277496e-05,-0.07316684052348137,0.06642372980713844,0.1156500660579501,7.484525680541992,-0.002984193360617032,0.12474775255782741,-0.007523359730839729,-0.14447463303804398,0.14337441325187683,0.50742840904249,8.438186645507812,-0.0007640164751413769,0.18547983257315867,-0.0007824675412848592,-0.21536976099014282,0.21434803307056427,0.2820148809408963,9.308977127075195,4.135342777881901e-05,0.09792622893942471,0.00030933343805372715,-0.11078136786818504,0.11041025444865227,0.04800374560100803,10.436656951904297,-0.00013112695379802119,0.02859001357816627,-8.166996849467978e-05,-0.03409086354076862,0.0341304074972868,0.007716433688385782,11.567832946777344,-3.039641998348636e-06,0.008109037597025474,3.886685590259731e-05,-0.009734182618558405,0.009804399125277998
F:\Seminario\Seminario-Clustering\datasets\davi\Al Emadi (2019)\Multiclass_Drone_Audio\unknown\3-71964-A-40.wav,Multiclass_Drone_Audio\unknown\3-71964-A-40.wav,al_emadi,3-71964-A-40,1.0216875,0.007322122430104078,7.917235374450684,-0.0001663586034257563,0.02593621278266243,1.0924413800239563e-05,-0.03221629410982132,0.032786281406879426,0.00016790675312771937,7.579099655151367,0.00016665058100789833,0.003924097399738894,0.0002118595875799656,-0.004480155184864998,0.004620241001248361,0.007776622988535965,5.810676097869873,-0.0015785575078048645,0.018889918148364,-3.090422887908062e-05,-0.0031582053517922757,0.0028932353248819725,0.4796099022661928,6.6742353439331055,0.005666651386271201,0.10529004007931285,2.528572076698765e-05,-0.00661760251969099,0.007494822610169649,0.4894865606000628,7.263317584991455,-4.920148592069009e-06,0.07537803746681347,-8.02357135398779e-06,-0.006045656045898794,0.005653709452599287,0.01563688496197663,8.436107635498047,-1.0017648150783691e-05,0.00953059788763928,1.0300573194399476e-07,-0.0007490743417292833,0.0007672273786738516
F:\Seminario\Seminario-Clustering\datasets\davi\Al Emadi (2019)\Multiclass_Drone_Audio\unknown\2-59566-A-464.wav,Multiclass_Drone_Audio\unknown\2-59566-A-464.wav,al_emadi,2-59566-A-464,0.95975,0.015215532854066455,2.564642906188965,0.003630623404636254,0.032723852171204604,-1.572142355144024e-05,-0.0032594333169981837,0.003744974732398987,0.008466998441565112,8.08538818359375,0.000494426424093372,0.024555804801980146,0.0004868409305345267,-0.03247901238501072,0.032266490161418915,0.2720029177521599,9.097931861877441,0.00011308923906957109,0.09874008842126027,0.0007282853766810149,-0.1327020823955536,0.13007628917694092,0.28063930990554875,9.848686218261719,-0.00014403878960058444,0.07104828084162737,-0.0010966978734359145,-0.08725707828998565,0.0897666066884995,0.2831545783508061,10.320322036743164,-0.0003560901219679712,0.05050157024811401,-0.00021828035824000835,-0.059010361507534984,0.05585950054228306,0.14052066269585367,11.062055587768555,-3.7647079575039707e-06,0.025168468787775594,0.00012522819451987743,-0.027054866775870323,0.02648787572979927
F:\Seminario\Seminario-Clustering\datasets\davi\Al Emadi (2019)\Multiclass_Drone_Audio\unknown\3-144891-A-190.wav,Multiclass_Drone_Audio\unknown\3-144891-A-190.wav,al_emadi,3-144891-A-190,1.0216875,0.5024136273383624,6.224728107452393,-0.003813816008394011,0.4285036494597145,-0.005258753430098295,-0.2938663184642792,0.23299586176872258,0.36206981587185977,6.070814609527588,-0.0037850960419943142,0.3637589331218002,0.0007585303974337876,-0.25130016803741456,0.2296654015779499,0.11249788538166686,7.367007255554199,0.0028482284121419637,0.14377279224976489,0.00011135500972159207,-0.1034955196082592,0.13233372122049378,0.020863499793077098,8.326297760009766,0.0003228760033397995,0.04386287828519706,7.495741010643542e-05,-0.03182036578655243,0.03593484982848168,0.0020615038667231274,9.644213676452637,1.2457397814857234e-05,0.009756862740001737,-2.9603841539938003e-05,-0.00805732337757945,0.008105897437781095,9.366774831079455e-05,11.558561325073242,-3.0153621470451727e-06,0.0014712396031323,-5.062873242422938e-06,-0.0017037093406543134,0.0016967460047453654
F:\Seminario\Seminario-Clustering\datasets\davi\Al Emadi (2019)\Multiclass_Drone_Audio\membo_1\Membo_1_029-membo_001_.wav,Multiclass_Drone_Audio\membo_1\Membo_1_029-membo_001_.wav,al_emadi,Membo_1_029-membo_001,1.024,0.4882471737019758,8.16143798828125,-0.0019141620997713456,0.13545218404708723,-0.004154576919972897,-0.17609012722969056,0.18016083985567094,0.006616080333266762,8.07376480102539,-0.00011219173863878056,0.015768809436736943,-0.0003699173830682412,-0.020764487981796264,0.020429026335477832,0.044495923355546425,9.01915454864502,7.38296928353273e-05,0.029001100005841617,0.00031852936081122607,-0.03929219618439674,0.03815753348171711,0.10902564703493246,9.922297477722168,0.0004859396722557387,0.032143182939956785,0.0005366757977753878,-0.0404255848377943,0.04098767898976803,0.17258395413654137,10.889719009399414,-0.00013000374330627323,0.028623664292690875,0.0001367568620480597,-0.03658376261591911,0.03561432659626007,0.1790312214377372,11.889369010925293,-9.81632452824649e-06,0.020623588235452447,-0.00023528290330432355,-0.026253204420208932,0.026048541441559797
F:\Seminario\Seminario-Clustering\datasets\davi\Al Emadi (2019)\Multiclass_Drone_Audio\unknown\5-200461-A-111.wav,Multiclass_Drone_Audio\unknown\5-200461-A-111.wav,al_emadi,5-200461-A-111,1.0216875,0.0574005149628806,7.616986274719238,0.001543264650528966,0.09886415064265934,0.0036818645894527435,-0.11773678064346313,0.1163554608821869,0.08826535275366708,7.909485340118408,-0.0006651794872286314,0.1226090663938969,0.005410710349678993,-0.15216273963451385,0.15552810728549962,0.2968875017589816,8.863483428955078,-0.0038297467467335237,0.15942382977419797,-0.004831101279705763,-0.20251242071390152,0.19370408207178116,0.3730156729985167,9.741694450378418,0.002017331321320595,0.12659499509680613,-0.00013203901471570134,-0.14869170486927033,0.1561860978603363,0.1378738973758935,10.804161071777344,0.0008924084269780754,0.054462056616569714,0.0004097569908481091,-0.0666887030005455,0.0679044581949711,0.04655706015006056,11.818193435668945,-3.789188930640307e-05,0.022391039338845575,0.000284805049886927,-0.028321044519543648,0.027666934579610846
F:\Seminario\Seminario-Clustering\datasets\davi\Al Emadi (2019)\Multiclass_Drone_Audio\unknown\4-178402-A-431.wav,Multiclass_Drone_Audio\unknown\4-178402-A-431.wav,al_emadi,4-178402-A-431,1.0216875,0.003541122928682026,4.196636199951172,0.0023800391131745514,0.02560872629075248,0.0003032688982784748,-0.015630650520324706,0.016225423663854602,0.154683030527215,8.008524894714355,0.0001115137195517264,0.16998329518899186,7.863899372750893e-05,-0.2640546679496765,0.2564515471458435,0.3659832241883889,8.746881484985352,-0.0001374012386222532,0.18542325801362441,-0.0011304287472739816,-0.2237485870718956,0.25010050237178805,0.30252920536241723,9.637439727783203,-0.00030869239848050993,0.11941022412571231,-0.0003488854563329369,-0.17276036143302917,0.14664828777313235,0.14270172572353276,10.586931228637695,1.4538255373538617e-05,0.05803327393467142,-9.8394179076422e-05,-0.07553958296775817,0.0816290594637394,0.030561691269764078,11.590631484985352,-2.5388086959375037e-07,0.01899861661621692,3.858685522573069e-05,-0.02639261484146118,0.02475730143487454
F:\Seminario\Seminario-Clustering\datasets\davi\Al Emadi (2019)\Multiclass_Drone_Audio\membo_1\mixed_membo_16-membo_002_.wav,Multiclass_Drone_Audio\membo_1\mixed_membo_16-membo_002_.wav,al_emadi,mixed_membo_16-membo_002,1.024,0.7089102432235745,6.988991737365723,-0.006943555048740609,0.13035292124712966,-0.0011790191056206822,-0.1356218710541725,0.11817745044827462,0.14054796191758942,5.953641414642334,-0.0017668652113029934,0.058096765342795495,-0.0005896687798667699,-0.04511904530227184,0.03842650167644024,0.05537411042382525,8.135769844055176,-0.00036991780419077825,0.025869953889684844,0.000523576483828947,-0.026695160567760466,0.026020460948348062,0.027490179900491477,9.492546081542969,-0.0001870989639501062,0.012907681410045035,-5.651667743222788e-05,-0.014492546487599612,0.014555525686591866,0.028627285437044438,10.689233779907227,-3.9749898302480776e-05,0.009322803556986073,-0.00010823791672009975,-0.011153040453791618,0.011366854421794415,0.039050219097474866,11.668014526367188,1.3129992758694486e-06,0.0077026923259652606,5.617191345663741e-05,-0.009253747574985026,0.009130948409438134
F:\Seminario\Seminario-Clustering\datasets\davi\Al Emadi (2019)\Multiclass_Drone_Audio\unknown\5-233605-A-393.wav,Multiclass_Drone_Audio\unknown\5-233605-A-393.wav,al_emadi,5-233605-A-393,1.0216875,0.0,-0.0,0.0,0.0,0.0,0.0,0.0,0.0,-0.0,0.0,0.0,0.0,0.0,0.0,0.0,-0.0,0.0,0.0,0.0,0.0,0.0,0.0,-0.0,0.0,0.0,0.0,0.0,0.0,0.0,-0.0,0.0,0.0,0.0,0.0,0.0,0.0,-0.0,0.0,0.0,0.0,0.0,0.0
F:\Seminario\Seminario-Clustering\datasets\davi\Al Emadi (2019)\Multiclass_Drone_Audio\unknown\1-17367-A-101.wav,Multiclass_Drone_Audio\unknown\1-17367-A-101.wav,al_emadi,1-17367-A-101,1.0216875,0.037972966615913734,7.012023448944092,-0.0008623301763334303,0.10502641730085477,0.0006123809143900871,-0.12069686949253082,0.11099517643451699,0.012010321277279986,7.693424701690674,-0.004570337135186671,0.0588910563613864,-0.005257090553641319,-0.07477007359266281,0.06424124091863634,0.04242819392185389,8.695796966552734,-0.0014533840995445007,0.07871869769702464,-0.0016659923712722957,-0.09836503863334656,0.09033197015523911,0.31921932730729363,9.914277076721191,-0.0020985615176315523,0.15295157211849802,-0.005717084743082523,-0.1939465194940567,0.19153883457183843,0.4302653995332675,10.638811111450195,0.0014928358772627096,0.12565823598355882,0.0011287863017059863,-0.14634742885828017,0.15337229520082477,0.15810379134439131,11.86312484741211,2.4849098047190428e-05,0.05388840093106356,-0.0005304183578118682,-0.06764141023159027,0.06783289760351183
F:\Seminario\Seminario-Clustering\datasets\davi\Al Emadi (2019)\Multiclass_Drone_Audio\unknown\3-233151-A-24.wav,Multiclass_Drone_Audio\unknown\3-233151-A-24.wav,al_emadi,3-233151-A-24,0.95975,0.0,-0.0,0.0,0.0,0.0,0.0,0.0,0.0,-0.0,0.0,0.0,0.0,0.0,0.0,0.0,-0.0,0.0,0.0,0.0,0.0,0.0,0.0,-0.0,0.0,0.0,0.0,0.0,0.0,0.0,-0.0,0.0,0.0,0.0,0.0,0.0,0.0,-0.0,0.0,0.0,0.0,0.0,0.0
F:\Seminario\Seminario-Clustering\datasets\davi\Al Emadi (2019)\Multiclass_Drone_Audio\bebop_1\mixed_49-bebop_003_.wav,Multiclass_Drone_Audio\bebop_1\mixed_49-bebop_003_.wav,al_emadi,mixed_49-bebop_003,1.024,0.34025156657623923,7.243724822998047,0.0010658300267784176,0.17297389452722128,-0.0015740357339382172,-0.16536103188991547,0.18329022973775863,0.027346223857406614,7.5278520584106445,0.00039099699676685884,0.049036968075242555,0.0009951433166861534,-0.06047224141657352,0.05720554925501346,0.1287782711260683,6.966257095336914,-0.001652023037011143,0.0754487806784874,0.0011424453696236014,-0.060613169521093364,0.05063017681241035,0.2873715238111952,8.557271957397461,0.0010037266420768489,0.07982537010995204,-0.0008566669712308794,-0.06277327388525009,0.06822396069765091,0.13778726509325162,10.757340431213379,0.00015337623017364036,0.03912099910672369,-0.00039867550367489457,-0.04853910207748413,0.048076920211315155,0.07846514953583908,11.959635734558105,0.0001023172379814144,0.020883935367638967,-5.495517689269036e-05,-0.026639163494110107,0.02684371024370194
F:\Seminario\Seminario-Clustering\datasets\davi\Al Emadi (2019)\Multiclass_Drone_Audio\unknown\3-155130-A-430.wav,Multiclass_Drone_Audio\unknown\3-155130-A-430.wav,al_emadi,3-155130-A-430,1.0216875,0.6182204979088322,7.862974166870117,-0.0002819881196911996,0.05870416580777415,-0.00343980360776186,-0.07212485074996948,0.07778136581182483,0.10407887355952876,7.9820942878723145,-0.0006271312582116066,0.024078880373948213,-0.0006202419754117727,-0.030527347698807716,0.030117181688547146,0.15289913490848633,9.064842224121094,-7.607918719913727e-05,0.020703823101519227,0.00018474569515092298,-0.02723823841661215,0.02697856910526753,0.10917774673082427,9.868789672851562,0.00018145950051771568,0.012390734120338521,0.00020421488443389535,-0.016037732362747192,0.015531619638204576,0.012807820215581125,10.909575462341309,-2.4262730196264913e-05,0.003003330654095418,-3.6864366848021746e-06,-0.0038222302915528416,0.003840845893137157,0.0028159266767473954,11.947395324707031,-3.4805651466240013e-06,0.0009962275222280227,-1.3755634427070618e-05,-0.0012663660803809763,0.001276539009995759
F:\Seminario\Seminario-Clustering\datasets\davi\Al Emadi (2019)\Multiclass_Drone_Audio\unknown\1-40967-A-282.wav,Multiclass_Drone_Audio\unknown\1-40967-A-282.wav,al_emadi,1-40967-A-282,0.97525,0.18603516898162592,7.88228178024292,-0.0007055181749414856,0.0084600637169711,-0.0009380192786920816,-0.011659115273505449,0.010548871383070946,0.04274639401148711,7.642190933227539,-0.0002737874681195918,0.004060183211583598,-0.00030286495166365057,-0.005131120560690761,0.004286551382392644,0.27612870608747386,8.541214942932129,-5.343687573460759e-05,0.0073392936861470396,-0.00015832818462513387,-0.00937891285866499,0.009290387853980064,0.26294383451279707,9.484321594238281,-5.699746457544084e-05,0.005071823902802356,-6.854951789136976e-05,-0.006416104966774583,0.006238969974219799,0.1367335771593503,10.394644737243652,9.38477639124998e-06,0.002588291062245542,-1.155199970526155e-05,-0.003219835227355361,0.0032538335071876645,0.09541231924726574,11.35689640045166,-4.130861924846924e-06,0.001529532425791079,-3.353207830514293e-06,-0.00185538672376424,0.001856819423846901
F:\Seminario\Seminario-Clustering\datasets\davi\Al Emadi (2019)\Multiclass_Drone_Audio\unknown\2-104168-A-324.wav,Multiclass_Drone_Audio\unknown\2-104168-A-324.wav,al_emadi,2-104168-A-324,0.95975,0.348302923307579,7.395462989807129,0.001112204711135087,0.04673023417144848,0.0,-0.054495640099048615,0.05362473428249359,0.02257617025984536,7.14371395111084,0.00012831845927428176,0.011899870628598853,0.0,-0.012350904289633036,0.014393153134733438,0.02377941897957967,6.667999744415283,0.00016592631027428974,0.008661495131662042,0.0,-0.005226147128269076,0.006444147787988186,0.04569541585317212,6.478952407836914,0.00025370017271381004,0.008503314306559198,0.0,-0.0027344951871782538,0.0030613851267844443,0.38692856499713685,5.436168193817139,9.890677182903224e-05,0.017517707069305014,0.0,-0.0022154188947752116,0.0020805430831387643,0.17271750660268695,6.889072418212891,5.759874961194531e-07,0.008279799080371585,0.0,-0.0013030574191361666,0.0013594430638477206
F:\Seminario\Seminario-Clustering\datasets\davi\Al Emadi (2019)\Multiclass_Drone_Audio\unknown\2-101676-A-101.wav,Multiclass_Drone_Audio\unknown\2-101676-A-101.wav,al_emadi,2-101676-A-101,1.0216875,0.14533608237507112,7.809873104095459,0.0010347337042282351,0.09363746477538498,0.0036086812615394592,-0.10938528627157211,0.11641876101493838,0.0316867208314455,7.844060897827148,0.0033454477128388852,0.04359665422209991,0.003087709192186594,-0.051012077182531354,0.05787526071071625,0.08205650586903912,8.853260040283203,0.0006017350447339521,0.04989569701388539,0.00200439989566803,-0.06211705431342125,0.06086050197482112,0.08342416576386452,9.333406448364258,-0.0009224246290327505,0.035625760803620024,-0.0012848818441852927,-0.041282185912132265,0.0400691956281662,0.25035323921139313,8.928779602050781,0.0003187694119964396,0.04368496114151777,-0.0005094641528557986,-0.03982122987508774,0.039891894534230234,0.40714328594918664,10.605790138244629,-1.1898085768931949e-05,0.03941044439712902,-0.00010221384582109749,-0.03829394802451134,0.03958353474736217
F:\Seminario\Seminario-Clustering\datasets\davi\Al Emadi (2019)\Multiclass_Drone_Audio\membo_1\mixed_membo_38-membo_000_.wav,Multiclass_Drone_Audio\membo_1\mixed_membo_38-membo_000_.wav,al_emadi,mixed_membo_38-membo_000,1.024,0.7449541632937062,7.739063262939453,-0.0010585571951853133,0.11723755205854605,0.001737677026540041,-0.14044196903705597,0.14110476970672609,0.01014244126022523,7.94528865814209,-0.0002024668658762223,0.013678654020121419,-0.00032335186551790684,-0.017943505384027957,0.017282057739794257,0.027390173620862983,8.97988224029541,-4.101186970676051e-05,0.01594270100058228,-0.00019339920254424214,-0.020514984056353568,0.020746865868568422,0.05072484681545627,9.975915908813477,-1.3772778494299767e-05,0.015363654319468727,-0.0002567161136539653,-0.019896480441093444,0.019944974407553672,0.07870177540108393,10.654702186584473,9.167833111436946e-06,0.01354352897371315,0.00017998501425608993,-0.016845297068357468,0.01688574068248272,0.0880865996086654,11.632989883422852,1.8428396459428374e-05,0.010135945815116485,0.00011576895485632122,-0.012314883433282374,0.012259977124631413
F:\Seminario\Seminario-Clustering\datasets\davi\Al Emadi (2019)\Multiclass_Drone_Audio\unknown\5-256512-A-304.wav,Multiclass_Drone_Audio\unknown\5-256512-A-304.wav,al_emadi,5-256512-A-304,0.95975,0.9626239567962855,6.14429235458374,-0.03756249617771322,1.6663120824842543,0.0045762695372104645,-1.003354161977768,0.7449238300323486,0.01176631590487565,4.674603462219238,0.0015673360347196507,0.1842650060347733,-2.3365504603134468e-05,-0.08840735256671906,0.07627314701676369,0.016591324431272935,4.972660064697266,0.0017495849555808165,0.15519610875974418,0.00016096519539132714,-0.021882344968616962,0.025764701887965202,0.0073852374340815175,5.07462739944458,0.0004359720494081652,0.07335262021687053,-8.541392162442207e-06,-0.005892867594957351,0.0052528455853462245,0.0014829479594219207,5.474142551422119,3.1964860150089904e-06,0.02326096355299774,6.826721801189706e-07,-0.001200009835883975,0.0012604090385139016,0.0001502174740624758,5.949129581451416,-5.060161745944854e-06,0.005237301930264906,4.891553544439375e-07,-0.000264548696577549,0.00029530597385019064
F:\Seminario\Seminario-Clustering\datasets\davi\Al Emadi (2019)\Multiclass_Drone_Audio\unknown\5-261433-A-153.wav,Multiclass_Drone_Audio\unknown\5-261433-A-153.wav,al_emadi,5-261433-A-153,1.0216875,0.0,-0.0,0.0,0.0,0.0,0.0,0.0,0.0,-0.0,0.0,0.0,0.0,0.0,0.0,0.0,-0.0,0.0,0.0,0.0,0.0,0.0,0.0,-0.0,0.0,0.0,0.0,0.0,0.0,0.0,-0.0,0.0,0.0,0.0,0.0,0.0,0.0,-0.0,0.0,0.0,0.0,0.0,0.0
F:\Seminario\Seminario-Clustering\datasets\davi\Al Emadi (2019)\Multiclass_Drone_Audio\unknown\silence215.wav,Multiclass_Drone_Audio\unknown\silence215.wav,al_emadi,silence215,1.1145625,0.0,-0.0,0.0,0.0,0.0,0.0,0.0,0.0,-0.0,0.0,0.0,0.0,0.0,0.0,0.0,-0.0,0.0,0.0,0.0,0.0,0.0,0.0,-0.0,0.0,0.0,0.0,0.0,0.0,0.0,-0.0,0.0,0.0,0.0,0.0,0.0,0.0,-0.0,0.0,0.0,0.0,0.0,0.0
F:\Seminario\Seminario-Clustering\datasets\davi\Al Emadi (2019)\Multiclass_Drone_Audio\unknown\2-39443-B-190.wav,Multiclass_Drone_Audio\unknown\2-39443-B-190.wav,al_emadi,2-39443-B-190,1.0216875,0.09369095036485245,6.391364097595215,0.020127004653763034,0.10417513151287448,0.01944349892437458,-0.041612376272678366,0.10316729098558432,0.30501547050637023,4.52147912979126,-0.002040356523417003,0.1914297641553569,0.00036155167617835104,-0.10405437499284743,0.1172256499528885,0.19264451390843962,6.535043716430664,0.0006863765516747861,0.10789254815193208,0.00019130799773847684,-0.06505987644195557,0.07919871956110004,0.28558286628304386,6.5561652183532715,-0.0005727485180300793,0.09304763353429182,-4.6722030674573034e-05,-0.041591952741146083,0.040488065779209194,0.11727151737874969,7.335289001464844,-2.6953907487922784e-05,0.04219362447640561,1.2191339919809252e-05,-0.016826329194009303,0.015525829978287229,0.005794681558544152,8.74936580657959,-7.23623026496911e-07,0.006634928370436229,4.388082743389532e-06,-0.002965850895270705,0.002859797701239587
F:\Seminario\Seminario-Clustering\datasets\davi\Al Emadi (2019)\Multiclass_Drone_Audio\unknown\4-146200-A-363.wav,Multiclass_Drone_Audio\unknown\4-146200-A-363.wav,al_emadi,4-146200-A-363,1.0216875,0.052451712362505946,7.1949238777160645,-0.023198616667515534,0.4097513606046909,-0.05685177817940712,-0.4763865113258362,0.4247440099716188,0.1656862554882253,7.95207405090332,-0.02348566079419692,0.729043673908468,-0.009999072179198265,-1.044732117652893,0.907210230827332,0.4503127707900466,9.067553520202637,0.013542509878757283,0.8526810171800943,0.016078833490610123,-1.068723165988922,1.1441246867179875,0.1582569123751269,9.949564933776855,0.0002802982844554139,0.3580890332603901,0.005535103380680084,-0.4648726165294647,0.4619623601436615,0.1124273055343917,10.948925018310547,-0.003793535622868417,0.21354055201971509,-0.006771282758563757,-0.27136861681938174,0.2758612364530563,0.06086504344970351,11.93947982788086,-0.0002232548254635162,0.11116469192440977,0.00021862200810573995,-0.14216071367263794,0.14042486250400546
F:\Seminario\Seminario-Clustering\datasets\davi\Al Emadi (2019)\Multiclass_Drone_Audio\unknown\4-156993-A-194.wav,Multiclass_Drone_Audio\unknown\4-156993-A-194.wav,al_emadi,4-156993-A-194,0.95975,0.5453797222982675,7.278064727783203,0.0007179985450458073,0.34656019129150656,0.009637173265218735,-0.4034075140953064,0.39149829745292664,0.3533416761188677,6.64577054977417,0.006672121231396751,0.2788709609906549,0.01247579138725996,-0.2500641644001007,0.27365683019161224,0.08488618824945658,7.913041114807129,-0.0028059510279441536,0.09693851456540231,-0.0019321389263495803,-0.10527472198009491,0.09549498558044434,0.014226201301867835,9.351611137390137,-0.0003895222337450832,0.028121320108399257,-0.00035888119600713253,-0.03235395178198814,0.03168203160166741,0.0017285253031427848,10.66100025177002,1.4259247990396505e-05,0.006937348797870666,-5.619511648546904e-05,-0.008390948735177517,0.0085011724382639,0.00043768672839763925,11.814925193786621,2.301099048828702e-06,0.0024695673274966103,-2.3721368052065372e-06,-0.003070807782933116,0.0031743061263114214
F:\Seminario\Seminario-Clustering\datasets\davi\Al Emadi (2019)\Multiclass_Drone_Audio\unknown\3-181278-A-223.wav,Multiclass_Drone_Audio\unknown\3-181278-A-223.wav,al_emadi,3-181278-A-223,1.0216875,0.12010419379744786,7.8169331550598145,-0.0014959794568930116,0.054831089908932935,-0.004021503031253815,-0.0641480877995491,0.07001440525054932,0.26170954065113067,7.470057010650635,-0.0045944024117756275,0.08083861500762639,-0.00047368844388984144,-0.09731856435537338,0.09147292226552965,0.28210066626912683,6.773422718048096,0.001574131792178151,0.05959484319154225,0.0011354858288541436,-0.052153049036860466,0.05524471513926983,0.17602408570664374,7.267301082611084,-0.0003537608942517946,0.033353798872635114,-0.0003096603322774172,-0.02500525452196598,0.025459818169474603,0.09523454799414588,7.772221088409424,0.00010740095890740252,0.01736104208193443,0.00016565617261221632,-0.011805105861276387,0.01154037714004517,0.06482696558150507,6.286557197570801,1.9139390399034922e-05,0.01013292227116327,1.266115577891469e-05,-0.0039314990863204,0.0038609597831964506
F:\Seminario\Seminario-Clustering\datasets\davi\Al Emadi (2019)\Multiclass_Drone_Audio\unknown\4-181599-A-261.wav,Multiclass_Drone_Audio\unknown\4-181599-A-261.wav,al_emadi,4-181599-A-261,1.0216875,0.7467091588191979,8.927446365356445,0.8139682274953078,0.11200230766065113,0.8072230219841003,0.7861638903617859,0.8315570592880249,0.002322516086536165,4.666316032409668,-0.00159567681355564,0.04579526881756915,-0.0005142414011061192,-0.03456824719905853,0.03248814940452576,0.022758048067955342,6.235828399658203,-0.001229067653750979,0.10171599289854888,0.0007146238349378109,-0.052648717537522316,0.05142113007605084,0.09313034363936223,7.918377876281738,0.004271734807014887,0.14569278450705697,-0.0005867222789674997,-0.07120034098625183,0.0724979490041733,0.11574438124402356,8.987895965576172,0.0006109914408811438,0.11498098234674779,0.0001253767404705286,-0.06805327907204628,0.0706329457461834,0.019335552142924844,10.358962059020996,-9.42809665721979e-06,0.033245379442826996,-9.977852459996939e-05,-0.027750683575868604,0.0275628473609686
F:\Seminario\Seminario-Clustering\datasets\davi\Al Emadi (2019)\Multiclass_Drone_Audio\unknown\1-30709-A-231.wav,Multiclass_Drone_Audio\unknown\1-30709-A-231.wav,al_emadi,1-30709-A-231,1.0216875,0.18351945748769,6.367109298706055,-0.007664410519905431,0.2800177776684214,-0.014952199533581734,-0.21088407337665557,0.22719427347183233,0.046279855110305114,6.284824848175049,-0.0067071351463349384,0.14051055325611742,-0.004573552869260311,-0.10500813573598862,0.08841520696878435,0.33478581131433915,6.444427967071533,0.007529786627629594,0.2682058829890821,-0.0002913108764914796,-0.10783019140362739,0.1359175443649294,0.2652999186131274,7.696982383728027,0.0005257791128058589,0.16917956711317486,0.00028405687771737576,-0.07986602336168287,0.08127340227365508,0.10796443571712976,8.358797073364258,-0.0002723204240584326,0.07636990053899667,-7.235062366817147e-05,-0.02292015496641397,0.022767089121043693,0.06215052175740855,9.248223304748535,5.982334909973184e-05,0.04098994684979261,1.4595047105103731e-05,-0.008114019595086574,0.00842214170843363
F:\Seminario\Seminario-Clustering\datasets\davi\Al Emadi (2019)\Multiclass_Drone_Audio\bebop_1\B_S2_D1_086-bebop_000_.wav,Multiclass_Drone_Audio\bebop_1\B_S2_D1_086-bebop_000_.wav,al_emadi,B_S2_D1_086-bebop_000,1.024,0.7439815784045877,7.289365768432617,-0.005382955806063754,0.5319817386748216,-0.004112443188205361,-0.578045916557312,0.564532881975174,0.02308441172858093,7.873810768127441,0.0005617448856692733,0.09371076328628122,-0.003731101634912193,-0.11152860671281814,0.11757092997431755,0.012533560264066613,8.960367202758789,0.00026046926578398324,0.048968324696590876,-0.00021898670820519328,-0.06239273063838482,0.0632695697247982,0.0526844775255239,9.972345352172852,0.0011120931418932714,0.07108709238501876,0.0019575842889025807,-0.08902285173535347,0.09321897625923158,0.09383923613601403,10.916716575622559,0.0006301395997360882,0.06714767553644828,0.0010469885310158134,-0.08502484858036041,0.08624625951051712,0.07387673594122682,11.957070350646973,-3.291886730626089e-05,0.04214848804393241,-5.5983487982302904e-05,-0.05427137240767479,0.05440580546855927
F:\Seminario\Seminario-Clustering\datasets\davi\Al Emadi (2019)\Multiclass_Drone_Audio\bebop_1\B_S2_D1_127-bebop_004_.wav,Multiclass_Drone_Audio\bebop_1\B_S2_D1_127-bebop_004_.wav,al_emadi,B_S2_D1_127-bebop_004,0.896,0.7967310547996195,7.587728023529053,-0.007741015603445831,0.556714296292839,0.000537593849003315,-0.6684080064296721,0.6776093542575835,0.01907502427181046,7.777607440948486,0.0005866324632646032,0.08614716090253215,-0.0028442852199077606,-0.10794105902314186,0.11374237909913062,0.015609508545015674,8.814948081970215,-0.00034936550746392047,0.05528777184168009,-0.0022872587433084846,-0.06994994208216666,0.074219162017107,0.04468621884699691,9.679289817810059,-0.0010039124956228048,0.06625040063811001,6.029545693309046e-05,-0.0836766704916954,0.08249879404902458,0.07211367375327533,10.684761047363281,-4.920688585490331e-05,0.05957558838830273,-0.0011532020289450884,-0.07472865134477616,0.0751920610666275,0.0517845197832822,11.672103881835938,-0.00015100012297240498,0.03571516242400995,-0.0006136203883215785,-0.045162949711084366,0.044461268931627274
F:\Seminario\Seminario-Clustering\datasets\davi\Al Emadi (2019)\Multiclass_Drone_Audio\unknown\5-234263-A-254.wav,Multiclass_Drone_Audio\unknown\5-234263-A-254.wav,al_emadi,5-234263-A-254,0.95975,0.0,-0.0,0.0,0.0,0.0,0.0,0.0,0.0,-0.0,0.0,0.0,0.0,0.0,0.0,0.0,-0.0,0.0,0.0,0.0,0.0,0.0,0.0,-0.0,0.0,0.0,0.0,0.0,0.0,0.0,-0.0,0.0,0.0,0.0,0.0,0.0,0.0,-0.0,0.0,0.0,0.0,0.0,0.0
F:\Seminario\Seminario-Clustering\datasets\davi\Al Emadi (2019)\Multiclass_Drone_Audio\unknown\5-161270-B-330.wav,Multiclass_Drone_Audio\unknown\5-161270-B-330.wav,al_emadi,5-161270-B-330,1.0216875,0.41448995770934516,7.929980278015137,-0.011623107100435221,0.1637542373866175,-0.005433171987533569,-0.22999928891658783,0.18966099023818975,0.2741611636532256,7.937668323516846,0.0009157645997521062,0.1335117619001081,0.0014429606962949038,-0.1712235003709793,0.16353276669979094,0.07882427968816433,8.77285385131836,0.0021604008696384904,0.050723819129921965,0.0023905307753011584,-0.05713957622647285,0.06278060749173167,0.09813242620013791,8.777122497558594,0.0006249429492125122,0.040119421378581814,-0.00014895782805979252,-0.03905250430107116,0.03969372808933258,0.11217304913739998,9.41493034362793,0.00024992785377560565,0.03035524815840537,-0.0002997432602569461,-0.024468767270445817,0.024589649587869647,0.022219123611726996,10.98708724975586,5.787704200677267e-06,0.009557370569678853,-6.76676572766155e-05,-0.009425574541091919,0.009467598050832762
F:\Seminario\Seminario-Clustering\datasets\davi\Al Emadi (2019)\Multiclass_Drone_Audio\unknown\4-194981-A-254.wav,Multiclass_Drone_Audio\unknown\4-194981-A-254.wav,al_emadi,4-194981-A-254,0.95975,0.2523720291108132,5.948998928070068,0.000689907929952996,0.1066989842627722,0.0010204154532402754,-0.07231821864843369,0.07904479280114174,0.532990290709302,4.035885810852051,0.0024973253322385083,0.15504296705645806,0.002015925187151879,-0.04122431389987469,0.05078761838376522,0.1527334117134943,5.657188892364502,0.0005126910427202677,0.05887472643945403,9.675055116531439e-05,-0.030602015554904938,0.03241458535194397,0.04636160033789884,7.663717269897461,-0.000562955718436475,0.022972082563104006,-0.0005608280771411955,-0.01683138906955719,0.016561881452798844,0.012441106368656094,9.442527770996094,1.8257745534325933e-05,0.008423715130596912,3.3353446269757114e-05,-0.007191861514002085,0.007215470494702461,0.00310156175983554,10.683568954467773,1.9540390117102287e-06,0.0029754190300840264,5.221314495429397e-06,-0.00288893049582839,0.0028632867615669966
F:\Seminario\Seminario-Clustering\datasets\davi\Al Emadi (2019)\Multiclass_Drone_Audio\unknown\5-209698-A-380.wav,Multiclass_Drone_Audio\unknown\5-209698-A-380.wav,al_emadi,5-209698-A-380,1.0216875,0.007540525040038754,6.229278087615967,-0.0001719269701784091,0.002517833432139315,-3.346135781612247e-05,-0.002469858573749661,0.002313603460788729,0.005035315876135659,7.631618499755859,1.4150685578554498e-05,0.0020622413369423384,5.5979795433813706e-05,-0.0024754554498940705,0.0024964219424873594,0.00859166001092949,8.62017822265625,-4.065075113063634e-05,0.0019099643609352273,-3.7250802051858045e-05,-0.0023112165508791804,0.0022391208680346613,0.013931353427320145,9.00438404083252,-9.925176289510043e-06,0.0017230587902422405,3.154680598527193e-05,-0.0018251692876219748,0.0017873852513730526,0.6705440986758557,6.885228157043457,0.00031414537187568644,0.008453329545046628,3.908852340828162e-05,-0.003023076383396983,0.00349524561315775,0.29435704696972026,7.847291469573975,-4.174753392613321e-05,0.0039645852466598085,-5.835413503518794e-07,-0.0019484768388792872,0.0018996664090082053
F:\Seminario\Seminario-Clustering\datasets\davi\Al Emadi (2019)\Multiclass_Drone_Audio\bebop_1\mixed_33-bebop_002_.wav,Multiclass_Drone_Audio\bebop_1\mixed_33-bebop_002_.wav,al_emadi,mixed_33-bebop_002,1.024,0.10190316006804069,7.562494277954102,0.0036609194108418058,0.148265363249894,0.0009354893118143082,-0.1687113344669342,0.17402157038450242,0.27847659922667145,8.111761093139648,-0.002433114596795377,0.24516090647758093,0.00016076071187853813,-0.3228030949831009,0.3248533993959427,0.12339005881060901,8.984938621520996,0.005290914434759914,0.11561396516675158,0.01028127083554864,-0.13965272903442383,0.14981854110956194,0.12710889723608765,9.985092163085938,0.002040713232719155,0.08315725297099254,0.0019069332047365606,-0.10303474813699721,0.10805112123489383,0.19269281816488984,10.942232131958008,-0.001154978982205211,0.07247293331836965,-0.0011417265050113201,-0.09505604207515717,0.0906282439827919,0.1764284664937014,11.942968368530273,-0.00019641865940214504,0.04906247996168758,-0.00043459449079819024,-0.06339256167411804,0.06327068507671357
F:\Seminario\Seminario-Clustering\datasets\davi\Al Emadi (2019)\Multiclass_Drone_Audio\unknown\1-72229-A-64.wav,Multiclass_Drone_Audio\unknown\1-72229-A-64.wav,al_emadi,1-72229-A-64,0.95975,0.00831249330666147,5.867584228515625,0.0008148760814483205,0.023828008425205834,-0.0001715817634249106,-0.02274373359978199,0.023960907012224197,0.08303234023493541,7.832230567932129,-0.0003085440704825985,0.07535219229929001,-0.0014971322380006313,-0.10287315770983696,0.10300217568874359,0.2922272236967044,8.525269508361816,0.0005459136626323807,0.10026730709278772,-0.0015363451675511897,-0.11658167839050293,0.12087859585881233,0.5427342279842491,9.359427452087402,0.0003913981721104522,0.09679851734189013,-0.0007910402491688728,-0.1131997749209404,0.11191783547401435,0.06631299602379133,10.492334365844727,4.457170788224936e-05,0.023944230655939227,8.89875809662044e-05,-0.028273747861385343,0.028510111942887308,0.007380718753658339,11.67292308807373,-2.578168950774333e-06,0.005651118596429742,1.7734389984980226e-05,-0.007007449399679899,0.006973408628255129
F:\Seminario\Seminario-Clustering\datasets\davi\Al Emadi (2019)\Multiclass_Drone_Audio\unknown\5-156698-A-184.wav,Multiclass_Drone_Audio\unknown\5-156698-A-184.wav,al_emadi,5-156698-A-184,0.95975,0.02963685387189611,5.160221099853516,-0.0010285779008346728,0.03393000968800414,-0.0006484788609668612,-0.018266204744577408,0.015763581730425358,0.40674814623301736,6.213483810424805,0.003034783967285812,0.1257198014142706,-0.001977597246877849,-0.08905476704239845,0.09526987373828888,0.3352470149779989,7.6172566413879395,-0.0001139303059358146,0.08098022442470774,0.001155233767349273,-0.07261223718523979,0.07015321031212807,0.1076100177474751,9.31368350982666,-0.000205330111161207,0.03250033631164086,-0.00018916104454547167,-0.036732576042413714,0.036536223441362405,0.05948440530792322,10.234224319458008,0.00039584933167397397,0.017095390031043368,0.0004160423413850367,-0.017912490479648113,0.0193076189607382,0.06127356186168931,10.017251968383789,-3.320317874734828e-05,0.012277547030080655,-0.00014605092292185873,-0.011446189135313034,0.011555332690477371
F:\Seminario\Seminario-Clustering\datasets\davi\Al Emadi (2019)\Multiclass_Drone_Audio\unknown\1-49409-B-80.wav,Multiclass_Drone_Audio\unknown\1-49409-B-80.wav,al_emadi,1-49409-B-80,1.0216875,0.29631593153902847,7.876821517944336,-0.0010141270389200352,0.0811064576670949,-0.004827798344194889,-0.09455375075340271,0.09942440092563636,0.28979873635763836,7.88374662399292,-0.0010504073454823699,0.08020896194360255,0.00036408210871741176,-0.10304967612028122,0.10281733572483064,0.09714510322199695,9.008197784423828,0.0012618657960195765,0.03291183475678215,0.0005904381978325546,-0.03850521147251129,0.04266771562397481,0.15954617693596257,9.78437614440918,0.001533988104005413,0.029857741914544253,0.0010332970414310694,-0.035683596134185785,0.0380690336227417,0.1478542327839774,10.872549057006836,-4.467851115077259e-05,0.020365973630877655,-0.0003342895215610042,-0.025897380895912647,0.025874303840100765,0.009339819161396192,11.744073867797852,4.863380045811989e-06,0.0036210038764888305,-4.006085509900004e-05,-0.004338094871491193,0.0044210403226316
F:\Seminario\Seminario-Clustering\datasets\davi\Al Emadi (2019)\Multiclass_Drone_Audio\unknown\silence271.wav,Multiclass_Drone_Audio\unknown\silence271.wav,al_emadi,silence271,1.1145625,0.0,-0.0,0.0,0.0,0.0,0.0,0.0,0.0,-0.0,0.0,0.0,0.0,0.0,0.0,0.0,-0.0,0.0,0.0,0.0,0.0,0.0,0.0,-0.0,0.0,0.0,0.0,0.0,0.0,0.0,-0.0,0.0,0.0,0.0,0.0,0.0,0.0,-0.0,0.0,0.0,0.0,0.0,0.0
F:\Seminario\Seminario-Clustering\datasets\davi\Al Emadi (2019)\Multiclass_Drone_Audio\unknown\2-184077-A-490.wav,Multiclass_Drone_Audio\unknown\2-184077-A-490.wav,al_emadi,2-184077-A-490,1.0216875,0.361994262179965,7.82804012298584,0.0005055278656973613,0.054377794828191744,0.000395200215280056,-0.06365047991275788,0.06861068457365037,0.09713856901502525,6.897060394287109,0.0001541005227300118,0.028169482140961696,0.000792945793364197,-0.031045056506991384,0.025327911227941514,0.2647326020779094,7.1945085525512695,0.00016949373206910987,0.0329789026906077,-0.0003631662839325145,-0.026369687356054782,0.024059592559933677,0.15701614503596134,8.14712142944336,0.00011773542475855905,0.017989814010576626,0.00024116001441143453,-0.014953647553920745,0.014752128720283513,0.07412231394223685,9.221861839294434,-4.683435975494811e-05,0.008746519013799211,-6.514450069516897e-05,-0.008392741438001394,0.0084289075806737,0.04499610774890217,10.499886512756348,4.091167911818675e-06,0.004820866689016392,-1.6544472600799054e-05,-0.004630874469876289,0.004825808014720681
F:\Seminario\Seminario-Clustering\datasets\davi\Al Emadi (2019)\Multiclass_Drone_Audio\bebop_1\B_S2_D1_109-bebop_004_.wav,Multiclass_Drone_Audio\bebop_1\B_S2_D1_109-bebop_004_.wav,al_emadi,B_S2_D1_109-bebop_004,0.896,0.02374764597745636,7.734961032867432,0.0012838148475021519,0.047406191341938596,0.0005188114009797573,-0.05862898379564285,0.06391778215765953,0.11009430163862477,7.8466691970825195,0.0004476508285156923,0.10210857929335093,0.006539525231346488,-0.13541463613510132,0.13093101084232328,0.07952320718697217,8.774635314941406,0.0010159977405146694,0.06155969077224173,0.0023732915287837386,-0.07959831058979035,0.07753011733293533,0.18750552959246022,9.736001968383789,0.0015329592574729136,0.06694378246017411,0.0029652134981006384,-0.08402307108044624,0.08568650186061857,0.32691451355276463,10.745516777038574,-0.0023290128204123983,0.06253761306396496,-0.0015485939802601933,-0.081829471886158,0.07584868073463441,0.2722148020517219,11.768890380859375,3.188177176631291e-05,0.04039966413169054,-0.0003670802107080817,-0.05141245201230049,0.051962144672870636
F:\Seminario\Seminario-Clustering\datasets\davi\Al Emadi (2019)\Multiclass_Drone_Audio\unknown\3-146873-A-241.wav,Multiclass_Drone_Audio\unknown\3-146873-A-241.wav,al_emadi,3-146873-A-241,1.0216875,0.5619227101827658,4.3861870765686035,0.008127480381996167,0.09919218386407193,0.0,-0.021980806067585942,0.0236699998378754,0.26275600616607325,4.948966979980469,-0.0005588715038252938,0.0680540260276167,0.0,-0.03158677965402603,0.014567608386278264,0.11364806382042796,6.2678141593933105,0.0004725844125064428,0.031737575372997325,0.0,-0.007396237691864371,0.00856280410662303,0.05019546878521288,7.206727981567383,-9.38133185134018e-06,0.014941651927530924,0.0,-0.004496848583221435,0.0033603373914957053,0.008080914529360337,8.16739559173584,-1.8461697153289997e-05,0.004242245029567305,0.0,-0.0010665623703971505,0.0009172921185381759,0.0033968365161597485,8.981315612792969,-3.0714448388497816e-07,0.00194570831372984,0.0,-0.0002925422159023583,0.00025506042875349716
F:\Seminario\Seminario-Clustering\datasets\davi\Al Emadi (2019)\Multiclass_Drone_Audio\unknown\3-166125-B-232.wav,Multiclass_Drone_Audio\unknown\3-166125-B-232.wav,al_emadi,3-166125-B-232,0.97525,0.3571171919786015,7.875951766967773,-0.00010033337418172016,0.0011874104785810195,-0.00012461699225241318,-0.001615339086856693,0.001440355717204511,0.12596110409908942,7.875241279602051,-3.462888842547657e-06,0.0007077068468046362,-8.074398806456884e-06,-0.0009295106807257979,0.0008803498989436774,0.10533868795730698,8.615354537963867,-1.847997397157278e-05,0.0004588930013460241,-2.852346733561717e-05,-0.0005655554123222828,0.0005597849958576262,0.15511747997961087,8.059545516967773,1.6651442660312288e-06,0.0003946807238393258,-1.1361066754034255e-06,-0.000413180619943887,0.0003948525554733351,0.11968677734441645,10.335063934326172,1.4730371205335351e-07,0.0002453356935222998,-9.005076435641968e-07,-0.00028345010650809854,0.00028682521951850504,0.13677875864097483,11.221675872802734,-4.032815213769393e-07,0.00018553494079676263,2.689511802600464e-06,-0.00021704084938392043,0.00021579464955721056
F:\Seminario\Seminario-Clustering\datasets\davi\Al Emadi (2019)\Multiclass_Drone_Audio\unknown\5-192191-A-193.wav,Multiclass_Drone_Audio\unknown\5-192191-A-193.wav,al_emadi,5-192191-A-193,1.0216875,0.843631476186393,7.581152439117432,0.0033958017953529206,0.3079803923065253,0.009844854474067688,-0.3445453941822052,0.3531586527824403,0.1031935891390579,7.638510704040527,0.001471160183484149,0.10771071227629347,-0.0029667408671230078,-0.11785161197185516,0.129741707444191,0.04767727187898939,8.69251537322998,-0.0018926844510303246,0.05189061145110229,-0.0021559668239206076,-0.06644917801022529,0.05835908092558385,0.004924491506454204,9.831297874450684,-6.425122356794076e-05,0.011820113502368708,7.277482654899359e-05,-0.014540105313062667,0.014314427226781846,0.00034735135827000945,10.882509231567383,-1.3489622958482142e-06,0.002221441924005557,8.88852355274139e-06,-0.002774406364187598,0.0027711492497473956,0.00022581993083546398,11.863466262817383,-9.766963433905333e-07,0.0012670750538293528,4.378496669232845e-06,-0.0016039221547544003,0.001584566826932133
F:\Seminario\Seminario-Clustering\datasets\davi\Al Emadi (2019)\Multiclass_Drone_Audio\unknown\1-181071-A-400.wav,Multiclass_Drone_Audio\unknown\1-181071-A-400.wav,al_emadi,1-181071-A-400,1.0216875,0.17692795674949918,7.905828952789307,-0.0033308451453032874,0.209018331021278,-0.0035480763763189316,-0.26098947525024413,0.25853275656700136,0.5665065548594131,7.443568229675293,-0.019402207760995965,0.3735585996081866,-0.016228782013058662,-0.4453100502490997,0.40673155784606974,0.19598924531176745,8.41001033782959,0.0037020209561279206,0.15598535850545595,0.008770143613219261,-0.1757723182439804,0.1770320072770119,0.047550867117691666,9.129934310913086,-0.0006597487667894271,0.05443307752125492,-0.0006034059333615005,-0.05918863490223884,0.059110070765018466,0.011629173246105486,9.875381469726562,-2.6600781695391274e-05,0.019049901825806466,-0.00018622423522174358,-0.01832560244947672,0.018295415863394743,0.0013962027155230681,10.872835159301758,5.69467541873143e-07,0.004669429048586436,-1.8322898540645838e-05,-0.004563155211508274,0.004645301029086115
F:\Seminario\Seminario-Clustering\datasets\davi\Al Emadi (2019)\Multiclass_Drone_Audio\unknown\4-165933-A-453.wav,Multiclass_Drone_Audio\unknown\4-165933-A-453.wav,al_emadi,4-165933-A-453,1.0216875,0.79044147308261,6.3021159172058105,0.0008177174907357827,0.732664986632408,0.021947652101516724,-0.5591158270835876,0.5377327799797058,0.13007706029044286,7.103224754333496,0.002817599545548196,0.2972019728132465,0.006011368706822395,-0.3166723668575287,0.3142783164978028,0.06263874459134179,8.857198715209961,-0.0013921690881904577,0.14625859363984897,-0.0020716700819320977,-0.18341764360666274,0.17410145550966266,0.013174051170510851,9.7573881149292,0.00024091502582370734,0.04751155377370539,0.00041835580486804247,-0.05890154838562012,0.05574593842029572,0.003086223756120545,10.729283332824707,-0.00014808138036810078,0.016272115970253125,-0.000355197029421106,-0.020129124447703362,0.019782257825136186,0.000582447108973942,11.506369590759277,-3.343359716107605e-06,0.005000889525075225,-4.6112341806292534e-05,-0.005777134746313095,0.0057499935850501074
F:\Seminario\Seminario-Clustering\datasets\davi\Al Emadi (2019)\Multiclass_Drone_Audio\unknown\1-46272-A-123.wav,Multiclass_Drone_Audio\unknown\1-46272-A-123.wav,al_emadi,1-46272-A-123,1.0216875,0.8943098040786899,7.674168586730957,-0.002080266009043448,0.3508184697619865,-0.010018985718488693,-0.4128526508808136,0.39014974832534816,0.03794372116615804,7.440709114074707,0.0005117251670142956,0.07226120042803648,0.001480788690969348,-0.07890611737966537,0.08398680090904237,0.004940162906356838,8.323877334594727,-0.0006274385840368389,0.018480567579725583,-0.000765507051255554,-0.02166563495993614,0.020262322574853907,0.004316899311901502,8.508318901062012,0.0006352715349928674,0.012227029022745067,0.0006189817213453352,-0.010626629181206226,0.012180879339575769,0.02495790361772326,8.628904342651367,-0.00016460602750111475,0.02083118886615752,1.827738742576912e-05,-0.017717149667441843,0.016877041757106782,0.033531508919170505,10.488430976867676,-3.995440435773188e-05,0.01708125338411797,1.1661846656352282e-05,-0.015718191862106323,0.01579264253377915
F:\Seminario\Seminario-Clustering\datasets\davi\Al Emadi (2019)\Multiclass_Drone_Audio\unknown\5-256452-A-51.wav,Multiclass_Drone_Audio\unknown\5-256452-A-51.wav,al_emadi,5-256452-A-51,1.0216875,0.7853975513002928,5.153573036193848,0.00011244624033415552,0.007426628734944909,0.0,0.0,0.0,0.12141179747856849,4.435632705688477,-6.585688315545396e-06,0.0029202904551364627,0.0,0.0,0.0,0.05123907404627354,5.6057024002075195,5.760450289285242e-06,0.0013453711120714345,0.0,0.0,0.0,0.029061821431921455,6.495078086853027,-4.036245088364771e-06,0.000717671244338169,0.0,0.0,0.0,0.00929569751511083,7.704648017883301,7.989116064943398e-07,0.0002872192034802678,0.0,0.0,0.0,0.003594058227832914,8.70907974243164,2.145273334768776e-08,0.00012633903208129083,0.0,0.0,0.0
F:\Seminario\Seminario-Clustering\datasets\davi\Al Emadi (2019)\Multiclass_Drone_Audio\unknown\5-172639-A-50.wav,Multiclass_Drone_Audio\unknown\5-172639-A-50.wav,al_emadi,5-172639-A-50,1.0216875,0.019948913062750644,5.928710460662842,-0.005537375352634813,0.11313518618439906,-0.00015696155605837703,-0.092708258330822,0.09006473720073713,0.020563334603767688,7.164819717407227,-0.007357318620049537,0.1147661510754014,-7.432999700540677e-05,-0.1745216369628906,0.14691824913024903,0.11486226756797581,7.969973564147949,-0.002002130936244032,0.1927398925485769,-5.289836917654611e-05,-0.2125930368900299,0.2364869371056564,0.3711235286956508,8.74103832244873,-0.0019210333051959815,0.24540187681924186,-1.8318169168196619e-06,-0.2796206295490265,0.2576238334178925,0.42586830272102416,9.114773750305176,0.0005508060916386866,0.18602481285808978,7.255289347085636e-07,-0.1484622076153755,0.1434742122888565,0.047633653348830865,9.63245964050293,-1.97537849286555e-05,0.04401116088913295,2.6268662622896954e-07,-0.02539868913590908,0.028149529919028308
F:\Seminario\Seminario-Clustering\datasets\davi\Al Emadi (2019)\Multiclass_Drone_Audio\unknown\5-261439-A-153.wav,Multiclass_Drone_Audio\unknown\5-261439-A-153.wav,al_emadi,5-261439-A-153,1.0216875,0.9477022483813261,7.9640398025512695,0.001739102165571394,0.09513147664923982,0.004441446159034967,-0.12176368981599808,0.12247973680496219,0.025345655984533182,7.910599708557129,0.0005125786319448895,0.015551662602463403,0.0013211163459345698,-0.01930295191705227,0.019852110743522645,0.015092878983296263,8.955039978027344,-4.23983010301024e-06,0.00851521354200953,0.00013774874969385564,-0.01079717492684722,0.010670725256204609,0.008774749379710374,9.86410140991211,6.830408165114932e-05,0.004598377017404641,-1.9572325982153416e-05,-0.0057172467932105064,0.005857710819691419,0.002065178388445571,10.335884094238281,5.633050634765958e-06,0.0015787534348384814,1.40912743518129e-06,-0.0017821110435761512,0.001819395762868226,0.001019288882688455,11.802867889404297,-3.2474587517287967e-06,0.0007846103270525768,-4.2826650314964354e-07,-0.000960877607576549,0.0009694327949546284
F:\Seminario\Seminario-Clustering\datasets\davi\Al Emadi (2019)\Multiclass_Drone_Audio\unknown\4-152958-A-183.wav,Multiclass_Drone_Audio\unknown\4-152958-A-183.wav,al_emadi,4-152958-A-183,1.0216875,0.7810460680155515,6.968662261962891,-0.004197876929753391,0.022865137233174387,0.0,-0.032155413180589676,0.01919033341109755,0.02525925243352148,6.945662498474121,9.46298581873462e-05,0.004179583606188812,0.0,-0.005290949251502752,0.0048857774585485455,0.05548952644992024,8.034809112548828,6.318473308685771e-05,0.004393831323398622,0.0,-0.005040050111711025,0.005413916101679207,0.044132122249206644,8.91226577758789,2.558411422866565e-06,0.002775783419760756,0.0,-0.0032761503010988236,0.003226748062297703,0.061125061520047264,9.82579231262207,2.940674559871228e-05,0.00231145813514087,0.0,-0.0026217521866783496,0.00271146409213543,0.03294796933175284,10.770149230957031,-1.0430830707203075e-06,0.0012005949272387681,0.0,-0.0013344750739634037,0.001325719989836216
F:\Seminario\Seminario-Clustering\datasets\davi\Al Emadi (2019)\Multiclass_Drone_Audio\unknown\5-194930-B-13.wav,Multiclass_Drone_Audio\unknown\5-194930-B-13.wav,al_emadi,5-194930-B-13,1.0216875,0.7167913571630388,7.81511926651001,-0.00020574741704294656,0.0025829968128145446,9.179115295410156e-06,-0.003351736394688487,0.002886874042451382,0.1206568192427337,7.958560943603516,-6.803134893467654e-06,0.0010630849052308386,-9.01744806469651e-06,-0.0013144280295819045,0.0013800190994516018,0.07335143580063176,8.913774490356445,4.483422978395934e-06,0.0005878158583609468,5.538509412872372e-06,-0.0007495545607525856,0.0007441234309226274,0.03568876351120877,9.803556442260742,5.512732801886024e-07,0.0002904291198863244,3.748001290659886e-06,-0.0003688436292577535,0.00035439637722447517,0.033362889579849446,10.375497817993164,4.3253623211538386e-07,0.0001987051704122091,-1.7982669078264735e-06,-0.00021498748974408955,0.00022660718532279135,0.020148734702537505,10.913220405578613,2.6492316343217506e-07,0.00010923750673280888,1.31849617446278e-07,-0.00010554176842560991,0.00010660654370440172
F:\Seminario\Seminario-Clustering\datasets\davi\Al Emadi (2019)\Multiclass_Drone_Audio\unknown\1-54084-A-423.wav,Multiclass_Drone_Audio\unknown\1-54084-A-423.wav,al_emadi,1-54084-A-423,1.0216875,0.019661533597905324,4.93721866607666,-0.00270251932236901,0.08423306627022399,-0.0012295730412006378,-0.062390653789043425,0.06095718964934358,0.19459679120611487,8.429011344909668,-0.0017684879453809539,0.2651279580006061,-0.013108215294778347,-0.3473578929901123,0.3451620399951936,0.7085407575368653,9.207795143127441,-0.00022386578328414649,0.3587801394363549,0.010814796201884747,-0.5199617385864258,0.5156648278236389,0.07301169129992466,9.870065689086914,-3.76808449264394e-05,0.0815770110576597,-0.007057271432131529,-0.09983967542648316,0.11556847244501121,0.004099958590588158,11.004986763000488,-4.8942341978360375e-06,0.013679320093113812,-0.0005001651879865676,-0.0176193255931139,0.016198196448385715,8.926776860168041e-05,11.893454551696777,8.049181913952444e-07,0.0014278838242488582,-0.00020675885025411844,-0.001652793656103313,0.0020267550833523275
F:\Seminario\Seminario-Clustering\datasets\davi\Al Emadi (2019)\Multiclass_Drone_Audio\unknown\exercise_bike009.wav,Multiclass_Drone_Audio\unknown\exercise_bike009.wav,al_emadi,exercise,4.992,0.4373472117878429,8.951770782470703,0.00025131061251984716,0.10247353538063929,0.0009422189323231578,-0.09105290547013282,0.09448116347193723,0.05519469662130739,9.765121459960938,-0.00035578257275941066,0.036402211336731244,-0.0007674049120396376,-0.04349769838154316,0.04283522665500642,0.05967024134353226,11.159937858581543,-0.0006133727608043648,0.026773819921503635,-0.0005150659417267889,-0.0345482874661684,0.03376505039632321,0.0966493314837187,12.196463584899902,2.849361171520122e-05,0.024107928245489043,-0.00020812177535844967,-0.03056784030050039,0.0307411814108491,0.11468435217329734,13.004648208618164,6.77123298644257e-05,0.018572529607580667,8.946401067078114e-05,-0.022816132009029388,0.022714386135339736,0.2364541665903014,13.970967292785645,-6.176258484975807e-05,0.018858886861528226,-4.647055538953282e-05,-0.022835705429315567,0.02275133058428765
F:\Seminario\Seminario-Clustering\datasets\davi\Al Emadi (2019)\Multiclass_Drone_Audio\unknown\3-145719-A-170.wav,Multiclass_Drone_Audio\unknown\3-145719-A-170.wav,al_emadi,3-145719-A-170,1.0216875,0.4518785091496346,6.252679347991943,-0.00022736327915530782,0.0020496564764197304,-9.820024570217356e-05,-0.002010103827342391,0.001767921424470842,0.035812008266328806,7.6522746086120605,1.604947710116583e-05,0.0005803289725323963,-1.3583223335444927e-05,-0.0006987698492594063,0.000716984842438251,0.033864176146931886,7.815553665161133,5.8282279145544845e-06,0.0004003122260262126,-7.000139476076583e-06,-0.00040959219913929703,0.0004085521330125633,0.03139573799776972,7.572384357452393,8.335319955355015e-06,0.00027291857523432993,-2.103930455632508e-06,-0.00019705145678017288,0.00021129256638232618,0.07323409609560132,7.453153610229492,-1.1981147030247865e-05,0.00029485042934774343,-2.484775109223847e-06,-0.0001546875777421519,0.00014275326539063828,0.3738154723437337,5.793466567993164,-2.0547583413233842e-06,0.00047162707789672983,-3.91423782275524e-07,-9.485933987889439e-05,9.553310228511698e-05
F:\Seminario\Seminario-Clustering\datasets\davi\Al Emadi (2019)\Multiclass_Drone_Audio\unknown\4-99193-A-43.wav,Multiclass_Drone_Audio\unknown\4-99193-A-43.wav,al_emadi,4-99193-A-43,1.0216875,0.004255226567048958,7.493020057678223,0.0015621572445602492,0.03388327251937507,0.0023362860083580017,-0.037072008848190306,0.03839799538254741,0.03811357445994779,7.513286590576172,-0.0016841485333490246,0.10149979133895344,-0.00552112003788352,-0.11468563973903656,0.11858717203140264,0.07193692923369392,8.325008392333984,0.0006744592539710853,0.09890076354168757,-0.00032781575282569975,-0.11407630369067191,0.10909382775425913,0.5921725201418881,8.527482986450195,-0.0004020697019944034,0.20099378966135276,0.000498363864608109,-0.20318196415901182,0.1963533937931061,0.2864769702921449,9.692804336547852,0.0003266892786357987,0.09892476768600135,-0.00022775970865041018,-0.09590017274022102,0.09891996979713447,0.007044779305276224,10.608841896057129,-3.826507717011811e-06,0.01097405243440719,-1.8393751815892756e-05,-0.010317977517843246,0.010466689616441736
F:\Seminario\Seminario-Clustering\datasets\davi\Al Emadi (2019)\Multiclass_Drone_Audio\unknown\1-19898-C-411.wav,Multiclass_Drone_Audio\unknown\1-19898-C-411.wav,al_emadi,1-19898-C-411,1.0216875,0.17331903976741347,6.991719722747803,-0.002832139321608285,0.30599441854659826,0.007281279191374779,-0.40814411640167236,0.36251219511032107,0.2874843327395253,7.060173034667969,0.0011642199959668981,0.3941070400207479,0.006306785158813,-0.4957063734531402,0.40462279319763217,0.15132379811192376,8.13442611694336,-0.000958737079759064,0.2027712885127267,-0.0004276186227798462,-0.21052228510379792,0.22354200035333635,0.1632882237641343,9.166282653808594,1.3358220102364564e-05,0.1491972223948746,0.0007582939579151571,-0.1677647888660431,0.16487543582916261,0.11995654844456956,9.897727966308594,0.00018217698530045381,0.09048936689624724,-0.00019081399659626186,-0.0935821570456028,0.09327337220311166,0.10462805717243366,10.567300796508789,-0.00011690755799463326,0.059783385685636244,-0.0001064489915734157,-0.055640698224306104,0.05387888252735141
F:\Seminario\Seminario-Clustering\datasets\davi\Al Emadi (2019)\Multiclass_Drone_Audio\unknown\5-181977-A-354.wav,Multiclass_Drone_Audio\unknown\5-181977-A-354.wav,al_emadi,5-181977-A-354,0.95975,0.13355008920711037,6.993852615356445,0.001110738461909992,0.09934378558297845,-0.0011235002893954515,-0.10017972812056541,0.09772048890590668,0.33481557450260213,7.508577823638916,-0.029955621727923345,0.15442866615571793,-0.011680949945002794,-0.23800190538167953,0.1407339870929718,0.2690560988824689,8.33051872253418,0.006453327965272126,0.09981388105061055,0.003444855799898505,-0.10907163098454475,0.12301074713468552,0.16807016852732126,9.32117748260498,0.0010273585610950438,0.05599132511519979,0.0005588221829384565,-0.061736316233873365,0.06403855830430985,0.06939282197592193,9.652726173400879,0.00022994807314735018,0.025463129278952897,-0.00010466021922184154,-0.02644105702638626,0.026179912313818932,0.025115246904575415,10.349082946777344,-5.093793382938586e-06,0.01083736451343762,-6.55457261018455e-05,-0.010867392644286156,0.011276394128799438
F:\Seminario\Seminario-Clustering\datasets\davi\Al Emadi (2019)\Multiclass_Drone_Audio\unknown\1-26222-A-102.wav,Multiclass_Drone_Audio\unknown\1-26222-A-102.wav,al_emadi,1-26222-A-102,0.97525,0.26061647464163606,7.863598823547363,0.002240866570882424,0.14418321282025734,0.004593339748680592,-0.18234925270080565,0.1766192525625229,0.07728996493805224,7.934040069580078,-0.0002793657317428745,0.07852809278345664,-0.0006102662591729313,-0.0972418136894703,0.09423727244138716,0.10166263882574111,8.874332427978516,-0.0012262888393596491,0.06389927190671463,-0.001608399790711701,-0.08479565382003784,0.07726914435625076,0.1451741605574392,9.741315841674805,0.0007147080820755641,0.0540819076081833,0.0013470614212565124,-0.06812191009521484,0.06781021878123283,0.17372286681683732,10.668364524841309,-0.00018577830148829816,0.041868538798864506,4.794044070877135e-05,-0.0516186710447073,0.05136603116989136,0.24153389422029406,11.661376953125,6.732261292076318e-05,0.03492460438820187,-0.0003117064479738474,-0.04249684140086174,0.04323635250329974
F:\Seminario\Seminario-Clustering\datasets\davi\Al Emadi (2019)\Multiclass_Drone_Audio\unknown\3-185456-A-290.wav,Multiclass_Drone_Audio\unknown\3-185456-A-290.wav,al_emadi,3-185456-A-290,1.0216875,0.284522787869872,6.3052520751953125,0.0008301886407220718,0.057858078492429785,0.00027972098905593157,-0.048821403086185454,0.0531735330820084,0.27245616616993046,4.4592766761779785,-0.0035150146608187312,0.056514525988425386,0.0003283242986071855,-0.02430552467703819,0.01773544251918799,0.25745002013519575,6.004132270812988,-0.00022455515276383815,0.03903356224884214,-0.00012315496860537678,-0.01671993900090456,0.01532349493354559,0.13503219359968788,7.437023639678955,-8.141557721382644e-05,0.020023478244625526,5.330640124157071e-05,-0.012364954501390456,0.01100669596344233,0.0431450970348737,8.024848937988281,1.9032922316773204e-05,0.008009255121788792,-9.932779448718065e-06,-0.004592531220987439,0.004731000354513527,0.007393735190440185,8.867172241210938,4.3258182464269026e-06,0.0023454687573367006,-1.7870261217467487e-06,-0.001262032240629196,0.001294703735038639
F:\Seminario\Seminario-Clustering\datasets\davi\Al Emadi (2019)\Multiclass_Drone_Audio\unknown\2-87795-A-243.wav,Multiclass_Drone_Audio\unknown\2-87795-A-243.wav,al_emadi,2-87795-A-243,1.0216875,0.09474320424609871,8.61245346069336,-0.0055242569498335885,0.0026767659624093144,-0.0055838716216385365,-0.008726907335221768,-0.0025712165515869847,0.10258805185550642,7.472184181213379,-0.0002365264150580471,0.006383314049775066,-5.302540375851095e-05,-0.007552956230938435,0.00704273106530309,0.2367811189940661,8.453154563903809,0.0001885543179669043,0.006879469280889575,0.0001551107270643115,-0.007537478860467672,0.007838217169046407,0.204278097260242,9.707599639892578,1.6924522542170062e-05,0.004527702965898183,9.089803643291816e-05,-0.0055329369381070135,0.005584713909775019,0.3278622131497426,10.824989318847656,6.923832789027807e-07,0.004058998567344299,0.00010305655086995102,-0.0051700330805033445,0.005071613565087319,0.033747314494344156,11.829985618591309,-1.5325653225247297e-07,0.000921220616321279,-1.0542535164859146e-06,-0.001133073423989117,0.0011655199807137254
F:\Seminario\Seminario-Clustering\datasets\davi\Al Emadi (2019)\Multiclass_Drone_Audio\unknown\2-110417-B-284.wav,Multiclass_Drone_Audio\unknown\2-110417-B-284.wav,al_emadi,2-110417-B-284,0.95975,0.8273919792765041,7.970956802368164,-1.2106976134452486e-05,0.001166596466860204,0.00015072351379785687,-0.0016869508544914424,0.0014453232870437205,0.07454280922940837,7.427676677703857,-7.073248560178257e-06,0.00035010849517858966,-1.2137417343183188e-05,-0.0003886503691319376,0.0003846079052891582,0.07760826886819493,7.279951572418213,-3.5503009008074587e-06,0.0002534132673588197,-1.8939317669719458e-06,-0.0002034643039223738,0.0001761677849572152,0.0122469303919131,8.775331497192383,-1.0615526704228827e-07,7.131884389920782e-05,-4.56606358056888e-07,-6.304878334049136e-05,6.303718982962894e-05,0.003203477889623335,10.834975242614746,-3.2026809613265094e-07,2.581025382001124e-05,-2.490050974301994e-07,-3.3447257374064064e-05,3.235224430682138e-05,0.0050065343443561235,11.844697952270508,1.2500386741800623e-07,2.2827572052503386e-05,-1.1622574902503402e-07,-2.884595414798241e-05,2.956962816824671e-05
F:\Seminario\Seminario-Clustering\datasets\davi\Al Emadi (2019)\Multiclass_Drone_Audio\unknown\5-254832-A-154.wav,Multiclass_Drone_Audio\unknown\5-254832-A-154.wav,al_emadi,5-254832-A-154,0.95975,0.21828528364753233,7.18596076965332,-0.0004314731421100489,0.009892847532163629,-0.0014040501555427909,-0.010933930985629559,0.009967198595404625,0.007169060647895425,7.543937683105469,7.381473359687016e-05,0.0017930201715831945,9.019735443871468e-05,-0.0021153856068849564,0.002168386126868427,0.02123505891963312,6.170691013336182,-9.076851636952144e-05,0.002188794413696121,-6.096582183090504e-06,-0.0013214898644946516,0.0010853552375920117,0.3527649583160533,6.723451614379883,-3.033613014519109e-06,0.0063250968015834755,-9.944713383447379e-06,-0.0016264057252556084,0.0018339533591642985,0.24023343563226754,7.2029595375061035,2.009207402106029e-05,0.0036936736480822313,5.591075932898093e-06,-0.0009903826983645558,0.0012036315514706117,0.16031220283661826,5.498016357421875,3.0040167209826345e-06,0.002134587157769185,3.524804014887195e-06,-0.0005055047222413123,0.000514316139742732
F:\Seminario\Seminario-Clustering\datasets\davi\Al Emadi (2019)\Multiclass_Drone_Audio\unknown\3-164688-A-383.wav,Multiclass_Drone_Audio\unknown\3-164688-A-383.wav,al_emadi,3-164688-A-383,1.0216875,0.0046047449131851985,7.411043167114258,-0.0032386273778824705,0.003864390967252464,-0.0030681085772812366,-0.006550608389079571,0.00016990961157717268,0.043607628995847546,3.5895674228668213,0.00026523915906971954,0.015513926508716063,-6.339148967526853e-06,-0.0010850421385839581,0.0004800709546543663,0.28148286562100416,5.452548503875732,0.00046273627233983606,0.027952406042704134,2.6126222110178787e-06,-0.002020521601662039,0.0010434927884489338,0.49019195565599816,5.87078332901001,-0.00035051808285969656,0.02612896911359217,-5.521014827536419e-07,-0.000479970686137676,0.00044014915474690586,0.1435530259388242,6.742915630340576,-5.1970234275758365e-05,0.010006490009214742,-1.4223559219317394e-07,-7.8664949251106e-05,9.177732063108127e-05,0.03655977887514074,7.549154281616211,-6.887815499134099e-06,0.0035723435232038387,1.7851834854809567e-07,-3.205186658306047e-05,3.293006884632632e-05
F:\Seminario\Seminario-Clustering\datasets\davi\Al Emadi (2019)\Multiclass_Drone_Audio\unknown\exercise_bike008.wav,Multiclass_Drone_Audio\unknown\exercise_bike008.wav,al_emadi,exercise,4.992,0.3829982821491445,8.826871871948242,-0.0001893676539406934,0.0885400039167415,-0.0010479746852070093,-0.07890549823641776,0.07965769693255427,0.06446272672584719,9.833248138427734,0.00019211705711336236,0.03632372746353478,-4.2750620195874944e-05,-0.04293389692902565,0.04410358518362046,0.06776925628722835,11.219348907470703,0.00036061530690752945,0.026348952752659104,0.00038864975795149803,-0.03372995853424072,0.03372504226863384,0.10284742792393307,12.198945045471191,0.0003811167498268103,0.022958310306332795,0.00018037777044810355,-0.028813095204532145,0.029655076004564764,0.12322178562931577,13.111261367797852,-0.00012045963424331537,0.017774521059235507,-0.00013970710278954357,-0.022275158017873765,0.02196963876485824,0.25870052128453114,13.91930866241455,0.0001016656771476014,0.018212899414541187,0.00010921987268375233,-0.021773664653301238,0.021855530515313158
F:\Seminario\Seminario-Clustering\datasets\davi\Al Emadi (2019)\Multiclass_Drone_Audio\unknown\4-163609-A-160.wav,Multiclass_Drone_Audio\unknown\4-163609-A-160.wav,al_emadi,4-163609-A-160,1.0216875,0.6010465530434076,7.81751012802124,0.0016694561780089912,0.36917309725825986,0.0060846637934446335,-0.4310820639133453,0.4698991596698762,0.3066110607185399,7.83111572265625,-0.009073561339367117,0.2635220969147065,-0.01624101586639881,-0.32492932081222536,0.34264444708824177,0.08275291432379481,8.91496467590332,0.0011087141688204197,0.09713875130084926,0.0009703621617518365,-0.11836722567677498,0.12454316839575773,0.008585967241755353,9.702383041381836,9.665547232286756e-05,0.02216384948119813,0.0002776404144242406,-0.027443639189004897,0.027236516028642657,0.0009378341614442585,10.695816040039062,1.768108531932126e-06,0.005183473579170275,-6.557794404216111e-05,-0.0062593326438218355,0.00636653625406325,6.56705110580678e-05,11.685626983642578,-6.991014737101169e-07,0.0009703173256955932,6.112997652962804e-06,-0.0011873345356434584,0.0011851056246086958
F:\Seminario\Seminario-Clustering\datasets\davi\Al Emadi (2019)\Multiclass_Drone_Audio\unknown\5-180156-B-434.wav,Multiclass_Drone_Audio\unknown\5-180156-B-434.wav,al_emadi,5-180156-B-434,0.95975,0.2545135122086536,8.052393913269043,0.0030055070159872494,0.5194188384744637,-0.015765804797410965,-0.6568323075771332,0.7036128342151642,0.05980304759484751,7.520615100860596,0.013688538576104513,0.25141341667789613,0.006645657122135162,-0.2730233073234558,0.31071971356868744,0.15384259009380868,8.363717079162598,0.011570427547725724,0.2862087041431535,0.0018814500072039664,-0.309422105550766,0.333023801445961,0.2362849400369008,9.232671737670898,-0.0033296336722862603,0.2514503501714591,0.0007284306921064854,-0.2764599144458771,0.2669271588325502,0.26190088319115395,10.31431770324707,0.0004713149358581172,0.1873540658247152,-0.0018806937150657177,-0.22436178922653197,0.22505715638399126,0.03365502687463548,11.32056999206543,-9.94219188854271e-06,0.04751205138769858,-0.0004236616368871182,-0.05644967406988144,0.05727912113070488
F:\Seminario\Seminario-Clustering\datasets\davi\Al Emadi (2019)\Multiclass_Drone_Audio\unknown\2-125875-A-130.wav,Multiclass_Drone_Audio\unknown\2-125875-A-130.wav,al_emadi,2-125875-A-130,1.0216875,0.01868762752730241,8.051790237426758,-0.00013658694577252725,0.010058292350539866,0.00019507750403136015,-0.012731106765568255,0.013110040314495565,0.09728760389884253,8.019590377807617,0.0006940327551882066,0.02294126278485421,-0.00011958979303017259,-0.02836143858730793,0.030647610127925884,0.16428683259712848,8.985958099365234,-0.00048218410972689606,0.02114581453657961,-0.00034041955950669944,-0.02859082408249378,0.027403420582413688,0.2232699241690226,9.961664199829102,3.222051467653318e-05,0.017465292834116585,0.0002521538990549743,-0.023178644850850104,0.02211703062057496,0.4251756474604616,10.889280319213867,-9.618456487147209e-05,0.017054616430195842,-0.0001884715529740788,-0.021454618126153947,0.020989839173853397,0.07129236434724234,11.892433166503906,-3.685668125074609e-07,0.004940341710385035,5.2917166613042355e-05,-0.006266942527145147,0.006272603757679467
F:\Seminario\Seminario-Clustering\datasets\davi\Al Emadi (2019)\Multiclass_Drone_Audio\unknown\3-93010-A-184.wav,Multiclass_Drone_Audio\unknown\3-93010-A-184.wav,al_emadi,3-93010-A-184,0.95975,0.1327523098514026,7.813225269317627,-0.02428298902893324,0.17192736034159037,-0.02608441933989525,-0.23805992305278778,0.1954561099410057,0.18135616782471914,7.747053146362305,0.006466786333536078,0.20284237992671217,0.006711254827678204,-0.23826216906309128,0.2582464814186096,0.2125666827491807,8.379935264587402,0.0017583169442322876,0.15583415391998306,-0.0020720536122098565,-0.1755046844482422,0.18434949219226837,0.17972451801773393,9.638067245483398,-0.0018877895091367015,0.10149495774401558,-0.00038459745701402426,-0.12758855223655702,0.12115672379732134,0.17837010645573612,10.683218002319336,-3.9864675473475964e-05,0.07156497649683072,-0.0008940657717175782,-0.08789836019277572,0.0899263180792332,0.11523021510122751,11.486572265625,0.0001324303595272896,0.04069145805524361,0.00020837580086663365,-0.04769502207636833,0.047752946615219116
F:\Seminario\Seminario-Clustering\datasets\davi\Al Emadi (2019)\Multiclass_Drone_Audio\unknown\1-62565-A-442.wav,Multiclass_Drone_Audio\unknown\1-62565-A-442.wav,al_emadi,1-62565-A-442,0.97525,0.9775846189457257,7.946882247924805,-0.01104178398033144,1.2010116799055688,-0.1347922533750534,-1.375698983669281,1.752110731601715,0.02014374942349708,7.57244873046875,3.874306105122513e-05,0.17240844490600782,-0.008176972158253193,-0.20398606956005094,0.20084123462438583,0.0016738888180669145,7.713798522949219,-0.0008458631068610973,0.03525784146079907,-0.001596023328602314,-0.03473464399576187,0.03153202682733536,0.000427077615789606,8.930776596069336,0.00011213146007152233,0.012615477443279129,-0.00014855759218335152,-0.013416499365121126,0.012751206755638123,0.00010263684454500527,10.83184814453125,9.436734927339762e-06,0.004376595205097764,4.4776301365345716e-05,-0.0055917780846357346,0.005490282084792852,6.802835237567202e-05,11.441400527954102,2.7938090385202423e-06,0.0025206360417857005,3.6176759749650955e-05,-0.0029356179293245077,0.0029337763320654645
F:\Seminario\Seminario-Clustering\datasets\davi\Al Emadi (2019)\Multiclass_Drone_Audio\unknown\2-135649-B-452.wav,Multiclass_Drone_Audio\unknown\2-135649-B-452.wav,al_emadi,2-135649-B-452,0.97525,0.5250400485052553,7.988760948181152,0.010756016086771904,1.1234095140761287,-0.02567514032125473,-1.378289806842804,1.5760692238807676,0.28121961982983656,7.917586803436279,-0.009817980662994991,0.822154892283308,-0.0019569305004552007,-1.0503899693489074,1.0631861448287963,0.1303553649963705,8.819812774658203,-0.006312300631893698,0.3971918859722727,-0.015903128311038017,-0.49568647146224976,0.4956711530685425,0.03535869830161804,9.858184814453125,0.00047897813298429054,0.14651654403765557,0.0018734679324552417,-0.1860554739832878,0.18530116230249405,0.018737848674767795,10.820090293884277,0.0004279454159522949,0.07547654830057515,-0.0009096864378079772,-0.09670088812708855,0.09778910502791405,0.009288419692151753,11.83132266998291,-0.0001239871129797675,0.03759303237859374,-0.0002476773224771023,-0.04717618077993392,0.04719285741448403
F:\Seminario\Seminario-Clustering\datasets\davi\Al Emadi (2019)\Multiclass_Drone_Audio\unknown\2-61311-A-122.wav,Multiclass_Drone_Audio\unknown\2-61311-A-122.wav,al_emadi,2-61311-A-122,0.97525,0.9172744196234959,7.9597883224487305,0.0006604577265755247,0.05621389976770771,0.002958752680569887,-0.0746336579322815,0.06966816931962966,0.058736618219191954,7.6922078132629395,-0.00011330648347299908,0.014225408652703088,0.0006251771119423211,-0.018611962161958213,0.016388303972780703,0.01313386311664771,8.810813903808594,-1.1060079855913919e-05,0.004773623020088247,5.526072345674038e-05,-0.006200551986694336,0.005785730667412281,0.002607906736666456,9.097336769104004,2.10648466804509e-05,0.0015062832507440344,1.9359060388524085e-05,-0.0017182687297463417,0.0016498537152074277,0.005189131103376917,7.728050708770752,-1.097796007261781e-05,0.0015036859508522735,4.193709173705429e-06,-0.0009179034677799791,0.0009303043771069497,0.0030580612006210536,8.194581985473633,2.2475109057627033e-06,0.0008166247268853057,-3.546832886058837e-06,-0.0004417745629325509,0.0004464639176148925
F:\Seminario\Seminario-Clustering\datasets\davi\Al Emadi (2019)\Multiclass_Drone_Audio\unknown\1-42139-A-380.wav,Multiclass_Drone_Audio\unknown\1-42139-A-380.wav,al_emadi,1-42139-A-380,1.0216875,0.5932669842252495,7.977407932281494,0.0026697884210181823,0.2121415462253052,0.0069074491038918495,-0.269818389415741,0.2742028713226319,0.3046650903012672,6.834603309631348,0.00022071203078653095,0.15203581694147356,0.00032535780337639153,-0.14694588184356688,0.12237774431705477,0.08990491012697302,7.56574821472168,-0.0004785852443622987,0.058568073674194254,-0.0008736437011975795,-0.048739489540457724,0.05029830373823645,0.0068927368044116736,9.021167755126953,7.342580445622707e-05,0.011486726334732791,-2.0127277821302414e-05,-0.011548254825174808,0.012196269445121288,0.0029258867235060584,9.174888610839844,-7.451419451314361e-05,0.005295393678196189,-6.0398902860470116e-05,-0.0043075755704194306,0.004049399448558688,0.0023443918185925296,8.762774467468262,-1.136185881780993e-05,0.0033534814221771593,6.824673619121313e-06,-0.0017879816237837075,0.0017542379675433042
F:\Seminario\Seminario-Clustering\datasets\davi\Al Emadi (2019)\Multiclass_Drone_Audio\unknown\5-254832-A-151.wav,Multiclass_Drone_Audio\unknown\5-254832-A-151.wav,al_emadi,5-254832-A-151,1.0216875,0.043203590306787915,7.505843162536621,-0.001062658358415624,0.008008502279546444,-0.0010906781535595655,-0.010150344111025333,0.007798313908278953,0.00227875465136987,6.999833106994629,2.409142262653724e-05,0.001855212256010816,1.08757503767265e-05,-0.0019480550661683082,0.001990875694900751,0.165909189619012,5.140681266784668,0.0016094162901299216,0.011111087371807665,0.00014200564328348264,-0.001067207776941359,0.004942923737689855,0.7095546729178849,6.640712738037109,4.896065824453746e-05,0.016445486952263173,4.210406586935278e-06,-0.0024327746126800776,0.0024844771251082425,0.06510146093906402,7.629378318786621,-2.7341838477921986e-05,0.003524854510720067,-1.3532944649341516e-06,-0.0011893154121935365,0.001061350607778877,0.013952331565881307,8.804485321044922,-1.9214390122427147e-06,0.0011543898860616065,-2.9052953323116526e-06,-0.0005006906343623996,0.0004902531625702978
F:\Seminario\Seminario-Clustering\datasets\davi\Al Emadi (2019)\Multiclass_Drone_Audio\bebop_1\mixed_17-bebop_003_.wav,Multiclass_Drone_Audio\bebop_1\mixed_17-bebop_003_.wav,al_emadi,mixed_17-bebop_003,1.024,0.3620118322949284,7.369994640350342,0.0005972254998859694,0.11856913310357164,0.006114180199801922,-0.1366668313741684,0.12644240558147432,0.05058189432047248,8.107890129089355,2.2765639975473613e-05,0.04432138007813011,3.9026635477057425e-05,-0.05562763698399067,0.05904247649013998,0.04923241227040771,8.92580795288086,0.00011148466684830656,0.0310087888713335,4.660153354052454e-05,-0.0401423342525959,0.03918468244373798,0.12084117574209528,9.958449363708496,-0.0009258383321128636,0.03438987364644082,-0.0019950036657974124,-0.04538718350231647,0.043936477974057205,0.22766303627162113,10.94219970703125,0.0002576656121526357,0.0334171279638135,0.0002254699356853962,-0.04212804138660431,0.04242420569062233,0.18966964910047499,11.909195899963379,-1.6773861149607098e-05,0.02157769085443572,-0.00016222793783526868,-0.027897749468684195,0.027692048996686938
F:\Seminario\Seminario-Clustering\datasets\davi\Al Emadi (2019)\Multiclass_Drone_Audio\unknown\2-110614-B-83.wav,Multiclass_Drone_Audio\unknown\2-110614-B-83.wav,al_emadi,2-110614-B-83,1.0216875,0.17354438692291307,7.105472087860107,0.005328664308453494,0.3293591925868861,0.0013666958548128605,-0.37727702856063844,0.38969717621803285,0.0743133513060026,7.153502464294434,0.0006868186815708472,0.21555224723058944,0.008050987496972084,-0.2202284663915634,0.20279898345470437,0.41130968707574767,8.222419738769531,-0.0010255851317650063,0.3596273935934818,-0.004044181318022311,-0.3663422971963882,0.3719059228897096,0.23193868418995386,9.064823150634766,0.0016052191195190348,0.19127883343356483,-0.0017091924091801047,-0.2136843055486679,0.2057786524295807,0.10279374108929812,9.907194137573242,6.74854404594167e-05,0.09011187224908455,-0.0006469172367360443,-0.09464452937245368,0.08925037682056428,0.00610014941608469,10.964021682739258,8.768935525104834e-06,0.015528866928917045,-0.00010230619227513671,-0.015714168548583984,0.015359161607921131
F:\Seminario\Seminario-Clustering\datasets\davi\Al Emadi (2019)\Multiclass_Drone_Audio\unknown\5-219342-A-382.wav,Multiclass_Drone_Audio\unknown\5-219342-A-382.wav,al_emadi,5-219342-A-382,0.97525,0.0006203000447927163,6.070309638977051,3.040055927058973e-05,0.0013095355432435887,1.4961296983528882e-05,-0.0010306679061613977,0.0010601558606140313,0.011363597109833933,4.453604698181152,-0.00020585472665109257,0.005602712959314012,-6.315378868748667e-07,-0.0012196694500744342,0.001060405187308788,0.42120432948072084,5.639712810516357,-0.0005493648664394297,0.024215701510510047,5.595370566879865e-07,-0.002242435235530138,0.0025233826600015163,0.20776212747043962,6.741938591003418,-0.0004108696240449697,0.01204045583267622,1.9316985344630666e-08,-0.0015480853035114706,0.0013988781138323247,0.32316318602861155,7.189630031585693,1.2932666948843742e-05,0.010632646385743147,1.0633215424604714e-05,-0.0008388772839680314,0.0009071511158253998,0.03588645986560132,7.981151580810547,3.0729540521528953e-07,0.0025065462698146217,-9.140080692304764e-08,-0.00023426248808391392,0.0002362094237469139
F:\Seminario\Seminario-Clustering\datasets\davi\Al Emadi (2019)\Multiclass_Drone_Audio\unknown\3-156393-A-354.wav,Multiclass_Drone_Audio\unknown\3-156393-A-354.wav,al_emadi,3-156393-A-354,0.95975,0.9099106997298885,8.14802360534668,0.008800324771185348,0.4109174226537455,0.05254390276968479,-0.5637823343276978,0.5117398798465729,0.05856729223069551,7.878608703613281,-0.003985107316740466,0.10419932660182706,0.0002405497943982482,-0.14972416311502457,0.127921923995018,0.016084188203203446,8.679132461547852,-3.800019297067184e-05,0.03875999285664052,-0.0010701208375394344,-0.047554874792695045,0.04870516434311867,0.009242319988144511,9.719818115234375,-0.0006634038067596674,0.020803063951075274,-0.000716180307790637,-0.02652585431933403,0.02594792060554028,0.003284473968591547,10.67593765258789,1.7165427371432774e-05,0.008780379254409413,-7.174989150371403e-05,-0.010627756733447314,0.01109942812472582,0.0029110258794765517,11.846650123596191,1.8936897305510383e-06,0.005847725611627496,-1.2362899724394083e-05,-0.007390857208520174,0.00743687991052866
F:\Seminario\Seminario-Clustering\datasets\davi\Al Emadi (2019)\Multiclass_Drone_Audio\unknown\4-196671-B-82.wav,Multiclass_Drone_Audio\unknown\4-196671-B-82.wav,al_emadi,4-196671-B-82,0.97525,0.2612379097048619,8.003793716430664,-0.003979310244868551,0.07544961436672043,-0.004993347683921456,-0.09996671304106712,0.09540257230401038,0.05438054684624126,7.809084415435791,-0.000619226913045628,0.03446623355741694,-0.0003213532327208668,-0.04351415187120437,0.0417902085930109,0.04892094336930889,8.949197769165039,-0.00035518195385201884,0.023198912757130683,-0.0002789271529763937,-0.029390066862106323,0.029350578784942627,0.18218894858596527,9.511666297912598,0.00043787743454421244,0.03170595154722864,0.00010634513455443084,-0.03905555233359337,0.0383936632424593,0.3957368950657357,10.084939956665039,-0.0003976783510303982,0.033068261018947935,-0.00010516381735214964,-0.03655308857560158,0.033619655296206474,0.05753475642788697,10.104551315307617,-3.232045599362465e-06,0.008920398550678207,6.362664862535894e-06,-0.00721895731985569,0.007293457631021739
F:\Seminario\Seminario-Clustering\datasets\davi\Al Emadi (2019)\Multiclass_Drone_Audio\unknown\2-135649-A-452.wav,Multiclass_Drone_Audio\unknown\2-135649-A-452.wav,al_emadi,2-135649-A-452,0.97525,0.780194715638182,7.820656776428223,-0.003183290565024443,0.3300611203127219,-0.00669296458363533,-0.4332921653985977,0.39749505817890163,0.1092939558434663,7.550543308258057,0.006727453298241782,0.1233576917307719,-0.0005069555481895804,-0.13411606401205062,0.15698272436857222,0.06226432506429106,8.41855239868164,-0.0020448645183680793,0.06613847694980773,-0.0015632262220606208,-0.0807957872748375,0.0733664259314537,0.025456453925619165,9.32913875579834,-0.00012220428296667667,0.029963147605461225,0.0004298804415157065,-0.03398635797202587,0.03417761251330376,0.015310203285631523,10.37690258026123,-0.00033454074740885646,0.01644034737152719,-0.0002783216332318261,-0.019267366267740726,0.018229235894978046,0.007480346242810007,11.742033004760742,-2.7753832096034545e-05,0.008131082949700422,-4.709012864623219e-05,-0.010047859512269497,0.009903375431895258
F:\Seminario\Seminario-Clustering\datasets\davi\Al Emadi (2019)\Multiclass_Drone_Audio\unknown\1-79220-A-173.wav,Multiclass_Drone_Audio\unknown\1-79220-A-173.wav,al_emadi,1-79220-A-173,1.0216875,0.9997769705185827,6.263668537139893,-0.006270233223780384,1.06303671997086,0.029464075341820717,-0.6781062364578248,0.8884069919586187,0.00010123741790095213,6.566576957702637,0.00014100050530261297,0.010696385509105975,1.0860152542591095e-05,-0.01029620599001646,0.010039445012807848,4.697964931560105e-05,7.460165023803711,0.00018532965856874706,0.0051645014190434034,-0.0001481484723626636,-0.004887214163318276,0.005600601527839901,3.3289658662026876e-05,8.634461402893066,-0.00011107276281208507,0.00307929194758662,-1.6191857866942883e-05,-0.0030394949950277804,0.0027958742342889314,2.6695557952367876e-05,9.233747482299805,-4.6136906173995053e-05,0.0019520005588661861,-5.4059375543147326e-05,-0.001730970316566527,0.0016567659098654986,1.4827197586312553e-05,10.03255558013916,-2.1031664478970053e-06,0.0010293928518521713,5.703550414182246e-06,-0.0009826594032347202,0.0009992755483835937
F:\Seminario\Seminario-Clustering\datasets\davi\Al Emadi (2019)\Multiclass_Drone_Audio\unknown\2-96904-A-271.wav,Multiclass_Drone_Audio\unknown\2-96904-A-271.wav,al_emadi,2-96904-A-271,1.0216875,0.04447847925385932,7.906671524047852,-0.00026969384713678454,0.006192256138007153,-2.1919608116149902e-05,-0.007539924047887325,0.007742428686469795,0.020863482775456813,7.1836018562316895,-1.117696311232288e-05,0.004244996861106248,0.00020138529362156987,-0.004778658505529165,0.004615842737257481,0.03300338561398745,8.397397994995117,3.057474107022899e-05,0.0037861626576077044,-6.419200326490682e-05,-0.004004683624953031,0.004404622316360474,0.055487800172649,9.102775573730469,9.694360811302757e-05,0.0034760794688729483,2.777521513053216e-05,-0.0036734834313392637,0.0039013690315186987,0.4263827864898297,8.995957374572754,-3.308992833475418e-05,0.006821151065103253,-1.944643463502871e-05,-0.005527218105271459,0.0050959771033376455,0.4197840656942177,10.354850769042969,1.5101413344267078e-05,0.004787894246421477,-1.7976686649490148e-05,-0.004330395627766847,0.004421572480350734
F:\Seminario\Seminario-Clustering\datasets\davi\Al Emadi (2019)\Multiclass_Drone_Audio\membo_1\extra_membo_D2_2007.wav,Multiclass_Drone_Audio\membo_1\extra_membo_D2_2007.wav,al_emadi,extra_membo_D2,1.002625,0.8626350887807529,7.99062967300415,0.0001609944996257188,0.04364187776677308,-9.893160313367844e-05,-0.058019481226801874,0.05703664124011996,0.005260353959685854,7.908759117126465,-9.473121487436996e-05,0.003406688827637141,-6.65820189169608e-05,-0.004495056299492717,0.004147603083401919,0.057539621848979754,8.583246231079102,3.1705131439502026e-05,0.007997590930319716,-0.00012238886847626418,-0.009265756234526634,0.009270702488720419,0.03797286058617129,9.739011764526367,5.3443408754384225e-05,0.004601781575206833,3.043303149752319e-05,-0.005600066855549812,0.005828316789120436,0.020308913598800393,10.741308212280273,7.6596909482438e-06,0.002381897196298072,4.047846596222371e-05,-0.002924152137711644,0.002880684239789843,0.016283161225609844,11.757074356079102,5.76555971405415e-06,0.001508673952114028,1.2002001312794164e-05,-0.001884434395469725,0.001877234352286905
F:\Seminario\Seminario-Clustering\datasets\davi\Al Emadi (2019)\Multiclass_Drone_Audio\unknown\silence087.wav,Multiclass_Drone_Audio\unknown\silence087.wav,al_emadi,silence087,0.743,0.0,-0.0,0.0,0.0,0.0,0.0,0.0,0.0,-0.0,0.0,0.0,0.0,0.0,0.0,0.0,-0.0,0.0,0.0,0.0,0.0,0.0,0.0,-0.0,0.0,0.0,0.0,0.0,0.0,0.0,-0.0,0.0,0.0,0.0,0.0,0.0,0.0,-0.0,0.0,0.0,0.0,0.0,0.0
F:\Seminario\Seminario-Clustering\datasets\davi\Al Emadi (2019)\Multiclass_Drone_Audio\unknown\2-106486-A-444.wav,Multiclass_Drone_Audio\unknown\2-106486-A-444.wav,al_emadi,2-106486-A-444,0.95975,0.8359921568741137,7.899506092071533,-0.0016354578954393788,0.16976948130288733,-0.002734730951488018,-0.22505412995815277,0.2322508841753006,0.04895434191974927,7.862357139587402,-0.001461644964283064,0.041058139000705665,-4.7175679355859756e-05,-0.057949913665652275,0.04874245449900627,0.02705912756060091,8.774154663085938,0.0004317154944862295,0.02166101900014745,0.0008261954935733229,-0.02727672830224037,0.02804645150899887,0.04425000302124521,9.770683288574219,-1.651501112206319e-05,0.019626278036797454,-0.0002456357469782233,-0.024644677713513374,0.02432922422885895,0.030714867166630355,10.799739837646484,-5.466340279034721e-05,0.011571097778184587,-1.1452750186435878e-05,-0.014536313526332379,0.01463737851008773,0.013029503457660635,11.755914688110352,-9.292766988935058e-06,0.005331521788947237,-7.90634221630171e-05,-0.006594165228307247,0.00666060158982873
F:\Seminario\Seminario-Clustering\datasets\davi\Al Emadi (2019)\Multiclass_Drone_Audio\unknown\3-154926-A-403.wav,Multiclass_Drone_Audio\unknown\3-154926-A-403.wav,al_emadi,3-154926-A-403,1.0216875,0.0,-0.0,0.0,0.0,0.0,0.0,0.0,0.0,-0.0,0.0,0.0,0.0,0.0,0.0,0.0,-0.0,0.0,0.0,0.0,0.0,0.0,0.0,-0.0,0.0,0.0,0.0,0.0,0.0,0.0,-0.0,0.0,0.0,0.0,0.0,0.0,0.0,-0.0,0.0,0.0,0.0,0.0,0.0
F:\Seminario\Seminario-Clustering\datasets\davi\Al Emadi (2019)\Multiclass_Drone_Audio\unknown\2-106849-A-470.wav,Multiclass_Drone_Audio\unknown\2-106849-A-470.wav,al_emadi,2-106849-A-470,1.0216875,0.2939907448031739,7.974425315856934,0.002944762193430323,0.7055814670160732,0.02755705639719963,-0.9309766888618469,0.8904610872268686,0.3069371598675977,7.67357873916626,-0.013881827699204248,0.720822518680973,0.008674675598740578,-0.892310380935669,0.879310429096222,0.24958347868778213,8.572700500488281,-0.025666333838268128,0.46032730265492133,-0.02930149156600237,-0.5680005550384521,0.5016817510128022,0.13076581934210788,9.640344619750977,-0.0003938060301583735,0.23637684024634206,-0.0016051968559622765,-0.28534377813339235,0.28334863781929026,0.018110807103912014,10.582834243774414,-2.1571891968766e-05,0.062248726043520664,-0.0002484181895852089,-0.07203257307410241,0.07178181409835817,0.0006119901954264066,11.531770706176758,1.8889892284514198e-05,0.00809475064918431,6.998516619205475e-05,-0.009570034965872765,0.009735369868576527
F:\Seminario\Seminario-Clustering\datasets\davi\Al Emadi (2019)\Multiclass_Drone_Audio\unknown\1-34495-A-140.wav,Multiclass_Drone_Audio\unknown\1-34495-A-140.wav,al_emadi,1-34495-A-140,1.0216875,0.0981609545697992,7.895515441894531,0.001549326347248409,0.04981771240829198,0.002490227110683918,-0.06326593458652496,0.06247412413358689,0.045133848535481226,8.051867485046387,0.0028964201867944296,0.033672451627810594,0.004614332225173712,-0.04116832613945007,0.046063656359910984,0.028134577519313225,8.90838623046875,-0.0008935359481766056,0.018902033747739497,-0.0007687687175348401,-0.025205449014902116,0.023602180927991868,0.18019148648327235,9.466573715209961,0.00028496429018851045,0.03391957779370653,0.00018263974925503135,-0.038701330125331876,0.04078764468431473,0.5171863151082942,9.830751419067383,0.0002745983124383621,0.0406644961811048,0.000497931003337726,-0.03983347862958908,0.03983897008001806,0.13119281778383987,10.990182876586914,-1.6654346798914012e-05,0.014488630225640158,1.0519121133256704e-05,-0.015005173534154892,0.015060820989310752
F:\Seminario\Seminario-Clustering\datasets\davi\Al Emadi (2019)\Multiclass_Drone_Audio\unknown\3-142601-A-213.wav,Multiclass_Drone_Audio\unknown\3-142601-A-213.wav,al_emadi,3-142601-A-213,1.0216875,0.0,-0.0,0.0,0.0,0.0,0.0,0.0,0.0,-0.0,0.0,0.0,0.0,0.0,0.0,0.0,-0.0,0.0,0.0,0.0,0.0,0.0,0.0,-0.0,0.0,0.0,0.0,0.0,0.0,0.0,-0.0,0.0,0.0,0.0,0.0,0.0,0.0,-0.0,0.0,0.0,0.0,0.0,0.0
F:\Seminario\Seminario-Clustering\datasets\davi\Al Emadi (2019)\Multiclass_Drone_Audio\unknown\3-130330-A-220.wav,Multiclass_Drone_Audio\unknown\3-130330-A-220.wav,al_emadi,3-130330-A-220,1.0216875,0.011701804717416582,5.749300956726074,-0.03132414885531351,0.28465968440101735,-0.0016060322523117065,-0.24820550084114074,0.18053717613220233,0.024643263221467614,6.904127597808838,0.02105421899156771,0.41505364469909406,0.015083495527505875,-0.3714066863059997,0.47514393925666837,0.22685164218510726,8.131059646606445,0.08820762560913042,0.8898350350483795,0.04949294030666351,-0.7859563171863556,1.0479299902915955,0.29116164097962716,9.456669807434082,-0.0029755409371417805,0.7175477660653403,0.008031526580452919,-0.8622634291648864,0.8617882013320923,0.24148483136269397,10.28199577331543,0.002146262907828086,0.46241390177785324,-0.004327282542362809,-0.5199545085430145,0.5243064999580384,0.20415681753368742,11.195526123046875,-4.2707548624520647e-05,0.30077613205719644,0.0026293224655091763,-0.32817896008491515,0.3320206940174103
F:\Seminario\Seminario-Clustering\datasets\davi\Al Emadi (2019)\Multiclass_Drone_Audio\unknown\2-262579-A-451.wav,Multiclass_Drone_Audio\unknown\2-262579-A-451.wav,al_emadi,2-262579-A-451,1.0216875,0.26906208423308786,7.850009918212891,0.007878006430526536,0.30448721208929846,0.015971845015883446,-0.36633628010749814,0.3747974991798401,0.46290504939516164,7.994794845581055,0.009133107938269618,0.3994115081783472,0.013340000063180923,-0.48978914618492125,0.5302249312400819,0.19013092515982896,8.874079704284668,0.0021456070471509016,0.18156531537999132,-0.0003779194667004049,-0.21831977516412734,0.23474486470222475,0.056156010695637845,9.811223030090332,0.0003896839836595981,0.069896238338661,0.0010851918486878276,-0.08537747710943222,0.08452807068824769,0.01776992460998057,10.709830284118652,-0.00011767513796678364,0.02782303412300556,-9.32093826122582e-06,-0.03298878110945225,0.03345906026661396,0.00397600590630314,11.498832702636719,2.5055190911577195e-06,0.009310218778588323,6.3177431002259254e-06,-0.010679026134312153,0.010650818049907687
F:\Seminario\Seminario-Clustering\datasets\davi\Al Emadi (2019)\Multiclass_Drone_Audio\unknown\3-119455-A-444.wav,Multiclass_Drone_Audio\unknown\3-119455-A-444.wav,al_emadi,3-119455-A-444,0.95975,0.6680419426283261,7.485100746154785,0.0027356408814297904,0.3988884555432845,-0.014472810085862875,-0.4979814440011978,0.4869890958070755,0.07010548598647433,7.29034423828125,0.00279925436344632,0.1291914837189073,0.0009024339960888028,-0.15032438933849335,0.14261306822299957,0.12794745044909775,8.679607391357422,-0.0018271288649404642,0.12381062017994769,0.0018086513737216592,-0.15332165360450745,0.14866645634174347,0.04747973134315287,9.635744094848633,-6.841728911287599e-05,0.05343383510028337,0.0003935630666092038,-0.06605094969272614,0.06307294666767121,0.030820865984253494,10.663776397705078,0.0001233494399386433,0.030465276862055444,0.00042986220796592534,-0.03679401054978371,0.037796925380826005,0.05560452360869553,11.271734237670898,-4.461328827796567e-07,0.028948371980295085,-5.507073365151882e-05,-0.03267159312963486,0.03328923135995865
F:\Seminario\Seminario-Clustering\datasets\davi\Al Emadi (2019)\Multiclass_Drone_Audio\unknown\4-213193-A-290.wav,Multiclass_Drone_Audio\unknown\4-213193-A-290.wav,al_emadi,4-213193-A-290,1.0216875,0.16736650873045467,5.160385608673096,-0.0001553257314970243,0.01488854546789172,-0.0001404552167514339,-0.002725547784939408,0.001876321109011772,0.46525809601264073,3.7266228199005127,-0.0007513738948396264,0.024813588826907207,1.071907263394678e-05,-0.002239147154614329,0.004153202194720509,0.2993214933605337,4.452256202697754,-0.00013568528725247707,0.01412014804410755,9.852451512415428e-07,-0.0017518686130642885,0.0017349362373352082,0.043702564608776306,6.362975597381592,5.13384677466357e-05,0.0038214677550130957,-8.853263011587842e-07,-0.000884065288119018,0.0010110973380506043,0.020073454789527413,6.151254653930664,-7.063365515042904e-06,0.001832849985973734,-3.2184516385314055e-07,-0.00034716992231551556,0.0003309081948827953,0.00427788249806721,7.038539409637451,6.566698149295523e-07,0.0005985550386622553,-6.267003982429742e-08,-9.690979204606265e-05,0.00010129917645826949
F:\Seminario\Seminario-Clustering\datasets\davi\Al Emadi (2019)\Multiclass_Drone_Audio\unknown\5-216213-A-133.wav,Multiclass_Drone_Audio\unknown\5-216213-A-133.wav,al_emadi,5-216213-A-133,1.0216875,0.007124105951134564,0.12873099744319916,-0.0021412663339895944,0.04633536428333015,-1.7078680684790015e-05,-0.004380401782691478,0.004165668599307538,0.0010146694027872644,3.8678717613220215,-7.310039506365214e-05,0.01750528230585876,1.4808661944698542e-05,-0.010243691131472587,0.009714694693684581,0.0033513756974341944,2.0839810371398926,2.466376581615886e-05,0.022561637658257135,-0.00018989498494192958,-0.007146183494478464,0.007566466741263867,0.21831551610598462,8.664562225341797,6.375376094093488e-06,0.12898143459798864,-0.00013028345711063594,-0.1284965544939041,0.1305218487977982,0.7368374384143265,9.620706558227539,5.7672897221119035e-05,0.16767715360044522,0.00018238766642753035,-0.1622860953211784,0.15288533717393876,0.03335689442833284,10.647390365600586,3.6804572754510064e-06,0.025237810844222414,-5.725138180423528e-05,-0.021512290462851524,0.023007149994373345
F:\Seminario\Seminario-Clustering\datasets\davi\Al Emadi (2019)\Multiclass_Drone_Audio\unknown\1-34853-A-372.wav,Multiclass_Drone_Audio\unknown\1-34853-A-372.wav,al_emadi,1-34853-A-372,0.97525,0.0012573740706133254,7.801614761352539,-0.001117437508929076,0.022513047230519855,-0.0004993272013962269,-0.02908281125128269,0.02703321650624274,0.0022474901788392255,7.8959856033325195,-0.0003923530900579413,0.030133420989069126,0.000991092441836372,-0.039589806273579595,0.04225158765912055,0.03919702708648786,8.672839164733887,-1.1920585331106397e-05,0.08930831242474532,-0.0012869498459622264,-0.1228971779346466,0.12168373167514801,0.25514001311392187,9.164758682250977,-0.00010097604281131931,0.16136324114261247,0.0020273172995075583,-0.21195999532938004,0.162978895008564,0.6005171229391609,10.118581771850586,-4.0923803249462835e-05,0.17518478989368938,-3.2561358239036053e-05,-0.20154228061437607,0.22148992121219635,0.10164097261097683,11.1099853515625,-1.7724112360417162e-06,0.05098562920651207,-0.0002261379559058696,-0.06325868368148804,0.0601776696741581
F:\Seminario\Seminario-Clustering\datasets\davi\Al Emadi (2019)\Multiclass_Drone_Audio\unknown\2-114609-B-284.wav,Multiclass_Drone_Audio\unknown\2-114609-B-284.wav,al_emadi,2-114609-B-284,0.95975,0.9051785144178933,7.146575927734375,-0.001563774281022821,0.03195533857050917,0.00026789229013957083,-0.03714393638074398,0.030853241682052612,0.07430453213532671,6.828242778778076,0.0001553056659279947,0.009165180428783195,0.00012907166819786653,-0.009088761173188686,0.009383626282215118,0.016081770325387795,7.39346170425415,-2.1758665078595342e-06,0.0030247681044172766,-2.45997762249317e-06,-0.0024455322418361902,0.002346269437111914,0.002542662357425417,8.568702697753906,2.1663963289737896e-05,0.000851730879355838,8.827992132864892e-07,-0.0007314282236620783,0.0007797800470143566,0.0014615289195277715,9.320802688598633,-3.842870041576186e-06,0.00045709926870593287,-5.665949629474198e-07,-0.00037938372115604575,0.00035553956695366656,0.0004309918444389963,10.18062686920166,-4.172504727066652e-08,0.00017560604584339898,1.262957084691152e-06,-0.00013868091627955437,0.00013673976354766637
F:\Seminario\Seminario-Clustering\datasets\davi\Al Emadi (2019)\Multiclass_Drone_Audio\unknown\5-248341-C-63.wav,Multiclass_Drone_Audio\unknown\5-248341-C-63.wav,al_emadi,5-248341-C-63,1.0216875,0.011813161475965272,4.632024765014648,0.0011241046696715776,0.07058107991078774,0.0007373968837782741,-0.033300094306468964,0.03288566246628766,0.038493261693709015,7.315080165863037,-0.011044466079305216,0.12694487421195552,-0.00014672146062366664,-0.18787317276000975,0.15311161875724794,0.2376108731757946,8.177633285522461,0.011064066813047063,0.22424056620341606,8.829246144159697e-05,-0.2610089868307114,0.30323805809021004,0.5714192773516226,9.037681579589844,0.0007551885906018494,0.24660961285700148,-0.00013419198512565345,-0.29262044429779055,0.2892596781253815,0.12602674633402575,9.750724792480469,0.0005880464522131141,0.08195169729870051,-7.596563955303282e-05,-0.08669838085770606,0.09216819554567338,0.01463667996888276,10.819125175476074,5.2158285212254406e-05,0.01975733398357909,1.6135410987772048e-05,-0.021542878821492195,0.022746256738901155
F:\Seminario\Seminario-Clustering\datasets\davi\Al Emadi (2019)\Multiclass_Drone_Audio\unknown\5-208810-A-114.wav,Multiclass_Drone_Audio\unknown\5-208810-A-114.wav,al_emadi,5-208810-A-114,0.95975,0.04707576529538985,7.146198749542236,-0.0008442262599604979,0.18036233140958338,0.0,-0.1842443123459816,0.19228748977184296,0.09938165373754236,7.182313919067383,0.016745394743967478,0.2615270265264301,0.016607480123639107,-0.2754557728767395,0.30817317962646484,0.23321762682577254,8.565502166748047,0.007655316318434188,0.2846460439045258,0.0021208036923781037,-0.3244907855987549,0.34650012850761414,0.2967440751244048,9.699033737182617,0.0009531647926969321,0.227531689569395,0.0,-0.277815443277359,0.27890795469284074,0.20829172724141093,10.669107437133789,0.005718009346285168,0.13477951135370583,0.0038284030742943287,-0.16103670001029968,0.17076272219419486,0.11528915177547949,11.651386260986328,5.837765009265016e-05,0.07099949135896522,0.0,-0.08711268752813339,0.08632838726043701
F:\Seminario\Seminario-Clustering\datasets\davi\Al Emadi (2019)\Multiclass_Drone_Audio\unknown\2-82071-A-270.wav,Multiclass_Drone_Audio\unknown\2-82071-A-270.wav,al_emadi,2-82071-A-270,1.0216875,0.28911835757835924,7.955890655517578,0.00037203727959253513,0.05799009369641568,0.0003909152001142502,-0.07709607481956482,0.07468853890895845,0.2250454964213486,8.033637046813965,0.0013626033186460386,0.051145331859226026,0.003232112620025873,-0.06560996472835541,0.06730459630489358,0.19907720792297565,8.965638160705566,0.0003815093262449264,0.034123790124226186,0.000532490317709744,-0.04334763884544372,0.044250464439392144,0.13774465063425148,9.765070915222168,9.003001408587951e-05,0.020106303583071503,-0.0001611913030501455,-0.024344556778669355,0.025006512925028805,0.10083260082749888,10.372519493103027,1.0208764416202635e-05,0.012173143131533873,4.0674323827261105e-05,-0.013928822241723537,0.013773435633629566,0.04818168661556614,11.143926620483398,9.901311751716459e-07,0.005952702492053944,-3.0024442821741104e-05,-0.006474739499390125,0.006323337834328415
F:\Seminario\Seminario-Clustering\datasets\davi\Al Emadi (2019)\Multiclass_Drone_Audio\unknown\3-95695-A-50.wav,Multiclass_Drone_Audio\unknown\3-95695-A-50.wav,al_emadi,3-95695-A-50,1.0216875,0.00359744601642681,4.0804853439331055,0.002105296447011147,0.04232676002538508,-4.795286804437637e-05,-0.03287419974803925,0.03273367583751679,0.004643918126487631,6.645257949829102,-0.0011846300793959845,0.048135474177454625,0.00011995251406915486,-0.0515893504023552,0.04279727339744571,0.11381915910596184,8.429804801940918,-0.0003099983014853296,0.16904802430687932,0.0003788070462178439,-0.22429721504449845,0.21405892521142963,0.47361351234619514,8.260246276855469,0.0001745183653288065,0.24425341566706416,0.00028233585180714726,-0.22570991218090058,0.22401939630508425,0.35780530173604014,10.438379287719727,0.00010961049533677521,0.1502294856244389,0.0003748316958080977,-0.21254320144653321,0.20211509764194488,0.04652066266888841,11.451324462890625,-2.261464636316325e-05,0.038320006335296905,-0.0002553772064857185,-0.050224488228559495,0.05509209260344511
F:\Seminario\Seminario-Clustering\datasets\davi\Al Emadi (2019)\Multiclass_Drone_Audio\unknown\4-164243-A-263.wav,Multiclass_Drone_Audio\unknown\4-164243-A-263.wav,al_emadi,4-164243-A-263,1.0216875,0.06588711009241738,3.463481903076172,0.02094752403082888,0.22397407324030028,-0.0006561120972037315,-0.057159353792667386,0.07279421389102937,0.02926589395514812,7.240190505981445,-0.006751556631334836,0.14977137186390727,0.0032647564075887203,-0.16758329570293426,0.1565941542387009,0.15062844336324055,8.364853858947754,-0.004251506439467225,0.24117008623831812,0.0042253106366842985,-0.3126915693283081,0.26137776672840135,0.49916282807151097,9.143518447875977,-0.0004661422471925532,0.3110166482260629,0.00132128840778023,-0.3530925452709198,0.3652162671089174,0.22282315459940188,9.763751983642578,4.8448369952422505e-05,0.14704365338794068,-0.0005770384159404784,-0.14459366202354432,0.15614365935325625,0.032232569918281086,10.757031440734863,3.6294138079660023e-06,0.03956256600647369,0.00011907273437827826,-0.03944340944290161,0.0403577283024788
F:\Seminario\Seminario-Clustering\datasets\davi\Al Emadi (2019)\Multiclass_Drone_Audio\unknown\4-209536-A-370.wav,Multiclass_Drone_Audio\unknown\4-209536-A-370.wav,al_emadi,4-209536-A-370,1.0216875,0.0033064057931978964,3.6671643257141113,-0.005752922022749888,0.05575597873088523,-0.00027199817122891545,-0.024986737594008445,0.025398771464824683,0.0005161730457172096,7.486636161804199,0.0013522475881057763,0.02210545963515901,0.0013878786703571677,-0.023410307988524438,0.02889729700982571,0.0011309911988577697,8.39836311340332,-0.0002147702588752983,0.023247312390319606,0.00019727362086996436,-0.02582791671156883,0.02697548381984234,0.0019053713075229096,8.319732666015625,0.0004884774141459228,0.0213679874076278,0.000373873277567327,-0.019778988510370254,0.020307988673448563,0.4983877502195971,11.04619312286377,-0.022817591658340134,0.24354339211110915,-0.014586803503334522,-0.3476409733295441,0.2713372886180878,0.4947533084351071,12.047636032104492,3.977947955978088e-06,0.17240727586768428,0.0005582619924098253,-0.2220843881368637,0.2219985991716386
F:\Seminario\Seminario-Clustering\datasets\davi\Al Emadi (2019)\Multiclass_Drone_Audio\unknown\5-243459-B-141.wav,Multiclass_Drone_Audio\unknown\5-243459-B-141.wav,al_emadi,5-243459-B-141,1.0216875,7.79861446416341e-05,2.7679061889648438,-4.5651314469255365e-05,0.00045254617301820725,-7.45682482374832e-05,-0.0002785739954560995,0.00013703801087103787,7.104034746537979e-05,7.701447010040283,1.3264611574566768e-05,0.0004339127361321457,1.2349532880762126e-06,-0.0005065231118351222,0.0005630102124996485,0.0054795729450313755,8.432475090026855,0.00010574056437071517,0.0027017329505432263,5.5407657782780007e-05,-0.0028993095736950638,0.003329800162464381,0.07486816289593858,9.56394100189209,-0.00013152169253316748,0.007077837764228612,-7.593414193252102e-05,-0.008573968335986138,0.008376738056540493,0.35798359839661104,10.716437339782715,-0.00017461266465947927,0.010952330991190577,-0.00029089985764585435,-0.013565042056143284,0.013375133834779264,0.561519639270312,11.384881019592285,-1.5809337217283785e-07,0.009704730192277645,3.230215952498838e-05,-0.011161619797348976,0.01078437045216561
F:\Seminario\Seminario-Clustering\datasets\davi\Al Emadi (2019)\Multiclass_Drone_Audio\unknown\4-156827-A-461.wav,Multiclass_Drone_Audio\unknown\4-156827-A-461.wav,al_emadi,4-156827-A-461,1.0216875,0.017074767763674902,7.340604782104492,0.009798329995451513,0.21861439232350055,0.0038536638021469116,-0.2599064111709595,0.2630815744400028,0.31185720318730337,8.173124313354492,0.012767936363798247,0.935135543546489,0.001511087641119957,-1.2039564847946167,1.2516024351119999,0.31165130273825,8.968439102172852,0.01437713579804245,0.6628544669105801,0.014900412410497665,-0.817993426322937,0.8393038094043737,0.21600794487813674,9.856393814086914,-0.00852492910113482,0.3908796124681405,-0.00679009361192584,-0.4987191796302795,0.47942233681678775,0.13434392892368274,10.52812385559082,-3.732205018649681e-06,0.21818435580685644,0.0015566344372928143,-0.25586743354797364,0.2566600918769837,0.009064852508952245,11.398918151855469,-1.324204666411268e-06,0.040092741918960104,0.00048736133612692356,-0.04579360261559486,0.0440858609974385
F:\Seminario\Seminario-Clustering\datasets\davi\Al Emadi (2019)\Multiclass_Drone_Audio\unknown\5-249937-A-220.wav,Multiclass_Drone_Audio\unknown\5-249937-A-220.wav,al_emadi,5-249937-A-220,1.0216875,0.017472048956430102,7.178442478179932,-0.00442551562744526,0.07907447193434111,0.002744643483310938,-0.08673519045114517,0.07756659537553791,0.06484389045122164,7.371214866638184,-0.012629050851334112,0.1520495361983973,-0.018144972622394562,-0.16808469891548156,0.15114766955375683,0.20287198351200167,8.063423156738281,-0.003366958811018047,0.19135332636457292,-0.011921185534447432,-0.1942286193370819,0.19982614964246756,0.41082631664520963,9.070486068725586,-0.005886755173071617,0.19281668189506615,-1.355540007352829e-06,-0.20380303263664246,0.19443278312683107,0.24422986149908232,9.650077819824219,-0.0004911619062993616,0.10524842051532791,-0.0009502506582066417,-0.10717112347483634,0.10443936064839364,0.059755898936054666,10.948830604553223,0.00010486827794818165,0.03682819065134353,0.00027578946901485324,-0.039011449366807935,0.03831602782011033
F:\Seminario\Seminario-Clustering\datasets\davi\Al Emadi (2019)\Multiclass_Drone_Audio\unknown\2-106073-A-364.wav,Multiclass_Drone_Audio\unknown\2-106073-A-364.wav,al_emadi,2-106073-A-364,0.95975,0.038789113662316965,7.460291862487793,-0.013332026071631859,0.2671157221208998,-0.01836330071091652,-0.3192434310913086,0.30346864461898804,0.1997864608401992,8.011503219604492,-0.023384705353566588,0.6065201715378131,-0.02150533441454172,-0.8071232438087463,0.7743580937385559,0.31011302333739255,8.891841888427734,-0.0219813590203113,0.5359316372275188,-0.008252168074250221,-0.7262128591537476,0.6393657028675079,0.18341222514967376,9.805643081665039,-0.0032091227059506556,0.29219683253164996,0.0025071273557841778,-0.38042595982551575,0.37578434944152844,0.145485839045882,10.864032745361328,0.0013608107077020572,0.1841661283294492,0.0008139510755427182,-0.23674574494361877,0.2378421813249591,0.12241333796453555,11.89974594116211,-0.0005248391491558843,0.1195099990053004,0.0003462375607341528,-0.1558491587638855,0.15250229835510254
F:\Seminario\Seminario-Clustering\datasets\davi\Al Emadi (2019)\Multiclass_Drone_Audio\unknown\3-103051-A-193.wav,Multiclass_Drone_Audio\unknown\3-103051-A-193.wav,al_emadi,3-103051-A-193,1.0216875,0.7989643770719543,7.405147075653076,0.016675979554147877,0.06551684386600624,0.01995549537241459,-0.04953005760908127,0.08871492445468905,0.14292173698842583,7.564446449279785,-0.0007936266083772451,0.02858262390103732,-0.0005264338687993586,-0.0333039253950119,0.030441212654113772,0.05191094944001307,8.629072189331055,-4.943403812615221e-05,0.012220669100425496,-0.00019696834351634607,-0.014911084529012441,0.014649101346731194,0.005737100448441877,9.639324188232422,-4.7083103673645896e-06,0.0028776652136273018,-4.390688263811171e-05,-0.003367796167731285,0.003422338888049126,0.0002820269812599487,10.884979248046875,-7.061213306079887e-06,0.0004514295443835413,-7.31613727111835e-06,-0.0005760659871157259,0.000562300137244165,0.00018380906990488437,11.863325119018555,3.316539471464352e-07,0.00025784083422079396,-4.492037987802178e-06,-0.0003236808581277728,0.0003245058993343264
F:\Seminario\Seminario-Clustering\datasets\davi\Al Emadi (2019)\Multiclass_Drone_Audio\unknown\5-189237-A-122.wav,Multiclass_Drone_Audio\unknown\5-189237-A-122.wav,al_emadi,5-189237-A-122,0.97525,0.002976662568038257,7.774474143981934,-1.8636713935951193e-05,0.0017479780214845933,-2.4190769181586802e-05,-0.002108177216723561,0.0022512705298140642,0.013803608842091879,7.337021827697754,-0.00014365409509925598,0.003761626704257011,-0.00012315915955696255,-0.004510598676279187,0.0040718827862292525,0.032555063487762805,3.4143831729888916,-0.00011535852940754741,0.0041007406665708275,8.228344086091965e-07,-0.0016695946687832475,0.0014641841407865286,0.07207125823900319,2.7044975757598877,-5.6623681809298774e-05,0.004322337738702744,-5.678247362084221e-06,-0.0004730466607725248,0.00043811023351736367,0.23897887160361306,3.2846314907073975,0.0001919211245195198,0.005566920237879153,9.992645004786027e-07,-0.00017971524357562885,0.00017714588466333225,0.6396145352594909,3.147177219390869,-2.904063300830219e-05,0.006446554336475307,6.955283424758818e-07,-0.0001466820714995265,0.00015500295849051334
F:\Seminario\Seminario-Clustering\datasets\davi\Al Emadi (2019)\Multiclass_Drone_Audio\unknown\1-96950-B-92.wav,Multiclass_Drone_Audio\unknown\1-96950-B-92.wav,al_emadi,1-96950-B-92,0.97525,0.00013951522607012908,6.319827079772949,0.0001940954228630584,0.005120259434873303,3.855271643260494e-06,-0.005122661963105201,0.005347196478396652,0.002956762140918872,6.457014083862305,-2.3056509764486513e-05,0.02358853482053864,-4.443891521077603e-05,-0.019659403152763842,0.023516571521759018,0.05319092997757763,8.071203231811523,-0.0016129617983134989,0.07097879749154626,-3.1681847758591175e-05,-0.09393573552370071,0.08446308225393295,0.615602692346701,8.987614631652832,-0.0022795206379117327,0.1710344919338834,-0.00013557048805523664,-0.20231957733631134,0.19206788390874863,0.31321623429081363,9.535151481628418,-2.2887806824858896e-05,0.08634007667277509,2.9773478672723286e-05,-0.08867103233933449,0.08646629005670547,0.014893866017918774,10.252307891845703,-9.603547631228957e-06,0.013319060683221433,2.0366505850688554e-06,-0.011650583520531653,0.011521161720156669
F:\Seminario\Seminario-Clustering\datasets\davi\Al Emadi (2019)\Multiclass_Drone_Audio\unknown\5-244459-A-281.wav,Multiclass_Drone_Audio\unknown\5-244459-A-281.wav,al_emadi,5-244459-A-281,1.0216875,0.4302405963963272,7.437464714050293,0.0005070619537077153,0.15176969887355451,-0.0011611208319664001,-0.20301549434661864,0.21201321780681623,0.5179872466664622,7.007935047149658,0.00022361369717868883,0.16652940649433637,0.00021108434884808958,-0.2005611002445221,0.19561779499053955,0.047725045237501894,7.836202144622803,-0.00017793737397935337,0.035846628856033874,8.01989299361594e-05,-0.03779171407222748,0.03840191364288333,0.0018415820591619688,9.0983247756958,-4.894237824039468e-05,0.004987474928569963,-2.5721019483171403e-06,-0.005487446300685405,0.005572048388421536,0.0011735354375085965,10.045225143432617,-5.661183857789013e-06,0.002817451746229116,9.933676665241364e-06,-0.003062807861715555,0.003105141641572119,0.0010319942030381142,11.168719291687012,-2.584821542785696e-06,0.0018690386928207775,1.3182288967072964e-06,-0.0021373653784394265,0.0021604024805128613
F:\Seminario\Seminario-Clustering\datasets\davi\Al Emadi (2019)\Multiclass_Drone_Audio\unknown\1-28808-A-433.wav,Multiclass_Drone_Audio\unknown\1-28808-A-433.wav,al_emadi,1-28808-A-433,1.0216875,0.32641485968781875,8.111099243164062,-0.0019156246390229729,0.5649274075170437,0.013233527541160583,-0.7461604595184326,0.7223741292953495,0.08828667105664016,7.925602912902832,0.03508437516341595,0.2917017377233464,0.018348636105656624,-0.3369960069656372,0.4101812422275544,0.14883061030766082,8.915395736694336,-0.010533308671358864,0.27031838984547096,-0.010135361924767494,-0.3592184275388718,0.32608537673950194,0.36618644917696186,9.619338989257812,-0.0013753757158489425,0.30055993607053416,0.0010589736048132181,-0.36639891266822816,0.3571532249450684,0.06200460652335804,10.805559158325195,-0.00011802949702079505,0.08751837087567153,0.001724684378132224,-0.11394378244876861,0.10852939262986185,0.008276803247560348,11.870771408081055,-3.029870899136523e-05,0.022619832477904247,-7.052859291434288e-05,-0.028549805656075476,0.028536837548017502
F:\Seminario\Seminario-Clustering\datasets\davi\Al Emadi (2019)\Multiclass_Drone_Audio\unknown\2-137162-A-111.wav,Multiclass_Drone_Audio\unknown\2-137162-A-111.wav,al_emadi,2-137162-A-111,1.0216875,0.2570947351260475,7.846653938293457,-0.0038040696335479083,0.16062441255562127,-0.003315241076052189,-0.20544406175613403,0.1957963109016419,0.1712182594201263,7.7493205070495605,-0.007772107155677436,0.13088728453962,-0.005254327319562435,-0.16492560505867004,0.1555259168148041,0.1991799224727843,8.792551040649414,0.0017417115896837406,0.10027501169520535,0.001302183954976499,-0.11848337054252624,0.12918971776962282,0.1875018488828802,9.80882453918457,-0.0014695888074678985,0.06890727231023769,-0.0011461451649665833,-0.08945737183094024,0.08199058771133423,0.14024875412793172,10.86107349395752,6.548125565508135e-05,0.04218063995542596,0.00020950683392584324,-0.05279426835477352,0.0530648022890091,0.04475647997022994,11.86569595336914,-3.347570245420489e-05,0.016856294261196433,-7.537257624790072e-05,-0.02120927721261978,0.02106670066714287
F:\Seminario\Seminario-Clustering\datasets\davi\Al Emadi (2019)\Multiclass_Drone_Audio\unknown\3-155577-A-144.wav,Multiclass_Drone_Audio\unknown\3-155577-A-144.wav,al_emadi,3-155577-A-144,0.95975,0.11823537523283617,7.314891338348389,-0.03315282441625839,0.16092519332707178,-0.03132644668221474,-0.19958916306495667,0.1351480633020401,0.11713569795374891,7.835094451904297,0.005303344811234286,0.16345280273243165,0.0025898831663653255,-0.20941266417503357,0.20942025631666183,0.08815490363170497,8.629940032958984,0.0014443359720736635,0.10061999464451477,0.002053672564215958,-0.11943106353282928,0.11791712045669556,0.059347637170783396,9.592418670654297,0.0009693079536278768,0.05848184253529572,0.0019329816568642855,-0.06973229944705964,0.07031815350055695,0.25555496493497043,10.415351867675781,0.00434120512579514,0.08578065861374136,0.0015767028671689332,-0.0935278743505478,0.1088710673153401,0.3615714210759561,11.216644287109375,0.00021110556540882241,0.07227376114205702,0.00034335878444835544,-0.08237053453922272,0.08346685022115707
F:\Seminario\Seminario-Clustering\datasets\davi\Al Emadi (2019)\Multiclass_Drone_Audio\unknown\2-106015-B-440.wav,Multiclass_Drone_Audio\unknown\2-106015-B-440.wav,al_emadi,2-106015-B-440,1.0216875,0.43440886969303133,8.165409088134766,0.004227823046408954,0.3820300082884444,-0.05043073743581772,-0.44465175867080686,0.5355694532394409,0.36718984879644523,7.97409725189209,0.0005479400053825697,0.3512526035811059,0.0010795663110911846,-0.44492019414901735,0.4549111008644107,0.18340201125285788,8.703152656555176,0.0006142482171713914,0.1760446544954577,0.002376489690504968,-0.21577302664518355,0.21704455316066742,0.010874888411624487,9.92211627960205,-5.011772310789429e-05,0.030364130112820152,0.00047008879482746124,-0.03822739347815513,0.037665149569511426,0.0035698443048549793,10.43942642211914,9.447010854908465e-05,0.012310169641546475,1.727271592244506e-05,-0.013723484147340058,0.01398520153015852,0.0005545375411860904,11.44302749633789,-6.816616320136767e-06,0.0034323190124556317,2.2056512534618378e-05,-0.003964402806013822,0.0038866768591105955
F:\Seminario\Seminario-Clustering\datasets\davi\Al Emadi (2019)\Multiclass_Drone_Audio\unknown\2-78562-B-374.wav,Multiclass_Drone_Audio\unknown\2-78562-B-374.wav,al_emadi,2-78562-B-374,0.95975,0.002149220620100112,2.9443001747131348,0.005435553979937758,0.0783669954251441,-0.00010413237032480538,-0.01605373155325651,0.01793745905160904,0.0004991706911670748,6.724349021911621,-0.004160796264893737,0.037628809459707376,-0.0027988258516415954,-0.04192360304296017,0.029418986290693283,0.004072325292495578,8.831826210021973,-0.00023095725813671353,0.07669793571475104,5.7696146541275084e-05,-0.09448623657226562,0.0957089476287365,0.006304989831967981,9.846521377563477,-0.0009387249388057715,0.06759863538887022,0.0006492898100987077,-0.09006137698888779,0.08421300798654557,0.12466448666392449,10.95227336883545,2.2428147704364747e-05,0.21273191702359978,0.0006585367955267429,-0.2715228140354156,0.2654549032449723,0.8623098069003448,11.897150039672852,-0.0003984695563807658,0.3957997728799712,-0.0037835424300283194,-0.48987871408462524,0.4925936758518219
F:\Seminario\Seminario-Clustering\datasets\davi\Al Emadi (2019)\Multiclass_Drone_Audio\unknown\1-75162-A-90.wav,Multiclass_Drone_Audio\unknown\1-75162-A-90.wav,al_emadi,1-75162-A-90,1.0216875,0.0004211604928008701,5.512875080108643,-0.0003060379511698838,0.009449276786064565,-4.909512426820584e-06,-0.004199510160833597,0.004590724222362044,0.0010409018140903397,7.218523025512695,-0.00040126006810146334,0.014857610437167648,-8.822276868158951e-06,-0.017162174731492993,0.01722986660897732,0.02561169508284884,8.325212478637695,0.0006542189586434151,0.0522800845366179,7.635576139364275e-06,-0.06109380796551704,0.06638743951916695,0.5495105424231546,9.429258346557617,-0.007337705422527791,0.17138272030467402,-1.6733552001824137e-06,-0.2349117636680603,0.20465024411678318,0.4008148881610193,10.346866607666016,3.85691304832862e-06,0.1036696876429751,9.146426691586385e-07,-0.13100017011165618,0.12662686705589296,0.02260081202608611,11.197057723999023,-1.9759108093130663e-05,0.017414556661942915,6.230555982256192e-08,-0.020458504557609558,0.020618814229965237
F:\Seminario\Seminario-Clustering\datasets\davi\Al Emadi (2019)\Multiclass_Drone_Audio\unknown\2-81190-A-344.wav,Multiclass_Drone_Audio\unknown\2-81190-A-344.wav,al_emadi,2-81190-A-344,0.95975,0.0,-0.0,0.0,0.0,0.0,0.0,0.0,0.0,-0.0,0.0,0.0,0.0,0.0,0.0,0.0,-0.0,0.0,0.0,0.0,0.0,0.0,0.0,-0.0,0.0,0.0,0.0,0.0,0.0,0.0,-0.0,0.0,0.0,0.0,0.0,0.0,0.0,-0.0,0.0,0.0,0.0,0.0,0.0
F:\Seminario\Seminario-Clustering\datasets\davi\Al Emadi (2019)\Multiclass_Drone_Audio\unknown\4-172143-A-130.wav,Multiclass_Drone_Audio\unknown\4-172143-A-130.wav,al_emadi,4-172143-A-130,1.0216875,0.7693310685535617,7.976922035217285,-0.00011478466764488753,0.05938361278979778,0.003302604192867875,-0.07800756394863129,0.0761349111795426,0.02800240339937798,7.962388038635254,-4.820812369604024e-05,0.011329337134377521,-0.00040930870454758406,-0.014361236430704593,0.014395065978169443,0.01260159399636087,8.963604927062988,0.00012675552580706392,0.005388304225626028,-1.793153387552593e-05,-0.007014352316036821,0.00707099442370236,0.010312767068217082,9.873594284057617,1.6986118956151285e-05,0.003453563353363513,-2.5200366508215666e-05,-0.004224665369838476,0.004474759381264449,0.008160628826624562,9.658185958862305,1.7462898767250283e-06,0.0021739518249381043,-3.5253315218142234e-06,-0.0018697710707783698,0.0018360287998802963,0.1715915381558578,9.703712463378906,4.1208164562482475e-06,0.007051912471495828,1.4039855159353465e-05,-0.0029537750873714686,0.003072150330990563
F:\Seminario\Seminario-Clustering\datasets\davi\Al Emadi (2019)\Multiclass_Drone_Audio\unknown\5-200334-B-14.wav,Multiclass_Drone_Audio\unknown\5-200334-B-14.wav,al_emadi,5-200334-B-14,0.95975,0.0,-0.0,0.0,0.0,0.0,0.0,0.0,0.0,-0.0,0.0,0.0,0.0,0.0,0.0,0.0,-0.0,0.0,0.0,0.0,0.0,0.0,0.0,-0.0,0.0,0.0,0.0,0.0,0.0,0.0,-0.0,0.0,0.0,0.0,0.0,0.0,0.0,-0.0,0.0,0.0,0.0,0.0,0.0
F:\Seminario\Seminario-Clustering\datasets\davi\Al Emadi (2019)\Multiclass_Drone_Audio\unknown\1-54505-A-211.wav,Multiclass_Drone_Audio\unknown\1-54505-A-211.wav,al_emadi,1-54505-A-211,1.0216875,0.03748779630033521,6.10888671875,-0.00039171353024459847,0.17130389702973275,0.0012048068456351757,-0.11785378754138946,0.11235847026109706,0.061616782467834724,6.34709358215332,-0.0011389528802606855,0.2196175782362101,-6.278885848587379e-05,-0.18877900242805482,0.19012368321418774,0.6236972406425675,7.315713882446289,0.019207611413059624,0.4951451506328859,4.1533849071129225e-05,-0.3257142513990402,0.4811406493186956,0.25155698229873374,8.497735023498535,-2.0831461694911402e-05,0.22290300136233904,-4.666032054956304e-06,-0.21092647314071655,0.19281423389911653,0.023386178352962004,9.726537704467773,8.03749806006528e-06,0.04809284930013687,3.2791145940791466e-06,-0.0529089592397213,0.050987424701452254,0.0022550199375667964,10.529683113098145,6.364901062856512e-06,0.010564448061278158,1.0379799277870916e-06,-0.010518038272857666,0.010516922548413278
F:\Seminario\Seminario-Clustering\datasets\davi\Al Emadi (2019)\Multiclass_Drone_Audio\unknown\1-137-A-320.wav,Multiclass_Drone_Audio\unknown\1-137-A-320.wav,al_emadi,1-137-A-320,1.0216875,0.1833325367665908,7.957776069641113,0.0013731580684549216,0.02282614083716054,0.0017117613460868597,-0.02814747430384159,0.02881915904581547,0.01041963613456026,4.296339511871338,-0.00010449442869574471,0.005450591455450365,-3.731035394594073e-05,-0.001977804210036993,0.0013318355893716242,0.09319306944543639,4.125520706176758,0.00015441561526952433,0.011561094441141178,1.3331544323591515e-05,-0.001220229174941778,0.001054412650410088,0.1533300784030595,5.072011947631836,-0.00014928721194111481,0.01050367543507333,3.284858394181356e-06,-0.0007227470050565898,0.0005732852849178018,0.3856980360847589,5.482520580291748,-0.00023465329294583215,0.011787244653211784,-2.420426426397171e-06,-0.00040536356682423496,0.0003042295749764893,0.17402664316559416,6.574507236480713,7.421147023918662e-06,0.005602126498889487,-5.014908310840838e-07,-0.00014890088059473782,0.00014635177212767348
F:\Seminario\Seminario-Clustering\datasets\davi\Al Emadi (2019)\Multiclass_Drone_Audio\unknown\5-213836-D-94.wav,Multiclass_Drone_Audio\unknown\5-213836-D-94.wav,al_emadi,5-213836-D-94,0.95975,0.056236443932585374,7.829995155334473,-0.007064793933204034,0.23569298400849556,-0.012449332047253847,-0.2931589037179947,0.2791272848844528,0.007073278779147686,7.8487138748168945,-0.004918705888268339,0.08348157078334299,-0.007473294390365481,-0.11106345430016518,0.1119876392185688,0.04972951371112383,8.72863483428955,0.0016182406611309635,0.15727020243262163,0.00576048088259995,-0.1972365379333496,0.18946422636508942,0.49538428455998357,9.692081451416016,0.006002871631221338,0.351595521919639,0.0032533828634768724,-0.44414533376693727,0.43538190722465525,0.3552460471642329,10.231559753417969,-0.00036071227360791775,0.21072845204503324,-0.0005802225205115974,-0.2326161339879036,0.23426886647939685,0.036330431852926656,11.457880020141602,-2.770945684578866e-05,0.04767351915154341,0.0003318109083920717,-0.05582460016012192,0.0555766336619854
F:\Seminario\Seminario-Clustering\datasets\davi\Al Emadi (2019)\Multiclass_Drone_Audio\unknown\1-51805-H-330.wav,Multiclass_Drone_Audio\unknown\1-51805-H-330.wav,al_emadi,1-51805-H-330,1.0216875,0.014515176381487105,7.386495590209961,0.0010697640635332587,0.035062477252366456,0.0014231465756893158,-0.03762100785970688,0.036731041967868826,0.03317472897786159,7.61918830871582,0.0005983556339167539,0.05302852426433611,0.00021292893507052213,-0.06518302708864213,0.07030815035104754,0.04884132919787929,8.660059928894043,-0.00029390017315552837,0.04563173149308992,-0.0007433192513417453,-0.05396013893187046,0.05635475367307665,0.26580977665808414,9.75347900390625,-0.00035423254076438445,0.07540297393228505,-0.0008013347396627069,-0.09365426301956177,0.0961095780134201,0.38757942531544054,10.599136352539062,-0.0007799388440972513,0.06442575114992717,0.000263133566477336,-0.08080001324415206,0.07948615401983261,0.25007956346924737,11.459507942199707,0.00018111408531066257,0.03661133410488463,-0.0001476104953326285,-0.04245367348194122,0.043641570955514915
F:\Seminario\Seminario-Clustering\datasets\davi\Al Emadi (2019)\Multiclass_Drone_Audio\unknown\2-133863-A-112.wav,Multiclass_Drone_Audio\unknown\2-133863-A-112.wav,al_emadi,2-133863-A-112,0.97525,0.07189464606121913,7.652318477630615,0.00180126428990606,0.20482457321592637,-0.0034982248907908797,-0.24492996931076047,0.25285290777683256,0.20564177183350107,7.563472270965576,-0.01926688165809235,0.34588642528132074,-0.019932839088141918,-0.46449686288833614,0.41085873544216156,0.36572138149927885,8.488101959228516,-0.009899560335874519,0.3276850528771826,-0.009164377115666866,-0.38597166538238525,0.3720366656780243,0.21411672990405686,9.502849578857422,-0.003913260703845233,0.17760267731425758,0.003424348426051438,-0.21625147759914398,0.20236898958683014,0.10339655268364338,10.308351516723633,0.0006765413121217483,0.08735503375954634,-4.613307100953534e-05,-0.10101516544818878,0.10424880310893059,0.03922891801830067,11.165207862854004,-6.381171253735939e-08,0.03806543132183513,-9.581656195223331e-05,-0.04378676488995552,0.04340560212731362
F:\Seminario\Seminario-Clustering\datasets\davi\Al Emadi (2019)\Multiclass_Drone_Audio\unknown\5-161270-A-334.wav,Multiclass_Drone_Audio\unknown\5-161270-A-334.wav,al_emadi,5-161270-A-334,0.95975,0.6776412636389589,7.766451835632324,-0.009780836535939648,0.08237109967427281,-0.006126972381025553,-0.11530811339616776,0.0901220478117466,0.2049301624464531,7.480398654937744,-0.0007202595701633278,0.04561041242028603,-0.0015548452211078256,-0.05269801244139671,0.05513405427336693,0.05264926546411869,8.101160049438477,6.244536130270905e-05,0.01639977111817503,3.7550547858700156e-05,-0.01720645371824503,0.0174929266795516,0.03167647322778972,7.3715434074401855,-0.00021291925661579944,0.009008762114110584,-1.7825797840487212e-05,-0.0067419688217341895,0.006527111493051057,0.026896139583458368,7.7889862060546875,-1.6086915241815876e-05,0.0058760433981966615,1.7294521967414767e-05,-0.002917121676728129,0.0029566198587417623,0.006206695639221153,8.758638381958008,-1.2210455106709822e-05,0.001996855192725615,1.7872738681035116e-05,-0.0010697812540456653,0.0010860436595976353
F:\Seminario\Seminario-Clustering\datasets\davi\Al Emadi (2019)\Multiclass_Drone_Audio\unknown\2-69131-B-51.wav,Multiclass_Drone_Audio\unknown\2-69131-B-51.wav,al_emadi,2-69131-B-51,1.0216875,0.0062213714240327974,0.8877010941505432,0.0063926785446526,0.10440447383801331,0.0005503742722794414,-0.024738088995218278,0.02428034357726574,0.002399583495493803,6.977148532867432,0.0008775723566786643,0.0649556495782135,0.004345583729445934,-0.06286553591489791,0.058634592592716216,0.2720210180773623,8.279261589050293,0.0004133045497161956,0.49049934403980605,0.015004435554146767,-0.5061343371868133,0.5519810259342194,0.6732127805551117,9.7440185546875,-0.003030504568924481,0.5465531858457251,0.010445178486406803,-0.7135847449302674,0.6680461168289192,0.0421294896553546,10.70140552520752,-3.638038307070807e-05,0.09675181842662674,0.015264908317476511,-0.13293872773647308,0.10479043945670129,0.0040157567926447715,11.304673194885254,-7.155416079064069e-06,0.02113102557112187,0.0001488131092628464,-0.024221557006239892,0.023608529940247543
F:\Seminario\Seminario-Clustering\datasets\davi\Al Emadi (2019)\Multiclass_Drone_Audio\unknown\4-161100-A-473.wav,Multiclass_Drone_Audio\unknown\4-161100-A-473.wav,al_emadi,4-161100-A-473,1.0216875,0.19698170988289784,7.856642723083496,0.0664466696411256,1.3580804783874225,0.028851255774497986,-1.577596378326416,1.7804708957672135,0.26910614432224506,8.131275177001953,-0.01741217831383879,1.5891594820710522,-0.011228060349822044,-2.1026916980743406,2.0341790676116944,0.21207607551675828,8.994333267211914,0.0204390997002771,1.0003124574869424,0.009311885107308626,-1.2824687242507935,1.3522629737854004,0.13970126766899404,9.890467643737793,0.0017569604615661329,0.5751805533483607,-0.0006837464170530438,-0.717299735546112,0.7269839644432068,0.14681363344654402,10.756193161010742,0.000845930853609145,0.41724536219997305,-0.0020269464002922177,-0.509275871515274,0.5168384671211242,0.03532116916256073,11.677448272705078,-7.584181227716149e-05,0.14477630573622005,0.0019458327442407608,-0.17469592094421385,0.1714916378259659
F:\Seminario\Seminario-Clustering\datasets\davi\Al Emadi (2019)\Multiclass_Drone_Audio\unknown\2-92978-A-290.wav,Multiclass_Drone_Audio\unknown\2-92978-A-290.wav,al_emadi,2-92978-A-290,1.0216875,0.05209185286200179,5.7259416580200195,0.0016529831683580228,0.23850437996500592,7.97118991613388e-05,-0.11887290328741074,0.10779520720243459,0.20219838580519794,5.4976301193237305,0.024352106351177506,0.46927427856804527,0.0005660774186253548,-0.19857429563999177,0.24793275594711306,0.5004589334073442,6.206334114074707,0.005218210021401474,0.524243765348207,0.0011816163314506412,-0.12530301734805105,0.16445347219705594,0.20831953444376755,7.443064212799072,-2.6738223967300578e-05,0.23958583693434826,0.0002697042073123157,-0.07641942203044891,0.0642954707145691,0.033917053558891415,8.467975616455078,0.0002725834080654248,0.06840769043573203,2.305002089997288e-05,-0.031252587214112275,0.03068655524402857,0.0030142399227971483,9.122281074523926,-7.360762859843272e-05,0.014426247661944808,3.301788819953799e-05,-0.007898016460239887,0.007719300407916309
F:\Seminario\Seminario-Clustering\datasets\davi\Al Emadi (2019)\Multiclass_Drone_Audio\bebop_1\mixed_66-bebop_001_.wav,Multiclass_Drone_Audio\bebop_1\mixed_66-bebop_001_.wav,al_emadi,mixed_66-bebop_001,1.024,0.4676214212590457,7.162271499633789,-0.008433421507377076,0.3280668641369806,-0.004519195528700948,-0.33811705112457274,0.33733700513839726,0.08971516646626485,7.965818881988525,-0.006698181432659259,0.14358845355254982,0.0037293924251571298,-0.19124936312437057,0.16910845786333087,0.1286320555829805,9.09170913696289,-0.0010236320903556403,0.12205742475454029,0.0006529724050778896,-0.16336087882518768,0.1543832764029503,0.04103644437574753,9.915275573730469,0.0002876471406810789,0.0488203151052945,0.0013196173240430653,-0.06304928734898567,0.061165934428572655,0.08510546352199434,10.95241641998291,0.0003498051905088441,0.049756130808695155,0.0004989718436263502,-0.06361396610736847,0.06291083991527557,0.18788944879396707,12.137457847595215,0.00011204027014828126,0.05229970075287216,-0.0004982240498065948,-0.0683417946100235,0.06911579668521883
F:\Seminario\Seminario-Clustering\datasets\davi\Al Emadi (2019)\Multiclass_Drone_Audio\unknown\1-59513-A-04.wav,Multiclass_Drone_Audio\unknown\1-59513-A-04.wav,al_emadi,1-59513-A-04,0.95975,0.004360225160657519,6.818572521209717,-0.0005071129469745198,0.04776766344400229,0.00025650474708527327,-0.0459892712533474,0.04030691087245941,0.47517299185741263,5.913230895996094,-0.03726450320931907,0.49729485535929785,-0.0009723976254463196,-0.2907601147890091,0.16167884320020676,0.4295848134591846,7.2562479972839355,-0.005634424035076484,0.3362769380816662,0.00029088990413583815,-0.21188600361347198,0.2374682053923607,0.08336638139202728,7.926608085632324,7.884742022016125e-05,0.10495475396222662,-9.527028305456042e-05,-0.07042577564716339,0.06661747843027119,0.007274125078631004,8.619812965393066,2.3946817405564128e-05,0.021939188792306503,2.1471281797857955e-05,-0.011826852429658174,0.013584685605019341,0.0002414630520869355,9.867759704589844,6.775091926905351e-07,0.00282773416506464,-9.832499927142635e-06,-0.0018168127862736583,0.0018835895461961627
F:\Seminario\Seminario-Clustering\datasets\davi\Al Emadi (2019)\Multiclass_Drone_Audio\unknown\4-161103-A-471.wav,Multiclass_Drone_Audio\unknown\4-161103-A-471.wav,al_emadi,4-161103-A-471,1.0216875,0.2726908965059453,8.104829788208008,0.0298873825463497,1.0566160802795133,-0.035396039485931396,-1.370967411994934,1.488553762435914,0.06993040590601476,8.029459953308105,-0.038547734290854986,0.5338995769215457,-0.04350706562399864,-0.6795975089073181,0.670294988155365,0.16918345129545387,8.84637451171875,0.01904677635295215,0.5901428335722477,0.0012270795414224267,-0.7071174681186676,0.7904669880867006,0.2740334358300756,9.669292449951172,-0.002426188080844023,0.5322640555414211,-0.005020936485379934,-0.6358439207077027,0.6333967447280884,0.1830623938279149,10.65524673461914,-0.000616175185428892,0.30784473351060027,-0.0022797295823693275,-0.36510715186595916,0.3676751017570496,0.03109941663459554,11.462955474853516,-5.273589872253344e-05,0.08975939319846156,-0.00012026727199554443,-0.1044717252254486,0.10322865247726444
F:\Seminario\Seminario-Clustering\datasets\davi\Al Emadi (2019)\Multiclass_Drone_Audio\unknown\4-201800-A-310.wav,Multiclass_Drone_Audio\unknown\4-201800-A-310.wav,al_emadi,4-201800-A-310,1.0216875,0.7099469980003559,4.943184852600098,0.00013807800975383248,0.09349777774319908,-6.923693945282139e-06,-0.02547948844730854,0.029762204736471183,0.014556892501088962,3.607975721359253,0.00018724682753896044,0.013386920034970787,-2.5692309009173186e-06,-0.002332690125331283,0.0017620604950934662,0.04154883307263844,4.320696830749512,-0.0004128314603323203,0.01603515147602067,1.5146317764447303e-06,-0.0018956279149278997,0.0021536705549806408,0.019747855117485707,4.308271884918213,0.00015456788839228084,0.007831383692273526,1.4779288903810084e-12,-0.0009867108426988124,0.0008678707526996733,0.04750813441735726,5.253493785858154,-4.687733721979365e-05,0.008596938237234421,0.0,-0.0006042980065103619,0.0006729498214554043,0.16669128689107374,6.281131267547607,-1.1903448396316321e-05,0.011391825072490674,0.0,-0.0005782091524451971,0.0005495159886777406
F:\Seminario\Seminario-Clustering\datasets\davi\Al Emadi (2019)\Multiclass_Drone_Audio\unknown\1-254507-A-431.wav,Multiclass_Drone_Audio\unknown\1-254507-A-431.wav,al_emadi,1-254507-A-431,1.0216875,0.5859899413865509,7.7847394943237305,0.0056354568449769535,1.414234429601074,0.22604787349700928,-2.094416379928589,1.5600138664245606,0.18583633403857167,7.379650115966797,-0.006707494736178932,0.7963970861287789,0.021228034049272537,-0.8948821067810059,0.9391021847724916,0.05304197082956119,8.1411714553833,0.002927246192222867,0.3017295681403903,0.0020804089726880193,-0.34142090380191803,0.3559200972318658,0.041182222473881376,8.445186614990234,0.0010375107242447392,0.18832256487332394,0.000578605046030134,-0.16775740683078766,0.1671895921230316,0.12205224697678503,9.040364265441895,-0.0005399513633723364,0.22941875380982257,0.0007004803046584129,-0.189271205663681,0.18514323234558117,0.011897284294649786,10.015244483947754,-9.956726881055718e-06,0.0506701216720086,2.0076637156307697e-05,-0.04068058878183365,0.04125789850950242
F:\Seminario\Seminario-Clustering\datasets\davi\Al Emadi (2019)\Multiclass_Drone_Audio\unknown\3-152007-C-202.wav,Multiclass_Drone_Audio\unknown\3-152007-C-202.wav,al_emadi,3-152007-C-202,0.97525,0.020851651126945057,2.8275492191314697,0.004232787888327499,0.08545115157835884,6.992960697971284e-05,-0.02201107870787382,0.019923126325011253,0.08323651978556533,5.134635925292969,-0.009953669814490149,0.17064723376113272,-0.00018408268078928813,-0.07293147966265678,0.05223403684794898,0.7377346514946966,6.300375938415527,0.0007103983766530113,0.36112542541893417,8.987367436930072e-06,-0.032588180154561996,0.03746800869703293,0.10414014552159126,6.38644552230835,-0.0006514981407813575,0.09608552591726176,-4.5000169848208316e-05,-0.025265149772167206,0.022284711711108685,0.04655373049543975,8.071778297424316,8.392203887933717e-05,0.045462539250566585,-1.0146578460989986e-05,-0.02210605051368475,0.0229276642203331,0.007483301575761975,10.663912773132324,3.912851016839649e-05,0.012894409694599304,-4.955106760462513e-06,-0.013263331726193426,0.013732911460101613
F:\Seminario\Seminario-Clustering\datasets\davi\Al Emadi (2019)\Multiclass_Drone_Audio\unknown\3-143560-A-470.wav,Multiclass_Drone_Audio\unknown\3-143560-A-470.wav,al_emadi,3-143560-A-470,1.0216875,0.1253860381234495,6.706170082092285,0.000690987552412582,0.07029112906937145,0.0017827674746513367,-0.07830304652452469,0.0725001454353333,0.27558931250051605,7.462685585021973,-0.006576667503972593,0.10400675912663808,-0.0026812334544956684,-0.1308445602655411,0.10489597022533423,0.26399986128295455,8.555299758911133,0.0005833209932263436,0.07233247820624837,-0.00030319934739964083,-0.0834704503417015,0.08298180401325227,0.2539932769589005,9.73019790649414,-5.493020135322981e-05,0.05025532092105763,0.000697813113220036,-0.06043666452169418,0.06121750473976137,0.07803722419344442,10.769315719604492,-2.9283591565780415e-05,0.019711732238677507,-0.0001452790093026124,-0.02406851090490818,0.024266043864190578,0.0029942869407349865,11.82546615600586,-2.1369341873858462e-06,0.00273144050980859,1.4809760614298284e-05,-0.0033700171392410994,0.0034309304784983403
F:\Seminario\Seminario-Clustering\datasets\davi\Al Emadi (2019)\Multiclass_Drone_Audio\bebop_1\B_S2_D1_088-bebop_002_.wav,Multiclass_Drone_Audio\bebop_1\B_S2_D1_088-bebop_002_.wav,al_emadi,B_S2_D1_088-bebop_002,1.024,0.8194885648650798,7.164739608764648,0.0019499736579142253,0.6260269769530136,0.0011862078681588173,-0.6922000706195831,0.6837913751602174,0.03135017297102346,6.234162330627441,-0.0004613546528278142,0.1224448723927712,-0.001169596565887332,-0.11345582082867622,0.09968852773308755,0.010893646837667983,8.935781478881836,0.00048576791651232747,0.05118433572087502,-0.0003894837573170662,-0.06315093040466309,0.067667955160141,0.03523978963691243,9.92402458190918,-0.0038457173975713927,0.0650800812617259,-0.0025465551298111677,-0.08665090873837471,0.07801983654499055,0.05829180600416288,10.890718460083008,0.00027630151050453763,0.05933934589932619,0.0010551613522693515,-0.0766647681593895,0.07438952475786209,0.04473601968515339,11.935701370239258,7.517024164990556e-05,0.036774083197321145,0.0002441510441713035,-0.04623853787779808,0.04743785336613656
F:\Seminario\Seminario-Clustering\datasets\davi\Al Emadi (2019)\Multiclass_Drone_Audio\unknown\1-18074-A-61.wav,Multiclass_Drone_Audio\unknown\1-18074-A-61.wav,al_emadi,1-18074-A-61,1.0216875,0.42197175673061615,4.563221454620361,-0.0024138199818413797,0.025939548906323495,-0.0008055982179939747,-0.017153124511241912,0.017071248963475227,0.06430806479437562,4.353524208068848,0.0007951723958600477,0.0101389775908442,7.43937271181494e-05,-0.003703730087727308,0.00403541885316372,0.4066787035819873,5.424035549163818,0.0002505876989262849,0.018135351438953416,-9.099763701669872e-05,-0.004243500251322984,0.005791830550879249,0.09912003924050024,7.225661754608154,4.441017107082606e-06,0.006342316144498003,-4.923516826238483e-06,-0.002022939035668969,0.002081553032621742,0.006115826393498965,8.657425880432129,2.714429917067028e-06,0.00111479941100205,1.3258027593110455e-05,-0.0007698825094848871,0.000755584565922618,0.0018056092590217438,11.390568733215332,1.9827595394879284e-06,0.00042849771072588403,2.5427270884392783e-06,-0.000503946712706238,0.0004991242079995575
F:\Seminario\Seminario-Clustering\datasets\davi\Al Emadi (2019)\Multiclass_Drone_Audio\unknown\4-171207-A-124.wav,Multiclass_Drone_Audio\unknown\4-171207-A-124.wav,al_emadi,4-171207-A-124,0.95975,0.9937354054216779,8.013530731201172,0.009862635376644724,0.7205973599282657,0.021156958304345608,-0.9578535556793213,0.937877893447876,0.0045933287503414485,7.760798454284668,-0.0003186922641126094,0.04899508913283256,-0.0027633615536615252,-0.05986502952873707,0.061412228271365166,0.0010363662320978977,8.34589958190918,0.00035925167101757375,0.01650369871446969,-0.0001907465630210936,-0.018010430969297886,0.01871421840041876,0.00027423655852320704,8.763296127319336,3.551169497780381e-05,0.00601527959852334,-0.0001557901268824935,-0.005909434519708157,0.006116149853914981,0.00013136915363722433,6.351495742797852,2.475765498054483e-05,0.0029461564130923226,2.3399887140840292e-05,-0.0018165635992772877,0.0017414603149518372,0.00022929388372229702,8.033105850219727,3.5582200690077007e-06,0.0027536141441815757,5.1309471018612385e-06,-0.0014645076589658856,0.0014481095131486654
F:\Seminario\Seminario-Clustering\datasets\davi\Al Emadi (2019)\Multiclass_Drone_Audio\unknown\1-254507-A-432.wav,Multiclass_Drone_Audio\unknown\1-254507-A-432.wav,al_emadi,1-254507-A-432,0.97525,0.914803899068391,7.924397945404053,0.002738669831381153,0.5345698859089422,0.11892779171466827,-0.8400001049041748,0.5879101932048797,0.07017231899370086,7.779179573059082,0.0006278656222310807,0.14805572761235852,0.006883565569296479,-0.18745940774679182,0.18055186867713927,0.008513967459964371,8.73656177520752,-0.0014575021895928883,0.03656760013771402,-7.418543100357056e-05,-0.048477284610271454,0.04433894902467728,0.004883536914487471,9.768774032592773,6.540846337594286e-05,0.01962863297027158,0.00032934144837781787,-0.024559522047638893,0.024545776657760143,0.0014603960104534787,10.742146492004395,-1.2645860054423862e-05,0.0075958828251771,5.5847776820883155e-05,-0.009345346130430698,0.009266817010939121,0.00016588155300281834,11.589590072631836,3.1632813061978296e-06,0.0018110131443156779,2.1886371541768312e-06,-0.002164557389914989,0.0021939602680504326
F:\Seminario\Seminario-Clustering\datasets\davi\Al Emadi (2019)\Multiclass_Drone_Audio\unknown\4-181999-A-360.wav,Multiclass_Drone_Audio\unknown\4-181999-A-360.wav,al_emadi,4-181999-A-360,1.0216875,0.07931959449898053,8.042919158935547,-0.05576838049641315,0.3547597435298436,-0.06589540094137192,-0.5099782466888427,0.4018918037414553,0.14156727808074665,7.9767746925354,0.02722544215234065,0.4789895566167335,0.02034817263484001,-0.5922743678092957,0.636752450466156,0.09456897252869378,8.905027389526367,-0.004243323870129151,0.27804654387813055,-0.007399563444778323,-0.35693253576755524,0.35660476386547096,0.16764060505721132,9.875166893005371,0.0022200480774599513,0.2622366296706609,0.00023515126667916775,-0.32750073075294495,0.33032125830650333,0.248065204456176,10.962879180908203,-6.402909319945916e-05,0.22573836537418884,0.0005287627864163369,-0.2907365322113037,0.2903375893831253,0.26883834537819173,12.100574493408203,0.00014259545380667388,0.16624122768632346,-0.0026776620652526617,-0.21715241968631743,0.21664933264255545
F:\Seminario\Seminario-Clustering\datasets\davi\Al Emadi (2019)\Multiclass_Drone_Audio\unknown\4-117630-A-251.wav,Multiclass_Drone_Audio\unknown\4-117630-A-251.wav,al_emadi,4-117630-A-251,1.0216875,0.987266413587436,7.914185523986816,0.014381469336921093,0.3697695397602434,-0.030915912240743637,-0.42374908924102783,0.5136082291603089,0.0012337994948832254,6.2562479972839355,-0.0007731341892266574,0.01305884206344639,-0.00010918083717115223,-0.010915049724280835,0.009501239843666555,0.0014296564542461635,7.3823041915893555,-0.00033672175645255907,0.00998067024539233,-0.00010707488399930298,-0.009400409366935491,0.008023490104824314,0.0029975272313658256,7.351861000061035,-0.00023399527626861616,0.010239640104612228,-3.5472679883241653e-05,-0.007674595527350903,0.006960799917578697,0.0052908573792993996,6.124871730804443,-0.00010032698291188363,0.009628509667895737,9.903342288453132e-06,-0.00437745419330895,0.004462381592020393,0.0017817458527693492,6.726565361022949,-8.076658974658732e-06,0.003952869181124325,-7.67395249567926e-06,-0.001933937706053257,0.0018535936484113346
F:\Seminario\Seminario-Clustering\datasets\davi\Al Emadi (2019)\Multiclass_Drone_Audio\unknown\5-209719-A-242.wav,Multiclass_Drone_Audio\unknown\5-209719-A-242.wav,al_emadi,5-209719-A-242,0.97525,0.0,-0.0,0.0,0.0,0.0,0.0,0.0,0.0,-0.0,0.0,0.0,0.0,0.0,0.0,0.0,-0.0,0.0,0.0,0.0,0.0,0.0,0.0,-0.0,0.0,0.0,0.0,0.0,0.0,0.0,-0.0,0.0,0.0,0.0,0.0,0.0,0.0,-0.0,0.0,0.0,0.0,0.0,0.0
F:\Seminario\Seminario-Clustering\datasets\davi\Al Emadi (2019)\Multiclass_Drone_Audio\unknown\1-51805-H-334.wav,Multiclass_Drone_Audio\unknown\1-51805-H-334.wav,al_emadi,1-51805-H-334,0.95975,0.8836342165865485,7.2465009689331055,-0.00013925536019955627,0.08912935572865076,0.0012236360926181078,-0.09555607289075851,0.10136405751109123,0.02832820692204049,7.463080406188965,0.0010072862235353751,0.015926771565708635,0.0002812517050188035,-0.018646467477083206,0.022132945246994495,0.021889225913261808,8.46755599975586,0.0003481388708051381,0.009944061367208741,-1.9553550373530015e-05,-0.011793875135481358,0.013241435401141644,0.03947483885533514,9.16756820678711,7.334193927628993e-05,0.009465312179173261,1.8357590306550264e-05,-0.010964641720056534,0.01119807995855809,0.022681460203531144,10.199675559997559,1.2368701132491669e-05,0.005077450427086198,-1.0016970918513834e-05,-0.00595328826457262,0.006142032891511919,0.003992051519282887,11.209577560424805,-3.943931624876893e-06,0.0015069223417044782,1.7990641936194152e-06,-0.0018105224007740617,0.001815696945413947
F:\Seminario\Seminario-Clustering\datasets\davi\Al Emadi (2019)\Multiclass_Drone_Audio\bebop_1\B_S2_D1_110-bebop_003_.wav,Multiclass_Drone_Audio\bebop_1\B_S2_D1_110-bebop_003_.wav,al_emadi,B_S2_D1_110-bebop_003,1.024,0.6176501713064964,7.5898284912109375,-0.003160900154967278,0.4145620877872227,-0.024104701355099678,-0.47142359912395476,0.5074567556381228,0.027770184542794396,7.975529670715332,-0.0002761317466917847,0.08790593485364372,-0.0006475252448581159,-0.11511333286762238,0.11197109892964363,0.023685319553320608,8.943442344665527,-0.0002885872866049662,0.05757200790320266,0.0027025415329262614,-0.07404555454850197,0.07068806514143944,0.07566613978635045,9.916879653930664,-0.00021774879831411742,0.07286927487800605,0.0016226285952143371,-0.09412293583154678,0.09408837109804155,0.14401129853296396,10.967667579650879,0.0012704500423032828,0.07113444681754832,0.0018679131753742695,-0.09067702293395996,0.09200023859739304,0.11121688627807423,11.928601264953613,1.714169339876613e-06,0.04422895678620511,0.00037931965198367834,-0.056614287197589874,0.05591129064559937
F:\Seminario\Seminario-Clustering\datasets\davi\Al Emadi (2019)\Multiclass_Drone_Audio\unknown\4-182039-A-301.wav,Multiclass_Drone_Audio\unknown\4-182039-A-301.wav,al_emadi,4-182039-A-301,1.0216875,0.99958604557489,5.892218112945557,0.0006679888040987447,0.09730295640802127,0.0006885251495987177,-0.07227920442819595,0.05426005423069006,0.00022096590333180708,6.470803260803223,-2.2739437121506808e-05,0.001446555753185032,2.904169559769798e-05,-0.0012747541768476367,0.0011697651818394664,3.969324433683227e-05,7.3464765548706055,-1.1439735802744965e-05,0.0004346932009852292,-4.4836315282736905e-06,-0.00042897488456219437,0.00041625134763307876,3.1261063861980426e-05,8.987136840820312,-1.418845755149697e-06,0.0002733357910148896,-5.014066118746996e-06,-0.00032870005816221237,0.00031329111661762,4.6374022587145804e-05,10.931804656982422,1.1387359071765305e-06,0.00023557866676464598,-3.6146811908110976e-06,-0.00029516790236812086,0.00030753390165045864,7.566019099232047e-05,11.932920455932617,-1.2358309538836218e-06,0.00021286333253582866,-1.1579104466363788e-06,-0.00027177203446626663,0.0002682293299585582
F:\Seminario\Seminario-Clustering\datasets\davi\Al Emadi (2019)\Multiclass_Drone_Audio\unknown\2-25292-A-220.wav,Multiclass_Drone_Audio\unknown\2-25292-A-220.wav,al_emadi,2-25292-A-220,1.0216875,0.008141471268098627,5.883217811584473,-0.0032138903751548036,0.10578281016671484,0.00022167507268022746,-0.10326470881700515,0.1000700905919075,0.04447018124583579,7.693377494812012,-0.004755829031489633,0.2472966116001005,-9.288677392760292e-05,-0.2958164751529694,0.30983623266220106,0.4723540382968526,8.598973274230957,-0.0004662396605054857,0.5716712951268574,-1.988950393183586e-05,-0.7103160500526429,0.682038700580597,0.24253513496261794,9.332910537719727,-0.001268347606016073,0.29014927131975754,-0.00025702989660203457,-0.3370138108730316,0.3370731592178345,0.20828476432790563,9.970417022705078,0.0005002996478797571,0.19026929572792486,-0.00045638237497769296,-0.20111761391162872,0.2024432376027107,0.024214409898689452,10.508932113647461,-0.00011321229635296688,0.045893152505875986,0.00014366718824021518,-0.04587099328637123,0.044992032647132876
F:\Seminario\Seminario-Clustering\datasets\davi\Al Emadi (2019)\Multiclass_Drone_Audio\unknown\5-234247-A-373.wav,Multiclass_Drone_Audio\unknown\5-234247-A-373.wav,al_emadi,5-234247-A-373,1.0216875,0.010098787003960065,2.5144219398498535,0.005205677539637993,0.049824347251255674,7.099180947989225e-06,-0.005570751894265413,0.005482286028563976,0.0017642018621985632,7.624802589416504,-0.0008572703462919446,0.02092061288353416,-0.0004847731033805758,-0.025907352566719055,0.02330055125057698,0.2573887246256637,8.706598281860352,-0.00207191817497267,0.1793407955889234,0.00034853331453632563,-0.27133642733097074,0.27192314565181747,0.16206236061010904,9.289470672607422,0.0001287640195114772,0.10080442836142915,-0.0004672865034081042,-0.12891214191913605,0.13185130059719088,0.48267210587688514,10.690483093261719,0.00024187250086717314,0.12310262401137538,0.0007762090244796127,-0.1774346113204956,0.17739887386560446,0.08601382002118353,11.558591842651367,-5.272132022607946e-06,0.03676181791141194,0.00013134695473127067,-0.04947817996144294,0.049526871740818094
F:\Seminario\Seminario-Clustering\datasets\davi\Al Emadi (2019)\Multiclass_Drone_Audio\bebop_1\B_S2_D1_110-bebop_002_.wav,Multiclass_Drone_Audio\bebop_1\B_S2_D1_110-bebop_002_.wav,al_emadi,B_S2_D1_110-bebop_002,1.024,0.8486561800173105,6.893534183502197,-8.033056703888771e-05,0.7735872912584907,0.008113318122923374,-0.8060384333133698,0.8079110622406008,0.02620857585265715,7.10944938659668,0.0007618993303188371,0.1359434687145282,-0.0015750332968309522,-0.13539607375860213,0.15138685852289202,0.009431924094578692,8.90542221069336,7.415629292666478e-05,0.05783483663092388,-0.0011700580944307148,-0.071499203145504,0.07811597958207132,0.026228601141490025,9.904792785644531,8.156077288526012e-05,0.0682960167556316,6.431946530938148e-05,-0.08545526266098022,0.08975126817822457,0.0505853625597733,10.894474029541016,-0.0016873427335517737,0.06710249002064529,-0.0015291270101442933,-0.08666949719190598,0.08369956165552139,0.03888935633419036,11.929473876953125,9.154232297685195e-06,0.04163410507105632,-0.0003092220285907388,-0.05266648754477501,0.053500138223171234
F:\Seminario\Seminario-Clustering\datasets\davi\Al Emadi (2019)\Multiclass_Drone_Audio\unknown\5-207836-A-292.wav,Multiclass_Drone_Audio\unknown\5-207836-A-292.wav,al_emadi,5-207836-A-292,0.97525,0.0670408094959623,7.650768280029297,2.694106590085727e-06,0.011856720443607154,-0.00024031035718508065,-0.014818572718650102,0.014487693179398775,0.13869248730674508,6.559671878814697,0.0003353398295016834,0.01705051356519905,-8.308704309456516e-06,-0.015092589892446995,0.01558385556563735,0.08023519775485821,7.656935214996338,4.257205167863491e-05,0.009204533363691883,0.00015036034164950252,-0.008259424939751625,0.00847223773598671,0.22289009472815757,7.543918609619141,1.8221409685912365e-05,0.010864726328106597,2.881849286495708e-05,-0.007231676951050758,0.007852190174162388,0.2814711724963657,7.057513236999512,-1.1742358729473813e-05,0.008639903260892987,-1.9365688785910606e-07,-0.0039893221110105515,0.004227692959830165,0.20967023821791114,7.098196506500244,-6.939227962982627e-06,0.00527521314670098,7.856513548176736e-06,-0.0018838349496945739,0.0018672006903216244
F:\Seminario\Seminario-Clustering\datasets\davi\Al Emadi (2019)\Multiclass_Drone_Audio\unknown\1-19872-B-364.wav,Multiclass_Drone_Audio\unknown\1-19872-B-364.wav,al_emadi,1-19872-B-364,0.95975,0.18109168414663696,7.894779205322266,-0.0068568395989192,0.18725947190857042,-0.015281341038644314,-0.23452942818403244,0.23619531840085983,0.37730040508421553,8.363648414611816,0.0010121448033531446,0.2704743607258697,-0.006962149403989315,-0.3517647534608841,0.35928715765476227,0.16110078805307423,8.825517654418945,0.002420362166209073,0.12533805566904901,0.004988197702914476,-0.15510810166597366,0.16421541571617126,0.11389044942306446,9.932170867919922,-0.00015391198065518947,0.07466739557147976,-0.0005728662945330143,-0.09606103897094727,0.09675230234861373,0.10324864395619987,10.859380722045898,0.00013034838116940975,0.05030980862451329,3.545566869433969e-05,-0.06388917863368988,0.06472641453146935,0.06336802933680895,11.827845573425293,-7.05737760996028e-05,0.027882291196285106,-0.00010224443394690752,-0.03567584231495857,0.03498832508921623
F:\Seminario\Seminario-Clustering\datasets\davi\Al Emadi (2019)\Multiclass_Drone_Audio\unknown\4-161579-B-404.wav,Multiclass_Drone_Audio\unknown\4-161579-B-404.wav,al_emadi,4-161579-B-404,0.95975,0.5520116030625701,7.711424827575684,0.0687336234621121,0.5253907806607823,0.04331559129059315,-0.5851140022277832,0.7211534082889557,0.15639077586778738,7.806144714355469,0.0004015210958450665,0.2820320555495494,0.00347561773378402,-0.3783683031797409,0.3554062396287918,0.22735799107561594,8.723624229431152,0.00046837977644665393,0.24119994691026217,0.009381081908941269,-0.30706050992012024,0.2958802133798599,0.050914308995642234,9.77231502532959,-0.0015065017877775547,0.08084266728439045,6.22742809355259e-05,-0.10174448043107986,0.09835056215524675,0.011307371434386385,10.742956161499023,1.9907357834448407e-05,0.026965004625385907,0.0006001840811222792,-0.03355895467102528,0.033689246699214005,0.002017949563997922,11.75069522857666,-1.226280902468206e-05,0.008058556245574028,-1.9085942767560482e-05,-0.00985909067094326,0.010179197415709496
F:\Seminario\Seminario-Clustering\datasets\davi\Al Emadi (2019)\Multiclass_Drone_Audio\unknown\3-111102-A-464.wav,Multiclass_Drone_Audio\unknown\3-111102-A-464.wav,al_emadi,3-111102-A-464,0.95975,0.07448341780026461,7.84687614440918,0.0031547786254980006,0.13229597206914523,0.0037297531962394714,-0.166793093085289,0.17125196754932404,0.18887164969756787,7.7259931564331055,0.0010471236590227043,0.21072608629110273,-0.0063547848258167505,-0.24942197650671005,0.26962710916996,0.4322241334271339,8.72193717956543,0.01171898660588649,0.22580847616840588,0.00812293915078044,-0.26710890233516693,0.29867811501026154,0.27126825001510935,9.722528457641602,0.00029768831666571074,0.12689406989829277,7.780978921800852e-05,-0.1614181250333786,0.15939050912857067,0.03196405817026994,10.630147933959961,2.960199460510308e-06,0.030824615802170153,0.0001050559149007313,-0.03788693621754646,0.03769454434514051,0.0011884908896543488,11.583224296569824,1.5151105303528936e-06,0.004204819957862216,-1.757021527737379e-05,-0.005012357607483864,0.0052255988121032715
F:\Seminario\Seminario-Clustering\datasets\davi\Al Emadi (2019)\Multiclass_Drone_Audio\unknown\2-109759-B-260.wav,Multiclass_Drone_Audio\unknown\2-109759-B-260.wav,al_emadi,2-109759-B-260,1.0216875,0.01455967599626587,3.5081958770751953,0.012410075745114794,0.10464821344374177,0.0017405255930498242,-0.030402816832065582,0.03133947104215623,0.020924233888613322,5.063534736633301,0.00954189820000233,0.12597109765219736,0.000531959580257535,-0.04681470468640327,0.06427118480205544,0.29774022027882086,6.329422473907471,0.019361964100960492,0.337397614674212,0.00299686414655298,-0.1350799486041069,0.19006386548280715,0.5838812878513499,7.827658176422119,-0.0028310111878691365,0.3352042792396429,-0.0001695774553809315,-0.2408944249153137,0.21591099202632907,0.07051696491018938,9.245661735534668,-0.00043750573476105753,0.08243404749664612,0.00024375544307986274,-0.06630507409572602,0.06700010001659394,0.012377617074760731,10.232111930847168,-6.625186632100178e-05,0.024431699168006395,-2.6385987439425662e-06,-0.020137080922722816,0.01970005370676518
F:\Seminario\Seminario-Clustering\datasets\davi\Al Emadi (2019)\Multiclass_Drone_Audio\unknown\4-199261-A-01.wav,Multiclass_Drone_Audio\unknown\4-199261-A-01.wav,al_emadi,4-199261-A-01,1.0216875,0.037544178246014234,2.3974483013153076,-0.011518657361424071,0.11536999108553683,-4.84134943690151e-06,-0.007762375101447105,0.007493609376251698,0.24749125036407085,6.080637454986572,-0.008706566488714295,0.2975565308621172,-8.731026173336431e-05,-0.20620234906673432,0.1032616883516312,0.5992087918333475,6.849249362945557,0.0015421229286810077,0.32847959641978913,5.402552960731555e-05,-0.14234156757593153,0.12429450228810311,0.10393142285919348,7.745923042297363,6.103724894637441e-05,0.09689984034848492,-2.484294782334473e-06,-0.06701951771974564,0.039214282482862496,0.011419944345437794,8.630204200744629,-2.2247477866313047e-05,0.02272922625536406,-1.0247279988107039e-05,-0.010673169326037166,0.005953931901603941,0.0004044123519361483,9.615490913391113,4.293204725432435e-07,0.0030257697657860975,-2.4312985260621645e-06,-0.0011894821655005214,0.000802598590962589
F:\Seminario\Seminario-Clustering\datasets\davi\Al Emadi (2019)\Multiclass_Drone_Audio\unknown\4-218199-G-354.wav,Multiclass_Drone_Audio\unknown\4-218199-G-354.wav,al_emadi,4-218199-G-354,0.95975,0.49888070131390205,8.00512409210205,-0.004196242429316044,0.13535220560496697,-0.011708134319633245,-0.18347936868667603,0.18999505043029785,0.19673566689827784,7.697790145874023,0.004804574651404096,0.08490297317370926,0.00542225269600749,-0.10116272047162056,0.10558431595563889,0.23272664337627033,8.74327278137207,0.0009356410198087667,0.06559701116655361,0.0019025533692911267,-0.08196583390235901,0.08175483345985413,0.03488751871447227,9.701394081115723,-0.00010849327208812942,0.017993080315057162,-0.0001561692770337686,-0.02184518314898014,0.022136176377534872,0.021795377817481077,10.623270988464355,0.0001268860783955964,0.010063515843996855,0.0002506973978597671,-0.012176063004881143,0.012427825760096323,0.014974091879596424,11.599104881286621,-4.5149872090945964e-05,0.005901228010493666,-6.296753417700529e-05,-0.007428156211972237,0.007127056363970041
F:\Seminario\Seminario-Clustering\datasets\davi\Al Emadi (2019)\Multiclass_Drone_Audio\unknown\4-150364-A-463.wav,Multiclass_Drone_Audio\unknown\4-150364-A-463.wav,al_emadi,4-150364-A-463,1.0216875,0.017999822728750055,7.679318428039551,-0.0025786843900235524,0.17844527300087246,-0.0066792964935302734,-0.21338112354278566,0.2124666035175324,0.08000111272518488,7.876847267150879,0.010795577486429356,0.3760845046498944,-0.007151762954890728,-0.4537239670753479,0.48525584936141986,0.37717473967296195,8.046364784240723,-0.001207752953236379,0.5793424610970854,0.003007663181051612,-0.6150981783866882,0.5908648431301119,0.3496836721917694,9.815666198730469,-0.0004952905080660726,0.395118967983522,-0.004255964886397123,-0.5165500521659852,0.5065671443939209,0.15260491315582128,10.66600513458252,0.0021581819204609357,0.18469211555176548,0.00411229464225471,-0.2240622118115425,0.22283247113227844,0.02253573952551249,11.403053283691406,4.009365608581518e-06,0.05021118286996847,-0.00013569627481047064,-0.0565636970102787,0.056626050174236296
F:\Seminario\Seminario-Clustering\datasets\davi\Al Emadi (2019)\Multiclass_Drone_Audio\unknown\3-149448-A-174.wav,Multiclass_Drone_Audio\unknown\3-149448-A-174.wav,al_emadi,3-149448-A-174,0.95975,0.001965820341176723,7.152488708496094,-6.691205073268979e-05,0.0027538841174493526,-8.501973206875846e-05,-0.00303577387239784,0.002810629433952272,0.004709303890613133,6.594513416290283,-7.312476142021891e-05,0.004263010344991172,-1.1012914910679683e-05,-0.0041123079136013985,0.0039032362401485443,0.0414236468313468,7.253142356872559,-2.209149247664943e-05,0.008969212327267419,-4.068403177370783e-05,-0.007076956098899245,0.007536121178418398,0.5049950344456909,7.2669758796691895,-0.0006516789913604788,0.022174853067518322,2.791895531117916e-05,-0.014878757670521736,0.013803284615278247,0.28225419445790745,8.395313262939453,-1.6155402497206402e-05,0.011736758083046509,8.731551497476175e-05,-0.008199860900640487,0.00827938783913851,0.16465200003326494,8.491792678833008,-0.00022812681624849977,0.006337434407167786,-3.676322194223758e-06,-0.0033058319240808487,0.0029876879416406155
F:\Seminario\Seminario-Clustering\datasets\davi\Al Emadi (2019)\Multiclass_Drone_Audio\unknown\2-127108-A-383.wav,Multiclass_Drone_Audio\unknown\2-127108-A-383.wav,al_emadi,2-127108-A-383,1.0216875,8.245379520863832e-05,5.17608642578125,2.295658398344611e-05,0.00028172311661295773,1.0498075425857678e-05,-0.00017361163627356292,0.00017906103166751564,0.0018374449701200018,3.5521841049194336,-2.7321303925062087e-05,0.0013340445696352957,3.838316843030043e-06,-0.0005753169301897287,0.0004872471210546795,0.1872911093147233,4.17253303527832,0.00019855105069590393,0.009551415481412365,-4.1826299934655253e-07,-0.0002774777094600722,0.00025595730403438216,0.27753522311579315,4.0328369140625,6.642734224981142e-05,0.008237083577432542,7.612870263074001e-07,-0.00032139366376213727,0.00031280544353649045,0.45631543520953,5.250126361846924,1.4550006009635658e-05,0.007474178440066573,-5.305521995069284e-07,-0.00022531519789481536,0.00023111464397516102,0.07693833359462492,6.302912712097168,-9.166965322516028e-06,0.0021710511173979414,5.684341886080802e-14,-8.260408067144452e-05,7.892811554484091e-05
F:\Seminario\Seminario-Clustering\datasets\davi\Al Emadi (2019)\Multiclass_Drone_Audio\unknown\1-13613-A-374.wav,Multiclass_Drone_Audio\unknown\1-13613-A-374.wav,al_emadi,1-13613-A-374,0.95975,0.0036759046690476092,6.865356922149658,0.0014447446450458863,0.04113633593103005,0.00011670601088553667,-0.0427757203578949,0.04711742140352726,0.0033359541688235813,7.385557651519775,-0.0006503811425389531,0.039206808168114365,0.0013684286386705935,-0.04645698703825474,0.04208287596702576,0.008920460904992402,8.394876480102539,-0.0007390427623178152,0.04547545570954221,-0.000479675640235655,-0.0545329712331295,0.05138757452368736,0.0702627525220648,9.895920753479004,-0.0018388734736847208,0.09040380704139596,0.0001932922168634832,-0.11804562956094741,0.11610436588525776,0.5216424915494163,9.648765563964844,0.0009673906943617746,0.1743481871934962,-0.00014806994295213372,-0.16537971049547195,0.16349060386419298,0.3921624361856553,11.798267364501953,9.730160257728986e-05,0.10694321993288232,-0.0004421280464157462,-0.13198265433311462,0.1358218789100647
F:\Seminario\Seminario-Clustering\datasets\davi\Al Emadi (2019)\Multiclass_Drone_Audio\unknown\5-238926-A-310.wav,Multiclass_Drone_Audio\unknown\5-238926-A-310.wav,al_emadi,5-238926-A-310,1.0216875,0.8344326338635676,8.081803321838379,-0.003084827233957058,0.08570083621405718,-0.0018903231248259544,-0.11362394243478775,0.11219960153102876,0.043868904102937104,7.8978495597839355,0.0002094295295079219,0.019661848170385614,0.00033979350700974464,-0.025195515155792235,0.02391849011182787,0.037734071799589625,8.479782104492188,-0.000706485403954453,0.012913297773827858,-0.0005159108259249479,-0.015414681565016509,0.014782257471233613,0.046857800209191336,8.054018020629883,4.5645962372380626e-05,0.010207784444934948,-0.00019410043023526669,-0.00953696332871914,0.009751152805984022,0.01661435270003219,7.680874347686768,-6.239191282698226e-05,0.004300748867632964,-3.752180055016652e-05,-0.003501555626280606,0.003448823350481689,0.02049223732468215,6.365194320678711,-1.4494612317603145e-06,0.0033791970762056573,3.3835385693237185e-07,-0.0014601626666262747,0.0014738811878487468
F:\Seminario\Seminario-Clustering\datasets\davi\Al Emadi (2019)\Multiclass_Drone_Audio\unknown\2-158746-C-21.wav,Multiclass_Drone_Audio\unknown\2-158746-C-21.wav,al_emadi,2-158746-C-21,1.0216875,0.38530717417859894,7.30927848815918,-0.0056400384688191476,0.6122344058555895,-0.001434514531865716,-0.6914763450622559,0.6432069659233102,0.2871320584236498,6.724436283111572,-0.02032616576375764,0.5281436336794466,0.001726018963381648,-0.5672308325767517,0.49238533973693854,0.24797577976276924,7.199686050415039,-0.001522826498974765,0.3483227205616006,-0.0003451652592048049,-0.29930723309516905,0.24869675934314728,0.05310915085751898,7.990739822387695,-0.0010975837766352165,0.11417512517208588,-0.00011396844638511539,-0.08110184669494629,0.07857088148593905,0.023054948989772457,7.663599014282227,0.00019428964332378926,0.053234018200330996,4.452086432138458e-05,-0.03167532905936241,0.030409612692892555,0.003420887787690548,10.075770378112793,3.863854415627782e-06,0.0145060868021086,-3.615516470745206e-05,-0.01292782388627529,0.01315083019435406
F:\Seminario\Seminario-Clustering\datasets\davi\Al Emadi (2019)\Multiclass_Drone_Audio\unknown\1-69760-A-162.wav,Multiclass_Drone_Audio\unknown\1-69760-A-162.wav,al_emadi,1-69760-A-162,0.97525,0.7252833995747929,7.947330474853516,-0.021459263097117785,1.6310639499229642,-0.02896208129823208,-2.147396469116211,2.092009925842285,0.18238700482171577,7.97121524810791,-0.014181708928333361,0.8178739430362241,-0.028692277148365974,-1.0678543090820312,1.0441943526268005,0.045592440447131975,8.926596641540527,0.004766033631635528,0.29018270384504163,0.0006191302090883255,-0.3713366985321045,0.38326114416122437,0.017022477280940876,9.91542911529541,0.0012599616529769264,0.12558080750899736,-0.00018164179346058518,-0.16023506224155426,0.16393785178661346,0.0135494416097759,10.732795715332031,0.000644481663952314,0.07928634669326541,0.0034008448710665107,-0.09900377690792084,0.09960343688726425,0.016165236265642542,11.718582153320312,0.0002668478340402718,0.061265875379050025,0.0007194504141807556,-0.07542122900485992,0.0762618973851204
F:\Seminario\Seminario-Clustering\datasets\davi\Al Emadi (2019)\Multiclass_Drone_Audio\unknown\1-30043-A-262.wav,Multiclass_Drone_Audio\unknown\1-30043-A-262.wav,al_emadi,1-30043-A-262,0.97525,0.18352913395774295,7.853537559509277,-0.004201649046250381,0.11987055401654405,-0.011864019557833672,-0.14462396502494812,0.14566837251186368,0.2696265127753577,7.295356750488281,0.002669588017922181,0.1453565825287125,0.0012337822699919343,-0.15171852409839628,0.16984182149171828,0.3239496968032192,8.568851470947266,-2.3547795773972735e-05,0.11308223887956885,-0.0005998428678140044,-0.1395069658756256,0.1330479383468628,0.17396382298772514,9.313774108886719,0.00047041023753618906,0.05868420312979367,-0.0009556065197102726,-0.06687074154615402,0.06736167892813683,0.04377374379759324,10.235799789428711,3.016903652381482e-05,0.020831971953008885,-0.00013444105570670217,-0.0232608113437891,0.02319479174911976,0.005157089678361712,11.295206069946289,7.201346403313294e-06,0.00505831137174007,-6.529910024255514e-06,-0.005652681365609167,0.005548871308565141
F:\Seminario\Seminario-Clustering\datasets\davi\Al Emadi (2019)\Multiclass_Drone_Audio\unknown\2-28314-B-124.wav,Multiclass_Drone_Audio\unknown\2-28314-B-124.wav,al_emadi,2-28314-B-124,0.95975,0.020398932321288508,7.284735679626465,-0.0010726705919472275,0.023892504268018033,-0.002862791297957301,-0.02737556304782629,0.028504589572548866,0.017969460479773377,4.218906402587891,-0.001000304601260079,0.022424929509583927,3.425078284635674e-05,-0.011054208502173424,0.010464624036103487,0.11644372245682909,3.105456590652466,-0.0004174910984494047,0.040528430671980774,-1.913523010443896e-05,-0.006159469485282898,0.006006446201354265,0.2690489872824729,3.207918643951416,0.00020511036212876395,0.0436424226892482,-6.666379340458661e-05,-0.005734063033014536,0.004211743734776983,0.46261001330166146,3.7906689643859863,0.00039507598558454263,0.040495664302613914,-4.584347834679647e-06,-0.004536979366093873,0.005288280686363587,0.11352888415797467,5.514134407043457,1.0101908186190721e-05,0.014192455704479415,1.3508037227438763e-05,-0.0019252458587288857,0.001964283874258399
F:\Seminario\Seminario-Clustering\datasets\davi\Al Emadi (2019)\Multiclass_Drone_Audio\bebop_1\B_S2_D1_074-bebop_004_.wav,Multiclass_Drone_Audio\bebop_1\B_S2_D1_074-bebop_004_.wav,al_emadi,B_S2_D1_074-bebop_004,0.896,0.3636137585731031,7.292275905609131,-0.0024190152270128613,0.2778038542036617,0.002824372611939907,-0.3262887507677078,0.3018123418092727,0.01824404535245943,7.771582126617432,-0.0019916279933395865,0.06219745625400959,-0.0027179456083104014,-0.08343101069331169,0.07562949284911155,0.04666433940795886,8.647039413452148,0.0013307707776323771,0.0705951193277254,0.0018313495093025267,-0.08758344426751134,0.08684782683849335,0.1301362830843462,9.703584671020508,0.0025490791367489152,0.08347654732928404,0.0012865542666986585,-0.10364230424165724,0.10574489086866376,0.26078161463179733,10.686355590820312,0.00023822408399459867,0.08367823503201494,0.0014894609339535236,-0.1053252175450325,0.10607720911502841,0.1805599589503351,11.68397045135498,1.9958250718612707e-06,0.04925874801384617,-1.74181186594069e-05,-0.06269263476133347,0.061664123088121414
F:\Seminario\Seminario-Clustering\datasets\davi\Al Emadi (2019)\Multiclass_Drone_Audio\unknown\3-157187-A-122.wav,Multiclass_Drone_Audio\unknown\3-157187-A-122.wav,al_emadi,3-157187-A-122,0.97525,0.0,-0.0,0.0,0.0,0.0,0.0,0.0,0.0,-0.0,0.0,0.0,0.0,0.0,0.0,0.0,-0.0,0.0,0.0,0.0,0.0,0.0,0.0,-0.0,0.0,0.0,0.0,0.0,0.0,0.0,-0.0,0.0,0.0,0.0,0.0,0.0,0.0,-0.0,0.0,0.0,0.0,0.0,0.0
F:\Seminario\Seminario-Clustering\datasets\davi\Al Emadi (2019)\Multiclass_Drone_Audio\unknown\5-233260-A-230.wav,Multiclass_Drone_Audio\unknown\5-233260-A-230.wav,al_emadi,5-233260-A-230,1.0216875,0.9577198704492469,7.857548713684082,-0.0032307806657176875,0.19539816379951208,-0.014674297533929348,-0.24368622601032255,0.2421081691980362,0.027125428928582412,7.750513553619385,0.001728610581784474,0.03284340734543312,0.0015893954550847411,-0.037859498709440234,0.04210527241230011,0.00995470993378098,8.415647506713867,-0.000693030718432926,0.014112389775748413,-0.0009179165936075151,-0.015998176671564578,0.015267939493060118,0.004299330986053588,8.993159294128418,0.00013560814513961976,0.006575715025373224,5.899577809032053e-05,-0.006191534455865622,0.006847555004060269,0.0007853515046111021,10.26322078704834,-8.240386667875921e-06,0.0019891445543948724,-1.7686397768557072e-07,-0.0021383936749771234,0.0020813664421439173,0.00011530819772498489,11.866250991821289,7.9646957922874e-07,0.0005391858369886986,1.0011804988607764e-05,-0.0006764388992451132,0.0006728741340339185
F:\Seminario\Seminario-Clustering\datasets\davi\Al Emadi (2019)\Multiclass_Drone_Audio\unknown\3-157695-A-03.wav,Multiclass_Drone_Audio\unknown\3-157695-A-03.wav,al_emadi,3-157695-A-03,1.0216875,0.001429375177471945,6.122435092926025,1.6011673018389594e-05,0.01880333426005976,0.0,-0.008414055593311787,0.01336091626435519,0.2536169377471045,4.862626552581787,0.005621882438045633,0.25040420210573694,-1.809623978443753e-10,-0.07389936000108718,0.05049439892172824,0.622325741451873,6.022707939147949,-0.0010833986144539946,0.2782378515477076,0.0,-0.08212499022483825,0.040698733180761476,0.09561510838537332,7.35145902633667,-0.0009107344895393478,0.07724480771272316,0.0,-0.013843274489045144,0.012551380321383511,0.0253272828571466,8.200462341308594,2.5854523090120007e-05,0.02813412975576176,0.0,-0.0038005556678399415,0.005741375451907518,0.0016855543810307067,9.068260192871094,-1.2211888935524749e-05,0.005134289325151657,0.0,-0.001065815659239888,0.0010136988945305496
F:\Seminario\Seminario-Clustering\datasets\davi\Al Emadi (2019)\Multiclass_Drone_Audio\unknown\4-90014-A-420.wav,Multiclass_Drone_Audio\unknown\4-90014-A-420.wav,al_emadi,4-90014-A-420,1.0216875,0.12434550317402722,7.932130813598633,0.0005459554193494572,0.0753061760121666,0.0053027658723294735,-0.09973521679639816,0.09061145782470705,0.07871615335679387,8.071500778198242,0.0015182663497201579,0.059898981739160764,0.0013904436491429806,-0.07580290734767914,0.08117472827434542,0.46412698176332917,9.248058319091797,0.0004517812264747084,0.1031786752395526,-0.004333023680374026,-0.1324891120195389,0.1368647888302803,0.30043218334443134,10.06385326385498,-5.2311533052470167e-05,0.058799593293361464,-0.0028375652618706226,-0.07443064600229263,0.08014693260192872,0.029243440049714794,10.980812072753906,1.8642162404285757e-06,0.012981314281871046,0.0005001036624889821,-0.0174070181325078,0.01620090063661337,0.0031357383117035943,11.957523345947266,-7.269653433361416e-07,0.003007081087028083,-5.151028744876385e-06,-0.0038403785787522794,0.0038815774489194157
F:\Seminario\Seminario-Clustering\datasets\davi\Al Emadi (2019)\Multiclass_Drone_Audio\unknown\3-150979-C-403.wav,Multiclass_Drone_Audio\unknown\3-150979-C-403.wav,al_emadi,3-150979-C-403,1.0216875,0.68430841442877,8.131067276000977,0.008428438423414007,0.5148445270209729,0.06124390661716461,-0.7277039885520935,0.6072530627250672,0.2708935763625942,7.8949456214904785,-0.01814911342667311,0.3234634085148802,-0.03379005193710327,-0.40196728706359863,0.39958289861679086,0.040245419837479965,8.90599536895752,-0.001474449717587382,0.08854317658876953,-0.004335962701588869,-0.11117854565382004,0.11047995164990429,0.003795009015894322,9.962352752685547,-0.00024993800947308795,0.019259831627084462,0.00013249600306153297,-0.025095295533537863,0.02385332025587559,0.000635294018051268,10.952022552490234,9.8280351598636e-06,0.00557663894807303,1.4755816664546728e-05,-0.007102488307282329,0.007357734255492688,0.00012228633721023227,11.951128005981445,-3.740925962771952e-06,0.001730790765027095,6.052432581782341e-06,-0.0022307206876575948,0.002206269372254612
F:\Seminario\Seminario-Clustering\datasets\davi\Al Emadi (2019)\Multiclass_Drone_Audio\unknown\3-122110-A-462.wav,Multiclass_Drone_Audio\unknown\3-122110-A-462.wav,al_emadi,3-122110-A-462,0.97525,0.3479378088800499,7.912210941314697,0.006231822620187452,0.4437461044236442,0.005630820989608765,-0.5783823668956756,0.5942919194698333,0.3643971199875703,7.939480781555176,0.0010797861362109903,0.4541641038123978,0.027929551899433136,-0.5686855673789978,0.5969054520130157,0.1587464781377825,8.812847137451172,0.00014859897628755032,0.21271958417650924,0.00888490304350853,-0.2689572870731354,0.2547213137149811,0.1120359293860043,9.713693618774414,0.00041039600133455925,0.12655577853111374,0.002563668880611658,-0.15694443136453629,0.15755153447389603,0.015981589981505152,10.560646057128906,-4.766730152444744e-05,0.033824662850759725,-0.00015149620594456792,-0.04074796661734581,0.040024079382419586,0.000901073627087909,10.97959041595459,-8.18036711608608e-08,0.005681770964794387,3.139197360724211e-05,-0.005968846008181572,0.005865390598773959
F:\Seminario\Seminario-Clustering\datasets\davi\Al Emadi (2019)\Multiclass_Drone_Audio\unknown\3-70962-C-42.wav,Multiclass_Drone_Audio\unknown\3-70962-C-42.wav,al_emadi,3-70962-C-42,0.97525,0.003935046042703012,6.190356254577637,0.0004055483852116521,0.0290937764516391,0.0007268919143825769,-0.030334618873894215,0.026926394551992413,0.026927442751992554,7.131933689117432,0.0004566318141581653,0.07611270000815444,-0.0011150509235449135,-0.08199358209967612,0.07823447287082672,0.04357517557256655,8.295965194702148,-0.000491517070223621,0.0687076043402391,0.002065081847831607,-0.07647958397865295,0.06477747857570648,0.4384429602315474,9.39311695098877,-0.0015028544811310856,0.1543413889716408,-0.004265018971636891,-0.1728506162762642,0.17918230593204498,0.4429757324302299,10.584789276123047,0.0006359250095057269,0.1097861129937441,-0.0003079920425079763,-0.1310957372188568,0.13257155567407608,0.04414364297096058,11.27661418914795,3.1916320210311438e-06,0.024517629489376556,-0.00013297871919348836,-0.027268103882670404,0.027720937505364418
F:\Seminario\Seminario-Clustering\datasets\davi\Al Emadi (2019)\Multiclass_Drone_Audio\unknown\2-83934-B-52.wav,Multiclass_Drone_Audio\unknown\2-83934-B-52.wav,al_emadi,2-83934-B-52,0.97525,0.06799487345026646,7.333583831787109,-0.002126086319453622,0.10261167691146011,-0.007400682661682367,-0.11216686218976973,0.10485896170139312,0.010760863935883037,7.958940505981445,0.0016346680962677144,0.04079689633108418,0.0019261121051385999,-0.059153405576944346,0.05711696371436119,0.06060893429694072,8.593188285827637,-0.0009780429355986998,0.06875515510089754,-0.003663240000605583,-0.07482939958572388,0.12327498197555542,0.5360110111557088,9.17628002166748,-0.0012767295340478395,0.14481078630926644,-0.00021924384782323614,-0.1795562133193016,0.17157822102308273,0.2875117212602077,10.092466354370117,-8.974497388596192e-06,0.07505455087487856,0.0001908155099954456,-0.0944044291973114,0.08511356264352798,0.037112595900993306,10.37758731842041,8.714398054280682e-07,0.019076100316450854,-2.788012170640286e-05,-0.016694053262472152,0.017333809286355972
F:\Seminario\Seminario-Clustering\datasets\davi\Al Emadi (2019)\Multiclass_Drone_Audio\unknown\4-200330-A-60.wav,Multiclass_Drone_Audio\unknown\4-200330-A-60.wav,al_emadi,4-200330-A-60,1.0216875,0.037400543707929376,5.6301589012146,0.005685522526253116,0.06816871799181647,-0.0008111675269901752,-0.04513697400689125,0.05310382246971132,0.025010896300406826,7.903387546539307,0.0023762246518075755,0.05588868536294839,0.0016121286898851395,-0.06607221812009811,0.07319526970386507,0.553782277000698,8.943925857543945,-0.007843764258864796,0.1865030515290753,-0.006833200342953205,-0.24286944866180418,0.2386795982718468,0.3691268115390125,9.690882682800293,0.00026253845269442707,0.10794741558075185,0.0003562180500011891,-0.13039728999137878,0.13065829277038574,0.012299828758458442,10.785880088806152,-7.845267113650382e-05,0.013943492822753898,-2.809589568641968e-05,-0.017481093853712083,0.017179066129028798,0.0023796426934948106,11.72726058959961,-5.115806591626159e-06,0.004338656715649585,-2.325940295122564e-05,-0.005298878252506256,0.005324602313339712
F:\Seminario\Seminario-Clustering\datasets\davi\Al Emadi (2019)\Multiclass_Drone_Audio\unknown\3-164688-A-381.wav,Multiclass_Drone_Audio\unknown\3-164688-A-381.wav,al_emadi,3-164688-A-381,1.0216875,0.004051248445844162,7.590986728668213,-0.003723720902773029,0.004231449041040502,-0.003291635774075985,-0.008340941928327083,0.00033408192102797455,0.03652743463466527,4.10729455947876,0.0002099802266384992,0.016923842033221035,-1.3334672985365614e-05,-0.002574985567480326,0.0020769178867340115,0.2698226819577997,6.293951034545898,0.0014066496634792553,0.03259167086883475,-3.6516728414426325e-06,-0.009382854960858823,0.007464243192225729,0.47981868987726944,6.547302722930908,-0.00017603328428652593,0.030812615875251477,-5.930196493864059e-07,-0.0038336099125444874,0.0043928149156272425,0.17511401586768802,7.025670051574707,-3.550669320306345e-06,0.013172272116044334,-1.4147285583021585e-06,-0.0008336013182997703,0.0009546201035846026,0.034665929216733435,8.262248039245605,-4.4032385163675925e-05,0.004145700969835072,2.611150193843059e-07,-0.0002104609447997063,0.0002050066512310878
F:\Seminario\Seminario-Clustering\datasets\davi\Al Emadi (2019)\Multiclass_Drone_Audio\unknown\1-115521-A-191.wav,Multiclass_Drone_Audio\unknown\1-115521-A-191.wav,al_emadi,1-115521-A-191,1.0216875,0.7923750222438579,5.828887462615967,0.0010726174232806665,0.1357315358552536,0.0023340173065662384,-0.09001704007387161,0.10512131303548813,0.1497932880491331,6.854214668273926,-0.0017831564899034099,0.05898978608421656,-0.0005810974398627877,-0.057474622130393976,0.05203270241618156,0.04644137767493885,7.411982536315918,0.0002966317714131727,0.02330209881982433,-5.219096055952832e-05,-0.01991821676492691,0.02092071641236544,0.010448712007462103,8.479227066040039,3.364595952616214e-05,0.007829437938799966,-8.916296064853668e-05,-0.006583816185593604,0.006685600895434618,0.0009260585455023131,9.359466552734375,1.1255120044616325e-06,0.0016493983358627162,4.664925654651597e-07,-0.0013070713379420339,0.0013234814861789348,1.5541479105695735e-05,10.120269775390625,1.346670435460725e-07,0.00015115524924856077,-3.381101123522967e-07,-0.00011352729052305222,0.00011490091565065087
F:\Seminario\Seminario-Clustering\datasets\davi\Al Emadi (2019)\Multiclass_Drone_Audio\unknown\1-90797-A-151.wav,Multiclass_Drone_Audio\unknown\1-90797-A-151.wav,al_emadi,1-90797-A-151,1.0216875,0.038973598430716204,4.692235469818115,-8.678748396906547e-05,0.037340438161986504,-1.1564712622202933e-05,-0.002021264564245939,0.0023373391479253793,0.7604335236292061,4.986619472503662,3.309035013464875e-05,0.16493998127933907,0.0,-0.012396800518035888,0.018978497385978704,0.15743256578263107,6.384446620941162,0.0004088431205446424,0.053220444446242444,0.0,-0.009155093412846324,0.014321352448314511,0.01875525582912463,4.748864650726318,-8.168320892570043e-05,0.013011355937865694,0.0,-0.003127951547503471,0.0025415597483515744,0.010075570634729351,4.40800666809082,8.506229890097064e-05,0.006747969074622815,0.0,-0.0005154791637323797,0.0005222633481025699,0.01432948569359256,4.8020853996276855,-1.9682538723765792e-06,0.0056932318418974935,0.0,-0.0003530019428580999,0.00036721237702295247
F:\Seminario\Seminario-Clustering\datasets\davi\Al Emadi (2019)\Multiclass_Drone_Audio\unknown\2-87781-A-100.wav,Multiclass_Drone_Audio\unknown\2-87781-A-100.wav,al_emadi,2-87781-A-100,1.0216875,0.8958900950745594,7.71476411819458,0.00021374352434848219,0.5365266488847076,-0.0196884423494339,-0.6237821698188781,0.6377093553543091,0.01684214552212142,7.8622541427612305,-0.0044992307428003975,0.07342583846711577,-0.006075607147067785,-0.09227324277162552,0.09103417247533803,0.016091649279067633,8.762125015258789,9.105821794210589e-05,0.05099320334627662,0.000580612279009074,-0.06228637881577015,0.06268721893429764,0.030993756774304656,9.733356475830078,0.0014641859173488254,0.050106036680541824,0.0005874659982509911,-0.05802157297730446,0.0613817594945431,0.027550808793716512,10.768138885498047,9.761987419023495e-05,0.03344311910152869,0.0004543755785562098,-0.041254838556051256,0.041091290116310124,0.012631544556230414,11.513810157775879,-2.5254688946128258e-05,0.016019167975929432,-0.00024866918101906776,-0.018847353383898736,0.019234577938914303
F:\Seminario\Seminario-Clustering\datasets\davi\Al Emadi (2019)\Multiclass_Drone_Audio\unknown\3-96606-B-493.wav,Multiclass_Drone_Audio\unknown\3-96606-B-493.wav,al_emadi,3-96606-B-493,1.0216875,0.0013330776272588176,6.7390618324279785,0.0003385725046939899,0.012678964355823314,0.00012465659528970718,-0.013065009750425816,0.012985691614449029,0.007112501494069337,6.819589614868164,0.0007526303207516068,0.029287256770655346,0.0005597322597168386,-0.029871843382716177,0.027700718492269568,0.013309230476794172,7.857546806335449,2.998677823261778e-05,0.028420767397002153,0.00019897243328159675,-0.03004846703261137,0.028778908215463212,0.05591046736248645,9.016019821166992,-0.00031431181776514266,0.04125903822321156,-0.00041549807065166533,-0.04378069117665291,0.04295045956969263,0.34006066218925224,9.944009780883789,0.00015992918310242906,0.0720054616397827,6.108166417106986e-06,-0.07799546048045158,0.07702052369713784,0.582274060850139,10.866364479064941,0.00019582060829489168,0.06665319588784013,-3.862802259391174e-05,-0.06896323412656784,0.06843340396881115
F:\Seminario\Seminario-Clustering\datasets\davi\Al Emadi (2019)\Multiclass_Drone_Audio\unknown\2-85471-A-344.wav,Multiclass_Drone_Audio\unknown\2-85471-A-344.wav,al_emadi,2-85471-A-344,0.95975,0.8138926890628256,8.04963493347168,-0.0001661184576306245,0.0031464419974755542,-0.00022391324455384165,-0.004469395149499178,0.0038929703878238797,0.007861699908477878,7.849343299865723,2.256984343908144e-06,0.0003096615492064479,1.2341439287411049e-05,-0.0004067961126565933,0.0003884707693941891,0.005029332914469008,8.669822692871094,-5.314208940033431e-06,0.0001756008295952198,-2.3244606381922495e-06,-0.0002153350505977869,0.0002119481869158335,0.011463626019880312,8.769713401794434,-1.2308682289585703e-06,0.00018788626900094195,-1.4735105651197955e-06,-0.00020464694243855775,0.00019945884705521174,0.03388681271074302,10.444375991821289,6.126293087626532e-07,0.0002286024276616376,2.458527205817518e-06,-0.0002694812137633562,0.0002619599719764667,0.12786583938360416,11.44210433959961,1.1360261354796087e-06,0.00031414074087205546,1.0666428806871409e-06,-0.0003696060739457607,0.0003600838826969266
F:\Seminario\Seminario-Clustering\datasets\davi\Al Emadi (2019)\Multiclass_Drone_Audio\bebop_1\mixed_11-bebop_000_.wav,Multiclass_Drone_Audio\bebop_1\mixed_11-bebop_000_.wav,al_emadi,mixed_11-bebop_000,1.024,0.7393917454723289,7.9354753494262695,-0.0007587610752929477,0.5096850690112964,0.03345689922571182,-0.7188901841640472,0.6335404336452486,0.08985252195944093,7.821869850158691,-0.001509264501779876,0.17767018536873755,0.007344677811488509,-0.21064724028110504,0.22767424285411839,0.038260032770266204,8.952179908752441,0.0012001996074387242,0.08221248320735738,0.0003942683106288314,-0.10017149969935417,0.10550411045551301,0.03862270580979719,9.929603576660156,-0.0005455650371766197,0.05849681458416667,-0.0015801492845639586,-0.07307669520378113,0.07264103069901467,0.05028263014443501,10.897846221923828,0.0005536489834973438,0.0472350367450695,0.0012361304834485054,-0.05858980864286423,0.060063041746616364,0.043590363843731814,11.748088836669922,-0.00015497776858077695,0.03111324802258464,2.176199632231146e-05,-0.0383867509663105,0.03758252486586571
F:\Seminario\Seminario-Clustering\datasets\davi\Al Emadi (2019)\Multiclass_Drone_Audio\unknown\5-253534-A-261.wav,Multiclass_Drone_Audio\unknown\5-253534-A-261.wav,al_emadi,5-253534-A-261,1.0216875,0.02851299355405828,4.881768703460693,-6.823302111666104e-05,0.11041473972289086,-0.0002115678507834673,-0.020463926345109937,0.02090126127004626,0.310723563658414,6.16909646987915,-0.002446950405511122,0.36448785472010437,-0.0007504334207624197,-0.333246773481369,0.3546845555305482,0.5901101116607095,6.350964069366455,0.0032856729919511457,0.3562070445676991,-0.0003448321367613971,-0.14971213042736053,0.14406268149614335,0.03676149052706327,6.649106025695801,-0.00257673496820033,0.06292347933354724,-4.196763620711863e-05,-0.028178431466221808,0.025781353563070333,0.02638098286257172,8.117618560791016,-0.00013266578677654804,0.037750787969064344,-0.00016629445599392056,-0.014969349093735216,0.011831641662865879,0.007510857737183237,9.429156303405762,-1.2985201615909951e-06,0.014249472865785,-1.428640098311007e-05,-0.007489325944334269,0.0073790235444903506
F:\Seminario\Seminario-Clustering\datasets\davi\Al Emadi (2019)\Multiclass_Drone_Audio\unknown\5-187201-A-40.wav,Multiclass_Drone_Audio\unknown\5-187201-A-40.wav,al_emadi,5-187201-A-40,1.0216875,0.5834657307187276,7.979291915893555,0.03593748834792964,0.3248245088898273,0.028374774381518364,-0.37433225512504575,0.472399926185608,0.0005203126115435863,7.725378513336182,-0.00033965223662265194,0.00975330811872771,-0.00033181358594447374,-0.012222485244274139,0.011637214571237564,0.003475284394682777,6.665185451507568,-0.0003885198948976329,0.017882340963739324,-0.0005301748169586062,-0.011791054438799619,0.011000707559287549,0.019093173797206868,7.021678447723389,0.0002694470578101206,0.029694664578259842,4.729302600026131e-05,-0.012554238736629485,0.013970389589667322,0.3466841101923499,8.099737167358398,-4.234142221731975e-05,0.08954211606624835,0.0002014109559240751,-0.03204187862575054,0.03209673613309861,0.04676138828548922,8.931594848632812,-4.302358663183569e-06,0.023263492397482703,5.881825927644968e-06,-0.007736929412931204,0.00772308735176921
F:\Seminario\Seminario-Clustering\datasets\davi\Al Emadi (2019)\Multiclass_Drone_Audio\unknown\4-188703-C-81.wav,Multiclass_Drone_Audio\unknown\4-188703-C-81.wav,al_emadi,4-188703-C-81,1.0216875,0.528962832862418,7.81935453414917,-0.0026458001918946636,0.34126502304972844,0.006625443696975708,-0.40912958383560183,0.3851490557193757,0.17769965753055883,7.928163051605225,-0.0017509428238540318,0.19779647045684612,-0.007054249756038189,-0.2703585267066956,0.23837597966194166,0.275695007404358,8.969544410705566,0.00021529699246995224,0.1747250188041166,0.0001727219787426293,-0.24682919979095458,0.2516275852918626,0.01621701999336878,9.85713005065918,0.0001053184655302042,0.030015765217273203,0.0002191121457144618,-0.03927906155586243,0.04054240360856057,0.0013256111195307542,10.748592376708984,3.5765937664269547e-05,0.006072537980377128,4.2982297600246966e-05,-0.007581580942496657,0.007634053844958545,9.987108976567165e-05,11.666584014892578,-3.112593990804049e-07,0.0011791265180157236,1.4561810530722141e-05,-0.001438518729992211,0.0014157527824863792
F:\Seminario\Seminario-Clustering\datasets\davi\Al Emadi (2019)\Multiclass_Drone_Audio\unknown\2-73260-A-104.wav,Multiclass_Drone_Audio\unknown\2-73260-A-104.wav,al_emadi,2-73260-A-104,0.95975,0.5666308319909941,7.75410795211792,-0.001957773321036081,0.15440988728874902,-0.0004665181040763855,-0.20098186284303665,0.18336614221334457,0.2081370600650961,7.354091167449951,0.004603939307441574,0.09347780562739177,0.0066992780193686485,-0.10263727977871895,0.10473960638046265,0.12712996168895382,8.23593807220459,0.00042061929815876884,0.05187990421244172,0.0005169139185454696,-0.0539389718323946,0.05668882466852665,0.06322605573966208,9.0109224319458,0.0004021724046195869,0.025915430291078196,0.0004223872092552483,-0.026895927637815474,0.02704391106963158,0.02405257630621701,9.665323257446289,-0.00011851756012319367,0.011312102201393,-8.665805216878653e-05,-0.011229818034917115,0.011273197457194331,0.010823514209076934,10.301501274108887,-2.3352235259797435e-05,0.005368453426287612,3.892295353580266e-06,-0.005181485787034035,0.00511564314365387
F:\Seminario\Seminario-Clustering\datasets\davi\Al Emadi (2019)\Multiclass_Drone_Audio\unknown\1-104089-B-224.wav,Multiclass_Drone_Audio\unknown\1-104089-B-224.wav,al_emadi,1-104089-B-224,0.95975,0.003836508090348805,6.6287689208984375,-0.00036969913215449354,0.022262616083032233,0.0,-0.02389785647392273,0.02259461022913456,0.022740789303511574,6.56436824798584,-0.007150676098795974,0.053735231084361325,0.0,-0.06431357562541962,0.042383523657917976,0.13757374407838352,6.511972427368164,-0.0033534095919078803,0.09451313195677087,0.0,-0.0789623111486435,0.06834284216165543,0.5238100838409935,6.752871036529541,0.0007713262506850569,0.1307224322111496,0.0,-0.08616726994514465,0.09102331995964053,0.2402218664545198,8.616060256958008,-0.00012684549365700568,0.06264693367363654,0.0,-0.04561547860503196,0.04595666751265528,0.0718170082322429,9.212644577026367,-0.00011400399002752715,0.02423182328237667,0.0,-0.020651904866099358,0.020562581717967987
F:\Seminario\Seminario-Clustering\datasets\davi\Al Emadi (2019)\Multiclass_Drone_Audio\unknown\3-154781-A-323.wav,Multiclass_Drone_Audio\unknown\3-154781-A-323.wav,al_emadi,3-154781-A-323,1.0216875,0.14549119743804373,7.532686710357666,-0.00046627803930131864,0.006179673808984405,-0.00040642559179104865,-0.007881008274853229,0.007091397885233166,0.0856122254142645,8.069499969482422,-8.41969399894752e-05,0.004753130440997081,-7.544650725321844e-05,-0.0060835955664515495,0.006197117175906898,0.12581409247920777,7.446730136871338,0.00019874920479989302,0.004082057972024668,6.070010567782447e-05,-0.0033074958249926564,0.003798968694172801,0.15765215061592888,7.132657051086426,2.622891329011771e-05,0.0032403355466600753,3.225062391720712e-05,-0.0019521248061209913,0.0019676685333251953,0.33422769053382867,7.733628273010254,2.082941560657955e-05,0.0033386445436519316,6.385430424415972e-06,-0.0014018484158441421,0.001376279105897993,0.1512026435187264,8.173519134521484,-2.3019023521303567e-06,0.0015885740472774373,4.136363713769242e-07,-0.000608803448267281,0.0006184316123835743
F:\Seminario\Seminario-Clustering\datasets\davi\Al Emadi (2019)\Multiclass_Drone_Audio\unknown\1-62509-A-453.wav,Multiclass_Drone_Audio\unknown\1-62509-A-453.wav,al_emadi,1-62509-A-453,1.0216875,0.43254203333962316,7.9580278396606445,-0.0008744529414223056,0.3615268522940183,0.008388686925172806,-0.4808024287223816,0.44832907319068915,0.33439534026378326,7.789486885070801,0.00517923533047299,0.317833811181911,0.003445942187681794,-0.38041905164718626,0.41368731260299685,0.15716060444514574,8.822240829467773,-0.0025285843086876483,0.15452190970440813,0.004357489058747888,-0.20086673349142076,0.17743874490261086,0.05283156282680466,9.90492057800293,-0.0013793130972296075,0.06345211322702934,-0.0020007144194096327,-0.08017834872007369,0.08124558478593827,0.016298663603252873,10.811418533325195,0.00015944098195284188,0.024944351730513955,-9.074018453247845e-05,-0.030554980412125586,0.031093913502991205,0.006771795521390297,11.768538475036621,-3.797498102220156e-05,0.011374319600362654,-3.897218266502023e-05,-0.014120381325483322,0.013943061046302321
F:\Seminario\Seminario-Clustering\datasets\davi\Al Emadi (2019)\Multiclass_Drone_Audio\unknown\2-110417-A-281.wav,Multiclass_Drone_Audio\unknown\2-110417-A-281.wav,al_emadi,2-110417-A-281,1.0216875,0.8524933269795333,6.171943187713623,0.0016641455625649823,0.05874512059410333,0.0013467292301356792,-0.046744607388973236,0.053320731967687614,0.05160960873542318,5.800599575042725,-0.000291767363561478,0.014456971727999536,-6.532135012093931e-05,-0.010683714784681796,0.010015354305505753,0.05951259525637795,7.155524253845215,-0.0001914763046516545,0.011010016654053973,4.720372771771508e-06,-0.00914207547903061,0.009400432743132122,0.01816761835028112,7.640954494476318,9.43369007109185e-06,0.004309458642141021,-1.0620715329423547e-06,-0.0032714853528887033,0.003359673311933875,0.005362501637142539,9.665851593017578,1.1813669975453717e-05,0.0016567257846806537,-6.669315553153865e-07,-0.0017399512231349944,0.0017637760029174387,0.012854349041241895,10.783696174621582,3.4801437946878485e-06,0.001814567011358408,1.080364427252789e-06,-0.0018642803886905312,0.001900184247642757
F:\Seminario\Seminario-Clustering\datasets\davi\Al Emadi (2019)\Multiclass_Drone_Audio\unknown\1-62849-A-382.wav,Multiclass_Drone_Audio\unknown\1-62849-A-382.wav,al_emadi,1-62849-A-382,0.97525,0.12242405268964636,4.27492094039917,-4.1117781129766006e-05,0.01961458573871181,2.03001491172472e-05,-0.0036727056372910737,0.0036128951003775,0.3237531882113581,4.209176540374756,0.0008338878950792749,0.03188638243001638,1.2326386240602005e-05,-0.00328559351619333,0.004500556970015167,0.2582990247390458,5.179179668426514,-0.00011217299698737235,0.020217635952536832,-2.2489316506835166e-06,-0.0017858772771432996,0.0016965795075520873,0.10891632987728765,5.2650299072265625,1.6461474904263488e-05,0.009297614803655603,-2.207691522926325e-07,-0.0008349482377525419,0.0007710946665611118,0.0738199260291964,5.554924964904785,8.353160178441314e-05,0.005416006763582549,-1.8426566157359048e-06,-0.0004597372899297625,0.0004586700815707445,0.11278747845346562,6.124232769012451,3.905654254681951e-05,0.004736302186798428,5.684341886080802e-14,-0.0003089119563810527,0.0003315699053928257
F:\Seminario\Seminario-Clustering\datasets\davi\Al Emadi (2019)\Multiclass_Drone_Audio\unknown\5-219242-B-372.wav,Multiclass_Drone_Audio\unknown\5-219242-B-372.wav,al_emadi,5-219242-B-372,0.97525,0.0006662963354991854,7.370029926300049,-5.347704183053874e-05,0.005876921166045851,-0.00030623389466200024,-0.006261824071407318,0.007157948147505521,1.9301615166772814e-05,7.943948745727539,5.4597132797654023e-05,0.0009988105016066745,0.00012224567399243824,-0.0011985437828116118,0.0013666846323758361,2.392610666825698e-05,8.827566146850586,0.00011749635051884765,0.000781530040980901,8.849389996612445e-05,-0.0008365044486708939,0.0011251593241468072,0.010143988532012704,9.104169845581055,1.7991374920804673e-05,0.011524365655002571,8.239988892455585e-05,-0.01432586694136262,0.014475711155682802,0.26628092118029767,9.778837203979492,-0.0009661752487989448,0.04177200913809225,-7.910086878837319e-06,-0.04795385152101517,0.043975891545414925,0.7228655662303554,10.371997833251953,-1.3535076031166624e-05,0.048701227179019646,1.9426959624979645e-05,-0.03603901267051696,0.03791769742965702
F:\Seminario\Seminario-Clustering\datasets\davi\Al Emadi (2019)\Multiclass_Drone_Audio\unknown\2-117625-A-100.wav,Multiclass_Drone_Audio\unknown\2-117625-A-100.wav,al_emadi,2-117625-A-100,1.0216875,0.20453289910210262,7.787771701812744,-0.004211201359080132,0.3176479235252445,-0.01134638860821724,-0.3817486226558685,0.39475722312927275,0.04974349741074824,7.649393558502197,-0.010670285400388694,0.15630076418505856,-0.0056800032034516335,-0.20092840194702147,0.17789899408817306,0.11249549316613697,8.886836051940918,-0.0015953614917001233,0.16707023821987357,-0.0004930045106448233,-0.2159279704093933,0.20871016234159478,0.2077096580608509,9.773208618164062,0.004112432024578244,0.16075451328536047,0.0041191657073795795,-0.19671276807785035,0.20464274883270264,0.22802138815118797,10.755895614624023,-0.00026834696824261535,0.11922484118496468,-0.0039949200581759214,-0.14066346436738966,0.15069806873798372,0.19749706410897333,11.655051231384277,0.00019367983998529954,0.07849280901795579,-7.002861093496904e-05,-0.09370730668306351,0.09444504231214527
F:\Seminario\Seminario-Clustering\datasets\davi\Al Emadi (2019)\Multiclass_Drone_Audio\unknown\1-56380-A-50.wav,Multiclass_Drone_Audio\unknown\1-56380-A-50.wav,al_emadi,1-56380-A-50,1.0216875,0.004879556620176697,0.9534972906112671,0.000439500958714316,0.017973570156976284,0.0,-0.005911603569984436,0.0040268581360578546,0.032770650645503926,6.713565826416016,-0.0033231051842724985,0.04647389492658991,0.0,-0.06286402195692062,0.0300940848886967,0.15912209535654068,7.667497634887695,-0.004025497879006431,0.07269811695049352,0.0,-0.09394044801592827,0.06305519789457323,0.5297589171006414,8.919865608215332,0.0007331743365909005,0.09409666019173736,0.0,-0.11792520433664322,0.11139961928129197,0.24026906574482626,9.239644050598145,4.1823984152590174e-05,0.044843569571411696,0.0,-0.04288558289408684,0.033049776405096064,0.033199714532311055,9.813251495361328,9.084188503992255e-06,0.011792049263988993,0.0,-0.007108853571116924,0.007318860944360505
F:\Seminario\Seminario-Clustering\datasets\davi\Al Emadi (2019)\Multiclass_Drone_Audio\unknown\4-175856-A-432.wav,Multiclass_Drone_Audio\unknown\4-175856-A-432.wav,al_emadi,4-175856-A-432,0.97525,0.05429694206297809,7.994588375091553,-0.0005566823637482487,0.22812109845610712,-7.407506927847862e-05,-0.3032500565052032,0.2993136912584304,0.06781905664727661,6.987357139587402,-0.024999258181255552,0.2537213220618888,-0.009198806248605251,-0.291428530216217,0.24624120742082595,0.21367491899103827,7.871049880981445,-0.0030555472859118806,0.32111835886523493,-0.005283068865537643,-0.3542610704898834,0.3353351354598999,0.3900335714915731,8.709442138671875,-0.0005855898632457149,0.3072616236756795,0.0006224507524166256,-0.29787661135196686,0.3278794139623642,0.24624677073958706,9.464654922485352,0.0002124768082192907,0.1727672179166532,-0.0005109583435114473,-0.15392962098121643,0.15953674912452698,0.027928740067546882,10.43153190612793,-2.7757201447628488e-05,0.041160596012348186,-0.00015154038555920124,-0.03786275535821915,0.038166757673025145
F:\Seminario\Seminario-Clustering\datasets\davi\Al Emadi (2019)\Multiclass_Drone_Audio\unknown\3-112356-A-180.wav,Multiclass_Drone_Audio\unknown\3-112356-A-180.wav,al_emadi,3-112356-A-180,1.0216875,0.26266283774001464,6.4882731437683105,0.00328189641064933,0.7755824709107619,0.009989984333515167,-0.6278891086578369,0.6076786398887652,0.5894950513396946,6.518863201141357,0.002731507954460933,1.1619071950285265,0.0006518797599710524,-0.961978554725647,1.1767727851867675,0.07080284837947556,7.154665946960449,-0.006706379108412026,0.28548732477058014,4.912144646596062e-07,-0.23968689590692518,0.19647686183452615,0.028123293042244278,8.038345336914062,-0.0008715839659479686,0.1274763953179843,-5.518060106624034e-07,-0.08244146406650542,0.08510098308324814,0.027430345427046816,8.509382247924805,0.000660241432718428,0.08908687635099352,2.4977906832646113e-05,-0.04475736431777477,0.050174317508935945,0.02148562407152416,9.744732856750488,5.6679212924586786e-05,0.05577692910665213,6.119907993706875e-07,-0.03309642747044563,0.036014251410961186
F:\Seminario\Seminario-Clustering\datasets\davi\Al Emadi (2019)\Multiclass_Drone_Audio\unknown\1-43807-D-470.wav,Multiclass_Drone_Audio\unknown\1-43807-D-470.wav,al_emadi,1-43807-D-470,1.0216875,0.3715126144586242,8.111945152282715,-0.011466706701242717,0.9112652105354024,-0.01527673751115799,-1.1348494291305542,1.188302206993103,0.3306441100350252,7.848069667816162,0.01805835159232469,0.8595615107646781,-0.04693080112338066,-1.0763351678848267,1.1227452516555794,0.24362270196472965,7.9526166915893555,0.018386809179919014,0.5230362745843715,0.006058540428057313,-0.5282542824745178,0.4643742889165885,0.05079667831574169,8.576095581054688,-0.0010640396589239201,0.16926835226072,0.0009395149536430836,-0.13209991753101347,0.1422037869691849,0.0031758293825650753,9.76380443572998,-3.6810569997702854e-05,0.029950087722004564,0.0005382136441767216,-0.02724204249680042,0.028171102143824102,0.0002480658433141936,10.629989624023438,-3.792928971192135e-06,0.005921395286701248,3.570399712771177e-05,-0.005834690481424332,0.005895618721842766
F:\Seminario\Seminario-Clustering\datasets\davi\Al Emadi (2019)\Multiclass_Drone_Audio\unknown\4-151242-A-374.wav,Multiclass_Drone_Audio\unknown\4-151242-A-374.wav,al_emadi,4-151242-A-374,0.95975,0.00012044490185199732,6.3152923583984375,0.0077152319578471865,0.020362408259640676,0.001028890023007989,-0.003109002602286637,0.03755631111562252,2.966156768418081e-05,5.849333763122559,3.781925279850958e-05,0.01080585671917994,5.380492439144291e-05,-0.007154898485168815,0.005749164614826441,9.213985456772181e-05,6.067880630493164,9.58049210146116e-05,0.013508503069120884,9.277422213926911e-05,-0.00750802643597126,0.009096958208829165,0.01293632310591837,8.488441467285156,-0.0021853900354975165,0.1133684784848181,2.2402229660656303e-05,-0.1318858563899994,0.12586462199688017,0.4519547421751095,9.50335693359375,0.0038020276146244272,0.47426903750637167,1.8213538169220556e-05,-0.4200892806053161,0.4668878912925752,0.5348666883948682,10.541234970092773,5.85784499072949e-05,0.3650033361475142,8.019243978196755e-06,-0.3145221471786499,0.42392706871032715
F:\Seminario\Seminario-Clustering\datasets\davi\Al Emadi (2019)\Multiclass_Drone_Audio\unknown\2-70280-A-184.wav,Multiclass_Drone_Audio\unknown\2-70280-A-184.wav,al_emadi,2-70280-A-184,0.95975,0.04152712307931738,7.95009708404541,-0.02052498080527195,0.026176950583065767,-0.02143233735114336,-0.05301491357386112,0.013252515811473131,0.07898790108469193,5.460458755493164,0.0008269930879993617,0.04586918066877616,-0.0004418642492964864,-0.029272636398673058,0.032301267609000206,0.14350399151289492,8.000152587890625,0.002023430279765556,0.04381372729056352,0.0012632723082788289,-0.04087386280298233,0.04803636856377125,0.4420424175192248,8.630094528198242,0.006844672002710928,0.05410005278110807,0.003003563266247511,-0.04504745304584503,0.05779972150921823,0.24644154071328056,9.572973251342773,-0.00014804132814022676,0.028813032157315552,1.3776967534795403e-05,-0.026652876660227774,0.0269562589004636,0.04749702609059041,11.502777099609375,2.3126302292993892e-05,0.008948542385416331,-4.9180351197719574e-05,-0.010475508868694305,0.010732163675129414
F:\Seminario\Seminario-Clustering\datasets\davi\Al Emadi (2019)\Multiclass_Drone_Audio\unknown\2-86160-A-272.wav,Multiclass_Drone_Audio\unknown\2-86160-A-272.wav,al_emadi,2-86160-A-272,0.97525,0.08420276979051045,7.630932807922363,-0.0004742149884462817,0.015050838195829159,0.0007811761170160025,-0.018977436050772668,0.01721333246678114,0.06731307586390643,6.640495777130127,-4.7585385574177186e-05,0.013463561652426223,0.00016940096247708425,-0.01293694656342268,0.01395775293931365,0.4534318177308398,7.392336845397949,-0.0011354428799550394,0.02477092093109043,-0.0001619852555450052,-0.02124185860157013,0.01980225369334221,0.17961478420365412,8.067205429077148,-1.1811691639773919e-05,0.011052558348011667,8.653099939692765e-06,-0.008617858402431011,0.008676174096763134,0.09866953955328654,9.133307456970215,2.295043806624112e-05,0.0057969355160877025,-3.468749127932824e-07,-0.005163298454135656,0.005050331586971879,0.11676801285780264,9.840700149536133,2.178492584712147e-06,0.004461201675680495,3.368494435562752e-05,-0.00382283222861588,0.003781236661598087
F:\Seminario\Seminario-Clustering\datasets\davi\Al Emadi (2019)\Multiclass_Drone_Audio\unknown\5-197118-A-452.wav,Multiclass_Drone_Audio\unknown\5-197118-A-452.wav,al_emadi,5-197118-A-452,0.97525,0.4344652400129354,7.959833145141602,-0.012494637508808751,0.09025421885952005,-0.015541556756943464,-0.12272522523999214,0.10661354959011078,0.22901085209854244,7.669759750366211,0.0005860606951710696,0.06614899440856915,0.0012430030619725585,-0.07607165053486824,0.08229224383831023,0.22898998948744456,8.514665603637695,5.505193495044483e-05,0.04694065916324135,-0.00016153749311342835,-0.05562416836619377,0.05439016968011856,0.06434307725404842,9.687509536743164,-0.00020520017049844915,0.01762027883010411,0.00041370537655893713,-0.0221269354224205,0.020776592195034027,0.030074454722011368,10.47447395324707,-0.00022011452074971788,0.008522434891167224,-2.5063818611670285e-05,-0.010275967419147491,0.009717289824038744,0.013116386425017832,11.62503433227539,-2.10074450916274e-05,0.00398281691787691,-4.700561112258583e-05,-0.004895118437707424,0.004833859857171774
F:\Seminario\Seminario-Clustering\datasets\davi\Al Emadi (2019)\Multiclass_Drone_Audio\unknown\white_noise006.wav,Multiclass_Drone_Audio\unknown\white_noise006.wav,al_emadi,white,4.992,0.030973828630150423,10.210166931152344,0.007339470831083237,0.3295673583259454,0.008845101110637188,-0.41271772682666774,0.427013173699379,0.031195110343381873,10.212681770324707,-0.0037602893134114144,0.3308031286010375,-0.01115775853395462,-0.42246450781822203,0.42686065435409554,0.061943353237284296,11.217010498046875,-0.0030374077122170564,0.3298214364723858,-0.0034076811280101538,-0.4302814453840256,0.4110312730073929,0.12319056725587525,12.22869873046875,-0.002026925935807104,0.3289999431634584,-0.0025385451735928655,-0.42772383391857144,0.4211759984493256,0.2514464759259253,13.24859619140625,0.0019307870576418822,0.3324236135811964,0.0005378010682761669,-0.4210254967212677,0.4312999606132507,0.5012506646073829,14.240674018859863,-0.0007465429684271755,0.33191420470164806,-0.0010474910959601402,-0.42671167254447934,0.42603921294212344
F:\Seminario\Seminario-Clustering\datasets\davi\Al Emadi (2019)\Multiclass_Drone_Audio\unknown\4-125072-B-191.wav,Multiclass_Drone_Audio\unknown\4-125072-B-191.wav,al_emadi,4-125072-B-191,1.0216875,0.7198498627256703,6.064420223236084,-0.0020784208390274496,0.4731611340012976,0.003514360636472702,-0.37354867458343505,0.43388456106185924,0.1853659138451187,6.701018810272217,0.007938387254307072,0.2399770612214783,0.0018129035597667098,-0.21616630554199218,0.28936814069747935,0.0780834907053991,7.694007396697998,-0.0006590124836215543,0.11051287945000157,-0.000860450032632798,-0.11242416948080063,0.11323542520403866,0.014488451998673463,8.842642784118652,9.014626971659377e-05,0.03371910237615421,0.0002951457863673568,-0.03335689827799797,0.03503174930810928,0.001991197720188813,9.995545387268066,1.5529853396267203e-05,0.008845579261000566,7.143642869777977e-05,-0.00930377235636115,0.009512421488761903,0.00022108300494961652,10.756649017333984,-1.038785265825355e-06,0.002085058283876857,-7.3678093031048775e-06,-0.0020409323740750553,0.002048922237008811
F:\Seminario\Seminario-Clustering\datasets\davi\Al Emadi (2019)\Multiclass_Drone_Audio\unknown\1-118559-A-173.wav,Multiclass_Drone_Audio\unknown\1-118559-A-173.wav,al_emadi,1-118559-A-173,1.0216875,0.002204088438404999,6.868573188781738,-6.951888594874343e-05,0.0010643777184604795,-2.2141175577417016e-05,-0.0010895169572904706,0.0010555573040619503,0.012059243487110924,5.880512714385986,3.083032485250709e-05,0.0024947814308025895,-9.541892359266058e-05,-0.0015860189450904727,0.0015606519766151934,0.1943822800447962,7.264066696166992,8.175051222275597e-05,0.007103197836283098,3.423232010391075e-05,-0.005587540520355106,0.00568053019233048,0.19836479160663123,8.39291000366211,-0.00039059765674970124,0.005067877721856738,-6.980881153140217e-05,-0.004978602007031441,0.0039048274978995333,0.5089592766942646,9.337749481201172,-2.680987685210246e-05,0.005761292303702924,-2.632990162965143e-05,-0.004979710793122649,0.004837173596024514,0.08403031972879203,10.520353317260742,-4.3066635812430355e-06,0.0016560385543559117,-1.636512388358824e-05,-0.0015190409962087868,0.001535273180343212
F:\Seminario\Seminario-Clustering\datasets\davi\Al Emadi (2019)\Multiclass_Drone_Audio\unknown\5-240671-A-444.wav,Multiclass_Drone_Audio\unknown\5-240671-A-444.wav,al_emadi,5-240671-A-444,0.95975,0.9857985246616606,8.053939819335938,0.013658349268107748,1.928047442756276,-0.054972708225250244,-2.6351975202560425,2.4953190088272095,0.010593876816151824,7.922574996948242,0.0008840494120393883,0.1998746638817935,1.689500641077757e-05,-0.27296505868434906,0.25864022970199585,0.001876168317257888,8.556121826171875,-0.0007164270318075667,0.059657998336307964,-0.0022809284273535013,-0.07296556606888771,0.07260211184620857,0.0010249995561788488,9.481900215148926,-0.0009157511950682171,0.03122571946151367,-0.0002665044739842415,-0.037993691861629486,0.036042675375938416,0.0005196463494849502,10.309577941894531,0.0001948302042450134,0.015739163457563536,0.00010428717359900475,-0.017156456597149372,0.017722252011299136,0.00018678429926587652,11.272040367126465,9.093690691171907e-06,0.00667595726461212,1.5554949641227722e-05,-0.007431075442582369,0.007425098679959774
F:\Seminario\Seminario-Clustering\datasets\davi\Al Emadi (2019)\Multiclass_Drone_Audio\unknown\5-160614-A-480.wav,Multiclass_Drone_Audio\unknown\5-160614-A-480.wav,al_emadi,5-160614-A-480,1.0216875,0.3118955948406263,7.903538227081299,-0.00012382287750510603,0.043608700643430275,-0.004000876564532518,-0.053399067372083664,0.054238952696323395,0.029410265400959642,7.833556175231934,0.0005139802469467975,0.013381340719418999,0.0003819118719547987,-0.016100500896573066,0.018524176254868508,0.013111623699452074,8.34576416015625,0.00041551463825487513,0.006327217393787032,0.0003419269196456298,-0.006961864419281483,0.007615038333460694,0.007467893645391645,8.097054481506348,6.667861158914768e-05,0.003388906451583408,6.622090586461127e-05,-0.0032000963576138018,0.0033428376074880364,0.5398880975140847,9.954319953918457,-1.2553507046957343e-05,0.02039386453195381,-1.5235033970384393e-05,-0.024250705912709235,0.024711246043443685,0.09822652489948558,10.953661918640137,6.419144938638731e-06,0.00615364882784049,-1.0317374972146354e-06,-0.007280147820711136,0.007498954981565477
F:\Seminario\Seminario-Clustering\datasets\davi\Al Emadi (2019)\Multiclass_Drone_Audio\bebop_1\B_S2_D1_096-bebop_004_.wav,Multiclass_Drone_Audio\bebop_1\B_S2_D1_096-bebop_004_.wav,al_emadi,B_S2_D1_096-bebop_004,1.024,0.8089515890960913,7.449837684631348,0.0062607870478557,0.9640682116572173,0.007692843908444047,-1.2065280318260192,1.102173399925232,0.12034219647002432,6.496537208557129,0.003112237434160022,0.37183424801945525,0.009413547348231077,-0.35443627238273623,0.3516838312149048,0.021106593061650167,7.746639728546143,0.001695432029133301,0.11042306598037004,0.00011118629481643438,-0.09825479090213775,0.10695525705814363,0.010599844974614145,9.89930534362793,0.0008932829460110098,0.05541325303502261,0.001396017032675445,-0.06907945349812508,0.06874565035104752,0.02041390895445507,10.927127838134766,0.0003740080950828939,0.05442876277826062,0.00042404234409332275,-0.0700044184923172,0.06946317106485367,0.018585867443165,11.928215980529785,-0.00011974280745492364,0.03673966177211434,-0.0005593608366325498,-0.04638751000165938,0.04722751155495644
F:\Seminario\Seminario-Clustering\datasets\davi\Al Emadi (2019)\Multiclass_Drone_Audio\unknown\2-104476-A-370.wav,Multiclass_Drone_Audio\unknown\2-104476-A-370.wav,al_emadi,2-104476-A-370,1.0216875,0.0005805644099562786,2.513617992401123,0.0014762493342158234,0.01354621788571717,-1.8720143089012709e-06,-0.0007191747543402016,0.0007415327010676267,1.9938629260518954e-05,6.043315887451172,8.337892225936415e-05,0.0025238724445755486,2.7641942779155215e-06,-0.0025610687211155892,0.002637047274038196,0.0003401374337779654,8.733558654785156,4.698853059129299e-05,0.007396457502491672,-1.7009697614867036e-06,-0.010138668026775122,0.011389339249581099,0.0069741423107521185,9.378381729125977,-6.401140177572644e-05,0.023723279141107806,-4.2442796257091686e-05,-0.030434000864624975,0.033455808460712444,0.06704439640537331,10.328054428100586,4.911474486141854e-05,0.052049323419893115,-0.00031247021979652345,-0.06015744023025036,0.07654797434806823,0.9250408208108798,11.436253547668457,-1.2040450501149004e-05,0.1367682601757879,7.737070700386539e-05,-0.1923324078321457,0.19659100472927127
F:\Seminario\Seminario-Clustering\datasets\davi\Al Emadi (2019)\Multiclass_Drone_Audio\unknown\3-138114-A-224.wav,Multiclass_Drone_Audio\unknown\3-138114-A-224.wav,al_emadi,3-138114-A-224,0.95975,0.0031172012014508347,5.330742359161377,-0.00308289239626213,0.040009318546504115,-0.0003670420264825225,-0.03274543583393097,0.030669488944113255,0.023663343992005707,6.909817218780518,0.0008230958507135664,0.11055801438550605,-0.0049696427304297686,-0.12221496552228928,0.11855363100767136,0.15447321749811807,7.283370018005371,0.012411247547265185,0.19997954610304006,0.007974365260452032,-0.17927023023366928,0.20912273228168488,0.47213418240623073,8.098488807678223,-0.004035531440522981,0.24810885044113606,-0.003095833584666252,-0.2314112514257431,0.21823451519012455,0.2959406464018507,9.548812866210938,-0.0012587569511875788,0.13901932031303718,-0.00015707110287621617,-0.13322970420122146,0.13216665089130408,0.050671408500343955,9.974748611450195,-0.00019118666724725675,0.04069585298633438,-0.00010150321759283543,-0.035462893545627594,0.03565923124551773
F:\Seminario\Seminario-Clustering\datasets\davi\Al Emadi (2019)\Multiclass_Drone_Audio\unknown\2-106486-A-440.wav,Multiclass_Drone_Audio\unknown\2-106486-A-440.wav,al_emadi,2-106486-A-440,1.0216875,0.6527619954553647,7.988643169403076,0.001822533888014563,0.09857004695524386,0.003546443535014987,-0.1288664013147354,0.13488025367259981,0.08675484466942064,7.92195987701416,-0.0006295874055314673,0.03593535837815968,-0.00045579939614981413,-0.046881914883852,0.04731716513633729,0.05237210885235225,8.916584014892578,-4.661736397173687e-05,0.01980337849504452,0.00018249305139761418,-0.02590282801538706,0.025844487361609936,0.10735139824135852,9.787919998168945,0.0005748333329844037,0.02007436948469809,0.00037348587648011744,-0.02323017828166485,0.025389772653579716,0.06847160371862425,10.816909790039062,2.035792290562464e-05,0.0113494228719238,9.835404125624336e-05,-0.014210387039929629,0.013887913618236781,0.03228804906287955,11.82087230682373,-1.4080378308034273e-05,0.00551327299912467,-8.678909216541797e-05,-0.006791252084076405,0.00683138957247138
F:\Seminario\Seminario-Clustering\datasets\davi\Al Emadi (2019)\Multiclass_Drone_Audio\unknown\2-69131-A-54.wav,Multiclass_Drone_Audio\unknown\2-69131-A-54.wav,al_emadi,2-69131-A-54,0.95975,0.0040300689595741766,3.232016086578369,-0.0002462039069859924,0.005320193300466934,-6.787754682591185e-05,-0.0017201760201714933,0.0016398303559981287,0.009641057115642008,4.914387226104736,1.1208411446255986e-05,0.00823754248013942,5.078640424471814e-05,-0.0022963425144553185,0.002395026385784149,0.5471718376827144,5.224516868591309,0.000527507621639342,0.04401452080674379,-2.3648074602533597e-05,-0.001514679635874927,0.00150455062976107,0.4069225369565063,5.979978561401367,1.25137584014832e-05,0.026890220233739277,-1.4184063729771879e-05,-0.0011670104460790754,0.0011852720519527796,0.031341185114962374,6.496477127075195,-7.5285402471675855e-06,0.00528104001120966,-2.585177981018205e-06,-0.0003817138145677745,0.0003763850370887667,0.0008933141706007493,7.420051574707031,6.451201820651664e-07,0.0006307349091686332,2.855426828318741e-07,-7.416332664433867e-05,7.462125358870253e-05
F:\Seminario\Seminario-Clustering\datasets\davi\Al Emadi (2019)\Multiclass_Drone_Audio\unknown\3-108677-A-181.wav,Multiclass_Drone_Audio\unknown\3-108677-A-181.wav,al_emadi,3-108677-A-181,1.0216875,0.16090502418724426,6.499530792236328,-0.00036671803856410496,0.034144293573744273,-0.0010604455601423979,-0.02984553948044777,0.02715864628553392,0.4489172391954576,4.589923858642578,6.035966659758494e-05,0.057034973260263334,-7.008493412286043e-07,-0.032168105244636536,0.030873273685574673,0.10880295124648524,7.052978515625,-0.0002567779962043074,0.019910919047282392,-4.760088268085383e-05,-0.01670146398246288,0.015838884934783002,0.12161922586212874,8.528631210327148,7.3128393139408955e-06,0.014911925610372839,1.0704505257308483e-05,-0.013994006626307964,0.014969181641936304,0.09999219450678153,9.341413497924805,-0.00016954676283903973,0.009566447449921066,-1.2912238162243739e-05,-0.009155123308300971,0.008493022620677951,0.05976336500190261,10.012664794921875,-2.900488289757335e-05,0.005232599297117056,-2.1706637198803946e-07,-0.004284719657152891,0.004001263622194531
F:\Seminario\Seminario-Clustering\datasets\davi\Al Emadi (2019)\Multiclass_Drone_Audio\unknown\2-108766-A-90.wav,Multiclass_Drone_Audio\unknown\2-108766-A-90.wav,al_emadi,2-108766-A-90,1.0216875,0.015508802952507932,7.677759647369385,-0.014329758276388308,0.12142066955993301,-0.014137985184788704,-0.1652885615825653,0.12137968540191664,0.008741604853752985,7.687746524810791,0.0029579979383935646,0.09174386470888378,0.003884529462084174,-0.10580247938632965,0.11610157042741777,0.18104102204749775,7.977604389190674,0.027059761233279172,0.29500192931323765,0.006417424650862813,-0.23935598284006118,0.3968693017959603,0.6977780919038288,8.894031524658203,-0.0012171555325629125,0.41194393205341917,0.0005350480205379426,-0.4405554473400116,0.4589428544044497,0.09205105705622353,10.032729148864746,-7.991261234294903e-05,0.10587631174578517,-0.00020208940259180963,-0.1287764310836792,0.1261560291051865,0.004879421186188983,10.906092643737793,-1.9135504424813892e-05,0.01724404883779003,-8.002427057363093e-05,-0.018027578294277192,0.018469243124127423
F:\Seminario\Seminario-Clustering\datasets\davi\Al Emadi (2019)\Multiclass_Drone_Audio\unknown\3-164216-A-61.wav,Multiclass_Drone_Audio\unknown\3-164216-A-61.wav,al_emadi,3-164216-A-61,1.0216875,0.009484069257696265,7.632650375366211,0.0072512296624022326,0.01433461056617418,0.004589106421917677,-0.006249482184648513,0.027104564011096954,0.008105984144764234,6.469360828399658,0.00020183675794638612,0.014850016427329459,8.499006071360782e-06,-0.012539767473936082,0.012979822978377353,0.3797551105412871,6.552178382873535,0.0006215342068147105,0.07208560643389432,3.62557329935953e-05,-0.03625124469399452,0.04390964098274713,0.5598327611409882,7.5827531814575195,-4.547691686911693e-05,0.06199654481770948,-2.0694587874459103e-05,-0.039388985931873316,0.036678427457809464,0.040822493269519894,8.454198837280273,2.01668487283401e-05,0.011846518361997719,-1.0288239991496084e-05,-0.006684065423905849,0.007094698818400504,0.001999581645744371,9.637741088867188,1.2680947458791042e-06,0.0018547351714964348,9.480713742959779e-07,-0.0011118477908894418,0.0011408737860620032
F:\Seminario\Seminario-Clustering\datasets\davi\Al Emadi (2019)\Multiclass_Drone_Audio\unknown\2-61311-A-124.wav,Multiclass_Drone_Audio\unknown\2-61311-A-124.wav,al_emadi,2-61311-A-124,0.95975,0.9246549425957616,7.929396629333496,-0.0023030293310145416,0.08163468446748913,-0.0006097373552620411,-0.10750284418463707,0.10134431719779968,0.043140477567986855,7.808734893798828,0.00026168808591013837,0.017638120841545844,0.0005362588563002646,-0.02167267818003893,0.021743491291999817,0.012420749235989853,8.747540473937988,7.736550231404432e-05,0.006713241242499155,0.0004362081817816943,-0.0086240922100842,0.00837234128266573,0.0029200454014714767,9.148811340332031,-1.153034708283497e-05,0.0023059494410348925,9.72324050962925e-06,-0.0026206151582300664,0.002495194226503373,0.010524269240459292,7.387653350830078,3.2620111312139437e-06,0.0030979885374327917,5.0454295887902845e-06,-0.0017634450108744203,0.0017296420526690783,0.006339515958330892,7.769144058227539,1.3960492734088986e-06,0.001700962694286513,9.390932973474264e-07,-0.0008454749477095902,0.0008138542179949582
F:\Seminario\Seminario-Clustering\datasets\davi\Al Emadi (2019)\Multiclass_Drone_Audio\unknown\4-165813-B-190.wav,Multiclass_Drone_Audio\unknown\4-165813-B-190.wav,al_emadi,4-165813-B-190,1.0216875,0.7298239005912205,6.759268760681152,-0.0031255458236619745,1.09908995348524,1.2887176126241684e-05,-1.165911316871643,0.920754134654999,0.21661131673353612,7.173039436340332,-0.01174998583521593,0.5986636591305686,-0.006277480162680149,-0.6555400609970092,0.6757512807846071,0.045998940023732664,8.316609382629395,0.0006574647295883728,0.19567986112049693,0.0017573126242496073,-0.22828784584999084,0.22932574301958086,0.006987561662583449,9.37562370300293,9.504536420696408e-05,0.05402097404826395,-4.510051803663373e-05,-0.06561392694711685,0.0652958631515503,0.0005647204929575135,10.272186279296875,-6.140561640432845e-07,0.010867263022167143,-0.00010404569911770523,-0.012477015517652035,0.012133281491696837,1.3560495969757403e-05,10.729049682617188,-1.0685960247023654e-06,0.0011912745027861736,3.4668482840061188e-06,-0.0012754697585478424,0.0012476838193833828
F:\Seminario\Seminario-Clustering\datasets\davi\Al Emadi (2019)\Multiclass_Drone_Audio\unknown\1-13571-A-464.wav,Multiclass_Drone_Audio\unknown\1-13571-A-464.wav,al_emadi,1-13571-A-464,0.95975,0.03321244425482853,7.2980241775512695,0.025801855618509735,0.23639513788362684,0.026307884603738785,-0.25061698257923126,0.29191574454307556,0.18057504895808152,7.89170503616333,0.005708517820033946,0.5544540660186176,-0.02115338109433651,-0.7210743427276611,0.7120402455329895,0.5265152355981104,7.851792335510254,-0.002712063249113813,0.6715699191528526,0.002406405401416123,-0.6446174681186676,0.6091010272502899,0.21070473426441103,8.574226379394531,0.00029174231128863896,0.300953523457975,0.001221311162225902,-0.2511868357658386,0.2451488971710206,0.04580042964328383,9.498337745666504,-0.0004898208581143385,0.09929232225355163,0.0007206062145996839,-0.08057502508163451,0.08118774592876439,0.0031921072812847,10.292505264282227,3.0153160872360094e-06,0.018544183675531744,4.2561747250147164e-05,-0.014250022359192371,0.014761876314878464
F:\Seminario\Seminario-Clustering\datasets\davi\Al Emadi (2019)\Multiclass_Drone_Audio\membo_1\mixed_membo_60-membo_000_.wav,Multiclass_Drone_Audio\membo_1\mixed_membo_60-membo_000_.wav,al_emadi,mixed_membo_60-membo_000,1.024,0.0675648350891578,7.812483787536621,-0.00265829759365861,0.14316564892128672,0.0009316862560808659,-0.1753369331359863,0.17817519456148148,0.09920904361444466,7.982996940612793,-0.0005143421500832252,0.17351100020326599,-0.003167154034599662,-0.2134170338511467,0.2152715474367142,0.7138932812351626,8.959588050842285,-0.0006399603888338197,0.33007710319416717,0.0028391305822879076,-0.43178434669971466,0.43136456906795506,0.1044961939015612,9.96142292022705,-5.675718979388584e-05,0.08942688629700397,0.00101683777756989,-0.11720255687832833,0.1158026732504368,0.009755753451826716,10.927701950073242,0.00010905987366791419,0.019337342531933366,0.0003097143489867449,-0.02468814328312874,0.02493412420153618,0.005080892707847062,11.849068641662598,1.6399792994140568e-05,0.009872181139671019,7.182190893217921e-05,-0.012559623830020426,0.012291752360761169
F:\Seminario\Seminario-Clustering\datasets\davi\Al Emadi (2019)\Multiclass_Drone_Audio\unknown\2-78651-A-440.wav,Multiclass_Drone_Audio\unknown\2-78651-A-440.wav,al_emadi,2-78651-A-440,1.0216875,0.5163366740762709,6.450954437255859,-0.00046169610038342054,0.29635372491347733,-0.012413393706083298,-0.20824243426322936,0.24350367784500138,0.0669186685833366,6.530810356140137,0.0015095679748738527,0.10667793254382335,0.00559874065220356,-0.09655166864395141,0.10301685184240343,0.04503298995060502,5.961987495422363,-7.072976558330625e-06,0.06206668412899413,0.00023802748910384253,-0.04002391248941421,0.0355231735855341,0.2158969752585334,7.2082014083862305,0.00035999252077334334,0.09625847737034646,5.003683327231556e-05,-0.05079039856791495,0.051494830101728443,0.08700639145132168,7.288015365600586,0.0005611258188911315,0.04323753303500483,-0.00047733257815707475,-0.02200706973671913,0.022288398817181598,0.06880830067993235,7.317103385925293,0.00018797414704485108,0.02720212101912746,6.310752360150218e-05,-0.00858601126819849,0.008838348276913174
F:\Seminario\Seminario-Clustering\datasets\davi\Al Emadi (2019)\Multiclass_Drone_Audio\membo_1\Membo_1_048-membo_000_.wav,Multiclass_Drone_Audio\membo_1\Membo_1_048-membo_000_.wav,al_emadi,Membo_1_048-membo_000,1.024,0.7765974168719443,7.261704444885254,-0.0027746174935769276,0.25908726704018276,0.002655729418620467,-0.3010645478963852,0.2742669999599457,0.005684516289513332,7.629643440246582,-0.0005974296312592654,0.022159603492448516,-0.001272372785024345,-0.026562754064798355,0.026862710155546667,0.020900942488172102,9.015495300292969,-0.00012281443951967923,0.030143843916703553,0.0005946144228801131,-0.03812956288456917,0.036881673336029056,0.04086189990108408,9.785999298095703,-0.00041006010120385125,0.029843926617003413,-0.0007721816946286708,-0.03753928653895855,0.03539089560508728,0.06723768288837809,10.633098602294922,7.075204191057164e-05,0.02709554585756716,-5.802442319691181e-05,-0.031610582023859024,0.03189937025308609,0.08871754156090816,11.548436164855957,-3.4167046457134292e-06,0.022017508001550425,-8.440803867415525e-06,-0.02541031315922737,0.025587932765483858
F:\Seminario\Seminario-Clustering\datasets\davi\Al Emadi (2019)\Multiclass_Drone_Audio\bebop_1\B_S2_D1_102-bebop_002_.wav,Multiclass_Drone_Audio\bebop_1\B_S2_D1_102-bebop_002_.wav,al_emadi,B_S2_D1_102-bebop_002,1.024,0.8020101154369639,7.0755615234375,-0.008184264098477468,0.68117919209252,-0.016496249474585056,-0.7874761700630187,0.7291779398918152,0.02520218270258418,7.809939384460449,-0.0016977829812813738,0.12074772136167498,0.0016070642741397023,-0.1497778758406639,0.14352259784936908,0.01673330119404276,8.936386108398438,-0.00023389228289603318,0.06978104031265595,-0.0012875264510512352,-0.08422439694404601,0.09035659208893776,0.04151236491553032,9.950183868408203,-0.0026157285674158195,0.0777876728535389,-0.0030407814774662256,-0.10411637127399445,0.09695176258683205,0.06702178443029151,10.949846267700195,-0.0013842787726356981,0.06997546559560419,-0.0031540594063699245,-0.08951149135828018,0.08967914432287216,0.04752025132058734,11.922189712524414,-0.0001283421871199655,0.04168986578189457,-0.00040531865670345724,-0.0532353326678276,0.052681056410074235
F:\Seminario\Seminario-Clustering\datasets\davi\Al Emadi (2019)\Multiclass_Drone_Audio\unknown\2-91912-B-331.wav,Multiclass_Drone_Audio\unknown\2-91912-B-331.wav,al_emadi,2-91912-B-331,1.0216875,0.6606984803601832,8.184616088867188,-0.0007193963302567788,0.025612985737381726,-0.0014712009578943253,-0.03383633047342301,0.0323469936847687,0.09442658664772025,5.816368103027344,-6.440252896440639e-05,0.009686509872161872,0.00021178057068027556,-0.007663896307349205,0.007041348237544299,0.06794029556152664,7.518250942230225,-4.714327103211529e-05,0.005826771684392855,6.711668538628146e-05,-0.0051468936260789635,0.005386945977807048,0.07735502404688888,7.8752899169921875,-3.0082047564457233e-05,0.004403907746616239,4.989837179891765e-06,-0.0033312132582068443,0.0030080110765993598,0.06907682719093389,6.9956865310668945,-1.9379520831192765e-05,0.002944855829682452,-1.4277684385888278e-05,-0.0013852264499291777,0.001347370562143624,0.030502786192747208,6.956302642822266,8.61102302675826e-07,0.001384355788380747,2.0984170987503603e-06,-0.0005047456594184041,0.0005144923808984474
F:\Seminario\Seminario-Clustering\datasets\davi\Al Emadi (2019)\Multiclass_Drone_Audio\unknown\4-164064-B-14.wav,Multiclass_Drone_Audio\unknown\4-164064-B-14.wav,al_emadi,4-164064-B-14,0.95975,0.0,-0.0,0.0,0.0,0.0,0.0,0.0,0.0,-0.0,0.0,0.0,0.0,0.0,0.0,0.0,-0.0,0.0,0.0,0.0,0.0,0.0,0.0,-0.0,0.0,0.0,0.0,0.0,0.0,0.0,-0.0,0.0,0.0,0.0,0.0,0.0,0.0,-0.0,0.0,0.0,0.0,0.0,0.0
F:\Seminario\Seminario-Clustering\datasets\davi\Al Emadi (2019)\Multiclass_Drone_Audio\unknown\2-60791-A-261.wav,Multiclass_Drone_Audio\unknown\2-60791-A-261.wav,al_emadi,2-60791-A-261,1.0216875,0.03108584398813045,7.40938663482666,0.0024907815116331543,0.09444091450782012,0.0020561590790748596,-0.10414449274539947,0.10826388895511628,0.1410251356142509,7.879158020019531,0.0005647315550505452,0.20122243179152557,-0.009119199588894844,-0.25873523354530337,0.24959214031696325,0.6638611044160734,8.464760780334473,-0.0030254970161923285,0.309596789186116,-0.0030718822963535786,-0.38698241114616394,0.37545088529586795,0.1372109332160064,9.495570182800293,-0.0015212936362785756,0.09968915833899504,-0.0007516738842241466,-0.12169380784034728,0.11302701532840731,0.0224283233988328,10.152531623840332,-0.00029179085568805237,0.028522198024696646,-0.00031689768366049975,-0.030875775031745434,0.031619544327259066,0.004388659366706059,11.312585830688477,-3.141450788507555e-06,0.008925735894996319,-1.9663828425109386e-05,-0.010006525926291943,0.009809932485222817
F:\Seminario\Seminario-Clustering\datasets\davi\Al Emadi (2019)\Multiclass_Drone_Audio\membo_1\Membo_2_017-membo_003_.wav,Multiclass_Drone_Audio\membo_1\Membo_2_017-membo_003_.wav,al_emadi,Membo_2_017-membo_003,1.024,0.5200276804558944,8.354864120483398,0.001804732733080703,0.10480300947500269,0.004296846687793732,-0.13648551255464553,0.1403404012322426,0.008894352970466764,8.007119178771973,0.00018323070986459795,0.01370702716663229,0.00045439827954396605,-0.018081825412809848,0.017977867275476456,0.04620060503391612,9.093822479248047,-2.5342397947877066e-05,0.02215617052753502,-0.0004042663495056331,-0.027848231606185436,0.02962803114205599,0.04426022628628163,9.963315963745117,-7.533095567682717e-05,0.015356461332020071,4.319172876421362e-05,-0.020439198613166808,0.019708379171788696,0.12418481715506609,10.93008804321289,-8.406828638916941e-05,0.01820432159993344,-0.00033407058799639344,-0.0232461616396904,0.022917428985238075,0.25643231809837497,11.916805267333984,-4.845974708997796e-06,0.018505535684506053,-0.00015730700397398323,-0.023472742736339567,0.023590708151459694
F:\Seminario\Seminario-Clustering\datasets\davi\Al Emadi (2019)\Multiclass_Drone_Audio\unknown\2-209477-A-254.wav,Multiclass_Drone_Audio\unknown\2-209477-A-254.wav,al_emadi,2-209477-A-254,0.95975,0.26646704613266214,6.225736618041992,-0.04864612433708698,0.12950184476541104,-0.04839200899004936,-0.13147415220737457,0.03193964064121246,0.26553175009480595,5.2245330810546875,-0.0004224554419281812,0.1380935324934951,-0.0012601972557604313,-0.07900946587324142,0.06555633991956711,0.23491810718962278,6.284061908721924,-0.0006591360975512666,0.09212846736610561,-0.0003022545570274815,-0.050265777856111526,0.05499926581978798,0.12845899403734773,6.820740699768066,8.236724668818937e-05,0.04826158207163159,-0.00021542212925851345,-0.02518402710556984,0.026007088646292746,0.061206028461254336,6.495904922485352,-0.0003577254637165501,0.023571688425887017,-3.7479396269191056e-05,-0.010033685434609651,0.010573675390332939,0.04341807408430707,6.506824493408203,-0.00011568544861026554,0.014045815131969591,-4.820176400244236e-07,-0.005603353958576918,0.005249419715255499
F:\Seminario\Seminario-Clustering\datasets\davi\Al Emadi (2019)\Multiclass_Drone_Audio\unknown\4-167155-A-323.wav,Multiclass_Drone_Audio\unknown\4-167155-A-323.wav,al_emadi,4-167155-A-323,1.0216875,0.1785603472360854,7.615886211395264,-0.0007855435145426203,0.02223029062304098,-0.000550554133951664,-0.025765001028776168,0.02436733990907669,0.025457905657471507,6.312407970428467,0.000167150298741239,0.008397479839730241,0.00015456241089850664,-0.00862005166709423,0.007726719230413439,0.03912859368455549,7.313275337219238,-0.0005570999300455587,0.00736342771708914,-0.00030600193713326007,-0.006688972935080528,0.005768112838268289,0.13900758851894818,6.453249931335449,0.00038451562993860696,0.009851142359894293,3.585034573916346e-05,-0.00446130009368062,0.004580726753920318,0.4668127539140836,6.822142124176025,-5.7477064854161225e-06,0.012784165815922352,3.514198397169821e-06,-0.004284739308059215,0.00469688568264246,0.15103281098885585,7.765867710113525,-4.772006740147913e-08,0.0051440779955304,7.744290996924974e-06,-0.001735213864594698,0.0016929348232224601
F:\Seminario\Seminario-Clustering\datasets\davi\Al Emadi (2019)\Multiclass_Drone_Audio\unknown\5-254832-A-153.wav,Multiclass_Drone_Audio\unknown\5-254832-A-153.wav,al_emadi,5-254832-A-153,1.0216875,0.18302612904690724,7.337738037109375,-0.0005917472429789704,0.00967369519800527,-0.0010857126908376813,-0.011666034162044526,0.011077615804970268,0.007514418740268861,7.218879699707031,8.144122761912714e-05,0.001962098390870297,7.526447006966919e-05,-0.0020994457416236402,0.002120925206691027,0.0058590984191222205,7.434539794921875,3.930095694674601e-05,0.001229105248308284,2.574375321273692e-05,-0.0009563702449668198,0.0009938543778844177,0.5696351996559598,6.769405841827393,7.997908875487129e-06,0.008588541003226985,5.9607846196740866e-06,-0.0025794824585318567,0.002547874581068754,0.19624485823693286,7.58643102645874,-2.791588484295236e-05,0.003567058191705061,1.0089145234815078e-06,-0.0011431480175815522,0.0010953354998491712,0.03772029590080911,8.493440628051758,2.2613756020084706e-06,0.0011063226155685589,8.447077561868355e-07,-0.00044405816588550807,0.0004507893871050334
F:\Seminario\Seminario-Clustering\datasets\davi\Al Emadi (2019)\Multiclass_Drone_Audio\unknown\3-102583-A-493.wav,Multiclass_Drone_Audio\unknown\3-102583-A-493.wav,al_emadi,3-102583-A-493,1.0216875,0.1898331413415832,6.841228485107422,0.00013164285202447605,0.08130251096586019,-0.0012884954921901226,-0.07942317724227906,0.07218082249164584,0.13114284073804858,6.259997367858887,0.0004767509378661488,0.06757405506654936,0.0007089196005836129,-0.04851352870464325,0.04848326593637468,0.3867625744318613,6.50179386138916,-0.0006485035959528152,0.08229547499272727,-0.00038750283420085907,-0.041023850440979004,0.036508614569902426,0.1977326561843519,7.696407318115234,3.535610590718815e-05,0.04168039585292553,5.882995901629329e-05,-0.023760205134749406,0.024178981408476848,0.07549782562747952,8.89401626586914,-0.00011294507281132665,0.01822446759849489,3.539696626830846e-05,-0.011562562733888625,0.011394418403506282,0.01903096167667553,9.972798347473145,2.8049857924615084e-06,0.006472873004051843,-8.117785910144448e-07,-0.004562616813927889,0.004465646017342807
F:\Seminario\Seminario-Clustering\datasets\davi\Al Emadi (2019)\Multiclass_Drone_Audio\unknown\2-70366-A-331.wav,Multiclass_Drone_Audio\unknown\2-70366-A-331.wav,al_emadi,2-70366-A-331,1.0216875,0.35190174238249133,4.860255241394043,-0.013310299453907002,0.13718588858513567,0.0,-0.10259621739387512,0.08293159008026141,0.09008614051115207,6.300791263580322,-0.0009665574454281371,0.06973015251429943,0.0,-0.0735056072473526,0.03983191624283793,0.2789639218068331,6.86796760559082,-0.0013077312262451503,0.08701758638478231,0.0,-0.05369760394096375,0.04412982016801834,0.17692553158221483,7.974520683288574,-0.00112025557235978,0.049078328896222975,0.0,-0.03561962097883224,0.028973392769694333,0.07179414763529798,8.87633228302002,0.00042825967237724617,0.022124525672679453,0.0,-0.011904312670230862,0.014463885687291624,0.030328516082010707,9.775757789611816,-1.1844211411910053e-05,0.010174355164844159,0.0,-0.005859084520488977,0.005610705260187393
F:\Seminario\Seminario-Clustering\datasets\davi\Al Emadi (2019)\Multiclass_Drone_Audio\unknown\4-172377-A-171.wav,Multiclass_Drone_Audio\unknown\4-172377-A-171.wav,al_emadi,4-172377-A-171,1.0216875,0.057860543015148265,7.355067253112793,1.839473222303443e-05,0.0028774956979700254,0.00013390003005042672,-0.003264378709718585,0.0032857146114110953,0.03484211238942871,6.502520561218262,-5.481242114682163e-05,0.0022323058024859696,8.482925295538735e-06,-0.0021713020745664836,0.0020071320235729223,0.16916949120342503,7.65809965133667,0.00010994909114562284,0.0034875973954990075,6.86106322973501e-05,-0.003202366572804749,0.003566871001385155,0.30210276484230686,8.233230590820312,3.810111579290097e-05,0.0033025931554854352,-1.008524759527063e-05,-0.0027460687328130008,0.002679307665675879,0.30617177570919124,9.337701797485352,4.649414782403866e-05,0.0023523803109578275,7.313124342545052e-06,-0.00199090726673603,0.0022893328918144108,0.1298533128404999,10.522331237792969,4.345663021838154e-06,0.0010839359361181763,3.125562216155231e-06,-0.00101584168151021,0.0009981355164200081
F:\Seminario\Seminario-Clustering\datasets\davi\Al Emadi (2019)\Multiclass_Drone_Audio\unknown\5-223317-A-312.wav,Multiclass_Drone_Audio\unknown\5-223317-A-312.wav,al_emadi,5-223317-A-312,0.97525,0.9651892982114575,8.659302711486816,-0.22106488145556044,0.07867789048076677,-0.2226305678486824,-0.3185724288225174,-0.11428684219717981,0.0010339221451622488,5.44582462310791,9.952347748253027e-06,0.007679890181069689,0.00015595153672620654,-0.004232150362804532,0.004589547589421272,0.0007345100888760901,4.084902286529541,-4.719322266127861e-05,0.004593210993076833,7.991696475073695e-05,-0.0023648194037377834,0.0023427021224051714,0.000551740833311477,5.935400009155273,-0.0001229753013753098,0.002816725694209901,-3.802533319685608e-05,-0.001459961582440883,0.0013675024965777993,0.012059868888253158,4.7875261306762695,-0.00015284688993198503,0.009326566097875787,9.400246199220419e-07,-0.0013797487481497228,0.001399868750013411,0.020430659832939492,6.017958164215088,2.046607200930809e-05,0.00858871921472255,3.2445532269775867e-06,-0.0008361533866263925,0.0008477350929751995
F:\Seminario\Seminario-Clustering\datasets\davi\Al Emadi (2019)\Multiclass_Drone_Audio\unknown\2-50668-B-411.wav,Multiclass_Drone_Audio\unknown\2-50668-B-411.wav,al_emadi,2-50668-B-411,1.0216875,0.3801578436001875,7.475689888000488,0.0176513291412615,0.4472535948481552,-0.016607336699962616,-0.47170756459236146,0.5296115994453434,0.25508433596029145,7.213267803192139,0.0002506652187620879,0.3666499599997747,0.01248093880712986,-0.37147234082221986,0.36500862836837805,0.0660204582854327,8.25442886352539,0.0008890421593725746,0.13227810765983894,-0.00379960797727108,-0.13560038805007935,0.1490485563874245,0.05334046412582686,9.61599349975586,-0.0010011455620772658,0.08421351865132166,-0.0032055717892944813,-0.1021956592798233,0.10090972930192948,0.13880117106798376,10.624197006225586,0.00047297298661277824,0.09613435006607751,0.0017418768256902695,-0.113215534389019,0.11816428303718568,0.10659572696027768,11.746747016906738,-8.158240892937011e-05,0.05959743647102821,-0.0002144791797036305,-0.07189062386751174,0.07317989021539688
F:\Seminario\Seminario-Clustering\datasets\davi\Al Emadi (2019)\Multiclass_Drone_Audio\unknown\2-209477-A-250.wav,Multiclass_Drone_Audio\unknown\2-209477-A-250.wav,al_emadi,2-209477-A-250,1.0216875,0.41137821918561407,7.469728469848633,-0.04892419121111968,0.09291576453843015,-0.04904816672205925,-0.1480282664299011,0.03607676625251775,0.2579694080295479,5.278700828552246,0.003877692417704592,0.08306493653209217,-0.0014190805377438664,-0.050449898838996886,0.05305591672658925,0.18661973502195062,6.8241472244262695,0.0021323070974204827,0.05011192424149204,0.00038659278652630746,-0.03408176675438881,0.04280490055680281,0.08901488490157876,7.159337997436523,0.0002586180788913177,0.024535101992576306,0.00017695457790978253,-0.016590413823723792,0.018579096347093583,0.033098222851934665,8.980059623718262,-0.00023550112999907245,0.010584704280462234,-8.338542829733342e-05,-0.008889764547348022,0.008538677357137203,0.021919530009373994,9.190474510192871,1.1904127581164913e-05,0.006094940196082311,-1.4000092050991952e-05,-0.004886910039931536,0.00499319350346923
