filepath,relative_path,dataset,group_id,duration_seconds,approx_L4_relative_energy,approx_L4_shannon_entropy,approx_L4_mean,approx_L4_std,approx_L4_median,approx_L4_p10,approx_L4_p90,detail_L4_relative_energy,detail_L4_shannon_entropy,detail_L4_mean,detail_L4_std,detail_L4_median,detail_L4_p10,detail_L4_p90,detail_L3_relative_energy,detail_L3_shannon_entropy,detail_L3_mean,detail_L3_std,detail_L3_median,detail_L3_p10,detail_L3_p90,detail_L2_relative_energy,detail_L2_shannon_entropy,detail_L2_mean,detail_L2_std,detail_L2_median,detail_L2_p10,detail_L2_p90,detail_L1_relative_energy,detail_L1_shannon_entropy,detail_L1_mean,detail_L1_std,detail_L1_median,detail_L1_p10,detail_L1_p90
F:\Seminario\Seminario-Clustering\datasets\davi\Al Emadi (2019)\Multiclass_Drone_Audio\unknown\2-32515-A-42.wav,Multiclass_Drone_Audio\unknown\2-32515-A-42.wav,al_emadi,2-32515-A-42,0.97525,0.0010892210763592093,8.760954856872559,0.0004171112286640127,0.029220820408383794,-0.001288088969886303,-0.03402564041316509,0.03662033230066299,0.0069178290557153155,7.53648567199707,-0.0013655558066588158,0.07363577407950891,-5.6016160669969395e-05,-0.06755377128720283,0.06581281200051307,0.17666873470173655,8.354267120361328,-0.0036134958814625262,0.2650748011638615,-0.00027448785840533674,-0.2362966775894165,0.21351113021373763,0.812322123387281,9.02829647064209,5.022269535044255e-05,0.40338786765941154,6.800462870160118e-05,-0.24490734934806824,0.2597401082515718,0.003002091778907891,9.303086280822754,-1.2587960745268387e-05,0.017371290000293492,7.34435161575675e-06,-0.009871212299913168,0.010181881953030825
F:\Seminario\Seminario-Clustering\datasets\davi\Al Emadi (2019)\Multiclass_Drone_Audio\unknown\5-213855-A-01.wav,Multiclass_Drone_Audio\unknown\5-213855-A-01.wav,al_emadi,5-213855-A-01,1.0216875,0.0073467286719358215,8.990839004516602,-0.0005282701558201531,0.03896021067661726,-0.0009558417368680239,-0.05087267272174358,0.048043514788150804,0.3049314109301034,6.359049320220947,-0.008235391842733324,0.25088889979939394,0.000891268951818347,-0.12391090616583823,0.10223942473530771,0.6669550871902312,7.612088680267334,-0.00013794805063624,0.2642821519321968,0.0006805412122048438,-0.11665278896689407,0.11735386550426476,0.020685251537144952,8.963727951049805,-9.233303721455514e-06,0.03302250378211267,1.4852312233415432e-05,-0.02234851364046335,0.022878912650048742,8.152167058461526e-05,10.728157043457031,-1.412322329196217e-06,0.0014683929125389977,5.766418553321273e-06,-0.0013818517327308655,0.0013628664659336215
F:\Seminario\Seminario-Clustering\datasets\davi\Al Emadi (2019)\Multiclass_Drone_Audio\unknown\5-213077-A-114.wav,Multiclass_Drone_Audio\unknown\5-213077-A-114.wav,al_emadi,5-213077-A-114,0.95975,0.9685857960633572,8.932870864868164,0.011664554109003257,0.41032934044367747,-0.00588065292686224,-0.5140157043933868,0.547095388174057,0.0130377319641228,8.82668685913086,-0.00024509376091030134,0.04762491337007499,0.0012164763757027686,-0.06389060989022255,0.05833742953836918,0.00883928080113988,9.890010833740234,-0.0002940801582333943,0.027926315842593266,-0.0007479990599676967,-0.0362968061119318,0.03591425195336342,0.007299339006479371,10.884366035461426,5.747167071435143e-05,0.018010397683782802,0.00015525040362263098,-0.023082508891820907,0.023525752313435077,0.0022378521649007517,11.833616256713867,-2.0711460102773185e-05,0.0070643398317258655,3.0298527235572692e-05,-0.00906229205429554,0.008994051720947029
F:\Seminario\Seminario-Clustering\datasets\davi\Al Emadi (2019)\Multiclass_Drone_Audio\unknown\5-244178-A-320.wav,Multiclass_Drone_Audio\unknown\5-244178-A-320.wav,al_emadi,5-244178-A-320,1.0216875,0.004600639953890607,6.75445556640625,3.966669882754472e-05,0.0020370672639479395,4.329439252614975e-05,-0.0012863764888606966,0.0014234200934879484,0.02194453787871348,5.400032997131348,7.318393825078156e-05,0.004449211298925958,3.014865160366753e-05,-0.0017618552432395519,0.0018185743945650782,0.11501390056803915,5.607001304626465,-0.00020238441470457716,0.007249197010859085,-2.7255465283815283e-05,-0.0026884517632424832,0.001959898695349692,0.7436110117057552,5.568132400512695,-1.2517053528790833e-05,0.013083281637627384,-9.390112154505914e-06,-0.0031480632256716485,0.0028955056797713053,0.1148299098936016,7.492703437805176,1.6474523585091663e-05,0.0036416092972350765,1.9859115809595096e-06,-0.0011064695892855523,0.0011476616025902333
F:\Seminario\Seminario-Clustering\datasets\davi\Al Emadi (2019)\Multiclass_Drone_Audio\membo_1\Membo_0_009-membo_003_.wav,Multiclass_Drone_Audio\membo_1\Membo_0_009-membo_003_.wav,al_emadi,Membo_0_009-membo_003,1.024,0.5342601450842979,9.475198745727539,-0.001423443286030332,0.08253561429645642,-0.0016262533608824015,-0.10810092091560364,0.11051153391599655,0.10210675500995545,9.093025207519531,-0.00016235427950861352,0.036087135621262936,-0.0013936393661424518,-0.046004608273506165,0.04813969507813454,0.09116105624852076,9.715978622436523,7.81566885362344e-05,0.024279162263146446,-0.0004135991621296853,-0.028879743441939353,0.029330133274197572,0.11638534524124865,10.715316772460938,5.315170967616302e-05,0.019466507343644503,0.00024258936173282564,-0.02331162802875042,0.02348541580140591,0.15608669841597725,11.606094360351562,-1.7310147752108984e-05,0.015967902614835557,-1.2454784155124798e-05,-0.019026185385882854,0.018881100229918957
F:\Seminario\Seminario-Clustering\datasets\davi\Al Emadi (2019)\Multiclass_Drone_Audio\unknown\1-91359-B-110.wav,Multiclass_Drone_Audio\unknown\1-91359-B-110.wav,al_emadi,1-91359-B-110,1.0216875,0.6058111021852217,8.93762493133545,-0.009774369109006073,0.2525073728148577,0.000622119870968163,-0.3370910227298736,0.3067145764827729,0.19144847615499738,8.880546569824219,-0.0007961099919705752,0.1420527785616876,-0.0019158227951265872,-0.1809211179614067,0.17298033833503726,0.1489274788516136,9.938633918762207,0.0014800566964482391,0.08917920180841594,0.00045052879431750625,-0.11038878858089447,0.11506937146186826,0.04350047288987731,10.860669136047363,3.354935894513405e-05,0.03420131387283863,-0.00020346102974144742,-0.04304055795073509,0.042702043056488045,0.010312469918289982,11.8729248046875,-1.1893765975700224e-05,0.011795149545704348,-0.00011337012256262824,-0.014802877139300107,0.014883366506546742
F:\Seminario\Seminario-Clustering\datasets\davi\Al Emadi (2019)\Multiclass_Drone_Audio\unknown\2-100786-A-13.wav,Multiclass_Drone_Audio\unknown\2-100786-A-13.wav,al_emadi,2-100786-A-13,1.0216875,0.0,-0.0,0.0,0.0,0.0,0.0,0.0,0.0,-0.0,0.0,0.0,0.0,0.0,0.0,0.0,-0.0,0.0,0.0,0.0,0.0,0.0,0.0,-0.0,0.0,0.0,0.0,0.0,0.0,0.0,-0.0,0.0,0.0,0.0,0.0,0.0
F:\Seminario\Seminario-Clustering\datasets\davi\Al Emadi (2019)\Multiclass_Drone_Audio\unknown\5-253094-A-490.wav,Multiclass_Drone_Audio\unknown\5-253094-A-490.wav,al_emadi,5-253094-A-490,1.0216875,0.14874169808605017,7.812403202056885,0.002513641600269013,0.18641480651814402,-0.0031760865822434425,-0.15995097011327744,0.17456792891025544,0.12525732116809699,7.777851581573486,-0.0073427552126533475,0.17092465009169763,-0.0022259377874433994,-0.16376376599073408,0.15218715071678163,0.2312977872155354,9.018811225891113,-0.002575680705258861,0.16547867456939372,0.001125891343690455,-0.17565328031778335,0.17019431740045546,0.3586380094473117,10.002462387084961,0.0002574007567947833,0.1462165143190795,-0.0007690848724450916,-0.151557794213295,0.15814344435930264,0.13606518408300575,10.997451782226562,1.8205351318117744e-05,0.06379237116943332,0.0001917321133078076,-0.06821661591529846,0.06737359464168549
F:\Seminario\Seminario-Clustering\datasets\davi\Al Emadi (2019)\Multiclass_Drone_Audio\unknown\4-119647-B-481.wav,Multiclass_Drone_Audio\unknown\4-119647-B-481.wav,al_emadi,4-119647-B-481,1.0216875,0.44139293170348004,7.752878189086914,-6.528485209443494e-05,0.007759458242189202,-9.42842016229406e-05,-0.007233272539451718,0.006456811120733629,0.047337503872858976,8.235828399658203,-0.0001236563495678954,0.00253817736655381,-6.706432395731099e-05,-0.002891619666479528,0.002601200784556569,0.10300686682870402,8.750665664672852,-3.3054665846159654e-05,0.002668328010482222,-1.4265661775425542e-05,-0.0025571781210601326,0.0024645016528666006,0.3908597056075415,9.871655464172363,1.0428354518166752e-05,0.0036881468419951748,1.2781056284438819e-05,-0.0038421494420617813,0.003868082468397916,0.017402991987415434,10.981184959411621,-1.4603449882726545e-07,0.0005512362159102077,1.0920689419435803e-06,-0.0005851341527886688,0.0006000440160278232
F:\Seminario\Seminario-Clustering\datasets\davi\Al Emadi (2019)\Multiclass_Drone_Audio\bebop_1\B_S2_D1_122-bebop_003_.wav,Multiclass_Drone_Audio\bebop_1\B_S2_D1_122-bebop_003_.wav,al_emadi,B_S2_D1_122-bebop_003,1.024,0.7131966083247967,8.202815055847168,5.024651259766625e-05,0.32045162971036706,0.010332988575100899,-0.3434602916240692,0.34404319524765015,0.022435835597052565,8.926036834716797,0.0012530759530075268,0.05682289646418866,0.003294864436611533,-0.0710783526301384,0.07222536206245422,0.06752290133478855,9.993560791015625,-0.0007457424667922163,0.07020379243398586,0.00018055913096759468,-0.09192733019590377,0.08966889679431915,0.11760148204251779,10.931304931640625,-0.0005652418886184213,0.06574444881796397,-0.0009490482625551522,-0.08628574758768082,0.08156066685914994,0.07924317270084442,11.948278427124023,-0.00025509697354323427,0.03822651456001897,-7.248132169479504e-05,-0.04930601455271244,0.048617638647556305
F:\Seminario\Seminario-Clustering\datasets\davi\Al Emadi (2019)\Multiclass_Drone_Audio\unknown\silence002.wav,Multiclass_Drone_Audio\unknown\silence002.wav,al_emadi,silence002,1.1145625,0.0,-0.0,0.0,0.0,0.0,0.0,0.0,0.0,-0.0,0.0,0.0,0.0,0.0,0.0,0.0,-0.0,0.0,0.0,0.0,0.0,0.0,0.0,-0.0,0.0,0.0,0.0,0.0,0.0,0.0,-0.0,0.0,0.0,0.0,0.0,0.0
F:\Seminario\Seminario-Clustering\datasets\davi\Al Emadi (2019)\Multiclass_Drone_Audio\bebop_1\mixed_49-bebop_000_.wav,Multiclass_Drone_Audio\bebop_1\mixed_49-bebop_000_.wav,al_emadi,mixed_49-bebop_000,1.024,0.37613316943363034,7.892626762390137,-0.0018618767231353447,0.14103793555193764,-0.0026505833957344294,-0.12872812151908875,0.12838324904441833,0.2027212496634559,6.418196201324463,-0.0005075113156940387,0.10354935415252323,-0.0002847238501999527,-0.04907477647066116,0.05043349415063858,0.25165550195329073,8.474542617797852,-0.0008655445989729288,0.08214550271457043,-0.0006213946035131812,-0.06470298618078231,0.06565058529376984,0.10832764168839934,10.883399963378906,-0.0001470135455255894,0.03824549949531071,9.512417454971e-05,-0.04911350682377815,0.048013050854206096,0.06116243726122373,11.917491912841797,9.381531013165973e-05,0.020355245552204373,0.00037795242678839713,-0.02601617481559515,0.02584986574947834
F:\Seminario\Seminario-Clustering\datasets\davi\Al Emadi (2019)\Multiclass_Drone_Audio\unknown\1-22694-A-200.wav,Multiclass_Drone_Audio\unknown\1-22694-A-200.wav,al_emadi,1-22694-A-200,1.0216875,0.3353412618669112,5.715322494506836,0.0002044666419814407,0.01780098578713727,0.0001511048394604586,-0.01011179033666849,0.010494987573474647,0.25933459433875156,6.491538047790527,0.0005602017622759559,0.015645203536819866,1.2257286471140105e-05,-0.007391713559627533,0.00871966602280736,0.2886384741819394,7.33245849609375,1.6642094261736696e-05,0.011757399678185272,1.4790005025133723e-05,-0.00587672065012157,0.005476567661389708,0.08385774798490615,8.411903381347656,-6.541603466122635e-05,0.004495937544163587,-3.737851693585981e-05,-0.002542569115757942,0.002394349779933692,0.03282792162749168,9.048698425292969,2.3707662261206946e-05,0.0019925623352679985,-4.152340807195287e-06,-0.001036829047370702,0.0011184229515492918
F:\Seminario\Seminario-Clustering\datasets\davi\Al Emadi (2019)\Multiclass_Drone_Audio\unknown\1-18527-A-443.wav,Multiclass_Drone_Audio\unknown\1-18527-A-443.wav,al_emadi,1-18527-A-443,1.0216875,0.9562322859372293,9.416655540466309,-0.005495032185501106,0.38636233669256426,0.06346780247986317,-0.528973001241684,0.47312036752700803,0.01993028108818218,8.936119079589844,0.0003552668350973106,0.05578339220995452,-0.0006709242006763816,-0.0701207622885704,0.07412596866488456,0.017832787733570794,9.888195037841797,-0.0007455889495350909,0.03755661543733696,-0.0006003915332257748,-0.04840126261115074,0.04701655730605124,0.005171476606901608,10.86883544921875,0.0004298816988642358,0.014346131977811965,0.0005747808609157801,-0.01771455742418766,0.01845043171197177,0.000833168634116058,11.754688262939453,6.630777011387794e-06,0.0040805116099307485,-1.0692251635191496e-05,-0.0049530990421772,0.005101120984181762
F:\Seminario\Seminario-Clustering\datasets\davi\Al Emadi (2019)\Multiclass_Drone_Audio\unknown\4-186935-A-442.wav,Multiclass_Drone_Audio\unknown\4-186935-A-442.wav,al_emadi,4-186935-A-442,0.97525,0.3329530150533835,8.979143142700195,-0.04193606909409541,0.21703665003362077,-0.05522087402641773,-0.31787947118282317,0.25493144094944,0.10902745810516092,8.902442932128906,-0.006796510405120479,0.12631098604680194,-0.008314184844493866,-0.17226026207208633,0.14989120066165923,0.3846385609751608,9.586845397949219,-0.0036563397670268593,0.16919063186052496,-0.001915775123052299,-0.20763783454895018,0.19793736636638645,0.15878780233399414,10.607025146484375,0.00051639228104505,0.0771578095546493,0.0007423098722938448,-0.09300020411610603,0.09440229758620262,0.014593163532300668,11.662766456604004,-4.893934616470378e-06,0.01656979948726688,-0.00010312340600648895,-0.02044278383255005,0.01993868686258793
F:\Seminario\Seminario-Clustering\datasets\davi\Al Emadi (2019)\Multiclass_Drone_Audio\unknown\3-149465-A-223.wav,Multiclass_Drone_Audio\unknown\3-149465-A-223.wav,al_emadi,3-149465-A-223,1.0216875,0.08366327923601642,7.934661865234375,2.467521552654305e-05,0.09509195648051887,-0.0013170429738238454,-0.099262585490942,0.10015450641512871,0.36688499951166403,8.215846061706543,0.009398192201947044,0.1989102330273194,0.011345671489834785,-0.20992375016212464,0.207413923740387,0.483207804323241,9.194685935974121,0.0004486330043138836,0.16268483324990132,-0.0016249876352958381,-0.17204642593860625,0.1816458225250244,0.05961100796942807,9.820476531982422,0.00034504552220746557,0.04054051942780589,-9.757351290318184e-05,-0.04211572036147117,0.04183248877525329,0.006632908959650498,10.103907585144043,-2.6005643908709375e-05,0.009578963094951006,7.713373634032905e-05,-0.008592410199344157,0.00853826655074954
F:\Seminario\Seminario-Clustering\datasets\davi\Al Emadi (2019)\Multiclass_Drone_Audio\membo_1\Membo_2_016-membo_000_.wav,Multiclass_Drone_Audio\membo_1\Membo_2_016-membo_000_.wav,al_emadi,Membo_2_016-membo_000,1.024,0.8612883039623546,8.46906852722168,0.010515019415025856,0.18841563777467418,0.01218617893755436,-0.20360705256462097,0.20140983164310455,0.012917413035610389,9.011472702026367,-0.00041899884552663565,0.02310650756605698,-0.00031470152316614985,-0.02886665239930153,0.02963881939649582,0.03672558766944234,9.91341495513916,-0.00021829390934066396,0.02774537134286462,-0.0006250086007639766,-0.03430725336074829,0.03487037420272827,0.04670327841972723,10.784086227416992,0.0002470185956007369,0.022201157729843938,-0.00013503272202797234,-0.02613871842622757,0.027616225555539133,0.04236541691286543,11.867856979370117,7.895714356659209e-06,0.014978185118898037,-2.546209088905016e-05,-0.018838745541870594,0.018844276666641235
F:\Seminario\Seminario-Clustering\datasets\davi\Al Emadi (2019)\Multiclass_Drone_Audio\unknown\1-54084-A-421.wav,Multiclass_Drone_Audio\unknown\1-54084-A-421.wav,al_emadi,1-54084-A-421,1.0216875,0.10547910974516313,8.976463317871094,-0.0008774344655961169,0.06530721206164872,-0.0008114224474411458,-0.08127264976501465,0.08048979043960579,0.8101252635672253,9.091714859008789,0.000149322114191624,0.1810060252648354,-0.0005325609172359691,-0.22964556217193605,0.22806442379951483,0.07829092630914078,9.979127883911133,-0.00013393426796264236,0.04005675488476244,-0.0006958025915082544,-0.050496040657162664,0.05166373811662197,0.006039096215378796,10.893026351928711,-1.8692907675553856e-05,0.00789345769632189,8.078739119810052e-05,-0.010084692761301995,0.009993564058095218,6.560416309204066e-05,11.908758163452148,5.764534992147335e-08,0.0005827395793794219,-2.7561100068851374e-06,-0.000729927868815139,0.0007344644865952433
F:\Seminario\Seminario-Clustering\datasets\davi\Al Emadi (2019)\Multiclass_Drone_Audio\unknown\5-243773-A-442.wav,Multiclass_Drone_Audio\unknown\5-243773-A-442.wav,al_emadi,5-243773-A-442,0.97525,0.38758884870036436,8.938507080078125,0.0003577433383774307,0.08231252819393607,0.0011851938324980438,-0.10719590857625007,0.10729644745588303,0.33148299289782757,8.829326629638672,-0.0002038821994193166,0.07612257310302638,0.0007840697071515024,-0.09614742323756217,0.09511051326990128,0.1742525159535507,9.515518188476562,-1.7535530697628767e-05,0.03931191490343531,0.00012432056246325374,-0.04475078582763672,0.047358154505491315,0.09208666937009972,9.841886520385742,-0.00011602724025912866,0.02027942959435789,0.00021101359743624926,-0.019247329607605935,0.018814899213612082,0.014588973078157647,11.211719512939453,-1.674777107196245e-05,0.005717899274688825,-3.1327002943726256e-05,-0.006210071500390768,0.0061013950034976006
F:\Seminario\Seminario-Clustering\datasets\davi\Al Emadi (2019)\Multiclass_Drone_Audio\membo_1\Membo_0_015-membo_002_.wav,Multiclass_Drone_Audio\membo_1\Membo_0_015-membo_002_.wav,al_emadi,Membo_0_015-membo_002,1.024,0.5343512419135051,9.38200855255127,0.0013313391155696326,0.08016549829267365,-0.0015333002666011453,-0.10089610517024994,0.1107654944062233,0.08564358432884138,8.972436904907227,2.0540590635828718e-05,0.032098245383675894,0.0002732989960350096,-0.04144854471087456,0.04042615368962288,0.08669384562981391,9.926373481750488,-0.0002170943442061472,0.02299378422030658,-0.00016421684995293617,-0.028932076692581177,0.029372982680797573,0.1142782124866247,10.802825927734375,5.2221960859191434e-05,0.018733758316808475,0.0004226339515298605,-0.02362510338425636,0.022745669260621073,0.17903311564121488,11.682555198669434,1.804409289005338e-05,0.01660871299984454,-2.4587810912635177e-05,-0.019944974221289158,0.019647616893053055
F:\Seminario\Seminario-Clustering\datasets\davi\Al Emadi (2019)\Multiclass_Drone_Audio\unknown\1-50688-A-174.wav,Multiclass_Drone_Audio\unknown\1-50688-A-174.wav,al_emadi,1-50688-A-174,0.95975,0.06006700083926803,8.668878555297852,3.2662220686816423e-06,0.0004907543975113779,-8.259985861513996e-06,-0.000573887926293537,0.0006100329919718206,0.05976501334371313,5.857524394989014,3.985588523634057e-06,0.0004895138188442077,-7.429988045259961e-06,-0.00024015626695472747,0.00024262142687803134,0.26441378189276854,4.322911739349365,-1.2383170304465444e-05,0.0007332064668330785,-3.9529793127712765e-07,-0.000129919481696561,0.00012847069738199937,0.3376264516046727,6.660428524017334,-1.1655890666981038e-05,0.0005879407260042703,-1.7213636169799429e-06,-0.0001439513827790506,0.00012987877271370958,0.27812775231957765,7.4633026123046875,2.99917109616613e-07,0.00037809129295914235,-5.412652512859495e-07,-0.00013055296876700594,0.0001287408333155327
F:\Seminario\Seminario-Clustering\datasets\davi\Al Emadi (2019)\Multiclass_Drone_Audio\bebop_1\mixed_42-bebop_001_.wav,Multiclass_Drone_Audio\bebop_1\mixed_42-bebop_001_.wav,al_emadi,mixed_42-bebop_001,1.024,0.6101203750958127,8.424545288085938,-0.0007415434644284164,0.14613563700636814,-0.0010739186545833945,-0.1593818962574005,0.1729782372713089,0.026543615697415535,8.907743453979492,-0.00038902695693289604,0.03047885355321104,-0.0003579066542442888,-0.040737248957157135,0.03862232714891434,0.08521646164589596,9.953500747680664,6.189234870752304e-05,0.038888114248599295,-0.00015951502427924424,-0.047999334335327146,0.04981128424406052,0.17142437093629773,10.975640296936035,0.0009527044559105003,0.039126632525132335,0.0005580043653026223,-0.048047729581594464,0.050776106864213945,0.10669517662457806,11.940412521362305,-2.5110232483135474e-05,0.02187064997265615,1.8984375856234692e-05,-0.027840223163366318,0.02788820769637823
F:\Seminario\Seminario-Clustering\datasets\davi\Al Emadi (2019)\Multiclass_Drone_Audio\membo_1\mixed_membo_66-membo_001_.wav,Multiclass_Drone_Audio\membo_1\mixed_membo_66-membo_001_.wav,al_emadi,mixed_membo_66-membo_001,1.024,0.3391385503595806,8.716136932373047,0.002745053927570521,0.14669129778291232,0.001995554892346263,-0.17199672758579254,0.18120135366916656,0.2248160316962375,9.237428665161133,-0.0019372432966697536,0.11943958901470399,-0.0042103854939341545,-0.15799656510353088,0.15650059282779694,0.04072046515503446,9.96068000793457,0.0006869079579240395,0.036192756903759775,-0.00042781076626852155,-0.044982668012380586,0.046866787970066055,0.07378417709506296,10.966412544250488,3.143699174020272e-05,0.03457674678918347,-0.0006593817379325628,-0.043784988671541215,0.04525013267993927,0.32154077569408446,12.257555961608887,0.0001438353684631245,0.051126219733583986,0.00013851612311555073,-0.06704283133149147,0.06727313622832298
F:\Seminario\Seminario-Clustering\datasets\davi\Al Emadi (2019)\Multiclass_Drone_Audio\unknown\4-99193-A-43.wav,Multiclass_Drone_Audio\unknown\4-99193-A-43.wav,al_emadi,4-99193-A-43,1.0216875,0.048771547490916514,8.629541397094727,-0.0010238766302017078,0.08108681727548094,-0.002131214481778443,-0.09710924997925759,0.09555699899792679,0.06333270330323917,8.487247467041016,-0.003987970800465116,0.09232319624193466,-0.001603642012923956,-0.11403196975588799,0.10262164697051056,0.6573252387599776,8.581670761108398,0.000271733232933053,0.2119321181552299,-0.00030711029830854386,-0.21019090116024017,0.20027271807193756,0.22960288904492512,9.735111236572266,-0.00013788762428717805,0.08886999772788402,5.88997827435378e-05,-0.08952564597129821,0.09004629477858547,0.0009676214009415752,10.635982513427734,-2.7881636265097248e-06,0.0040864478637154915,4.928089538225322e-06,-0.003781027905642986,0.0038328433642163874
F:\Seminario\Seminario-Clustering\datasets\davi\Al Emadi (2019)\Multiclass_Drone_Audio\bebop_1\B_S2_D1_073-bebop_003_.wav,Multiclass_Drone_Audio\bebop_1\B_S2_D1_073-bebop_003_.wav,al_emadi,B_S2_D1_073-bebop_003,1.024,0.5373093030170554,8.619956016540527,-0.0017158063155174482,0.21993662747533316,-0.0023948668967932463,-0.2691310942173004,0.26585817337036133,0.040431544646235856,8.858537673950195,0.0016485341427092649,0.06031100839867722,0.002282864646986127,-0.07167753577232361,0.07740453630685806,0.09713540062095961,9.969489097595215,0.0008975289229236097,0.06658089370409127,0.0009407004690729082,-0.08470257967710494,0.08990157097578047,0.19015520533510236,10.957122802734375,-0.0004318256385197981,0.0661080536745384,-0.0021142992191016674,-0.08371268361806869,0.08471696376800537,0.13496854638064684,11.9365873336792,-1.0175652738133474e-05,0.03945031625234354,9.615980525268242e-05,-0.049449725076556206,0.05063531547784805
F:\Seminario\Seminario-Clustering\datasets\davi\Al Emadi (2019)\Multiclass_Drone_Audio\bebop_1\B_S2_D1_120-bebop_000_.wav,Multiclass_Drone_Audio\bebop_1\B_S2_D1_120-bebop_000_.wav,al_emadi,B_S2_D1_120-bebop_000,1.024,0.8749442431292145,8.486115455627441,-0.0043850272868318635,0.5326039409013831,-0.0009432801743969321,-0.5928870439529419,0.5996230840682983,0.008400251991369886,8.923601150512695,-0.00043084686027503076,0.05218675080109415,1.0537411981204059e-05,-0.06702729314565659,0.06443813443183899,0.03112222797007906,9.93117904663086,-0.0016883826391207624,0.07150640047723641,-0.0014023567782714963,-0.09325691014528274,0.08856432735919952,0.04970815241387176,10.93197250366211,0.0009285915581572503,0.06413692696233535,0.0013085546670481563,-0.08276963979005814,0.08299246728420258,0.03582512449546478,11.941300392150879,-0.00018475106712670966,0.038570332592990794,-0.0001047186269715894,-0.04995784908533096,0.049459053203463554
F:\Seminario\Seminario-Clustering\datasets\davi\Al Emadi (2019)\Multiclass_Drone_Audio\bebop_1\mixed_48-bebop_002_.wav,Multiclass_Drone_Audio\bebop_1\mixed_48-bebop_002_.wav,al_emadi,mixed_48-bebop_002,1.024,0.6137444442332624,8.26368236541748,-0.0019629875507466746,0.13455898138192043,-0.0003353059873916209,-0.15628640353679657,0.14926891028881073,0.014716145884150487,8.979918479919434,3.9231059603130785e-05,0.02083825656294471,-0.00012403156142681837,-0.02684689313173294,0.027316749095916748,0.09083997170956365,9.946285247802734,-0.000780423340914951,0.036855979578558164,-0.0016874255379661918,-0.04670424610376358,0.046904440969228745,0.16621609063608886,10.97172737121582,-4.6051733339407425e-05,0.03538442957494951,-0.00023918951046653092,-0.04612920805811882,0.04491683542728424,0.11448334753693463,11.937670707702637,5.231533949837074e-05,0.020800342845258942,0.0005006238934583962,-0.026965955272316933,0.026321643963456154
F:\Seminario\Seminario-Clustering\datasets\davi\Al Emadi (2019)\Multiclass_Drone_Audio\unknown\2-127108-A-381.wav,Multiclass_Drone_Audio\unknown\2-127108-A-381.wav,al_emadi,2-127108-A-381,1.0216875,0.06870273847726864,3.304941177368164,-0.0005476874445243629,0.0062264206538661954,-1.3812695556225663e-06,-0.00029454411414917556,0.00030130442464724213,0.28977731634938575,4.629644870758057,-5.1823893366187676e-05,0.012836711429800697,2.1531384390982566e-06,-0.0004792268620803952,0.00047429021797142947,0.14247156413639894,5.024942874908447,-3.10204955398181e-05,0.006407513349548358,-4.348285820299225e-08,-0.00032470337755512445,0.00025025620125234126,0.4470835721418626,5.4950995445251465,5.4793399557196735e-06,0.00805350361715023,5.473892450424955e-08,-0.0002165249592508189,0.0002109617475070991,0.05196480889508409,6.301020622253418,-1.0126114187780778e-05,0.0019447583324188776,-4.367475492372819e-09,-6.986423177295365e-05,6.874663522467021e-05
F:\Seminario\Seminario-Clustering\datasets\davi\Al Emadi (2019)\Multiclass_Drone_Audio\unknown\silence207.wav,Multiclass_Drone_Audio\unknown\silence207.wav,al_emadi,silence207,0.7430625,0.0,-0.0,0.0,0.0,0.0,0.0,0.0,0.0,-0.0,0.0,0.0,0.0,0.0,0.0,0.0,-0.0,0.0,0.0,0.0,0.0,0.0,0.0,-0.0,0.0,0.0,0.0,0.0,0.0,0.0,-0.0,0.0,0.0,0.0,0.0,0.0
F:\Seminario\Seminario-Clustering\datasets\davi\Al Emadi (2019)\Multiclass_Drone_Audio\unknown\3-146964-A-53.wav,Multiclass_Drone_Audio\unknown\3-146964-A-53.wav,al_emadi,3-146964-A-53,1.0216875,0.836817957913957,8.905595779418945,0.0002207436775875119,0.036684318558548056,0.00297453417442739,-0.04615778625011444,0.04332107231020929,0.15928919793464363,8.953673362731934,1.5410434821900125e-06,0.01600538027298955,-0.0001520090881967917,-0.019759204238653183,0.02017076686024666,0.0035486456831364446,9.69974422454834,4.13370219055165e-06,0.001700623691947178,-2.544873768783873e-05,-0.0021005428163334726,0.002082151104696095,0.00020803335059329034,10.393987655639648,3.931175606020336e-06,0.0002921227740782701,3.251393536629621e-06,-0.0003275162016507238,0.0003286461287643761,0.00013616511766962886,11.517528533935547,9.204190361475317e-08,0.00016741616789676047,-3.664713261741781e-07,-0.00019177917274646462,0.00019508704135660085
F:\Seminario\Seminario-Clustering\datasets\davi\Al Emadi (2019)\Multiclass_Drone_Audio\membo_1\Membo_0_015-membo_000_.wav,Multiclass_Drone_Audio\membo_1\Membo_0_015-membo_000_.wav,al_emadi,Membo_0_015-membo_000,1.024,0.4880655612374913,9.433770179748535,0.0009170411746728754,0.08130684727398778,0.0028781085275113583,-0.10519814491271973,0.10766452550888062,0.08700272669448697,8.992950439453125,6.298018090592407e-05,0.034330597694582674,-3.9866528823040426e-05,-0.04616871848702431,0.04607295244932175,0.10377695879063932,9.932598114013672,0.0007530043570166862,0.026686708821167575,0.0013466422678902745,-0.03369771912693977,0.03466076552867889,0.16024453699684013,10.881609916687012,5.311374660620015e-05,0.023540576696355647,-0.00018007587641477585,-0.03014136105775833,0.03009329624474049,0.16091021628054228,11.871996879577637,1.4524201192745512e-05,0.01670870888551576,-0.0001749561124597676,-0.0210410263389349,0.021205141209065914
F:\Seminario\Seminario-Clustering\datasets\davi\Al Emadi (2019)\Multiclass_Drone_Audio\bebop_1\mixed_12-bebop_001_.wav,Multiclass_Drone_Audio\bebop_1\mixed_12-bebop_001_.wav,al_emadi,mixed_12-bebop_001,1.024,0.8486943198144447,8.89179515838623,0.0006784887807002888,0.35183213791966245,-0.03912142291665077,-0.4254003167152405,0.48276206851005554,0.04006300845577261,8.901022911071777,-0.0010824585723917537,0.07643440960536818,-0.000979506061412394,-0.09538934379816055,0.09645569324493408,0.04042949778783457,9.972020149230957,0.0005048064490067534,0.05467553546248477,-0.0016240407712757587,-0.07020790129899977,0.07088907510042189,0.042987594507660015,10.926536560058594,0.000707143085699571,0.04000141313527815,0.0004255075182300061,-0.050087110698223115,0.051977437734603886,0.027825579434288088,11.933241844177246,-6.628169555275532e-05,0.022799040074123537,3.8186501114978455e-05,-0.028994749300181866,0.029162478633224964
F:\Seminario\Seminario-Clustering\datasets\davi\Al Emadi (2019)\Multiclass_Drone_Audio\unknown\1-46938-B-73.wav,Multiclass_Drone_Audio\unknown\1-46938-B-73.wav,al_emadi,1-46938-B-73,1.0216875,0.5775211730908464,9.030330657958984,0.001682550380695038,0.040469401637237584,-0.00025962509971577674,-0.048712610453367236,0.05613749735057356,0.1214934378898268,8.839466094970703,0.0004953353321574823,0.018571195093732847,0.001142914465162903,-0.02317809108644724,0.022697766683995726,0.1824387188863123,9.849323272705078,0.0001671839379197997,0.016205358077253155,0.0005558513512369245,-0.02051864098757505,0.020765878446400165,0.0704926115231288,10.832000732421875,-1.9388395861143156e-05,0.007147488873632977,-5.945866178080905e-05,-0.008972401823848486,0.00892185913398862,0.04805405860988575,11.412233352661133,5.512125013033258e-06,0.0041799805807398735,-1.0234437468170654e-05,-0.004813732532784343,0.004877583216875792
F:\Seminario\Seminario-Clustering\datasets\davi\Al Emadi (2019)\Multiclass_Drone_Audio\membo_1\mixed_membo_27-membo_000_.wav,Multiclass_Drone_Audio\membo_1\mixed_membo_27-membo_000_.wav,al_emadi,mixed_membo_27-membo_000,1.024,0.9552827755123301,8.73094367980957,0.007354416616330677,0.40480734229216137,0.024109868332743645,-0.478261262178421,0.49117690324783325,0.03587500077545229,6.312971591949463,0.0017082568595207434,0.07844171824335448,-0.0006520249298773706,-0.047077130526304245,0.05118638649582863,0.005074922016980481,8.374131202697754,-3.224947022076489e-05,0.02101212428226878,-8.904651622287929e-06,-0.020183834433555602,0.020118638873100277,0.0021414731492414873,10.803147315979004,-6.544209280817442e-05,0.009685262811816081,-7.414080027956516e-05,-0.012300349585711957,0.011814868450164797,0.0016258285459956508,11.844254493713379,-9.25614530458326e-06,0.005977595320205013,-8.063072164077312e-05,-0.007399661699309945,0.007556691998615861
F:\Seminario\Seminario-Clustering\datasets\davi\Al Emadi (2019)\Multiclass_Drone_Audio\membo_1\mixed_membo_38-membo_003_.wav,Multiclass_Drone_Audio\membo_1\mixed_membo_38-membo_003_.wav,al_emadi,mixed_membo_38-membo_003,1.024,0.5627252516042809,8.94813346862793,-7.47309011276714e-05,0.05874055102760166,-0.001929547404870391,-0.07229702919721603,0.07566330581903458,0.05661170717397461,9.102460861206055,8.553092971872352e-07,0.01863130642973353,-0.0001649402256589383,-0.02421671710908413,0.024311766028404236,0.10364829114982042,10.061616897583008,-7.544881028986926e-05,0.017950193483439073,-0.0001828615349950269,-0.023574063181877138,0.02235075645148754,0.13049581727758333,10.949943542480469,-7.026661722666875e-05,0.014292037888855535,-6.501738971564919e-05,-0.018441316112875937,0.018286394700407983,0.14651893279434075,11.902129173278809,-1.2506807446051476e-05,0.01072685371121358,0.0001899928683997132,-0.013838219922035933,0.013425497803837061
F:\Seminario\Seminario-Clustering\datasets\davi\Al Emadi (2019)\Multiclass_Drone_Audio\bebop_1\mixed_25-bebop_003_.wav,Multiclass_Drone_Audio\bebop_1\mixed_25-bebop_003_.wav,al_emadi,mixed_25-bebop_003,1.024,0.8819093463814124,8.961334228515625,-0.003946173340753135,0.32566188983544514,0.021030133590102196,-0.41839370131492615,0.3987593948841095,0.018365621069011545,9.004281997680664,-0.0003961455132696788,0.04699744398136568,-6.092234616517089e-05,-0.06010325625538826,0.060752324759960175,0.02597133512811415,9.89094352722168,-0.0011641820391692969,0.03977862823983986,-0.0012233394663780928,-0.05299870073795318,0.04732217341661453,0.04373108196702092,10.964408874511719,0.00019069040562500687,0.036642661393669874,0.00011856598575832322,-0.047066473960876466,0.047859692573547365,0.030022615454440963,11.946062088012695,-0.00010442320639029019,0.02150510600340353,-0.0003109160315943882,-0.027838891372084618,0.02725683804601431
F:\Seminario\Seminario-Clustering\datasets\davi\Al Emadi (2019)\Multiclass_Drone_Audio\unknown\5-219379-B-112.wav,Multiclass_Drone_Audio\unknown\5-219379-B-112.wav,al_emadi,5-219379-B-112,0.97525,0.14508581117459066,8.699368476867676,-0.0028119833783609998,0.09294311776795318,-0.0028282933635637164,-0.112911120057106,0.11311720833182334,0.2681191697131051,8.804888725280762,-0.005061222115399435,0.1263045398520552,-0.004269378259778023,-0.16511909365653993,0.14613555818796156,0.3759031228279147,9.610575675964355,0.0017776575122732975,0.10659364529125087,0.0020251201931387186,-0.1261807680130005,0.12755854129791264,0.1833270691367864,10.593982696533203,-5.8888771971207406e-05,0.05283193680995879,-0.00014451228344114497,-0.0628343716263771,0.06406700685620309,0.02756482714760311,11.577362060546875,3.883847992273011e-05,0.014511794096433528,-7.55190703785047e-05,-0.017184875905513763,0.01713715586811304
F:\Seminario\Seminario-Clustering\datasets\davi\Al Emadi (2019)\Multiclass_Drone_Audio\unknown\1-30344-A-04.wav,Multiclass_Drone_Audio\unknown\1-30344-A-04.wav,al_emadi,1-30344-A-04,0.95975,0.4182648390274076,7.134180068969727,-0.0029828068151977706,0.15596325967420935,2.8743778784701135e-05,-0.12237747758626938,0.11921702697873116,0.517544516279842,6.9486494064331055,0.0017424946066133238,0.17351139343441166,3.6509361962089315e-05,-0.09756851941347122,0.12040722370147705,0.060253078821532156,7.339591979980469,6.043908871531691e-05,0.04216533292692965,1.90591284443542e-06,-0.017848568223416805,0.01601594537496567,0.003723963857650685,7.768091201782227,-1.6377677019645877e-05,0.0074391362342654125,-1.8265886296831013e-06,-0.002856702986173332,0.002925511798821383,0.00021360201356754744,9.211790084838867,1.2536279358806754e-05,0.001262048616071192,7.309710383651691e-07,-0.0005973991355858743,0.0006201354146469387
F:\Seminario\Seminario-Clustering\datasets\davi\Al Emadi (2019)\Multiclass_Drone_Audio\unknown\4-198841-A-371.wav,Multiclass_Drone_Audio\unknown\4-198841-A-371.wav,al_emadi,4-198841-A-371,1.0216875,0.006969859443179514,8.641497611999512,0.005959247958064905,0.022159201575940386,0.006398093421012163,-0.019470132887363434,0.030850694328546525,0.0688329602022546,8.828594207763672,0.0006620457848242505,0.07210822070503559,0.0023437502095475793,-0.08704858794808387,0.09296650066971779,0.21579244812762496,9.467090606689453,0.0010938947723338416,0.09088598192859085,0.0014921200345270336,-0.10520886108279226,0.1070357412099838,0.35781360618295777,11.026673316955566,0.0015762503528701896,0.08302721456367841,0.0030143531039357185,-0.10629023015499114,0.107118259370327,0.3505911260439831,12.035289764404297,-0.00016798589950286748,0.05822308926286809,-0.00033675199665594846,-0.07626722157001495,0.07628655210137368
F:\Seminario\Seminario-Clustering\datasets\davi\Al Emadi (2019)\Multiclass_Drone_Audio\bebop_1\B_S2_D1_103-bebop_001_.wav,Multiclass_Drone_Audio\bebop_1\B_S2_D1_103-bebop_001_.wav,al_emadi,B_S2_D1_103-bebop_001,1.024,0.7542552863015577,8.586759567260742,-0.004105899194890162,0.34174089063206203,-0.001144669484347105,-0.40310660004615784,0.3821709454059601,0.01594061586972904,8.868616104125977,-0.00024289376982758007,0.04968399004184339,-0.0018388761673122644,-0.059507858008146286,0.06269136071205139,0.06171177399245336,9.88243293762207,0.0013505081595588243,0.06959420348599016,0.0035870622377842665,-0.08687992990016936,0.08815295547246933,0.09986665256523938,10.843652725219727,-0.0006715942205905068,0.06282976935044342,0.0005469410680234432,-0.07927598506212234,0.07658552676439286,0.06822567127102057,11.758126258850098,2.2461875263975857e-05,0.0367856578040219,-8.390865104956902e-07,-0.045728862285614014,0.04501611366868019
F:\Seminario\Seminario-Clustering\datasets\davi\Al Emadi (2019)\Multiclass_Drone_Audio\membo_1\mixed_membo_10-membo_000_.wav,Multiclass_Drone_Audio\membo_1\mixed_membo_10-membo_000_.wav,al_emadi,mixed_membo_10-membo_000,1.024,0.5085553575917199,8.954033851623535,0.0015983426324570362,0.20924184525958303,0.0034756010863929987,-0.2671520411968231,0.25963982939720154,0.23915719048740733,9.063671112060547,-0.0020497274826275567,0.14347938328796042,0.002627407666295767,-0.18761000037193298,0.18257857859134674,0.1463517302689164,9.853710174560547,-0.0009525463861340632,0.07992117954508858,0.0004080216749571264,-0.1010106161236763,0.09795430302619933,0.08058609239940073,10.889989852905273,-0.00025913134811741316,0.04208475757501135,-4.468245606403798e-05,-0.053041905909776685,0.053043530881404885,0.025349629252555655,11.882912635803223,7.41719247366715e-05,0.01671895783738317,0.00011905891733476892,-0.02094312757253647,0.021340645849704742
F:\Seminario\Seminario-Clustering\datasets\davi\Al Emadi (2019)\Multiclass_Drone_Audio\bebop_1\B_S2_D1_093-bebop_001_.wav,Multiclass_Drone_Audio\bebop_1\B_S2_D1_093-bebop_001_.wav,al_emadi,B_S2_D1_093-bebop_001,1.024,0.44086208545219474,8.34378433227539,-0.0010273056770830511,0.18343056810893105,-0.0013658710522577167,-0.20069663226604462,0.2012268602848053,0.030006277002676475,8.996678352355957,-0.001130090719242877,0.04784230595799271,-0.0011079258983954787,-0.06385237723588943,0.05800387263298035,0.12548380696306813,9.956503868103027,-0.0019007486563312106,0.06965640675361634,-0.0008183858008123934,-0.09122327119112014,0.0888960301876068,0.24453234570497426,10.9238862991333,0.00013097759529465057,0.06902484842597767,0.00038314415724016726,-0.08759486675262451,0.0891801580786705,0.1591154848770864,11.915020942687988,-0.00015767000813968584,0.03943805573123131,8.257331865024753e-05,-0.05021178163588047,0.050190750509500504
F:\Seminario\Seminario-Clustering\datasets\davi\Al Emadi (2019)\Multiclass_Drone_Audio\membo_1\extra_membo_D2_2002.wav,Multiclass_Drone_Audio\membo_1\extra_membo_D2_2002.wav,al_emadi,extra_membo_D2,1.0026875,0.9603641045117504,9.122323989868164,0.0009582014819977283,0.03213537254757901,0.002032494405284524,-0.041124706715345384,0.04366211742162705,0.020557219847125874,8.931488037109375,-2.464042762214051e-05,0.004703645857101379,0.00014255613496061414,-0.006094403844326734,0.005822601169347765,0.009480857607576295,9.865774154663086,-1.3540757913884152e-05,0.002274228779285214,-2.6933481422020122e-05,-0.0029000603826716542,0.002858893037773669,0.005599598336022533,10.931556701660156,1.883367501542788e-05,0.00124003556013171,2.167772163375048e-05,-0.0015714680776000023,0.0015820931061170996,0.003998219697524976,11.904321670532227,1.3054873944636568e-06,0.0007422987790756854,1.8766426705951744e-06,-0.0009511176322121173,0.0009472710953559726
F:\Seminario\Seminario-Clustering\datasets\davi\Al Emadi (2019)\Multiclass_Drone_Audio\unknown\2-118817-A-323.wav,Multiclass_Drone_Audio\unknown\2-118817-A-323.wav,al_emadi,2-118817-A-323,1.0216875,0.8641663712372845,8.856197357177734,0.002176536445852509,0.058506373371365605,-0.00030423350108321756,-0.07006311938166618,0.0722412370145321,0.0007356696580607804,8.633472442626953,-2.6798195267181615e-05,0.0017080193547134514,-9.0569567419152e-06,-0.0020006847102195025,0.001976282102987171,0.0019593175600240613,7.556829452514648,2.327334200517541e-05,0.0019844159690692513,-4.1103408875642344e-05,-0.0014000602997839451,0.0014809085172601043,0.019493992256213254,6.040780544281006,-3.295902071428049e-05,0.004441285301104941,-2.0890958012387273e-06,-0.001577973342500627,0.0016431873897090553,0.1136446492884175,7.836365222930908,7.096665232754767e-06,0.0075957531468685835,-6.171278528199764e-07,-0.0027094467077404256,0.002668405394069851
F:\Seminario\Seminario-Clustering\datasets\davi\Al Emadi (2019)\Multiclass_Drone_Audio\membo_1\Membo_1_046-membo_000_.wav,Multiclass_Drone_Audio\membo_1\Membo_1_046-membo_000_.wav,al_emadi,Membo_1_046-membo_000,1.024,0.4671028741019999,9.121546745300293,0.0004044040765226854,0.07193640793528948,0.0007372858817689121,-0.09024395048618317,0.09194187819957733,0.05484964336965688,9.02894401550293,-0.00045903158311405876,0.02464682263400189,0.0007568469154648483,-0.032526645809412,0.030312368646264076,0.08562937738420302,9.874859809875488,0.0001423426739870779,0.021930739222164108,-0.00016568053979426622,-0.02696869559586048,0.027900573611259458,0.16878558740220423,10.665417671203613,-2.2537195786195925e-05,0.02184880618637232,0.0001717928098514676,-0.02643294557929039,0.02564066201448441,0.223632517741936,11.661107063293457,2.7956151195836763e-05,0.01781360763877168,5.8308431107434444e-05,-0.02123996987938881,0.021410462446510792
F:\Seminario\Seminario-Clustering\datasets\davi\Al Emadi (2019)\Multiclass_Drone_Audio\membo_1\mixed_membo_1-membo_002_.wav,Multiclass_Drone_Audio\membo_1\mixed_membo_1-membo_002_.wav,al_emadi,mixed_membo_1-membo_002,1.024,0.15468098476783868,9.148038864135742,0.009604629652950322,0.14318362218480216,0.0021576681174337864,-0.17464059591293335,0.19926929473876953,0.585737020389862,8.275303840637207,0.00023512829310953223,0.27925500014080856,0.010745963081717491,-0.3231778144836426,0.2942812144756317,0.19124041218344143,9.087715148925781,-0.0007695878880512823,0.11361387447047436,-0.0018777160439640284,-0.12217735350131988,0.12381758540868758,0.06325109218349197,10.232695579528809,-0.00015927809084313532,0.04636520009868842,-3.766568988794461e-05,-0.052126043289899816,0.05304170846939088,0.00509049047536591,11.424317359924316,7.888536156688746e-06,0.00931676278894225,-7.934178938739933e-05,-0.010602339170873165,0.010572544764727354
F:\Seminario\Seminario-Clustering\datasets\davi\Al Emadi (2019)\Multiclass_Drone_Audio\unknown\3-104761-B-73.wav,Multiclass_Drone_Audio\unknown\3-104761-B-73.wav,al_emadi,3-104761-B-73,1.0216875,0.9015565144740988,9.01029109954834,-0.009451106416159774,0.16279964282975462,-0.008285962045192719,-0.2178472563624382,0.19962265342474,0.04661928915327529,8.983260154724121,0.00010106654812233925,0.037082481978882774,0.0006014166574459523,-0.046362579613924024,0.047126796469092375,0.012003049420020544,9.958473205566406,0.0002036453572921344,0.013393329882564205,9.258627687813714e-05,-0.016884638741612435,0.017564040236175058,0.011901234721487719,10.77781867980957,5.154036603542536e-05,0.009463299130955968,6.185936581459828e-05,-0.011632154136896134,0.01192123293876648,0.0279199122311177,11.743745803833008,2.5803347567385636e-06,0.010266828590201465,-7.516440803101432e-07,-0.01289975894615054,0.01279331929981709
F:\Seminario\Seminario-Clustering\datasets\davi\Al Emadi (2019)\Multiclass_Drone_Audio\unknown\4-200330-B-62.wav,Multiclass_Drone_Audio\unknown\4-200330-B-62.wav,al_emadi,4-200330-B-62,0.97525,0.12374588383479947,8.653809547424316,0.000347306152160493,0.027038515234825162,0.0025344426976516843,-0.03449112772941589,0.03093897346407175,0.7309355497531076,7.874624252319336,0.0005845336150131827,0.0657166870448712,-0.0006974189891479909,-0.07016116753220557,0.07305327355861661,0.12891986672401937,8.835893630981445,-0.0001565565529966114,0.019658470960148538,-0.00012232139124535024,-0.019803078100085258,0.018366987630724908,0.009502320311517517,10.359384536743164,-1.707383960276125e-05,0.0037874226513564626,-4.324392830312718e-05,-0.0043506818823516365,0.0042745809536427265,0.006896379376556079,11.80162239074707,6.286886101879244e-06,0.0022856188058608517,2.4402655071753543e-05,-0.0028965232195332646,0.0028843892505392432
F:\Seminario\Seminario-Clustering\datasets\davi\Al Emadi (2019)\Multiclass_Drone_Audio\membo_1\mixed_membo_55-membo_001_.wav,Multiclass_Drone_Audio\membo_1\mixed_membo_55-membo_001_.wav,al_emadi,mixed_membo_55-membo_001,1.024,0.6440441535331936,8.636271476745605,-0.0051895761731658415,0.06383212031859568,-0.003496563294902444,-0.07689594477415085,0.07127838581800461,0.1324857128028383,8.948007583618164,5.2006385659901824e-05,0.02904663617329128,0.00043534350697882473,-0.03779963403940201,0.03733189404010773,0.08799372995862445,9.859562873840332,0.0001644590005601271,0.01685461845896992,-9.94497022475116e-05,-0.020162289589643476,0.021813640370965004,0.06379862743594249,10.902843475341797,0.00010741746219093793,0.010183673350058245,0.00017495716747362167,-0.012810882367193698,0.012761032022535802,0.07167777626940125,11.793930053710938,-1.8280282584254752e-06,0.007646098535479689,1.4842218206467805e-05,-0.009517918806523085,0.009481900837272406
F:\Seminario\Seminario-Clustering\datasets\davi\Al Emadi (2019)\Multiclass_Drone_Audio\unknown\4-205526-A-234.wav,Multiclass_Drone_Audio\unknown\4-205526-A-234.wav,al_emadi,4-205526-A-234,0.95975,0.0686124773272908,8.116344451904297,-0.0003841698164572282,0.05095061450031267,-0.00011708324745995924,-0.05271921306848526,0.05499511398375034,0.22913182356082917,7.696504592895508,0.0004322168897082295,0.09311041359180094,0.0013573315809480846,-0.08477233350276947,0.08128305524587631,0.5931399607328567,8.464722633361816,0.00041433945252177445,0.10669052900789593,-0.0002365148175158538,-0.08900101035833359,0.08554258868098266,0.0759734322899001,9.35134506225586,0.0006630514953583916,0.027089803486707923,4.63660999230342e-05,-0.019887939281761642,0.022489617392420762,0.03314230608912322,10.306795120239258,4.227077244058396e-05,0.012678503525594832,5.205430534260813e-05,-0.009898195695132016,0.010224084835499532
F:\Seminario\Seminario-Clustering\datasets\davi\Al Emadi (2019)\Multiclass_Drone_Audio\unknown\1-211527-C-202.wav,Multiclass_Drone_Audio\unknown\1-211527-C-202.wav,al_emadi,1-211527-C-202,0.97525,0.0031595978356605543,8.955713272094727,-0.000744412630353623,0.0365928224867382,-0.002165158512070775,-0.048112959042191504,0.04713585749268531,0.018800452318585993,9.008523941040039,-0.0008990258174018814,0.08927543653596594,-0.00040682942199055105,-0.12191340923309325,0.11684122309088704,0.05800536912307524,9.737348556518555,-0.0001684532667436715,0.1117001500909716,-0.00022602836543228477,-0.14483610093593596,0.13684515655040747,0.8062149866585466,10.492124557495117,-0.0007378172048661403,0.2955112313666346,-0.0008144923485815525,-0.37439957559108733,0.37001467645168307,0.11381959406413154,11.543375015258789,-9.908407098305395e-05,0.07865378173780788,0.00011345431630616076,-0.1004895493388176,0.09854882583022118
F:\Seminario\Seminario-Clustering\datasets\davi\Al Emadi (2019)\Multiclass_Drone_Audio\unknown\5-194899-D-30.wav,Multiclass_Drone_Audio\unknown\5-194899-D-30.wav,al_emadi,5-194899-D-30,1.0216875,0.3685934615564725,7.92188835144043,0.0025156960614784126,0.17743926801714144,-0.0016320974682457745,-0.1540862590074539,0.18023507446050643,0.4720975805796173,7.302060127258301,0.0019967485939261457,0.20082324198526552,-0.0014345863601192832,-0.16522974371910096,0.17835224419832238,0.13629112360427167,7.905048370361328,-0.00012297289163715165,0.0768171442557015,0.0001517395139671862,-0.05152714513242243,0.0605658121407032,0.020358744168369792,10.00234603881836,-2.2143102423471795e-05,0.021064940021374434,2.4820164981065318e-05,-0.022019010595977304,0.021125269867479812,0.0026590900912687333,10.863235473632812,-1.2349509045597377e-05,0.005392332523449747,-2.462741485942388e-05,-0.00527482545003295,0.005378946522250772
F:\Seminario\Seminario-Clustering\datasets\davi\Al Emadi (2019)\Multiclass_Drone_Audio\membo_1\Membo_2_013-membo_003_.wav,Multiclass_Drone_Audio\membo_1\Membo_2_013-membo_003_.wav,al_emadi,Membo_2_013-membo_003,1.024,0.6703222930027283,8.663416862487793,-0.0017514927585078244,0.11418573752382484,0.002730476902797818,-0.14072273671627045,0.13063164055347443,0.02502967956966774,9.080490112304688,-4.8393122258833824e-05,0.022067225331309386,0.0006845098687335849,-0.028273163363337517,0.028303513303399086,0.0657007947831235,10.052343368530273,-4.688364962901835e-05,0.025457010561251416,-0.0002458164235576987,-0.033672924339771274,0.03315778002142906,0.09650501514549308,10.990478515625,0.00011010566290191869,0.021892808712246054,0.0002726226521190256,-0.027759118378162383,0.028202490508556367,0.14244221749898742,11.93211841583252,2.767478507127037e-05,0.018839769740008686,4.6954790377640165e-05,-0.023987429216504097,0.024050571024417877
F:\Seminario\Seminario-Clustering\datasets\davi\Al Emadi (2019)\Multiclass_Drone_Audio\unknown\2-110417-B-284.wav,Multiclass_Drone_Audio\unknown\2-110417-B-284.wav,al_emadi,2-110417-B-284,0.95975,0.911764905517911,8.999853134155273,-1.062572240042207e-05,0.0008673529217384766,7.124921467038803e-05,-0.0011974801309406757,0.001051605213433504,0.07420851925874618,7.338146686553955,3.820285839026209e-06,0.00024743556560853115,9.198011241551285e-07,-0.00017052513430826366,0.00020818152552237734,0.006065758915743889,9.173541069030762,-1.8865464370431736e-07,5.0386806873826415e-05,1.5661731822547154e-07,-5.268426430120598e-05,5.24879898875952e-05,0.0030289569520186963,10.829303741455078,2.438954857013666e-07,2.526725752668407e-05,8.164725215920043e-07,-3.233969400753267e-05,3.257211028540041e-05,0.0049318593555802235,11.875218391418457,1.1038759564710507e-07,2.2840524627209325e-05,7.60445004743815e-08,-2.9268065190990455e-05,2.9151572562113883e-05
F:\Seminario\Seminario-Clustering\datasets\davi\Al Emadi (2019)\Multiclass_Drone_Audio\bebop_1\mixed_34-bebop_002_.wav,Multiclass_Drone_Audio\bebop_1\mixed_34-bebop_002_.wav,al_emadi,mixed_34-bebop_002,1.024,0.42881157414430215,8.633218765258789,0.002605467973061311,0.1311060925721639,0.00538187799975276,-0.14670602977275848,0.16179758310317993,0.16944119724427992,8.915958404541016,0.00034554895217048373,0.08242919175139919,0.0018451083451509476,-0.10326732695102692,0.10061439871788025,0.1671089832722042,9.88625431060791,0.0005646899273048548,0.0582849721894741,0.0002245109062641859,-0.07269776761531829,0.07371429800987243,0.1512903532288452,10.948100090026855,-0.0003780746014437811,0.03935245726570658,-0.0002571311197243631,-0.050605402886867525,0.0509463056921959,0.08334789211036853,11.914862632751465,-6.283100856211031e-05,0.02068979850689084,-1.7725916677591158e-05,-0.026395083405077457,0.026425641030073166
F:\Seminario\Seminario-Clustering\datasets\davi\Al Emadi (2019)\Multiclass_Drone_Audio\bebop_1\B_S2_D1_126-bebop_001_.wav,Multiclass_Drone_Audio\bebop_1\B_S2_D1_126-bebop_001_.wav,al_emadi,B_S2_D1_126-bebop_001,1.024,0.8428501169863694,8.525398254394531,0.006523824741424315,0.5018122611199158,-0.0076638925820589066,-0.5216243863105774,0.6064393520355225,0.011551081051322526,8.8880033493042,0.0028998004360197976,0.058679237346228624,0.0042082518339157104,-0.06867446005344391,0.0763799324631691,0.033777587080160446,9.950096130371094,-0.0002941831541713215,0.07153443503451386,-0.0013819467276334763,-0.09272824376821517,0.09280887693166733,0.06840223581484615,10.89228630065918,-0.0003215925883061669,0.07223448591372937,-0.0009232884040102363,-0.0917890265583992,0.09122590422630311,0.04341897906730148,11.936777114868164,8.011222885072855e-05,0.04076405488576374,-0.0003497117286315188,-0.052572326734662056,0.05219723470509052
F:\Seminario\Seminario-Clustering\datasets\davi\Al Emadi (2019)\Multiclass_Drone_Audio\unknown\4-184434-A-213.wav,Multiclass_Drone_Audio\unknown\4-184434-A-213.wav,al_emadi,4-184434-A-213,1.0216875,0.03083363545029041,6.721784591674805,0.00011975138393650092,0.0024890243705891968,2.352846695430344e-05,-0.001667979930061847,0.0016434327000752094,0.15475381986201917,4.995616912841797,9.004111101501948e-06,0.00558263160408428,6.4449277488165535e-06,-0.0003571887733414769,0.0003617194772232342,0.31233008775608634,5.603062152862549,1.5084700364343506e-05,0.005645852705728851,2.9136450621081167e-06,-0.00021978276054142041,0.00023419547505909558,0.4750777018896538,6.010058403015137,2.4339590929880497e-05,0.004940390429240924,4.3135592875387374e-07,-0.00012884821917396038,0.00013083297089906424,0.027004755041950282,7.358694076538086,2.732580934596496e-06,0.0008343116576042101,-3.835390174344866e-07,-7.572858885396272e-05,7.74746498791501e-05
F:\Seminario\Seminario-Clustering\datasets\davi\Al Emadi (2019)\Multiclass_Drone_Audio\bebop_1\B_S2_D1_083-bebop_001_.wav,Multiclass_Drone_Audio\bebop_1\B_S2_D1_083-bebop_001_.wav,al_emadi,B_S2_D1_083-bebop_001,1.024,0.7804364019247919,8.780166625976562,0.012487091233107137,0.38148860863005074,0.0004972640890628099,-0.460001677274704,0.48172956705093384,0.013098155602493082,8.815261840820312,0.0012306957937077885,0.04943287356588484,0.0011609417852014303,-0.05709392949938774,0.0602940209209919,0.053453406790617046,9.905008316040039,0.0003503749485099998,0.07112617926337435,-0.0004566420684568584,-0.08929914236068726,0.0905649572610855,0.09152444116992049,10.942590713500977,0.0007761885647271539,0.06603813554575445,-0.00015056585834827274,-0.08206068277359009,0.08590707033872605,0.06148759451217747,11.93090534210205,6.705207803276686e-05,0.03834193510564441,0.00014827972336206585,-0.049132486805319786,0.04987023212015629
F:\Seminario\Seminario-Clustering\datasets\davi\Al Emadi (2019)\Multiclass_Drone_Audio\bebop_1\B_S2_D1_132-bebop_003_.wav,Multiclass_Drone_Audio\bebop_1\B_S2_D1_132-bebop_003_.wav,al_emadi,B_S2_D1_132-bebop_003,1.024,0.8410600499551089,8.757745742797852,0.004646421971285165,0.7611055298567324,0.014043848030269146,-0.984113872051239,0.8896450400352478,0.0192671656644462,8.916515350341797,-0.006247230778450443,0.11502939225135368,-0.00922428723424673,-0.1573757529258728,0.13961943984031677,0.03220570405996152,9.900480270385742,0.0012739194428314712,0.10604158896968605,0.002607446163892746,-0.12981389462947845,0.1336850434541702,0.06225973692448798,10.8980131149292,0.0017317013852119693,0.10461513835174059,0.0034281087573617697,-0.13020840287208557,0.1352661967277527,0.04520734339599545,11.880783081054688,-9.268232786019095e-05,0.06315083030643703,-0.0005790506256744266,-0.07935800030827522,0.08014870434999466
F:\Seminario\Seminario-Clustering\datasets\davi\Al Emadi (2019)\Multiclass_Drone_Audio\unknown\silence251.wav,Multiclass_Drone_Audio\unknown\silence251.wav,al_emadi,silence251,1.1145625,0.0,-0.0,0.0,0.0,0.0,0.0,0.0,0.0,-0.0,0.0,0.0,0.0,0.0,0.0,0.0,-0.0,0.0,0.0,0.0,0.0,0.0,0.0,-0.0,0.0,0.0,0.0,0.0,0.0,0.0,-0.0,0.0,0.0,0.0,0.0,0.0
F:\Seminario\Seminario-Clustering\datasets\davi\Al Emadi (2019)\Multiclass_Drone_Audio\membo_1\mixed_membo_20-membo_003_.wav,Multiclass_Drone_Audio\membo_1\mixed_membo_20-membo_003_.wav,al_emadi,mixed_membo_20-membo_003,1.024,0.7867012497676055,8.874784469604492,0.00013455066310675358,0.053400184328594454,-0.0006439414573833346,-0.06221776828169823,0.06661218404769897,0.039492030968082084,8.947721481323242,0.00018672888195011723,0.011963026003394594,0.00020855668117292225,-0.014803308993577957,0.015534103848040104,0.05350267955197238,9.926877975463867,-3.667051761322092e-05,0.009915753756595072,7.664036093046889e-05,-0.012499451637268066,0.012189633026719092,0.054072841433755126,10.94777774810791,0.00010631675588927568,0.0070727885129439625,-5.557610347750597e-05,-0.008748316951096059,0.009026170335710048,0.06623119827858495,11.966647148132324,6.979359478895759e-06,0.005545054110790303,1.8294979781785514e-05,-0.007095783948898315,0.007048856699839234
F:\Seminario\Seminario-Clustering\datasets\davi\Al Emadi (2019)\Multiclass_Drone_Audio\bebop_1\B_S2_D1_082-bebop_003_.wav,Multiclass_Drone_Audio\bebop_1\B_S2_D1_082-bebop_003_.wav,al_emadi,B_S2_D1_082-bebop_003,1.024,0.619184273539278,8.619462966918945,0.001485974242852369,0.2758473007570756,2.407682768534869e-05,-0.33050116896629333,0.32167983055114746,0.02180163736805817,8.909469604492188,0.00021691140526440217,0.05176137675848599,-0.0010985785629600286,-0.06390166282653809,0.06715551763772964,0.09005235252630375,9.916433334350586,0.0007003984107317135,0.07490232991992642,0.0007356218993663788,-0.095415398478508,0.0959753766655922,0.16136612900282496,10.910531044006348,0.00015914463578770423,0.07115101738955135,0.0009719978552311659,-0.09240231961011887,0.08963689506053925,0.10759560756353512,11.933327674865723,0.00011814204101539454,0.04115249505520684,-8.14723789517302e-05,-0.05233498103916645,0.052479926496744156
F:\Seminario\Seminario-Clustering\datasets\davi\Al Emadi (2019)\Multiclass_Drone_Audio\unknown\4-185575-A-202.wav,Multiclass_Drone_Audio\unknown\4-185575-A-202.wav,al_emadi,4-185575-A-202,0.97525,0.6033512094170947,7.22050666809082,0.0001001472543527585,0.4708615304432411,0.0022310352651402354,-0.22022858411073684,0.21356617361307134,0.28809684303674943,8.64058780670166,0.0027126987105313997,0.32535860177568365,-0.0014402629458345473,-0.3960141032934189,0.4295387566089629,0.06213010608787653,9.45315170288086,-0.0007698013075874954,0.10762134210409109,0.0023564237635582685,-0.1312519520521164,0.11608114093542103,0.036428714773811106,10.466917037963867,-5.3525918862715604e-05,0.05848034802027158,-0.0009543409396428615,-0.06718655601143837,0.06817544624209407,0.009993126684468216,11.33726692199707,2.745811243993629e-06,0.021697036032991883,5.648930527968332e-05,-0.02503648865967989,0.025510141626000404
F:\Seminario\Seminario-Clustering\datasets\davi\Al Emadi (2019)\Multiclass_Drone_Audio\bebop_1\B_S2_D1_124-bebop_004_.wav,Multiclass_Drone_Audio\bebop_1\B_S2_D1_124-bebop_004_.wav,al_emadi,B_S2_D1_124-bebop_004,0.896,0.6373348955188779,8.512115478515625,-0.015231286001603981,0.3065082700215667,0.007328507956117392,-0.4007019460201263,0.336189788579941,0.029597553153997692,8.748150825500488,-0.001167544431972821,0.06612323926839289,-0.0017093296628445387,-0.08623913377523422,0.07982627004384996,0.0913059203752098,9.814855575561523,0.0014279628114437302,0.08277556546423558,0.0038649013731628656,-0.10807532817125319,0.10667790025472644,0.14136509404359426,10.780921936035156,-0.00042630823197911915,0.07313172771545652,-0.002304402180016041,-0.09387577474117278,0.09389855712652205,0.10039653690832034,11.740983963012695,-2.7914396974641263e-05,0.043664785073482155,0.00016367626085411757,-0.054665460437536235,0.05606253407895568
F:\Seminario\Seminario-Clustering\datasets\davi\Al Emadi (2019)\Multiclass_Drone_Audio\unknown\3-111102-A-460.wav,Multiclass_Drone_Audio\unknown\3-111102-A-460.wav,al_emadi,3-111102-A-460,1.0216875,0.1823014295261772,9.072393417358398,0.0009193524580485746,0.20746347823579997,-0.004212709260173142,-0.2660532772541046,0.2699796080589295,0.41349061823153094,8.837459564208984,0.005061438600370529,0.31241129335045165,0.0038434065645560622,-0.3728949844837189,0.39512358307838447,0.3859898912247503,8.951116561889648,-0.0003928867654764135,0.214903505426367,-0.002987798536196351,-0.2022597163915634,0.20590978264808654,0.01697366333032644,10.638237953186035,-8.32736834557384e-06,0.031974521609929474,3.42086950695375e-05,-0.0380481343716383,0.03777767233550549,0.0012443976872151276,10.797737121582031,5.111004830211325e-06,0.006132281049928791,-4.668950532504823e-05,-0.00596545599400997,0.005990450037643313
F:\Seminario\Seminario-Clustering\datasets\davi\Al Emadi (2019)\Multiclass_Drone_Audio\unknown\4-175845-A-434.wav,Multiclass_Drone_Audio\unknown\4-175845-A-434.wav,al_emadi,4-175845-A-434,0.95975,0.8761435723142209,4.373051643371582,1.9969763620398727e-05,0.0001311229500474828,0.0,0.0,0.0,0.032452310496462654,2.701258659362793,-2.6499126648865567e-07,2.5525226870390215e-05,0.0,0.0,0.0,0.08524864308815605,3.568021774291992,2.8663562449948086e-07,2.9463456685094535e-05,0.0,0.0,0.0,0.004569254075840878,3.888063430786133,-2.999437792379123e-08,4.8409356856201165e-06,0.0,0.0,0.0,0.0015862200253195225,4.629798889160156,-1.2744403719823788e-08,2.0205150789356616e-06,0.0,0.0,0.0
F:\Seminario\Seminario-Clustering\datasets\davi\Al Emadi (2019)\Multiclass_Drone_Audio\unknown\4-195451-A-444.wav,Multiclass_Drone_Audio\unknown\4-195451-A-444.wav,al_emadi,4-195451-A-444,0.95975,0.49810778948874745,8.945198059082031,-0.002854124531924392,0.363716550394965,0.014513875357806683,-0.47324423491954803,0.4373621344566345,0.15722241407850535,8.9379301071167,-0.004313985408086832,0.2043032138414477,-0.0032475644256919622,-0.2644081264734268,0.2547725439071655,0.1363831606986091,9.52273941040039,0.0009976954451661189,0.13554194464566632,-0.00015819755935808644,-0.1543774798512459,0.1592117562890053,0.10377858861739428,10.378068923950195,0.0006356803170549565,0.08390754358116882,0.0012978576123714447,-0.09670734778046607,0.09724145159125328,0.10450804711674383,10.607522010803223,-0.00018209758443855136,0.05964944882725104,0.00017308499809587374,-0.053906113654375074,0.05421564318239691
F:\Seminario\Seminario-Clustering\datasets\davi\Al Emadi (2019)\Multiclass_Drone_Audio\unknown\1-20545-A-282.wav,Multiclass_Drone_Audio\unknown\1-20545-A-282.wav,al_emadi,1-20545-A-282,0.97525,0.9714413828580544,7.881805419921875,0.0010072369626280572,0.09237920313322376,0.0013318807468749583,-0.07515188008546829,0.07630986496806144,0.003292457495797664,7.05823278427124,0.00015437576057138698,0.005376168328880191,5.40832411388692e-06,-0.003773216716945171,0.004974349820986389,0.004836225704865748,8.151049613952637,0.00013680104662497328,0.004640948402479948,-5.185328518564347e-06,-0.0034137648064643143,0.0038745352532714643,0.012354383238953765,9.10090160369873,8.492699313749984e-05,0.005265333070926783,-8.948415697318524e-08,-0.0034618764417245983,0.003935647336766126,0.008075550702328476,10.05838680267334,-1.0928753348296296e-07,0.003015916878194989,4.88610794491251e-07,-0.0022110315039753914,0.0022040571784600616
F:\Seminario\Seminario-Clustering\datasets\davi\Al Emadi (2019)\Multiclass_Drone_Audio\bebop_1\B_S2_D1_073-bebop_000_.wav,Multiclass_Drone_Audio\bebop_1\B_S2_D1_073-bebop_000_.wav,al_emadi,B_S2_D1_073-bebop_000,1.024,0.3877128683353543,8.555660247802734,-0.005713118795885712,0.17569555091518235,0.00041948759462684393,-0.21114301681518555,0.19751429557800293,0.03679315765407023,8.952012062072754,-0.0008217543950216884,0.054146285586538764,0.00021498007117770612,-0.06841227412223816,0.06666094064712524,0.15857288975923997,9.993359565734863,-0.0011476068111303224,0.08003992490342068,-0.00031427081557922065,-0.10339755862951279,0.1009741351008415,0.25340581737183415,10.895843505859375,-0.0003929337516722431,0.07180386866093774,-0.0003583619254641235,-0.09274368286132811,0.09102481305599212,0.16351526687950138,11.945565223693848,0.00010243760574785397,0.04085531075613803,7.099738286342472e-05,-0.051765551790595055,0.052221547812223434
F:\Seminario\Seminario-Clustering\datasets\davi\Al Emadi (2019)\Multiclass_Drone_Audio\unknown\1-27165-A-353.wav,Multiclass_Drone_Audio\unknown\1-27165-A-353.wav,al_emadi,1-27165-A-353,1.0216875,0.44638442024541386,9.283195495605469,-0.008125471824425528,0.23591010670129933,-0.03996392711997032,-0.3072948455810547,0.3091944366693497,0.0309692566522679,8.913528442382812,0.000951984087021087,0.062167580298653984,0.002824406372383237,-0.07992017045617103,0.07827546074986458,0.1721346945849986,9.96888542175293,0.0007017982958632098,0.1043468259558409,0.0019328921916894615,-0.13354694694280622,0.1346314340829849,0.2630710395998551,10.902521133422852,0.0020858711225285823,0.0915036926124635,0.002634978503920138,-0.11401536911725997,0.11777593493461609,0.08744058891746448,11.952356338500977,7.226145735121823e-06,0.03737642397895042,9.704015974421054e-05,-0.047856605052948,0.047765302285552036
F:\Seminario\Seminario-Clustering\datasets\davi\Al Emadi (2019)\Multiclass_Drone_Audio\bebop_1\B_S2_D1_075-bebop_001_.wav,Multiclass_Drone_Audio\bebop_1\B_S2_D1_075-bebop_001_.wav,al_emadi,B_S2_D1_075-bebop_001,1.024,0.1800007311805719,8.964553833007812,-0.000481030188774363,0.10916577023919972,-0.0010829700622707605,-0.13972236216068268,0.13856536149978638,0.06008830290282456,9.02923583984375,0.0004346278158748003,0.06307223717632662,0.0019996659830212593,-0.08219491690397263,0.0789828896522522,0.17510674157053133,9.923179626464844,0.0008126067147248415,0.07666238463619192,-0.0013906329404562712,-0.09682514518499374,0.09970913976430892,0.34993954054929066,10.932448387145996,-0.00024432832603319646,0.07690575146110823,-0.001184307038784027,-0.09792080372571946,0.09880859106779098,0.23486468379678155,11.910857200622559,0.00010004249418931077,0.044626920940712585,-1.732274813548429e-05,-0.05677103251218796,0.05642553046345711
F:\Seminario\Seminario-Clustering\datasets\davi\Al Emadi (2019)\Multiclass_Drone_Audio\membo_1\Membo_0_002-membo_002_.wav,Multiclass_Drone_Audio\membo_1\Membo_0_002-membo_002_.wav,al_emadi,Membo_0_002-membo_002,1.024,0.6404001932930591,9.428752899169922,-7.982494986160162e-05,0.07804236275485954,0.00024733287864364684,-0.10341516137123108,0.10456458479166031,0.07636739520238556,9.159772872924805,-0.00010148827323280665,0.026949816703378857,0.00018818680837284774,-0.03594708815217018,0.03499657288193703,0.05919338752549929,9.976421356201172,0.0007215911049047452,0.01687900010214142,0.0007498795748688281,-0.02162603437900543,0.02262492775917053,0.08366855642883977,10.941494941711426,-8.361156814562581e-06,0.01425269217254174,0.0001364320341963321,-0.01821463890373707,0.017948332056403164,0.14037046755021632,11.875341415405273,-3.6395329795589858e-06,0.013076104576067843,2.9348244424909353e-05,-0.016549842432141304,0.016417416743934155
F:\Seminario\Seminario-Clustering\datasets\davi\Al Emadi (2019)\Multiclass_Drone_Audio\unknown\5-232272-A-442.wav,Multiclass_Drone_Audio\unknown\5-232272-A-442.wav,al_emadi,5-232272-A-442,0.97525,0.8511897556886757,9.036157608032227,-0.004388506242197103,0.24525140005866589,-0.01826218795031309,-0.30712892711162565,0.3297944664955139,0.09403909945395282,8.772674560546875,-0.0008994146818206822,0.08152590473816951,-0.004265506286174059,-0.09921091049909592,0.09940463081002235,0.031991511959740246,9.913278579711914,-0.0007940224529876922,0.033862275694645685,4.11308828915935e-05,-0.045472321659326555,0.04117030426859857,0.015839163181712926,10.83914852142334,-9.112516356538067e-05,0.01691249613811799,-0.00027902676083613187,-0.02124133165925741,0.02121560424566269,0.0069404697159182556,11.754376411437988,-1.0973350558292206e-05,0.00793055201616757,-1.1013811672455631e-05,-0.009919176809489727,0.009934496134519577
F:\Seminario\Seminario-Clustering\datasets\davi\Al Emadi (2019)\Multiclass_Drone_Audio\unknown\5-213855-A-00.wav,Multiclass_Drone_Audio\unknown\5-213855-A-00.wav,al_emadi,5-213855-A-00,1.0216875,0.014072521419217186,8.957892417907715,-0.0011927844809442902,0.04778387208371461,0.00013389397645369172,-0.06224552132189274,0.05825556069612504,0.3554016104858786,6.661639213562012,-0.004429521295595395,0.24016873049785475,5.0408680181135423e-05,-0.12868910878896714,0.1212434835731984,0.5872978027971338,7.8190717697143555,-0.0004630630070323605,0.21981850236584718,-0.00044768350198864937,-0.10780990570783615,0.11463674306869506,0.04281122324778362,9.014577865600586,1.9510220800792703e-05,0.04210898942188019,-4.4391332266968675e-05,-0.02629120144993067,0.026732195541262632,0.0004168420499867365,9.947371482849121,-1.0673277929249055e-06,0.002943120755418106,1.0328725238650804e-05,-0.0021442275028675795,0.0021269642515107995
F:\Seminario\Seminario-Clustering\datasets\davi\Al Emadi (2019)\Multiclass_Drone_Audio\membo_1\extra_membo_D2_2031.wav,Multiclass_Drone_Audio\membo_1\extra_membo_D2_2031.wav,al_emadi,extra_membo_D2,1.002625,0.9017610792932003,8.97352409362793,0.0005311532001442342,0.027255150240321314,0.0019196508219465613,-0.036434644460678095,0.03583002984523774,0.01565426367584235,9.040130615234375,6.50382316325969e-05,0.003591123997156125,0.00011878557415911928,-0.004710223898291587,0.00462730024009943,0.029332466234690966,10.012423515319824,6.048650846360974e-06,0.0035004075040538088,-3.9174570702016354e-05,-0.004486590484157204,0.0044114263262599734,0.030714356371523425,10.924445152282715,-3.0547542463509554e-05,0.002541394309860219,-1.8720474145084154e-05,-0.0033337922766804693,0.003205345873720944,0.022537834424743053,11.919578552246094,-1.3434387312265774e-06,0.0015422542116488055,1.2027065167785622e-05,-0.0019736516289412974,0.0019348246511071922
F:\Seminario\Seminario-Clustering\datasets\davi\Al Emadi (2019)\Multiclass_Drone_Audio\membo_1\mixed_membo_7-membo_002_.wav,Multiclass_Drone_Audio\membo_1\mixed_membo_7-membo_002_.wav,al_emadi,mixed_membo_7-membo_002,1.024,0.7766025355857216,9.089462280273438,-0.0017499069878036204,0.21925554509725073,0.007734869606792927,-0.2851337194442749,0.27299997210502625,0.03785943920323983,8.972004890441895,3.422960316891703e-05,0.048411885886520255,0.002118373289704323,-0.06131718307733536,0.06072721257805824,0.06781659166539755,9.97100830078125,0.0004787899643031307,0.04613295810635125,3.6699573684018105e-05,-0.05914138853549957,0.05895409435033797,0.07029621409345695,10.935149192810059,0.000928316545154851,0.03331757613371337,0.0006615256424993277,-0.04140052795410156,0.04388733133673669,0.04742521945218414,11.81346607208252,6.357570924754351e-05,0.01939112285214417,0.00018648753757588565,-0.024077920243144035,0.024303874000906944
F:\Seminario\Seminario-Clustering\datasets\davi\Al Emadi (2019)\Multiclass_Drone_Audio\unknown\3-119120-D-483.wav,Multiclass_Drone_Audio\unknown\3-119120-D-483.wav,al_emadi,3-119120-D-483,1.0216875,0.8300101580593409,3.9570982456207275,0.0002799362225938892,0.17599510188883802,0.0008809241990093142,-0.05210388973355293,0.04880929440259935,0.14189010497864052,3.7732415199279785,-0.000247067587729457,0.07276674881413665,8.073409480857663e-05,-0.009369310829788447,0.010062342323362833,0.024263323901281927,3.7318806648254395,-0.0001722379167999624,0.021420317259812482,-8.946609113991144e-06,-0.00703558987006545,0.007188239926472306,0.0032319546832664105,6.188711166381836,6.19527345111951e-05,0.0055466447820890176,7.897079558460973e-05,-0.002630195673555136,0.0026711884187534457,0.0006044583774702983,7.179180145263672,3.554214453467176e-06,0.001699156519100358,-1.5960324617481092e-06,-0.0007708414865192026,0.0007827989698853344
F:\Seminario\Seminario-Clustering\datasets\davi\Al Emadi (2019)\Multiclass_Drone_Audio\bebop_1\mixed_7-bebop_002_.wav,Multiclass_Drone_Audio\bebop_1\mixed_7-bebop_002_.wav,al_emadi,mixed_7-bebop_002,1.024,0.7680685162127666,8.93960189819336,-0.006452929980467033,0.26547158695423867,-0.0009086551726795733,-0.3370988667011261,0.312996506690979,0.03116433719107327,8.583486557006836,-5.639342021454169e-05,0.053490298176785696,0.0014094484504312277,-0.06235209107398987,0.06424227356910706,0.0638054908799296,9.941672325134277,-0.00024445057296911216,0.05449701152190649,0.001072377897799015,-0.0691382110118866,0.06889790296554565,0.08116028995413527,10.920473098754883,0.001355211260245649,0.043593253591902324,0.0008795783505775034,-0.05398430600762367,0.058296482264995585,0.05580136576209521,11.89761734008789,0.00013685704182735532,0.025615222717554505,0.00014169077621772885,-0.03225536830723286,0.03255295753479004
F:\Seminario\Seminario-Clustering\datasets\davi\Al Emadi (2019)\Multiclass_Drone_Audio\unknown\1-45645-A-311.wav,Multiclass_Drone_Audio\unknown\1-45645-A-311.wav,al_emadi,1-45645-A-311,1.0216875,0.21612229134355798,9.014486312866211,-0.00022730122270179037,0.0192918628914086,-0.0003989222750533372,-0.025391273386776447,0.02439508754760027,0.024154319439088325,8.020883560180664,5.702539892670146e-05,0.006449632297901682,0.00010321706940885633,-0.006982440175488591,0.007241551810875536,0.02707992999645937,8.28196907043457,0.00018551312063107446,0.004858109035616957,0.00010718378689489327,-0.004633810510858893,0.004842131165787578,0.43575229710082186,5.34110164642334,0.0006391545519349963,0.013822162054971918,6.427123662433587e-05,-0.003535870974883437,0.0037122687790542845,0.29689116212007244,6.072238922119141,-0.00016678955808047867,0.008088213087477166,3.837291387753794e-06,-0.0022720391862094402,0.0022422354435548187
F:\Seminario\Seminario-Clustering\datasets\davi\Al Emadi (2019)\Multiclass_Drone_Audio\membo_1\Membo_1_034-membo_001_.wav,Multiclass_Drone_Audio\membo_1\Membo_1_034-membo_001_.wav,al_emadi,Membo_1_034-membo_001,1.024,0.4440553498318245,9.340520858764648,-0.000563492063641394,0.05642287719409397,-0.004612083081156015,-0.0735408142209053,0.07494466006755829,0.09954598720711459,8.903796195983887,-0.00012107530293272894,0.026715649463010416,-0.00030576015706174076,-0.03408424183726311,0.03435666114091873,0.11148574676796857,9.910663604736328,-0.0001351913965354391,0.020130747720639337,-0.0005107095930725336,-0.02572733238339424,0.025782828405499454,0.1552141691691813,10.839898109436035,0.0001874276222052821,0.01685419688256103,4.702451406046748e-05,-0.020922305062413212,0.021384339034557345,0.18969874702391107,11.944223403930664,1.3653193461577793e-05,0.013198540783632425,0.000191658764379099,-0.017235410399734974,0.016715407371520996
F:\Seminario\Seminario-Clustering\datasets\davi\Al Emadi (2019)\Multiclass_Drone_Audio\unknown\1-61534-A-270.wav,Multiclass_Drone_Audio\unknown\1-61534-A-270.wav,al_emadi,1-61534-A-270,1.0216875,0.061250783534009035,8.89175796508789,-0.0004628307422705823,0.020297500973144714,-0.0009385298762936145,-0.026073345728218556,0.025065640546381485,0.03873526349687774,7.701352596282959,0.0002664406896593662,0.01614335294132904,0.00012847769903601147,-0.015453796088695525,0.01713892444968224,0.21531265257098456,7.617499351501465,0.0014397732769236727,0.02705988284848428,9.62150479608681e-05,-0.01814794354140758,0.020665620453655716,0.46814190651307863,8.631567001342773,-0.00021621840530740652,0.0283492248448838,0.00015139068273128942,-0.020791881158947943,0.021927323751151567,0.21655939388505002,9.594883918762207,2.812564139659433e-06,0.013657771089165403,-6.139930337667465e-05,-0.009303267672657966,0.009512946475297213
F:\Seminario\Seminario-Clustering\datasets\davi\Al Emadi (2019)\Multiclass_Drone_Audio\bebop_1\mixed_42-bebop_003_.wav,Multiclass_Drone_Audio\bebop_1\mixed_42-bebop_003_.wav,al_emadi,mixed_42-bebop_003,1.024,0.8753787651706878,8.30479907989502,-0.001870463652685032,0.2591597554413871,-0.005556629039347172,-0.29152950644493103,0.2971315383911133,0.008167481063579106,8.940094947814941,-2.3673753562378037e-05,0.02503368169619199,0.0011615593684837222,-0.03244420140981674,0.03045826591551304,0.029131298566921756,9.96982479095459,-0.0007348341980760501,0.03365572802448804,-0.0005898118834011257,-0.043083423376083375,0.042387748509645454,0.05226697577229113,10.958627700805664,-5.743059019132338e-05,0.03199666976734076,-0.00026012302259914577,-0.04099490940570831,0.04047152101993561,0.03505547942652018,11.967999458312988,6.360309197111098e-05,0.018560593805149156,-4.363760490377899e-05,-0.02378851640969515,0.023991969414055347
F:\Seminario\Seminario-Clustering\datasets\davi\Al Emadi (2019)\Multiclass_Drone_Audio\membo_1\mixed_membo_64-membo_000_.wav,Multiclass_Drone_Audio\membo_1\mixed_membo_64-membo_000_.wav,al_emadi,mixed_membo_64-membo_000,1.024,0.79334798174402,8.128247261047363,-0.003101061626719086,0.13580039590121915,-0.008984256535768509,-0.14478638768196106,0.13073255121707916,0.1194034206460815,6.482726573944092,6.0040257217920894e-05,0.0526975586331882,-7.130513404263183e-05,-0.0312604159116745,0.03183513879776001,0.03140360698215224,9.375547409057617,-0.00020478057896385394,0.0192419578924218,-0.00020663285977207124,-0.022165993973612786,0.02202435433864593,0.02449328834620329,10.827991485595703,-1.9484013040357106e-05,0.012059137860618999,-2.91779051622143e-05,-0.014859116449952125,0.015029907226562502,0.03135170228154298,11.9298734664917,-1.562029483910339e-05,0.009663800838499251,8.07528012956027e-05,-0.012531457468867302,0.012191012036055326
F:\Seminario\Seminario-Clustering\datasets\davi\Al Emadi (2019)\Multiclass_Drone_Audio\bebop_1\B_S2_D1_124-bebop_001_.wav,Multiclass_Drone_Audio\bebop_1\B_S2_D1_124-bebop_001_.wav,al_emadi,B_S2_D1_124-bebop_001,1.024,0.5735752055705418,8.809011459350586,0.001616088781635641,0.2557676174764254,-0.0029165823943912983,-0.32530879974365234,0.31955766677856445,0.030999162724489833,8.943373680114746,0.002037092832123797,0.0594263431250727,0.0010131151648238301,-0.07261653989553452,0.07995961606502533,0.08528975140947848,9.924013137817383,-0.0005707842444578586,0.07022549818289692,0.0005701329791918397,-0.09183957427740096,0.08615005463361738,0.19259615251051146,10.895004272460938,-0.0008737706921563832,0.07487971568079735,-0.0005930307088419795,-0.09679532796144485,0.09387425780296327,0.1175397277849785,11.93847370147705,-0.00028039139867836425,0.04143592446610164,-0.0002224361087428406,-0.05278923735022545,0.0518450066447258
F:\Seminario\Seminario-Clustering\datasets\davi\Al Emadi (2019)\Multiclass_Drone_Audio\membo_1\Membo_0_000-membo_004_.wav,Multiclass_Drone_Audio\membo_1\Membo_0_000-membo_004_.wav,al_emadi,Membo_0_000-membo_004,1.024,0.6160651864601772,9.397294998168945,-0.0008719672432830482,0.08260691651754537,-0.0054592653177678585,-0.10914193093776703,0.1081748828291893,0.14530504985640139,9.113361358642578,3.0361344685525916e-05,0.04012060857375394,0.0004947291454300284,-0.05531234294176102,0.0543200708925724,0.0646388485574785,9.975239753723145,7.868668616715153e-05,0.01905338227009078,6.087367637519492e-06,-0.024476999044418333,0.024279963970184327,0.07194552964295822,10.727134704589844,-2.1240548326932494e-05,0.014263943725891532,2.235540705441963e-05,-0.01737459935247898,0.0176131047308445,0.10204538548298475,11.794489860534668,-3.5221678702679488e-06,0.012032601175407385,3.070463117182953e-05,-0.014646070078015327,0.015192477032542229
F:\Seminario\Seminario-Clustering\datasets\davi\Al Emadi (2019)\Multiclass_Drone_Audio\unknown\4-167077-C-204.wav,Multiclass_Drone_Audio\unknown\4-167077-C-204.wav,al_emadi,4-167077-C-204,0.95975,0.2633322719218146,8.805234909057617,-0.001100022897346971,0.05445997980870481,-0.002755142515525222,-0.07211147248744965,0.0785476453602314,0.5344490849371246,7.905436038970947,-0.0013905563332081408,0.07758851478093841,1.8641394603946537e-05,-0.09219569340348244,0.08682585135102272,0.14785382114752502,8.956835746765137,-7.127239795741842e-05,0.029068279013937378,-2.1538477994909044e-05,-0.03311261832714081,0.030792770348489297,0.04484994875589419,9.238527297973633,7.482747530013171e-05,0.011361361145989915,3.6068076951778494e-06,-0.00927596129477024,0.008961376175284383,0.009514873237641589,9.731632232666016,1.4466749600639434e-06,0.003707100103585212,3.5755549561145017e-06,-0.00251783630810678,0.0025197199545800705
F:\Seminario\Seminario-Clustering\datasets\davi\Al Emadi (2019)\Multiclass_Drone_Audio\unknown\5-160614-F-482.wav,Multiclass_Drone_Audio\unknown\5-160614-F-482.wav,al_emadi,5-160614-F-482,0.97525,0.08204627432998432,6.932343482971191,-0.00024811578891250225,0.026744767480863463,-0.0002167792699765414,-0.023528573848307133,0.023318649269640442,0.05023862527085775,5.2017436027526855,-0.0001882079519437374,0.020928079493318544,-0.00014966619346523657,-0.011290444619953632,0.010486390348523856,0.4585607122941684,4.471395492553711,-0.0005997433951825435,0.04503376662086643,0.00018603805801831186,-0.014727294258773326,0.015224262140691286,0.3478261747616947,6.1673784255981445,-1.2844363514842413e-06,0.027834874264054676,-3.917168032785412e-05,-0.01406805571168661,0.014526198711246253,0.061328213343294836,5.503609657287598,6.542685746969306e-06,0.008279415816851557,1.6935889107116964e-05,-0.002848130068741739,0.002880921238102019
F:\Seminario\Seminario-Clustering\datasets\davi\Al Emadi (2019)\Multiclass_Drone_Audio\unknown\2-139748-A-152.wav,Multiclass_Drone_Audio\unknown\2-139748-A-152.wav,al_emadi,2-139748-A-152,0.97525,0.4325667631280649,7.253149509429932,-0.00028314336192077554,0.024001787042762728,-0.0004334673722041771,-0.01927937902510166,0.01958211511373519,0.5467133594573244,6.553736686706543,7.4793038390913565e-06,0.026985287335439236,4.2975325413863175e-05,-0.014643300417810678,0.014557837322354312,0.004724572695983208,7.527044296264648,1.7686102182922902e-06,0.0017868109451570767,2.8538743208628148e-06,-0.001202092948369682,0.0012084469664841906,0.0021724823954773756,8.28126049041748,1.428358703172053e-05,0.0008596972086528067,2.898916591220768e-07,-0.0005432238860521465,0.0005538044148124756,0.013822822323150179,7.5258073806762695,2.113960006312298e-07,0.0015363395007565765,-3.69846782177774e-06,-0.0006312787008937448,0.0006346780573949218
F:\Seminario\Seminario-Clustering\datasets\davi\Al Emadi (2019)\Multiclass_Drone_Audio\unknown\silence123.wav,Multiclass_Drone_Audio\unknown\silence123.wav,al_emadi,silence123,0.743,0.0,-0.0,0.0,0.0,0.0,0.0,0.0,0.0,-0.0,0.0,0.0,0.0,0.0,0.0,0.0,-0.0,0.0,0.0,0.0,0.0,0.0,0.0,-0.0,0.0,0.0,0.0,0.0,0.0,0.0,-0.0,0.0,0.0,0.0,0.0,0.0
F:\Seminario\Seminario-Clustering\datasets\davi\Al Emadi (2019)\Multiclass_Drone_Audio\membo_1\Membo_1_000-membo_001_.wav,Multiclass_Drone_Audio\membo_1\Membo_1_000-membo_001_.wav,al_emadi,Membo_1_000-membo_001,1.024,0.9367152055385624,8.589488983154297,-0.010614335261702672,0.39873928842142514,-0.006598245352506638,-0.48499608039855957,0.4568113386631012,0.02705432945625202,7.83298921585083,-0.00030223060067396696,0.06778804832302704,0.0013920459896326065,-0.06851592659950256,0.06354597955942154,0.015247016986020323,9.316609382629395,1.1767114014249094e-05,0.036235411079236376,-7.152766193030402e-05,-0.036607167869806286,0.039142443239688865,0.013287969557990935,9.960436820983887,-0.00012366427323614907,0.02400344333875345,-0.00011166608601342887,-0.022760186716914176,0.022060402110219007,0.007695478461174355,11.135108947753906,-2.2053428752572993e-05,0.0129387365292541,-0.00010518093768041581,-0.013319127727299929,0.013435502536594868
F:\Seminario\Seminario-Clustering\datasets\davi\Al Emadi (2019)\Multiclass_Drone_Audio\membo_1\Membo_1_031-membo_000_.wav,Multiclass_Drone_Audio\membo_1\Membo_1_031-membo_000_.wav,al_emadi,Membo_1_031-membo_000,1.024,0.5297875745016476,9.430780410766602,0.0017592927925752096,0.0801506484794959,4.054074452142231e-06,-0.10370617359876633,0.10495948046445847,0.07918291074537012,9.004918098449707,-0.0001546067060740257,0.030993532819241332,-9.872092050500214e-05,-0.04179678484797478,0.040196243673563004,0.09452168723287756,10.027193069458008,-7.408215184672011e-05,0.024111606470742744,-0.0003103417402599007,-0.030811430513858793,0.031053996831178664,0.12421103177638405,10.966580390930176,4.1510102348596084e-05,0.019613304973319375,0.0003748926392290741,-0.02513384409248829,0.02490802295506001,0.17229679574372064,11.9389066696167,9.105223613283444e-07,0.0163619458994631,-0.0002694486465770751,-0.02098375651985407,0.02089997846633196
F:\Seminario\Seminario-Clustering\datasets\davi\Al Emadi (2019)\Multiclass_Drone_Audio\membo_1\Membo_1_044-membo_002_.wav,Multiclass_Drone_Audio\membo_1\Membo_1_044-membo_002_.wav,al_emadi,Membo_1_044-membo_002,1.024,0.6216229018160709,9.416871070861816,0.0006931578659926272,0.08554885884471147,-0.0017142059514299035,-0.11162876337766647,0.11821254342794418,0.06377653180637759,9.030948638916016,0.0001559015470517316,0.027402386066758485,-0.00013650377513840795,-0.0354582853615284,0.036100175231695175,0.07449463841793917,9.899649620056152,-0.00020665037938584146,0.021086686276008154,-0.0002773723390419036,-0.027166884019970895,0.026849302649497985,0.09696555077474744,10.94664192199707,-0.0006526573565292348,0.017059529303057222,-0.0005160791915841401,-0.022634201124310492,0.020583464577794076,0.14314037718486483,11.866686820983887,-4.450886500949173e-06,0.014692023519840103,-9.216769285558257e-06,-0.018516724929213524,0.018805859610438347
F:\Seminario\Seminario-Clustering\datasets\davi\Al Emadi (2019)\Multiclass_Drone_Audio\unknown\1-47250-B-411.wav,Multiclass_Drone_Audio\unknown\1-47250-B-411.wav,al_emadi,1-47250-B-411,1.0216875,0.5684681108998311,8.92581844329834,-0.010349186790474661,0.47520341421880724,0.023682710714638233,-0.6355696260929108,0.5765206396579743,0.179815976344207,8.927887916564941,0.0045657406838729405,0.2672884877406124,-0.0017615565448068082,-0.33438876271247864,0.3307980120182038,0.18226098007163766,9.525723457336426,-0.0010647763577348495,0.1915909539501827,0.0011072845663875341,-0.21784314662218093,0.21924028545618054,0.05187633601593191,10.461750030517578,-0.0006219907500478603,0.07252096693707381,-0.0016994938487187028,-0.07995573952794074,0.0801042728126049,0.017578596668392316,11.620573043823242,0.00013353696974215156,0.02990260220148766,0.00025172479217872024,-0.034954946115612985,0.03555428497493268
F:\Seminario\Seminario-Clustering\datasets\davi\Al Emadi (2019)\Multiclass_Drone_Audio\bebop_1\B_S2_D1_129-bebop_002_.wav,Multiclass_Drone_Audio\bebop_1\B_S2_D1_129-bebop_002_.wav,al_emadi,B_S2_D1_129-bebop_002,1.024,0.8249024860031369,8.032623291015625,-0.004183297151310651,0.40445650210833517,-0.00875503197312355,-0.39559507369995117,0.36641719937324524,0.011044800148752497,8.827725410461426,0.00016919366508460842,0.046802583789479484,0.0008903304114937782,-0.05754652991890907,0.05773057043552399,0.03953487137321569,9.94449234008789,-0.0003910698467298518,0.06304886324705282,-0.00036245983210392296,-0.08174428641796112,0.08003988862037656,0.07172700750782897,10.959653854370117,0.00042557910634074246,0.060260843407519735,0.0009515443816781044,-0.07859782576560974,0.07719744294881822,0.052790834967066,11.91817855834961,0.00013803314813581725,0.03661891776694775,0.00014982064749347046,-0.04689458757638931,0.04651809297502041
F:\Seminario\Seminario-Clustering\datasets\davi\Al Emadi (2019)\Multiclass_Drone_Audio\unknown\5-215634-A-174.wav,Multiclass_Drone_Audio\unknown\5-215634-A-174.wav,al_emadi,5-215634-A-174,0.95975,0.9989443442543954,7.517152309417725,0.007860313457964372,0.024905156461557984,0.0,0.0,0.04882759787142277,0.000131145256112996,6.653892993927002,1.7593695422619916e-06,0.00029923105560168033,0.0,-0.00017170989303849638,0.00010236961315968074,0.00011349477040393794,7.57918643951416,-2.2372608892930633e-06,0.00019823870964011777,0.0,-8.090228875516913e-05,7.67574674682692e-05,0.00024762114336607065,8.607805252075195,-1.7573570326682096e-06,0.0002078074117553631,0.0,-9.043804093380458e-05,8.899148888303898e-05,0.0005633945757215914,9.557488441467285,-4.446227567482135e-07,0.00022205582228369478,0.0,-9.262974126613698e-05,8.868974109645978e-05
F:\Seminario\Seminario-Clustering\datasets\davi\Al Emadi (2019)\Multiclass_Drone_Audio\membo_1\mixed_membo_47-membo_001_.wav,Multiclass_Drone_Audio\membo_1\mixed_membo_47-membo_001_.wav,al_emadi,mixed_membo_47-membo_001,1.024,0.664106045407476,9.0407075881958,-0.0029228206132270564,0.3332174869435703,0.009465537965297699,-0.43610477447509766,0.4069695472717285,0.213384396430376,8.92714786529541,-0.0010067803010422706,0.1888865026858327,-0.0011724041542038321,-0.23959237337112427,0.23555897176265717,0.07452751898917717,9.942214965820312,0.00033770378671518954,0.0794843983265452,-0.0015943516045808792,-0.09952113032341003,0.1042629599571228,0.03300734579541431,10.896520614624023,-0.00012621962697036818,0.03753526986778904,-6.509930244646966e-05,-0.04717967808246613,0.04708087146282197,0.014974693377556568,11.939376831054688,4.874642312029492e-06,0.017907721459484088,1.8308721791981952e-05,-0.0230148546397686,0.022918877191841602
F:\Seminario\Seminario-Clustering\datasets\davi\Al Emadi (2019)\Multiclass_Drone_Audio\unknown\4-163606-A-161.wav,Multiclass_Drone_Audio\unknown\4-163606-A-161.wav,al_emadi,4-163606-A-161,1.0216875,0.9914089088277355,9.067098617553711,-0.006283539352404889,0.34088999766371175,-0.010232345899567008,-0.44042485654354097,0.44186359941959386,0.0076979592255588146,8.942768096923828,0.0004909649961442511,0.030039412328559296,-0.00014105501031735912,-0.037148972228169444,0.038592305034399046,0.0006953985867576985,9.854753494262695,-1.828108549411712e-05,0.006428092786893552,3.4818531275959685e-05,-0.007963562197983266,0.007992862071841956,0.00013487758073058942,10.930943489074707,3.251516693636274e-05,0.0020083527835863626,6.358110113069415e-05,-0.0025142746744677424,0.0025611549615859987,6.28557792174688e-05,11.964390754699707,8.762618324569039e-07,0.0009712382262885436,8.608137704868568e-06,-0.0012662493856623767,0.0012252721702679993
F:\Seminario\Seminario-Clustering\datasets\davi\Al Emadi (2019)\Multiclass_Drone_Audio\bebop_1\B_S2_D1_074-bebop_004_.wav,Multiclass_Drone_Audio\bebop_1\B_S2_D1_074-bebop_004_.wav,al_emadi,B_S2_D1_074-bebop_004,0.896,0.3854315421285034,8.399532318115234,-0.0050176928848348614,0.20153412555817365,-0.0015578920720145106,-0.23607122302055358,0.23511704504489905,0.04680453785414973,8.567546844482422,0.00010329435726550833,0.07025108651880638,-0.0009145720396190882,-0.08539866209030152,0.08712715357542046,0.12909862979540582,9.727361679077148,0.00275592787772099,0.08311035024415972,0.0009460634319111705,-0.09984404742717742,0.10773417651653291,0.26276897693434687,10.695487022399902,0.0003401677530354077,0.084225041920551,0.00029367866227403283,-0.10777705311775207,0.10592859685420988,0.17589631328759417,11.665374755859375,-1.9847800739725137e-06,0.04882205651782371,0.00043958003516308963,-0.06116505190730095,0.06140375658869744
F:\Seminario\Seminario-Clustering\datasets\davi\Al Emadi (2019)\Multiclass_Drone_Audio\bebop_1\B_S2_D1_100-bebop_000_.wav,Multiclass_Drone_Audio\bebop_1\B_S2_D1_100-bebop_000_.wav,al_emadi,B_S2_D1_100-bebop_000,1.024,0.7904581996453792,8.756702423095703,-0.0025937166752905247,0.43555227872917646,0.005406122654676437,-0.5428469777107239,0.5439871549606323,0.013342978733343658,9.001724243164062,-5.763942590506438e-05,0.05658934980936502,-0.0009523593471385539,-0.07224993407726288,0.06874344497919083,0.04813734790909204,9.956043243408203,0.00018666126843909007,0.07653323029783508,0.0011421807575970888,-0.09674469381570816,0.09720014929771423,0.09039408591213034,10.90888786315918,0.0007606851817707239,0.07441607939751173,0.000848533061798662,-0.09431769698858261,0.09383483529090882,0.057667387800054704,11.927693367004395,-1.5433671211219736e-05,0.04210263427247147,0.0002807293931255117,-0.05374245531857014,0.05312210135161877
F:\Seminario\Seminario-Clustering\datasets\davi\Al Emadi (2019)\Multiclass_Drone_Audio\unknown\5-194930-B-12.wav,Multiclass_Drone_Audio\unknown\5-194930-B-12.wav,al_emadi,5-194930-B-12,0.97525,0.03945471939497602,6.863022327423096,0.0008662774359999967,0.06345025021334706,-0.0003628843551268801,-0.034734771400690076,0.0416851371526718,0.6093157972374811,7.6267313957214355,0.0014594242157144693,0.24936649893969084,0.00021296389604685828,-0.25804577767848963,0.22114764302968964,0.33467429371523505,8.423401832580566,0.003033799106167091,0.131604418021002,3.29817776218988e-05,-0.1097613200545311,0.1359039574861529,0.015829687581487256,9.435993194580078,7.043933254908181e-05,0.02031598865782118,2.1164038344068103e-06,-0.02028857097029686,0.020396014489233494,0.0007255020708206008,10.442142486572266,-4.3755393029685935e-06,0.0030809511870868132,6.363313787005609e-07,-0.0030131330713629723,0.00299445865675807
F:\Seminario\Seminario-Clustering\datasets\davi\Al Emadi (2019)\Multiclass_Drone_Audio\unknown\5-117250-A-20.wav,Multiclass_Drone_Audio\unknown\5-117250-A-20.wav,al_emadi,5-117250-A-20,1.0216875,0.5684942628807012,8.368951797485352,-0.004524264744070974,0.9541055300590285,0.0,-1.2359711408615113,1.2031816959381112,0.15092564852351362,8.299223899841309,-0.00034485510868237243,0.4916088294763154,0.0,-0.5976345658302307,0.5755091071128846,0.271426918777266,9.004666328430176,0.0009544259017684695,0.469320140697433,0.0,-0.5179167509078979,0.4983808904886245,0.007672118462620672,9.781235694885254,-0.00027472233003730893,0.055982990151319204,0.0,-0.058983292803168295,0.056220618262887004,0.0014810513558985482,10.747150421142578,4.97305640967579e-05,0.01742261157286789,0.0,-0.018269323371350763,0.01803369410336018
F:\Seminario\Seminario-Clustering\datasets\davi\Al Emadi (2019)\Multiclass_Drone_Audio\membo_1\mixed_membo_48-membo_002_.wav,Multiclass_Drone_Audio\membo_1\mixed_membo_48-membo_002_.wav,al_emadi,mixed_membo_48-membo_002,1.024,0.6728618923305043,8.30826473236084,0.00041158699130584164,0.06269999256960501,-0.000733958266209811,-0.061501678079366684,0.07575995475053787,0.028511772824626556,8.94219970703125,-8.039086113007956e-05,0.01290676995645641,-0.0001509899302618578,-0.016629334539175034,0.01674785651266575,0.0581413709090771,9.9418363571167,-5.821859809158047e-05,0.013123629114970501,-0.00043749986798502505,-0.01673038527369499,0.017037934809923168,0.132702026943975,10.683452606201172,4.179895399378887e-05,0.0140689489403441,0.00016980257350951433,-0.016766321659088135,0.0170449398458004,0.10778293699181703,11.889644622802734,-1.3524449228961994e-05,0.008980985641623173,0.00012348777090664953,-0.011405642144382,0.011411100625991821
F:\Seminario\Seminario-Clustering\datasets\davi\Al Emadi (2019)\Multiclass_Drone_Audio\unknown\2-43802-A-424.wav,Multiclass_Drone_Audio\unknown\2-43802-A-424.wav,al_emadi,2-43802-A-424,0.95975,0.7068057323631756,9.148263931274414,-0.009141607318397254,0.6074985283993402,-0.05277707986533642,-0.7862544655799866,0.789785623550415,0.1460201957650445,8.4487886428833,-0.0027876467462989484,0.2761395885908011,-0.005786280846223235,-0.31699076294898987,0.2995230555534363,0.13425654277515564,9.467609405517578,-0.0006066404337760501,0.18858197119090278,0.0012209725682623684,-0.22028192579746247,0.2223033383488655,0.009632238619225294,10.792211532592773,-0.00013923575744568604,0.0358467264552707,-0.001290605403482914,-0.044730048626661294,0.045920385792851445,0.0032852904773990345,11.786201477050781,3.106709097063734e-05,0.01483027197412345,0.0001914640743052587,-0.01842081341892481,0.01857482083141804
F:\Seminario\Seminario-Clustering\datasets\davi\Al Emadi (2019)\Multiclass_Drone_Audio\membo_1\mixed_membo_19-membo_004_.wav,Multiclass_Drone_Audio\membo_1\mixed_membo_19-membo_004_.wav,al_emadi,mixed_membo_19-membo_004,0.904,0.41993218665135884,8.931915283203125,-0.0013069320993186993,0.03490620393058939,-2.0581259377649985e-05,-0.04555760696530342,0.04359890893101692,0.04916190697266275,8.852484703063965,6.580470240222579e-05,0.011951571161064337,-1.1987343896180391e-05,-0.01570558175444603,0.015537894330918789,0.150375486410366,9.8330078125,-6.1732532488304595e-06,0.014897016870228971,5.391930699261138e-06,-0.019762559235095976,0.01949511542916298,0.1655547563898021,10.721919059753418,3.907225305310024e-05,0.011096564900432647,9.998359928431455e-06,-0.014209640957415105,0.014047736488282682,0.21497566357581033,11.744869232177734,1.9998105226909702e-06,0.008958546558961935,1.3260132618597709e-05,-0.011569917667657137,0.01133127836510539
F:\Seminario\Seminario-Clustering\datasets\davi\Al Emadi (2019)\Multiclass_Drone_Audio\unknown\3-143560-A-474.wav,Multiclass_Drone_Audio\unknown\3-143560-A-474.wav,al_emadi,3-143560-A-474,0.95975,0.8126453264332424,8.664377212524414,-0.013419416303317578,0.9188040202420831,-0.016986052505671978,-1.1493194699287415,1.1255837678909302,0.09747071907891618,8.933637619018555,0.009023530962421231,0.3181127767621003,0.006102510262280703,-0.39479270577430725,0.40989552438259125,0.06759811604759729,9.721271514892578,1.3279212337640625e-05,0.18874536447734758,-0.0014014508924447,-0.23480105102062224,0.23121992051601412,0.0194877119241605,10.716514587402344,-0.00041606520458989095,0.07191784241449202,-0.0007704998715780675,-0.08910972550511359,0.08920345529913902,0.0027981265160836283,11.597951889038086,-2.4157227128070996e-05,0.019305045788419763,8.255181455751881e-05,-0.022810424119234084,0.023330246284604082
F:\Seminario\Seminario-Clustering\datasets\davi\Al Emadi (2019)\Multiclass_Drone_Audio\unknown\4-204612-A-311.wav,Multiclass_Drone_Audio\unknown\4-204612-A-311.wav,al_emadi,4-204612-A-311,1.0216875,0.002469303744359799,7.696504592895508,0.00019645532770812312,0.006759486870310174,0.0001622247655177489,-0.006099363230168819,0.0063862425740808275,0.1434112637842378,2.882194757461548,-0.003910689163096988,0.05138630980226061,-3.0227473871491384e-05,-0.0026490077842026946,0.0014834803063422442,0.29420787439203,3.0752670764923096,5.27672611407749e-05,0.05254629821778703,9.0498642748571e-06,-0.0012522781733423458,0.0011411131941713379,0.10431824807568886,5.080126762390137,-0.0002934549361157324,0.022198182827785844,-4.278814913050155e-06,-0.0005733851459808647,0.00047373180859722376,0.4555933100036835,4.980669021606445,-2.855934475631149e-05,0.03286170114215763,8.92278848141359e-07,-0.000517636362928897,0.0005283990758471191
F:\Seminario\Seminario-Clustering\datasets\davi\Al Emadi (2019)\Multiclass_Drone_Audio\unknown\3-124795-A-283.wav,Multiclass_Drone_Audio\unknown\3-124795-A-283.wav,al_emadi,3-124795-A-283,1.0216875,0.0,-0.0,0.0,0.0,0.0,0.0,0.0,0.0,-0.0,0.0,0.0,0.0,0.0,0.0,0.0,-0.0,0.0,0.0,0.0,0.0,0.0,0.0,-0.0,0.0,0.0,0.0,0.0,0.0,0.0,-0.0,0.0,0.0,0.0,0.0,0.0
F:\Seminario\Seminario-Clustering\datasets\davi\Al Emadi (2019)\Multiclass_Drone_Audio\unknown\4-186938-A-443.wav,Multiclass_Drone_Audio\unknown\4-186938-A-443.wav,al_emadi,4-186938-A-443,1.0216875,0.0,-0.0,0.0,0.0,0.0,0.0,0.0,0.0,-0.0,0.0,0.0,0.0,0.0,0.0,0.0,-0.0,0.0,0.0,0.0,0.0,0.0,0.0,-0.0,0.0,0.0,0.0,0.0,0.0,0.0,-0.0,0.0,0.0,0.0,0.0,0.0
F:\Seminario\Seminario-Clustering\datasets\davi\Al Emadi (2019)\Multiclass_Drone_Audio\bebop_1\B_S2_D1_084-bebop_004_.wav,Multiclass_Drone_Audio\bebop_1\B_S2_D1_084-bebop_004_.wav,al_emadi,B_S2_D1_084-bebop_004,0.896,0.823983139787092,8.502632141113281,0.005260478558722372,0.47938288760972214,0.013038749806582928,-0.5414685487747192,0.5570306777954102,0.01746317645012317,8.818656921386719,-0.00046146833082120705,0.06979135896221438,-0.0031312829814851284,-0.08712983131408691,0.08601676672697076,0.04016381024759018,9.775413513183594,0.0002441886932595905,0.07543763884522095,0.00030841707484796643,-0.09571654051542282,0.09795938283205033,0.07244454167750335,10.73978042602539,0.001039125716595817,0.07192092138757278,0.0012182026403024793,-0.09013316333293914,0.09212527722120284,0.04594533183769131,11.726723670959473,-4.1522492314453025e-05,0.040583374164149914,-0.0003903524484485388,-0.05202032215893269,0.0517177302390337
F:\Seminario\Seminario-Clustering\datasets\davi\Al Emadi (2019)\Multiclass_Drone_Audio\unknown\5-182012-A-360.wav,Multiclass_Drone_Audio\unknown\5-182012-A-360.wav,al_emadi,5-182012-A-360,1.0216875,0.38212980347980285,8.967672348022461,-0.010246136984236908,0.3790057113023394,-0.0008045917202252895,-0.5017844855785369,0.45474406778812426,0.1374368100272701,8.790176391601562,0.0021723072645102527,0.22736869295674159,0.007783514680340886,-0.2769681990146637,0.2697728008031845,0.061456289163883356,9.866549491882324,-0.0015738036951759434,0.1082284836024884,-0.004583357134833932,-0.1339646488428116,0.13362620770931244,0.1759670313951432,10.973536491394043,-0.000550990448361775,0.12994995312236365,0.0002783147356240079,-0.1690822660923004,0.16882493495941167,0.24301006593390048,11.956441879272461,-0.0009623803534570682,0.10816471436843485,-0.0002594706165837124,-0.14124992191791536,0.1385093048214913
F:\Seminario\Seminario-Clustering\datasets\davi\Al Emadi (2019)\Multiclass_Drone_Audio\unknown\1-30709-A-230.wav,Multiclass_Drone_Audio\unknown\1-30709-A-230.wav,al_emadi,1-30709-A-230,1.0216875,0.10843465462413819,8.81801700592041,0.00038014654382171985,0.1774417870955126,0.003686064505018294,-0.2169715493917465,0.21529625207185746,0.40242408982140393,8.613183975219727,0.014222377188613048,0.3415376604451245,-0.0021604999201372266,-0.3918832093477249,0.4418816149234775,0.3488286525050376,9.630230903625488,0.0004369987946823762,0.22656013337767705,0.0008069015748333186,-0.2792288511991501,0.2715436398983001,0.12086460710854714,10.358936309814453,0.0003670452199451299,0.0946203504133236,-0.0003609295963542536,-0.1078843057155609,0.1088807567954064,0.01944799594087314,11.400381088256836,-5.1956870147027215e-05,0.026884451051911853,-1.840548065956682e-05,-0.031266548484563825,0.03131289482116699
F:\Seminario\Seminario-Clustering\datasets\davi\Al Emadi (2019)\Multiclass_Drone_Audio\unknown\3-125548-A-322.wav,Multiclass_Drone_Audio\unknown\3-125548-A-322.wav,al_emadi,3-125548-A-322,0.97525,0.0376784704241992,8.582141876220703,0.000311449292709228,0.004641322746902618,0.0001540635057608597,-0.005202888557687402,0.006034922273829578,0.10328457289434483,7.400786399841309,0.00041894968718472644,0.007690329435819725,0.0001632519779377617,-0.005854336963966489,0.006987373949959873,0.4788593600578457,5.799779891967773,0.0007417394695136253,0.011788731697971264,0.00011927063314942643,-0.005604544747620821,0.00696127694100142,0.29412260856019473,7.7512593269348145,-6.443698681544436e-05,0.00656892172759613,1.572826204210287e-05,-0.0032248968025669453,0.0031668344046920545,0.08605498806341559,8.189563751220703,5.771971845609932e-06,0.002517092694928094,5.802198757010046e-07,-0.001130834687501192,0.0011547114700078964
F:\Seminario\Seminario-Clustering\datasets\davi\Al Emadi (2019)\Multiclass_Drone_Audio\unknown\2-28314-A-120.wav,Multiclass_Drone_Audio\unknown\2-28314-A-120.wav,al_emadi,2-28314-A-120,1.0216875,0.8000043640605743,8.695469856262207,3.178668709433831e-05,0.041639567350717596,0.00026032785535790026,-0.051212490722537043,0.04826824367046359,0.028052282403516333,8.542302131652832,7.3981588432005304e-06,0.0077972961570495795,6.555002983077429e-05,-0.00935501204803586,0.008850023057311775,0.01876816012501892,8.30080795288086,-3.735019502733797e-05,0.004540060780083979,-7.442493733833544e-05,-0.004227395867928863,0.004340566042810678,0.03609778758891023,5.453827857971191,7.259566856403544e-05,0.004466923694450164,4.7680357965873554e-05,-0.0025782107142731546,0.0027455338975414635,0.11707740582198024,6.855267524719238,2.877141194854696e-05,0.005698792974388889,3.728775823219621e-06,-0.002263076929375529,0.0023269600467756405
F:\Seminario\Seminario-Clustering\datasets\davi\Al Emadi (2019)\Multiclass_Drone_Audio\unknown\5-51149-A-254.wav,Multiclass_Drone_Audio\unknown\5-51149-A-254.wav,al_emadi,5-51149-A-254,0.95975,0.0,-0.0,0.0,0.0,0.0,0.0,0.0,0.0,-0.0,0.0,0.0,0.0,0.0,0.0,0.0,-0.0,0.0,0.0,0.0,0.0,0.0,0.0,-0.0,0.0,0.0,0.0,0.0,0.0,0.0,-0.0,0.0,0.0,0.0,0.0,0.0
F:\Seminario\Seminario-Clustering\datasets\davi\Al Emadi (2019)\Multiclass_Drone_Audio\bebop_1\B_S2_D1_096-bebop_003_.wav,Multiclass_Drone_Audio\bebop_1\B_S2_D1_096-bebop_003_.wav,al_emadi,B_S2_D1_096-bebop_003,1.024,0.9370636251008744,8.50429916381836,0.006399815103683141,0.8483138869361833,0.00047399927279911935,-0.9634331464767456,1.0033286809921265,0.02907695556124344,6.429797649383545,0.0018091958251580417,0.14942629878808086,-0.0022390324156731367,-0.08225954324007034,0.09097560495138168,0.009318157669145778,9.347152709960938,-0.000657118613049995,0.06023172550932417,0.0010100433137267828,-0.07066043466329575,0.06844172328710556,0.01313036981382572,10.940139770507812,0.0007852070548918517,0.05073197889102827,0.0013300642604008317,-0.06545043736696243,0.06488889008760453,0.011410891854910678,11.913496017456055,0.00010103316972391473,0.033502546493388394,0.00027987832436338067,-0.04265137203037739,0.04217821732163429
F:\Seminario\Seminario-Clustering\datasets\davi\Al Emadi (2019)\Multiclass_Drone_Audio\membo_1\mixed_membo_53-membo_004_.wav,Multiclass_Drone_Audio\membo_1\mixed_membo_53-membo_004_.wav,al_emadi,mixed_membo_53-membo_004,0.904,0.7320906191716805,8.78721809387207,-0.0012760902261666584,0.16675681535971146,-0.008933477103710175,-0.20742267370224,0.22240732610225677,0.10576111764858559,8.708610534667969,0.00021557500470483051,0.06338323300229971,0.0010377193102613091,-0.0801066979765892,0.08023419231176376,0.03384496421392834,9.782526016235352,-0.0005645348216751809,0.02554750601307625,-0.0007028694381006062,-0.03270420506596565,0.032061846554279315,0.06358255774091848,11.053681373596191,7.282850661924772e-05,0.024864756397506148,-6.119238241808489e-05,-0.03264785185456276,0.03280740976333618,0.06472074122488713,11.829788208007812,1.5767974658179695e-05,0.017773016123369904,1.2024296665913425e-05,-0.02318035624921322,0.023048258386552334
F:\Seminario\Seminario-Clustering\datasets\davi\Al Emadi (2019)\Multiclass_Drone_Audio\bebop_1\B_S2_D1_069-bebop_001_.wav,Multiclass_Drone_Audio\bebop_1\B_S2_D1_069-bebop_001_.wav,al_emadi,B_S2_D1_069-bebop_001,1.024,0.14650895635456546,8.626944541931152,0.0038067045922082743,0.09240962601666272,0.0021818734239786863,-0.10053017735481262,0.11355651170015335,0.05421952294656414,9.0171537399292,0.0010913135210406807,0.05625348750314387,0.0014823247911408544,-0.07086940854787827,0.07453268021345139,0.20769833316148406,9.975643157958984,-4.528047947687139e-05,0.07840999865438943,0.0010754507966339588,-0.1005838617682457,0.10300038009881972,0.3501675143851987,10.992148399353027,0.0010460689758123665,0.07223648826833792,0.0013593195471912622,-0.09122725576162337,0.09286533743143081,0.24140567315218764,11.947129249572754,0.0001407363975095352,0.04248740999209658,0.0006334355857688934,-0.05466335825622082,0.05404631793498993
F:\Seminario\Seminario-Clustering\datasets\davi\Al Emadi (2019)\Multiclass_Drone_Audio\unknown\2-209474-A-252.wav,Multiclass_Drone_Audio\unknown\2-209474-A-252.wav,al_emadi,2-209474-A-252,0.97525,0.6204802222616727,7.774875164031982,-0.033055694572230315,0.28823487734581565,-0.03261428698897362,-0.3476537764072418,0.2714849203824996,0.18155204907652772,7.3428521156311035,0.007092163856464548,0.15677490830854565,0.00048322473594453186,-0.12484066560864447,0.13947141766548157,0.17136194061985818,7.149860382080078,0.0003110598451765534,0.10859894777461428,0.0001805500069167465,-0.06299148201942444,0.06980496346950538,0.01998064244227741,9.313436508178711,-0.00012649249954998118,0.026314775266270535,6.549651880050078e-05,-0.022822937183082103,0.021879570186138172,0.006625145599663993,10.51865005493164,-6.878787152311257e-05,0.010733720362348551,-2.3584216251038015e-05,-0.010048816911876202,0.00987533014267683
F:\Seminario\Seminario-Clustering\datasets\davi\Al Emadi (2019)\Multiclass_Drone_Audio\unknown\3-154926-A-404.wav,Multiclass_Drone_Audio\unknown\3-154926-A-404.wav,al_emadi,3-154926-A-404,0.95975,0.0,-0.0,0.0,0.0,0.0,0.0,0.0,0.0,-0.0,0.0,0.0,0.0,0.0,0.0,0.0,-0.0,0.0,0.0,0.0,0.0,0.0,0.0,-0.0,0.0,0.0,0.0,0.0,0.0,0.0,-0.0,0.0,0.0,0.0,0.0,0.0
F:\Seminario\Seminario-Clustering\datasets\davi\Al Emadi (2019)\Multiclass_Drone_Audio\membo_1\mixed_membo_45-membo_000_.wav,Multiclass_Drone_Audio\membo_1\mixed_membo_45-membo_000_.wav,al_emadi,mixed_membo_45-membo_000,1.024,0.16073940135910492,9.309220314025879,-0.0003774213247767895,0.02841874852380014,-0.00021899522107560188,-0.037726402282714844,0.03607206791639328,0.0582817432259598,8.93593978881836,-2.9998640231192514e-05,0.017113848399539524,-0.00011184473987668753,-0.021698229014873505,0.021571967750787735,0.23605067909371202,9.993637084960938,0.00033148004875744246,0.024521482501252165,0.0010366543428972363,-0.031696324795484544,0.03214703798294067,0.22767644208321786,10.949034690856934,-0.0002839574292627659,0.0170880338930404,0.0003917632857337594,-0.02259302847087383,0.020838103815913202,0.3172517342380054,11.795830726623535,-5.4668966855541525e-06,0.01428958616842874,-0.00020121473062317818,-0.017153526656329632,0.017763488925993443
F:\Seminario\Seminario-Clustering\datasets\davi\Al Emadi (2019)\Multiclass_Drone_Audio\unknown\silence274.wav,Multiclass_Drone_Audio\unknown\silence274.wav,al_emadi,silence274,1.1145625,0.0,-0.0,0.0,0.0,0.0,0.0,0.0,0.0,-0.0,0.0,0.0,0.0,0.0,0.0,0.0,-0.0,0.0,0.0,0.0,0.0,0.0,0.0,-0.0,0.0,0.0,0.0,0.0,0.0,0.0,-0.0,0.0,0.0,0.0,0.0,0.0
F:\Seminario\Seminario-Clustering\datasets\davi\Al Emadi (2019)\Multiclass_Drone_Audio\membo_1\Membo_0_016-membo_004_.wav,Multiclass_Drone_Audio\membo_1\Membo_0_016-membo_004_.wav,al_emadi,Membo_0_016-membo_004,1.024,0.6297823860244923,9.477054595947266,0.0004927189866161518,0.08056868739961208,0.002017231658101082,-0.10354568064212799,0.1067400723695755,0.04840296990123025,8.985174179077148,2.0871945951799616e-05,0.022336491383867705,0.00017171035869978368,-0.028469765558838844,0.02770099602639675,0.06625613413821377,9.876029968261719,-9.295836683219576e-05,0.018607519636616904,-0.0002896199584938586,-0.02335785999894142,0.02336340807378292,0.12183839172555726,10.552637100219727,-9.417553079938216e-05,0.01790507451028899,-0.00017392178415320814,-0.020564274862408638,0.020498309284448627,0.13372011821050636,11.727191925048828,1.7296517407823338e-05,0.013286565643498142,7.85785487096291e-05,-0.01632314920425415,0.01620266307145357
F:\Seminario\Seminario-Clustering\datasets\davi\Al Emadi (2019)\Multiclass_Drone_Audio\unknown\3-161500-A-174.wav,Multiclass_Drone_Audio\unknown\3-161500-A-174.wav,al_emadi,3-161500-A-174,0.95975,0.23857410511190175,8.488090515136719,-0.002215868999597295,0.08417719257841123,-0.0009260975639335811,-0.10342277586460114,0.09660841152071953,0.3431334277566696,8.019859313964844,-0.0009095671544624052,0.10098272811094224,0.00047126963909249753,-0.10610633715987206,0.09986964613199234,0.19254983117130253,9.071334838867188,0.0003188665814910946,0.053875025555016866,0.0014835858601145446,-0.05966289602220058,0.05643959157168867,0.13045069610565976,9.82852554321289,-0.0001371932771772366,0.03147002374594709,-0.00016571911692153662,-0.03162251785397529,0.03155982568860054,0.09529193985446635,8.683626174926758,-0.00010485085985765516,0.019053446149968893,-3.0463758776022587e-05,-0.01294823307543993,0.012197611108422305
F:\Seminario\Seminario-Clustering\datasets\davi\Al Emadi (2019)\Multiclass_Drone_Audio\membo_1\Membo_0_005-membo_000_.wav,Multiclass_Drone_Audio\membo_1\Membo_0_005-membo_000_.wav,al_emadi,Membo_0_005-membo_000,1.024,0.8519775902675412,8.475237846374512,-0.00016024860583461085,0.1673522613526798,-0.0062709166668355465,-0.18333040177822113,0.18997341394424438,0.01790868720242543,9.018795013427734,-0.00018482773660423338,0.02426257968676543,-0.0006272821337915957,-0.030929679051041603,0.030949192121624947,0.030824168143768454,9.770976066589355,4.856680136363419e-05,0.022665438153432395,-0.0003926959470845759,-0.026951083168387412,0.027111496031284328,0.04608909180364052,10.69379997253418,-7.928384446397509e-05,0.019666369203908844,0.00018011043721344322,-0.023237734287977218,0.0232340294867754,0.053200462582624446,11.637472152709961,1.7156998566203686e-05,0.014966172339628428,0.00011795457976404577,-0.017864308319985867,0.01777393650263548
F:\Seminario\Seminario-Clustering\datasets\davi\Al Emadi (2019)\Multiclass_Drone_Audio\bebop_1\B_S2_D1_122-bebop_000_.wav,Multiclass_Drone_Audio\bebop_1\B_S2_D1_122-bebop_000_.wav,al_emadi,B_S2_D1_122-bebop_000,1.024,0.536278492752648,8.292612075805664,-0.002176653296869695,0.22723422137091065,-0.004339755047112703,-0.2483135163784027,0.24656344950199127,0.026731530150898995,8.991052627563477,-0.0014925083967482974,0.050713359703452005,-0.0012086337665095925,-0.0670599639415741,0.0635717436671257,0.10763903610253135,9.906435012817383,-0.0029777599356950214,0.07242997739355882,-0.004637052305042744,-0.09172544926404953,0.0871950030326843,0.19788751372745744,10.951007843017578,0.0001264980835191367,0.06974577092031259,-0.0008763310615904629,-0.08816675692796708,0.08928575813770294,0.13146342726646412,11.935004234313965,0.00013567920778484495,0.040265592112656796,-0.0005475767538882792,-0.05113547295331955,0.05190267413854599
F:\Seminario\Seminario-Clustering\datasets\davi\Al Emadi (2019)\Multiclass_Drone_Audio\unknown\4-165791-A-451.wav,Multiclass_Drone_Audio\unknown\4-165791-A-451.wav,al_emadi,4-165791-A-451,1.0216875,0.7048460648579509,8.715896606445312,0.013063376570584338,0.5288414345839024,0.03308302350342274,-0.6149806976318359,0.6551754474639895,0.26401548029485705,8.82882022857666,0.0017822453386862568,0.3237568188364734,-0.002006153343245387,-0.4011543422937393,0.39510351121425635,0.020036114428892454,9.761414527893066,-7.960701671786331e-05,0.06349252049343855,0.00016735557437641546,-0.07872101143002509,0.07895479723811148,0.009390017958629208,10.126266479492188,-0.00025221836005544294,0.030838618809694816,-0.0003098167653661221,-0.032133308798074724,0.03195533528923989,0.001712322459670368,11.288494110107422,7.650751290030172e-06,0.009328142126421652,3.056877085327869e-05,-0.009987963922321796,0.010140034649521113
F:\Seminario\Seminario-Clustering\datasets\davi\Al Emadi (2019)\Multiclass_Drone_Audio\unknown\1-16746-A-151.wav,Multiclass_Drone_Audio\unknown\1-16746-A-151.wav,al_emadi,1-16746-A-151,1.0216875,0.9608888806468376,6.202268123626709,1.1086335102262264e-05,0.00031778210471582056,0.0,-2.75926036920282e-05,3.33095173118642e-05,0.014946625869420338,6.097142696380615,5.159685377015583e-07,3.9654437255808143e-05,0.0,-5.584111931966616e-06,2.3997494054129176e-06,0.005406022361123466,7.26925802230835,2.801893730080046e-07,1.697626448965088e-05,0.0,-1.591797922628757e-06,3.075766881011062e-06,0.012498290257196266,8.183536529541016,-9.822321054919319e-08,1.831645647755769e-05,0.0,-1.5500141898883058e-06,2.1377896473495937e-06,0.006260180865422265,9.448004722595215,-3.098431601460446e-08,9.182050100502127e-06,0.0,-9.328215753612312e-07,5.408518745753123e-07
F:\Seminario\Seminario-Clustering\datasets\davi\Al Emadi (2019)\Multiclass_Drone_Audio\membo_1\Membo_0_005-membo_002_.wav,Multiclass_Drone_Audio\membo_1\Membo_0_005-membo_002_.wav,al_emadi,Membo_0_005-membo_002,1.024,0.5655176124716224,9.309327125549316,0.0014368288551439947,0.09631742286661645,0.006923272740095854,-0.12163829803466797,0.11936558783054352,0.08375074695080517,8.98379898071289,2.9807565211549192e-05,0.03707014843538676,0.00018598833412397653,-0.04755384474992752,0.04925810173153877,0.08805536246873978,9.897501945495605,-0.00010025314530773849,0.027064919801010178,8.643698674859479e-05,-0.03442388400435448,0.03471663221716881,0.12335189353947383,10.815242767333984,-6.883805779278378e-05,0.02273065589566918,0.00015871426148805767,-0.0290676049888134,0.028550371527671814,0.13932438456935886,11.8493013381958,-1.4508257634543297e-06,0.017111153578006546,0.00012020686699543148,-0.021908645518124104,0.021524842828512192
F:\Seminario\Seminario-Clustering\datasets\davi\Al Emadi (2019)\Multiclass_Drone_Audio\unknown\1-208757-B-20.wav,Multiclass_Drone_Audio\unknown\1-208757-B-20.wav,al_emadi,1-208757-B-20,1.0216875,0.3704802133346103,7.811333656311035,0.001266388804790651,0.41078089027224335,0.002776050241664052,-0.3787158131599426,0.4025490522384644,0.37960673536846595,8.029261589050293,0.002579231223007671,0.4158037417914247,-0.0044931042939424515,-0.4362267434597015,0.4603498488664628,0.14865531626481646,8.224996566772461,-0.00041982441101904607,0.18523553408199045,-0.0010873123537749052,-0.16656220704317093,0.15638433992862696,0.08101664756337226,9.702327728271484,0.00020427849480063497,0.0970244968578794,0.0001723314926493913,-0.09370457008481026,0.09541164636611942,0.020241087468735017,10.986145973205566,-3.573069772799608e-05,0.034350907088056784,-0.00012240348951308988,-0.03554980009794235,0.035457474365830424
F:\Seminario\Seminario-Clustering\datasets\davi\Al Emadi (2019)\Multiclass_Drone_Audio\unknown\3-170383-A-384.wav,Multiclass_Drone_Audio\unknown\3-170383-A-384.wav,al_emadi,3-170383-A-384,0.95975,0.9916308988821074,8.286490440368652,-0.00935791624242133,0.12305964635006544,-0.0011247653746977448,-0.17526426911354065,0.13093756139278412,0.002199314424185989,6.439297676086426,-6.035065315442842e-06,0.005812141000507524,-3.236524025851395e-05,-0.0019921412458643317,0.002238119952380657,0.0014764451653285582,6.632236480712891,3.554727113352461e-05,0.0033913127826426504,-4.147016852584784e-06,-0.0008625640533864498,0.0009723492199555045,0.0023826503375690045,6.868714332580566,-5.053833021875013e-05,0.0030570908365679327,9.002756655718258e-07,-0.000462231709389016,0.0004531030048383399,0.002310691190809045,7.150798797607422,1.2223107940115592e-05,0.0021329238346509973,1.0645058523550688e-06,-0.00027302331291139125,0.0002704628364881501
F:\Seminario\Seminario-Clustering\datasets\davi\Al Emadi (2019)\Multiclass_Drone_Audio\unknown\3-103051-A-191.wav,Multiclass_Drone_Audio\unknown\3-103051-A-191.wav,al_emadi,3-103051-A-191,1.0216875,0.9743644340976766,8.232259750366211,0.011655330680444678,0.1057008075851361,0.014824089594185352,-0.11207200065255164,0.13061266988515857,0.02446133448705934,8.377408981323242,0.00011521007519746066,0.01684891248745829,9.646290345699526e-05,-0.02083785180002451,0.02085615806281568,0.0010850029985892985,9.47875690460205,-8.743898541993947e-06,0.002526156177663767,-3.4127465369238053e-06,-0.0032857910031452776,0.003249285230413079,4.599171965134355e-05,10.796419143676758,-3.667066399138933e-06,0.0003689994756840639,3.4439480032233405e-06,-0.0004704798979219049,0.00044810461113229397,4.323669702347013e-05,11.914634704589844,2.833868962469668e-07,0.0002534309559954996,-2.3143524003899074e-06,-0.0003217936551664025,0.0003218335128622131
F:\Seminario\Seminario-Clustering\datasets\davi\Al Emadi (2019)\Multiclass_Drone_Audio\unknown\4-119647-C-483.wav,Multiclass_Drone_Audio\unknown\4-119647-C-483.wav,al_emadi,4-119647-C-483,1.0216875,0.6744093114004679,5.021358966827393,-0.0006473658514422622,0.13588204192841752,1.8921525224868674e-05,-0.040012453123927115,0.03953299671411518,0.2704644442814458,4.801364898681641,-0.0007739950509886957,0.08604838582949478,0.0001008694562187884,-0.014611467439681291,0.015776503086090105,0.05000840585906435,5.055788516998291,-0.00037242776261315,0.026338356141473986,-6.48921991341922e-06,-0.004913134733214974,0.004462063638493418,0.0042307536730353396,6.841712951660156,2.5380497872975758e-05,0.005435941536348239,3.6337308984002448e-06,-0.0024314908077940345,0.002333489106968047,0.0008870847859866173,8.142745018005371,-3.4787047780585355e-06,0.001763106878179138,9.394225344294682e-07,-0.0008819763606879859,0.0008896191779058427
F:\Seminario\Seminario-Clustering\datasets\davi\Al Emadi (2019)\Multiclass_Drone_Audio\membo_1\Membo_0_001-membo_002_.wav,Multiclass_Drone_Audio\membo_1\Membo_0_001-membo_002_.wav,al_emadi,Membo_0_001-membo_002,1.024,0.4341877703258958,9.438121795654297,0.0008739474454702372,0.08070624621327432,-0.0012712711468338966,-0.10424048453569412,0.10980380326509476,0.07908079482773249,9.005173683166504,-3.2474966979770346e-05,0.034445233833764584,0.00021922758605796844,-0.04388229548931122,0.04498612880706787,0.10727007973199504,9.951972007751465,-8.832617230364543e-05,0.02856490189525171,-0.0006054605473764241,-0.037165673822164534,0.037036020308732986,0.16339161831445803,10.903026580810547,-0.0004938232706940915,0.02501122739811669,-0.00042323171510361135,-0.032187752425670624,0.031095979735255255,0.21606973679991867,11.885175704956055,-2.7044113815439624e-07,0.020376350210976828,0.00035706133348867297,-0.026073538698256016,0.025462317280471325
F:\Seminario\Seminario-Clustering\datasets\davi\Al Emadi (2019)\Multiclass_Drone_Audio\unknown\4-163609-B-164.wav,Multiclass_Drone_Audio\unknown\4-163609-B-164.wav,al_emadi,4-163609-B-164,0.95975,0.9735198937900607,8.634735107421875,-0.000765551774072816,0.16620832762485502,-0.002725091530010104,-0.20235295593738556,0.1952413097023964,0.024520947751712784,8.213332176208496,-0.0002852390335383406,0.026377169676452754,-0.0003336147638037801,-0.02850700169801712,0.030279786325991154,0.0016515239127268943,9.439852714538574,5.7449550694169504e-05,0.0048751454714274,0.00011014335541403852,-0.005420061713084579,0.005701001547276974,0.00027387371917574787,10.74437141418457,5.4261499103325346e-06,0.001408969880534406,-1.4544946679961868e-05,-0.0016978043364360928,0.0018037797184661027,3.376082632395706e-05,11.837597846984863,-2.3173791437060493e-07,0.00035043721986724935,3.331796847305668e-07,-0.00044729270739480854,0.00045187858922872697
F:\Seminario\Seminario-Clustering\datasets\davi\Al Emadi (2019)\Multiclass_Drone_Audio\unknown\1-76831-C-422.wav,Multiclass_Drone_Audio\unknown\1-76831-C-422.wav,al_emadi,1-76831-C-422,0.97525,0.0026948324289331684,6.907505989074707,-0.0010982263821840356,0.08598983352972826,-0.001672471349593252,-0.06690281629562378,0.06330634355545044,0.334988983901115,7.574829578399658,0.02596952947478458,0.9584568015927534,0.004010848351754248,-0.816790759563446,0.9462083339691162,0.6097864779108735,9.753591537475586,0.0010298565189542743,0.9214156473584411,-0.01205876749008894,-1.1526351690292358,1.160432028770447,0.05111554394767498,10.08315658569336,-8.384464758497042e-05,0.189309820711855,0.0021035291720181704,-0.19129237085580825,0.18734942823648454,0.0014141618114034567,11.769420623779297,-3.0285564163952124e-06,0.022305285175250922,-0.00017270354146603495,-0.028062057681381702,0.028416480869054794
F:\Seminario\Seminario-Clustering\datasets\davi\Al Emadi (2019)\Multiclass_Drone_Audio\bebop_1\mixed_63-bebop_004_.wav,Multiclass_Drone_Audio\bebop_1\mixed_63-bebop_004_.wav,al_emadi,mixed_63-bebop_004,0.904,0.4785208533753219,8.845632553100586,-0.001674112215086626,0.2154918214029521,0.005630763713270426,-0.27347037196159363,0.2626190781593323,0.08231478637656418,8.789459228515625,-0.0024923400445001588,0.08934360623787194,-0.0011275085853412747,-0.11914297193288803,0.11015146225690842,0.08882303591608091,9.798190116882324,0.0016666884412797414,0.06614728966955283,0.0018509149085730314,-0.08170898705720901,0.08541637361049652,0.13005699072337268,10.678133010864258,-0.0011762742351255652,0.05682906087198087,-0.0008970933267846704,-0.07150809019804001,0.06950063556432724,0.22028433360866032,11.21060562133789,0.0001945906232641097,0.05240925008257749,0.0001475941935495939,-0.059936776757240295,0.05920119024813175
F:\Seminario\Seminario-Clustering\datasets\davi\Al Emadi (2019)\Multiclass_Drone_Audio\bebop_1\mixed_38-bebop_003_.wav,Multiclass_Drone_Audio\bebop_1\mixed_38-bebop_003_.wav,al_emadi,mixed_38-bebop_003,1.024,0.746863849342794,7.969255447387695,-0.005457717229171987,0.21699299972387848,-0.004244096111506224,-0.24710650742053986,0.1996067613363266,0.02267048103120346,8.948410034179688,-0.0018128252205556656,0.0377740135646615,-0.0037795647513121367,-0.05134255066514015,0.04809410870075226,0.050413865619466924,9.93284797668457,-0.0004428167804899296,0.04015250478585587,0.0004594634519889951,-0.05438819974660873,0.050047848373651505,0.11004454106629295,10.964720726013184,6.111261513799072e-05,0.04209757251056593,-0.0002314027224201709,-0.0539190724492073,0.054280057549476624,0.07000726294024258,11.906427383422852,2.347503151360964e-05,0.023783145516997187,-0.00011334860391798429,-0.03018711693584919,0.030372546054422855
F:\Seminario\Seminario-Clustering\datasets\davi\Al Emadi (2019)\Multiclass_Drone_Audio\bebop_1\mixed_14-bebop_001_.wav,Multiclass_Drone_Audio\bebop_1\mixed_14-bebop_001_.wav,al_emadi,mixed_14-bebop_001,1.024,0.4455041963447864,9.051196098327637,-0.0017549260164802583,0.10667750007440885,-0.003632156876847148,-0.14125363528728485,0.13699130713939667,0.06718055412320244,9.016751289367676,-0.00024616927767471413,0.04143046674265863,-5.7580673455959186e-05,-0.05407154932618141,0.051562849432229996,0.13008968921678174,9.973480224609375,-0.002163748414458774,0.040994417973600476,-0.0032616883981972933,-0.05417846292257309,0.04964471012353897,0.2131222816660601,10.964265823364258,0.0009088070988320108,0.03727365515537018,0.0003654018510133028,-0.04660460948944092,0.04904127717018128,0.14410327864916933,11.950675010681152,1.6247511710180264e-06,0.02171592028731785,0.0003160149935865775,-0.027993720024824142,0.027586850337684155
F:\Seminario\Seminario-Clustering\datasets\davi\Al Emadi (2019)\Multiclass_Drone_Audio\bebop_1\mixed_64-bebop_000_.wav,Multiclass_Drone_Audio\bebop_1\mixed_64-bebop_000_.wav,al_emadi,mixed_64-bebop_000,1.024,0.15624458459519622,8.438924789428711,0.000666677483430761,0.055368728275896964,-0.000108684653241653,-0.06269828230142593,0.06128925457596779,0.17132258590263266,7.393129348754883,-0.00019475059427616592,0.05798269418979365,0.00010440951155032963,-0.053316399455070496,0.05196300521492958,0.23370779492652194,9.851733207702637,-0.0007273511366316642,0.048215028428419064,-0.0016903417417779565,-0.059618450701236725,0.06053954362869263,0.2762666762967503,10.900773048400879,-7.677023866157509e-05,0.03720213018396109,0.00028941701748408377,-0.04661904126405716,0.04818267077207566,0.1624583582788989,11.9256010055542,-5.71600141263162e-05,0.020206841424805146,-0.0001732054734020494,-0.025686663575470448,0.025638877414166927
F:\Seminario\Seminario-Clustering\datasets\davi\Al Emadi (2019)\Multiclass_Drone_Audio\bebop_1\B_S2_D1_125-bebop_001_.wav,Multiclass_Drone_Audio\bebop_1\B_S2_D1_125-bebop_001_.wav,al_emadi,B_S2_D1_125-bebop_001,1.024,0.8673396489090093,8.659494400024414,5.90860057661184e-05,0.5261594304388032,-0.01956748776137829,-0.5999462604522705,0.6333858966827393,0.008392672052759927,8.7293701171875,-2.29565138502156e-05,0.05175744587515831,-0.001115376828238368,-0.06255082041025162,0.06254294514656067,0.02938119169366105,9.897892951965332,0.003128896578838563,0.068882927287061,0.0038847022224217653,-0.08515282869338989,0.08974500298500061,0.05722435204326417,10.904890060424805,0.001275409553457835,0.06827290182285277,0.0025154424365609884,-0.0858111172914505,0.08669752180576326,0.037662135301305584,11.916647911071777,0.00011317326242101871,0.03923819402102531,0.00014844409452052787,-0.04977556690573692,0.050799423828721046
F:\Seminario\Seminario-Clustering\datasets\davi\Al Emadi (2019)\Multiclass_Drone_Audio\bebop_1\mixed_45-bebop_000_.wav,Multiclass_Drone_Audio\bebop_1\mixed_45-bebop_000_.wav,al_emadi,mixed_45-bebop_000,1.024,0.5360093972586218,8.585186004638672,0.0001461655948799348,0.11921070558081212,-0.0048994263634085655,-0.1340654492378235,0.14984898269176483,0.033686563901091676,9.013849258422852,0.0006298636680739851,0.029878669550605242,0.0006636836333200336,-0.038916610181331635,0.03835992515087128,0.11290321476625237,9.960163116455078,-0.0013684680203821544,0.03893284267103504,-0.0021955787669867277,-0.05082228034734726,0.04841235280036926,0.18270042090119304,10.926173210144043,0.0005304477605870147,0.03516095379727378,0.0013593485346063972,-0.04505550637841224,0.04455899372696877,0.1347004031728411,11.926045417785645,-4.885082901023014e-05,0.02138692312235763,-7.183381603681482e-05,-0.027173777110874653,0.026863256469368935
F:\Seminario\Seminario-Clustering\datasets\davi\Al Emadi (2019)\Multiclass_Drone_Audio\bebop_1\B_S2_D1_104-bebop_003_.wav,Multiclass_Drone_Audio\bebop_1\B_S2_D1_104-bebop_003_.wav,al_emadi,B_S2_D1_104-bebop_003,1.024,0.594633229605127,7.714864253997803,0.014034431834983917,0.27684028141588424,0.0009747620206326246,-0.21265555918216705,0.2691415250301361,0.03578069767756716,9.004924774169922,-0.0025975884591034532,0.06794685285746405,-0.0009680323419161141,-0.09232069551944733,0.08186103403568268,0.08348276810889377,9.962011337280273,-0.0005448957647615634,0.07395208086242992,0.00025738708791323006,-0.09465798288583754,0.09390690177679062,0.17450895294097357,10.928045272827148,0.001184640718256158,0.0758628053270463,0.000808455515652895,-0.09363264590501785,0.09855327606201172,0.11159435166743846,11.929320335388184,-6.782538287621536e-05,0.04297523142487371,9.275776028516702e-05,-0.05491895601153374,0.054629892110824585
F:\Seminario\Seminario-Clustering\datasets\davi\Al Emadi (2019)\Multiclass_Drone_Audio\unknown\4-171396-A-244.wav,Multiclass_Drone_Audio\unknown\4-171396-A-244.wav,al_emadi,4-171396-A-244,0.95975,0.3440993627836631,4.075657367706299,-0.0005207398766150513,0.035989863420957224,-0.0004061832296429202,-0.0027833294589072466,0.0010931265424005687,0.41346802739667726,5.067100524902344,-0.00029072338553929033,0.03945416929888805,-3.1827476050239056e-06,-0.0076341654639691114,0.005227585090324283,0.08734942369940071,5.5080952644348145,-0.0002503481123552663,0.012912861249570792,-2.811743911479425e-06,-0.000907551636919379,0.0008057260827627044,0.13946956040586214,6.22557258605957,-0.00011396911960829414,0.011581031045861107,1.5705820715083973e-06,-0.0007131235091947017,0.0008241404430009419,0.015613625714396792,7.037606716156006,8.504781507220259e-07,0.0027450761867597252,-3.5857819113971345e-07,-0.00019516223546816035,0.00018414416554151107
F:\Seminario\Seminario-Clustering\datasets\davi\Al Emadi (2019)\Multiclass_Drone_Audio\membo_1\mixed_membo_48-membo_003_.wav,Multiclass_Drone_Audio\membo_1\mixed_membo_48-membo_003_.wav,al_emadi,mixed_membo_48-membo_003,1.024,0.7046841657507702,8.98476505279541,0.0015872266388661876,0.06583875673926042,0.0012460376601666212,-0.08329571038484573,0.08790377527475357,0.036307116711071764,9.037153244018555,-0.00015777046224186005,0.014947969642269607,0.0001424705988029018,-0.018929870799183846,0.019052734598517418,0.05458795273988083,9.963943481445312,1.4894244319483181e-05,0.013051497573342622,-0.0002547567128203809,-0.016101513430476187,0.016696205362677574,0.12240191077619722,10.790966987609863,4.7374427967075194e-05,0.013867973508441277,5.8732464822242036e-05,-0.017184749618172644,0.01725177392363549,0.08201885402207998,11.885455131530762,8.082327846492096e-06,0.008040864885209043,-4.070011527801398e-05,-0.01002413872629404,0.010041581932455301
F:\Seminario\Seminario-Clustering\datasets\davi\Al Emadi (2019)\Multiclass_Drone_Audio\unknown\4-210593-A-291.wav,Multiclass_Drone_Audio\unknown\4-210593-A-291.wav,al_emadi,4-210593-A-291,1.0216875,0.901615371554803,5.50462532043457,-0.003802137269334159,0.04635221904143004,-0.0035418925108388066,-0.029708331823348998,0.021734061092138292,0.03132787060361152,6.247913360595703,-4.022881174245663e-05,0.0086691561320582,5.669644451700151e-05,-0.006445221742615103,0.006518486421555281,0.011827331769476512,8.770811080932617,9.673481795126539e-06,0.003791957042708792,-2.6709418307291344e-05,-0.0036732760490849614,0.0036782056326046583,0.03264917249648709,6.544491767883301,-2.1334305717743695e-05,0.00447005255954199,2.835644227161538e-05,-0.002149084606207907,0.002184774889610708,0.02258025357562191,6.063270092010498,9.092069669141371e-07,0.002633129087400189,6.757809615010046e-06,-0.0011493695434182881,0.001165510411374271
F:\Seminario\Seminario-Clustering\datasets\davi\Al Emadi (2019)\Multiclass_Drone_Audio\unknown\5-238492-A-234.wav,Multiclass_Drone_Audio\unknown\5-238492-A-234.wav,al_emadi,5-238492-A-234,0.95975,0.0,-0.0,0.0,0.0,0.0,0.0,0.0,0.0,-0.0,0.0,0.0,0.0,0.0,0.0,0.0,-0.0,0.0,0.0,0.0,0.0,0.0,0.0,-0.0,0.0,0.0,0.0,0.0,0.0,0.0,-0.0,0.0,0.0,0.0,0.0,0.0
F:\Seminario\Seminario-Clustering\datasets\davi\Al Emadi (2019)\Multiclass_Drone_Audio\unknown\silence199.wav,Multiclass_Drone_Audio\unknown\silence199.wav,al_emadi,silence199,1.1145625,0.0,-0.0,0.0,0.0,0.0,0.0,0.0,0.0,-0.0,0.0,0.0,0.0,0.0,0.0,0.0,-0.0,0.0,0.0,0.0,0.0,0.0,0.0,-0.0,0.0,0.0,0.0,0.0,0.0,0.0,-0.0,0.0,0.0,0.0,0.0,0.0
F:\Seminario\Seminario-Clustering\datasets\davi\Al Emadi (2019)\Multiclass_Drone_Audio\bebop_1\mixed_1-bebop_000_.wav,Multiclass_Drone_Audio\bebop_1\mixed_1-bebop_000_.wav,al_emadi,mixed_1-bebop_000,1.024,0.29175623242468,8.938888549804688,0.004979978755218811,0.16694912468309306,0.01092501450330019,-0.20305760204792023,0.2116708904504776,0.4285436223998002,8.65688705444336,0.00018448586494467583,0.20242517416814382,0.0020740602631121874,-0.25398415327072144,0.2396094799041748,0.13531175336940782,9.593921661376953,0.0006304942540777466,0.0809885273546896,0.0002126080507878214,-0.09415195286273956,0.09536544233560561,0.10935164283659139,10.803988456726074,-0.00025661904484678994,0.05166369054900542,-0.00013172988838050514,-0.06363376975059509,0.06368143558502197,0.035036748969520574,11.942216873168945,5.372431154256958e-05,0.0207139651074634,-5.293915273796301e-05,-0.026573386043310165,0.026614408940076828
F:\Seminario\Seminario-Clustering\datasets\davi\Al Emadi (2019)\Multiclass_Drone_Audio\unknown\3-143933-A-384.wav,Multiclass_Drone_Audio\unknown\3-143933-A-384.wav,al_emadi,3-143933-A-384,0.95975,0.26937110012439247,8.75253677368164,-0.0007026182704055672,0.019374442269963696,-0.0010496667819097638,-0.023760945536196232,0.022944200783967972,0.02472155206117064,5.173881530761719,-0.00034790951371540196,0.005862916329717688,-1.9280106187125057e-06,-0.002674927352927625,0.0026809696573764086,0.14170247424178092,5.273612976074219,0.00010941218250106305,0.010013646474382049,-2.6991301638190635e-07,-0.0011096497415564953,0.0011137077119201424,0.4771926082006961,5.573338508605957,8.76998998325147e-05,0.013041302535068503,-1.1333600014040712e-05,-0.0006463988102041185,0.0006413431023247538,0.0870122653719599,6.814978122711182,8.39945474312642e-06,0.003945001539198277,1.7132460357061063e-06,-0.0004257798835169524,0.00042101625876966864
F:\Seminario\Seminario-Clustering\datasets\davi\Al Emadi (2019)\Multiclass_Drone_Audio\membo_1\Membo_0_002-membo_003_.wav,Multiclass_Drone_Audio\membo_1\Membo_0_002-membo_003_.wav,al_emadi,Membo_0_002-membo_003,1.024,0.6216520195351071,9.489385604858398,0.00014990992419390645,0.08553539896572412,0.0012438225094228983,-0.11438854783773422,0.11416710168123245,0.049539045414515696,9.162775993347168,7.83074122242729e-05,0.024145957105481796,0.00040065322536975145,-0.031218988820910454,0.03234562277793884,0.050855514689015065,9.804492950439453,7.394511417696759e-05,0.017419661043202354,0.0001605628931429237,-0.021248838305473326,0.02119539827108383,0.10333544854226347,10.871031761169434,0.00013994457552491727,0.01761954852847897,0.00034249588497914374,-0.02229836694896221,0.022186301648616798,0.17461797181909874,11.885064125061035,6.6883530033179974e-06,0.01622381195586656,-5.51949178770883e-05,-0.020650867372751236,0.02083999663591385
F:\Seminario\Seminario-Clustering\datasets\davi\Al Emadi (2019)\Multiclass_Drone_Audio\unknown\5-253094-A-492.wav,Multiclass_Drone_Audio\unknown\5-253094-A-492.wav,al_emadi,5-253094-A-492,0.97525,0.17558630460425378,7.58226203918457,0.008064473609263082,0.23283980161257714,-0.0028527441900223494,-0.1819679945707321,0.21153455525636666,0.11474922308405273,7.875496864318848,0.005552877560974761,0.18826008405749728,0.0041384208016097546,-0.1819793492555618,0.21100542396306982,0.23231342256074747,8.811705589294434,3.914085984537382e-05,0.1908796632782464,-0.0018839805852621794,-0.19059911668300628,0.19473898112773896,0.352293333707721,9.752312660217285,0.0005943081798529871,0.16680218393905474,0.00019060421618632972,-0.16993975192308425,0.16589117199182513,0.12505771604322502,10.771498680114746,1.4176402667594876e-05,0.07039941395589178,-0.00012614469596883282,-0.06780926883220673,0.07033977657556534
F:\Seminario\Seminario-Clustering\datasets\davi\Al Emadi (2019)\Multiclass_Drone_Audio\bebop_1\mixed_65-bebop_000_.wav,Multiclass_Drone_Audio\bebop_1\mixed_65-bebop_000_.wav,al_emadi,mixed_65-bebop_000,1.024,0.5965056730710884,6.703028678894043,-0.0018960666760775193,0.1299515636306708,-0.0006996339070610702,-0.11677484959363937,0.11298157274723053,0.04032234008363776,7.800082206726074,-0.0009046219672851712,0.03377828705340725,-0.00027126059285365045,-0.030948441475629807,0.031628478318452835,0.1005552264496031,9.736396789550781,0.0004887817180768711,0.03799168208380654,5.062046693637967e-05,-0.044056438654661176,0.045840964466333387,0.14902366687244584,10.967503547668457,0.0005390180794542742,0.03281711620312779,-6.745579594280571e-05,-0.04141730889678001,0.04249618276953697,0.1135930935232249,11.862351417541504,-8.000709703925971e-06,0.020297005608527943,0.0002604426263133064,-0.025747771374881268,0.025622176937758923
F:\Seminario\Seminario-Clustering\datasets\davi\Al Emadi (2019)\Multiclass_Drone_Audio\unknown\5-184871-A-240.wav,Multiclass_Drone_Audio\unknown\5-184871-A-240.wav,al_emadi,5-184871-A-240,1.0216875,0.3985878274883537,7.249635219573975,0.0009323904829309049,0.5420578910888312,0.00030306392000056803,-0.4490802228450775,0.413200363516808,0.18868171341910023,7.2872796058654785,0.002666866644280824,0.37293925020183605,-1.928583787957905e-05,-0.34248519539833067,0.34537925720214874,0.2937788741235187,8.463513374328613,-0.0023095982267708173,0.33127554349113236,1.8616926809045253e-06,-0.2765392243862152,0.2842750281095504,0.05453042552168427,9.371602058410645,0.0023043790845342503,0.10124105788050339,7.834335974621354e-06,-0.08549888283014297,0.09199050888419152,0.06442115944734307,10.149187088012695,-0.0002458369735140313,0.07796292236524521,-5.516297676422255e-07,-0.05978581830859184,0.060139162838459014
F:\Seminario\Seminario-Clustering\datasets\davi\Al Emadi (2019)\Multiclass_Drone_Audio\membo_1\Membo_0_003-membo_002_.wav,Multiclass_Drone_Audio\membo_1\Membo_0_003-membo_002_.wav,al_emadi,Membo_0_003-membo_002,1.024,0.40904503733894143,9.145052909851074,-0.0009275454368745685,0.10025211557214093,0.0012631159042939544,-0.12516972422599792,0.12236844748258591,0.05207711536159991,9.061216354370117,0.0003059882510016047,0.03577124991864554,-0.0013539326610043645,-0.04482581466436386,0.04709712788462639,0.13382510092800926,9.978357315063477,-0.0008867280640242342,0.04082203057008568,-0.00028674417990259826,-0.05390029177069664,0.05257032215595245,0.19354675575630398,10.908149719238281,2.49773797162915e-05,0.03484418569362722,-0.0012337933294475079,-0.04396594241261482,0.04406084641814232,0.21150599061514544,11.874533653259277,-1.577266164126593e-05,0.025800218862021527,3.8412612411775626e-05,-0.03207074850797653,0.03233828768134117
F:\Seminario\Seminario-Clustering\datasets\davi\Al Emadi (2019)\Multiclass_Drone_Audio\unknown\2-184077-A-494.wav,Multiclass_Drone_Audio\unknown\2-184077-A-494.wav,al_emadi,2-184077-A-494,0.95975,0.6569859128477495,8.450515747070312,0.00028841553873885006,0.04466063216830109,0.0013790230150334537,-0.05067821592092514,0.051690010353922844,0.24324037728112913,6.821955680847168,0.00035429292655813,0.02717295216793375,-0.00015615960001014173,-0.020744768902659416,0.02313253842294216,0.0664131126768342,8.101372718811035,9.1824959913711e-05,0.010112423948081489,4.3598844058578834e-05,-0.008695068303495646,0.008597631938755512,0.02160576815457427,9.508370399475098,6.229727814803327e-05,0.004092939009535142,4.436990639078431e-05,-0.003713471465744078,0.004020840302109718,0.01175482903971286,10.734170913696289,2.751737925781096e-06,0.002138860742890542,8.669814178574597e-06,-0.0021582938730716704,0.0021588059142231947
F:\Seminario\Seminario-Clustering\datasets\davi\Al Emadi (2019)\Multiclass_Drone_Audio\membo_1\mixed_membo_43-membo_004_.wav,Multiclass_Drone_Audio\membo_1\mixed_membo_43-membo_004_.wav,al_emadi,mixed_membo_43-membo_004,0.904,0.5396961245009706,8.571179389953613,0.0003975775141271032,0.04987942424630174,-0.0013500404311344028,-0.05837506055831909,0.05955900624394417,0.18435433287137445,8.785201072692871,-0.0004232866221291231,0.029150195772896268,-0.00032329605892300606,-0.0357571505010128,0.03726380318403244,0.11382259702658902,9.855535507202148,0.00013791729554910452,0.016324990535885424,0.00010883453796850517,-0.020747753232717513,0.02111397311091423,0.09589314727384024,10.727860450744629,-2.512166462278099e-05,0.010637910905148573,-3.063329495489597e-05,-0.013722079806029795,0.01327120400965214,0.06623379832722572,11.611217498779297,7.433339240346473e-06,0.00626362515852324,2.0906393729092088e-05,-0.007713050348684192,0.007685615913942456
F:\Seminario\Seminario-Clustering\datasets\davi\Al Emadi (2019)\Multiclass_Drone_Audio\membo_1\Membo_1_000-membo_000_.wav,Multiclass_Drone_Audio\membo_1\Membo_1_000-membo_000_.wav,al_emadi,Membo_1_000-membo_000,1.024,0.7848903953505605,7.446930408477783,-0.0032436602931982055,0.2408716549779677,-0.0050097121857106686,-0.17642059922218323,0.14983384311199188,0.07716286983812168,8.24329948425293,-0.0012764488176986988,0.07552012791928862,-0.00013522320659831166,-0.09080089628696442,0.0920320376753807,0.03978144271251468,9.188018798828125,-0.00032169263420869944,0.03861423710144876,0.00011033105693059042,-0.04780944287776947,0.04631696417927742,0.057698780247767395,10.140033721923828,0.00046437705856511806,0.032996798340212734,1.1683582670229953e-05,-0.04035840481519699,0.03895818740129471,0.0404665118510358,11.05347728729248,2.8150983122520635e-05,0.019575082016825826,6.8697456754307495e-06,-0.022170811891555786,0.023065359331667423
F:\Seminario\Seminario-Clustering\datasets\davi\Al Emadi (2019)\Multiclass_Drone_Audio\unknown\1-115920-A-222.wav,Multiclass_Drone_Audio\unknown\1-115920-A-222.wav,al_emadi,1-115920-A-222,0.97525,0.028636803636892975,8.278463363647461,0.0006878634928880787,0.019430536339777912,0.0008271053084172308,-0.02064134106040001,0.026954948157072063,0.1871569499501773,6.2298688888549805,0.0022594850798769214,0.04965331876248661,-4.933190575684421e-05,-0.03167040925472974,0.035192005708813666,0.42176945749642836,7.816890239715576,0.00036519629384958787,0.05314618769258042,-3.167855538777076e-05,-0.0411514051258564,0.04683414548635486,0.2851219177704215,8.191826820373535,-0.00033730147201233967,0.031007316495929315,-5.053369932284113e-05,-0.022116535343229767,0.022279575094580655,0.07731487114607982,6.855351448059082,-0.00014276802301938649,0.011437569827445329,-2.859853793779621e-06,-0.005518008256331086,0.005142073379829526
F:\Seminario\Seminario-Clustering\datasets\davi\Al Emadi (2019)\Multiclass_Drone_Audio\bebop_1\B_S2_D1_099-bebop_004_.wav,Multiclass_Drone_Audio\bebop_1\B_S2_D1_099-bebop_004_.wav,al_emadi,B_S2_D1_099-bebop_004,0.896,0.8849311374692099,8.488670349121094,0.014926220160483445,0.604394717614323,0.0037469668313860893,-0.7234420895576477,0.7911546826362613,0.008369818254914044,8.715068817138672,-0.000989101635683671,0.05878883643887615,0.0007403182680718601,-0.0755065530538559,0.06870386749506,0.02712472156879308,9.716394424438477,-0.005093453399861067,0.07526831926677445,-0.004651814699172974,-0.0996023803949356,0.09151141345500952,0.047931631324283526,10.717607498168945,-0.0003307685232218713,0.07119556770889612,-0.0001591526815900579,-0.09166618883609771,0.08911886662244796,0.03164269138279943,11.729686737060547,-5.6253637949721713e-05,0.040983849068496725,0.00018101223395206034,-0.052429410815238955,0.05179780870676041
F:\Seminario\Seminario-Clustering\datasets\davi\Al Emadi (2019)\Multiclass_Drone_Audio\unknown\4-213193-A-290.wav,Multiclass_Drone_Audio\unknown\4-213193-A-290.wav,al_emadi,4-213193-A-290,1.0216875,0.7208240523203128,4.6331682205200195,-0.0001842175824854531,0.021715600827219184,-9.579715333529748e-05,-0.002530780294910073,0.002171949576586493,0.18380340099370518,3.4859893321990967,-2.0321428706061733e-05,0.010966015015490525,5.9238877838652115e-06,-0.0010947134112939234,0.002047801180742682,0.07425866963981474,5.728955268859863,5.1927485317845305e-05,0.004961671403999963,1.6485968217239133e-06,-0.0008655776327941566,0.0011518106679432084,0.01843443028182119,5.987227439880371,4.0272843079779705e-05,0.0017536325445526213,-6.088332895615167e-07,-0.0002531788806663826,0.0003294038993772123,0.0026794467643460646,6.994546413421631,6.141967084731409e-07,0.000473681868325448,-8.161340758761071e-07,-9.073953333427197e-05,9.373386492370631e-05
F:\Seminario\Seminario-Clustering\datasets\davi\Al Emadi (2019)\Multiclass_Drone_Audio\unknown\2-64963-A-153.wav,Multiclass_Drone_Audio\unknown\2-64963-A-153.wav,al_emadi,2-64963-A-153,1.0216875,0.009074680297192238,8.73935317993164,-0.00022011714702880065,0.004982488003751631,-0.00015443230950040743,-0.006059817085042596,0.005463031679391864,0.015762054535038397,8.15102767944336,-3.088807006375327e-05,0.006572878233258118,-6.947552719793748e-06,-0.007129393704235554,0.007123764511197807,0.2624730604242214,7.015764236450195,0.0003856491732395466,0.01909031586184559,0.00010380376625107601,-0.00938912210986018,0.009396746009588241,0.6904247780671307,7.76897668838501,6.659896159168952e-05,0.02197230440628835,3.1072670481080422e-06,-0.0069932266604155295,0.006483382917940623,0.02226542667641732,5.922658443450928,-1.1758374998708759e-06,0.0027948673329796685,8.826896760183445e-07,-0.0004550637357169762,0.0004800219350727279
F:\Seminario\Seminario-Clustering\datasets\davi\Al Emadi (2019)\Multiclass_Drone_Audio\unknown\1-28005-A-180.wav,Multiclass_Drone_Audio\unknown\1-28005-A-180.wav,al_emadi,1-28005-A-180,1.0216875,0.30253956330371096,8.288097381591797,0.00814461988337624,0.5075837811824652,-0.008911898825317621,-0.5424437999725342,0.581914460659028,0.19769368742786697,8.028581619262695,0.006959136882355883,0.410304709920855,-0.0007101716182660311,-0.4185064047574997,0.47318924665451056,0.31268206548673094,9.195682525634766,-0.00870918098696572,0.3672885322950325,0.002219422603957355,-0.4124009132385254,0.38893930912017816,0.13878021334529034,10.05050277709961,0.0013617317121833487,0.17365544404941693,0.0004884532536379993,-0.1892175942659378,0.19326464235782637,0.0483044704364008,10.749136924743652,8.886652348367288e-06,0.07257013840160322,9.190887794829905e-05,-0.07085321843624115,0.07217582166194916
F:\Seminario\Seminario-Clustering\datasets\davi\Al Emadi (2019)\Multiclass_Drone_Audio\unknown\5-198891-A-80.wav,Multiclass_Drone_Audio\unknown\5-198891-A-80.wav,al_emadi,5-198891-A-80,1.0216875,0.21866453378670725,7.745670318603516,-1.559912705502272e-05,0.018145287680000306,7.50688213884132e-05,-0.015562144573777914,0.01597892250865698,0.30066625287206517,7.341365337371826,0.00011774124967287936,0.021277007083566994,-2.2269028704613447e-05,-0.017173937521874905,0.01896549146622421,0.23068310750828416,8.67202377319336,1.0315550418904572e-05,0.013267465594446944,0.00015671629080316052,-0.01179122282192111,0.011493368353694676,0.2073612659215811,9.645955085754395,-3.0450275623228178e-05,0.008924862822120475,3.1782718679096433e-06,-0.008948350232094523,0.008051300048828126,0.04262483991136232,10.373401641845703,3.5992891632367594e-06,0.002866141181798081,-3.387379337027596e-07,-0.00225653990637511,0.002224728791043163
F:\Seminario\Seminario-Clustering\datasets\davi\Al Emadi (2019)\Multiclass_Drone_Audio\unknown\1-115545-C-481.wav,Multiclass_Drone_Audio\unknown\1-115545-C-481.wav,al_emadi,1-115545-C-481,1.0216875,0.3848157261598914,7.731657981872559,-0.00031704555051020243,0.04795201104329811,-0.001931713311932981,-0.044830795004963876,0.04579808562994003,0.39428256397605466,6.630967617034912,0.0005554446675290375,0.048536142778360845,0.0003628992271842435,-0.032353219389915464,0.0361683323979378,0.21174770359299977,7.5125274658203125,0.00027489666014124755,0.025320893008042755,0.00021084889158373699,-0.016814335994422436,0.016652853041887274,0.008949224224614558,9.531293869018555,-1.2544926490026458e-05,0.0036935630423126516,-1.4513856513076462e-05,-0.0033318332163617,0.0032005751971155433,0.00020478204643960976,10.193365097045898,5.321728649606914e-08,0.0003957560350861155,7.772306105380267e-07,-0.0003174454875988886,0.0003199398954166102
F:\Seminario\Seminario-Clustering\datasets\davi\Al Emadi (2019)\Multiclass_Drone_Audio\unknown\1-5996-A-63.wav,Multiclass_Drone_Audio\unknown\1-5996-A-63.wav,al_emadi,1-5996-A-63,1.0216875,0.015286826421830027,7.218402862548828,-0.0041795078825057905,0.05830005458183417,-0.0006797676614951342,-0.054402516409754756,0.05125500559806825,0.09748785687311151,7.761488914489746,0.00040290279745397326,0.14760363573115406,0.0013283316511660814,-0.13886000365018844,0.13456052541732802,0.6341899823776368,6.903315544128418,0.014676307202776986,0.2676001313910394,0.0006768616731278598,-0.07761949449777603,0.08960259184241294,0.22925707254673533,7.854212760925293,0.001069167916110624,0.11432237697383943,0.0001418560350430198,-0.03185574375092983,0.03094448205083609,0.023778261780686285,8.31186294555664,3.816858474826722e-05,0.026079828404363233,1.10023306660878e-05,-0.0041922332718968384,0.004213827708736063
F:\Seminario\Seminario-Clustering\datasets\davi\Al Emadi (2019)\Multiclass_Drone_Audio\unknown\3-130998-A-281.wav,Multiclass_Drone_Audio\unknown\3-130998-A-281.wav,al_emadi,3-130998-A-281,1.0216875,0.9895603537349402,8.083332061767578,-0.005979724586681367,0.29363301306805667,-0.002006485592573881,-0.3093336820602417,0.29425300955772404,0.004998882598727303,8.22415542602539,0.00020951343580121872,0.02087316794403065,0.0005998425185680389,-0.023154928535223007,0.023683159053325655,0.0018211295954458718,9.500243186950684,-3.464584900265469e-05,0.008969047555739811,5.591470289800782e-05,-0.010165037307888269,0.010233709681779146,0.0016600058100334665,10.527372360229492,-3.632550912835528e-05,0.00607555883269424,2.623292493808549e-05,-0.0071373483631759875,0.007031626906245948,0.0019596282608530875,11.524871826171875,1.6221340015816432e-05,0.004675733272212226,-7.464183727279305e-05,-0.0053293559234589335,0.005425901059061289
F:\Seminario\Seminario-Clustering\datasets\davi\Al Emadi (2019)\Multiclass_Drone_Audio\membo_1\extra_membo_D2_2055.wav,Multiclass_Drone_Audio\membo_1\extra_membo_D2_2055.wav,al_emadi,extra_membo_D2,1.002625,0.8303380784058123,9.172597885131836,-0.0006201682130103328,0.027859657367352936,-0.0004921864019706845,-0.03550563156604767,0.0366073951125145,0.026494573530237046,9.075130462646484,-1.368276268168329e-05,0.004977745426401453,0.00022554864699486643,-0.006612794380635023,0.00635836785659194,0.053064246166228395,9.89120864868164,-1.2197190245612475e-05,0.005015511695492144,-3.557179661584087e-05,-0.006477811979129911,0.00639697019942105,0.05029104522947002,10.920632362365723,4.238352771501752e-05,0.003464304808086123,-3.577523057174403e-05,-0.00433031041175127,0.004446203773841263,0.03981205666825225,11.895755767822266,2.5331464950210434e-08,0.002183624251990322,-1.135580077971099e-05,-0.002788963820785284,0.0027709546964615585
F:\Seminario\Seminario-Clustering\datasets\davi\Al Emadi (2019)\Multiclass_Drone_Audio\unknown\4-218199-E-352.wav,Multiclass_Drone_Audio\unknown\4-218199-E-352.wav,al_emadi,4-218199-E-352,0.97525,0.34403293697129733,8.846752166748047,-0.004176625820715805,0.056495324744856294,-0.0027399163227528334,-0.07659326270222663,0.06649047061800957,0.4829215433654626,8.702439308166504,0.0010720252770200145,0.06710872115658661,0.0008151719521265477,-0.08362401574850081,0.08207468762993812,0.14473853494092687,9.702692031860352,-3.924101032611407e-05,0.026172063697010136,0.00018965211347676814,-0.03387114480137825,0.03188894391059876,0.021607010554013324,10.609505653381348,9.8454379338135e-05,0.0071751767705826915,-3.191483483533375e-05,-0.008493552170693874,0.008712923247367145,0.006699974168299853,11.739559173583984,1.0393719871587667e-06,0.0028305717991998513,4.3324246234988095e-06,-0.003505160450004041,0.0035524063277989626
F:\Seminario\Seminario-Clustering\datasets\davi\Al Emadi (2019)\Multiclass_Drone_Audio\membo_1\mixed_membo_61-membo_000_.wav,Multiclass_Drone_Audio\membo_1\mixed_membo_61-membo_000_.wav,al_emadi,mixed_membo_61-membo_000,1.024,0.1285246287921487,8.358834266662598,0.0011812309046739346,0.07957888440981624,-4.452746361494064e-05,-0.08314360678195953,0.08655963838100433,0.14924554331813694,8.37188720703125,0.003301914009575138,0.08570004963829472,0.0013363721081987023,-0.09724968671798706,0.10253782570362091,0.5449305289764742,9.441597938537598,-0.0013079848247300986,0.11668029193935968,0.0009206763934344053,-0.14364456832408903,0.14296868741512295,0.13977684439942073,9.94441032409668,-0.00028077251604515066,0.04193448503923064,0.0001800251193344593,-0.04157095700502395,0.04418579414486887,0.03752245451381938,10.92901611328125,7.342683498670384e-05,0.015389651455423729,3.879469090861676e-06,-0.0149722951464355,0.015228935051709414
F:\Seminario\Seminario-Clustering\datasets\davi\Al Emadi (2019)\Multiclass_Drone_Audio\membo_1\Membo_0_038-membo_003_.wav,Multiclass_Drone_Audio\membo_1\Membo_0_038-membo_003_.wav,al_emadi,Membo_0_038-membo_003,1.024,0.7275163551383718,8.904853820800781,-0.000419718633031142,0.10710276826240545,-0.001093878410756588,-0.12642574310302734,0.12179616838693619,0.041266139296497494,8.993094444274902,-0.00024835127523589295,0.025506977205025143,0.00040443497709929943,-0.03303378447890282,0.032064519822597504,0.04846633791849909,9.993789672851562,5.7895950849044284e-05,0.019683511975870076,-0.00014085964357946068,-0.024567027017474173,0.02607166804373264,0.07772918723956364,10.976207733154297,0.000230606098883959,0.01768677801630077,0.00028552828007377684,-0.022076597809791564,0.023502422124147417,0.10502198040706806,11.918246269226074,4.790390290552416e-06,0.014563251410463583,-5.601335215033032e-05,-0.018428913317620754,0.018592950887978077
F:\Seminario\Seminario-Clustering\datasets\davi\Al Emadi (2019)\Multiclass_Drone_Audio\membo_1\Membo_0_000-membo_000_.wav,Multiclass_Drone_Audio\membo_1\Membo_0_000-membo_000_.wav,al_emadi,Membo_0_000-membo_000,1.024,0.6691686163701198,9.471546173095703,0.0006929163558082522,0.08081036085200129,-0.0013623898848891258,-0.10227743536233902,0.1064201295375824,0.15137846906197502,8.832854270935059,3.384980918019848e-05,0.038436791911473304,5.493726348504424e-05,-0.0523393414914608,0.053412023931741714,0.053463722150593584,9.730243682861328,-9.974878070981935e-05,0.016264412227120113,-0.00012196852185297757,-0.020618822798132895,0.021111079677939414,0.06594419511704848,10.64387321472168,5.95273782529782e-05,0.012817690445008401,1.3039521036262158e-05,-0.01613386608660221,0.016106146946549417,0.060044997300263095,11.629022598266602,1.1290062556109077e-06,0.008663418182467388,1.3741908787778812e-05,-0.011111709754914045,0.010993687435984612
F:\Seminario\Seminario-Clustering\datasets\davi\Al Emadi (2019)\Multiclass_Drone_Audio\membo_1\mixed_membo_62-membo_003_.wav,Multiclass_Drone_Audio\membo_1\mixed_membo_62-membo_003_.wav,al_emadi,mixed_membo_62-membo_003,1.024,0.9038691203625501,8.997600555419922,0.0011283504926689505,0.24234557693522393,-0.0022396983113139868,-0.304179847240448,0.3109573721885681,0.07596746714858647,8.804012298583984,0.00014644573651376907,0.07025866786173156,0.002410649787634611,-0.0861784890294075,0.08275707066059113,0.007964783894932098,9.980264663696289,0.00017926704561224458,0.016197542717191187,-0.0003352625935804099,-0.020068634301424026,0.02147876396775245,0.006009442913058375,10.963054656982422,4.429311523587661e-05,0.009984142628364827,9.146042430074885e-05,-0.012820702977478504,0.012991267256438732,0.006189185680872984,11.922257423400879,-7.138654143678863e-06,0.007176937541915371,-2.550791214162018e-05,-0.009089980740100145,0.009218506049364805
F:\Seminario\Seminario-Clustering\datasets\davi\Al Emadi (2019)\Multiclass_Drone_Audio\bebop_1\B_S2_D1_110-bebop_003_.wav,Multiclass_Drone_Audio\bebop_1\B_S2_D1_110-bebop_003_.wav,al_emadi,B_S2_D1_110-bebop_003,1.024,0.6539401768257112,8.648555755615234,-0.00641032606748313,0.30240113515670236,-0.016625728458166122,-0.361608624458313,0.37448543310165405,0.019260496792493743,9.005387306213379,-4.790188014105434e-05,0.05190934117262069,-0.001355477375909686,-0.0654589980840683,0.06875951588153839,0.07696560216390544,9.939512252807617,-0.00024386433203074507,0.07388557309491144,8.543700096197426e-05,-0.09598851501941681,0.09333400577306747,0.14505910241200023,10.947786331176758,-4.802631741558557e-05,0.0719772541759069,-0.00010701886640163139,-0.09144088476896287,0.09037126302719116,0.10477462180588945,11.940053939819336,1.446815886012708e-05,0.043328694488040505,-0.00022991035075392574,-0.055302659049630165,0.055720314383506775
F:\Seminario\Seminario-Clustering\datasets\davi\Al Emadi (2019)\Multiclass_Drone_Audio\unknown\3-68630-C-404.wav,Multiclass_Drone_Audio\unknown\3-68630-C-404.wav,al_emadi,3-68630-C-404,0.95975,0.3739771151958921,8.74109172821045,-0.0015265147642104196,0.20284913031486537,-0.0032105360878631473,-0.26466481387615204,0.24985329061746597,0.2862906335777685,8.731544494628906,-0.00014617187002887211,0.1774869324819934,-0.0025109851267188787,-0.225774846971035,0.2271857112646103,0.2715997630759655,9.618001937866211,0.002084193044613407,0.12309933701917532,0.007066550198942423,-0.15285903364419937,0.14967751502990725,0.06619475326830103,10.682476043701172,-0.00019849798052162,0.043133523422442616,-0.0006130684050731361,-0.05312919206917286,0.05312297232449054,0.001937734882072857,11.577022552490234,-2.5189645813834546e-07,0.0052279201923943214,-1.4254098914534552e-05,-0.0062060524243861435,0.006246641417965293
F:\Seminario\Seminario-Clustering\datasets\davi\Al Emadi (2019)\Multiclass_Drone_Audio\membo_1\Membo_0_041-membo_002_.wav,Multiclass_Drone_Audio\membo_1\Membo_0_041-membo_002_.wav,al_emadi,Membo_0_041-membo_002,1.024,0.3124385167905357,9.266988754272461,-0.001155143549661475,0.06864061632086126,-0.004184018820524216,-0.08766869455575943,0.09164232015609741,0.023187731459641543,9.034189224243164,1.785985488552924e-05,0.01870205449620725,-0.00021823258430231363,-0.02367735654115677,0.02392214722931385,0.12429925244602223,10.013164520263672,9.821109970100743e-05,0.030831463657198917,-0.000297587743261829,-0.03954885751008987,0.04026395455002784,0.24314203950427146,10.858636856079102,5.214778110895053e-05,0.030598541197778495,0.000385772786103189,-0.03813379481434822,0.037983213365077984,0.2969324597995291,11.877690315246582,1.426228758662911e-05,0.02395106127000283,3.969069666709402e-06,-0.03045396041125059,0.030403785407543182
F:\Seminario\Seminario-Clustering\datasets\davi\Al Emadi (2019)\Multiclass_Drone_Audio\membo_1\mixed_membo_54-membo_003_.wav,Multiclass_Drone_Audio\membo_1\mixed_membo_54-membo_003_.wav,al_emadi,mixed_membo_54-membo_003,1.024,0.6391043907636081,9.098559379577637,-0.0069209568568905115,0.2539089954672659,-0.02270856685936451,-0.3248143196105957,0.34172433614730835,0.11363789496119672,8.785024642944336,0.0006337209755142634,0.10710443661196474,0.0021190147381275892,-0.13180658221244812,0.12516923248767853,0.04067938352241921,9.662705421447754,-0.0004520368762245,0.04562691170567846,-8.03948933025822e-05,-0.05465985387563705,0.053212096542119974,0.019630857920537623,10.951138496398926,8.35092563625023e-06,0.022492307296907727,-0.0005055638612248003,-0.028459180518984793,0.02915715835988522,0.18694747283223825,12.20772647857666,8.433810885456436e-06,0.049164186562787426,-0.00018681863002711907,-0.06577347218990326,0.06609582528471947
F:\Seminario\Seminario-Clustering\datasets\davi\Al Emadi (2019)\Multiclass_Drone_Audio\membo_1\mixed_membo_40-membo_003_.wav,Multiclass_Drone_Audio\membo_1\mixed_membo_40-membo_003_.wav,al_emadi,mixed_membo_40-membo_003,1.024,0.558212724403351,8.924721717834473,0.006079063741765638,0.39808967043694526,-0.01267049927264452,-0.506733238697052,0.5313828587532043,0.07244219613531415,8.88077163696289,-0.008161770146944209,0.14319344979291448,-0.005789375398308039,-0.19525156915187836,0.1697750985622406,0.08953942174907842,9.852554321289062,0.0015278765181824525,0.1135275330977681,0.0032354509457945824,-0.14178463220596313,0.14214033782482147,0.12092684251185747,10.828261375427246,-0.0005427669464549879,0.09362603782905851,0.0005227537476457655,-0.1198509395122528,0.11412197947502137,0.158878815200399,11.793622016906738,0.00022357965584532898,0.0760148407153864,0.00013171936734579504,-0.09385466948151588,0.09315600991249084
F:\Seminario\Seminario-Clustering\datasets\davi\Al Emadi (2019)\Multiclass_Drone_Audio\membo_1\Membo_0_006-membo_004_.wav,Multiclass_Drone_Audio\membo_1\Membo_0_006-membo_004_.wav,al_emadi,Membo_0_006-membo_004,0.896,0.6553094682156962,8.383049011230469,-0.0009183276078041739,0.14878289735377778,-0.0036561463493853807,-0.1649784564971924,0.17056000828743006,0.02739923495460931,8.846199035644531,-5.684403379747058e-05,0.030423313715006065,7.859883771743625e-05,-0.03891473636031151,0.04063114002346996,0.08117877908247084,9.761123657226562,-6.997021426634045e-05,0.03732346118917006,0.0009614250739105046,-0.04731804952025413,0.04682093858718872,0.12328345120669956,10.572891235351562,4.611336970818522e-05,0.03265413890085974,0.0008674582932144403,-0.040638467669487,0.03902458101511,0.112829066540524,11.54146957397461,-8.724302740175568e-06,0.022132305555208717,7.022053978289478e-05,-0.026307478733360767,0.02668502759188414
F:\Seminario\Seminario-Clustering\datasets\davi\Al Emadi (2019)\Multiclass_Drone_Audio\unknown\5-263831-A-64.wav,Multiclass_Drone_Audio\unknown\5-263831-A-64.wav,al_emadi,5-263831-A-64,0.95975,0.026089667678718894,6.690221309661865,0.005033975194266945,0.09487228846512409,0.000126631715829717,-0.07981230318546295,0.08367447927594185,0.08134997493618976,7.693963050842285,-0.00052266297059217,0.1677614720235349,0.002606147201731801,-0.14599602669477463,0.15176703035831451,0.5969142765130484,8.199772834777832,0.002906341246420452,0.32362672466393877,-0.00146963243605569,-0.24627837538719177,0.21012821197509773,0.2654773899751122,8.838644027709961,-0.001298607251080998,0.1531646592920697,-0.0004623343702405691,-0.0961808435618877,0.08220473825931549,0.030168690896930694,9.756511688232422,-5.378331531786877e-05,0.036577347564259254,-8.255737611762015e-06,-0.01645649001002312,0.015210501104593299
F:\Seminario\Seminario-Clustering\datasets\davi\Al Emadi (2019)\Multiclass_Drone_Audio\unknown\5-250258-A-493.wav,Multiclass_Drone_Audio\unknown\5-250258-A-493.wav,al_emadi,5-250258-A-493,1.0216875,0.4472654167315331,6.713388442993164,0.00024216170475471372,0.07686677170597143,0.00015621966304024681,-0.03985526040196419,0.03312760330736638,0.16082859980905173,6.258481025695801,1.9312440683786237e-05,0.04609350599711981,0.00015234758757287636,-0.008091815467923879,0.011825763061642661,0.1822476995967492,7.177553653717041,-8.354976168297252e-05,0.034929573875012894,-7.167304374888772e-06,-0.011250331345945596,0.00958012621849775,0.1705438685074485,8.157543182373047,3.673089276871908e-05,0.023974034761052834,-2.464868430251954e-05,-0.0045145338401198385,0.004734475631266832,0.03911441535521753,9.217066764831543,-1.1448494210376e-05,0.00813238348756314,8.228977037560981e-07,-0.002281819190829992,0.0024047381477430465
F:\Seminario\Seminario-Clustering\datasets\davi\Al Emadi (2019)\Multiclass_Drone_Audio\membo_1\mixed_membo_1-membo_000_.wav,Multiclass_Drone_Audio\membo_1\mixed_membo_1-membo_000_.wav,al_emadi,mixed_membo_1-membo_000,1.024,0.27547667756038,9.050227165222168,0.008106260904908263,0.14914753137566872,0.008993100374937057,-0.1882125437259674,0.2005515992641449,0.5080411356037985,8.661166191101074,5.6608558010370194e-05,0.20284466720473576,0.0005221249884925783,-0.25492364168167114,0.24416787922382355,0.12601481778345291,9.299884796142578,0.0003523583965756644,0.07193189084330724,-0.000792387465480715,-0.07521465569734573,0.08245576620101926,0.08280287165337637,10.368144989013672,9.74784112629621e-06,0.04137593055702666,-6.657577614532784e-05,-0.04769054800271988,0.04737533405423166,0.007664497398992195,11.855448722839355,-7.2394136304543826e-06,0.008916439501289557,-8.894559141481295e-05,-0.010995900724083185,0.011426110286265612
F:\Seminario\Seminario-Clustering\datasets\davi\Al Emadi (2019)\Multiclass_Drone_Audio\unknown\4-197454-B-283.wav,Multiclass_Drone_Audio\unknown\4-197454-B-283.wav,al_emadi,4-197454-B-283,1.0216875,0.7844084469058822,6.629538059234619,2.38045682897944e-05,0.19272413707680158,-0.0015539643936790526,-0.1210900142788887,0.06396525576710703,0.16273606156395967,4.5083394050598145,0.001408927806847152,0.08777097838316443,1.2894148312625475e-05,-0.019490007124841214,0.022172380611300523,0.02276240048250268,5.836279392242432,0.00016909394388552425,0.023370503144847506,1.0305972864443902e-05,-0.006695479340851306,0.006991069018840787,0.020218973886804992,7.7308831214904785,0.00022551250863938143,0.015626609601724895,-1.034807439737051e-06,-0.004259504890069365,0.004734153812751179,0.009874117160850513,8.550765037536621,3.043498548504114e-06,0.007735810442550379,-1.742912019153664e-07,-0.0020168776856735347,0.002021221513859928
F:\Seminario\Seminario-Clustering\datasets\davi\Al Emadi (2019)\Multiclass_Drone_Audio\membo_1\mixed_membo_63-membo_003_.wav,Multiclass_Drone_Audio\membo_1\mixed_membo_63-membo_003_.wav,al_emadi,mixed_membo_63-membo_003,1.024,0.6096869104695921,9.045768737792969,0.005817685629835762,0.2268389003927053,0.002544294809922576,-0.2892943322658539,0.2894805371761322,0.07900166118648506,9.082971572875977,-0.0015785969791110457,0.08166648815404795,-0.0015919243451207876,-0.10701197385787964,0.10384698957204819,0.05767324685645473,9.918437004089355,-0.00028973957956119386,0.04969222056611566,0.0005393725004978478,-0.06373380720615388,0.062218089401721945,0.09948612694020202,10.57614517211914,0.0009098904874708068,0.046303648152363,0.0015436777612194419,-0.05440508723258972,0.05485918074846269,0.15415205454726605,11.602880477905273,0.00022376393592660247,0.040832937466937475,0.00013184052659198642,-0.047791603952646255,0.048325762152671814
F:\Seminario\Seminario-Clustering\datasets\davi\Al Emadi (2019)\Multiclass_Drone_Audio\unknown\2-82274-B-51.wav,Multiclass_Drone_Audio\unknown\2-82274-B-51.wav,al_emadi,2-82274-B-51,1.0216875,0.0440694368475652,8.507186889648438,0.0006356888925507824,0.025169820830124187,-0.0006273085891734809,-0.02877755034714937,0.028132621571421646,0.011076296149256624,5.70967435836792,-0.0001759828207871349,0.012621323224985492,-0.00013758741988567635,-0.006318290019407868,0.007225288357585671,0.42363340368161495,7.62515115737915,0.0009888339180159822,0.05556246961700961,-5.897753226236091e-06,-0.016102687641978263,0.018623735941946495,0.4944434003394631,8.077835083007812,-0.00011552002707694365,0.042596306749965215,3.690611629281193e-05,-0.007561997277662157,0.007635338464751862,0.026777462982100084,8.86120891571045,3.0527322425851853e-06,0.007021440555160467,5.3231722176860785e-06,-0.0010499328607693314,0.0010186690720729531
F:\Seminario\Seminario-Clustering\datasets\davi\Al Emadi (2019)\Multiclass_Drone_Audio\unknown\2-118459-A-324.wav,Multiclass_Drone_Audio\unknown\2-118459-A-324.wav,al_emadi,2-118459-A-324,0.95975,0.5230948172585539,8.108830451965332,-0.0030032888336411043,0.14483299080737308,-0.00488930637948215,-0.14071642607450485,0.14001326262950897,0.06721645331797227,6.742772102355957,-0.0016326610211634045,0.05190314694031284,-0.0006473427929449826,-0.03935378976166248,0.03633009269833565,0.1692722790661051,6.455296516418457,-0.0002824300160220236,0.05868793984704853,-0.00020224151376169175,-0.03543330766260624,0.032447038963437085,0.15196635789998603,8.151032447814941,0.00024332162383900488,0.039462167827579574,0.0001926422628457658,-0.02465392258018255,0.02698422633111475,0.08845009245738268,8.485157012939453,-0.00019671037874765683,0.02132652608040207,-3.0287755180324893e-05,-0.01295389486476779,0.012871245946735154
F:\Seminario\Seminario-Clustering\datasets\davi\Al Emadi (2019)\Multiclass_Drone_Audio\bebop_1\B_S2_D1_079-bebop_001_.wav,Multiclass_Drone_Audio\bebop_1\B_S2_D1_079-bebop_001_.wav,al_emadi,B_S2_D1_079-bebop_001,1.024,0.8211216953095458,8.732645034790039,0.022420884424997324,0.6840733510400746,0.03182276710867882,-0.827484130859375,0.8673954010009766,0.018559224735557277,8.937562942504883,-0.0007979673879875931,0.10289610000024191,-0.00547628803178668,-0.13426624238491058,0.12794797122478485,0.03427634953964246,9.95886516571045,-0.0006165695024162999,0.09956867241014995,-0.001896836212836206,-0.12518605589866638,0.12431036531925202,0.07127151629146494,10.905527114868164,0.0005650769775673801,0.1018812573845206,0.002353588119149208,-0.12929015457630158,0.1267695814371109,0.0547712141237895,11.903355598449707,-0.00011802514444695919,0.06326202411516882,0.0007161321118474007,-0.0803118534386158,0.07987203821539879
F:\Seminario\Seminario-Clustering\datasets\davi\Al Emadi (2019)\Multiclass_Drone_Audio\membo_1\Membo_2_015-membo_001_.wav,Multiclass_Drone_Audio\membo_1\Membo_2_015-membo_001_.wav,al_emadi,Membo_2_015-membo_001,1.024,0.8036407679210328,8.326998710632324,-0.003133532093948291,0.14235827137255946,0.003711550962179899,-0.1781339794397354,0.14365729689598083,0.013349989038117337,9.038551330566406,-9.558091365418673e-05,0.018352341039968727,-0.0003488028305582702,-0.02299807220697403,0.024476975202560425,0.025820055831209634,9.958112716674805,-0.000768976121654922,0.018157166071815816,-0.000646744854748249,-0.02418994829058647,0.021848202869296073,0.06294102561074909,10.878201484680176,3.834794524627725e-05,0.02013418109251529,-0.0004703889135271311,-0.024831829592585564,0.02539881467819214,0.0942481615988912,11.866690635681152,-1.8337907722179616e-06,0.017451346938159945,-0.00010388422742835246,-0.022009801119565964,0.021928980015218258
F:\Seminario\Seminario-Clustering\datasets\davi\Al Emadi (2019)\Multiclass_Drone_Audio\membo_1\Membo_0_015-membo_001_.wav,Multiclass_Drone_Audio\membo_1\Membo_0_015-membo_001_.wav,al_emadi,Membo_0_015-membo_001,1.024,0.7089340100219031,9.322474479675293,-0.0006330846207545828,0.08078967822861535,-0.0016387832583859563,-0.10718227177858353,0.10621648281812668,0.13280570360412003,8.98823356628418,3.971398830069945e-06,0.034968312311181284,0.00016731844516471028,-0.045876774936914444,0.04743374139070511,0.0479666015443277,9.952095985412598,-0.00011612765405620675,0.014963198113014144,0.00011098176037194207,-0.019518500193953514,0.018657742068171498,0.04985697063295835,10.948138236999512,-0.00017380381505898316,0.010823910887070272,2.2198659280547872e-05,-0.014045730791985988,0.01351724285632372,0.060436714196690736,11.937994003295898,-1.3535721694055777e-05,0.00844212506441805,1.6251790839305613e-05,-0.01083096070215106,0.010751195717602968
F:\Seminario\Seminario-Clustering\datasets\davi\Al Emadi (2019)\Multiclass_Drone_Audio\unknown\2-125520-A-433.wav,Multiclass_Drone_Audio\unknown\2-125520-A-433.wav,al_emadi,2-125520-A-433,1.0216875,0.13093966105488486,7.434873580932617,-0.0018302699206729528,0.03840610479002717,-0.00010272081999573857,-0.0381915420293808,0.03292860463261605,0.4618929852348118,7.420561790466309,0.00649651411692618,0.0719222757484882,-7.719421773799695e-05,-0.03932475745677948,0.06580732539296157,0.36095663702242214,8.556289672851562,0.0003428554079194495,0.04544412969845274,5.401076805355842e-06,-0.04132147356867788,0.04533907100558281,0.04289827844208886,9.249702453613281,-3.501779449013878e-05,0.011115793189837884,-6.133934107310779e-07,-0.009058479778468607,0.008536948822438722,0.0033124382457923153,10.213509559631348,-3.285791608821372e-07,0.002187876886832082,-1.1085596156590327e-06,-0.0017384078819304705,0.0017405165592208505
F:\Seminario\Seminario-Clustering\datasets\davi\Al Emadi (2019)\Multiclass_Drone_Audio\unknown\4-144468-B-270.wav,Multiclass_Drone_Audio\unknown\4-144468-B-270.wav,al_emadi,4-144468-B-270,1.0216875,0.01663539570027913,8.899334907531738,8.864142873069809e-05,0.005848064319237137,0.00023238711582962424,-0.007329268380999565,0.00699712005443871,0.026796681712099934,7.511915683746338,0.00012869910192661783,0.007421995604422615,0.0002447217411827296,-0.005876197293400764,0.0066598413046449435,0.2440305503748916,8.338652610778809,-0.0003333200574721168,0.015943293630180825,-7.756488776067272e-05,-0.014480244647711514,0.01329365456476807,0.2606505161144668,9.574832916259766,-0.00023627190726217132,0.01169099515916206,-0.00017943151760846376,-0.011004583165049552,0.010675809253007177,0.45188685609826246,10.046026229858398,1.069771286578035e-05,0.010905656770481692,5.762914770457428e-05,-0.008903833944350481,0.008926637936383491
F:\Seminario\Seminario-Clustering\datasets\davi\Al Emadi (2019)\Multiclass_Drone_Audio\unknown\3-144827-B-114.wav,Multiclass_Drone_Audio\unknown\3-144827-B-114.wav,al_emadi,3-144827-B-114,0.95975,0.25019545788999753,8.602267265319824,-0.005446573365531658,0.31637125605727257,0.0020770296978298575,-0.41098856925964355,0.3742102384567261,0.3543155600780806,8.704753875732422,-0.011974293757465,0.3763544606679125,-0.006019023712724447,-0.47728635370731354,0.4596453458070755,0.3473888122747266,9.71451187133789,-0.0016480237966792733,0.26552874461675136,-0.005249604349955916,-0.33519142866134644,0.32680384814739233,0.03409980285146643,10.753013610839844,-0.0001761337612205885,0.0590391988574182,0.00015257934865076095,-0.07468509823083877,0.07266698777675629,0.014000366905728787,11.735593795776367,-9.384807949185036e-05,0.02679831673110154,-0.0002903118293033913,-0.03331368118524551,0.03338062316179276
F:\Seminario\Seminario-Clustering\datasets\davi\Al Emadi (2019)\Multiclass_Drone_Audio\unknown\5-253094-C-491.wav,Multiclass_Drone_Audio\unknown\5-253094-C-491.wav,al_emadi,5-253094-C-491,1.0216875,0.2856155197179684,7.585351943969727,-0.0002283708371698303,0.15783708389694306,0.0013004273059777915,-0.15277622491121293,0.1424230888485909,0.10679759533146424,7.785719871520996,-6.303975419367962e-08,0.09651600375153742,-5.646294084726833e-06,-0.09352547526359559,0.09319160059094429,0.20250689971801242,8.672706604003906,0.0011641745352354111,0.09460432316932593,0.000803595845354721,-0.08894342482089995,0.09060771986842153,0.28533299901020726,9.85324478149414,-0.000615564091543171,0.07967958124009018,5.534853153221775e-05,-0.0797189563512802,0.08071803450584412,0.1197469862223477,10.72122859954834,-2.477606408298739e-05,0.036563057275264835,-4.835979416384362e-05,-0.0368238914757967,0.035636151582002645
F:\Seminario\Seminario-Clustering\datasets\davi\Al Emadi (2019)\Multiclass_Drone_Audio\unknown\4-147657-A-460.wav,Multiclass_Drone_Audio\unknown\4-147657-A-460.wav,al_emadi,4-147657-A-460,1.0216875,0.641367149594735,8.97834587097168,0.002876727576909366,0.25327637742419634,0.0038545492570847273,-0.31061899960041045,0.32597669064998636,0.294935673982164,8.855363845825195,-0.000668704281979583,0.17176302885259398,0.0003094099993177224,-0.21188517957925795,0.21491843163967134,0.056140077556996716,9.889755249023438,-0.000567620753848324,0.05334412683600283,-0.0015632010181434453,-0.06621014550328255,0.06688915565609932,0.007115944226193333,10.91187858581543,-2.9535352319051555e-05,0.013475658516395221,0.00012671325384872034,-0.017321840301156043,0.01693885400891305,0.00044115463991091936,11.924123764038086,-3.29184607590896e-06,0.0023765998216754083,1.558293661219068e-05,-0.0030481516849249603,0.0029910376062616713
F:\Seminario\Seminario-Clustering\datasets\davi\Al Emadi (2019)\Multiclass_Drone_Audio\bebop_1\B_S2_D1_082-bebop_004_.wav,Multiclass_Drone_Audio\bebop_1\B_S2_D1_082-bebop_004_.wav,al_emadi,B_S2_D1_082-bebop_004,0.896,0.7186890786347944,8.388040542602539,0.006941855078537112,0.3352161693961864,0.012621603906154633,-0.39373196959495543,0.39018415212631224,0.018468790386630202,8.757781982421875,-0.000494565347832625,0.05374627759360815,0.0007373598054982722,-0.0711452305316925,0.06561473906040191,0.049890498587527296,9.780072212219238,-0.0005540061150115928,0.0629597559238297,-0.00013066829706076533,-0.08420694470405578,0.0834470614790917,0.12588154865992715,10.739715576171875,-0.0014802040545703458,0.07098758598478676,-0.0015050886431708932,-0.091078382730484,0.08908361941576003,0.08707008373112096,11.774559020996094,0.00018618780457288513,0.04183655128260704,0.00036344421096146107,-0.053829796984791754,0.05342339761555195
F:\Seminario\Seminario-Clustering\datasets\davi\Al Emadi (2019)\Multiclass_Drone_Audio\bebop_1\B_S2_D1_068-bebop_004_.wav,Multiclass_Drone_Audio\bebop_1\B_S2_D1_068-bebop_004_.wav,al_emadi,B_S2_D1_068-bebop_004,0.896,0.28637152881739003,8.821002006530762,-0.00198294717600078,0.12464433736754284,-0.0030214490834623575,-0.16169007420539855,0.1602569162845613,0.044663173626614,8.896554946899414,-0.0006973637795915276,0.049225914112643744,0.0004744726466014981,-0.06454306542873382,0.06346717774868012,0.16314081069950753,9.736286163330078,-0.000756902281295191,0.06705630332175835,-0.0003416190156713128,-0.08523337543010712,0.08591870665550234,0.3118436471997686,10.73333740234375,0.0009783430223622206,0.0658159689111251,0.00194686115719378,-0.08191923052072525,0.0842028424143791,0.19398083965671983,11.762561798095703,0.00014316053581572412,0.03678043618815492,0.0006391086208168417,-0.04717225022614002,0.04728566259145738
F:\Seminario\Seminario-Clustering\datasets\davi\Al Emadi (2019)\Multiclass_Drone_Audio\membo_1\mixed_membo_65-membo_000_.wav,Multiclass_Drone_Audio\membo_1\mixed_membo_65-membo_000_.wav,al_emadi,mixed_membo_65-membo_000,1.024,0.8722919420724898,5.915328025817871,0.0005664699605054561,0.11961998484082625,-0.0015843660803511739,-0.08068431913852692,0.08683770895004272,0.047021378606468885,6.729034423828125,-0.0008815049592343362,0.027759172673926413,-0.00032891929731704295,-0.019154008477926254,0.01889086700975895,0.02994743694464018,7.477784156799316,6.423118043350038e-05,0.01578176730437175,0.0003410941280890256,-0.012051240913569928,0.011874112300574778,0.0225653907715257,9.988022804260254,-0.00010777643565979056,0.00972038237124998,-0.00022109759447630495,-0.010641558654606342,0.010263370350003242,0.028173851604875375,10.44955825805664,-9.824978767094094e-06,0.007693713983057891,-1.1707010344252922e-05,-0.0076013910584151745,0.0075582710560411215
F:\Seminario\Seminario-Clustering\datasets\davi\Al Emadi (2019)\Multiclass_Drone_Audio\membo_1\mixed_membo_35-membo_003_.wav,Multiclass_Drone_Audio\membo_1\mixed_membo_35-membo_003_.wav,al_emadi,mixed_membo_35-membo_003,1.024,0.39902601355622325,8.719000816345215,0.000843077806636439,0.19053410058167028,-0.005454798694700003,-0.21935616433620453,0.2323320209980011,0.3277070567376418,8.67805290222168,-0.008029579470172474,0.17248414018188163,-0.00545405363664031,-0.22045648097991943,0.2037365734577179,0.19957915058077752,9.692638397216797,-0.0007826211849300609,0.0959447468648193,-0.0005479051033034921,-0.11831803172826767,0.12009729892015453,0.06010480466582892,10.691421508789062,0.000299775248984701,0.03736180925581178,0.0005462816916406155,-0.04470913037657738,0.045190492272377016,0.013582974459528548,11.894603729248047,5.791297915190027e-06,0.012580832257151462,7.405498035950586e-05,-0.015846991911530495,0.015924624167382717
F:\Seminario\Seminario-Clustering\datasets\davi\Al Emadi (2019)\Multiclass_Drone_Audio\bebop_1\B_S2_D1_094-bebop_002_.wav,Multiclass_Drone_Audio\bebop_1\B_S2_D1_094-bebop_002_.wav,al_emadi,B_S2_D1_094-bebop_002,1.024,0.7959342641533469,7.748366355895996,0.0010168088030036394,0.4088513659966951,0.006299642845988274,-0.4203249514102936,0.4090060293674469,0.009905540770454222,8.67111873626709,0.0011735483868124356,0.04559565978116042,0.0035719566512852907,-0.05634171888232231,0.05490245670080185,0.036340729766991396,9.851974487304688,0.0012429019810753705,0.062192788208338894,0.0005720338085666299,-0.07580180764198302,0.07946221530437468,0.08509264844124838,10.900374412536621,-0.00016115015400794029,0.06754355417979997,-0.0006313772755675018,-0.08561969250440596,0.08672251254320146,0.07272681686795915,11.890634536743164,-0.0001963694245006759,0.044228969184931154,0.0002884825080400333,-0.05592603608965874,0.055490558966994286
F:\Seminario\Seminario-Clustering\datasets\davi\Al Emadi (2019)\Multiclass_Drone_Audio\unknown\5-213802-A-122.wav,Multiclass_Drone_Audio\unknown\5-213802-A-122.wav,al_emadi,5-213802-A-122,0.97525,0.9859282994738165,8.765802383422852,0.01164973019194713,0.6506858916189939,0.04023602977395058,-0.8683283567428588,0.7989757597446442,0.003458164255631696,8.415301322937012,-0.0002994756705919792,0.0385414459995381,0.0012714562471956015,-0.043042312562465664,0.04214880429208278,0.001646462259892402,9.878023147583008,-1.8648707935633728e-05,0.01894280527590292,0.0001645617448957637,-0.024213874712586403,0.023777857050299646,0.0037055767191009705,10.913217544555664,8.630915181801736e-05,0.020166117661410837,0.00023882115783635527,-0.025961128063499928,0.02682381942868233,0.005261497291558338,11.86105728149414,-0.00033318838878022936,0.017018894643639874,-0.00027248141122981906,-0.021937189623713493,0.021310795098543167
F:\Seminario\Seminario-Clustering\datasets\davi\Al Emadi (2019)\Multiclass_Drone_Audio\bebop_1\mixed_10-bebop_000_.wav,Multiclass_Drone_Audio\bebop_1\mixed_10-bebop_000_.wav,al_emadi,mixed_10-bebop_000,1.024,0.6590215697927567,8.564495086669922,-0.0021518032226248954,0.3232209098932405,0.009378956630825996,-0.3873733580112457,0.3808257579803467,0.13309238125821327,9.062906265258789,-0.0024444199002482576,0.1452360278965913,0.0010837847366929054,-0.19025638699531555,0.1887744963169098,0.0961858532296536,9.854025840759277,-0.0010305372629020619,0.08791981147687813,0.0009974996792152524,-0.10875972956418992,0.10662707239389418,0.07511858644481566,10.935714721679688,-0.0009290786214023794,0.0551292688309364,-0.0006971860420890152,-0.06949282437562943,0.06936729550361634,0.03658160927456077,11.904962539672852,0.00016659564112097398,0.027253239664915843,-2.891692361117748e-07,-0.03371864929795265,0.035182615742087364
F:\Seminario\Seminario-Clustering\datasets\davi\Al Emadi (2019)\Multiclass_Drone_Audio\bebop_1\B_S2_D1_082-bebop_001_.wav,Multiclass_Drone_Audio\bebop_1\B_S2_D1_082-bebop_001_.wav,al_emadi,B_S2_D1_082-bebop_001,1.024,0.4778465816066378,8.681244850158691,-0.002597720968192771,0.21654497122267632,-0.004526801872998476,-0.2548272907733917,0.2565329074859619,0.03640399964551169,9.024312973022461,0.0019973346134931013,0.05974025372710493,0.0024605696089565754,-0.07358132302761078,0.07732736319303513,0.10204266192208412,9.926200866699219,-0.0006636824017799705,0.07125393621707901,0.0011108891339972615,-0.09042728394269943,0.08971241414546967,0.22564657470122546,10.935708999633789,-1.131675863290264e-05,0.07519005455851868,-0.0004102968086954206,-0.09462120980024337,0.0962344154715538,0.15806018212454093,11.941282272338867,-6.939240789183396e-05,0.04457398322768369,-0.0004361158353276551,-0.05691922642290592,0.05652765929698944
F:\Seminario\Seminario-Clustering\datasets\davi\Al Emadi (2019)\Multiclass_Drone_Audio\unknown\2-107351-B-202.wav,Multiclass_Drone_Audio\unknown\2-107351-B-202.wav,al_emadi,2-107351-B-202,0.97525,0.0010067683090656553,8.464783668518066,-0.007808184889066336,0.03498644749350284,-0.008154106792062521,-0.05034356042742729,0.03797765076160431,0.05736630658541502,7.544267177581787,0.010769894426912632,0.27037980189278654,0.0007757277344353497,-0.19656518697738648,0.29376783668994894,0.3513215374234392,9.239412307739258,-0.033979983594551955,0.4757599283324969,-0.0023683584295213223,-0.695402991771698,0.5265832304954531,0.5561709377303372,9.846485137939453,-0.0006557678919913539,0.4258667575736311,-2.3098993551684543e-05,-0.44850764572620394,0.46082642674446134,0.034134449951742925,10.420830726623535,5.036896178707555e-05,0.07473567721320791,-2.95445897791069e-05,-0.06889365613460541,0.07130346447229385
F:\Seminario\Seminario-Clustering\datasets\davi\Al Emadi (2019)\Multiclass_Drone_Audio\unknown\5-191497-A-333.wav,Multiclass_Drone_Audio\unknown\5-191497-A-333.wav,al_emadi,5-191497-A-333,1.0216875,0.09051514995294645,8.68514633178711,-0.00035534549960945994,0.047648426001811864,-0.001380695670377463,-0.0577914010733366,0.05980232022702696,0.18431434970535351,8.685617446899414,-0.0014312810323422788,0.06798034139247508,-0.0005716117739211768,-0.08577095866203308,0.08923606052994729,0.6140899410339237,9.593876838684082,-0.0010193600315446937,0.08834713186591603,-9.246547051589005e-05,-0.1176546700298786,0.11435875147581098,0.09421094168381232,10.31845474243164,-3.3923654392911136e-07,0.024553652907114504,-0.0001252996298717335,-0.02846338842064142,0.029646940343081952,0.01686961762396405,10.999353408813477,-1.3646099351687799e-05,0.007359420057056399,6.662854048045119e-06,-0.007884244620800018,0.008039106149226427
F:\Seminario\Seminario-Clustering\datasets\davi\Al Emadi (2019)\Multiclass_Drone_Audio\unknown\3-154378-A-300.wav,Multiclass_Drone_Audio\unknown\3-154378-A-300.wav,al_emadi,3-154378-A-300,1.0216875,0.366810849573134,6.706757068634033,0.00018247011400666186,0.17083281783223891,0.0,-0.10782983750104903,0.11403946205973625,0.5642371514311667,5.7665839195251465,-0.0010619272173402106,0.21187311628791633,0.0,-0.08533267006278038,0.07116683349013336,0.06715444817985179,6.817872524261475,0.0001622594876113661,0.052034467951735906,0.0,-0.019820130243897435,0.02046464495360851,0.0016510714724304702,7.238814830780029,1.7364839415312035e-05,0.005788911057116707,0.0,-0.002160660433582961,0.0022674164501950145,0.00014647934341709064,9.318305969238281,-3.5813808528843826e-06,0.0012213173538376816,0.0,-0.0008077264763414859,0.0008206890546716749
F:\Seminario\Seminario-Clustering\datasets\davi\Al Emadi (2019)\Multiclass_Drone_Audio\unknown\2-96063-A-373.wav,Multiclass_Drone_Audio\unknown\2-96063-A-373.wav,al_emadi,2-96063-A-373,1.0216875,0.017843880568830073,9.047489166259766,-0.00011461091678666327,0.012763373395313974,-0.0001317348942393437,-0.016275721974670886,0.016954447515308873,0.0003662365722908859,8.422796249389648,8.83357727799499e-06,0.001828580661795874,-3.148397809127346e-05,-0.0020064533920958636,0.002089215023443103,0.04755648213488791,8.688711166381836,-0.00014462583170555128,0.014832963769280099,1.2527119451988256e-05,-0.01534665049985051,0.013421609718352556,0.43193507323155883,9.58450984954834,-0.00017970298947798095,0.03171801589377312,3.244676918257028e-05,-0.028181918524205683,0.03337075747549535,0.5022983274924323,10.734492301940918,-1.3129197070012851e-06,0.024227630136047344,-3.965584937759559e-06,-0.026152346096932885,0.025751892477273948
F:\Seminario\Seminario-Clustering\datasets\davi\Al Emadi (2019)\Multiclass_Drone_Audio\unknown\1-56311-A-101.wav,Multiclass_Drone_Audio\unknown\1-56311-A-101.wav,al_emadi,1-56311-A-101,1.0216875,0.18963502410866226,8.96441650390625,0.000784339586346484,0.19866678241905,0.010681141633540392,-0.26256977915763857,0.2609419643878937,0.15962742417520365,8.826637268066406,-0.00957871877191431,0.18202146869946012,-0.010425708256661892,-0.22913804948329924,0.22007545381784485,0.13488638435264363,9.88850212097168,-0.0004225123578724087,0.11927682785475865,-0.0018740049563348293,-0.1528110235929489,0.14793260842561723,0.25413515709350676,10.806936264038086,0.0017070641802637357,0.1161502813591902,0.0012220516218803823,-0.14541432857513428,0.14834482371807103,0.2617160102699837,11.729463577270508,0.00011830391851453656,0.0834979496865763,0.0007912958099041134,-0.10344968363642693,0.09983422085642815
F:\Seminario\Seminario-Clustering\datasets\davi\Al Emadi (2019)\Multiclass_Drone_Audio\bebop_1\mixed_31-bebop_001_.wav,Multiclass_Drone_Audio\bebop_1\mixed_31-bebop_001_.wav,al_emadi,mixed_31-bebop_001,1.024,0.8395439930678861,8.484630584716797,-0.03433456030413646,0.4606090293901961,-0.009947376325726509,-0.5381333827972412,0.48495233058929443,0.1045931504047459,8.628705978393555,0.0024036935649372035,0.16301154658040612,0.004616916179656982,-0.19423255324363708,0.18835999071598053,0.026807598944778334,9.558539390563965,0.0008395886461133283,0.05876250393524947,0.002008897252380848,-0.06907976865768432,0.07223903089761734,0.01933414678441646,10.880010604858398,0.0006565101352021687,0.03540892570309755,0.0005219744052737951,-0.04334549680352211,0.04546677842736246,0.009721110798173282,11.84168815612793,5.7372594238500585e-06,0.017787194872011948,-4.754593646794092e-05,-0.02240781206637621,0.022115317173302174
F:\Seminario\Seminario-Clustering\datasets\davi\Al Emadi (2019)\Multiclass_Drone_Audio\unknown\1-17970-A-41.wav,Multiclass_Drone_Audio\unknown\1-17970-A-41.wav,al_emadi,1-17970-A-41,1.0216875,0.01878543800347685,8.315849304199219,-0.0002869047386814371,0.13211792278857776,-0.002606084570288658,-0.1382254734635353,0.13908652216196066,0.03247681825589342,7.760364055633545,-0.002208705246762327,0.17370156905720865,0.0028808832867071033,-0.15754324197769165,0.14819035232067113,0.8276999632667242,8.154446601867676,0.00021930458658503535,0.6243008636443035,0.0021701237419620156,-0.39708620309829706,0.35536268055438996,0.11321794523697631,9.480384826660156,-0.00015027538456859442,0.1638230460559068,-0.00042827005381695926,-0.14247436523437498,0.13708583861589435,0.007819835236929138,8.108071327209473,6.287393138607149e-05,0.030495918203369252,-3.785320404858794e-05,-0.009569455962628126,0.009755627531558276
F:\Seminario\Seminario-Clustering\datasets\davi\Al Emadi (2019)\Multiclass_Drone_Audio\membo_1\mixed_membo_12-membo_003_.wav,Multiclass_Drone_Audio\membo_1\mixed_membo_12-membo_003_.wav,al_emadi,mixed_membo_12-membo_003,1.024,0.8949629209873524,8.972882270812988,-0.009379117049284139,0.3379901969960968,-0.04992251470685005,-0.41120848059654236,0.44898056983947754,0.042986655865016384,8.981189727783203,0.0007436037974515988,0.07409923030001538,0.0006251119775697589,-0.09493373334407806,0.09589198976755142,0.0315021397217678,9.920553207397461,1.3591476029823582e-06,0.0451689997607009,0.0006055895937606692,-0.058782605826854704,0.05771632343530655,0.01990640550193653,10.890226364135742,-8.90448501225837e-05,0.025478474496859298,0.00019907281966879964,-0.0330474853515625,0.031367068737745286,0.010641877923926834,11.818133354187012,-5.138428278051359e-05,0.013195023911495045,-6.80924640619196e-05,-0.016319910995662212,0.016202077269554138
F:\Seminario\Seminario-Clustering\datasets\davi\Al Emadi (2019)\Multiclass_Drone_Audio\unknown\4-123680-A-184.wav,Multiclass_Drone_Audio\unknown\4-123680-A-184.wav,al_emadi,4-123680-A-184,0.95975,0.0518736694738663,8.648927688598633,0.0012753156073588374,0.10316038159231473,-0.0016704205772839487,-0.11713729798793793,0.12408502027392387,0.14167209123509725,8.746465682983398,0.004386519795450978,0.1704397925327681,0.0014479327364824712,-0.20459282398223877,0.2163766622543335,0.40168665408716114,9.586669921875,-0.0005525644863851477,0.2044584506664838,0.0027194346766918898,-0.24821255207061768,0.24371125996112825,0.2844325781374962,10.525219917297363,0.00014761170431215454,0.12209750188096025,0.000423460325691849,-0.14278706908226013,0.14663591533899306,0.12033500706637913,11.707710266113281,-1.7838809703087254e-05,0.05625840765073647,4.6257508074631914e-05,-0.07011194452643395,0.06931233257055283
F:\Seminario\Seminario-Clustering\datasets\davi\Al Emadi (2019)\Multiclass_Drone_Audio\bebop_1\mixed_9-bebop_000_.wav,Multiclass_Drone_Audio\bebop_1\mixed_9-bebop_000_.wav,al_emadi,mixed_9-bebop_000,1.024,0.3835793551672839,8.750676155090332,-0.0016954747225203552,0.2793360023554887,0.005292671732604504,-0.3358882963657379,0.3232247233390808,0.22783855541712145,8.908447265625,-0.027456819070719663,0.21353050245269642,-0.027080794796347618,-0.2995487451553345,0.24490390717983246,0.26858015659508216,9.909748077392578,0.0017736706645813134,0.16642604611776046,0.002287030452862382,-0.21452085971832274,0.2086226940155029,0.09660438713992528,10.896449089050293,0.00029886032510722805,0.07082926936419429,0.0010601346148177981,-0.08914554119110107,0.08926947116851808,0.023397545680587186,11.912074089050293,-3.096437614322176e-05,0.024690377139194593,0.0003072920080740005,-0.03182909078896046,0.031411509960889816
F:\Seminario\Seminario-Clustering\datasets\davi\Al Emadi (2019)\Multiclass_Drone_Audio\bebop_1\B_S2_D1_099-bebop_003_.wav,Multiclass_Drone_Audio\bebop_1\B_S2_D1_099-bebop_003_.wav,al_emadi,B_S2_D1_099-bebop_003,1.024,0.9200039155231678,8.547201156616211,0.006979439092789388,0.7452238827365041,0.0014207360800355673,-0.8368018865585327,0.963531494140625,0.008601023270869968,8.370084762573242,-0.0004307279262214223,0.07205734900643818,-0.0012874514795839787,-0.08073922246694565,0.0819253996014595,0.01847197324628582,9.93795394897461,-0.0012527630940954264,0.07518116205656791,0.0004363818443380296,-0.10127629190683365,0.09269516468048095,0.03193304360389812,10.920164108276367,-0.0002732008602481161,0.07015179113323392,-0.0003478260478004813,-0.0891331523656845,0.09028410762548447,0.020990044355778253,11.925066947937012,9.1746375552851e-05,0.04028581309973091,0.0001721372827887535,-0.05130414292216301,0.05168759636580944
F:\Seminario\Seminario-Clustering\datasets\davi\Al Emadi (2019)\Multiclass_Drone_Audio\unknown\3-51731-B-421.wav,Multiclass_Drone_Audio\unknown\3-51731-B-421.wav,al_emadi,3-51731-B-421,1.0216875,0.2624228704672655,8.882723808288574,0.00588221544192576,0.6043625124276031,0.04996873810887337,-0.8204675078392029,0.7411830604076386,0.2536764930124396,8.849722862243652,-8.467806183312262e-05,0.5942338139426883,0.007215137593448162,-0.7344801485538482,0.7424291968345647,0.3689353193346392,9.909496307373047,-0.0005640564540443912,0.510149527276648,-0.003338667214848101,-0.6413657307624816,0.6452439546585081,0.10616172058325844,10.808935165405273,-0.0015346283526353039,0.1941570106499646,2.1238265162537573e-05,-0.24260283857583997,0.23373343348503114,0.008803596602397282,11.739916801452637,6.969313542763941e-05,0.03960393720991606,0.00022183881083037704,-0.04876404106616974,0.048333241045475005
F:\Seminario\Seminario-Clustering\datasets\davi\Al Emadi (2019)\Multiclass_Drone_Audio\unknown\1-101336-A-301.wav,Multiclass_Drone_Audio\unknown\1-101336-A-301.wav,al_emadi,1-101336-A-301,1.0216875,0.936025406186924,6.590904235839844,0.011727596866577874,0.48548091697281537,-0.017251387238502502,-0.1990553304553032,0.28545475304126744,0.05991649443267624,4.717902183532715,-0.0002235338233039353,0.12286481520845809,-2.9664669455087278e-05,-0.034659378603100775,0.03501705415546895,0.0032029048444114417,5.586802959442139,-1.86121270167258e-05,0.02022237972362019,-8.954742725109099e-07,-0.00637706322595477,0.006349262315779919,0.0008173879762593201,4.586991786956787,-1.6374211710511128e-05,0.007248255053563601,1.424317633791361e-05,-0.002331947907805442,0.00233225526753813,3.7806559728962185e-05,5.55579948425293,2.628090473091362e-06,0.0011041526398930174,-4.168382474745158e-06,-0.000481755580403842,0.0004873058816883713
F:\Seminario\Seminario-Clustering\datasets\davi\Al Emadi (2019)\Multiclass_Drone_Audio\unknown\pink_noise004.wav,Multiclass_Drone_Audio\unknown\pink_noise004.wav,al_emadi,pink,4.992,0.7317289025045528,11.306781768798828,0.03500646996263552,1.0201033570141513,0.03401865065097809,-1.2831279277801513,1.3377526998519897,0.06578469578418063,11.249306678771973,-0.002041889339372181,0.3060394478939732,0.0034942664206027985,-0.3989479899406433,0.3836860954761504,0.06854195783883825,12.246575355529785,-0.0031236713099379227,0.22119375011545417,-0.0034275874495506287,-0.28756991028785706,0.2802794456481934,0.06610698975022852,13.22648811340332,-1.9415149305203926e-06,0.1537309797828158,0.00017464342818129808,-0.1967092901468277,0.1973291277885437,0.06783745412219978,14.241653442382812,-0.0003926233584705754,0.11015566985753694,-0.0008385470428038388,-0.14091719835996627,0.14163170456886287
F:\Seminario\Seminario-Clustering\datasets\davi\Al Emadi (2019)\Multiclass_Drone_Audio\membo_1\Membo_0_041-membo_000_.wav,Multiclass_Drone_Audio\membo_1\Membo_0_041-membo_000_.wav,al_emadi,Membo_0_041-membo_000,1.024,0.6899819024634578,9.356742858886719,0.00040661626602088826,0.09421485494422444,-0.0049843937158584595,-0.11920945346355438,0.12298370152711868,0.052541331677798606,9.009777069091797,-0.00014430667754093435,0.025998508751082606,0.0007300592842511833,-0.032824497669935226,0.03213393688201904,0.058902633229125353,9.899652481079102,-9.133216871205602e-05,0.01960058061985063,-0.0002461691037751734,-0.02437251582741737,0.024183175340294835,0.09481484083340572,10.703227996826172,-7.49499149120803e-05,0.01764614155033391,0.0003045472549274564,-0.02162403166294098,0.0212003905326128,0.1037592917962125,11.638782501220703,-3.862958058872487e-05,0.01307530428118248,-4.327483839006163e-05,-0.015728157944977283,0.01546806376427412
F:\Seminario\Seminario-Clustering\datasets\davi\Al Emadi (2019)\Multiclass_Drone_Audio\unknown\2-32834-A-42.wav,Multiclass_Drone_Audio\unknown\2-32834-A-42.wav,al_emadi,2-32834-A-42,0.97525,0.03407879049519441,8.620990753173828,0.0008459111992984716,0.17283107488908803,-0.0008797954942565411,-0.2109671905636787,0.2093497529625892,0.04916085385388642,7.382293701171875,0.007917105985337524,0.2074333402185064,0.0006853188097011298,-0.15559480786323546,0.19679650515317915,0.3817098512477452,8.335416793823242,0.0014152730243975247,0.4120020526694733,-0.0002464952412992716,-0.3526228964328766,0.3497896790504459,0.5304278067925118,9.358030319213867,0.00035140698954750423,0.3446497247129086,-1.2094017620256636e-05,-0.2915479004383087,0.28912241756916046,0.004622697610662213,8.71445083618164,4.4123957771157134e-05,0.022791530075914383,4.869280246566632e-06,-0.008785448037087917,0.009401021525263786
F:\Seminario\Seminario-Clustering\datasets\davi\Al Emadi (2019)\Multiclass_Drone_Audio\bebop_1\mixed_27-bebop_000_.wav,Multiclass_Drone_Audio\bebop_1\mixed_27-bebop_000_.wav,al_emadi,mixed_27-bebop_000,1.024,0.5220252531489433,8.79277229309082,-0.0039696900613652945,0.11222685637041956,-0.0006531346589326859,-0.1420098841190338,0.13324680924415588,0.04449925379893091,8.93559455871582,-0.00011092288974390878,0.03278660320215477,-0.0008006599964573979,-0.0404217354953289,0.04089880734682083,0.11405144944048337,10.036112785339355,0.00041419044399464627,0.0373721424059735,0.0006658040219917893,-0.04861282706260681,0.04766157567501067,0.1830787634783127,10.962942123413086,-0.00032303669016415593,0.03359946640628754,-0.00022875900322105736,-0.04324021562933922,0.04345071464776993,0.13634528013332967,11.936751365661621,5.310461230938281e-05,0.020538879940382834,0.00020575206144712865,-0.026213662698864937,0.026286419481039047
F:\Seminario\Seminario-Clustering\datasets\davi\Al Emadi (2019)\Multiclass_Drone_Audio\unknown\2-151079-A-200.wav,Multiclass_Drone_Audio\unknown\2-151079-A-200.wav,al_emadi,2-151079-A-200,1.0216875,0.016116650128881402,6.917868614196777,-0.0004852885087168991,0.013538622042593618,-0.000233462116739247,-0.010226005874574184,0.010295370314270273,0.177530355094585,7.515737533569336,-1.8287511690812066e-05,0.04496267917115672,0.00010852229024749249,-0.039050687849521634,0.04084283709526066,0.5201225994288647,8.459737777709961,-0.0006227371679880626,0.054783035097468756,1.5911618447717046e-05,-0.044886536151170726,0.045588129013776735,0.2562103048656267,8.896262168884277,-9.949541459366057e-05,0.027282034205327287,-1.1654332411126234e-05,-0.018830706551671027,0.01779252849519253,0.030020090482042124,9.569957733154297,-2.1714039651144455e-05,0.006614717314733986,-3.5653041550176567e-06,-0.0045740298926830285,0.003838570090010763
F:\Seminario\Seminario-Clustering\datasets\davi\Al Emadi (2019)\Multiclass_Drone_Audio\unknown\1-52323-A-240.wav,Multiclass_Drone_Audio\unknown\1-52323-A-240.wav,al_emadi,1-52323-A-240,1.0216875,0.61180454220026,7.645775318145752,0.0005649100159928584,0.09682790371523971,-1.0175499255637988e-05,-0.08594291061162948,0.09746480137109761,0.1664703958493693,7.62888240814209,0.0008017804086770037,0.050502787365682096,1.1506042483233614e-06,-0.04311578534543514,0.05201628506183636,0.1391095639623306,7.913552284240723,-0.0008880054924085099,0.032856922562420246,-1.3027659861108987e-05,-0.02366007249802351,0.020570687204599373,0.0685343918267427,9.073965072631836,0.00015346002615713645,0.016368246846817945,4.257103228155756e-06,-0.012843663804233074,0.013428998179733757,0.014081106161297327,10.504359245300293,1.2844951151056651e-05,0.005255455711417946,1.1066027241213305e-06,-0.0047431151848286385,0.004961468372493984
F:\Seminario\Seminario-Clustering\datasets\davi\Al Emadi (2019)\Multiclass_Drone_Audio\membo_1\mixed_membo_63-membo_004_.wav,Multiclass_Drone_Audio\membo_1\mixed_membo_63-membo_004_.wav,al_emadi,mixed_membo_63-membo_004,0.904,0.5807102439454372,8.68735408782959,0.0006806986484847659,0.22830849194341163,0.0009924827609211206,-0.2798766791820526,0.28197968006134033,0.07506157902743564,8.809391975402832,-0.0023590717548777067,0.0820490720572817,-0.003158782608807087,-0.10899262875318527,0.09880992025136948,0.059524005226081284,9.78765869140625,0.0004554345726528189,0.052091556719165544,-0.0013316842960193753,-0.06629727482795715,0.06722007691860199,0.0806719309971848,10.472248077392578,-0.00048020606976482906,0.043050841078307346,-0.0005243108607828617,-0.05206018164753914,0.05068793743848801,0.20403224080386106,11.076157569885254,6.095887365695117e-05,0.048508629256232734,-0.0002602057211333886,-0.053108545020222664,0.05338449776172638
F:\Seminario\Seminario-Clustering\datasets\davi\Al Emadi (2019)\Multiclass_Drone_Audio\unknown\4-196672-A-83.wav,Multiclass_Drone_Audio\unknown\4-196672-A-83.wav,al_emadi,4-196672-A-83,1.0216875,0.11587990004830928,7.811160564422607,0.0003387534327846893,0.023724808051148308,0.00013099655916448683,-0.02205031644552946,0.023158788494765766,0.08497855161500886,8.21414852142334,-0.0003134972241644162,0.02031635871837238,-0.0007505653484258801,-0.021899344585835933,0.02159350719302893,0.057217596469149826,9.766682624816895,-2.1057709732660153e-05,0.011868953439081138,-0.0003054853150388226,-0.014500455185770988,0.0150438092648983,0.15329570582822996,10.755827903747559,6.372677502460121e-05,0.013783791874492244,-0.0001628214813536033,-0.016403279080986974,0.01740314196795225,0.5886282460393021,11.734371185302734,1.7867056226523403e-05,0.019131763875684514,-0.00019378542492631823,-0.023119451105594636,0.023687078803777694
F:\Seminario\Seminario-Clustering\datasets\davi\Al Emadi (2019)\Multiclass_Drone_Audio\unknown\5-180156-B-431.wav,Multiclass_Drone_Audio\unknown\5-180156-B-431.wav,al_emadi,5-180156-B-431,1.0216875,0.4119533612218628,8.670591354370117,0.0034232913622657506,0.7015217448469976,0.016653623431921005,-0.8269168257713317,0.8687837541103364,0.043429608148616065,8.901369094848633,0.01374403052945932,0.22736478216803482,0.018010279163718224,-0.2797655016183853,0.2930026620626451,0.07968733606399102,9.871745109558105,0.0021610747675459225,0.21963485870403213,0.006294449791312218,-0.2808810293674469,0.28434007465839384,0.3782257042216776,10.41214656829834,-0.000925935177083948,0.3395170616520484,-0.00026703237381298095,-0.4332812190055847,0.46131263971328745,0.08670399034385248,11.473965644836426,-2.9269603360825566e-05,0.11514193620979364,-7.278630801010877e-05,-0.15639762878417968,0.14822663813829423
F:\Seminario\Seminario-Clustering\datasets\davi\Al Emadi (2019)\Multiclass_Drone_Audio\bebop_1\B_S2_D1_118-bebop_001_.wav,Multiclass_Drone_Audio\bebop_1\B_S2_D1_118-bebop_001_.wav,al_emadi,B_S2_D1_118-bebop_001,1.024,0.42394015102720284,7.740553855895996,-0.0005971269144527998,0.19926466326674938,-0.0017928020097315311,-0.18770936131477356,0.1810566931962967,0.07424204160751006,8.97503662109375,0.00043666625918815406,0.08338711310397665,-0.00011440678645158187,-0.10465174913406372,0.10346570611000061,0.1123945129728794,9.939632415771484,-0.00010072580119545092,0.07305564833770906,-0.0002699768228922039,-0.09362631291151047,0.09363066405057907,0.2371684671808186,10.918333053588867,0.0015436655900900903,0.0752884021246434,0.0007746929186396301,-0.09471182823181153,0.09769492745399476,0.1522548272115891,11.9414644241333,1.388092399271737e-06,0.042736709396341534,0.0004979852528776973,-0.054463934153318405,0.054885806515812874
F:\Seminario\Seminario-Clustering\datasets\davi\Al Emadi (2019)\Multiclass_Drone_Audio\unknown\3-158056-A-310.wav,Multiclass_Drone_Audio\unknown\3-158056-A-310.wav,al_emadi,3-158056-A-310,1.0216875,0.08371099777227203,5.27777624130249,-6.733292465647617e-05,0.0024249526180231745,-0.00010674742588889785,-0.0005971309205051511,0.0006783629592973741,0.013838386112959136,4.857967853546143,7.382745991658914e-05,0.0009835626790264727,5.706453976017656e-07,-0.00025433654955122617,0.00028863821935374445,0.049223157756893794,5.5448713302612305,2.6299155446302714e-05,0.0013239872194119018,-7.813962099589844e-07,-0.0002754164685029536,0.0002324096160009503,0.182445173295333,4.8476080894470215,3.500160439509055e-05,0.001808546369089362,4.3848876885022037e-07,-0.00021141356701264154,0.0002207816607551652,0.670782285062542,4.663488864898682,-5.721728383203182e-07,0.0024567552346227003,3.3984176184276293e-07,-0.0002682512247702107,0.00027053145749960094
F:\Seminario\Seminario-Clustering\datasets\davi\Al Emadi (2019)\Multiclass_Drone_Audio\bebop_1\mixed_63-bebop_002_.wav,Multiclass_Drone_Audio\bebop_1\mixed_63-bebop_002_.wav,al_emadi,mixed_63-bebop_002,1.024,0.6543505949961902,8.936090469360352,-0.002021489293499164,0.2928534445490784,0.002514032879844308,-0.3610776364803314,0.3761243522167206,0.06982055270905393,8.764822006225586,-0.002410976256349777,0.09563329080010632,-0.004648825619369745,-0.12088292092084885,0.11614664644002914,0.052813831649634733,9.942049026489258,-0.0007132029363132684,0.05923788299408824,-0.0007794034318067133,-0.07730821073055268,0.07208357900381086,0.07792857553482532,10.874544143676758,-7.869145183198861e-05,0.05106392759477516,-0.0007558923098258674,-0.06580200642347335,0.06409570127725603,0.1450864451102958,11.551689147949219,-5.579905772445739e-05,0.04935193498060893,3.777008532779291e-05,-0.057693229988217354,0.057976193726062775
F:\Seminario\Seminario-Clustering\datasets\davi\Al Emadi (2019)\Multiclass_Drone_Audio\unknown\3-134699-A-163.wav,Multiclass_Drone_Audio\unknown\3-134699-A-163.wav,al_emadi,3-134699-A-163,1.0216875,0.9670329749507658,8.725421905517578,-0.0005898738267941699,0.5040208493698909,-0.025147665292024612,-0.5730912327766419,0.6526489019393924,0.019424618471488006,8.97512435913086,-0.0028581178903897744,0.0713767021768595,-0.0015235814498737454,-0.09269548133015633,0.08859492912888528,0.003916144020274426,9.802153587341309,-6.381330296079403e-05,0.022832903701552967,0.0001988261574297212,-0.02813050877302885,0.02728781122714281,0.0031037714938037973,9.886829376220703,0.00010221207309470943,0.01442206758565008,2.813367245835252e-06,-0.014468609914183616,0.014714625850319865,0.006522491063667953,9.491734504699707,-3.740778016360071e-06,0.014809029296513877,6.5590675148996525e-06,-0.009453189000487326,0.009414691291749478
F:\Seminario\Seminario-Clustering\datasets\davi\Al Emadi (2019)\Multiclass_Drone_Audio\membo_1\Membo_0_006-membo_000_.wav,Multiclass_Drone_Audio\membo_1\Membo_0_006-membo_000_.wav,al_emadi,Membo_0_006-membo_000,1.024,0.6275229695768194,8.724096298217773,2.0533859481982758e-05,0.1022196742428786,0.001998711610212922,-0.11622656136751175,0.11898612231016159,0.039598095960649254,9.025627136230469,0.00014711542273426252,0.025677320311891925,-0.0005401484668254852,-0.03245380520820618,0.0333167128264904,0.07660332548039805,9.90644645690918,0.0003563299650282835,0.025427436614090124,9.309790038969368e-05,-0.03185940608382225,0.03335405066609382,0.10486460103461255,10.776158332824707,-6.952170174247625e-05,0.021112648056694966,-0.00023484243138227612,-0.02641426995396614,0.026517346873879438,0.15141100794752071,11.755061149597168,-2.9653377354875365e-06,0.017969417916416066,-0.00026589557819534093,-0.022484133951365948,0.02229564730077982
F:\Seminario\Seminario-Clustering\datasets\davi\Al Emadi (2019)\Multiclass_Drone_Audio\unknown\2-141681-A-360.wav,Multiclass_Drone_Audio\unknown\2-141681-A-360.wav,al_emadi,2-141681-A-360,1.0216875,0.3735051790754282,8.924992561340332,-0.0054407107615956725,0.26660946876259967,-0.006533542415127158,-0.3448976814746857,0.32820633947849276,0.409076015665531,9.001522064208984,0.004538358973247223,0.2790372805267485,0.00801147404126823,-0.3628656715154648,0.35524491071701053,0.1332567760589264,9.95849323272705,-0.001479839324978601,0.11337849757014179,-0.00032576642115600407,-0.14170802235603333,0.14450693875551224,0.0405342911710864,10.91656494140625,0.0001783774984219151,0.044370148418286105,-0.0004062112857354805,-0.0563575729727745,0.05705587714910509,0.04362773802902801,11.9058198928833,3.070018317982973e-05,0.032605475319919086,-0.0003406343894312158,-0.04107063226401806,0.04142858907580376
F:\Seminario\Seminario-Clustering\datasets\davi\Al Emadi (2019)\Multiclass_Drone_Audio\unknown\4-146200-A-364.wav,Multiclass_Drone_Audio\unknown\4-146200-A-364.wav,al_emadi,4-146200-A-364,0.95975,0.16765331976202288,8.751119613647461,-0.048614987882632715,0.516918797411556,-0.049128295853734016,-0.6834182441234589,0.5934889912605286,0.47115890401510896,8.985733032226562,-0.015402577071602723,0.8702502068156249,-0.03564801439642906,-1.106923758983612,1.132388949394226,0.15134622644399562,9.830964088439941,-0.007478781768500852,0.3512417741083046,-0.006288745207712054,-0.44463651180267333,0.4487099558115006,0.1423364106094336,10.835653305053711,-0.0029076087189183228,0.24176857278394043,0.0016682306886650622,-0.3127751678228378,0.3065512955188751,0.06750513916943891,11.846887588500977,0.0017217397474335778,0.11794225521262382,0.001097875996492803,-0.14837895333766937,0.15294869989156726
F:\Seminario\Seminario-Clustering\datasets\davi\Al Emadi (2019)\Multiclass_Drone_Audio\membo_1\Membo_1_030-membo_003_.wav,Multiclass_Drone_Audio\membo_1\Membo_1_030-membo_003_.wav,al_emadi,Membo_1_030-membo_003,1.024,0.6362068757271498,8.837830543518066,0.0007292723788570331,0.11259377404982338,0.002303529530763626,-0.13599777221679688,0.14233995974063873,0.0396424830251878,9.012011528015137,8.941147857071653e-05,0.02810622698700039,0.0006742156692780554,-0.03652946278452873,0.035333774983882904,0.09431011369051319,10.082479476928711,-0.00032836288460389384,0.03086601616967059,-0.0008266133954748511,-0.03981790840625763,0.041184133291244505,0.11343371655623072,10.930852890014648,-7.398915172724482e-05,0.024021729174426895,-0.00023283764312509447,-0.03047081418335438,0.030558018386363985,0.11640681100091846,11.813545227050781,-3.053662965041134e-05,0.01723647437474557,-3.9242870116140693e-05,-0.02127260621637106,0.021401379257440567
F:\Seminario\Seminario-Clustering\datasets\davi\Al Emadi (2019)\Multiclass_Drone_Audio\unknown\1-36400-A-232.wav,Multiclass_Drone_Audio\unknown\1-36400-A-232.wav,al_emadi,1-36400-A-232,0.97525,0.0,-0.0,0.0,0.0,0.0,0.0,0.0,0.0,-0.0,0.0,0.0,0.0,0.0,0.0,0.0,-0.0,0.0,0.0,0.0,0.0,0.0,0.0,-0.0,0.0,0.0,0.0,0.0,0.0,0.0,-0.0,0.0,0.0,0.0,0.0,0.0
F:\Seminario\Seminario-Clustering\datasets\davi\Al Emadi (2019)\Multiclass_Drone_Audio\membo_1\mixed_membo_59-membo_002_.wav,Multiclass_Drone_Audio\membo_1\mixed_membo_59-membo_002_.wav,al_emadi,mixed_membo_59-membo_002,1.024,0.8757790075512241,8.922653198242188,-0.0016453338177717617,0.09360094820055341,-0.0035903837997466326,-0.11897319555282593,0.12529118359088898,0.0413502360274049,8.982895851135254,-0.00042713197001906136,0.02033729931953473,1.721719490888063e-05,-0.02607668563723564,0.024539602920413017,0.020728148487514256,9.896778106689453,-3.826769899305421e-05,0.010254842599209406,-5.1448772865114734e-05,-0.012805285677313804,0.012614496052265164,0.028336326244211642,10.858843803405762,0.00013371160428515111,0.008507052426147386,9.92069544736296e-05,-0.010440537519752978,0.01060845460742713,0.03380628168964511,11.883642196655273,6.733430452132464e-06,0.00658239798747437,-6.718953954987228e-05,-0.008263116236776114,0.008233871776610613
F:\Seminario\Seminario-Clustering\datasets\davi\Al Emadi (2019)\Multiclass_Drone_Audio\unknown\1-29680-A-210.wav,Multiclass_Drone_Audio\unknown\1-29680-A-210.wav,al_emadi,1-29680-A-210,1.0216875,0.40978827160081316,6.900820255279541,-5.596612304508955e-05,0.1625492429979154,4.4964121116208844e-05,-0.10972772315144538,0.10785687416791918,0.20408184521653677,6.324479103088379,-0.0027689502844871765,0.11467819123343871,-5.615162535832496e-06,-0.06768963262438774,0.06147198975086213,0.18357228067662035,7.769872188568115,0.00023263966751846613,0.0774483527853205,5.306150796968723e-06,-0.05633723624050617,0.05812702849507331,0.12351653500363781,9.273118019104004,0.00017035110848235465,0.045074412654649246,-9.269885197227268e-07,-0.0351040493696928,0.03658792600035668,0.0790410675023919,9.071480751037598,-0.0001264685416049365,0.025539830201798865,-7.7277056220737e-07,-0.01611675377935171,0.015517157968133688
F:\Seminario\Seminario-Clustering\datasets\davi\Al Emadi (2019)\Multiclass_Drone_Audio\bebop_1\B_S2_D1_094-bebop_000_.wav,Multiclass_Drone_Audio\bebop_1\B_S2_D1_094-bebop_000_.wav,al_emadi,B_S2_D1_094-bebop_000,1.024,0.6494639136466913,8.078556060791016,0.000953576398510549,0.3001698508352466,0.004952921997755766,-0.29626938700675964,0.3205481767654419,0.023295968329326427,8.957418441772461,6.0556417553850424e-05,0.05685018731741229,0.00014295402797870338,-0.07209803909063339,0.07171173393726349,0.05939363841396901,9.968727111816406,-0.0006580904776076943,0.0646310062413021,-0.00025909821852110326,-0.08623615503311158,0.08224467635154722,0.14355530900176255,10.970514297485352,0.0006948795261293359,0.07130035371228068,0.0006805237499065697,-0.09038982540369034,0.09103523790836335,0.12429117060825072,11.946884155273438,6.350076458057008e-05,0.046994508423101544,0.00033066644391510636,-0.06041783280670643,0.060343656688928604
F:\Seminario\Seminario-Clustering\datasets\davi\Al Emadi (2019)\Multiclass_Drone_Audio\bebop_1\mixed_48-bebop_003_.wav,Multiclass_Drone_Audio\bebop_1\mixed_48-bebop_003_.wav,al_emadi,mixed_48-bebop_003,1.024,0.6641125809767735,8.653149604797363,-0.003469947645519674,0.14501328775375774,0.002771966392174363,-0.1854194849729538,0.15918929874897003,0.02145012473293129,8.913135528564453,-0.0005090552485169915,0.02606413601351827,-0.000177405119757168,-0.03437075763940811,0.03133692964911461,0.06939158377519646,9.934089660644531,-0.0012769577471817837,0.03336171991534508,-0.0006076164427213371,-0.04448345750570297,0.03962006121873855,0.14677957610747627,10.939223289489746,-0.0001356267237924621,0.034454948472171745,-3.36813936883118e-05,-0.044303784519433974,0.043538542091846474,0.09826613440762248,11.94857120513916,-3.3785740910532634e-06,0.01996865303172119,0.00013932193542132154,-0.025686584413051605,0.02579045481979847
F:\Seminario\Seminario-Clustering\datasets\davi\Al Emadi (2019)\Multiclass_Drone_Audio\bebop_1\mixed_59-bebop_002_.wav,Multiclass_Drone_Audio\bebop_1\mixed_59-bebop_002_.wav,al_emadi,mixed_59-bebop_002,1.024,0.50095377850214,8.940753936767578,-0.00025860717581717636,0.09305974328878192,-0.0010566376149654388,-0.12309923022985458,0.11824944615364075,0.03963688925959945,8.986599922180176,-0.0007850365633124435,0.026164901390555488,-0.0008123634615913033,-0.03489883244037628,0.033668309450149536,0.10720171636269299,9.978904724121094,0.00031605951706205066,0.030650968131081497,0.001063974224962294,-0.039230702072381975,0.03900826349854469,0.20871299977464194,10.908146858215332,0.0001761041515464912,0.03034890829349938,-2.3693843104410917e-05,-0.037768080830574036,0.03925527408719063,0.14349461610092565,11.923514366149902,5.2468568661941165e-05,0.01782445343524266,-0.00023206990590551868,-0.022697022184729576,0.02282712049782276
F:\Seminario\Seminario-Clustering\datasets\davi\Al Emadi (2019)\Multiclass_Drone_Audio\unknown\5-177034-A-180.wav,Multiclass_Drone_Audio\unknown\5-177034-A-180.wav,al_emadi,5-177034-A-180,1.0216875,0.9853068654855127,9.006217956542969,-0.0007555840975710313,0.02331439777985683,-9.54671086219605e-05,-0.03151738829910755,0.029022349417209627,0.007408804810479596,8.960376739501953,4.408357299953427e-05,0.0020222614537447085,2.9184751838329248e-05,-0.0024840843630954622,0.002654287940822542,0.002792570047357258,9.921601295471191,-1.0780205200009621e-05,0.0008839781255050553,-6.128332415755722e-06,-0.0011603900231420992,0.0010851901955902575,0.002149314330474222,10.960716247558594,3.2102722240696427e-06,0.0005502681851582841,4.880067336898719e-07,-0.0006941571948118508,0.0007220025639981032,0.0023424453261761875,11.924864768981934,2.9309447045006665e-06,0.0004068942948990926,-2.756059188868676e-06,-0.0005162994202692062,0.0005238561483565719
F:\Seminario\Seminario-Clustering\datasets\davi\Al Emadi (2019)\Multiclass_Drone_Audio\bebop_1\B_S2_D1_102-bebop_002_.wav,Multiclass_Drone_Audio\bebop_1\B_S2_D1_102-bebop_002_.wav,al_emadi,B_S2_D1_102-bebop_002,1.024,0.8307391683563597,8.176115036010742,-0.012991511626349634,0.48955883704748143,-0.015886925160884857,-0.5381853580474854,0.5170268416404724,0.014065142789982898,8.970965385437012,-0.00011002329407333288,0.06372309197205672,0.0009986612712964416,-0.08213379979133606,0.07971314340829849,0.04236391915332715,9.976797103881836,-0.002705749859297163,0.07869889912057598,-0.005008073057979345,-0.09958290308713913,0.10099356174468992,0.06742933387388174,10.97336196899414,0.0015277341445673837,0.07047884072166267,0.0008120225975289941,-0.08771287351846695,0.09220168441534043,0.04540243582644847,11.91207504272461,-0.00012424357873492412,0.04097307808788792,0.000348338347976096,-0.05316530726850033,0.05098484642803669
F:\Seminario\Seminario-Clustering\datasets\davi\Al Emadi (2019)\Multiclass_Drone_Audio\membo_1\Membo_0_001-membo_004_.wav,Multiclass_Drone_Audio\membo_1\Membo_0_001-membo_004_.wav,al_emadi,Membo_0_001-membo_004,0.896,0.6644052549920088,9.246417999267578,-0.002426758391645415,0.08212698903435892,-0.0031230298336595297,-0.10626235455274582,0.10760043263435363,0.16149729895883863,8.989716529846191,8.802344474899492e-06,0.04050806398175059,-3.0322302336571738e-05,-0.052442310750484465,0.056185694783926016,0.049474117425702395,9.769088745117188,0.0004747788635208314,0.015972742949724644,0.0004670913331210613,-0.019784964621067047,0.020917377620935443,0.057941985890078554,10.75294017791748,-1.9530334736733474e-05,0.012277310022309515,-0.00010546474368311465,-0.015801231563091277,0.015414364263415336,0.06668134273337165,11.78178596496582,-2.749155556854232e-05,0.009331195520600263,-0.000190525664947927,-0.011907499562948941,0.012172698695212605
F:\Seminario\Seminario-Clustering\datasets\davi\Al Emadi (2019)\Multiclass_Drone_Audio\bebop_1\B_S2_D1_114-bebop_000_.wav,Multiclass_Drone_Audio\bebop_1\B_S2_D1_114-bebop_000_.wav,al_emadi,B_S2_D1_114-bebop_000,1.024,0.09472365975436732,9.035467147827148,-0.001886927949584317,0.06645820400344805,0.0001599029783392325,-0.08975639939308167,0.08010979741811752,0.04291231529156877,9.02165699005127,0.0004050125189132251,0.044747370823068795,0.0009623835212551057,-0.057191114872694016,0.05956478416919708,0.19366971124519444,9.968435287475586,-0.0010396474490006592,0.06768238781540523,-0.0016566830454394221,-0.09053083807229996,0.08650338798761367,0.39615918398373673,10.940139770507812,3.610878465797941e-05,0.06869736201497469,0.0005661233444698155,-0.08747465461492539,0.08602669984102251,0.2725351297251327,11.930654525756836,0.00011572315494074516,0.04035890715229307,0.0007153273618314415,-0.0516648069024086,0.050814056769013405
F:\Seminario\Seminario-Clustering\datasets\davi\Al Emadi (2019)\Multiclass_Drone_Audio\bebop_1\B_S2_D1_118-bebop_004_.wav,Multiclass_Drone_Audio\bebop_1\B_S2_D1_118-bebop_004_.wav,al_emadi,B_S2_D1_118-bebop_004,0.896,0.775409538068538,7.9392242431640625,-0.0009891751300605853,0.3629631004680069,-0.003088646335527301,-0.37882026433944704,0.37788164615631153,0.015159514270621892,8.756160736083984,-0.0013573495046429731,0.05073244421097081,0.0009406903409399092,-0.06267370581626892,0.060491049289703384,0.045308635451726836,9.727113723754883,0.0002341379063409852,0.06253301314331602,0.0004766375059261918,-0.07711977213621139,0.07963748276233677,0.09959996330988635,10.744216918945312,0.0012664660403473623,0.06581060893552924,0.0022163614630699158,-0.08223033249378203,0.08306404650211334,0.06452234889922696,11.731141090393066,-6.0767327745991814e-05,0.037534547422956074,6.912209755682852e-05,-0.04734540730714798,0.04764496199786663
F:\Seminario\Seminario-Clustering\datasets\davi\Al Emadi (2019)\Multiclass_Drone_Audio\unknown\3-147965-A-122.wav,Multiclass_Drone_Audio\unknown\3-147965-A-122.wav,al_emadi,3-147965-A-122,0.97525,0.9074713035002506,8.647534370422363,0.0013976666568542603,0.09324205563367696,0.00251294590998441,-0.11365924179553985,0.11071268692612644,0.015716235743399583,8.234746932983398,-4.2928924866721205e-05,0.012272012489058093,-1.8306317997485166e-05,-0.013062047865241766,0.013021424878388643,0.012108279108984776,9.412440299987793,-5.2111348556156624e-05,0.007672301967634373,-1.5371160770882852e-05,-0.00864373128861189,0.008755979686975482,0.021555428074296126,10.722490310668945,0.00020000995732075857,0.007261693339669706,0.00028148022829554975,-0.00887786177918315,0.009068048465996981,0.04314875357306893,11.571426391601562,-3.3527488599519296e-05,0.007280568614367165,2.5878432097670157e-05,-0.008609528187662363,0.008556050714105368
F:\Seminario\Seminario-Clustering\datasets\davi\Al Emadi (2019)\Multiclass_Drone_Audio\unknown\2-59321-A-493.wav,Multiclass_Drone_Audio\unknown\2-59321-A-493.wav,al_emadi,2-59321-A-493,1.0216875,0.42001522908573335,8.231165885925293,-0.0017301591528050392,0.4470809023026538,-0.009193848352879286,-0.5110435903072357,0.47771278321743016,0.3527429143119706,7.91520881652832,-0.0047057012533451865,0.4096918686166789,-0.004717488074675202,-0.43000003695487976,0.42126069962978385,0.09682829668579304,8.926445960998535,-0.002998895850583718,0.15278464577776907,-0.0007382952317129821,-0.17230432778596874,0.15777895897626876,0.06617655303624638,9.50058650970459,-0.00016561444007366627,0.08963416528443491,-0.0002461460535414517,-0.08512085676193237,0.08152657225728045,0.0642370068802566,10.563263893127441,9.896828626527953e-05,0.06255192050947427,1.2986787623958662e-05,-0.05915143936872482,0.058332101255655314
F:\Seminario\Seminario-Clustering\datasets\davi\Al Emadi (2019)\Multiclass_Drone_Audio\membo_1\Membo_2_017-membo_003_.wav,Multiclass_Drone_Audio\membo_1\Membo_2_017-membo_003_.wav,al_emadi,Membo_2_017-membo_003,1.024,0.5323060844911263,9.375933647155762,0.0011213097288339182,0.0752466969167533,0.0019729763735085726,-0.10115872323513031,0.10185346007347107,0.05080037522097332,9.10902214050293,-0.0001622837302451674,0.023247584082959794,0.0008844146504998207,-0.03203943371772766,0.030082711949944496,0.04326747225702139,9.993278503417969,-2.93712226998534e-05,0.015276948582846032,-2.3745147700537927e-05,-0.01975679136812687,0.020065377280116082,0.1179073409142756,10.95915412902832,0.00022995075545849844,0.017893711005976386,0.0005236815195530653,-0.022915442660450935,0.02331550642848015,0.2557187271166034,11.922574996948242,-1.522795538503503e-05,0.018666877220848747,-0.00019313445227453485,-0.023382791317999363,0.023976213298738003
F:\Seminario\Seminario-Clustering\datasets\davi\Al Emadi (2019)\Multiclass_Drone_Audio\bebop_1\B_S2_D1_088-bebop_003_.wav,Multiclass_Drone_Audio\bebop_1\B_S2_D1_088-bebop_003_.wav,al_emadi,B_S2_D1_088-bebop_003,1.024,0.6952397892177385,8.242525100708008,0.003964769910413663,0.3262555970485707,0.01588810794055462,-0.35668447613716125,0.3575514554977417,0.028697803781522726,8.918802261352539,0.0005302233428208294,0.06628773591199548,0.002856574719771743,-0.08430219441652298,0.08607061952352524,0.06174739840288342,9.937253952026367,0.0010158941088762741,0.06922883498099196,0.00010900790221057832,-0.08787810653448104,0.09236364513635635,0.1222542639450459,10.926562309265137,-0.0003228458727322866,0.0691291021529559,0.00021906795154791325,-0.08905600905418395,0.08631382882595064,0.09206074465280942,11.938809394836426,-0.00015237647929860628,0.04249059150785675,-0.0008882664260454476,-0.05380250699818134,0.05472390912473202
F:\Seminario\Seminario-Clustering\datasets\davi\Al Emadi (2019)\Multiclass_Drone_Audio\membo_1\Membo_0_039-membo_001_.wav,Multiclass_Drone_Audio\membo_1\Membo_0_039-membo_001_.wav,al_emadi,Membo_0_039-membo_001,1.024,0.40219460485891095,9.361595153808594,-0.0001808637214528147,0.06117100511597159,-0.00044975141645409167,-0.07932217419147491,0.08132240921258926,0.05288631533278907,8.80908203125,8.603898811835391e-06,0.022182015542242545,-0.0007387246587313712,-0.026076141744852066,0.029705457389354706,0.16361636963686874,9.768864631652832,-1.2442786622234498e-05,0.027780779366611462,5.636274363496341e-05,-0.03385697454214096,0.03385773822665214,0.19028832373443272,10.711860656738281,-6.679370729926328e-05,0.021259069247615475,-0.0003050842205993831,-0.02634662687778473,0.026194179058074953,0.19101438643699853,11.729530334472656,-8.500387954075086e-06,0.015086828802032284,-0.00011050977991544642,-0.018563125282526016,0.018701965920627117
F:\Seminario\Seminario-Clustering\datasets\davi\Al Emadi (2019)\Multiclass_Drone_Audio\bebop_1\B_S2_D1_103-bebop_002_.wav,Multiclass_Drone_Audio\bebop_1\B_S2_D1_103-bebop_002_.wav,al_emadi,B_S2_D1_103-bebop_002,1.024,0.7110451851181938,8.244007110595703,0.0007414875955275037,0.3408451413947451,0.0015210293931886554,-0.3799661695957184,0.3581897020339966,0.022921800151886152,8.843825340270996,0.0005934818314921623,0.06119465022735691,0.0013966193655505776,-0.07301037758588791,0.07725896686315536,0.07546334102623671,9.874181747436523,-0.0013198492581978356,0.07905306589482407,-0.0035433932207524776,-0.1000800684094429,0.09799388945102691,0.10985156019135303,10.860835075378418,0.0014493751504289706,0.06767433101189307,0.0013133293250575662,-0.08357453942298888,0.0872494637966156,0.0807181135123303,11.809491157531738,-9.856849061375182e-05,0.041098822085360774,-0.00016215144569287077,-0.05058702640235424,0.05118417926132679
F:\Seminario\Seminario-Clustering\datasets\davi\Al Emadi (2019)\Multiclass_Drone_Audio\bebop_1\mixed_2-bebop_002_.wav,Multiclass_Drone_Audio\bebop_1\mixed_2-bebop_002_.wav,al_emadi,mixed_2-bebop_002,1.024,0.015752841035757296,9.021533966064453,-0.0007995315144693862,0.06282233336904032,-0.0016495309537276626,-0.08107039332389832,0.07731202989816666,0.1639348511023633,8.53297233581543,-9.321590621785555e-05,0.2026774359736159,-0.0005047761369496584,-0.22911213338375092,0.24236507713794708,0.7443139926457059,8.757097244262695,0.00015903422478825668,0.3075031173146645,0.00016348691133316606,-0.30604893565177915,0.27562975287437425,0.05986354337379093,10.424413681030273,0.0005082387858088885,0.06187956872931753,-0.0002716891176532954,-0.06826399117708207,0.06940232068300249,0.016134771842382635,11.895398139953613,8.781911049240611e-05,0.022755351953803772,0.00036765626282431185,-0.02856593020260334,0.028772161342203617
F:\Seminario\Seminario-Clustering\datasets\davi\Al Emadi (2019)\Multiclass_Drone_Audio\membo_1\Membo_0_003-membo_001_.wav,Multiclass_Drone_Audio\membo_1\Membo_0_003-membo_001_.wav,al_emadi,Membo_0_003-membo_001,1.024,0.3367667714659655,9.202208518981934,0.00013014834477229675,0.08195964166904776,-0.000671630259603262,-0.09933199733495712,0.10264025628566742,0.07821432466797648,9.08432388305664,-0.00019934577771368238,0.03949786327458618,-5.3807645599590614e-05,-0.05232902243733406,0.05045461654663086,0.15883809097721419,10.013078689575195,0.0003870141257228857,0.040076960229055644,0.0005196257843635976,-0.05122054815292358,0.05221463367342948,0.21818399844088732,10.871013641357422,-5.9743855634978214e-05,0.03333171629525254,-0.00016636683722026646,-0.04258871227502823,0.04298225045204164,0.2079968144479565,11.788812637329102,-5.9832083266739634e-06,0.023051539945967894,9.366396261611953e-05,-0.028662098571658134,0.02849650662392378
F:\Seminario\Seminario-Clustering\datasets\davi\Al Emadi (2019)\Multiclass_Drone_Audio\bebop_1\mixed_35-bebop_003_.wav,Multiclass_Drone_Audio\bebop_1\mixed_35-bebop_003_.wav,al_emadi,mixed_35-bebop_003,1.024,0.4029765080964732,8.765684127807617,0.003034788983724821,0.20572712894977574,-0.0022384831681847572,-0.24930664896965027,0.25582024455070496,0.28327562766525033,8.704983711242676,-0.00866374891220048,0.17228804036190556,-0.006744961254298687,-0.21705088019371033,0.2045128494501114,0.19119128857745812,9.80462646484375,-0.0011628484543552702,0.10090341351227966,0.002191653475165367,-0.12719583213329314,0.12119240462779994,0.08910116180216253,10.878963470458984,0.00041090994014990394,0.048880564359826795,0.000934087613131851,-0.061303071677684784,0.06248738542199135,0.03345541385865583,11.923908233642578,0.0001399995972728119,0.021215744798941474,0.00022878633171785623,-0.02672333549708128,0.027410978451371193
F:\Seminario\Seminario-Clustering\datasets\davi\Al Emadi (2019)\Multiclass_Drone_Audio\unknown\1-17092-A-274.wav,Multiclass_Drone_Audio\unknown\1-17092-A-274.wav,al_emadi,1-17092-A-274,0.95975,0.22836100900678594,8.808450698852539,0.000615092457116218,0.01866327106939027,0.0020464638946577907,-0.024434424005448818,0.02262018248438835,0.030393448139659406,8.05521011352539,-0.00023746925384676923,0.006808296729319251,-0.0002795278269331902,-0.007692688377574086,0.006907596020027995,0.2390305320701875,7.0867838859558105,-0.00016631681163030426,0.01360495350261032,-5.532319119083695e-05,-0.011031525954604148,0.01025840947404504,0.3374252652993755,10.042710304260254,-5.57978705691491e-05,0.011472048260134395,3.3134527257061563e-05,-0.011882881261408329,0.012095146812498566,0.16478974548399164,11.214692115783691,-1.6597651576731067e-05,0.005679296635981321,-2.1153201487322804e-05,-0.006366275390610098,0.006250169221311809
F:\Seminario\Seminario-Clustering\datasets\davi\Al Emadi (2019)\Multiclass_Drone_Audio\unknown\4-140034-A-462.wav,Multiclass_Drone_Audio\unknown\4-140034-A-462.wav,al_emadi,4-140034-A-462,0.97525,0.46280200286732154,8.652179718017578,9.814969048248148e-05,0.024518689611191778,-0.0002128326377714984,-0.02894627749919891,0.029351409897208212,0.26350859709451263,8.693143844604492,0.00035139326081525544,0.01849788930293554,0.0004400488978717476,-0.022572174295783044,0.022730771452188492,0.16145254803297157,9.786218643188477,-7.550711230244734e-05,0.010314881233559949,-0.0001724881149129942,-0.012842226773500443,0.012623229995369916,0.1098470758574758,10.382946968078613,-8.653606765934685e-06,0.0060377760781604225,8.486778096994385e-05,-0.006988407485187053,0.006911427062004805,0.002389776147718507,10.866620063781738,-2.187746472552164e-07,0.0006308459182219461,-5.079844100919217e-07,-0.0006593940197490156,0.0006601468776352704
F:\Seminario\Seminario-Clustering\datasets\davi\Al Emadi (2019)\Multiclass_Drone_Audio\unknown\5-244310-A-252.wav,Multiclass_Drone_Audio\unknown\5-244310-A-252.wav,al_emadi,5-244310-A-252,0.97525,0.9676499340268442,8.210857391357422,0.0007008045766473108,0.26042727646580666,0.018601507879793644,-0.3210990309715271,0.22668277770280837,0.008784815364591192,7.418539047241211,0.00027331618372987513,0.024812405152021738,0.00032697449205443263,-0.02255663778632879,0.02458050269633531,0.007466710168575709,7.991076469421387,-0.00016464504831766377,0.016293774619679045,-0.00031286547891795635,-0.014466355741024017,0.014212427660822875,0.006941428928297522,7.660727500915527,2.6544945756779605e-05,0.011148904350003116,-2.8656729227805045e-05,-0.006120372377336025,0.006152744824066759,0.009157111511691435,7.706064224243164,-6.05243141825952e-06,0.009070884572333003,-6.162880026749917e-06,-0.003971457481384277,0.003999036271125078
F:\Seminario\Seminario-Clustering\datasets\davi\Al Emadi (2019)\Multiclass_Drone_Audio\membo_1\mixed_membo_0-membo_004_.wav,Multiclass_Drone_Audio\membo_1\mixed_membo_0-membo_004_.wav,al_emadi,mixed_membo_0-membo_004,0.904,0.9375333382809825,8.694326400756836,0.001292595007415395,0.1467072974604458,-0.003310475265607238,-0.1715022623538971,0.18418726325035095,0.013505855147880658,8.826282501220703,-0.00047101587882462015,0.017602762624390943,0.00023674445401411504,-0.022820068523287773,0.02123621478676796,0.013526161442088432,9.684041976928711,-4.817753332857589e-05,0.012558937915076855,-6.431427755160257e-05,-0.01552092246711254,0.015598454512655733,0.018042440779531696,10.561683654785156,4.4782471439888104e-05,0.010297266137007882,-5.9637204685714096e-05,-0.01220253724604845,0.012613207846879963,0.017392204349516754,11.439103126525879,4.951928631430756e-06,0.0071627220760590166,-1.7408607035918067e-06,-0.008531245402991772,0.008659502491354942
F:\Seminario\Seminario-Clustering\datasets\davi\Al Emadi (2019)\Multiclass_Drone_Audio\membo_1\mixed_membo_35-membo_001_.wav,Multiclass_Drone_Audio\membo_1\mixed_membo_35-membo_001_.wav,al_emadi,mixed_membo_35-membo_001,1.024,0.3510369834165301,8.97951889038086,-0.0041189614441254655,0.27295318911773947,-0.0140492282807827,-0.3346405029296875,0.35004687309265137,0.35039616561333004,9.0078763961792,-0.0028345972894750523,0.2727202555822389,-0.007926282472908497,-0.346625953912735,0.33428892493247986,0.22125424647986705,9.950669288635254,-0.00013249497213590713,0.15431514139421146,0.00017402262892574072,-0.1943172723054886,0.1994889199733734,0.06723705570665132,10.922353744506836,0.0003767464890617432,0.06036260839814004,0.0006342430133372545,-0.07476844638586044,0.0771801620721817,0.010075548783621473,11.904439926147461,1.9532142778898485e-05,0.016551251502074565,-4.505445212998893e-05,-0.020808403380215168,0.020937427878379822
F:\Seminario\Seminario-Clustering\datasets\davi\Al Emadi (2019)\Multiclass_Drone_Audio\unknown\3-154926-B-404.wav,Multiclass_Drone_Audio\unknown\3-154926-B-404.wav,al_emadi,3-154926-B-404,0.95975,0.7021176139810145,8.708581924438477,-0.00110726989970994,0.20727640655217563,-0.004190780455246568,-0.252852663397789,0.26386262476444244,0.19683843136849638,8.506050109863281,-0.0003996993374087967,0.1097496621431427,-0.0008953495416790247,-0.13184025883674622,0.12612759321928024,0.09038161571345993,9.209710121154785,-0.00045244492394949664,0.05296215709070132,0.0001865078302216716,-0.058181798830628385,0.0567164182662964,0.010127086793133084,10.20857048034668,2.005464324462835e-05,0.012581651255995233,-0.00020128089090576395,-0.014352646935731172,0.014213262405246495,0.0005352521438961735,10.79240608215332,6.277470758012586e-07,0.0020490338350993083,5.145421255292604e-06,-0.002211705734953284,0.002183300629258156
F:\Seminario\Seminario-Clustering\datasets\davi\Al Emadi (2019)\Multiclass_Drone_Audio\unknown\5-185908-A-182.wav,Multiclass_Drone_Audio\unknown\5-185908-A-182.wav,al_emadi,5-185908-A-182,0.97525,0.15241736501004322,8.453161239624023,-0.0012869709614992126,0.088966500299831,-0.0010570762096904218,-0.10608736425638199,0.10264218747615814,0.2408911822126375,8.507645606994629,0.004616365110049521,0.1117622111673511,0.0029112393967807293,-0.12066455334424972,0.1372768446803093,0.19513416938012415,9.666816711425781,-0.001274316231532264,0.0716973493684348,-1.7279040548601188e-05,-0.08984948098659515,0.08524399399757386,0.27480310397637364,10.580018997192383,-0.0003503450339902096,0.06038628079077993,-0.00018687044212128967,-0.07334596291184425,0.07254378348588944,0.13675417942082152,11.639562606811523,-3.1861371290347634e-05,0.030176325002571242,4.726657425635494e-05,-0.037007201462984085,0.03631775826215744
F:\Seminario\Seminario-Clustering\datasets\davi\Al Emadi (2019)\Multiclass_Drone_Audio\unknown\1-7973-A-70.wav,Multiclass_Drone_Audio\unknown\1-7973-A-70.wav,al_emadi,1-7973-A-70,1.0216875,0.4984168417365948,5.332210540771484,0.0020966393645602075,0.0721889460172053,0.0002255215440527536,-0.006583309732377529,0.007714507775381213,0.30177142858229866,4.9704718589782715,6.0714752431090174e-05,0.05619481403439703,0.00019235012587159872,-0.003589074336923659,0.004035289119929077,0.1226399488039522,5.650484085083008,-0.0005677072316313981,0.025495947290919325,5.5080907259252854e-05,-0.0028695785440504547,0.002991722756996751,0.046806289435233336,6.184576511383057,0.00015182539696260153,0.011177247826663145,3.574278343876358e-05,-0.002306822990067303,0.0022191858151927595,0.03036549144192101,7.31489372253418,-2.4551831226954386e-05,0.006377288987296974,1.1206666840735124e-05,-0.0017632894916459916,0.0016917621600441636
F:\Seminario\Seminario-Clustering\datasets\davi\Al Emadi (2019)\Multiclass_Drone_Audio\bebop_1\mixed_14-bebop_000_.wav,Multiclass_Drone_Audio\bebop_1\mixed_14-bebop_000_.wav,al_emadi,mixed_14-bebop_000,1.024,0.4012884627402022,8.992974281311035,-0.0017031846823707846,0.09592427259776296,-0.006031733006238937,-0.12292131036520004,0.12601113319396973,0.04935506025241312,8.90945053100586,0.0001364879096047616,0.03364580338484249,-0.00012137383600929752,-0.041768111288547516,0.042708639055490494,0.1526476883115722,9.921613693237305,0.00011967795832647564,0.042132158054374334,-0.00092905736528337,-0.05273411720991134,0.05309556648135184,0.2422809242735369,10.938358306884766,9.787100119928348e-05,0.03766497658888604,2.5713336526678177e-06,-0.04776567444205284,0.0482996940612793,0.15442786442227557,11.934612274169922,-9.847056288005363e-05,0.021299157519097823,-0.00029150527552701533,-0.027286340482532978,0.027399133890867233
F:\Seminario\Seminario-Clustering\datasets\davi\Al Emadi (2019)\Multiclass_Drone_Audio\unknown\3-151269-A-353.wav,Multiclass_Drone_Audio\unknown\3-151269-A-353.wav,al_emadi,3-151269-A-353,1.0216875,0.7130254460512434,9.125592231750488,-0.008764003624040758,0.3461823167607561,0.005119445733726025,-0.4709936589002609,0.4241552799940112,0.13379823486588743,8.846368789672852,-0.017179465551350425,0.14902180968771633,-0.01426992705091834,-0.20478535592556,0.16640157401561745,0.11213169264938655,9.916690826416016,-0.001383923175776272,0.09775017011540764,-0.0017628237255848944,-0.1227776512503624,0.12534503489732743,0.03345450682882148,10.946592330932617,-0.0006061920770464769,0.03788162662597074,-0.0004332858370617032,-0.04878265522420406,0.0481869973242283,0.0075901196046611625,11.92125129699707,-1.870902922626202e-05,0.012782242511068286,-3.8728259823983535e-05,-0.01629925034940243,0.016300941072404384
F:\Seminario\Seminario-Clustering\datasets\davi\Al Emadi (2019)\Multiclass_Drone_Audio\membo_1\mixed_membo_14-membo_001_.wav,Multiclass_Drone_Audio\membo_1\mixed_membo_14-membo_001_.wav,al_emadi,mixed_membo_14-membo_001,1.024,0.8887353624646877,9.0654935836792,-0.002390921015327187,0.10389193778020435,-0.00838424451649189,-0.1321280598640442,0.13550850749015808,0.07372678994011321,8.967436790466309,-0.000451243903048968,0.029927739090843637,-0.0003044415498152375,-0.04044096916913986,0.03679114207625389,0.015622216116970438,9.882189750671387,7.225085600499327e-05,0.009810064323631355,4.646649904316291e-05,-0.012092658132314681,0.01256700940430164,0.009401547196152785,10.917106628417969,1.963364022424481e-05,0.005400305389347222,-1.8984808775712736e-05,-0.006733990274369716,0.006921646557748318,0.012514084282075939,11.921699523925781,5.259984188515291e-07,0.004413120001548295,-9.351576409244444e-06,-0.005605332553386688,0.005607285303995013
F:\Seminario\Seminario-Clustering\datasets\davi\Al Emadi (2019)\Multiclass_Drone_Audio\bebop_1\mixed_45-bebop_002_.wav,Multiclass_Drone_Audio\bebop_1\mixed_45-bebop_002_.wav,al_emadi,mixed_45-bebop_002,1.024,0.7695384857408509,8.509771347045898,0.00103436583832686,0.1920072902864163,0.004659596830606461,-0.22516928613185883,0.21070851385593414,0.015015062876873778,9.007329940795898,0.00016562307175417448,0.02682033128921157,-4.677778633777052e-05,-0.034284237772226334,0.03364589810371399,0.05353910985129894,9.945115089416504,0.0005106060960923602,0.03605807911279886,0.0002293366560479626,-0.045296159386634824,0.04661844968795775,0.09625830710192498,10.907251358032227,4.463460035223206e-05,0.034311406271294496,-0.00015992933185771108,-0.044877244532108305,0.04387060850858689,0.06564903442905135,11.911179542541504,-8.273185593879703e-05,0.020070349284196137,-0.00020580081036314368,-0.02537298295646906,0.025256332010030746
F:\Seminario\Seminario-Clustering\datasets\davi\Al Emadi (2019)\Multiclass_Drone_Audio\membo_1\extra_membo_D2_2054.wav,Multiclass_Drone_Audio\membo_1\extra_membo_D2_2054.wav,al_emadi,extra_membo_D2,1.0026875,0.8102318304331588,9.043292999267578,-0.0006745578865217598,0.027465654755775382,0.001338028465397656,-0.03659878745675087,0.034863504022359854,0.03756383321261082,9.092406272888184,-1.779175532122045e-05,0.005915605827856989,0.00016107647388707846,-0.007764140143990517,0.007374416664242747,0.05063569658360011,9.958550453186035,-7.003693171942457e-06,0.004889943761407243,5.9934944147244096e-05,-0.006318829860538245,0.006224607164040209,0.05541427479461033,10.954368591308594,1.408202077336619e-05,0.0036297041613030656,-2.3030206648400053e-05,-0.004737669555470348,0.004674982093274594,0.04615436497601991,11.900588989257812,2.1368391411665606e-06,0.002346443984126814,-3.152517456328496e-05,-0.002977686235681176,0.003008367493748665
F:\Seminario\Seminario-Clustering\datasets\davi\Al Emadi (2019)\Multiclass_Drone_Audio\membo_1\extra_membo_D2_2041.wav,Multiclass_Drone_Audio\membo_1\extra_membo_D2_2041.wav,al_emadi,extra_membo_D2,1.002625,0.8351855902930934,9.136430740356445,0.0002510738751227835,0.025270378051629138,0.0007996683125384152,-0.03480401039123535,0.0327586255967617,0.02280524609947977,8.9884033203125,-1.3585317692267654e-05,0.004175964068193999,-9.668881102697924e-05,-0.005064171180129051,0.005254843551665544,0.04442784398481049,9.850971221923828,2.0242342584316672e-05,0.00414976762015029,0.00011174417522852309,-0.005173834739252925,0.005082537978887566,0.06254316302501046,10.934971809387207,-1.0768812889216322e-05,0.003493630340177339,-5.410380254033953e-06,-0.00443043252453208,0.004488186584785581,0.03503815659760591,11.756760597229004,-2.1302110804599015e-06,0.0018523657713316304,1.6578371287323534e-05,-0.0023408043198287487,0.002278246730566025
F:\Seminario\Seminario-Clustering\datasets\davi\Al Emadi (2019)\Multiclass_Drone_Audio\unknown\4-181035-A-384.wav,Multiclass_Drone_Audio\unknown\4-181035-A-384.wav,al_emadi,4-181035-A-384,0.95975,0.09365477777148831,6.276530742645264,5.968376488134096e-06,0.023035507246251637,1.551881905470509e-05,-0.006442893762141466,0.0063207873608917,0.22909020231620641,5.593377113342285,0.0016274849181275664,0.035990881047585056,3.20540857501328e-06,-0.0014822922530584037,0.0018785633728839457,0.4851370483177567,6.445242881774902,-0.00015435251283517308,0.0373380498997069,1.034970807722857e-06,-0.001763845852110535,0.001061374624259773,0.18723294967788429,6.968873977661133,6.402895082297444e-05,0.016461351410176607,7.420310907946259e-07,-0.0006630651303566992,0.0005311588931363066,0.004885021916664268,7.237435340881348,1.0699316665874678e-06,0.001883583274974725,1.4453679852977075e-07,-0.00012963540939381346,0.00012066152849001819
F:\Seminario\Seminario-Clustering\datasets\davi\Al Emadi (2019)\Multiclass_Drone_Audio\unknown\3-103051-B-192.wav,Multiclass_Drone_Audio\unknown\3-103051-B-192.wav,al_emadi,3-103051-B-192,0.97525,0.9902855496227418,9.29281234741211,0.014074505224210564,0.010054242902590833,0.01448474358767271,0.0016597555833868698,0.026028048805892465,0.0038597486394110715,8.622577667236328,1.55026081667012e-05,0.0010797431311915257,1.553148376842728e-05,-0.0013015427626669406,0.0013193911057896909,0.0018356406219020645,9.8488130569458,-1.2810354031513225e-05,0.000530277430799314,-1.5721359886811115e-05,-0.0006902332184836269,0.0006516132620163263,0.001941394190152901,10.87763786315918,2.0705369888204296e-06,0.00038709397398931566,2.9647537758137332e-08,-0.0004890421405434608,0.0005032383021898568,0.0020776669257921263,11.865132331848145,-3.43834286432901e-07,0.0002836709893041188,-1.5727603681625624e-06,-0.0003612310392782092,0.0003616782050812617
F:\Seminario\Seminario-Clustering\datasets\davi\Al Emadi (2019)\Multiclass_Drone_Audio\membo_1\mixed_membo_24-membo_001_.wav,Multiclass_Drone_Audio\membo_1\mixed_membo_24-membo_001_.wav,al_emadi,mixed_membo_24-membo_001,1.024,0.6459708869829832,8.952112197875977,-0.002564411269094118,0.08807744958289679,-0.0030207461677491665,-0.11599667370319366,0.10796711593866348,0.058284272995926555,8.833921432495117,5.903972299647623e-05,0.026467739749516717,0.00048149487702175975,-0.031007129698991776,0.03314291313290596,0.08059400438776297,9.978849411010742,3.42649735732917e-05,0.02216127808106595,-0.00012138334568589926,-0.028162192180752752,0.028616706281900404,0.10531114282439057,10.870333671569824,0.00044962418378568023,0.017970263271618183,0.0005610057851299644,-0.022243177890777587,0.022863371670246126,0.10983969280893668,11.835997581481934,-1.1854715923295897e-05,0.013003411669252871,4.70098020741716e-05,-0.016211984679102898,0.01627855747938156
F:\Seminario\Seminario-Clustering\datasets\davi\Al Emadi (2019)\Multiclass_Drone_Audio\unknown\5-253101-C-493.wav,Multiclass_Drone_Audio\unknown\5-253101-C-493.wav,al_emadi,5-253101-C-493,1.0216875,0.46652809989067484,8.42567253112793,-0.0015806370941265956,0.5238033945009697,0.0049335467629134655,-0.6171689331531525,0.6002519667148591,0.2088407613342076,8.456315994262695,-0.00026736052697173406,0.3504603470174183,-0.0038042927626520395,-0.43618570566177367,0.44881366193294536,0.12231595881340188,9.166000366210938,-0.0024323527632380917,0.190916324158226,-0.0040129404515028,-0.2121832653880119,0.20759641677141186,0.09277807050734377,10.249001502990723,-0.0005282551307926893,0.11798182635120691,-0.00021495085093192756,-0.13790120780467988,0.13567096740007403,0.10953710945437194,11.158913612365723,0.00022519829376090668,0.09080346033061332,-0.00033870828337967396,-0.09931941330432892,0.10350991785526281
F:\Seminario\Seminario-Clustering\datasets\davi\Al Emadi (2019)\Multiclass_Drone_Audio\membo_1\mixed_membo_32-membo_004_.wav,Multiclass_Drone_Audio\membo_1\mixed_membo_32-membo_004_.wav,al_emadi,mixed_membo_32-membo_004,0.904,0.7112117924087695,8.513771057128906,-0.0016765126767298198,0.24173812627574268,-0.01647028513252735,-0.28561002016067505,0.2822624742984772,0.21120775254302848,8.141709327697754,0.003924009314367836,0.1316795398990999,0.0017219568835571408,-0.13437721133232117,0.1495727300643921,0.04750448906998312,8.74339485168457,-0.000551568743583479,0.04452293102339176,-0.0002758813207037747,-0.04653598442673683,0.04534856975078582,0.019553532987097905,10.515565872192383,-0.00025505217451013336,0.020278581385591694,-0.0003685646515805274,-0.02519698515534401,0.024390269070863724,0.010522432991120942,11.586675643920898,4.67303197432004e-05,0.01053987896829246,8.202860044548288e-05,-0.012875859625637531,0.013129381462931633
F:\Seminario\Seminario-Clustering\datasets\davi\Al Emadi (2019)\Multiclass_Drone_Audio\membo_1\mixed_membo_17-membo_004_.wav,Multiclass_Drone_Audio\membo_1\mixed_membo_17-membo_004_.wav,al_emadi,mixed_membo_17-membo_004,0.904,0.064531726120781,8.784576416015625,-1.8769175488912153e-07,1.540484981157106e-05,3.324648218949733e-07,-1.9775643522734754e-05,1.8647526303539053e-05,0.06634891746279416,8.775699615478516,1.9745948106292664e-06,1.5496101066989035e-05,1.8411241171634174e-06,-1.7611147995921783e-05,2.17561682802625e-05,0.12616984745600412,9.722155570983887,8.699816152016787e-08,1.535208971552087e-05,-2.2872940874663072e-08,-1.9497727043926714e-05,1.9450682157184928e-05,0.25240189744622366,10.693094253540039,3.2480875022746734e-08,1.5415286438578847e-05,1.8479707364349451e-07,-1.9805240663117728e-05,1.976546882360708e-05,0.49054761151419707,11.528794288635254,1.826929984121783e-07,1.5224325542133827e-05,4.0551302760150065e-08,-2.081945422105491e-05,2.1121664758538827e-05
F:\Seminario\Seminario-Clustering\datasets\davi\Al Emadi (2019)\Multiclass_Drone_Audio\bebop_1\B_S2_D1_071-bebop_004_.wav,Multiclass_Drone_Audio\bebop_1\B_S2_D1_071-bebop_004_.wav,al_emadi,B_S2_D1_071-bebop_004,0.896,0.8338345287301795,7.916223526000977,0.003902893021923741,0.4763605772286716,-0.0007846788503229618,-0.48776209354400635,0.4941390454769136,0.013908886232037359,8.700464248657227,-0.0017254643408209666,0.061501507716929145,-0.00016453559510409832,-0.07732641696929932,0.07667670100927354,0.037836451426227574,9.738285064697266,0.003178060262982762,0.07225524048546876,0.003140070242807269,-0.09012820571660994,0.09218869805336001,0.06692972800989762,10.721236228942871,-0.0017255948994617455,0.06826993773069522,-0.0028829455841332674,-0.08905701786279678,0.08624928593635559,0.047490405601657924,11.716325759887695,-3.2759676609275304e-05,0.04075598534878555,-0.0001600672403583303,-0.05186712481081485,0.05241335779428485
F:\Seminario\Seminario-Clustering\datasets\davi\Al Emadi (2019)\Multiclass_Drone_Audio\unknown\5-171118-A-260.wav,Multiclass_Drone_Audio\unknown\5-171118-A-260.wav,al_emadi,5-171118-A-260,1.0216875,0.19052966781583736,8.586297988891602,7.716765420955476e-05,0.0872830234013914,0.001478124293498695,-0.1056677296757698,0.09899657666683204,0.5198098200831214,8.270094871520996,-0.0007939306153109782,0.1441664801448668,0.00015154723610066867,-0.15387257635593415,0.14378467202186604,0.23555347828351045,9.28748893737793,-0.0012104712459879232,0.0690767825588725,-0.0010153452749364078,-0.07736391723155975,0.07699669748544694,0.046805701369271334,10.105506896972656,-3.971081882474398e-06,0.02185060321121235,0.00031638858490623534,-0.023975330777466296,0.02263459507375956,0.007301332448259547,11.001618385314941,1.5247209503361817e-05,0.006112798440484436,2.8288722205616068e-05,-0.0062668992206454275,0.0062863609287887815
F:\Seminario\Seminario-Clustering\datasets\davi\Al Emadi (2019)\Multiclass_Drone_Audio\membo_1\mixed_membo_6-membo_002_.wav,Multiclass_Drone_Audio\membo_1\mixed_membo_6-membo_002_.wav,al_emadi,mixed_membo_6-membo_002,1.024,0.7887894927439758,8.994382858276367,-0.005264903847464744,0.09450888870418377,-0.0028167872224003077,-0.13767944276332855,0.11444074660539627,0.030159488174580296,8.903305053710938,0.00034808759551002293,0.018505469257778264,0.0004953626776114106,-0.023437868803739548,0.023828599601984024,0.04425750049228135,9.8468017578125,-2.6637121287519303e-05,0.01596465410415123,0.0002745111414697021,-0.0197835624217987,0.02071891017258167,0.07247049578437953,10.862552642822266,-0.0001836806707416006,0.014495113537463382,-9.03562395251356e-05,-0.01840546652674675,0.018094714358448984,0.06432302280478303,11.885498046875,-7.860149420112918e-06,0.009673499765564848,0.0001466891262680292,-0.012206457555294037,0.012119033839553595
F:\Seminario\Seminario-Clustering\datasets\davi\Al Emadi (2019)\Multiclass_Drone_Audio\unknown\3-129264-A-92.wav,Multiclass_Drone_Audio\unknown\3-129264-A-92.wav,al_emadi,3-129264-A-92,0.97525,0.2495719178848583,8.881586074829102,-0.0028094876939946684,0.16274703206541336,-0.0004187121376162395,-0.21919755786657333,0.20967686027288435,0.1287189086500955,8.81881332397461,0.0004999835678308464,0.11689532276988326,-0.0005606143968179822,-0.1397019147872925,0.15001772046089168,0.32549949524058497,9.27455997467041,0.007284044885697618,0.13220479351251777,0.0041948845610022545,-0.14081485271453859,0.16278214752674103,0.2936285071135451,10.014863014221191,0.0007636502407424405,0.08923663054384944,0.0008743754005990922,-0.09580136686563492,0.09873312637209894,0.002581171110916092,11.510360717773438,2.4482280879826407e-05,0.00592688082919356,-8.380286544706905e-06,-0.006890207529067993,0.006981974933296442
F:\Seminario\Seminario-Clustering\datasets\davi\Al Emadi (2019)\Multiclass_Drone_Audio\bebop_1\B_S2_D1_085-bebop_000_.wav,Multiclass_Drone_Audio\bebop_1\B_S2_D1_085-bebop_000_.wav,al_emadi,B_S2_D1_085-bebop_000,1.024,0.7726223748357075,8.370660781860352,0.015911130856330037,0.4193862353145718,0.007540659047663212,-0.483975887298584,0.5204792022705078,0.023087751485433086,9.030563354492188,0.0011646553669818237,0.07254003176728706,0.002174163470044732,-0.08980784565210342,0.09061829745769501,0.048643324790743576,9.945082664489746,0.00017909800692445034,0.07498164772839293,9.62390040513128e-05,-0.09589060544967651,0.0971959814429283,0.09365743124539609,10.938253402709961,0.0021871582865050027,0.0737962456279918,0.0013988874852657318,-0.09079995304346085,0.09803305715322494,0.061989117642719756,11.906826972961426,-7.733510933452194e-05,0.04254372262256896,-0.00039724569069221616,-0.05370173044502735,0.05422491207718849
F:\Seminario\Seminario-Clustering\datasets\davi\Al Emadi (2019)\Multiclass_Drone_Audio\bebop_1\mixed_52-bebop_000_.wav,Multiclass_Drone_Audio\bebop_1\mixed_52-bebop_000_.wav,al_emadi,mixed_52-bebop_000,1.024,0.7437014387023037,8.716659545898438,-0.0013465423669153647,0.1891688893698952,-0.006134510971605778,-0.222890242934227,0.23610472679138184,0.04059808943589565,8.73250961303711,0.00034393979678946256,0.0441978411284641,-0.00036526043550111353,-0.05362305790185928,0.053740814328193665,0.05200026207577839,9.97307014465332,-8.826961003666679e-07,0.03561770058785411,-0.00039652842679060996,-0.04551694765686989,0.04516493454575538,0.09671292048955975,10.920016288757324,0.0002000406617841724,0.03446730015451648,0.00012055321712978184,-0.04335692375898361,0.04327482655644417,0.06698728929646258,11.923758506774902,-4.809551598489504e-05,0.020318516045045625,-9.190876517095603e-05,-0.026066242717206478,0.02593377325683832
F:\Seminario\Seminario-Clustering\datasets\davi\Al Emadi (2019)\Multiclass_Drone_Audio\unknown\3-134699-B-162.wav,Multiclass_Drone_Audio\unknown\3-134699-B-162.wav,al_emadi,3-134699-B-162,0.97525,0.9941780346239357,7.692275047302246,-0.02958029299554324,1.1295138258298116,-0.013322873041033745,-0.7867481648921967,0.8839661478996275,0.004553092774647657,8.933820724487305,1.628610825101857e-05,0.07646480599100916,2.7173454327567015e-05,-0.09644775837659836,0.09893568828701974,0.0008135545272344078,9.806503295898438,-2.2043429794566577e-05,0.02302246381909078,5.238378798821941e-05,-0.028999101743102072,0.028753924369812025,0.00028656601952408735,10.770295143127441,5.3638121175884075e-05,0.009696033908314621,7.048714905977249e-06,-0.012210290506482124,0.012412089202553035,0.00016875205465816947,11.700399398803711,1.6789643840160755e-06,0.005270774598690082,-6.824290267104516e-06,-0.006542990915477276,0.006466446677222848
F:\Seminario\Seminario-Clustering\datasets\davi\Al Emadi (2019)\Multiclass_Drone_Audio\bebop_1\B_S2_D1_102-bebop_001_.wav,Multiclass_Drone_Audio\bebop_1\B_S2_D1_102-bebop_001_.wav,al_emadi,B_S2_D1_102-bebop_001,1.024,0.7929465651102148,8.413825988769531,0.005605745695745811,0.421496810971547,0.0071677290834486485,-0.4304332733154297,0.489737331867218,0.011122127917482344,8.95547103881836,0.000578529114164164,0.0499201076729899,0.0023686576168984175,-0.06273619085550308,0.06244175136089325,0.0531379026906915,9.93828010559082,-0.0033500106061840366,0.07762660434295317,-0.004498139955103397,-0.09855382740497588,0.09597626477479934,0.08607500588889327,10.956059455871582,0.0005862164551218458,0.0701689551232115,-0.0002540971909184009,-0.08937949538230897,0.09061126112937928,0.056718398392718083,11.908088684082031,5.9407715496029865e-05,0.040346680985847545,-7.842121885914821e-05,-0.05135991610586643,0.05218939669430256
F:\Seminario\Seminario-Clustering\datasets\davi\Al Emadi (2019)\Multiclass_Drone_Audio\unknown\1-19872-A-360.wav,Multiclass_Drone_Audio\unknown\1-19872-A-360.wav,al_emadi,1-19872-A-360,1.0216875,0.7374442755514562,9.25894832611084,-0.004197115585885992,0.3890694460733914,0.00804376951418817,-0.5204237818717956,0.5079786598682404,0.05295753334468638,8.989192962646484,-0.0016737051970989244,0.104254716147485,-0.0034449402010068297,-0.1347336933016777,0.131014958024025,0.10909337259530331,9.893329620361328,-9.97597153646705e-05,0.10653496502078262,0.001338605594355613,-0.13492234498262404,0.13222620785236355,0.06927824955345895,10.944111824035645,0.0012351341672159658,0.060222716072643206,0.001128088857512921,-0.07487941980361938,0.07846889272332193,0.03122656895509513,11.961282730102539,0.00017117047298530387,0.02864401532434594,0.0002775102184386924,-0.03692843541502953,0.03655348084867001
F:\Seminario\Seminario-Clustering\datasets\davi\Al Emadi (2019)\Multiclass_Drone_Audio\unknown\3-146873-A-242.wav,Multiclass_Drone_Audio\unknown\3-146873-A-242.wav,al_emadi,3-146873-A-242,0.97525,0.0,-0.0,0.0,0.0,0.0,0.0,0.0,0.0,-0.0,0.0,0.0,0.0,0.0,0.0,0.0,-0.0,0.0,0.0,0.0,0.0,0.0,0.0,-0.0,0.0,0.0,0.0,0.0,0.0,0.0,-0.0,0.0,0.0,0.0,0.0,0.0
F:\Seminario\Seminario-Clustering\datasets\davi\Al Emadi (2019)\Multiclass_Drone_Audio\unknown\4-167077-C-203.wav,Multiclass_Drone_Audio\unknown\4-167077-C-203.wav,al_emadi,4-167077-C-203,1.0216875,0.20198032827421075,7.796886444091797,0.00011667555226899509,0.05583368298550391,5.291668094287161e-05,-0.05946628004312515,0.05645978339016438,0.5747510242244113,7.74984884262085,-0.006900828155829444,0.09393203399140407,-8.82506174093578e-05,-0.11820470690727233,0.08067534714937213,0.1736835372588781,8.228277206420898,0.00014133924654876427,0.03685735909895126,-7.544539812442963e-06,-0.0317624032497406,0.030053456686437125,0.047242687310128297,8.2715425491333,5.092822987518668e-06,0.01363877551785862,-1.2602093192981556e-05,-0.006242033094167707,0.006602228246629245,0.002342422932371554,9.307010650634766,1.1040271479640532e-05,0.0021511038133179726,1.3458453054226993e-06,-0.0011352714151144027,0.001112418517004699
F:\Seminario\Seminario-Clustering\datasets\davi\Al Emadi (2019)\Multiclass_Drone_Audio\bebop_1\B_S2_D1_082-bebop_000_.wav,Multiclass_Drone_Audio\bebop_1\B_S2_D1_082-bebop_000_.wav,al_emadi,B_S2_D1_082-bebop_000,1.024,0.5652627895241835,8.61473274230957,-0.004071657901202691,0.255982775594481,-0.003330822801217437,-0.2967255711555481,0.2984065115451813,0.03327366930016411,8.997623443603516,0.0012541118898753189,0.06210152602646964,0.0020642774179577827,-0.07825130224227905,0.08146697282791138,0.09178057075963207,9.957715034484863,0.0008372251307756199,0.07344958379072991,-0.0017630943330004811,-0.09219144880771638,0.09623250663280486,0.1884762931977094,10.911417007446289,-0.0007957640584486468,0.07468873732241477,-4.347812864580192e-05,-0.09539693593978882,0.09411575049161915,0.12120667721831094,11.946881294250488,-0.00015766824973142954,0.042426416091759095,-0.00019773694657487795,-0.055010804906487465,0.05347225442528725
F:\Seminario\Seminario-Clustering\datasets\davi\Al Emadi (2019)\Multiclass_Drone_Audio\membo_1\mixed_membo_52-membo_003_.wav,Multiclass_Drone_Audio\membo_1\mixed_membo_52-membo_003_.wav,al_emadi,mixed_membo_52-membo_003,1.024,0.8345476973390515,8.712417602539062,-0.00229287748639299,0.13575345079006035,-0.0083016287535429,-0.16306950151920319,0.16001763939857483,0.05217858969684132,8.998295783996582,-0.000274841870334203,0.03394839201151615,0.0006621439824812114,-0.04573864862322807,0.04238177835941315,0.03616813855157639,9.806051254272461,0.0001603382279914292,0.020125109468253525,1.3805820344714448e-05,-0.02419312261044979,0.02428191490471363,0.035093658498058504,10.944067001342773,-8.967801807464404e-05,0.014067071245020152,-2.3555827283416875e-05,-0.018030376359820365,0.017838971689343452,0.04201191591447222,11.912810325622559,2.9563931672758322e-05,0.010902032796751986,6.367258174577728e-05,-0.013947438448667526,0.013893114402890205
F:\Seminario\Seminario-Clustering\datasets\davi\Al Emadi (2019)\Multiclass_Drone_Audio\bebop_1\B_S2_D1_111-bebop_001_.wav,Multiclass_Drone_Audio\bebop_1\B_S2_D1_111-bebop_001_.wav,al_emadi,B_S2_D1_111-bebop_001,1.024,0.6904305737054034,8.084700584411621,0.000535889184942578,0.2882777752284545,-0.007263123989105225,-0.2762146592140198,0.31483063101768494,0.013583245739411257,8.96458625793457,0.00018851416564962618,0.040434211713453475,-0.0005477806553244591,-0.050819031894207,0.05195752903819084,0.07019687177000092,9.93575382232666,-0.0025758299975285133,0.06539972548110846,-0.0033803763799369335,-0.08543927073478699,0.08243655413389206,0.1320049758327017,10.95091438293457,-0.0004842608763864792,0.06368621162367598,-0.0022133351303637028,-0.08161744326353072,0.08175197392702103,0.09378433295248266,11.947192192077637,-9.343779510149976e-05,0.03802343575882434,-0.00011039530727430247,-0.048975734040141106,0.04914979636669159
F:\Seminario\Seminario-Clustering\datasets\davi\Al Emadi (2019)\Multiclass_Drone_Audio\unknown\5-141683-A-351.wav,Multiclass_Drone_Audio\unknown\5-141683-A-351.wav,al_emadi,5-141683-A-351,1.0216875,0.9589791043709797,8.95164680480957,-0.00014296578742583276,0.15579601198963897,-0.003256969968788326,-0.1998363256454468,0.20594108849763876,0.03380457891553458,8.876355171203613,0.00015803723746356469,0.029250505913244566,0.00011092299973824993,-0.036751757562160495,0.03635063543915751,0.003914542566308454,9.977277755737305,-7.116387103895773e-05,0.007085588581148082,-6.3274048443418e-05,-0.009097123984247446,0.009002146497368812,0.002202710906907587,10.934349060058594,-4.937510909212373e-07,0.003771343785075649,4.18182880821405e-05,-0.004824513103812933,0.004786969209089876,0.001099063240269723,11.964593887329102,-3.3225923838276894e-06,0.0018869237509454581,-8.462997357128188e-06,-0.002425592625513673,0.002388456906192005
F:\Seminario\Seminario-Clustering\datasets\davi\Al Emadi (2019)\Multiclass_Drone_Audio\membo_1\Membo_0_010-membo_002_.wav,Multiclass_Drone_Audio\membo_1\Membo_0_010-membo_002_.wav,al_emadi,Membo_0_010-membo_002,1.024,0.6340156228958467,9.462209701538086,-0.0012665350470938042,0.080020747041707,-0.002909538336098194,-0.10582137852907181,0.10506722331047058,0.11998979800375281,8.911931991577148,8.90167421943439e-05,0.034815914032804304,0.0006970968679524958,-0.044252753257751465,0.04467230290174484,0.059623563135215,9.94426441192627,2.753946251687889e-05,0.017474999012360173,-0.00028758691041730344,-0.021840039268136022,0.022307166457176206,0.08095090455476961,10.761281967163086,-1.834592753359598e-05,0.014448689622441353,8.467569568892941e-05,-0.01788741275668144,0.01773115210235119,0.10542011141041588,11.695396423339844,2.764034327489611e-06,0.01167896507873948,-2.376830980210798e-05,-0.014108262024819851,0.01417915290221572
F:\Seminario\Seminario-Clustering\datasets\davi\Al Emadi (2019)\Multiclass_Drone_Audio\membo_1\Membo_0_004-membo_003_.wav,Multiclass_Drone_Audio\membo_1\Membo_0_004-membo_003_.wav,al_emadi,Membo_0_004-membo_003,1.024,0.7241417165554609,8.900422096252441,0.0018938253080435189,0.10346566197694324,-0.001275033806450665,-0.12794502079486847,0.12095838040113449,0.07283391317320727,9.121792793273926,5.366205709898496e-05,0.0328188557433691,-0.00017893989570438862,-0.044110752642154694,0.04355955496430397,0.05238394910657684,9.976289749145508,-3.302944588449705e-05,0.019817891003385053,-0.000626723631285131,-0.024166900664567947,0.02563689351081848,0.07363820797537415,10.841475486755371,-0.0003057382750164159,0.016670426048307457,-0.0005708028329536319,-0.02076486498117447,0.020560017600655556,0.0770022131893809,11.835530281066895,-9.553516776955171e-07,0.012076592556883271,7.697308683418669e-05,-0.01500587584450841,0.01501685194671154
F:\Seminario\Seminario-Clustering\datasets\davi\Al Emadi (2019)\Multiclass_Drone_Audio\bebop_1\B_S2_D1_085-bebop_003_.wav,Multiclass_Drone_Audio\bebop_1\B_S2_D1_085-bebop_003_.wav,al_emadi,B_S2_D1_085-bebop_003,1.024,0.6714887761580506,8.284897804260254,-0.0019333620966357796,0.31609717846716906,-0.009457450360059738,-0.3379652500152588,0.33972686529159546,0.02128345896987049,8.945968627929688,-0.0005041714512195206,0.056274680897490555,0.0015421743737533689,-0.07569637894630432,0.0726134404540062,0.0854450227274423,9.830411911010742,-0.0019918043159628464,0.08026399418788893,-0.00409748125821352,-0.10048851668834685,0.09911711066961286,0.1336770450364757,10.924840927124023,-0.001873390910960694,0.07123584521538208,-0.002934860298410058,-0.09036117345094681,0.08941702991724014,0.08810569710816091,11.938819885253906,1.3814566720863688e-05,0.040977638760605006,0.0007439271721523255,-0.05310141295194626,0.05218411795794964
F:\Seminario\Seminario-Clustering\datasets\davi\Al Emadi (2019)\Multiclass_Drone_Audio\unknown\3-151080-A-201.wav,Multiclass_Drone_Audio\unknown\3-151080-A-201.wav,al_emadi,3-151080-A-201,1.0216875,0.020222256789919707,7.209131240844727,-0.0011093565592650068,0.05012042418367592,0.00017619237041799352,-0.04595864601433277,0.04446245059370996,0.1778305315498598,8.571758270263672,0.010158205699973112,0.14831778273806126,0.00026944384444504976,-0.18930869400501252,0.19542030245065695,0.561062070986878,9.455708503723145,0.0010076759404587473,0.1879796609768461,-1.170121231552912e-05,-0.23876724392175674,0.24264300763607008,0.18070563816189844,9.644210815429688,-0.0008313949835298764,0.07568875702289618,-4.820936283067567e-06,-0.07492811828851699,0.07080557048320771,0.060179502511444105,9.739442825317383,7.558841813311744e-05,0.030940050644429402,3.3656827724826144e-07,-0.021361968107521532,0.023113342933356772
F:\Seminario\Seminario-Clustering\datasets\davi\Al Emadi (2019)\Multiclass_Drone_Audio\unknown\5-257839-A-140.wav,Multiclass_Drone_Audio\unknown\5-257839-A-140.wav,al_emadi,5-257839-A-140,1.0216875,0.7311162915876133,9.0058012008667,0.011475851450641755,0.1812153816051262,0.005032882327213883,-0.22311458736658096,0.23998586833477029,0.0012269047212943645,8.720947265625,8.07942455276828e-05,0.0074379069382682446,0.0002954118244815618,-0.009085437189787627,0.00901101091876626,0.0037351276019242123,8.470673561096191,-0.00027986990220687743,0.009234847033186097,-0.00013660972035722807,-0.007559872372075915,0.00619954839348793,0.1613342063077989,9.846494674682617,4.212973197676938e-05,0.04308234880160765,0.00017841282533481717,-0.03678769208490848,0.03565393127501011,0.10258746978136919,11.604402542114258,-2.4835713699932067e-06,0.024333793041642324,6.498280345113017e-05,-0.032126335054636,0.03130118288099767
F:\Seminario\Seminario-Clustering\datasets\davi\Al Emadi (2019)\Multiclass_Drone_Audio\unknown\4-218199-E-350.wav,Multiclass_Drone_Audio\unknown\4-218199-E-350.wav,al_emadi,4-218199-E-350,1.0216875,0.36921836983459005,8.989363670349121,-0.004990773415473447,0.05049777945281105,-0.006142773665487766,-0.0664927177131176,0.05865669809281827,0.4270293753055168,8.825044631958008,-0.00042931256905463143,0.05457035602392725,-0.0009073649125639349,-0.06593158096075058,0.06907429024577144,0.15449494697385666,9.762378692626953,0.00035425359775003037,0.023364364887150733,0.0001636230736039579,-0.02769930474460125,0.02881329152733087,0.04230709420212685,10.287473678588867,4.53050760266166e-05,0.008675758750981947,0.0001686543837422505,-0.009668567311018705,0.009687500912696125,0.006950213683909644,11.844701766967773,5.126151436475943e-06,0.002490756347360203,3.6749845548911253e-06,-0.003047254798002541,0.0030914160888642073
F:\Seminario\Seminario-Clustering\datasets\davi\Al Emadi (2019)\Multiclass_Drone_Audio\unknown\1-46040-A-142.wav,Multiclass_Drone_Audio\unknown\1-46040-A-142.wav,al_emadi,1-46040-A-142,0.97525,0.041576454776479796,8.859042167663574,-9.365902324206981e-05,0.008985917157793788,-8.645843081467319e-07,-0.012144994828850031,0.011531707365065813,0.45307251988950475,7.031435012817383,-0.0003139995797381945,0.02966345967304304,-0.00020316417067078874,-0.020661657862365245,0.01765235606580972,0.20280079795905184,8.378240585327148,-3.857679685212663e-06,0.014136678927222873,-4.452940265764482e-05,-0.011350645683705807,0.01063090953975916,0.1203493270934839,10.495256423950195,-9.393748627921875e-05,0.0077273764910957745,-4.885226871920167e-07,-0.009439795836806297,0.008929053694009781,0.1822009002814797,11.004764556884766,-1.1283490241305526e-06,0.006735643729018869,-4.2387413486721925e-05,-0.006923444801941514,0.00705860136076808
F:\Seminario\Seminario-Clustering\datasets\davi\Al Emadi (2019)\Multiclass_Drone_Audio\membo_1\extra_membo_D2_2022.wav,Multiclass_Drone_Audio\membo_1\extra_membo_D2_2022.wav,al_emadi,extra_membo_D2,1.0026875,0.9312960737601865,8.870237350463867,-0.001109429020462336,0.03289183550838827,-0.0009173337020911276,-0.04449708312749863,0.0404049962759018,0.013747514051353797,8.87088680267334,-1.5406799418217686e-05,0.0039985264445498965,2.3960449198057177e-06,-0.004869610536843538,0.004838729836046696,0.021356403586947157,9.820291519165039,-3.668912668122466e-05,0.0035480655001225918,-2.4331336135219317e-05,-0.004422329366207123,0.004416217934340241,0.017251684100094245,10.940862655639648,-6.623116831670574e-06,0.002262832628861518,-1.871079803095199e-05,-0.0029108284739777445,0.0028560897801071417,0.016348324501418307,11.911542892456055,2.325407239116547e-06,0.0015603246819280274,8.768804036662914e-06,-0.0019866591319441795,0.0020268076332286
F:\Seminario\Seminario-Clustering\datasets\davi\Al Emadi (2019)\Multiclass_Drone_Audio\membo_1\Membo_1_043-membo_003_.wav,Multiclass_Drone_Audio\membo_1\Membo_1_043-membo_003_.wav,al_emadi,Membo_1_043-membo_003,1.024,0.6569417869650683,9.457382202148438,-0.00018513910062004104,0.08218488973814982,-0.0007625791477039456,-0.105656199157238,0.10844934731721878,0.06233154787344983,9.02798843383789,0.00015242089869135469,0.02531487071261167,-0.00011350072600180283,-0.03221601992845535,0.032764989882707596,0.07915942398504329,9.888062477111816,0.0001890701149918244,0.02031252100581922,0.00016090918506961316,-0.024828651547431944,0.026042517274618145,0.07919409155596818,10.867429733276367,9.630520038541141e-06,0.014417396442133364,-0.00018697528867051005,-0.01807420626282692,0.018131935968995094,0.12237314962047036,11.805671691894531,5.590782772586999e-06,0.01269428524120242,0.0001581833275849931,-0.01580683048814535,0.015586997848004103
F:\Seminario\Seminario-Clustering\datasets\davi\Al Emadi (2019)\Multiclass_Drone_Audio\membo_1\Membo_2_019-membo_001_.wav,Multiclass_Drone_Audio\membo_1\Membo_2_019-membo_001_.wav,al_emadi,Membo_2_019-membo_001,1.024,0.7310498299291079,8.52857780456543,0.006060024754016704,0.12173233706427927,-0.0033805216662585735,-0.12523530423641205,0.13944362103939056,0.022663535906094507,8.962411880493164,-0.00012740895540493813,0.021459821997107345,-4.557947249850258e-05,-0.028532715514302254,0.02748376876115799,0.0548481515593191,9.960335731506348,1.0990162033026002e-05,0.023771281554770395,0.0007975244079716504,-0.030646148324012756,0.031028115749359125,0.09247441842260944,10.920223236083984,-0.00017520142564195285,0.02190169734016678,-0.00013600201054941863,-0.028183718770742414,0.0277814019471407,0.09896406418286907,11.901505470275879,2.7764882010328385e-06,0.016048863108767103,0.00023882379900896922,-0.02056320197880268,0.020095554180443287
F:\Seminario\Seminario-Clustering\datasets\davi\Al Emadi (2019)\Multiclass_Drone_Audio\unknown\5-221950-A-220.wav,Multiclass_Drone_Audio\unknown\5-221950-A-220.wav,al_emadi,5-221950-A-220,1.0216875,0.024765996329944136,7.9019036293029785,-0.00025539700446922553,0.012062723232913037,0.0006529142265208066,-0.012970855273306369,0.01220982084050775,0.14313787287117902,2.9573264122009277,-0.0005597837071162175,0.02900088075745974,-1.7706499420455657e-05,-0.004090421972796321,0.003092555748298768,0.5130785516923022,4.317458629608154,-0.0007017096585366903,0.03908787799692259,5.316004035194055e-06,-0.003324654954485595,0.0038587366696447123,0.29613394981837055,5.756137371063232,3.0041735948680194e-05,0.021072878250839356,3.2815188433232834e-07,-0.0015891769435256715,0.0014971476979553724,0.022883629288204078,5.041431427001953,4.461858972455021e-06,0.00414924145246652,-3.0631742902187398e-06,-0.00037063744384795426,0.00034781938011292396
F:\Seminario\Seminario-Clustering\datasets\davi\Al Emadi (2019)\Multiclass_Drone_Audio\membo_1\extra_membo_D2_2042.wav,Multiclass_Drone_Audio\membo_1\extra_membo_D2_2042.wav,al_emadi,extra_membo_D2,1.0026875,0.9274752497726784,9.04697036743164,-0.00015437127217078858,0.027306180654025368,0.0017755292356014252,-0.037176931649446486,0.03252519816160202,0.0184661281771218,8.942756652832031,-2.7368585451731554e-05,0.0038529528250270473,4.0755421650828794e-05,-0.004882483743131161,0.004971699416637421,0.0180948591049632,9.887466430664062,4.6282947807962664e-05,0.002715131866733675,1.0426562312204624e-05,-0.003507412574253976,0.003450642013922334,0.021204296968880335,10.846946716308594,-1.724058592321949e-05,0.0020857452508138514,-3.083118826907594e-05,-0.002636283915489912,0.0026594057213515047,0.014759465976356339,11.844522476196289,6.1416191954251394e-06,0.0012326346537711041,3.6565179470926523e-06,-0.0015242613153532147,0.0015528820222243667
F:\Seminario\Seminario-Clustering\datasets\davi\Al Emadi (2019)\Multiclass_Drone_Audio\bebop_1\mixed_3-bebop_000_.wav,Multiclass_Drone_Audio\bebop_1\mixed_3-bebop_000_.wav,al_emadi,mixed_3-bebop_000,1.024,0.09940852884258651,8.140254020690918,0.0072317046540274574,0.07397164629239875,0.002572971861809492,-0.07277686148881912,0.08377981185913086,0.06684930887913455,7.831183433532715,-0.0009350390528154481,0.06094195278456201,-0.0011679921299219131,-0.06175265461206436,0.056758441030979156,0.3968309576243663,7.847764015197754,-0.004971428985506213,0.10561921207458563,-0.0015405041631311178,-0.08638017624616622,0.06826495379209517,0.3794577930815258,9.253409385681152,0.0007578463702788744,0.07336493161339773,0.00170810054987669,-0.05919157937169074,0.06012380719184876,0.05745341157238687,11.915420532226562,5.850367400875152e-05,0.020221376487247793,3.85715998163505e-06,-0.025647521018981934,0.025785865262150764
F:\Seminario\Seminario-Clustering\datasets\davi\Al Emadi (2019)\Multiclass_Drone_Audio\bebop_1\B_S2_D1_121-bebop_004_.wav,Multiclass_Drone_Audio\bebop_1\B_S2_D1_121-bebop_004_.wav,al_emadi,B_S2_D1_121-bebop_004,0.896,0.541870596827587,7.980566024780273,-0.001937643011154951,0.2434490809677802,0.00038998370291665196,-0.2516089856624603,0.2488399773836136,0.02677986528375565,8.768735885620117,0.0003927290586768459,0.054121129677506534,-0.0017228287179023027,-0.06531407237052918,0.07050711214542392,0.10760653720431476,9.817703247070312,0.0010035724980652142,0.07731792981315208,0.0006693363538943231,-0.10112382918596266,0.09894382357597353,0.18896386454110728,10.735329627990723,-0.0022359215894637765,0.0727120646392249,-0.0025219295639544725,-0.09503730833530426,0.09040824621915818,0.13477913614323536,11.755409240722656,-0.0002922795809987334,0.04352650430477879,-0.0003372094943188131,-0.05635841526091099,0.05441694706678391
F:\Seminario\Seminario-Clustering\datasets\davi\Al Emadi (2019)\Multiclass_Drone_Audio\unknown\4-200330-A-61.wav,Multiclass_Drone_Audio\unknown\4-200330-A-61.wav,al_emadi,4-200330-A-61,1.0216875,0.2726716680271465,8.465654373168945,-0.0021872913460856233,0.06786791597358817,-0.0031201023375615478,-0.07485871836543083,0.07527506127953534,0.4861402273924973,8.524497985839844,-0.0006505391218747059,0.09066497530911535,0.0007588535954710096,-0.11683211401104927,0.11125148907303817,0.2327652380406116,9.521195411682129,-0.0002630946750149751,0.04466083504085701,-0.00013444693468045443,-0.0563161227852106,0.055249070376157755,0.004984572893241298,9.998391151428223,2.778446031390338e-05,0.004637047405404263,1.6975188373180572e-05,-0.004907554714009166,0.0047827964182943165,0.0034382936465033095,11.835796356201172,-4.133327091552577e-06,0.002727926323077003,-1.7064537132682744e-05,-0.0034643813502043485,0.0034500172594562175
F:\Seminario\Seminario-Clustering\datasets\davi\Al Emadi (2019)\Multiclass_Drone_Audio\membo_1\mixed_membo_61-membo_002_.wav,Multiclass_Drone_Audio\membo_1\mixed_membo_61-membo_002_.wav,al_emadi,mixed_membo_61-membo_002,1.024,0.2962028373235397,8.346382141113281,-0.0010074809936215733,0.10668999208808294,-0.0007673224317841232,-0.12030179053544998,0.11630842834711075,0.15266160782517219,8.629685401916504,-0.0021446046404792864,0.07656725221806056,-0.002868898678570986,-0.09695547819137573,0.09052138030529022,0.3889186915777743,9.750204086303711,6.553968267319984e-05,0.08705213547837212,-4.744284160551615e-05,-0.11519374996423722,0.11456508338451385,0.0911032213276641,10.014606475830078,0.00016678149717329593,0.02989643960913912,3.672318371172878e-06,-0.031163658201694488,0.03044198453426362,0.07111364194584976,10.294190406799316,-1.1304027451863117e-05,0.018709424022753447,-0.00011857465869979933,-0.015862406231462955,0.01533212698996067
F:\Seminario\Seminario-Clustering\datasets\davi\Al Emadi (2019)\Multiclass_Drone_Audio\membo_1\extra_membo_D2_2028.wav,Multiclass_Drone_Audio\membo_1\extra_membo_D2_2028.wav,al_emadi,extra_membo_D2,1.002625,0.8961380076513965,8.892942428588867,0.0007993036560805658,0.03109326609417432,-0.0008693509153090417,-0.03897084221243858,0.040999391674995424,0.015995085734467732,8.94416332244873,-1.5201034596543098e-05,0.004155398979373497,6.328389281406999e-05,-0.0056742697022855275,0.005172886047512294,0.03148624234662403,9.897022247314453,2.7035107148867386e-05,0.0041508133785397175,0.00011050849934690632,-0.005214876029640436,0.005450466973707082,0.03176037866238091,10.910146713256836,-6.823867240933104e-06,0.0029580904244571097,-3.5309088275425893e-07,-0.003804765664972365,0.003747033583931625,0.024620285605130767,11.91364574432373,2.726620863614321e-06,0.001844943832299847,-6.068652282920084e-07,-0.0023408435750752687,0.0023693697061389686
F:\Seminario\Seminario-Clustering\datasets\davi\Al Emadi (2019)\Multiclass_Drone_Audio\membo_1\mixed_membo_2-membo_004_.wav,Multiclass_Drone_Audio\membo_1\mixed_membo_2-membo_004_.wav,al_emadi,mixed_membo_2-membo_004,0.904,0.0905544261277702,9.00457763671875,-0.0014812688953778224,0.04450588683219175,-0.0038078727666288614,-0.05951429158449173,0.058096643537282944,0.26618748152348776,8.742294311523438,-0.00044023480148041655,0.07634658363642814,-0.0018934671534225345,-0.09511581063270569,0.09933803975582123,0.5922629667492435,8.682242393493652,1.568434633524449e-05,0.0811622204992728,0.0007331934757530689,-0.07296361476182937,0.07138772308826444,0.0297892300200809,10.521271705627441,-1.879867241739549e-05,0.012922168439492924,-0.00013919662160333246,-0.01599263623356819,0.015860505029559137,0.02120589557941765,11.619596481323242,5.962213506485148e-06,0.007724259822883863,3.0139500267978292e-05,-0.009408679325133562,0.009618410374969244
F:\Seminario\Seminario-Clustering\datasets\davi\Al Emadi (2019)\Multiclass_Drone_Audio\unknown\5-253534-A-260.wav,Multiclass_Drone_Audio\unknown\5-253534-A-260.wav,al_emadi,5-253534-A-260,1.0216875,0.4976564130792751,8.40662956237793,0.00017932948611891307,0.41266142070881007,-0.0018101462628692389,-0.5432486534118652,0.5523124575614932,0.4615609097835872,7.738454818725586,0.00014756882185147402,0.39741439790651545,0.0003266872081439942,-0.3710507333278656,0.3697655588388445,0.021585321572530614,8.796590805053711,0.0001552228536113168,0.06118040424939531,-0.00015506662020925432,-0.062240513414144515,0.0638600841164589,0.0076096980581897185,9.668479919433594,-0.0003392336123261739,0.025771554420951276,-6.577094973181374e-05,-0.024567139707505695,0.025909374654293067,0.011587657506417336,10.213260650634766,1.5282739645992044e-07,0.02252779269543593,4.795111863131751e-06,-0.019086786918342112,0.019307895936071875
F:\Seminario\Seminario-Clustering\datasets\davi\Al Emadi (2019)\Multiclass_Drone_Audio\unknown\4-204777-A-390.wav,Multiclass_Drone_Audio\unknown\4-204777-A-390.wav,al_emadi,4-204777-A-390,1.0216875,0.025354846407942732,7.0004377365112305,0.0030366966605387563,0.1661581917541165,-0.00015175062435446307,-0.11527298614382743,0.14064687043428428,0.04646535296688596,5.138369560241699,0.013419720774837803,0.22457137167912847,0.00011424453987274319,-0.09592589437961578,0.11478692442178737,0.08278337916698258,7.562406539916992,-0.01677516325593181,0.21310781974379187,-0.00031483401835430413,-0.18284310102462767,0.13461114466190338,0.4723453540700575,9.705699920654297,0.0012031673427131558,0.36229023890851136,8.118880941765383e-06,-0.3800574094057083,0.37239416241645823,0.3730510673881312,10.792339324951172,-0.0019195692080351049,0.22804694712609797,-2.3478631192119792e-05,-0.24913432002067565,0.22968819737434387
F:\Seminario\Seminario-Clustering\datasets\davi\Al Emadi (2019)\Multiclass_Drone_Audio\membo_1\mixed_membo_2-membo_002_.wav,Multiclass_Drone_Audio\membo_1\mixed_membo_2-membo_002_.wav,al_emadi,mixed_membo_2-membo_002,1.024,0.01565291005039812,9.057680130004883,-0.00043158158559137715,0.0612978513824804,0.0005668190424330533,-0.08051169663667679,0.07795018702745438,0.16841620862882103,8.522547721862793,-0.00040212916484301764,0.2010710458795706,-0.0009009848581627011,-0.21717016398906708,0.2437952309846878,0.7692478854945834,8.705018043518066,0.00014852094628143046,0.3059801687191287,0.0006342380656860769,-0.29978049397468565,0.27683225274085993,0.04205042292243976,9.80565357208252,0.000133225522271367,0.050763679180079437,0.00026612961664795876,-0.049408081173896785,0.05012208968400956,0.004632572903757694,11.609753608703613,2.316296921419796e-05,0.011934504366831394,5.065967889095191e-05,-0.014683357439935207,0.014503697399049997
F:\Seminario\Seminario-Clustering\datasets\davi\Al Emadi (2019)\Multiclass_Drone_Audio\unknown\2-108763-A-94.wav,Multiclass_Drone_Audio\unknown\2-108763-A-94.wav,al_emadi,2-108763-A-94,0.95975,0.35640760371436997,8.867757797241211,0.0016618671435703093,0.08424051986956872,0.0028837440768256783,-0.10295843705534935,0.10647734627127647,0.3189728120315661,8.927886962890625,-0.0018404496303341495,0.07968802878590872,-0.0012495556147769094,-0.10160691663622856,0.10270858556032181,0.23127243509157278,9.773821830749512,-0.0012375871170060696,0.04832167012627296,-0.0001734735706122592,-0.060847255960106844,0.060421190410852435,0.07297735845656413,10.705751419067383,0.00034021791953062707,0.01926651797871133,0.0007338942668866366,-0.023251485638320444,0.024384662322700017,0.02036979070592706,11.83176326751709,3.2773811360870796e-05,0.007211733672887803,3.986499359598383e-05,-0.009173269104212522,0.009084301348775626
F:\Seminario\Seminario-Clustering\datasets\davi\Al Emadi (2019)\Multiclass_Drone_Audio\unknown\1-61212-A-321.wav,Multiclass_Drone_Audio\unknown\1-61212-A-321.wav,al_emadi,1-61212-A-321,1.0216875,0.0747819548095172,6.027696132659912,5.0351945783612797e-05,0.020113818140822574,-0.00014964853471610695,-0.009290524758398533,0.009796313103288419,0.4231061836014008,4.7081732749938965,0.0007790674777406135,0.04783706678216999,8.648502625874244e-05,-0.006932606874033808,0.010943722538650039,0.25826142132506674,5.631768226623535,0.0002497020165850681,0.026608077270816693,-1.3698930615646532e-05,-0.007303387857973574,0.007387142395600669,0.17613767055518498,6.755283355712891,0.00010980919250540211,0.0155911538415206,1.0493590252735885e-05,-0.003005527076311409,0.003683994570747021,0.06771276970883029,7.896514415740967,2.721615928572025e-06,0.006847380391183793,1.8618425201566424e-06,-0.0013808578718453644,0.001360913901589811
F:\Seminario\Seminario-Clustering\datasets\davi\Al Emadi (2019)\Multiclass_Drone_Audio\unknown\2-32515-C-42.wav,Multiclass_Drone_Audio\unknown\2-32515-C-42.wav,al_emadi,2-32515-C-42,0.97525,0.05694442214353979,8.721787452697754,0.0029007827586015364,0.20473824954914033,0.006823398405686021,-0.237845467031002,0.2597167134284973,0.02251692434847248,7.324685096740723,-0.002011827312223673,0.12874147696805605,-0.0005017369403503835,-0.12021210640668867,0.10265055298805234,0.2698476715272076,8.035881042480469,0.011643305062308932,0.3172739178448759,0.00025638676015660167,-0.21806702315807341,0.23148242831230254,0.6474723130413952,8.793391227722168,-0.0003255756434598972,0.3489855545543702,0.00017593347001820803,-0.20226473212242124,0.1904691696166992,0.0032186689393849856,8.936310768127441,2.985137504183904e-06,0.017429972356270095,-3.7504961483136867e-06,-0.007858825847506523,0.007970758713781834
F:\Seminario\Seminario-Clustering\datasets\davi\Al Emadi (2019)\Multiclass_Drone_Audio\unknown\3-141684-A-214.wav,Multiclass_Drone_Audio\unknown\3-141684-A-214.wav,al_emadi,3-141684-A-214,0.95975,0.5250576145890213,6.882500171661377,-0.0003233359054502954,0.22756983780865989,2.600549123599194e-05,-0.135038360953331,0.15910562127828598,0.31729701147960393,6.647889137268066,0.0030823494066256414,0.1768799902177479,4.984443512512371e-05,-0.08319806307554245,0.09881528094410896,0.10759307836784505,7.6393585205078125,0.0005386194103036515,0.07336390472003122,3.5349157769815065e-06,-0.04339958727359772,0.046105659380555164,0.019975274132785437,8.78874683380127,6.682922222004067e-05,0.02243369882524927,-3.4712135175141157e-06,-0.013130918983370063,0.01389647061005234,0.030077021430744207,9.794953346252441,4.031742477808606e-05,0.019500553823710923,3.636483370428323e-06,-0.011309520620852708,0.011501353140920406
F:\Seminario\Seminario-Clustering\datasets\davi\Al Emadi (2019)\Multiclass_Drone_Audio\unknown\2-65750-A-12.wav,Multiclass_Drone_Audio\unknown\2-65750-A-12.wav,al_emadi,2-65750-A-12,0.97525,0.0,-0.0,0.0,0.0,0.0,0.0,0.0,0.0,-0.0,0.0,0.0,0.0,0.0,0.0,0.0,-0.0,0.0,0.0,0.0,0.0,0.0,0.0,-0.0,0.0,0.0,0.0,0.0,0.0,0.0,-0.0,0.0,0.0,0.0,0.0,0.0
F:\Seminario\Seminario-Clustering\datasets\davi\Al Emadi (2019)\Multiclass_Drone_Audio\unknown\5-215658-A-120.wav,Multiclass_Drone_Audio\unknown\5-215658-A-120.wav,al_emadi,5-215658-A-120,1.0216875,0.9745813359035698,7.595193386077881,0.0009716484183169253,0.1855741405175058,0.0008609812357462943,-0.18795746713876724,0.178789858520031,0.0017070926037994047,6.4311113357543945,2.161570718892771e-05,0.007766784157152532,-4.388524939713534e-05,-0.005741148069500923,0.005944016249850394,0.008130844389554024,2.8770861625671387,-0.00022566463656487358,0.012064563495358746,2.232682891190052e-05,-0.0024767708498984577,0.00240493263117969,0.014009791988879092,3.5766310691833496,1.6417978105854657e-05,0.011238157985780707,-2.252646390843438e-05,-0.0023367275949567556,0.0022895861184224486,0.0015709351141976764,6.047245502471924,6.631803610969342e-06,0.0026655316784936966,1.0046528132079402e-05,-0.0009948885068297385,0.0009837489924393594
F:\Seminario\Seminario-Clustering\datasets\davi\Al Emadi (2019)\Multiclass_Drone_Audio\unknown\5-215658-B-121.wav,Multiclass_Drone_Audio\unknown\5-215658-B-121.wav,al_emadi,5-215658-B-121,1.0216875,0.9950000741028138,8.78594970703125,0.006500086876167883,0.4622802725412871,0.010785383637994528,-0.5519821405410766,0.5596386134624488,0.0014918415143179578,8.477922439575195,-1.8573370094142032e-05,0.017901846830859155,-0.00027431247872300446,-0.02039010841399431,0.02128013838082554,0.0005559571932053429,8.36505126953125,2.51081021832962e-05,0.007779658158495037,-0.00022699942928738892,-0.007240300253033637,0.007017711177468299,0.0015728938351641764,8.740373611450195,-8.218969090866309e-06,0.009284353363560496,-2.0759626750077587e-05,-0.007343862019479275,0.007555864378809933,0.0013792333544987872,8.665969848632812,2.019428009599913e-05,0.006158075173245457,-2.725276544879307e-06,-0.003960806410759687,0.003970154048874974
F:\Seminario\Seminario-Clustering\datasets\davi\Al Emadi (2019)\Multiclass_Drone_Audio\membo_1\mixed_membo_25-membo_003_.wav,Multiclass_Drone_Audio\membo_1\mixed_membo_25-membo_003_.wav,al_emadi,mixed_membo_25-membo_003,1.024,0.9626679961863063,8.928961753845215,-0.007049906483304354,0.30889511683621856,0.015399728901684284,-0.39887577295303345,0.38013190031051636,0.014990346251148694,9.040310859680176,-0.0008616321128864228,0.03854634659365281,0.0006372819188982248,-0.05171048268675804,0.0498020201921463,0.006702532325069222,9.927146911621094,-0.00025350860194901315,0.018355473644719587,-0.00034058489836752415,-0.023413481563329695,0.023663840815424917,0.007710870628653744,10.988880157470703,-0.00012689006374107337,0.013971099472106428,-7.99799308879301e-05,-0.018226438760757444,0.017507347092032433,0.00792825460882206,11.961371421813965,3.0309725203664846e-07,0.010034835372784328,-2.362344730499899e-05,-0.012927854899317026,0.012836104724556208
F:\Seminario\Seminario-Clustering\datasets\davi\Al Emadi (2019)\Multiclass_Drone_Audio\membo_1\Membo_1_031-membo_001_.wav,Multiclass_Drone_Audio\membo_1\Membo_1_031-membo_001_.wav,al_emadi,Membo_1_031-membo_001,1.024,0.5067529549324322,9.308090209960938,-0.0004985772569598582,0.08063419543739543,-0.0011012027971446514,-0.10385335981845856,0.10192108899354935,0.06986666610091154,9.086280822753906,0.00016797552570599515,0.029940399266774297,0.0015520206652581692,-0.03927342966198921,0.039998795837163925,0.09196667932101782,9.935359954833984,0.0001443387413224409,0.024459006830191535,-0.0003456978884059936,-0.03085718639194965,0.031941723078489304,0.13396544093607016,10.941438674926758,0.00012665202219833545,0.02094733706748229,-7.180632383096963e-05,-0.026452712342143057,0.026444350183010105,0.19744825870956823,11.959424018859863,-1.0432060235357356e-06,0.018013233426003864,0.00015516610437771305,-0.023170413449406624,0.02316736802458763
F:\Seminario\Seminario-Clustering\datasets\davi\Al Emadi (2019)\Multiclass_Drone_Audio\bebop_1\mixed_14-bebop_002_.wav,Multiclass_Drone_Audio\bebop_1\mixed_14-bebop_002_.wav,al_emadi,mixed_14-bebop_002,1.024,0.6980408714076107,8.212284088134766,0.00162264507577755,0.1809567810722438,-0.0023682231549173594,-0.1912994086742401,0.19201330840587616,0.0423212434044601,8.978278160095215,-0.0005414165300920785,0.044555265136033376,-0.0012654252350330353,-0.056336697190999985,0.057106491178274155,0.05998833466231442,9.962905883789062,0.0007246623974518327,0.03776652898063716,0.0013446568045765162,-0.04826658740639686,0.04930583462119102,0.11583885149884125,10.887622833251953,0.00035390547666055213,0.037245201256150745,1.5655865354347043e-05,-0.0455588236451149,0.0464387632906437,0.08381069902677347,11.882208824157715,8.905458607352538e-05,0.022440566711904607,0.00023964369029272348,-0.028084457851946354,0.028565709479153156
F:\Seminario\Seminario-Clustering\datasets\davi\Al Emadi (2019)\Multiclass_Drone_Audio\membo_1\Membo_2_028-membo_003_.wav,Multiclass_Drone_Audio\membo_1\Membo_2_028-membo_003_.wav,al_emadi,Membo_2_028-membo_003,1.024,0.961730583594034,8.366247177124023,-0.035995999807528455,0.5469916140115114,-0.017045125365257263,-0.6273196339607239,0.5882659554481506,0.010839963327503288,7.180894374847412,0.0001039199750492421,0.05819765954552056,0.001314853085204959,-0.0559687539935112,0.04801832512021065,0.006977757973051009,8.530685424804688,-0.000611713297699207,0.03324133287095622,-0.0005779690691269934,-0.03379863351583481,0.033000027388334276,0.009340481543819237,10.530942916870117,0.00020823900863523135,0.027294504325311247,9.614452574169263e-05,-0.03138594999909401,0.03324218019843102,0.011111213561592554,11.745943069458008,8.14649921452376e-06,0.02108669927755615,0.0001488394700572826,-0.026256575249135494,0.025976371951401234
F:\Seminario\Seminario-Clustering\datasets\davi\Al Emadi (2019)\Multiclass_Drone_Audio\unknown\5-256452-A-50.wav,Multiclass_Drone_Audio\unknown\5-256452-A-50.wav,al_emadi,5-256452-A-50,1.0216875,0.0067389326344270434,8.567256927490234,-0.0015317428595445208,0.07945025085936712,-0.0007644626602996141,-0.09754410535097122,0.0928641051054001,0.11432328713672217,8.577913284301758,-0.0005484790616882846,0.3273008559693771,-0.00010813373228302225,-0.40319807827472687,0.37948902547359503,0.7682969310166863,8.985522270202637,0.00017985007313058571,0.6040186233675058,-0.0002534217346692458,-0.8557188808917999,0.7516107439994809,0.09842024170033385,9.160199165344238,-2.1695295441875532e-05,0.15338682280618446,6.0995278545306064e-05,-0.1247478924691677,0.11438295841217046,0.012220607511830654,10.377585411071777,4.128838785278033e-07,0.03828410757240991,-1.2581759165186668e-05,-0.03355756737291812,0.032987736538052585
F:\Seminario\Seminario-Clustering\datasets\davi\Al Emadi (2019)\Multiclass_Drone_Audio\bebop_1\mixed_43-bebop_004_.wav,Multiclass_Drone_Audio\bebop_1\mixed_43-bebop_004_.wav,al_emadi,mixed_43-bebop_004,0.904,0.6521330156372208,8.394706726074219,-0.0013808059295983015,0.1476754022680016,-0.00258375471457839,-0.16823966801166534,0.17742817103862762,0.030375667353181056,8.814388275146484,-0.00042917237890947646,0.03187003856066348,-0.0009217269252985716,-0.04076171666383743,0.0429985485970974,0.07773885064153484,9.756307601928711,9.57636997052668e-06,0.03633889376630491,0.0002597107086330652,-0.04835667684674262,0.046494924277067175,0.1412440239375378,10.755974769592285,0.00046797926494773236,0.034770261366747005,0.0010399463353678584,-0.04411482438445091,0.04512882828712465,0.09850844243052545,11.763988494873047,-3.7622507399383983e-06,0.020574128800483607,-0.00010500642747501843,-0.02653007861226797,0.026299151591956615
F:\Seminario\Seminario-Clustering\datasets\davi\Al Emadi (2019)\Multiclass_Drone_Audio\bebop_1\mixed_33-bebop_003_.wav,Multiclass_Drone_Audio\bebop_1\mixed_33-bebop_003_.wav,al_emadi,mixed_33-bebop_003,1.024,0.46264280326151,9.159826278686523,-0.0009152093963650144,0.21608815682656782,-0.004860699642449617,-0.2845851182937622,0.29391059279441833,0.11681391165343948,8.985666275024414,-0.0033143895902170754,0.10853175408452871,-0.008513886481523514,-0.13826951384544373,0.1369183212518692,0.12437588317189269,9.990259170532227,-0.0007504126337095226,0.07977421278958118,0.0008817938505671918,-0.10437909662723541,0.10111032724380492,0.1581386111005675,10.95211410522461,-0.00018542406444886885,0.06383222512219461,0.0003692902682814747,-0.08160116970539093,0.08159234821796417,0.13802879081259034,11.941885948181152,-0.00024178278957781387,0.04224013396184984,-0.00034573706216178834,-0.05371450074017048,0.053712062537670135
F:\Seminario\Seminario-Clustering\datasets\davi\Al Emadi (2019)\Multiclass_Drone_Audio\bebop_1\mixed_0-bebop_004_.wav,Multiclass_Drone_Audio\bebop_1\mixed_0-bebop_004_.wav,al_emadi,mixed_0-bebop_004,1.024,0.7272714079383608,8.723060607910156,-0.0019957450300244193,0.1713799353236975,-0.004768929444253445,-0.20217908918857574,0.21257343888282776,0.021214536145436533,8.965374946594238,-0.0005275328075325149,0.02926761938999154,-0.00047010721755214036,-0.03914828598499298,0.03594519942998886,0.06381653620589105,9.995054244995117,0.0006520264161180686,0.036144218685881274,0.0016626922879368067,-0.04596604704856873,0.045815010368823995,0.10978399485029078,10.953357696533203,0.0007431394441976733,0.03363687622631123,5.877963485545479e-05,-0.04274397119879723,0.0450711414217949,0.0779135248600209,11.934380531311035,1.5128299306214707e-05,0.020076271274191048,6.384995867847465e-05,-0.025798995047807693,0.02579673007130623
F:\Seminario\Seminario-Clustering\datasets\davi\Al Emadi (2019)\Multiclass_Drone_Audio\membo_1\Membo_0_004-membo_001_.wav,Multiclass_Drone_Audio\membo_1\Membo_0_004-membo_001_.wav,al_emadi,Membo_0_004-membo_001,1.024,0.5188946083496596,8.816009521484375,-0.0017769606923136185,0.10031500213083823,-0.0005011625471524894,-0.11642955243587494,0.11677838116884232,0.05972727956165527,9.038068771362305,0.00023856139780744623,0.034038476125484864,0.0005095035885460675,-0.044111814349889755,0.0450315922498703,0.10602280115639964,9.899043083190918,-0.0012100119508457702,0.032269382199749216,-0.0009368390892632306,-0.04233832955360412,0.039665773510932915,0.14662642381521207,10.82880973815918,0.00018974650188034072,0.026946396296378013,0.00043721465044654906,-0.0331567645072937,0.033800406754016875,0.16872888711707335,11.752016067504883,-1.2987791447702534e-05,0.020475035445179254,-6.052120261301752e-05,-0.02494900021702051,0.025759383104741573
F:\Seminario\Seminario-Clustering\datasets\davi\Al Emadi (2019)\Multiclass_Drone_Audio\unknown\exercise_bike007.wav,Multiclass_Drone_Audio\unknown\exercise_bike007.wav,al_emadi,exercise,4.992,0.2990736547313326,10.63766860961914,-9.896273798340974e-05,0.04863258348350775,-0.0005152542144060135,-0.05443138480186462,0.054709937423467636,0.08330719766181909,11.232354164123535,-0.0003910895955695129,0.025664334671540032,-0.0006488694925792515,-0.03298152834177017,0.031901670247316355,0.12533692550748554,12.206661224365234,7.923283228216744e-05,0.022294061680976772,0.0001784056075848639,-0.0283571008592844,0.02872798778116704,0.15305499750200405,13.089192390441895,3.0290085116744832e-06,0.017433154047422326,9.010627400130033e-05,-0.021763501316308977,0.021573264896869664,0.3392272245973587,13.905132293701172,4.359478499254658e-05,0.01835834442781664,8.387005800614133e-05,-0.021908431313931942,0.021970226801931857
F:\Seminario\Seminario-Clustering\datasets\davi\Al Emadi (2019)\Multiclass_Drone_Audio\unknown\2-166644-A-21.wav,Multiclass_Drone_Audio\unknown\2-166644-A-21.wav,al_emadi,2-166644-A-21,1.0216875,0.4779577499486792,8.095015525817871,-0.0005543253957385502,0.3156850974362644,-0.0037339399568736553,-0.3561814874410629,0.34643001258373296,0.30148975323425214,7.753340244293213,0.005938488736176655,0.25065387044500964,-0.0017262573237530887,-0.23439358323812484,0.2311175033450128,0.1714499106938791,8.23696517944336,-0.0005183232899789923,0.13459557795931654,-0.0012456083204597235,-0.10982837453484534,0.11035313233733177,0.0372148265275461,8.87983512878418,0.00026319877011282916,0.044491374014673284,0.0003637074987636879,-0.03425480201840401,0.03563041910529137,0.0118877595956435,10.181145668029785,6.836687731391485e-05,0.01781141871651713,3.7114752558409236e-05,-0.015109487436711788,0.015096959657967096
F:\Seminario\Seminario-Clustering\datasets\davi\Al Emadi (2019)\Multiclass_Drone_Audio\unknown\2-52789-A-44.wav,Multiclass_Drone_Audio\unknown\2-52789-A-44.wav,al_emadi,2-52789-A-44,0.95975,0.9123728490306878,8.717474937438965,0.003948281035898407,0.11611600820935945,0.0004299254360375926,-0.14029725641012192,0.15061990171670914,0.015234095356669666,8.391131401062012,-0.0009359493868172793,0.014983717168905621,-0.0008088309841696173,-0.017842176370322704,0.016232633963227272,0.0654657140931723,8.836277961730957,0.00016980381176198882,0.022163654531037018,-0.0001574473499204032,-0.022481749579310418,0.022925801761448383,0.006496180615522845,8.59945297241211,6.298167214569628e-06,0.0049548479309641956,-1.3263589153211797e-05,-0.0033498210832476616,0.0032639719313010567,0.000431160903947308,10.803200721740723,3.583322234809229e-08,0.0009042642232515927,2.645021936587e-06,-0.0008695003110915422,0.0008871758007444443
F:\Seminario\Seminario-Clustering\datasets\davi\Al Emadi (2019)\Multiclass_Drone_Audio\membo_1\mixed_membo_52-membo_001_.wav,Multiclass_Drone_Audio\membo_1\mixed_membo_52-membo_001_.wav,al_emadi,mixed_membo_52-membo_001,1.024,0.8563773721086447,8.433820724487305,-0.00013058139853364212,0.15672932957177588,-0.0004783271288033575,-0.1694456934928894,0.17135241627693176,0.06167602786509145,8.433013916015625,-0.000325610091663159,0.042059392884386496,-0.0014358448097482324,-0.047985948622226715,0.04639699310064316,0.02576495446342345,9.824843406677246,0.0005694462585757172,0.01934845128398138,0.0007227726164273918,-0.02413116693496704,0.02468515895307064,0.02691936063861181,10.937994003295898,0.0005243178645625885,0.014030012711320143,0.00032365936203859746,-0.01713038943707943,0.018899499624967574,0.02926228492422854,11.909316062927246,-3.339258033231756e-06,0.010368299117007068,-3.7911702747805975e-05,-0.013307745568454266,0.01299959747120738
F:\Seminario\Seminario-Clustering\datasets\davi\Al Emadi (2019)\Multiclass_Drone_Audio\membo_1\Membo_1_047-membo_004_.wav,Multiclass_Drone_Audio\membo_1\Membo_1_047-membo_004_.wav,al_emadi,Membo_1_047-membo_004,0.896,0.7406833407774545,8.228277206420898,-0.009900620850391473,0.16265255819811272,-0.007919203490018845,-0.1880297392606735,0.1718318343162537,0.027696057363371798,8.795892715454102,9.04240927850574e-05,0.031510468559922136,-0.0005823046085424721,-0.04025416299700737,0.04070867151021958,0.05467847341022141,9.719804763793945,-4.779690292648463e-06,0.03155580394921649,-9.90608605206944e-05,-0.03956913501024246,0.03907836675643922,0.07225784408501472,10.671547889709473,-2.245466053087176e-05,0.025753617232500272,-0.00011871405149577186,-0.03257256224751472,0.03241023495793342,0.10468428436393762,11.574932098388672,2.1407522043654714e-05,0.02196172049007444,-0.0003513809642754495,-0.026792373694479465,0.027636056579649453
F:\Seminario\Seminario-Clustering\datasets\davi\Al Emadi (2019)\Multiclass_Drone_Audio\unknown\2-65750-A-11.wav,Multiclass_Drone_Audio\unknown\2-65750-A-11.wav,al_emadi,2-65750-A-11,1.0216875,0.006072110668345508,6.792086124420166,0.0023755494672993913,0.07248037116668514,0.0,-0.06248241290450096,0.06288996040821075,0.039149276718486864,8.936813354492188,-0.00011098786402734818,0.1841388705723879,0.0,-0.25005466043949126,0.24777447134256364,0.915710029216866,9.986571311950684,0.001113956477741233,0.6339680582474106,0.0,-0.8978372156620026,0.894557797908783,0.03744701584513545,10.530746459960938,8.201414912463497e-05,0.09096148188332034,0.0,-0.11884194165468216,0.11281922236084942,0.0016215675511662532,9.726879119873047,-1.096670304490401e-05,0.013407344736511255,0.0,-0.009653110429644585,0.009379011485725643
F:\Seminario\Seminario-Clustering\datasets\davi\Al Emadi (2019)\Multiclass_Drone_Audio\bebop_1\B_S2_D1_070-bebop_003_.wav,Multiclass_Drone_Audio\bebop_1\B_S2_D1_070-bebop_003_.wav,al_emadi,B_S2_D1_070-bebop_003,1.024,0.3160992171821242,8.856657981872559,0.0009337883064179743,0.13861532879902871,0.0006733343470841646,-0.17454665899276733,0.1762838065624237,0.05104896962445241,8.88884162902832,0.00015955188797734106,0.05570588656796372,-0.0008077851380221546,-0.0700196847319603,0.06998337805271149,0.15473536534084523,9.933046340942383,-0.00018527465685706456,0.06905646327297253,0.0009065798949450254,-0.08886052817106246,0.08502324670553207,0.29426050263626813,10.863937377929688,-0.0005127185749344541,0.06757309660045574,-0.0011084381258115172,-0.08608016967773438,0.08358517289161684,0.18385594521631007,11.91938591003418,-4.659193175425393e-05,0.037834108314689335,0.00023156773386290297,-0.04834311082959175,0.04798959940671921
F:\Seminario\Seminario-Clustering\datasets\davi\Al Emadi (2019)\Multiclass_Drone_Audio\unknown\2-119161-C-83.wav,Multiclass_Drone_Audio\unknown\2-119161-C-83.wav,al_emadi,2-119161-C-83,1.0216875,0.3763433330307325,4.356851577758789,-3.6743399113154365e-06,7.045402618795466e-05,0.0,0.0,0.0,0.2179098603089289,4.977417469024658,2.4342858050642964e-06,5.362842020428101e-05,0.0,0.0,0.0,0.3198877318672277,5.343530178070068,-7.408780554723399e-07,4.6296915380303924e-05,0.0,0.0,0.0,0.07465545385218246,5.7654900550842285,-4.554286828503051e-08,1.5870766688380943e-05,0.0,0.0,0.0,0.011203620940928463,7.680760860443115,7.254038338196919e-08,4.354258113400776e-06,0.0,0.0,0.0
F:\Seminario\Seminario-Clustering\datasets\davi\Al Emadi (2019)\Multiclass_Drone_Audio\membo_1\Membo_0_012-membo_004_.wav,Multiclass_Drone_Audio\membo_1\Membo_0_012-membo_004_.wav,al_emadi,Membo_0_012-membo_004,0.896,0.9778654393089325,8.495780944824219,-0.00027624719580731917,0.39487134585815153,-0.009325560182332993,-0.4839237868785858,0.45132173895835886,0.004149199754992876,8.27684497833252,-4.322074599461471e-05,0.025721585782375874,-0.00012710789451375604,-0.02962880879640579,0.02971042320132257,0.004243777444805469,9.698259353637695,-0.00023376305932198635,0.018538787948003448,-0.00031671588658355176,-0.023550718650221823,0.023572416603565217,0.006100312831837846,10.290597915649414,-0.00022975432283993855,0.015779542988267357,-0.00014392356388270855,-0.01832350641489029,0.01759625524282455,0.007641270659431313,11.518976211547852,-7.824138215826642e-06,0.01251344957610183,7.057225229800679e-05,-0.015309310052543879,0.014524733647704128
F:\Seminario\Seminario-Clustering\datasets\davi\Al Emadi (2019)\Multiclass_Drone_Audio\unknown\2-139748-B-150.wav,Multiclass_Drone_Audio\unknown\2-139748-B-150.wav,al_emadi,2-139748-B-150,1.0216875,0.4650566524162828,7.238275527954102,-0.0001481618307969409,0.022972358210064145,-0.0005820955557283014,-0.01589083354920149,0.016199912689626225,0.5254268812264482,6.342677593231201,-6.266950176445477e-06,0.02441843255789461,4.6883731556590647e-05,-0.011065564677119255,0.010380516666918997,0.005093154022206659,7.2594146728515625,1.1796424526647643e-06,0.001711434795373007,4.680481652030721e-06,-0.0009472004254348575,0.0009589912369847292,0.001705722432132939,8.022401809692383,-3.041794952247881e-06,0.0007027117711312201,7.649321389635588e-07,-0.0003792182251345366,0.00037348337937146445,0.0027175899029294468,7.1393561363220215,7.62456063374789e-07,0.0006282681820151429,-7.537395418921733e-08,-0.00015966338396538048,0.00016216272924793885
F:\Seminario\Seminario-Clustering\datasets\davi\Al Emadi (2019)\Multiclass_Drone_Audio\unknown\2-141563-A-394.wav,Multiclass_Drone_Audio\unknown\2-141563-A-394.wav,al_emadi,2-141563-A-394,0.95975,0.0,-0.0,0.0,0.0,0.0,0.0,0.0,0.0,-0.0,0.0,0.0,0.0,0.0,0.0,0.0,-0.0,0.0,0.0,0.0,0.0,0.0,0.0,-0.0,0.0,0.0,0.0,0.0,0.0,0.0,-0.0,0.0,0.0,0.0,0.0,0.0
F:\Seminario\Seminario-Clustering\datasets\davi\Al Emadi (2019)\Multiclass_Drone_Audio\bebop_1\mixed_6-bebop_002_.wav,Multiclass_Drone_Audio\bebop_1\mixed_6-bebop_002_.wav,al_emadi,mixed_6-bebop_002,1.024,0.5577368017317157,8.681373596191406,-0.0006197880461838215,0.1572149878949106,-0.0008202409953810275,-0.18592645227909088,0.19006133079528809,0.03496058661663234,8.912243843078613,0.005572286957495963,0.0389651142646992,0.004933154210448265,-0.044536806643009186,0.05539858713746071,0.07608869111489595,9.974029541015625,-0.0047404837315582074,0.04107439200523154,-0.00570273119956255,-0.05688387006521225,0.04759599864482879,0.19449856422140138,10.942642211914062,0.00014439873701002303,0.04690830456555925,-0.00015668259584344923,-0.05988743007183075,0.05947506725788117,0.1367153563153546,11.95272445678711,2.512176608375538e-05,0.02785651192204407,-0.00015416269889101386,-0.03551930747926235,0.03512275777757168
F:\Seminario\Seminario-Clustering\datasets\davi\Al Emadi (2019)\Multiclass_Drone_Audio\membo_1\mixed_membo_42-membo_003_.wav,Multiclass_Drone_Audio\membo_1\mixed_membo_42-membo_003_.wav,al_emadi,mixed_membo_42-membo_003,1.024,0.7452061174852416,8.018929481506348,-0.00023054944072503018,0.0840760054333214,0.001285238889977336,-0.07704497128725052,0.08264599740505219,0.015756613535591855,8.79883861541748,3.6017893292727594e-05,0.012225455637836854,0.0004788350488524884,-0.014965914189815521,0.01485943328589201,0.076039501510432,10.033231735229492,5.80995983484244e-05,0.01912294844115259,9.525447967462242e-05,-0.024627234414219858,0.024156975373625753,0.07468948834848524,10.885354995727539,-0.0001038350933071451,0.013448171077822018,-0.00015259129577316344,-0.017290426045656206,0.016571542620658877,0.08830827912024931,11.852997779846191,2.8196370975787588e-05,0.010357864351939477,8.285630610771477e-05,-0.013283679261803627,0.012854755856096745
F:\Seminario\Seminario-Clustering\datasets\davi\Al Emadi (2019)\Multiclass_Drone_Audio\unknown\2-67422-A-182.wav,Multiclass_Drone_Audio\unknown\2-67422-A-182.wav,al_emadi,2-67422-A-182,0.97525,0.3425642730119941,7.803611755371094,-0.020570594733515885,0.36752403436236936,-0.02955955918878317,-0.3696741104125976,0.3511753767728805,0.10897897969320065,8.474104881286621,0.00020990362942163943,0.20761803019371577,-0.0036766690900549293,-0.23687184154987334,0.2467520102858543,0.18966687402626037,9.618718147277832,-0.005462255076506349,0.1950157492008096,-0.0007120806840248406,-0.2507120132446289,0.22749541103839888,0.20609213701795523,10.384765625,0.0009831820851194774,0.14430939608852553,0.003587160725146532,-0.16460063606500625,0.16346702426671983,0.15269773625058966,11.35789966583252,-4.3039761954971854e-05,0.0879937373954594,-0.0004593111079884693,-0.09987983107566833,0.10010635107755661
F:\Seminario\Seminario-Clustering\datasets\davi\Al Emadi (2019)\Multiclass_Drone_Audio\unknown\2-78781-A-470.wav,Multiclass_Drone_Audio\unknown\2-78781-A-470.wav,al_emadi,2-78781-A-470,1.0216875,0.6732191745554436,8.990079879760742,-0.0069751796689036015,0.17441885264454587,-0.012721309438347816,-0.2297772228717804,0.22021107971668244,0.1646360363201735,8.586836814880371,-0.000996624810379203,0.08631687298313066,0.0009531108080409467,-0.10690174028277397,0.09778600037097937,0.14432326991239255,9.861658096313477,-0.00035294204873083645,0.057534397326759086,-0.0018793904455378652,-0.07384470775723456,0.07131906002759932,0.017453610231286606,10.66659164428711,-1.962332371932327e-05,0.01419612574244948,-5.374121974455193e-05,-0.01709073465317488,0.017183401621878154,0.00036790898070377125,11.639528274536133,3.836891676176056e-07,0.0014599033364359995,-9.698962912807474e-06,-0.0017394189140759408,0.0017145634628832342
F:\Seminario\Seminario-Clustering\datasets\davi\Al Emadi (2019)\Multiclass_Drone_Audio\unknown\5-250026-A-303.wav,Multiclass_Drone_Audio\unknown\5-250026-A-303.wav,al_emadi,5-250026-A-303,1.0216875,0.6945853141577093,4.58998966217041,-6.993559169905211e-05,0.053637355138815415,-2.9477095040419954e-06,-0.0011362815857864916,0.000936194253154099,0.27133121408183153,3.8098106384277344,-0.0001913337810345741,0.03352337506933872,-7.296288799807371e-07,-0.00019804738549282773,0.00016771860100561756,0.033921870216934234,4.2936320304870605,1.8938483963028412e-05,0.008438185472459971,7.630171694472665e-08,-4.703522645286283e-05,5.4275180082186106e-05,0.00015654842508940658,6.125987529754639,2.7069408227062996e-06,0.0004067101880521925,0.0,-2.5739253032952547e-05,2.598711016617017e-05,5.05311843557687e-06,8.096423149108887,8.67466490762513e-08,5.175779491163759e-05,0.0,-2.166796512028668e-05,2.2907494349055926e-05
F:\Seminario\Seminario-Clustering\datasets\davi\Al Emadi (2019)\Multiclass_Drone_Audio\unknown\silence258.wav,Multiclass_Drone_Audio\unknown\silence258.wav,al_emadi,silence258,1.1145625,0.0,-0.0,0.0,0.0,0.0,0.0,0.0,0.0,-0.0,0.0,0.0,0.0,0.0,0.0,0.0,-0.0,0.0,0.0,0.0,0.0,0.0,0.0,-0.0,0.0,0.0,0.0,0.0,0.0,0.0,-0.0,0.0,0.0,0.0,0.0,0.0
F:\Seminario\Seminario-Clustering\datasets\davi\Al Emadi (2019)\Multiclass_Drone_Audio\membo_1\Membo_0_007-membo_002_.wav,Multiclass_Drone_Audio\membo_1\Membo_0_007-membo_002_.wav,al_emadi,Membo_0_007-membo_002,1.024,0.7534166727411488,9.016897201538086,0.0002595259751291586,0.09839547728085746,-0.00293170684017241,-0.11229142546653748,0.12495158612728119,0.03342953456415896,9.01663589477539,-1.797876382116131e-05,0.020726407648694205,0.0007282083388417959,-0.028031231835484505,0.027509845793247223,0.06562979137782904,9.995096206665039,0.00016076095029711197,0.02067750472421324,0.0001628565223654732,-0.026205937936902044,0.02685802690684795,0.06219232226098206,10.866230010986328,-0.00025980920563254084,0.01428125891554579,-0.0003064794873353094,-0.01812334209680557,0.01766728833317757,0.08533167905588122,11.8403959274292,7.156107226960011e-07,0.011850857628612625,1.9460831936157774e-05,-0.014723611529916525,0.014792307280004025
F:\Seminario\Seminario-Clustering\datasets\davi\Al Emadi (2019)\Multiclass_Drone_Audio\membo_1\mixed_membo_61-membo_004_.wav,Multiclass_Drone_Audio\membo_1\mixed_membo_61-membo_004_.wav,al_emadi,mixed_membo_61-membo_004,0.904,0.23399055590225074,8.280808448791504,-0.001423074904404179,0.09381945342303277,-0.004000865388661623,-0.11098525673151016,0.11134865134954453,0.0653337264307373,8.150543212890625,-0.00206525473668246,0.049537636380235735,-0.002111942507326603,-0.05415772274136543,0.050873443484306335,0.22023644826544886,9.48531723022461,0.0007763612976497033,0.06487102564255617,0.0009992057457566261,-0.08240852952003479,0.07802393436431884,0.32395603818500646,10.220940589904785,0.0005209980472492818,0.055856152884403924,-0.00026271873502992094,-0.06519966870546341,0.06743310391902924,0.15648323121655663,10.24181079864502,-0.00014345003731634805,0.027504094989610917,-3.3027103199856356e-05,-0.02354314923286438,0.024096054956316948
F:\Seminario\Seminario-Clustering\datasets\davi\Al Emadi (2019)\Multiclass_Drone_Audio\bebop_1\mixed_2-bebop_004_.wav,Multiclass_Drone_Audio\bebop_1\mixed_2-bebop_004_.wav,al_emadi,mixed_2-bebop_004,0.904,0.14380997006718954,8.56229305267334,-0.000185354606878938,0.07197631326309939,-0.001494031515903771,-0.08685259521007538,0.08291453868150711,0.17308483108875525,8.735879898071289,-3.0594882857441855e-05,0.07896343305473277,0.0002580012078396976,-0.10195999592542648,0.09901721775531769,0.42334189656663057,9.028002738952637,-6.996706916273744e-05,0.0880107329094516,0.00010497502807993442,-0.08850521594285965,0.09211178869009017,0.15815950060732753,10.772262573242188,0.0003932004518397511,0.038187776178012695,-4.787393663718831e-06,-0.0483050212264061,0.049397054314613345,0.10160380167009707,11.750696182250977,2.3396308250978915e-05,0.02168587514383099,0.00019339422578923404,-0.027542250230908394,0.027628563344478607
F:\Seminario\Seminario-Clustering\datasets\davi\Al Emadi (2019)\Multiclass_Drone_Audio\bebop_1\B_S2_D1_119-bebop_000_.wav,Multiclass_Drone_Audio\bebop_1\B_S2_D1_119-bebop_000_.wav,al_emadi,B_S2_D1_119-bebop_000,1.024,0.7864105470102322,8.409282684326172,-0.0016429239060361113,0.43855543810182046,0.0052854265086352825,-0.5106464624404907,0.4963087737560272,0.013089068599546642,8.879003524780273,-0.0008438238346830478,0.05657296573768198,-0.004362141713500023,-0.06994960457086563,0.07197118550539017,0.05312566330547987,9.905889511108398,-0.0008350608346251379,0.08115845580691246,-0.002086207503452897,-0.10427722632884978,0.09990452975034714,0.08796246989073123,10.923319816589355,-0.0004890688954007217,0.07410594626649243,0.0010905652306973934,-0.0950954332947731,0.09333135783672333,0.059412251194010154,11.926335334777832,-4.9916090382222426e-05,0.04313960866659428,-0.00030318247445393354,-0.055033136159181595,0.053885869681835175
F:\Seminario\Seminario-Clustering\datasets\davi\Al Emadi (2019)\Multiclass_Drone_Audio\membo_1\mixed_membo_29-membo_004_.wav,Multiclass_Drone_Audio\membo_1\mixed_membo_29-membo_004_.wav,al_emadi,mixed_membo_29-membo_004,0.904,0.623819451328467,8.730674743652344,0.006839835752768564,0.26520969397532995,-0.0011293032439425588,-0.33418798446655273,0.3287724554538727,0.2213912353049829,8.622641563415527,-0.007527173496720258,0.1578670143835542,-0.011564684100449085,-0.20301954448223114,0.18597665429115295,0.08572082355908059,9.691073417663574,0.0004080203377190779,0.07008639455850019,0.001910138176754117,-0.08780819922685623,0.08660222589969634,0.05143200204936603,10.649149894714355,-1.2828890407076453e-05,0.03854110685388246,7.978763278515544e-06,-0.048081962019205095,0.04906520918011666,0.01763648775810352,11.694936752319336,2.1126971853545055e-05,0.01598952800619841,0.00011691173858707771,-0.020087955519557,0.02002111729234457
F:\Seminario\Seminario-Clustering\datasets\davi\Al Emadi (2019)\Multiclass_Drone_Audio\membo_1\mixed_membo_12-membo_004_.wav,Multiclass_Drone_Audio\membo_1\mixed_membo_12-membo_004_.wav,al_emadi,mixed_membo_12-membo_004,0.904,0.8895874047893876,8.770512580871582,-0.006773184366927109,0.338579243415707,-0.053193122148513794,-0.3965403437614441,0.45979785919189453,0.044744726080763006,8.798385620117188,0.00010824196452054092,0.0759492289856213,-0.0005994364619255066,-0.09414741396903992,0.10050829499959946,0.03292674001953701,9.795827865600586,0.00014041901793271342,0.04643215918457617,-0.0009570008842274547,-0.059710735082626344,0.06111923456192015,0.020876132954939522,10.736428260803223,-0.00024083429063890725,0.026245981970622525,-0.0001324104960076511,-0.03373666331171989,0.03326238989830018,0.011864996155372865,11.712705612182617,-3.094838001596126e-05,0.014018815312741463,8.273352068499662e-05,-0.018044965341687202,0.017912535928189754
F:\Seminario\Seminario-Clustering\datasets\davi\Al Emadi (2019)\Multiclass_Drone_Audio\unknown\4-194808-A-294.wav,Multiclass_Drone_Audio\unknown\4-194808-A-294.wav,al_emadi,4-194808-A-294,0.95975,0.0,-0.0,0.0,0.0,0.0,0.0,0.0,0.0,-0.0,0.0,0.0,0.0,0.0,0.0,0.0,-0.0,0.0,0.0,0.0,0.0,0.0,0.0,-0.0,0.0,0.0,0.0,0.0,0.0,0.0,-0.0,0.0,0.0,0.0,0.0,0.0
F:\Seminario\Seminario-Clustering\datasets\davi\Al Emadi (2019)\Multiclass_Drone_Audio\unknown\1-56234-A-93.wav,Multiclass_Drone_Audio\unknown\1-56234-A-93.wav,al_emadi,1-56234-A-93,1.0216875,0.05395610834638012,7.953697204589844,-0.0003410325993258873,0.006618284652089643,0.0,-0.007831833139061928,0.007205835171043874,0.05019734290461003,7.666985988616943,4.367265284199082e-05,0.006391917932698604,0.0,-0.006665458390489221,0.0070532132405787705,0.2572823593894875,8.740424156188965,1.4487014954414279e-06,0.010301757149699015,0.0,-0.010583649016916752,0.011052582599222658,0.058169016876400165,9.768938064575195,0.00014673391485540957,0.003472360469058299,0.0,-0.0034706427715718744,0.003917332133278252,0.5803951724831222,10.458581924438477,2.6283811930368127e-07,0.007775969827302387,0.0,-0.007037509186193347,0.007044741697609425
F:\Seminario\Seminario-Clustering\datasets\davi\Al Emadi (2019)\Multiclass_Drone_Audio\bebop_1\mixed_66-bebop_003_.wav,Multiclass_Drone_Audio\bebop_1\mixed_66-bebop_003_.wav,al_emadi,mixed_66-bebop_003,1.024,0.5748246378960462,8.55899429321289,0.0038628090121029,0.264618883292579,0.010755487717688084,-0.3078227937221527,0.30603232979774475,0.14389028639238957,9.24160099029541,0.0003989894391757726,0.1324076794442271,-0.0075126271694898605,-0.17210765182971954,0.1816961169242859,0.04088472909807685,9.986534118652344,-0.0003489058581698576,0.05025406632512876,-0.00045441012480296195,-0.06556083261966705,0.0659679517149925,0.06446502064991508,10.933304786682129,0.0008492430782005377,0.04477073842925206,0.001108965021558106,-0.05608307793736457,0.05999288782477381,0.17593532596357225,12.157684326171875,-9.587422011032425e-05,0.05239752916922585,0.00012633158985408954,-0.06924130767583847,0.06820692867040634
F:\Seminario\Seminario-Clustering\datasets\davi\Al Emadi (2019)\Multiclass_Drone_Audio\unknown\1-79711-A-320.wav,Multiclass_Drone_Audio\unknown\1-79711-A-320.wav,al_emadi,1-79711-A-320,1.0216875,0.31376012697709,8.637924194335938,0.0004768712402187876,0.07500909204960066,-0.0019284325535409153,-0.08791141584515572,0.09301898926496514,0.030551532773536384,5.717456340789795,0.0005374655890753372,0.023400535457244673,0.0004124932602280751,-0.012070013023912907,0.012238425761461261,0.19988585410311327,5.138871192932129,-0.00046991140851263116,0.04261807338143964,4.230231024848763e-05,-0.014414000511169433,0.01399422939866781,0.28487270834008804,5.303460121154785,7.553365287812495e-05,0.036100538636075034,0.00010701785868150182,-0.007252051262184977,0.007894241437315945,0.1709297778061723,6.7810235023498535,-1.3584884749837408e-05,0.019807254518093714,-4.559598437481327e-06,-0.00565096572972834,0.005720364535227418
F:\Seminario\Seminario-Clustering\datasets\davi\Al Emadi (2019)\Multiclass_Drone_Audio\bebop_1\B_S2_D1_116-bebop_002_.wav,Multiclass_Drone_Audio\bebop_1\B_S2_D1_116-bebop_002_.wav,al_emadi,B_S2_D1_116-bebop_002,1.024,0.7961911539731888,8.602519035339355,0.003606972019883718,0.3983606244721198,-0.008144556544721127,-0.4490102231502533,0.4790109097957611,0.010309151732192294,8.88417911529541,-0.0018677946795824468,0.04529267795666678,-0.002180579351261258,-0.059618785977363586,0.05607036128640175,0.04877969848870018,9.850296020507812,-0.000708820888956538,0.07020768579570559,0.0002548552001826465,-0.08783420622348785,0.0846749097108841,0.08455710760635261,10.926737785339355,0.0010494132904129846,0.06558671708324747,0.00045337917981669307,-0.08352710753679275,0.08528555035591126,0.06016288819956607,11.91325855255127,6.201698351239397e-05,0.03919086858183351,-0.00019781112496275455,-0.04954485036432743,0.05069048888981342
F:\Seminario\Seminario-Clustering\datasets\davi\Al Emadi (2019)\Multiclass_Drone_Audio\membo_1\mixed_membo_46-membo_001_.wav,Multiclass_Drone_Audio\membo_1\mixed_membo_46-membo_001_.wav,al_emadi,mixed_membo_46-membo_001,1.024,0.8502664202408988,8.999250411987305,0.029393913026649433,0.6334826704927445,-0.014400671236217022,-0.7864043712615967,0.8502865433692932,0.1379715385377145,8.884394645690918,0.0016406628997706464,0.25545242786220607,0.0030048489570617676,-0.2983868718147278,0.31297066807746887,0.007126627911183516,9.67225456237793,0.00027430908793524907,0.041338852462925325,0.00041146171861328185,-0.04881155341863632,0.049888011813163755,0.0021343491828187413,10.948579788208008,-7.718692120158779e-05,0.016053246486860556,0.0003451269003562629,-0.02080594450235367,0.02031828314065933,0.0025010641273844362,11.867819786071777,1.5996827017892307e-06,0.0123089844335251,-1.4845250362327533e-07,-0.015326205641031265,0.015466000884771347
F:\Seminario\Seminario-Clustering\datasets\davi\Al Emadi (2019)\Multiclass_Drone_Audio\unknown\5-205589-A-173.wav,Multiclass_Drone_Audio\unknown\5-205589-A-173.wav,al_emadi,5-205589-A-173,1.0216875,0.058178130157661156,8.23402214050293,-0.00026181557058093475,0.017742597200305892,0.00022492249991046265,-0.01854009348899126,0.01917226854711771,0.46005756768938205,7.917489051818848,-0.0029141143897004787,0.04981370127559336,-0.001209968642797321,-0.050222984328866,0.049379439651966096,0.2846685769444761,8.42818546295166,7.094500396318417e-05,0.027942054611268898,-8.665001951158047e-05,-0.02339345384389162,0.022464423067867754,0.07234987389567653,9.143738746643066,-0.00010309283203136928,0.00999414863299422,-1.9643251107481774e-05,-0.0082467888481915,0.007842969521880152,0.12474585131280418,8.699037551879883,-8.946737977901557e-05,0.009295424935757286,2.7847373530676123e-05,-0.004956866474822163,0.004770109290257098
F:\Seminario\Seminario-Clustering\datasets\davi\Al Emadi (2019)\Multiclass_Drone_Audio\bebop_1\B_S2_D1_093-bebop_003_.wav,Multiclass_Drone_Audio\bebop_1\B_S2_D1_093-bebop_003_.wav,al_emadi,B_S2_D1_093-bebop_003,1.024,0.6969554739661858,8.362678527832031,-0.005786306980853771,0.2831405845794503,-0.014824793674051762,-0.317659467458725,0.3219272196292877,0.020610884410574477,8.867737770080566,-0.0013367569691528807,0.04868273387597189,-0.0008835199987515807,-0.06422040611505508,0.06081132963299751,0.06378860731253909,9.931722640991211,-0.0009013292692903234,0.060998077902208424,-0.0029017338529229164,-0.0785274788737297,0.07867409586906433,0.12150382665454884,10.970941543579102,-0.0006733596295784681,0.05974046605937045,-0.00023405413958244026,-0.07558555752038955,0.07717860341072083,0.09714120765615174,11.913398742675781,0.00012840819166792605,0.037837735244155665,0.0002881448599509895,-0.048335010185837746,0.048602402210235596
F:\Seminario\Seminario-Clustering\datasets\davi\Al Emadi (2019)\Multiclass_Drone_Audio\membo_1\Membo_2_020-membo_002_.wav,Multiclass_Drone_Audio\membo_1\Membo_2_020-membo_002_.wav,al_emadi,Membo_2_020-membo_002,1.024,0.9662814562560446,8.60536003112793,-0.005780445632911529,0.272913581560025,-8.105017332127318e-05,-0.33600762486457825,0.3092264235019684,0.009641496270705785,9.092071533203125,9.97610704014769e-05,0.027267167757870213,0.00012361294648144394,-0.03535821661353111,0.036371827125549316,0.005310881506898302,9.98313045501709,4.126608660800158e-06,0.014409726109130407,-5.8210691349813715e-05,-0.018144963309168816,0.018065836653113364,0.007782667077965005,10.963044166564941,-0.00011760470810155608,0.012377309872009091,-0.00038907231646589935,-0.016059622913599015,0.016158320382237436,0.010983498888386355,11.911906242370605,-1.0631827384790828e-05,0.01041541180587187,-5.514534313988406e-05,-0.013051041401922703,0.013243907131254673
F:\Seminario\Seminario-Clustering\datasets\davi\Al Emadi (2019)\Multiclass_Drone_Audio\bebop_1\mixed_32-bebop_004_.wav,Multiclass_Drone_Audio\bebop_1\mixed_32-bebop_004_.wav,al_emadi,mixed_32-bebop_004,1.024,0.5918269756016341,8.613508224487305,0.0008703589445318083,0.2153924580581749,-0.0005990888457745314,-0.25055578351020813,0.24860046803951263,0.1998107786838616,8.213876724243164,0.0033969295734340692,0.12510829546255198,-0.0006394184892997146,-0.12923218309879303,0.14105041325092316,0.07945934048327223,9.430179595947266,0.001216015881354454,0.05618354864881334,0.0020434425678104162,-0.0630942553281784,0.06633715629577637,0.07883912451113442,10.930691719055176,0.0008586754861988236,0.03971156494518598,0.0013919816119596362,-0.049132341891527175,0.051085947453975676,0.05006378072009769,11.938491821289062,-2.781567974409385e-05,0.022419902859746793,-0.00016230332403210923,-0.028488270938396454,0.028994142077863216
F:\Seminario\Seminario-Clustering\datasets\davi\Al Emadi (2019)\Multiclass_Drone_Audio\membo_1\mixed_membo_59-membo_004_.wav,Multiclass_Drone_Audio\membo_1\mixed_membo_59-membo_004_.wav,al_emadi,mixed_membo_59-membo_004,0.904,0.8447595113592792,8.738311767578125,-0.0005577033469241505,0.08604885323302372,0.0015104057965800166,-0.11401671171188354,0.10953318327665329,0.05111443434718165,8.916206359863281,0.0002162774123787749,0.02116590113953652,-0.0007924786768853664,-0.02793722040951252,0.02904791757464409,0.02097580641818576,9.813102722167969,-7.723654371376721e-05,0.009663328202304467,-4.137350697419606e-05,-0.01240084320306778,0.012052477709949017,0.03734176797988987,10.648046493530273,8.786390563873554e-05,0.00915310164844224,7.550326699856669e-05,-0.011581242643296718,0.01168881878256798,0.04580847989546359,11.640954971313477,1.4304990233051926e-05,0.0071826616095443455,5.403272371040657e-05,-0.009022147860378027,0.008885514922440052
F:\Seminario\Seminario-Clustering\datasets\davi\Al Emadi (2019)\Multiclass_Drone_Audio\membo_1\mixed_membo_42-membo_001_.wav,Multiclass_Drone_Audio\membo_1\mixed_membo_42-membo_001_.wav,al_emadi,mixed_membo_42-membo_001,1.024,0.941712254797464,8.675273895263672,-0.0021266537143819595,0.16504860336577315,-0.0033796271309256554,-0.20071280002593994,0.18280534446239471,0.005917266454885243,8.885211944580078,-7.220662214841892e-05,0.013084066722494219,8.330902346642688e-05,-0.01676950976252556,0.01598106138408184,0.013835246590194023,9.850339889526367,-4.824852247065638e-05,0.014245623439405839,-0.00013096064503770322,-0.017720654606819153,0.017679704725742335,0.018799282780244075,10.774076461791992,2.6529878180105406e-05,0.011783362882655229,-0.0002622353204060346,-0.014320260845124722,0.014708243496716024,0.019735949377212656,11.763690948486328,-5.884880074443892e-06,0.00855171643581475,-0.00010998988727806136,-0.01061824569478631,0.010733387432992458
F:\Seminario\Seminario-Clustering\datasets\davi\Al Emadi (2019)\Multiclass_Drone_Audio\membo_1\mixed_membo_49-membo_000_.wav,Multiclass_Drone_Audio\membo_1\mixed_membo_49-membo_000_.wav,al_emadi,mixed_membo_49-membo_000,1.024,0.049790159215828564,6.089319229125977,-0.0019329036780528484,0.03310475015485728,-0.00010872261191252619,-0.012237977236509323,0.012529413215816021,0.44676542483964843,5.866554260253906,-0.0007775675599034525,0.09933081907020193,2.3224149117595516e-05,-0.0069060781970620155,0.010029658675193787,0.47069150423062367,7.193493843078613,-0.00035512890163999164,0.07259759630481581,4.232520041114185e-06,-0.007530039269477126,0.007281474024057386,0.03114500967832427,7.6325297355651855,4.16793589480964e-05,0.013251363854455156,2.4471105461998377e-06,-0.0015226166695356369,0.0013572000432759551,0.0016079020355750985,8.858622550964355,2.585114913449327e-06,0.002132665075947923,3.502383361109196e-08,-0.00025764628662727773,0.0002587901835795492
F:\Seminario\Seminario-Clustering\datasets\davi\Al Emadi (2019)\Multiclass_Drone_Audio\bebop_1\mixed_29-bebop_004_.wav,Multiclass_Drone_Audio\bebop_1\mixed_29-bebop_004_.wav,al_emadi,mixed_29-bebop_004,0.904,0.4908954841453179,8.565170288085938,0.006881269230698006,0.22354541564159683,-0.0028702623676508665,-0.25907328724861145,0.2609984874725342,0.24821809325106778,8.673046112060547,-0.007789365276693985,0.1588444623912039,-0.011658859439194202,-0.21149317920207977,0.1876864731311798,0.1180682768506449,9.720606803894043,0.00048193418588615044,0.0781679786248675,-0.0009225065587088466,-0.09948304295539856,0.10016162693500515,0.0997034987151611,10.716760635375977,4.4541087712224825e-05,0.05099588573516103,-0.0005415352643467486,-0.06403002589941025,0.06402303874492646,0.04311464703780828,11.730000495910645,-1.7951138770606234e-05,0.023758273993469664,-0.0004068801208632067,-0.030358091928064823,0.03065673168748617
F:\Seminario\Seminario-Clustering\datasets\davi\Al Emadi (2019)\Multiclass_Drone_Audio\membo_1\mixed_membo_1-membo_004_.wav,Multiclass_Drone_Audio\membo_1\mixed_membo_1-membo_004_.wav,al_emadi,mixed_membo_1-membo_004,0.904,0.19845087251666782,8.510383605957031,0.009648608661417849,0.21081222254539478,0.005952823907136917,-0.23808763921260834,0.2578056752681732,0.5853795437664382,7.725543975830078,-0.0010272185813069955,0.3624438260270154,-0.0024000396952033043,-0.30136188864707947,0.2947915494441986,0.17228108929095176,8.609567642211914,-0.0004967125725880865,0.1401307286659291,-0.0016710631316527724,-0.12186705917119979,0.12012068331241607,0.04151910603084529,9.511031150817871,0.0003676221113001358,0.04883582732647418,-0.0001964288967428729,-0.0413073681294918,0.042664404958486564,0.0023693883950969665,11.306177139282227,6.239050005862911e-06,0.00826546656541204,2.0274937014619354e-05,-0.009698155336081982,0.009523712564259768
F:\Seminario\Seminario-Clustering\datasets\davi\Al Emadi (2019)\Multiclass_Drone_Audio\unknown\2-91912-B-331.wav,Multiclass_Drone_Audio\unknown\2-91912-B-331.wav,al_emadi,2-91912-B-331,1.0216875,0.7520865144480526,9.066436767578125,-0.00020174004533081997,0.019208214429139964,-0.0006981201295275241,-0.0238362992182374,0.024860349483788017,0.06865368238379868,7.674709320068359,-0.0001880806982920579,0.005800705349306307,-2.3986707674339414e-05,-0.005587969115003944,0.0049865292850881865,0.08195674025467678,7.606068134307861,-3.1504742361889296e-05,0.004514027280896248,-4.533641185844317e-05,-0.002995667210780084,0.002995064249262213,0.06506144291820813,7.206261157989502,8.175760239894697e-06,0.0028536620929644455,-3.7043221254862146e-06,-0.0012504813726991414,0.0013431304832920439,0.03224161999526373,6.564356803894043,5.866497228810158e-07,0.0014229090888922108,1.5492638993919172e-07,-0.0004620167630491778,0.0004714265960501507
F:\Seminario\Seminario-Clustering\datasets\davi\Al Emadi (2019)\Multiclass_Drone_Audio\bebop_1\mixed_20-bebop_002_.wav,Multiclass_Drone_Audio\bebop_1\mixed_20-bebop_002_.wav,al_emadi,mixed_20-bebop_002,1.024,0.6802564409929175,8.627330780029297,0.004578798303714458,0.170326065717245,0.009626095183193684,-0.193816676735878,0.20453859865665436,0.023678026449059957,9.041277885437012,0.00046990539140114403,0.03178534563905972,-0.0004451838613022119,-0.042512476444244385,0.04026147350668907,0.07763626638236346,9.928319931030273,-6.524896172919667e-05,0.04098596267562343,-0.0006205840618349612,-0.05114425420761108,0.05244979858398437,0.13184821988242643,10.948357582092285,0.0007071050225062838,0.037894319395645,0.0005863944534212351,-0.04785642251372337,0.04980174526572228,0.08658104629323267,11.91698932647705,7.114200116043045e-05,0.021754361637958314,-0.00010683672735467553,-0.027883255854249,0.027743742801249027
F:\Seminario\Seminario-Clustering\datasets\davi\Al Emadi (2019)\Multiclass_Drone_Audio\membo_1\extra_membo_D2_2023.wav,Multiclass_Drone_Audio\membo_1\extra_membo_D2_2023.wav,al_emadi,extra_membo_D2,1.002625,0.9300637730247733,8.914161682128906,-0.0001411980298635472,0.030189059655305106,0.001440734718926251,-0.03828534185886383,0.03665156662464142,0.017541827187765008,8.955474853515625,-1.8930971221677517e-05,0.004146014950744086,-0.00010591294267214835,-0.004897006973624229,0.005466549471020698,0.01846686916553359,9.946531295776367,9.060039730534277e-06,0.003028672638356957,-1.0356353413953912e-05,-0.003954417398199439,0.003936321660876276,0.017629904520982488,10.875049591064453,-9.900543427979941e-06,0.0020997401701297767,-3.285082493675873e-05,-0.002709730784408748,0.0026451318757608534,0.016297626100945654,11.870796203613281,-5.109244517597315e-06,0.0014301188388447684,1.1465564966783859e-05,-0.0018534718547016382,0.0017765858443453911
F:\Seminario\Seminario-Clustering\datasets\davi\Al Emadi (2019)\Multiclass_Drone_Audio\bebop_1\mixed_58-bebop_004_.wav,Multiclass_Drone_Audio\bebop_1\mixed_58-bebop_004_.wav,al_emadi,mixed_58-bebop_004,0.904,0.23374995653113353,8.8262357711792,-0.0020815281080423334,0.05572537915650241,-0.005826848093420267,-0.06968104839324951,0.072086863219738,0.040709593235456094,8.673599243164062,0.0001076628830112946,0.023271467802679174,4.225622251396999e-05,-0.02987421676516533,0.027968427166342735,0.1583212009517307,9.766838073730469,0.001558993218874387,0.032670010781664004,0.0009664863464422524,-0.0398043729364872,0.044597502797842026,0.313135767363347,10.772171020507812,0.00019150495092121214,0.032654430039979934,-0.0002482656855136156,-0.04160575419664383,0.04179056808352471,0.25408348191833274,11.760650634765625,-7.945947949847103e-05,0.02083966745723873,0.00029692554380744696,-0.027394679374992847,0.02625213097780943
F:\Seminario\Seminario-Clustering\datasets\davi\Al Emadi (2019)\Multiclass_Drone_Audio\bebop_1\B_S2_D1_127-bebop_002_.wav,Multiclass_Drone_Audio\bebop_1\B_S2_D1_127-bebop_002_.wav,al_emadi,B_S2_D1_127-bebop_002,1.024,0.7297507048390429,8.484378814697266,-0.0015074355009594112,0.3613382373519367,-0.011067732237279415,-0.37785759568214417,0.41757261753082275,0.030053846428467906,8.72256851196289,-0.0013723431627946656,0.07331695156996533,-0.002864609472453594,-0.08810488134622574,0.08642444759607315,0.05436099305284813,9.959857940673828,0.00020776846137189852,0.07022212098131418,-0.0005857860087417066,-0.09025532752275467,0.08845745176076888,0.11106688565439687,10.946002960205078,-0.0005640769368814767,0.07122296515914812,0.00028619010117836297,-0.09013503938913345,0.08768553733825683,0.07476757002524413,11.92757797241211,7.577541938299162e-05,0.04139252830725747,-0.00031602564558852464,-0.05266298167407513,0.053391460329294205
F:\Seminario\Seminario-Clustering\datasets\davi\Al Emadi (2019)\Multiclass_Drone_Audio\unknown\4-189332-A-370.wav,Multiclass_Drone_Audio\unknown\4-189332-A-370.wav,al_emadi,4-189332-A-370,1.0216875,0.0029195862108032894,4.197032928466797,-0.007400759630481566,0.026394076827720655,-0.004608017159625888,-0.007270265556871891,-0.002142235543578863,0.0007132170013013139,3.5126442909240723,0.00010335604031932014,0.013548104094653188,1.542975405754987e-05,-0.0008496595837641507,0.0008806425379589201,0.4289145464545926,8.720057487487793,0.003724324803358222,0.23649241119337405,2.704410690057557e-05,-0.255485439300537,0.26989079713821407,0.546380960409353,9.732108116149902,-5.115287039541094e-05,0.189405882448659,-6.046819635230349e-06,-0.2097013220191002,0.22013521641492864,0.02107168992394982,10.653374671936035,-3.252265599637613e-05,0.026346404946967196,1.0220518333881046e-06,-0.02620553895831107,0.028770045191049597
F:\Seminario\Seminario-Clustering\datasets\davi\Al Emadi (2019)\Multiclass_Drone_Audio\bebop_1\mixed_24-bebop_004_.wav,Multiclass_Drone_Audio\bebop_1\mixed_24-bebop_004_.wav,al_emadi,mixed_24-bebop_004,0.904,0.6869699725864834,8.261618614196777,0.002330789957555958,0.1656555326219499,-0.0008135167299769819,-0.1717885434627533,0.18960559368133545,0.025745149694581464,8.825471878051758,-0.0005953675936911594,0.03206660040536377,-0.0018190311966463923,-0.041731033474206924,0.04088679328560829,0.07112436708553008,9.767069816589355,-0.00011673713340820468,0.03799100797907716,0.0003477683349046856,-0.05000750795006752,0.048132751137018204,0.12437773025845829,10.740619659423828,-0.0008434119873443107,0.035656036622757556,-6.909856892889366e-05,-0.04730769842863083,0.04426244646310807,0.09178278037494675,11.751287460327148,-4.049658957601691e-05,0.021706288399624254,-0.00018044211901724339,-0.027833531610667706,0.02769067231565714
F:\Seminario\Seminario-Clustering\datasets\davi\Al Emadi (2019)\Multiclass_Drone_Audio\membo_1\Membo_0_017-membo_004_.wav,Multiclass_Drone_Audio\membo_1\Membo_0_017-membo_004_.wav,al_emadi,Membo_0_017-membo_004,0.896,0.575237634735543,9.24907112121582,0.0013123225463525696,0.07759756641144884,-0.00014840737276244909,-0.10116619467735291,0.10541660338640216,0.18322691818329276,8.968457221984863,-9.85234551933137e-05,0.043800602498343125,0.0016449001850560308,-0.05711589753627777,0.05934045910835268,0.06495053400821627,9.850119590759277,-0.0004971274036100712,0.018580009208179676,-0.0006544071366079152,-0.025142884999513625,0.023301793262362484,0.07373778614631522,10.6341552734375,0.00011329486918099561,0.014059365701350194,0.00015164664364419878,-0.017843937128782274,0.017877759411931038,0.1028471269266327,11.640057563781738,-1.3634218072974912e-05,0.01176414852606446,-0.00010100526196765713,-0.014449809584766627,0.014864493347704427
F:\Seminario\Seminario-Clustering\datasets\davi\Al Emadi (2019)\Multiclass_Drone_Audio\unknown\5-200461-A-111.wav,Multiclass_Drone_Audio\unknown\5-200461-A-111.wav,al_emadi,5-200461-A-111,1.0216875,0.1519871585874045,8.79698371887207,0.0024643784391343636,0.11320240177814504,-0.0011744877556338906,-0.13343094140291215,0.14568652063608184,0.28846635910877805,8.881778717041016,0.003744763703343084,0.1559471662399265,0.005544112529605627,-0.1966203287243843,0.1965239420533181,0.3938410765264698,9.68037223815918,0.0023083847512296723,0.12973352275153602,-0.0009563665080349892,-0.15117088258266448,0.15736750960350035,0.12514846429671736,10.766633987426758,-0.0010049367304433023,0.051886194904218856,-0.0005273795686662197,-0.06618999168276786,0.0609124667942524,0.04055694148063027,11.834508895874023,-3.345165295154986e-05,0.02092564462274433,-0.00015408632316393778,-0.026172534003853797,0.026528902724385267
F:\Seminario\Seminario-Clustering\datasets\davi\Al Emadi (2019)\Multiclass_Drone_Audio\bebop_1\mixed_4-bebop_000_.wav,Multiclass_Drone_Audio\bebop_1\mixed_4-bebop_000_.wav,al_emadi,mixed_4-bebop_000,1.024,0.17308080932508949,8.693509101867676,-0.00030734412939290826,0.08905100581410348,-0.0008361444342881441,-0.10751032084226608,0.1060202568769455,0.05327737590968904,8.984185218811035,-0.0006958521564461075,0.04940208861542082,-0.0005882706609554589,-0.0646962821483612,0.06254657357931137,0.208156007328291,9.961759567260742,0.0010159639563291334,0.06952912885326419,0.0013728011399507523,-0.08969832509756087,0.09138652682304382,0.39261001407940027,10.877355575561523,0.00023558069453348787,0.06776508203465874,-0.00011856760829687119,-0.08461673706769943,0.08456388711929322,0.17287579335753017,11.93010425567627,-6.294893495405093e-05,0.03185068830010755,0.00031862065952736884,-0.0407014898955822,0.04000806249678135
F:\Seminario\Seminario-Clustering\datasets\davi\Al Emadi (2019)\Multiclass_Drone_Audio\unknown\5-179294-A-463.wav,Multiclass_Drone_Audio\unknown\5-179294-A-463.wav,al_emadi,5-179294-A-463,1.0216875,0.2835856329879249,8.98018741607666,-2.7008415981842816e-05,0.09018889734853608,-0.0017969445325434208,-0.1190369501709938,0.11771926507353789,0.5225278400800826,8.95986557006836,-0.00036397526461928986,0.12242321830156144,0.0002244334864371922,-0.15862530767917632,0.15399972945451737,0.13471851286346995,9.836748123168945,0.00045470818207747615,0.04424936670428119,0.00023403705563396215,-0.055075014382600776,0.05569197088479994,0.05655477537355091,10.65342903137207,-3.4076053870762984e-05,0.020342786632459003,-4.9274322009296156e-05,-0.024324065446853636,0.024605048261582853,0.002613238694971722,11.556717872619629,-1.92290731899433e-05,0.003097304448510783,-2.307944123458583e-05,-0.003694812674075365,0.0036849608412012464
F:\Seminario\Seminario-Clustering\datasets\davi\Al Emadi (2019)\Multiclass_Drone_Audio\bebop_1\B_S2_D1_072-bebop_004_.wav,Multiclass_Drone_Audio\bebop_1\B_S2_D1_072-bebop_004_.wav,al_emadi,B_S2_D1_072-bebop_004,0.896,0.5746218076160202,8.256975173950195,0.003518284458156477,0.24610549983349966,0.003918515518307686,-0.2686827898025513,0.2803694128990174,0.03914071354654858,8.630521774291992,0.0012866864896256816,0.06422466655931981,0.0010384024353697896,-0.07477735579013825,0.07907440662384034,0.09032962759832669,9.69796371459961,-0.0006142693799787755,0.06954985067419973,-0.0010023171780630946,-0.08567658513784407,0.0879028826951981,0.18553042719138166,10.705968856811523,-0.0009864441147289184,0.07076006520070187,-0.0006910717347636819,-0.09058225154876709,0.08887740075588227,0.11037742404772281,11.72624397277832,-6.850109609420817e-05,0.0386716075768056,0.00048040867841336876,-0.049632943421602245,0.04894930720329286
F:\Seminario\Seminario-Clustering\datasets\davi\Al Emadi (2019)\Multiclass_Drone_Audio\bebop_1\mixed_1-bebop_004_.wav,Multiclass_Drone_Audio\bebop_1\mixed_1-bebop_004_.wav,al_emadi,mixed_1-bebop_004,0.904,0.19580058968775813,8.496098518371582,0.007885847069029304,0.21416540803383433,0.007168869953602552,-0.24994754791259766,0.2574266791343689,0.5594224606363623,7.73984432220459,-0.0008452149868565667,0.36224740743172407,-0.0007929962011985481,-0.3127148449420929,0.3058343231678009,0.1726442187606666,8.773673057556152,-0.0003842449225811572,0.1434183021736219,-0.0027056417893618345,-0.1281778037548065,0.12515869289636597,0.05794579793731668,10.198899269104004,0.0002760428606042298,0.05898558843234384,8.074966899584979e-05,-0.06406270116567611,0.06735116839408876,0.014186932977896322,11.743215560913086,2.313651999116277e-05,0.020677887955428284,-1.6073645383585244e-06,-0.026270193047821522,0.026220698840916157
F:\Seminario\Seminario-Clustering\datasets\davi\Al Emadi (2019)\Multiclass_Drone_Audio\bebop_1\mixed_19-bebop_004_.wav,Multiclass_Drone_Audio\bebop_1\mixed_19-bebop_004_.wav,al_emadi,mixed_19-bebop_004,0.904,0.78469493259725,8.447351455688477,0.0034198696818606047,0.2158846338198742,1.6741520312280045e-06,-0.2514154613018036,0.27265262603759766,0.01385185310719756,8.447357177734375,-0.00046129303168512603,0.028682933306127315,-0.0003011161752510816,-0.035722825676202774,0.033688101917505264,0.05558538031370821,9.741695404052734,0.0012978191951620469,0.04093374906694457,0.0008741149213165045,-0.05101119354367256,0.05370073840022087,0.087181494962606,10.751581192016602,-0.0005043809123361271,0.03640822194476754,-2.4977773136924952e-05,-0.047185821086168284,0.04668631628155708,0.05868633901923828,11.723409652709961,0.00015688859710060558,0.02116450139924227,9.73797932601883e-06,-0.02710454072803259,0.026833335869014263
F:\Seminario\Seminario-Clustering\datasets\davi\Al Emadi (2019)\Multiclass_Drone_Audio\unknown\1-59102-A-130.wav,Multiclass_Drone_Audio\unknown\1-59102-A-130.wav,al_emadi,1-59102-A-130,1.0216875,0.0037546956756805347,8.033723831176758,0.003273813376292704,0.004204465852108858,0.0020055470522493124,5.649571066896898e-05,0.008423411939293147,0.0009922077796939996,7.506478786468506,-0.00012066640896344536,0.002736629961435302,-2.360564212722238e-05,-0.0024161244742572307,0.0022901429794728763,0.001296148378210549,8.350749969482422,-3.8819583759253334e-05,0.0022284522992888117,-2.0554359252855647e-05,-0.001965483487583697,0.0018738612532615657,0.0010996336642953445,9.992493629455566,2.3889808374354876e-05,0.0014563559649584195,2.9960377105453517e-05,-0.0015809110482223332,0.0016421537497080866,0.9928573145021196,11.759841918945312,-0.0001339639697526023,0.031000421429552723,-0.00038850971031934023,-0.037852263823151586,0.03838460966944695
F:\Seminario\Seminario-Clustering\datasets\davi\Al Emadi (2019)\Multiclass_Drone_Audio\membo_1\mixed_membo_14-membo_002_.wav,Multiclass_Drone_Audio\membo_1\mixed_membo_14-membo_002_.wav,al_emadi,mixed_membo_14-membo_002,1.024,0.8921817263320233,9.037260055541992,0.0007344244948054723,0.11560232592832853,-0.0010406756773591042,-0.14434143900871277,0.14854103326797485,0.07202600885636869,8.777311325073242,7.354740660502579e-05,0.03284673825652927,3.959941022912972e-05,-0.04048887640237808,0.0417206846177578,0.016489179411991902,9.806580543518066,-7.821364215707214e-05,0.011190237053952968,-0.00024041709548328072,-0.014224817417562008,0.013841264881193638,0.008904863500638759,10.961724281311035,8.962121610820785e-05,0.005834746710289935,0.0001198834361275658,-0.007265071105211973,0.007543747685849667,0.010398221898977308,11.944173812866211,7.702689009366417e-06,0.004466457113860537,4.239763984514866e-05,-0.005754134152084589,0.00566599378362298
F:\Seminario\Seminario-Clustering\datasets\davi\Al Emadi (2019)\Multiclass_Drone_Audio\bebop_1\mixed_35-bebop_001_.wav,Multiclass_Drone_Audio\bebop_1\mixed_35-bebop_001_.wav,al_emadi,mixed_35-bebop_001,1.024,0.45317267934418376,8.83985710144043,-0.0014078013105344534,0.34957393238762435,0.014526532962918282,-0.44084110856056213,0.43351423740386963,0.2768819429360797,9.019647598266602,-0.0035261885570069787,0.2732258962332297,-0.011171964928507805,-0.35039108991622925,0.3381820321083069,0.186440064094574,9.952058792114258,-0.00036162059610916544,0.1596544011199602,-0.0011595106916502118,-0.20406273901462554,0.20205779075622557,0.06771910796946923,10.960107803344727,-4.3279683432917417e-07,0.06827743976455398,0.000441918324213475,-0.08747270405292511,0.08633033186197281,0.01578620565569331,11.938246726989746,0.0001725612297321861,0.023349270783224487,0.0003166744136251509,-0.029575073160231113,0.029794099740684032
F:\Seminario\Seminario-Clustering\datasets\davi\Al Emadi (2019)\Multiclass_Drone_Audio\unknown\2-104105-A-193.wav,Multiclass_Drone_Audio\unknown\2-104105-A-193.wav,al_emadi,2-104105-A-193,1.0216875,0.9844575345012772,7.583594799041748,-0.0018485515271938749,0.6149993901291555,0.0032999840332195163,-0.5749220252037048,0.5688059091567996,0.014256584662197253,8.459754943847656,-0.00039149278876168114,0.07400820020876375,0.0010069661948364228,-0.085079987347126,0.087079755216837,0.0012559745756499498,8.815679550170898,-6.990567600240473e-06,0.01563773824402147,-0.00014866711717331782,-0.016038601472973823,0.016543963924050328,1.7885527679664276e-05,9.772327423095703,1.653037841183221e-05,0.0013239166414428642,2.416999723209301e-05,-0.0014080795808695257,0.0014583768555894495,1.202073319600413e-05,11.672969818115234,-2.3665787208567177e-06,0.0007688352960656197,6.91728450874507e-06,-0.0009468212258070708,0.0009250528935808689
F:\Seminario\Seminario-Clustering\datasets\davi\Al Emadi (2019)\Multiclass_Drone_Audio\unknown\3-167096-A-310.wav,Multiclass_Drone_Audio\unknown\3-167096-A-310.wav,al_emadi,3-167096-A-310,1.0216875,0.6361804570593644,8.86269474029541,0.00015265202713954883,0.014265406951289904,5.1273807912366465e-05,-0.017562555521726607,0.01815532296895981,0.05735556685194599,8.781365394592285,-8.697780945065023e-05,0.0042826946443424475,-2.0576674614858348e-05,-0.005519635090604424,0.0051449486520141405,0.06851040980897063,6.981036186218262,0.00019526342408220166,0.0033270232671569993,0.00014204971375875175,-0.002236558822914958,0.0025388606358319517,0.09277317866537776,5.27046537399292,-1.7627223714969617e-06,0.0027516640468157843,-1.7803471337174415e-06,-0.0008970727503765374,0.0009230550669599326,0.14518038761434124,5.023824691772461,1.2419898792067083e-05,0.002438141698732629,5.207269168749917e-06,-0.0004084794403752312,0.00041605807200539857
F:\Seminario\Seminario-Clustering\datasets\davi\Al Emadi (2019)\Multiclass_Drone_Audio\bebop_1\B_S2_D1_097-bebop_003_.wav,Multiclass_Drone_Audio\bebop_1\B_S2_D1_097-bebop_003_.wav,al_emadi,B_S2_D1_097-bebop_003,1.024,0.8998706997723694,8.57348346710205,0.006567884815106262,0.5834029834092016,0.01235602144151926,-0.6583632826805115,0.6841351985931396,0.0063881649988505726,8.779810905456543,-0.001080841575912495,0.049146112666138206,-0.0020823413506150246,-0.05958300083875656,0.05977219343185425,0.02245786119454696,9.957039833068848,0.0011075289194110095,0.06561908442954074,0.002664722502231598,-0.08503230959177017,0.08460057526826857,0.04208973960380386,10.92347526550293,0.0020804183741583893,0.06371971026268684,0.0014997675316408277,-0.07774690687656402,0.08341229856014253,0.029193534430429147,11.921518325805664,-4.903065671355714e-05,0.03760838522365044,4.115762180845195e-06,-0.04788987338542938,0.047054778784513474
F:\Seminario\Seminario-Clustering\datasets\davi\Al Emadi (2019)\Multiclass_Drone_Audio\bebop_1\mixed_53-bebop_003_.wav,Multiclass_Drone_Audio\bebop_1\mixed_53-bebop_003_.wav,al_emadi,mixed_53-bebop_003,1.024,0.7325160698895249,8.938337326049805,-0.0035411690096900338,0.2421016290718786,-0.0072547090239822865,-0.29565295577049255,0.3081875741481781,0.06108398416878392,8.924455642700195,-0.0001679429099521778,0.06991945005902903,-0.0004194726061541587,-0.08698687702417374,0.08717275410890579,0.054370623617522956,9.876888275146484,-6.779981331845121e-05,0.046969829680308814,-0.0011830824660137296,-0.056199140101671215,0.0590650051832199,0.08593759774365517,10.98797607421875,0.00022525295180548334,0.041901719445021114,0.0009347886661998928,-0.05497658625245094,0.0531941406428814,0.06609172458051311,11.940481185913086,-1.0374865452320566e-05,0.026028233223241715,-0.0002294243167852983,-0.03288567252457142,0.03334951959550381
F:\Seminario\Seminario-Clustering\datasets\davi\Al Emadi (2019)\Multiclass_Drone_Audio\unknown\1-49409-A-80.wav,Multiclass_Drone_Audio\unknown\1-49409-A-80.wav,al_emadi,1-49409-A-80,1.0216875,0.05817639158548604,8.812129974365234,-0.0027905016807776625,0.0500228124463486,-0.0014097957755438983,-0.06547566875815392,0.056725294142961506,0.09616341818415776,9.093937873840332,-0.001495499118616946,0.06439575664139227,-0.0002868716328521259,-0.08659525215625763,0.08538787513971334,0.19704159146511682,9.878534317016602,-0.0008424905432861392,0.06563234736014215,-0.00039912754436954856,-0.08313330858945846,0.08447473794221876,0.6061908911309905,9.717687606811523,-0.00011849823770897853,0.08168439195511892,0.00020887432765448466,-0.07725489661097526,0.08022419884800912,0.0424277076342489,9.831143379211426,-1.8417890294504013e-06,0.015306852393936605,4.723737220047042e-05,-0.011151862889528274,0.011231171060353519
F:\Seminario\Seminario-Clustering\datasets\davi\Al Emadi (2019)\Multiclass_Drone_Audio\bebop_1\mixed_46-bebop_000_.wav,Multiclass_Drone_Audio\bebop_1\mixed_46-bebop_000_.wav,al_emadi,mixed_46-bebop_000,1.024,0.8744831916806743,9.02628231048584,0.014851001086330806,0.4810506116030618,0.02877688780426979,-0.6070888638496399,0.61722731590271,0.08683542801244672,8.898147583007812,-0.00042298735993846515,0.15165917321266856,0.0021122125908732414,-0.1943964958190918,0.1850205361843109,0.011415274198718758,9.93507194519043,-0.0003473721770076897,0.03915161406047546,-0.0006130863912403584,-0.049145158380270004,0.049047681689262386,0.015341606879763858,10.913066864013672,0.0004589116374391726,0.032205062628314636,0.0007703627343289554,-0.03997528776526451,0.039977889508008964,0.011924499228396317,11.941899299621582,-5.831814253342436e-05,0.020112948259691933,-9.922979006660171e-05,-0.026013224385678768,0.025254487060010433
F:\Seminario\Seminario-Clustering\datasets\davi\Al Emadi (2019)\Multiclass_Drone_Audio\bebop_1\mixed_64-bebop_004_.wav,Multiclass_Drone_Audio\bebop_1\mixed_64-bebop_004_.wav,al_emadi,mixed_64-bebop_004,1.024,0.2524663608707728,8.975431442260742,9.19782009749128e-05,0.056388729187657034,-0.0015509920194745064,-0.0715542882680893,0.06969334185123444,0.032858027435129174,8.980184555053711,-0.0005206957216947847,0.020336188179269982,-0.0003897460410371423,-0.027113240212202072,0.025699028745293617,0.16768772581952243,9.948034286499023,-0.0008114986117557288,0.03271220857950554,-4.361749233794399e-06,-0.043467830121517184,0.040671230852603914,0.3045353557742874,10.911800384521484,-0.00026817445134286134,0.031289956777431856,-0.00033201725455000997,-0.04015010446310043,0.03915291726589203,0.2424525301002882,11.93620491027832,-8.422597513279894e-05,0.019775894527031556,-0.00021950947120785713,-0.02547582983970642,0.02505815029144287
F:\Seminario\Seminario-Clustering\datasets\davi\Al Emadi (2019)\Multiclass_Drone_Audio\unknown\3-159445-A-454.wav,Multiclass_Drone_Audio\unknown\3-159445-A-454.wav,al_emadi,3-159445-A-454,0.95975,0.44499469976128586,8.737732887268066,-0.004929338673953322,0.3774815775374336,-0.007718859938904643,-0.475313663482666,0.45130302011966705,0.38944696857934397,8.758615493774414,0.0002822871799011664,0.35316641964892587,0.012232130393385887,-0.44040223956108093,0.4415828287601471,0.13225598796954507,9.46895980834961,-0.0006541248845367987,0.1465713343470132,0.0006796066008973867,-0.16805521547794341,0.16896968930959702,0.02766155037143068,10.436153411865234,0.000366251369853411,0.04756916845728697,0.0004268702759873122,-0.055998869612812995,0.05492280684411525,0.005640793318394468,11.363090515136719,-1.1406875778500036e-05,0.015217529259728831,-0.00013964764366392046,-0.01718562953174114,0.017852063663303854
F:\Seminario\Seminario-Clustering\datasets\davi\Al Emadi (2019)\Multiclass_Drone_Audio\unknown\4-197103-A-60.wav,Multiclass_Drone_Audio\unknown\4-197103-A-60.wav,al_emadi,4-197103-A-60,1.0216875,0.9160982054454316,8.792581558227539,0.016790952530970245,0.3506689697141855,0.026178937405347824,-0.39822336137294767,0.4467788249254227,0.07552058871213835,7.5011091232299805,-0.0011914858556958073,0.10079197627480559,-4.3583198930718936e-05,-0.08797317221760749,0.08595238253474245,0.007956578473468864,7.981925010681152,0.00014037815975408274,0.023290794297085308,-2.559203221608186e-05,-0.013158802315592764,0.01370190279558299,0.0004002114976937719,8.851020812988281,-1.1004991441401392e-05,0.003706226114327886,-6.212334710653522e-06,-0.0025636900216341016,0.002475241175852717,2.44158712673964e-05,9.965578079223633,1.2973826241869134e-06,0.0006484113382140506,1.0389755402684386e-06,-0.00043677889625541865,0.00045311482099350556
F:\Seminario\Seminario-Clustering\datasets\davi\Al Emadi (2019)\Multiclass_Drone_Audio\bebop_1\B_S2_D1_109-bebop_001_.wav,Multiclass_Drone_Audio\bebop_1\B_S2_D1_109-bebop_001_.wav,al_emadi,B_S2_D1_109-bebop_001,1.024,0.30688094679198086,8.48910140991211,0.0007755804250582713,0.14424320711903454,0.002108199754729867,-0.1529543697834015,0.16852708160877228,0.05041300568360976,8.984508514404297,0.0017545379537257017,0.05843759593131382,0.0009455689578317106,-0.06951947510242462,0.07949889451265335,0.1636292778965559,9.95895767211914,-0.0008395320507254745,0.07499316708197888,0.000250443845288828,-0.1015363648533821,0.0939659833908081,0.29040305089990437,10.945220947265625,-0.0012616836036117923,0.07088582859344866,-0.0014498234959319234,-0.09266908466815948,0.08860993087291717,0.18867371872794908,11.935728073120117,-0.0001126563144235465,0.04047681409706465,0.00043049087980762124,-0.05225660279393196,0.05075610801577568
F:\Seminario\Seminario-Clustering\datasets\davi\Al Emadi (2019)\Multiclass_Drone_Audio\unknown\3-197408-B-81.wav,Multiclass_Drone_Audio\unknown\3-197408-B-81.wav,al_emadi,3-197408-B-81,1.0216875,0.04648615177305267,8.753889083862305,0.001229880070970036,0.1800481660742914,0.008535272907465696,-0.21774566918611526,0.21544259786605846,0.2169211641192303,8.372410774230957,-0.001976575217466803,0.3889398015145407,0.0042299735359847546,-0.4311265558004379,0.4274731934070591,0.5516706115745853,7.681717872619629,0.005678593865411256,0.4415159727140222,0.00544738257303834,-0.23099351823329925,0.23326968252658842,0.17018453095568054,10.17717456817627,-0.0005340122991485185,0.17400448917372618,0.0018042180454358459,-0.18401147723197936,0.18316426277160644,0.014737541577451156,10.92706298828125,7.815382458366712e-05,0.03626939077125617,-5.547245018533431e-05,-0.036534383893013,0.03689766041934491
F:\Seminario\Seminario-Clustering\datasets\davi\Al Emadi (2019)\Multiclass_Drone_Audio\unknown\4-183882-A-283.wav,Multiclass_Drone_Audio\unknown\4-183882-A-283.wav,al_emadi,4-183882-A-283,1.0216875,0.9216701388418392,8.548495292663574,-0.001366631616972965,0.08263177046769733,-0.0005705710063921288,-0.09913518503308295,0.09409712255001082,0.04347622898248384,8.17757511138916,0.0006062871999427249,0.017938937755129825,0.0005123216251377016,-0.017994511313736437,0.02207723036408425,0.023136091011648117,9.195099830627441,0.00010431012407629211,0.00932055684555885,4.275544597476255e-05,-0.0097952626645565,0.010591705609112975,0.004157787732655203,10.257956504821777,-5.3148424161171125e-05,0.002803091315415382,-5.167040217202157e-05,-0.003207254456356168,0.003010017448104918,0.007559753431373627,10.221108436584473,-1.833223297161488e-06,0.0026777135847942455,-4.648132744478062e-06,-0.0022111593279987574,0.0022133858175948265
F:\Seminario\Seminario-Clustering\datasets\davi\Al Emadi (2019)\Multiclass_Drone_Audio\bebop_1\B_S2_D1_110-bebop_000_.wav,Multiclass_Drone_Audio\bebop_1\B_S2_D1_110-bebop_000_.wav,al_emadi,B_S2_D1_110-bebop_000,1.024,0.11206111383167297,8.954036712646484,-0.0009629822009279956,0.07613417902457009,0.0002646146749611944,-0.09881185740232468,0.09999671578407288,0.07125779875520548,8.87374496459961,0.0006837930734978003,0.060712147893057025,0.0015063496539369226,-0.07721655815839767,0.07346288114786148,0.1899867812528209,9.91069507598877,0.00029235137213206615,0.0705905581154844,-0.0003004552563652396,-0.08783038854598998,0.08858910351991653,0.35197018915509876,10.921812057495117,0.0011877155152901595,0.06816868303990192,0.0016162056708708405,-0.08601115494966506,0.08820605278015137,0.2747241170052019,11.932971000671387,0.00014866876967908446,0.042664663494444845,0.00023348603281192482,-0.05485649220645428,0.054203100502491
F:\Seminario\Seminario-Clustering\datasets\davi\Al Emadi (2019)\Multiclass_Drone_Audio\bebop_1\B_S2_D1_130-bebop_003_.wav,Multiclass_Drone_Audio\bebop_1\B_S2_D1_130-bebop_003_.wav,al_emadi,B_S2_D1_130-bebop_003,1.024,0.7057234565177216,7.475955963134766,0.0012969481399336866,0.3226986946773273,-0.003028150647878647,-0.2940893769264221,0.27266478538513184,0.019421963707353287,8.833341598510742,3.128333946863423e-05,0.053534027334365235,-0.000561519293114543,-0.06827468425035477,0.06958018988370895,0.06639409089112987,9.873881340026855,0.002148856559921953,0.07044463027702345,0.0017287593800574541,-0.08470702171325684,0.09047301709651946,0.1234215622519878,10.890771865844727,0.00044420998149841904,0.06818371744378583,0.0002480631519574672,-0.08617274314165115,0.0856064856052399,0.08503892663180743,11.931270599365234,-3.563826935053237e-05,0.040089233331934836,-0.00042855589708779007,-0.05121821537613869,0.05141645856201649
F:\Seminario\Seminario-Clustering\datasets\davi\Al Emadi (2019)\Multiclass_Drone_Audio\unknown\2-70366-A-331.wav,Multiclass_Drone_Audio\unknown\2-70366-A-331.wav,al_emadi,2-70366-A-331,1.0216875,0.3471608218579279,6.991264343261719,-0.005112066674874252,0.09212293184029914,0.0,-0.09047335460782051,0.06339449547231221,0.35253455712422943,7.087690353393555,0.0007183242803233885,0.09297323075819733,0.0,-0.06386915221810341,0.0588814705610276,0.19317838481296606,8.011096954345703,-0.0009650960333380913,0.04898582692109109,0.0,-0.035126788541674614,0.027951338700950134,0.07749974593112666,8.865363121032715,-0.0006651620958818781,0.02200834279221198,0.0,-0.013161113951355217,0.011616082210093743,0.029626490273749955,9.793002128601074,-8.074046239203034e-06,0.009642767639220553,0.0,-0.005485157249495386,0.005065552378073336
F:\Seminario\Seminario-Clustering\datasets\davi\Al Emadi (2019)\Multiclass_Drone_Audio\bebop_1\B_S2_D1_129-bebop_004_.wav,Multiclass_Drone_Audio\bebop_1\B_S2_D1_129-bebop_004_.wav,al_emadi,B_S2_D1_129-bebop_004,0.896,0.8234405140937294,7.9784440994262695,0.009109026491707584,0.4627802493404491,-0.007078913040459156,-0.4731940746307373,0.4929410159587861,0.011852529015640476,8.658851623535156,1.5020182412112674e-05,0.05553264085963683,0.00015232448640745133,-0.06774448007345199,0.06720172315835954,0.03871993289446726,9.725187301635742,0.0019425646254794843,0.07151107713210542,0.0011803451925516129,-0.08673243522644043,0.09267722368240358,0.0748845866661806,10.73532485961914,0.0008113483515173178,0.07062502238750451,0.002168492181226611,-0.09083721786737442,0.08898382782936096,0.05110243732998219,11.731146812438965,0.00029302030556684636,0.04133623180075533,0.0004867254028795287,-0.0523346122354269,0.05245077088475228
F:\Seminario\Seminario-Clustering\datasets\davi\Al Emadi (2019)\Multiclass_Drone_Audio\unknown\3-134699-A-161.wav,Multiclass_Drone_Audio\unknown\3-134699-A-161.wav,al_emadi,3-134699-A-161,1.0216875,0.9632734659005878,8.568023681640625,-0.0017143599063191139,0.16993240524797087,-0.0002407640276942402,-0.20140218436717988,0.1846476510167122,0.026712900385578005,8.914812088012695,1.0462596415919082e-05,0.02829984083662155,0.0002549694327171892,-0.03603092841804027,0.03704645149409774,0.004729505078709157,9.91952896118164,7.646073436889375e-05,0.008476548543230458,0.00013725898315897211,-0.010847796965390443,0.010768647026270626,0.001942449893671696,10.433454513549805,2.9967175986838698e-05,0.00385434597924564,-4.4716845877701417e-05,-0.004367181099951267,0.004288960434496403,0.003341678741453272,9.565018653869629,1.8002364229490324e-06,0.003580943904846054,1.043259362631943e-05,-0.0022912537213414905,0.0022999828215688467
F:\Seminario\Seminario-Clustering\datasets\davi\Al Emadi (2019)\Multiclass_Drone_Audio\bebop_1\B_S2_D1_127-bebop_004_.wav,Multiclass_Drone_Audio\bebop_1\B_S2_D1_127-bebop_004_.wav,al_emadi,B_S2_D1_127-bebop_004,0.896,0.8157954495936368,8.630966186523438,-0.007653788837975291,0.39691509786036105,-0.001535705174319446,-0.5022666573524475,0.48881206512451175,0.01441078119620482,8.711111068725586,-0.00028257612599587024,0.05276248531467918,-5.258955934550613e-05,-0.06801421344280242,0.0647671237587929,0.04744270475179325,9.650291442871094,-0.0009695284828167188,0.06822632519735422,-0.0013933172449469566,-0.08528011888265609,0.08385392874479296,0.0753307914849,10.690836906433105,0.0003999141530800599,0.06103977046330175,-0.0006644337554462254,-0.07575688064098358,0.07900597006082534,0.04702027297346513,11.67402458190918,-0.0001507816175804062,0.034166792086504645,-0.00048724615771789104,-0.042779027670621875,0.043105163052678114
F:\Seminario\Seminario-Clustering\datasets\davi\Al Emadi (2019)\Multiclass_Drone_Audio\membo_1\Membo_2_010-membo_003_.wav,Multiclass_Drone_Audio\membo_1\Membo_2_010-membo_003_.wav,al_emadi,Membo_2_010-membo_003,1.024,0.35198129322489663,9.44085693359375,0.0005571542914013523,0.06582631346873664,-0.0004942254745401442,-0.08494086563587189,0.08793862164020538,0.041653091445087914,8.900707244873047,8.444195903971044e-05,0.022645186344842375,0.0007330086082220078,-0.02917139045894146,0.0270214956253767,0.17075747470033814,9.941242218017578,-4.5541448273374756e-05,0.03264723818442458,9.674272587290034e-05,-0.04152228683233261,0.042442551255226134,0.189071079694354,10.946023941040039,4.6552414949844956e-05,0.02437687276699101,0.0004808461235370487,-0.031237897276878358,0.030535966157913208,0.24653706093532327,11.871220588684082,-2.4744542531615606e-05,0.019716584288204143,-7.811309114913456e-05,-0.025127501226961613,0.024927252903580666
F:\Seminario\Seminario-Clustering\datasets\davi\Al Emadi (2019)\Multiclass_Drone_Audio\membo_1\Membo_0_041-membo_001_.wav,Multiclass_Drone_Audio\membo_1\Membo_0_041-membo_001_.wav,al_emadi,Membo_0_041-membo_001,1.024,0.3781223447271076,9.42717170715332,0.0009153574682499896,0.07412322513411912,0.0015486010815948248,-0.09773403406143188,0.09760693460702896,0.03434833101531069,9.049127578735352,-6.117910737457324e-05,0.0223420203461766,-0.0004072585725225508,-0.029622353613376617,0.030542580410838127,0.10167669647212287,9.983251571655273,-6.900230678427514e-05,0.0273704718507346,0.00016211241018027067,-0.03523633703589439,0.03515570685267448,0.23129911593267521,10.99679183959961,0.000171803921743597,0.02929285379493712,0.0006164752412587404,-0.03845878839492797,0.03767422512173653,0.25455351185278363,11.965495109558105,3.372118626200603e-05,0.02176686472922223,0.00042926421156153083,-0.02802920527756214,0.027572656981647015
F:\Seminario\Seminario-Clustering\datasets\davi\Al Emadi (2019)\Multiclass_Drone_Audio\unknown\3-104958-A-120.wav,Multiclass_Drone_Audio\unknown\3-104958-A-120.wav,al_emadi,3-104958-A-120,1.0216875,0.5749592426301835,5.098910331726074,0.0006586859478760438,0.026058693974096214,0.000504455849295482,-0.009060093574225903,0.009921953827142716,0.18980895646782914,3.0418074131011963,-0.0003978953940800859,0.014971931560420405,2.2767827431380283e-05,-0.003013859945349395,0.0033777380594983745,0.055234556134085185,5.105181694030762,0.00018802999122355545,0.005748458907632905,2.8815565201512072e-05,-0.0014654783066362141,0.0016618062742054457,0.05008566614608856,5.5723114013671875,-6.555347327218902e-05,0.0038853767279551227,-9.93957337414031e-06,-0.0010762431309558449,0.0010435311938636013,0.1299115786218136,6.707913398742676,-5.4692294504930755e-05,0.0044325680260903924,-3.1060433229868067e-06,-0.001020069362130016,0.0010142011335119608
F:\Seminario\Seminario-Clustering\datasets\davi\Al Emadi (2019)\Multiclass_Drone_Audio\unknown\4-181708-A-320.wav,Multiclass_Drone_Audio\unknown\4-181708-A-320.wav,al_emadi,4-181708-A-320,1.0216875,0.05793941557030425,6.724176406860352,9.48482756586382e-06,0.01660118917117594,0.00011776465908042155,-0.010924887470901012,0.011559368856251254,0.2613434344249579,3.89349365234375,-8.891313572581316e-05,0.03525791520679866,-0.00011030638052034192,-0.010969381127506493,0.009111019596457492,0.2737228196130725,6.5597686767578125,0.00017102097400974092,0.025686412195266836,1.964620969374664e-05,-0.008628097362816332,0.009396765287965531,0.30761224506267,7.092379570007324,0.00014842582297800588,0.01931997789822843,8.388479272980476e-06,-0.005763681884855032,0.005835707904770972,0.09938208532899541,7.747071743011475,-1.9367644362239604e-05,0.007778513835678229,-5.848411319675506e-06,-0.0019769023405388,0.0019933182979002604
F:\Seminario\Seminario-Clustering\datasets\davi\Al Emadi (2019)\Multiclass_Drone_Audio\bebop_1\mixed_46-bebop_001_.wav,Multiclass_Drone_Audio\bebop_1\mixed_46-bebop_001_.wav,al_emadi,mixed_46-bebop_001,1.024,0.8511583649768506,8.967205047607422,0.026187517968337678,0.6675329580405919,-0.012152332812547684,-0.8212057948112488,0.8878682851791382,0.1270342944544476,8.898719787597656,0.0016720179098655605,0.2580791030953241,0.00389691349118948,-0.3101777732372284,0.3219188153743744,0.009068016416417253,9.857086181640625,0.0014178649220485606,0.04907701763094527,0.0013579012593254447,-0.05856519192457199,0.06198135688900947,0.007662909790436308,11.001903533935547,0.0006275609524328596,0.03202033431865294,0.0004862505302298814,-0.041259820014238356,0.04173194244503975,0.005076414361848212,11.923998832702637,0.00013321630883471057,0.01846308645636276,0.0002550283679738641,-0.023232100531458855,0.023771303705871105
F:\Seminario\Seminario-Clustering\datasets\davi\Al Emadi (2019)\Multiclass_Drone_Audio\membo_1\mixed_membo_7-membo_000_.wav,Multiclass_Drone_Audio\membo_1\mixed_membo_7-membo_000_.wav,al_emadi,mixed_membo_7-membo_000,1.024,0.7198854983909428,9.23869514465332,1.536245250362871e-05,0.19849109833900044,0.0018708856077864766,-0.262521356344223,0.2583156228065491,0.05304400901202156,9.006582260131836,-0.0008558953816375095,0.053873188865813416,-0.004016305319964886,-0.06929012387990952,0.06708741933107376,0.10850837555494851,9.900737762451172,8.774172355464143e-05,0.05487090357858588,0.0014518913812935352,-0.06987740099430084,0.06861339956521988,0.07533226342640316,10.947992324829102,0.00046611538305427257,0.03243888709041619,0.0005735820159316063,-0.040389055758714675,0.04256331920623779,0.043229853615683926,11.957099914550781,8.289160736006117e-05,0.017407318556838924,0.00021023963199695572,-0.022132260724902153,0.02241880353540182
F:\Seminario\Seminario-Clustering\datasets\davi\Al Emadi (2019)\Multiclass_Drone_Audio\unknown\5-219342-A-381.wav,Multiclass_Drone_Audio\unknown\5-219342-A-381.wav,al_emadi,5-219342-A-381,1.0216875,0.015620296148045483,4.742170810699463,8.149627166154592e-07,0.006719232026688756,1.2603453797055408e-05,-0.001038392842747271,0.0009978601476177574,0.28111469566867525,5.132620811462402,0.0004836428318623034,0.02850061713176468,2.5789337314563454e-06,-0.0020954679464921353,0.0023658180143684153,0.34622684376687424,5.763338565826416,0.0002864439027023313,0.022517781609289737,1.5527099890277896e-06,-0.0012488942826166746,0.001317568612284958,0.34356967973725283,6.945551872253418,-1.080212533931975e-06,0.015916510710040188,4.732077059088624e-06,-0.0008569505647756159,0.0009327695064712319,0.013468484679152199,7.903232574462891,-2.435975310833129e-06,0.002232162723966536,-1.0955924167888043e-08,-0.00016881588817341253,0.00016549334541196003
F:\Seminario\Seminario-Clustering\datasets\davi\Al Emadi (2019)\Multiclass_Drone_Audio\unknown\3-180147-A-303.wav,Multiclass_Drone_Audio\unknown\3-180147-A-303.wav,al_emadi,3-180147-A-303,1.0216875,0.9083116271564713,8.01582145690918,-0.001205985769158485,0.08393764234766728,0.0009234005410689861,-0.10111313834786415,0.08163530752062799,0.0757682306592104,5.566245079040527,0.0004755016553349465,0.024240645753989404,2.576644078544632e-06,-0.0063759418670088054,0.006986669870093466,0.014908314788414654,6.426926612854004,9.561791725214607e-05,0.007655435847213734,1.968723381651216e-06,-0.0007953138323500751,0.0009004590159747748,0.0008961161686070478,7.29945707321167,-2.7179844659157772e-06,0.001331774881169093,-6.780254327432012e-08,-0.00020407110860105602,0.00020519851386779922,0.00011571122729665679,8.704967498779297,1.11240492202319e-06,0.00033897001356292397,1.0665625040928717e-06,-0.0001070166821591556,0.00010870473925024273
F:\Seminario\Seminario-Clustering\datasets\davi\Al Emadi (2019)\Multiclass_Drone_Audio\unknown\1-17565-A-123.wav,Multiclass_Drone_Audio\unknown\1-17565-A-123.wav,al_emadi,1-17565-A-123,1.0216875,0.2799694950300214,8.830628395080566,-0.0005689143949512211,0.04533471806031633,-0.0031063558999449015,-0.05493516363203525,0.057358036935329454,0.05784289853701465,5.716352939605713,-0.00033558128316214,0.02060521753708687,-1.235143827216234e-06,-0.008471133001148701,0.008672381006181248,0.10596874222044679,5.5782246589660645,0.00045589533294881,0.0198513259246667,4.199780050839763e-05,-0.005380297824740409,0.006525390269234777,0.28832369668341534,6.308139801025391,0.000352577418817034,0.023236214220085098,7.377005749731325e-05,-0.0064253551885485646,0.006660781335085635,0.26789516752910186,6.550396919250488,6.216225520037714e-05,0.015866480864370498,1.030056353101827e-06,-0.003971058828756213,0.003916828613728287
F:\Seminario\Seminario-Clustering\datasets\davi\Al Emadi (2019)\Multiclass_Drone_Audio\unknown\4-165606-A-453.wav,Multiclass_Drone_Audio\unknown\4-165606-A-453.wav,al_emadi,4-165606-A-453,1.0216875,0.9435936263983691,8.974106788635254,0.02290711161674521,0.5768503685455091,0.03488853946328163,-0.7063637137413025,0.7621176183223728,0.04147691964086868,8.99691390991211,0.0031740926948981628,0.12099479667728358,0.004356358665972948,-0.15257130712270736,0.1572139456868172,0.010028174560228259,9.843338012695312,-0.00036268589605070197,0.04236558691073544,0.0014771794085390866,-0.05399939492344856,0.05295518934726714,0.004049973265474616,10.854816436767578,-0.00010527194839804855,0.019102830872268016,-6.0856669733766466e-05,-0.023908953741192816,0.023652729205787187,0.0008513061350594249,11.769832611083984,-7.879469924222346e-06,0.006203646927208559,7.621383701916784e-05,-0.00787527309730649,0.007575391279533506
F:\Seminario\Seminario-Clustering\datasets\davi\Al Emadi (2019)\Multiclass_Drone_Audio\unknown\4-218304-A-250.wav,Multiclass_Drone_Audio\unknown\4-218304-A-250.wav,al_emadi,4-218304-A-250,1.0216875,0.1119388261005504,5.4945878982543945,-2.985790754732225e-05,0.019236531835901433,8.238392547355033e-05,-0.01071243742480874,0.009861531201750042,0.29058990650994937,5.048407077789307,0.0004765977544954646,0.030990303327836023,-8.486000297125429e-05,-0.0091662491671741,0.007249951548874389,0.48334363574361333,6.177063465118408,-3.807721560742155e-05,0.02845574248288305,-1.909012735268334e-05,-0.006792959524318574,0.006417820230126378,0.08694340209805808,7.442798614501953,-1.5868803671113617e-05,0.008562881915470116,9.560046237311326e-06,-0.003130295616574585,0.003163469792343678,0.02718422954782882,8.681662559509277,3.10981194485824e-05,0.003391321156725583,4.1779458115343004e-06,-0.0016004035132937133,0.0016889199963770825
F:\Seminario\Seminario-Clustering\datasets\davi\Al Emadi (2019)\Multiclass_Drone_Audio\membo_1\extra_membo_D2_2039.wav,Multiclass_Drone_Audio\membo_1\extra_membo_D2_2039.wav,al_emadi,extra_membo_D2,1.002625,0.9158682911253818,8.946671485900879,-0.0002772707758905297,0.02738464768139276,-0.0012262787204235792,-0.035191307216882704,0.03497416898608209,0.02194804989315565,9.077020645141602,-1.0696652754297841e-05,0.004239449753287522,-8.087931200861931e-05,-0.005473692808300256,0.005681616440415383,0.01793317975454087,9.977310180664062,-2.1831606641328485e-05,0.00272826982910568,-2.5672457013570238e-05,-0.0036739281145855784,0.003467777301557363,0.023907045346752823,10.86900520324707,-1.065619084344905e-06,0.002235235191165288,-1.6162012798304204e-05,-0.0028571373550221324,0.002856432739645243,0.020343433880168814,11.89129638671875,-3.110934930791066e-06,0.0014606252484246614,1.0540510629653e-05,-0.0018505362328141927,0.0018568549770861865
F:\Seminario\Seminario-Clustering\datasets\davi\Al Emadi (2019)\Multiclass_Drone_Audio\bebop_1\B_S2_D1_107-bebop_004_.wav,Multiclass_Drone_Audio\bebop_1\B_S2_D1_107-bebop_004_.wav,al_emadi,B_S2_D1_107-bebop_004,0.896,0.1329575878318433,8.86166763305664,-0.0012819652455641443,0.07405844534471649,-0.0014652595855295658,-0.10256264507770538,0.09521720558404922,0.044153466375447446,8.85760498046875,-0.001343506448584034,0.04266288683692662,-0.0002911474439315498,-0.05674460679292679,0.05345662906765938,0.19304073969830507,9.760132789611816,-0.0005197661305337624,0.06360869020204778,7.493607699871063e-05,-0.08242190331220627,0.08149384111166003,0.3641602673317567,10.69369125366211,0.0004611283726459411,0.062024829188484884,-0.00025262858252972364,-0.07671079188585281,0.07999421060085296,0.26568793876264746,11.737300872802734,0.00010138396088355804,0.03753579068069663,0.0004928777925670147,-0.04844130873680115,0.04760650135576727
F:\Seminario\Seminario-Clustering\datasets\davi\Al Emadi (2019)\Multiclass_Drone_Audio\unknown\1-56380-B-53.wav,Multiclass_Drone_Audio\unknown\1-56380-B-53.wav,al_emadi,1-56380-B-53,1.0216875,0.014065010197563435,6.609808921813965,8.528461637802725e-05,0.00812132500290604,0.0,-0.004598454060032963,0.004379326617345214,0.04835067153979121,6.826354503631592,0.00047652857563759167,0.015050970782752601,0.0,-0.0036395330680534244,0.0031633401289582357,0.5857790697620834,7.598316192626953,0.0001585955838481453,0.037312054744645363,0.0,-0.0021645459113642566,0.003089903458021575,0.28382161150971164,7.986823558807373,-1.1789352155747973e-05,0.018427603844285993,0.0,-0.0014048692770302282,0.0018728890689089905,0.06798363699085036,8.953922271728516,6.406492393846699e-07,0.00638814460832361,0.0,-0.00124169698683545,0.0011094367248006178
F:\Seminario\Seminario-Clustering\datasets\davi\Al Emadi (2019)\Multiclass_Drone_Audio\unknown\5-234263-A-253.wav,Multiclass_Drone_Audio\unknown\5-234263-A-253.wav,al_emadi,5-234263-A-253,1.0216875,0.0,-0.0,0.0,0.0,0.0,0.0,0.0,0.0,-0.0,0.0,0.0,0.0,0.0,0.0,0.0,-0.0,0.0,0.0,0.0,0.0,0.0,0.0,-0.0,0.0,0.0,0.0,0.0,0.0,0.0,-0.0,0.0,0.0,0.0,0.0,0.0
F:\Seminario\Seminario-Clustering\datasets\davi\Al Emadi (2019)\Multiclass_Drone_Audio\unknown\3-177082-A-222.wav,Multiclass_Drone_Audio\unknown\3-177082-A-222.wav,al_emadi,3-177082-A-222,0.97525,0.1132268561810425,8.297234535217285,0.0027102687446438106,0.15860991829597398,-0.0040802976582199335,-0.16478460729122163,0.17955470979213714,0.3503121517073766,8.188861846923828,-0.006553985545608753,0.27895027065811,-0.007267475128173828,-0.31853401660919184,0.3078801363706588,0.3429506883996799,9.48200798034668,0.000430224419864708,0.1966455448395147,-0.0022590323351323605,-0.2279350221157074,0.23026123642921462,0.17992285905257574,10.192745208740234,-8.306829845003904e-05,0.10107461575996726,-0.0006229380960576236,-0.11225825399160386,0.1112351767718792,0.013587444659325232,10.882864952087402,9.824953550535532e-05,0.019675423599184467,-5.9558136854320765e-05,-0.020725359208881855,0.02121879905462265
F:\Seminario\Seminario-Clustering\datasets\davi\Al Emadi (2019)\Multiclass_Drone_Audio\unknown\4-172500-D-273.wav,Multiclass_Drone_Audio\unknown\4-172500-D-273.wav,al_emadi,4-172500-D-273,1.0216875,0.7878150386910647,8.35409927368164,-3.0735882727161226e-05,0.041297901191266945,-0.00138390576466918,-0.04453558549284935,0.04374116621911527,0.029563614927962414,8.512415885925293,-1.114244906526465e-06,0.008000087360760933,2.9877774977649096e-05,-0.009182819351553916,0.008980642165988685,0.04810199518871678,9.474058151245117,0.0002613538885630304,0.00725974930787358,0.0003341851261211559,-0.008119112811982632,0.008838295564055442,0.12955896829885194,9.932273864746094,-4.807416866579606e-06,0.008458922709834824,-5.847214561072178e-05,-0.00845416160300374,0.008535875752568247,0.0049603828934041425,11.357967376708984,2.2848995015361233e-06,0.001172369384378407,8.129475759233173e-07,-0.0013130938867107033,0.0013098693103529512
F:\Seminario\Seminario-Clustering\datasets\davi\Al Emadi (2019)\Multiclass_Drone_Audio\membo_1\Membo_1_030-membo_004_.wav,Multiclass_Drone_Audio\membo_1\Membo_1_030-membo_004_.wav,al_emadi,Membo_1_030-membo_004,0.896,0.3732870366114399,9.140201568603516,-0.0007817605647123127,0.0691542886872461,-0.0018567634979262948,-0.09030608385801316,0.09199732393026354,0.058001639077491125,8.843278884887695,-4.7955772902586615e-05,0.02726119325626579,0.0005699339671991765,-0.035685937851667404,0.034000897407531754,0.12693774585960768,9.867463111877441,-1.666543904412461e-05,0.028743794926639442,-0.0004356196732260287,-0.036947683244943616,0.03868330121040345,0.19817439539361648,10.702101707458496,0.0001830618323204182,0.02549683056920712,0.00023835015599615872,-0.0322841577231884,0.03177320435643196,0.24359918305784478,11.752269744873047,8.06230591552951e-06,0.0200281779597665,-5.261403748590965e-05,-0.025402627512812612,0.025930522009730353
F:\Seminario\Seminario-Clustering\datasets\davi\Al Emadi (2019)\Multiclass_Drone_Audio\unknown\3-146972-A-50.wav,Multiclass_Drone_Audio\unknown\3-146972-A-50.wav,al_emadi,3-146972-A-50,1.0216875,0.6415443109828025,7.390696048736572,-0.0005437332733439522,0.324306329503839,0.0008595166145823896,-0.252792751789093,0.24824281781911883,0.012951192213801904,7.311496257781982,0.0004937977866664409,0.04607577368590557,4.642290872425292e-05,-0.042360953614115716,0.04598803706467152,0.09366300903479907,8.10174560546875,0.0038365972966011787,0.08812943525853226,-0.00025206341524608433,-0.05887461230158805,0.06751601397991179,0.22995603762026443,8.639249801635742,-0.00035361802303702903,0.09806808624327287,-5.453928133647423e-05,-0.05787506774067877,0.05670904181897641,0.021885450148332108,9.002605438232422,0.00014003850713084935,0.021429048715632996,-1.5547111615887843e-05,-0.011924534011632203,0.012687834445387127
F:\Seminario\Seminario-Clustering\datasets\davi\Al Emadi (2019)\Multiclass_Drone_Audio\unknown\1-208757-E-23.wav,Multiclass_Drone_Audio\unknown\1-208757-E-23.wav,al_emadi,1-208757-E-23,1.0216875,0.7118561463963232,8.099372863769531,0.0008777728961283125,0.3297618107871894,-0.0023084296844899654,-0.34329272508621217,0.3478746622800832,0.16645930391615968,7.569995880126953,-0.001375928997998829,0.15945702462834863,-0.0010063147637993097,-0.14415221363306047,0.13648205846548092,0.08786957925343146,8.544513702392578,0.001003871824545009,0.08247042864381258,-0.0004348946240497753,-0.07170914262533187,0.07577247694134712,0.02613668822321001,9.516190528869629,4.3274552166012734e-05,0.031915090607874126,0.0001508560817455873,-0.02922634631395339,0.02898089643567801,0.007678282210875639,10.392099380493164,7.720405526277969e-08,0.01225263649434094,2.4156379367923364e-05,-0.010750714410096406,0.010853181779384614
F:\Seminario\Seminario-Clustering\datasets\davi\Al Emadi (2019)\Multiclass_Drone_Audio\unknown\1-172649-F-403.wav,Multiclass_Drone_Audio\unknown\1-172649-F-403.wav,al_emadi,1-172649-F-403,1.0216875,0.6979976821181103,8.889272689819336,-0.011953492563559792,0.5930809920173914,0.08900417014956474,-0.9221458613872529,0.6676458418369299,0.1550217267672788,8.921075820922852,0.002188260921670674,0.2795491551811159,0.0037518524331972003,-0.3516869813203812,0.3565690010786057,0.11367292698674936,9.743354797363281,-0.00080068800874996,0.1704136240342479,-0.000215469302929705,-0.20253725498914718,0.20799267441034314,0.016743362371044408,10.792215347290039,-0.00015839893914694435,0.0464044297474645,0.0011125329183414578,-0.05829418562352657,0.05571682602167134,0.016564301756817116,11.790184020996094,-3.060641698504976e-05,0.032692889371447834,-2.34052258747397e-05,-0.0401344034820795,0.04018520526587963
F:\Seminario\Seminario-Clustering\datasets\davi\Al Emadi (2019)\Multiclass_Drone_Audio\unknown\2-70052-A-423.wav,Multiclass_Drone_Audio\unknown\2-70052-A-423.wav,al_emadi,2-70052-A-423,1.0216875,0.006310614648660576,4.717881202697754,0.015175668396340932,0.12737478356520934,-0.0002236344080301933,-0.04452432133257389,0.05387794822454454,0.21426846892713533,9.05839729309082,-0.019256792538934867,0.747210980439665,-0.008503481280058622,-1.0273347616195678,0.9556434988975526,0.7502895544355646,10.218353271484375,0.0022943545011084076,0.9956964683041101,0.0030214556609280407,-1.3490242958068848,1.3428966522216796,0.026150382366251404,10.801080703735352,0.00016693493172145927,0.13189016394491546,0.0013887668028473854,-0.16312731206417083,0.16093025207519532,0.0029809796223881683,11.822647094726562,0.00010242851100144529,0.03154112923450951,0.00026522988628130406,-0.0396985936909914,0.03908620625734329
F:\Seminario\Seminario-Clustering\datasets\davi\Al Emadi (2019)\Multiclass_Drone_Audio\unknown\1-23094-B-150.wav,Multiclass_Drone_Audio\unknown\1-23094-B-150.wav,al_emadi,1-23094-B-150,1.0216875,0.08521986434128433,8.933513641357422,-9.470002827495292e-05,0.004532496196720951,-0.00019162979879183695,-0.006024321354925632,0.005778198828920722,0.15116592627910824,8.902956008911133,-1.4468987132627852e-06,0.006037939577959887,1.5769875062687788e-05,-0.007789099868386984,0.007647437509149317,0.277582420864329,7.216292381286621,0.00011444319886609849,0.0058234359891167,2.6342949240643065e-05,-0.002419790020212531,0.002545754192396998,0.47795024423526733,7.716630458831787,1.8969752352670287e-06,0.005422737113821554,4.7668456772953505e-06,-0.001550456951372325,0.0015854993253014982,0.00808154428001108,11.016462326049805,2.6007816283238893e-06,0.0004994532204122579,6.396304854661139e-07,-0.0005327893130015581,0.0005362406314816326
F:\Seminario\Seminario-Clustering\datasets\davi\Al Emadi (2019)\Multiclass_Drone_Audio\membo_1\mixed_membo_0-membo_000_.wav,Multiclass_Drone_Audio\membo_1\mixed_membo_0-membo_000_.wav,al_emadi,mixed_membo_0-membo_000,1.024,0.674390857272946,8.870048522949219,-0.011435587253318754,0.46681965289443395,-0.006178707350045443,-0.6052998304367065,0.5662238001823425,0.0325812618279426,8.660482406616211,0.0033320677525119735,0.10258373905225476,0.005044232588261366,-0.11819878220558167,0.12058386206626892,0.029185388892733664,9.81472396850586,-0.0027676188093563986,0.06911304824745089,-0.002162170596420765,-0.09004909694194793,0.08126984983682628,0.12049432458010155,10.864974021911621,-0.0009138664645248326,0.09972396058355647,-0.0004424293292686343,-0.12751522958278655,0.124169459939003,0.14334816742627618,11.694599151611328,-0.00014935621928280913,0.07704676437719775,-0.00077877874718979,-0.09244952723383904,0.09478563442826271
F:\Seminario\Seminario-Clustering\datasets\davi\Al Emadi (2019)\Multiclass_Drone_Audio\bebop_1\B_S2_D1_109-bebop_003_.wav,Multiclass_Drone_Audio\bebop_1\B_S2_D1_109-bebop_003_.wav,al_emadi,B_S2_D1_109-bebop_003,1.024,0.07194591253283071,8.991065979003906,-0.0018590727178402877,0.061052922782151756,-0.0004398968012537807,-0.07875465601682663,0.07552888244390488,0.07613639166296869,8.940288543701172,-0.00048047249269201454,0.06283304422141436,0.00029197693220339715,-0.0795128121972084,0.07804196327924728,0.20812598984471087,10.012979507446289,0.0002632053555256709,0.07397189805995993,0.0007139862864278257,-0.09504119902849197,0.09642543643712997,0.3770372063981074,10.990476608276367,-0.002496769192577166,0.07060513603084499,-0.00215481617487967,-0.09369783699512482,0.08726851642131807,0.26675449956138236,11.925081253051758,3.4222067197681686e-06,0.042091666103460386,-0.0006579069886356592,-0.05308123864233494,0.053705545142292976
F:\Seminario\Seminario-Clustering\datasets\davi\Al Emadi (2019)\Multiclass_Drone_Audio\unknown\5-257839-A-142.wav,Multiclass_Drone_Audio\unknown\5-257839-A-142.wav,al_emadi,5-257839-A-142,0.97525,0.42907578323762585,8.943857192993164,0.00665778124492865,0.14977557284225998,0.011887100990861654,-0.1948520690202713,0.19727176427841184,0.0011160040680537717,8.435306549072266,-4.3142723671588394e-05,0.0076459002136337745,-5.776180387329077e-07,-0.00923182563856244,0.008870132733136414,0.007595269025688688,8.594057083129883,-0.0005936070757449175,0.014195319038923458,-0.0002541090070735663,-0.013913133554160595,0.011800612136721617,0.4495445017836956,9.350517272949219,5.2527311149795105e-05,0.07756556422070837,-0.0003766635345527902,-0.06594720631837844,0.06901493221521378,0.11266844188493609,9.820990562438965,1.5562858398704227e-05,0.027507132323649583,-0.000115205992187839,-0.017017344944179058,0.016934954561293125
F:\Seminario\Seminario-Clustering\datasets\davi\Al Emadi (2019)\Multiclass_Drone_Audio\membo_1\Membo_1_000-membo_003_.wav,Multiclass_Drone_Audio\membo_1\Membo_1_000-membo_003_.wav,al_emadi,Membo_1_000-membo_003,1.024,0.9812049134706203,8.57787036895752,-0.0072818321803807115,0.4234004136443976,-0.0024171550758183002,-0.5068875551223755,0.4614344537258148,0.0038318256443120994,9.117440223693848,-0.0003088138146786955,0.026461163571299153,5.590460204984993e-05,-0.0351392924785614,0.03450663387775421,0.004467120719803024,10.015681266784668,-0.00016189801461252354,0.020344051421872743,-0.0008563211304135621,-0.026194128021597863,0.026357736065983767,0.0049330675350398616,10.927453994750977,-0.0003877858851090022,0.015165725263526086,-0.00033121384331025183,-0.01959976740181446,0.019246390089392666,0.005563072630224641,11.929932594299316,1.046756955024423e-05,0.011411124095495828,-7.24183555576019e-05,-0.014545346610248089,0.014707249589264393
F:\Seminario\Seminario-Clustering\datasets\davi\Al Emadi (2019)\Multiclass_Drone_Audio\unknown\3-51731-A-423.wav,Multiclass_Drone_Audio\unknown\3-51731-A-423.wav,al_emadi,3-51731-A-423,1.0216875,0.6250596530741513,9.102712631225586,-0.00930472053199756,0.18175990374085096,-0.02622099593281746,-0.24109484851360322,0.2483587369322777,0.09060745890962009,8.84631061553955,-0.000242366211903517,0.06929230632913984,0.0009915906703099608,-0.08577482551336288,0.08373907431960109,0.16179254326653444,10.001960754394531,-8.261072448907623e-05,0.06591586559772779,-0.0019404179765842855,-0.08572984710335732,0.08651671558618546,0.11991952637200766,10.996010780334473,-6.12325343907804e-05,0.04026387397360771,0.0002624260960146785,-0.05242474339902401,0.052047347277402886,0.0026208183776864325,11.931070327758789,1.7331002953014464e-06,0.004216147714947322,-6.630360803683288e-05,-0.005371648306027055,0.005365929240360856
F:\Seminario\Seminario-Clustering\datasets\davi\Al Emadi (2019)\Multiclass_Drone_Audio\membo_1\Membo_0_002-membo_000_.wav,Multiclass_Drone_Audio\membo_1\Membo_0_002-membo_000_.wav,al_emadi,Membo_0_002-membo_000,1.024,0.571710226522808,9.511076927185059,-0.0007730960813354298,0.08173576759316514,-0.0001623954885872081,-0.10792276263237,0.10750845819711685,0.11994224925313116,9.014640808105469,-0.00012821852459707833,0.03743925071447752,-0.00029968839953653514,-0.048441119492053986,0.04930498078465462,0.0712459469254459,9.782543182373047,-3.768755017091384e-05,0.02054587584113608,-0.00033244348014704883,-0.024895348772406577,0.024682519212365146,0.10447691936955185,10.60638427734375,0.00012819623852559816,0.017654411403840466,0.0002990164502989501,-0.02069951146841049,0.021334344521164898,0.13262465792906308,11.615900993347168,-3.817742996411487e-06,0.014089361819325484,0.00011787419862230308,-0.01662922278046608,0.016555117443203926
F:\Seminario\Seminario-Clustering\datasets\davi\Al Emadi (2019)\Multiclass_Drone_Audio\membo_1\Membo_1_044-membo_003_.wav,Multiclass_Drone_Audio\membo_1\Membo_1_044-membo_003_.wav,al_emadi,Membo_1_044-membo_003,1.024,0.40103254662105237,9.351249694824219,-0.0005969292149765171,0.07688846920726801,-0.003848080290481448,-0.10230197757482529,0.1000925749540329,0.05029401475326101,9.036816596984863,4.389771507473513e-05,0.027229651791998242,-0.0002110944624291733,-0.03418517857789993,0.0365365594625473,0.0999362068410174,9.805087089538574,1.2614736869867537e-06,0.02733050374841999,-3.098804518231191e-05,-0.03379308357834816,0.03270574435591697,0.2146377615809092,10.815213203430176,-6.510576168535267e-05,0.028421523349468795,-0.00013308951747603714,-0.03621489629149437,0.034724232554435734,0.23409947020376,11.952370643615723,-2.3970966692743973e-05,0.021024226980810037,6.711954119964503e-05,-0.027097731828689575,0.026575162075459957
F:\Seminario\Seminario-Clustering\datasets\davi\Al Emadi (2019)\Multiclass_Drone_Audio\bebop_1\B_S2_D1_080-bebop_000_.wav,Multiclass_Drone_Audio\bebop_1\B_S2_D1_080-bebop_000_.wav,al_emadi,B_S2_D1_080-bebop_000,1.024,0.9325829526718395,8.60597038269043,-0.006896998501669875,0.7628860035453935,-0.04423834756016731,-0.8537681698799133,0.9022923111915588,0.012540637466100419,8.302728652954102,-0.0005186425205759862,0.08846796073711587,0.0005231330869719386,-0.09907469153404236,0.09290613979101181,0.013706294102401108,9.904752731323242,0.0016742024384248757,0.06583472040935623,-0.0007550101145170629,-0.08179474771022796,0.08758142739534377,0.023707295480213,10.912576675415039,0.00014810694634120048,0.061458834646163724,0.000887849775608629,-0.07881853133440017,0.07789946496486665,0.01746282027944588,11.895805358886719,-5.339763681843226e-05,0.037361646559968084,-2.4790549105091486e-05,-0.047166647389531136,0.046930206939578056
F:\Seminario\Seminario-Clustering\datasets\davi\Al Emadi (2019)\Multiclass_Drone_Audio\bebop_1\B_S2_D1_091-bebop_000_.wav,Multiclass_Drone_Audio\bebop_1\B_S2_D1_091-bebop_000_.wav,al_emadi,B_S2_D1_091-bebop_000,1.024,0.7707392101020903,8.341023445129395,0.00859599204828178,0.3914105043516157,0.013517999090254307,-0.4185626804828644,0.46900150179862976,0.013782847554740307,8.980881690979004,-0.0014133020975802238,0.052335288048608965,0.0004540017107501626,-0.06906059384346008,0.06576908379793167,0.046488927283246995,9.97161865234375,-0.00017255562944679166,0.06846341101681651,-2.765161480056122e-05,-0.08773866295814514,0.08748523145914078,0.09728471780819806,10.884700775146484,-0.002094111318020301,0.07024635431420795,-0.00074973568553105,-0.09122676402330399,0.08667039275169373,0.07170429725172427,11.915327072143555,3.5958019674718e-05,0.042735764363547035,-0.0003455627302173525,-0.05380665883421898,0.054802341386675835
F:\Seminario\Seminario-Clustering\datasets\davi\Al Emadi (2019)\Multiclass_Drone_Audio\unknown\3-108677-A-180.wav,Multiclass_Drone_Audio\unknown\3-108677-A-180.wav,al_emadi,3-108677-A-180,1.0216875,0.9797774079345729,8.895265579223633,-0.0006752952786710984,0.010056087962137156,-0.0007901249045971781,-0.0117723080329597,0.011634847335517413,0.007292325072324384,8.275979042053223,2.605716594677882e-05,0.0008691210762497656,-1.737305774440756e-05,-0.000910070032114163,0.0009449776727706201,0.007777493575107033,6.5518479347229,1.0034567252724319e-06,0.0006392445474127725,1.5260731743182987e-05,-0.0005148312717210502,0.0005000099597964435,0.0028600299291815026,9.737829208374023,-1.8303036097573968e-07,0.00027503818406262676,1.0984678056047414e-06,-0.00029837559850420803,0.0002967173350043595,0.0022927434888141986,11.897665977478027,-7.809096451526263e-07,0.00017442450445664273,-3.6848643958364846e-06,-0.00022187765134731307,0.00022407662618206814
F:\Seminario\Seminario-Clustering\datasets\davi\Al Emadi (2019)\Multiclass_Drone_Audio\membo_1\mixed_membo_28-membo_000_.wav,Multiclass_Drone_Audio\membo_1\mixed_membo_28-membo_000_.wav,al_emadi,mixed_membo_28-membo_000,1.024,0.9626785794166489,9.009401321411133,0.006106085148330939,0.4539791336362868,0.024701913818717003,-0.587758481502533,0.5673505663871765,0.019628369964101482,8.292661666870117,-0.0002419725249942457,0.06482964194930022,-0.002242910908535123,-0.06978340446949005,0.0701286718249321,0.009411636994616973,9.79803466796875,0.0007485918774714657,0.031955799253187464,0.00045529502676799893,-0.03741548955440521,0.04073571711778641,0.0054263552400287286,10.889189720153809,4.814861533472907e-05,0.01722256566284288,0.00011792987061198801,-0.021608218550682068,0.021994004026055336,0.0028550583846039175,11.852254867553711,3.958376735644207e-06,0.00884866095819372,-0.00013664365542354062,-0.010743108112365007,0.011278862599283457
F:\Seminario\Seminario-Clustering\datasets\davi\Al Emadi (2019)\Multiclass_Drone_Audio\membo_1\Membo_0_009-membo_000_.wav,Multiclass_Drone_Audio\membo_1\Membo_0_009-membo_000_.wav,al_emadi,Membo_0_009-membo_000,1.024,0.5542951019784711,9.445357322692871,0.0010622524983586556,0.08048550786523631,0.0020612278021872044,-0.10593604296445847,0.1087568923830986,0.12240624568215643,9.147489547729492,-8.967955489218683e-06,0.03782568292238539,0.00013553340977523476,-0.04995230957865715,0.049126364290714264,0.080220251105186,9.790168762207031,0.0004880226974058177,0.02179816382091144,-2.9732289476669393e-05,-0.026442417874932286,0.027336711436510085,0.10553881704921193,10.706148147583008,0.000159325293649085,0.017745348412362343,0.0001483941450715065,-0.02086337171494961,0.02185118682682514,0.13753958418497458,11.73823070526123,9.627437093493485e-07,0.014349423883766409,-6.165548620629124e-05,-0.017611421644687653,0.017389587126672268
F:\Seminario\Seminario-Clustering\datasets\davi\Al Emadi (2019)\Multiclass_Drone_Audio\membo_1\Membo_1_032-membo_002_.wav,Multiclass_Drone_Audio\membo_1\Membo_1_032-membo_002_.wav,al_emadi,Membo_1_032-membo_002,1.024,0.2552108103197498,9.109466552734375,-0.0014435585755363043,0.05789295480883023,-0.004402018152177334,-0.07405170798301697,0.07389384508132935,0.06153465273359391,9.106061935424805,1.1956703294862547e-05,0.02843616236972876,0.00036402847035788,-0.036814477294683456,0.03848053514957428,0.12171997268569354,10.063462257385254,-2.024973292414406e-05,0.028476963053427364,5.86328242206946e-05,-0.037263202667236324,0.036061903834342955,0.23987666483643408,10.832820892333984,0.0002879792975378251,0.02836571291383736,0.0007989124278537929,-0.035208509862422945,0.03589539602398873,0.3216578994245287,11.891265869140625,-8.575673189764971e-06,0.0232671851982693,0.00031209219014272094,-0.0298486165702343,0.02890176512300968
F:\Seminario\Seminario-Clustering\datasets\davi\Al Emadi (2019)\Multiclass_Drone_Audio\membo_1\mixed_membo_60-membo_003_.wav,Multiclass_Drone_Audio\membo_1\mixed_membo_60-membo_003_.wav,al_emadi,mixed_membo_60-membo_003,1.024,0.490207601459202,9.3058443069458,-0.0009201757553658031,0.3206962696281061,0.007989078760147095,-0.41119012236595154,0.4292236864566803,0.4308885404664636,9.205738067626953,0.0008224875835091944,0.3006675127939716,0.002192244166508317,-0.40371301770210266,0.39915868639945984,0.06849063723824107,10.175981521606445,-0.00010226309858050543,0.08535376049534595,-0.007815416902303696,-0.10698406100273132,0.11547783613204955,0.006539897419104018,10.921266555786133,-9.645033916953667e-05,0.018715278466014687,-0.00023205441539175808,-0.023957380279898643,0.023678548261523248,0.0038733234169893225,11.856705665588379,7.13212295635924e-06,0.0102019461781392,-8.135968164424412e-05,-0.012674500700086355,0.012833681888878345
F:\Seminario\Seminario-Clustering\datasets\davi\Al Emadi (2019)\Multiclass_Drone_Audio\membo_1\mixed_membo_55-membo_004_.wav,Multiclass_Drone_Audio\membo_1\mixed_membo_55-membo_004_.wav,al_emadi,mixed_membo_55-membo_004,0.904,0.45228684128572433,8.949237823486328,-0.0012531152023814974,0.047992915644331516,-0.0006746902945451438,-0.06349796056747437,0.058188267052173615,0.16094703880834407,8.675472259521484,0.00018651873354894952,0.028638511045184323,-0.00042298101470805705,-0.03473806008696556,0.037985458970069885,0.11626501700449031,9.73225212097168,0.0001239162688297073,0.017347032738036873,0.00014289005775935948,-0.021704785898327826,0.021782483160495757,0.1159356899393848,10.782757759094238,1.4206045671066923e-05,0.01229786225113668,1.367424465570366e-05,-0.015906545519828796,0.01569845639169216,0.1545654129620565,11.720590591430664,9.005514298544098e-06,0.010060042325346057,6.793885768274777e-05,-0.012975992634892464,0.012933897320181131
F:\Seminario\Seminario-Clustering\datasets\davi\Al Emadi (2019)\Multiclass_Drone_Audio\membo_1\Membo_2_017-membo_001_.wav,Multiclass_Drone_Audio\membo_1\Membo_2_017-membo_001_.wav,al_emadi,Membo_2_017-membo_001,1.024,0.4437212209283721,9.412740707397461,0.00045149991704486876,0.06891725581663485,0.0017827259143814445,-0.0910201147198677,0.09202562272548676,0.03692632956073835,9.038825988769531,0.0001928088947808991,0.019880615559878356,0.00032559322426095605,-0.025067081674933434,0.02606602944433689,0.07723936626270236,9.8753662109375,0.00012987844728707255,0.020473613412920713,0.00044891060679219663,-0.025948356091976165,0.025739165395498274,0.1794732427243129,10.947196960449219,-0.00030675580598948086,0.02214375629558087,-0.0004781080933753401,-0.028467774763703345,0.027961013093590743,0.2626398405238743,11.901714324951172,-1.5757805601776706e-05,0.018975706024565723,-9.306555875809863e-05,-0.023906505666673183,0.024333709850907326
F:\Seminario\Seminario-Clustering\datasets\davi\Al Emadi (2019)\Multiclass_Drone_Audio\bebop_1\mixed_12-bebop_002_.wav,Multiclass_Drone_Audio\bebop_1\mixed_12-bebop_002_.wav,al_emadi,mixed_12-bebop_002,1.024,0.8553081477551073,8.840239524841309,-0.006070908599922595,0.37242980412578963,-0.033144865185022354,-0.46622586250305176,0.48279380798339844,0.04024905916105761,8.933148384094238,-0.00038726118335200845,0.08080043084473894,-0.0030164446216076612,-0.09764207899570465,0.10338615626096725,0.04141383225717902,9.939023971557617,-0.00024738721186766036,0.05835946736385897,-0.0012661188375204802,-0.07278997600078582,0.0764460414648056,0.03866046599236401,10.939651489257812,0.00047428804065907334,0.04000872912926224,-0.00012887238699477166,-0.050510842353105545,0.05178833082318306,0.024368494834292025,11.938390731811523,-4.9961811815914986e-05,0.022500371348626123,2.090574889734853e-05,-0.028834753669798374,0.028911028057336807
F:\Seminario\Seminario-Clustering\datasets\davi\Al Emadi (2019)\Multiclass_Drone_Audio\bebop_1\mixed_53-bebop_004_.wav,Multiclass_Drone_Audio\bebop_1\mixed_53-bebop_004_.wav,al_emadi,mixed_53-bebop_004,0.904,0.7208973707292157,8.72906494140625,-0.005526010138549738,0.2298262130086706,-0.01370671484619379,-0.2882033884525299,0.2762993574142456,0.06454833133460389,8.678677558898926,0.0014400643829236984,0.06877580051812392,0.0007302768644876778,-0.08099488168954849,0.08732535690069199,0.04666535646649143,9.82550048828125,0.00022748593328764157,0.041684325677467986,0.0005268467939458787,-0.05360701084136963,0.05627045854926109,0.09192241192133213,10.733743667602539,0.0005845078856108036,0.041529739891349886,0.0010709025664255023,-0.0537396639585495,0.05254926458001137,0.07596652954835686,11.76453971862793,1.0736439000502644e-05,0.026750081519858446,0.00013714763190364465,-0.0340343602001667,0.034062862396240234
F:\Seminario\Seminario-Clustering\datasets\davi\Al Emadi (2019)\Multiclass_Drone_Audio\membo_1\extra_membo_D2_2024.wav,Multiclass_Drone_Audio\membo_1\extra_membo_D2_2024.wav,al_emadi,extra_membo_D2,0.981375,0.9181221582428379,8.852357864379883,2.5263905836399073e-05,0.025420677008774054,0.0009649906714912504,-0.03219310343265533,0.03331446796655656,0.028132711167881585,9.026456832885742,-2.986852280083252e-05,0.00444972416147302,-9.183634756482206e-05,-0.005853012343868614,0.005767247965559365,0.019681786076164234,9.927525520324707,6.267507683158532e-06,0.002650270572313364,-1.918207181006437e-05,-0.0033158525824546815,0.00349111498799175,0.01630715516304723,10.8973388671875,-8.684908224101842e-06,0.0017120534088499585,-2.5723980797920376e-05,-0.002222423069179058,0.0021858015563338998,0.017756189350069066,11.905488967895508,2.877063556378673e-06,0.001265586231857614,-5.012789756619895e-07,-0.0015991713851690292,0.0016257224837318066
F:\Seminario\Seminario-Clustering\datasets\davi\Al Emadi (2019)\Multiclass_Drone_Audio\unknown\4-180453-A-171.wav,Multiclass_Drone_Audio\unknown\4-180453-A-171.wav,al_emadi,4-180453-A-171,1.0216875,0.17107248919504717,7.844155788421631,-0.00014635616609999863,0.012020328156296443,-0.0005810614966321737,-0.011548120435327292,0.01160550890490413,0.2470372392483717,6.509969711303711,-0.00012036520532670234,0.01444523344412901,0.00022096729662735015,-0.010198065172880888,0.010419728234410288,0.473869997726974,8.496099472045898,-0.00021119091100997456,0.014241169568715803,0.0002307697941432707,-0.013172269612550736,0.012706860806792975,0.05250173237435337,9.74078369140625,-3.345114415503216e-05,0.003363482701950213,-5.392766797740478e-05,-0.0032289469381794333,0.003273712657392028,0.05551854145525371,9.736557960510254,-8.173551235797215e-06,0.002450003777610345,2.7894212735191104e-06,-0.001837435911875218,0.001806855038739741
F:\Seminario\Seminario-Clustering\datasets\davi\Al Emadi (2019)\Multiclass_Drone_Audio\unknown\3-172881-A-484.wav,Multiclass_Drone_Audio\unknown\3-172881-A-484.wav,al_emadi,3-172881-A-484,0.95975,0.5221316787859472,5.512068271636963,2.783843785960985e-06,0.08042349630416747,0.00025726088642841205,-0.040628260001540184,0.04030098393559456,0.23098682347019073,5.805810451507568,-0.0014620808548176589,0.05347173013077192,0.00015343393170041963,-0.02905820496380329,0.027065401896834373,0.20548317179682193,4.644471645355225,-0.0003033984925446208,0.03592989082163944,4.5448463424691e-05,-0.014851495623588562,0.013944797776639466,0.03346873238879066,7.08345890045166,-0.00010702746699064657,0.010290437879039613,-2.120396493410226e-05,-0.005604905728250742,0.005899021914228797,0.007929593558249426,6.130855560302734,-4.834032827834475e-07,0.0035484380340681646,-2.3864300402465233e-07,-0.0012650115066207945,0.0012787905056029568
F:\Seminario\Seminario-Clustering\datasets\davi\Al Emadi (2019)\Multiclass_Drone_Audio\bebop_1\mixed_42-bebop_000_.wav,Multiclass_Drone_Audio\bebop_1\mixed_42-bebop_000_.wav,al_emadi,mixed_42-bebop_000,1.024,0.7474800529109407,8.222250938415527,-0.0035943479719161243,0.19360048202665853,-0.0074570998549461365,-0.20798562467098236,0.2019340544939041,0.01906415164377979,8.794086456298828,-0.00025191524851578257,0.030922584809869664,0.0008956218371167779,-0.03837459161877632,0.037784822285175323,0.06215332369175601,9.958564758300781,0.0007190750950808947,0.03975065500382518,0.0009112329571507871,-0.05031061917543411,0.05114945024251938,0.10123871460368826,10.917362213134766,0.0005573033475643739,0.03600092525875327,0.00024400751863140613,-0.044839640706777574,0.04559561535716057,0.0700637571498353,11.944051742553711,3.381206241698111e-05,0.02121598574032844,0.0002227349323220551,-0.0274595208466053,0.02687570173293352
F:\Seminario\Seminario-Clustering\datasets\davi\Al Emadi (2019)\Multiclass_Drone_Audio\unknown\3-197435-B-223.wav,Multiclass_Drone_Audio\unknown\3-197435-B-223.wav,al_emadi,3-197435-B-223,1.0216875,0.016327347344054294,4.541501522064209,-0.00020823327579755357,0.01755874299307071,-3.382645627425518e-05,-0.0020306015620008113,0.0017206944758072504,0.18627578983503873,3.505537986755371,0.0014266468382559334,0.05929508473986671,3.5978355299448594e-06,-0.004588321922346949,0.006614717794582268,0.40836514456453055,4.127063751220703,0.0011807752200890176,0.0625055215841691,-1.5406721445287985e-06,-0.00585008021444082,0.004422200424596663,0.30087467539088686,5.321547985076904,2.8915144393803595e-05,0.03807362541913748,-7.124359342469688e-07,-0.0027575644431635732,0.003224242990836502,0.08815704286548957,4.920469284057617,5.481854488894163e-05,0.014597661971921565,1.4700535899692113e-08,-0.0006653076387010514,0.0006725550512783231
F:\Seminario\Seminario-Clustering\datasets\davi\Al Emadi (2019)\Multiclass_Drone_Audio\unknown\running_tap011.wav,Multiclass_Drone_Audio\unknown\running_tap011.wav,al_emadi,running,4.992,0.05829907472993411,11.26242446899414,-0.0009160198857713271,0.06628884792845616,-0.0014068403979763389,-0.08573862910270691,0.08403640538454055,0.04090021054277151,11.108195304870605,-0.00022339438577454696,0.05552778553657209,-1.2511512068158481e-05,-0.06969328671693802,0.0694756731390953,0.05916328173868078,11.97471809387207,-0.00040594078720061446,0.04729056306310885,-0.0006982703343965113,-0.05682518407702446,0.05658014118671417,0.2789361276903738,13.055830001831055,0.00019028766915979529,0.07266328999051438,0.00010314315295545384,-0.08920686691999435,0.08966032564640047,0.5627013052982398,14.035314559936523,9.335460783774359e-05,0.07300286398720791,-0.00014384256064658985,-0.08932405039668083,0.08989688977599143
F:\Seminario\Seminario-Clustering\datasets\davi\Al Emadi (2019)\Multiclass_Drone_Audio\unknown\1-97392-A-04.wav,Multiclass_Drone_Audio\unknown\1-97392-A-04.wav,al_emadi,1-97392-A-04,0.95975,0.0,-0.0,0.0,0.0,0.0,0.0,0.0,0.0,-0.0,0.0,0.0,0.0,0.0,0.0,0.0,-0.0,0.0,0.0,0.0,0.0,0.0,0.0,-0.0,0.0,0.0,0.0,0.0,0.0,0.0,-0.0,0.0,0.0,0.0,0.0,0.0
F:\Seminario\Seminario-Clustering\datasets\davi\Al Emadi (2019)\Multiclass_Drone_Audio\unknown\3-154781-A-323.wav,Multiclass_Drone_Audio\unknown\3-154781-A-323.wav,al_emadi,3-154781-A-323,1.0216875,0.22390045176371223,9.013775825500488,-0.00015743398597882306,0.0053773496692409925,-4.252594408171717e-05,-0.007185631385073066,0.006675158673897386,0.09908026911062146,7.508607864379883,2.348506073473821e-06,0.0035786591359028824,4.678093137044925e-05,-0.003000315208919346,0.003073802357539536,0.17861226233233696,7.211053848266602,3.923081410345049e-05,0.003420261217931151,3.5991492040921e-05,-0.0019775510067120195,0.0018995450111106032,0.377594689135618,7.679975509643555,3.4527766851660375e-05,0.0035284536684441602,1.1931251265195897e-05,-0.0012800263008102774,0.0014412780175916855,0.12081232765771131,8.345818519592285,-1.6188384883900277e-06,0.0014137542472908897,-2.3865657112764893e-06,-0.0005440441716928035,0.0005564989289268852
F:\Seminario\Seminario-Clustering\datasets\davi\Al Emadi (2019)\Multiclass_Drone_Audio\unknown\1-196660-A-84.wav,Multiclass_Drone_Audio\unknown\1-196660-A-84.wav,al_emadi,1-196660-A-84,0.95975,0.20245646876689893,8.791032791137695,0.0019356145520654884,0.1328554702982431,0.005143357440829277,-0.16326815634965897,0.16099237650632858,0.5727789561828692,8.788278579711914,0.002507599718331758,0.22347341547131822,0.002950117806904018,-0.28079353272914886,0.28960222005844116,0.12063686625672061,9.550665855407715,-6.015240854761148e-05,0.07304489950754373,0.0007566581480205059,-0.0859321728348732,0.0855672910809517,0.10278748154455256,10.556070327758789,1.530950327440375e-05,0.047849190258467685,0.0003817716788034886,-0.057027656212449075,0.0578649066388607,0.0013402272489586628,11.428365707397461,-1.9114139480866077e-06,0.0038705055086643296,1.922536284837406e-05,-0.004474780848249793,0.004450529580935836
F:\Seminario\Seminario-Clustering\datasets\davi\Al Emadi (2019)\Multiclass_Drone_Audio\unknown\4-204115-A-393.wav,Multiclass_Drone_Audio\unknown\4-204115-A-393.wav,al_emadi,4-204115-A-393,1.0216875,0.0,-0.0,0.0,0.0,0.0,0.0,0.0,0.0,-0.0,0.0,0.0,0.0,0.0,0.0,0.0,-0.0,0.0,0.0,0.0,0.0,0.0,0.0,-0.0,0.0,0.0,0.0,0.0,0.0,0.0,-0.0,0.0,0.0,0.0,0.0,0.0
F:\Seminario\Seminario-Clustering\datasets\davi\Al Emadi (2019)\Multiclass_Drone_Audio\bebop_1\mixed_26-bebop_002_.wav,Multiclass_Drone_Audio\bebop_1\mixed_26-bebop_002_.wav,al_emadi,mixed_26-bebop_002,1.024,0.9365075583449329,9.296730995178223,0.014557736072049953,0.5190891059639151,0.06490996479988098,-0.7026102542877197,0.6662847399711609,0.009809583962989036,8.885059356689453,-0.00014977514266803951,0.053147218730417674,-0.0008436350617557764,-0.06791495531797409,0.06396470218896866,0.012208617206743743,10.001691818237305,-0.00046604524480143965,0.04221486845109184,-0.00033495930256322026,-0.05610290542244911,0.0542731299996376,0.022263727198114813,10.946325302124023,0.0005156885182323605,0.04045121366773748,0.0005849857116118073,-0.05179755836725235,0.05222221612930298,0.01921051328721942,11.927228927612305,5.166715581161931e-05,0.026617130492094864,0.0003065549535676837,-0.034281207248568535,0.03391352295875549
F:\Seminario\Seminario-Clustering\datasets\davi\Al Emadi (2019)\Multiclass_Drone_Audio\unknown\2-87794-A-243.wav,Multiclass_Drone_Audio\unknown\2-87794-A-243.wav,al_emadi,2-87794-A-243,1.0216875,0.2577251064330737,7.094666004180908,-0.0017408500722680914,0.0109617550399345,0.0,-0.011859050020575523,0.0032435320783406616,0.2486258192575719,6.747620582580566,-0.0005209705469415925,0.010888978057495875,0.0,-0.007959879748523234,0.006269092764705428,0.2006131602129916,8.074470520019531,4.283368991824371e-05,0.00697087633494324,0.0,-0.004530010046437383,0.004458272689953445,0.290320694777522,9.104849815368652,4.674046663992183e-06,0.005949970205278107,0.0,-0.003981173085048793,0.0037989933742210314,0.0027152193188407754,10.107222557067871,4.959681106524119e-08,0.0004075723064336143,0.0,-0.0003019486030098051,0.00029400629282463393
F:\Seminario\Seminario-Clustering\datasets\davi\Al Emadi (2019)\Multiclass_Drone_Audio\unknown\5-216131-A-322.wav,Multiclass_Drone_Audio\unknown\5-216131-A-322.wav,al_emadi,5-216131-A-322,0.97525,0.0423535444631112,8.160432815551758,0.00018368077665539834,0.00990635135837287,0.0005335464084055275,-0.011195812933146953,0.010406683199107647,0.023610578742202473,5.873963832855225,-0.0002395991105385439,0.0073938202146416375,-3.643906893557869e-05,-0.0024306567152962088,0.001686394040007143,0.26058376016840656,5.567957878112793,0.0003153738922403907,0.017502374395188352,-3.0381515898625366e-06,-0.0028065403457731004,0.0026696899440139684,0.5260975355275004,5.555480480194092,-0.0002634818620548769,0.01764852012154557,-8.20982722871122e-06,-0.002019632211886346,0.002116273483261467,0.1473545810987794,6.867982864379883,0.00012303804313913865,0.00661594361102737,-1.1374503969818761e-06,-0.000696694478392601,0.0008459261734969914
F:\Seminario\Seminario-Clustering\datasets\davi\Al Emadi (2019)\Multiclass_Drone_Audio\unknown\5-201172-A-461.wav,Multiclass_Drone_Audio\unknown\5-201172-A-461.wav,al_emadi,5-201172-A-461,1.0216875,0.2760855214821252,8.878138542175293,-0.004578460944838243,0.2184909867330262,-0.004949790658429265,-0.26616122424602506,0.2826776951551438,0.42159569059396484,9.02629280090332,-0.0019012303776067183,0.27005012031238323,-0.0039223466301336884,-0.3454777091741562,0.36031003892421726,0.21940793340044626,9.627119064331055,-4.094254718104362e-05,0.13868789376375623,0.002445384976454079,-0.16017335504293442,0.16131462007761,0.07334793975283446,10.390380859375,-0.0013264801086616885,0.05687853136072754,-0.00011527635797392577,-0.06748149991035461,0.06266926676034931,0.009562914770629255,11.194413185119629,4.1791869178568285e-06,0.014551034579421316,1.5426383924932452e-05,-0.015353241469711065,0.015452089440077544
F:\Seminario\Seminario-Clustering\datasets\davi\Al Emadi (2019)\Multiclass_Drone_Audio\unknown\5-251426-A-302.wav,Multiclass_Drone_Audio\unknown\5-251426-A-302.wav,al_emadi,5-251426-A-302,0.97525,0.9456549270624242,8.888941764831543,-1.10574190451855e-06,0.0010607687385723163,-3.837205258605536e-05,-0.001283236569724977,0.0014067195472307504,0.010306832845053569,8.570440292358398,-6.3770305368830385e-06,0.0001105594710020027,-1.6344976927484822e-07,-0.0001422871820977889,0.00012022547452943397,0.008549714061890073,9.858556747436523,-1.0540304002015355e-06,7.183464604503129e-05,2.0359830443794635e-07,-9.116602741414681e-05,9.080610616365451e-05,0.013143675220753225,10.854585647583008,1.950951125421959e-06,6.318094739072521e-05,1.136639809828921e-06,-7.551919770776294e-05,8.210662927012891e-05,0.02234485080987897,11.862152099609375,-3.3187642346480083e-07,5.8381853798606185e-05,-1.0893232911257655e-06,-7.44987373764161e-05,7.346130223595537e-05
F:\Seminario\Seminario-Clustering\datasets\davi\Al Emadi (2019)\Multiclass_Drone_Audio\membo_1\mixed_membo_60-membo_004_.wav,Multiclass_Drone_Audio\membo_1\mixed_membo_60-membo_004_.wav,al_emadi,mixed_membo_60-membo_004,0.904,0.5981861831528961,9.171364784240723,-0.004595606605077321,0.27576430772882987,-0.011653442867100239,-0.36677825450897217,0.3599076569080353,0.32029372864172195,8.912550926208496,-0.001075018846491656,0.2018125761689004,-0.009635099209845066,-0.24860669672489166,0.27618640661239624,0.0611684185873761,9.866710662841797,-0.0005759946168219659,0.06285200896811548,-0.0009642018703743815,-0.08142290860414504,0.0815674751996994,0.011910227183502807,10.772451400756836,-0.0002749074488459205,0.019687974358016558,-2.4788450900814496e-05,-0.025746012479066847,0.024308590218424807,0.008441442434503085,11.498730659484863,-1.0369206330258211e-06,0.011743949001737454,0.00022841136524220929,-0.014183978084474802,0.014116902835667133
F:\Seminario\Seminario-Clustering\datasets\davi\Al Emadi (2019)\Multiclass_Drone_Audio\bebop_1\mixed_57-bebop_001_.wav,Multiclass_Drone_Audio\bebop_1\mixed_57-bebop_001_.wav,al_emadi,mixed_57-bebop_001,1.024,0.6687912402673167,7.825083255767822,-0.0008508874890407247,0.14471319324346504,-0.0015313661424443126,-0.13467401266098022,0.13805584609508514,0.0426500317425531,8.90665340423584,-0.0008285138676856202,0.036535778608945815,0.00013618660159409046,-0.047552552074193954,0.04407022148370743,0.07107415337064099,9.924046516418457,0.0006725511223780762,0.033584648463710225,0.0007472352590411901,-0.042129576206207275,0.043289417028427125,0.12561661397648072,10.907296180725098,0.0005454559686768334,0.03168403157553082,0.0012329479213804007,-0.040367035567760466,0.04050623327493668,0.09186796064300844,11.917003631591797,-8.47907207329978e-05,0.01919480570581947,5.361730472941417e-05,-0.02457272168248892,0.0244158823043108
F:\Seminario\Seminario-Clustering\datasets\davi\Al Emadi (2019)\Multiclass_Drone_Audio\bebop_1\B_S2_D1_070-bebop_000_.wav,Multiclass_Drone_Audio\bebop_1\B_S2_D1_070-bebop_000_.wav,al_emadi,B_S2_D1_070-bebop_000,1.024,0.43206897848417997,8.366955757141113,9.743053934955127e-05,0.19622173268342835,-0.005257284734398127,-0.2161012440919876,0.2071661800146103,0.0509947023398531,8.828927993774414,-0.003630119155365384,0.06731355709229202,-0.0036138093564659357,-0.0865597352385521,0.08256865292787552,0.11729028057470951,9.933517456054688,-0.001705286507973564,0.072775321477653,-0.00124079966917634,-0.09587615430355072,0.09269893318414688,0.23598444836886343,10.895118713378906,-0.0004064582920907269,0.07326837352398884,0.0006588344112969935,-0.09436476081609725,0.09291079342365265,0.163661590232394,11.908346176147461,-9.18222921010893e-05,0.04321938911759855,0.000290569820208475,-0.05482335574924946,0.05461673252284527
F:\Seminario\Seminario-Clustering\datasets\davi\Al Emadi (2019)\Multiclass_Drone_Audio\unknown\4-212728-A-340.wav,Multiclass_Drone_Audio\unknown\4-212728-A-340.wav,al_emadi,4-212728-A-340,1.0216875,0.05104106762187828,6.4089179039001465,-0.0010506816895151708,0.049556586971348265,-0.0008496995433233678,-0.03278480246663094,0.02420558705925946,0.034982152709912326,3.014038324356079,-0.0032579584018009415,0.04090621384884446,-1.984694790735375e-05,-0.005816372577100992,0.0046944423578679575,0.14622495275307273,3.986631393432617,0.00037161993915126664,0.05972371571347112,-1.2186412277515046e-05,-0.0090495940297842,0.009672761801630259,0.2638322919734037,6.193591594696045,-0.0013586700207607473,0.05690425495831939,-1.794734544091625e-05,-0.01498562842607498,0.01186458226293327,0.5039195349417329,7.936212539672852,7.105977544916781e-07,0.05572003791809629,-2.2855001589050516e-06,-0.019824897311627863,0.020976752415299428
F:\Seminario\Seminario-Clustering\datasets\davi\Al Emadi (2019)\Multiclass_Drone_Audio\unknown\2-118964-A-03.wav,Multiclass_Drone_Audio\unknown\2-118964-A-03.wav,al_emadi,2-118964-A-03,1.0216875,0.0,-0.0,0.0,0.0,0.0,0.0,0.0,0.0,-0.0,0.0,0.0,0.0,0.0,0.0,0.0,-0.0,0.0,0.0,0.0,0.0,0.0,0.0,-0.0,0.0,0.0,0.0,0.0,0.0,0.0,-0.0,0.0,0.0,0.0,0.0,0.0
F:\Seminario\Seminario-Clustering\datasets\davi\Al Emadi (2019)\Multiclass_Drone_Audio\unknown\4-183882-B-281.wav,Multiclass_Drone_Audio\unknown\4-183882-B-281.wav,al_emadi,4-183882-B-281,1.0216875,0.85033428919645,8.560431480407715,-0.0058823049319277065,0.23860463379563668,0.006965505890548229,-0.3129556655883789,0.2824292331933976,0.13571518154829687,8.244107246398926,-4.4558720989997024e-05,0.09535207324634708,-0.00032449461286887527,-0.11802499443292618,0.12041571512818339,0.004326657968965154,8.946621894836426,-0.0011919823496256837,0.012061102675528962,-0.00036207286757417023,-0.014507260266691446,0.01040867296978831,0.0036220429504993973,9.670120239257812,4.568173360202793e-05,0.007867755900352526,-3.2682348319212906e-05,-0.0074447283521294596,0.007319167768582702,0.00600182833578851,10.954794883728027,-1.2974936161456084e-05,0.007173791923606611,-1.7191161987284431e-06,-0.007662243396043777,0.007716444088146091
F:\Seminario\Seminario-Clustering\datasets\davi\Al Emadi (2019)\Multiclass_Drone_Audio\membo_1\Membo_1_046-membo_004_.wav,Multiclass_Drone_Audio\membo_1\Membo_1_046-membo_004_.wav,al_emadi,Membo_1_046-membo_004,0.896,0.9623802122523972,7.2941484451293945,0.00439182076104846,0.38452396325167915,0.016779825091362,-0.2831738829612732,0.31588168144226153,0.0055111688177276056,8.185359001159668,5.2761204132172285e-05,0.02910043943415631,0.00013105137622915208,-0.033591508865356445,0.032388480752706526,0.00867001638514295,9.280329704284668,-0.0001666161450342736,0.026013742234539037,0.00019827134383376688,-0.03030666559934616,0.030728668347001078,0.009650348954005449,10.221344947814941,-0.00021488260470520475,0.019483712720458624,0.00012639668420888484,-0.021586196124553682,0.02143588252365589,0.013788253590726779,11.168972969055176,3.465262221102518e-05,0.016500998409331002,0.00017432730965083465,-0.018104646168649197,0.018426296487450602
F:\Seminario\Seminario-Clustering\datasets\davi\Al Emadi (2019)\Multiclass_Drone_Audio\membo_1\Membo_0_011-membo_003_.wav,Multiclass_Drone_Audio\membo_1\Membo_0_011-membo_003_.wav,al_emadi,Membo_0_011-membo_003,1.024,0.7431561102152424,9.072809219360352,-0.0014610408936457959,0.09187859995554225,0.000542147783562541,-0.11862786114215851,0.1154923290014267,0.09810587314834451,8.983451843261719,-0.0001694417603083086,0.03338651897822342,-0.00016723874432500452,-0.04284513369202614,0.0435502827167511,0.05321058986342296,9.961408615112305,-3.6922268110568172e-06,0.017507735144303947,3.483037289697677e-05,-0.02222461849451065,0.022322186827659605,0.04657154175693812,10.92470645904541,8.321846060710498e-05,0.011622226314821155,-0.00015576728037558496,-0.014486690983176231,0.015097906067967416,0.05895588501605204,11.947070121765137,2.1747761317164774e-05,0.009262478488240043,2.865589613065822e-05,-0.011762352660298347,0.011757615488022566
F:\Seminario\Seminario-Clustering\datasets\davi\Al Emadi (2019)\Multiclass_Drone_Audio\bebop_1\B_S2_D1_075-bebop_004_.wav,Multiclass_Drone_Audio\bebop_1\B_S2_D1_075-bebop_004_.wav,al_emadi,B_S2_D1_075-bebop_004,0.896,0.2574803944733859,8.766254425048828,0.0011897428771250106,0.12270237299565902,-0.003881557146087289,-0.14980964958667756,0.16430459022521973,0.035523126953059904,8.752337455749512,-0.00032603108092162754,0.04557700523664777,0.0002815369807649404,-0.05686626508831978,0.054738137871027,0.15595976221512473,9.784076690673828,0.002442757598444599,0.0680222676683825,0.003210430033504963,-0.08428281098604203,0.08865349590778351,0.3321663135784713,10.72191047668457,0.002030278568650102,0.07049320352590407,0.001966180745512247,-0.09042390584945678,0.091001757979393,0.21887040277995812,11.71900463104248,-7.037873633091907e-05,0.04055760563013984,-4.590541357174516e-05,-0.051071321964263915,0.051335177570581446
F:\Seminario\Seminario-Clustering\datasets\davi\Al Emadi (2019)\Multiclass_Drone_Audio\bebop_1\mixed_54-bebop_003_.wav,Multiclass_Drone_Audio\bebop_1\mixed_54-bebop_003_.wav,al_emadi,mixed_54-bebop_003,1.024,0.6777011353592021,8.903921127319336,-0.007069643382897971,0.33900424470157664,-0.011303149163722992,-0.4240338206291199,0.4078935980796814,0.07398157893413779,8.849852561950684,0.004775714247487963,0.11193020224727161,0.007877864874899387,-0.13659843802452087,0.14164447784423828,0.04465515671855015,9.89996337890625,0.0006292617704777822,0.06197200893758692,0.0023365910165011883,-0.07964855879545212,0.07917041033506393,0.05934756291478714,10.898001670837402,0.00012680689505937282,0.05069807292337044,-0.00040794862434268,-0.062031295895576474,0.06467579156160357,0.1443145660733229,12.086512565612793,-0.00010292707106598357,0.05599772871822649,0.0001874810113804415,-0.07402004674077034,0.07333609089255333
F:\Seminario\Seminario-Clustering\datasets\davi\Al Emadi (2019)\Multiclass_Drone_Audio\unknown\3-151557-A-284.wav,Multiclass_Drone_Audio\unknown\3-151557-A-284.wav,al_emadi,3-151557-A-284,0.95975,0.7504721662858385,8.788168907165527,-0.002175309254781472,0.01979198334537024,-0.0022419190499931574,-0.02633750159293413,0.023210938088595867,0.09255257359904072,8.777920722961426,-8.26052889626436e-06,0.006992353151163565,3.600375566747971e-05,-0.008797361981123686,0.008695153053849936,0.10461530766041716,9.397588729858398,3.187733037706224e-05,0.005294311427062441,0.00016265745944110677,-0.005934845237061381,0.006216215575113893,0.02995925184409241,10.851659774780273,-3.242537075330434e-05,0.0020104033844019916,-3.439302781771403e-05,-0.0025838780449703334,0.002496439986862242,0.022400700610611203,11.829740524291992,-3.877483968289777e-06,0.0012316203873689586,-3.057977096432296e-06,-0.0016032812767662107,0.0015538706444203857
F:\Seminario\Seminario-Clustering\datasets\davi\Al Emadi (2019)\Multiclass_Drone_Audio\unknown\4-136381-A-94.wav,Multiclass_Drone_Audio\unknown\4-136381-A-94.wav,al_emadi,4-136381-A-94,0.95975,0.0,-0.0,0.0,0.0,0.0,0.0,0.0,0.0,-0.0,0.0,0.0,0.0,0.0,0.0,0.0,-0.0,0.0,0.0,0.0,0.0,0.0,0.0,-0.0,0.0,0.0,0.0,0.0,0.0,0.0,-0.0,0.0,0.0,0.0,0.0,0.0
F:\Seminario\Seminario-Clustering\datasets\davi\Al Emadi (2019)\Multiclass_Drone_Audio\membo_1\extra_membo_D2_2029.wav,Multiclass_Drone_Audio\membo_1\extra_membo_D2_2029.wav,al_emadi,extra_membo_D2,1.0026875,0.9256559200308954,8.99198055267334,-0.0005205574724446004,0.030910763145487293,-0.0003956939035560936,-0.041394779831171034,0.037248048186302195,0.01645363360014995,8.968403816223145,2.0000213464213413e-05,0.0041216614427078595,4.7231460484908894e-05,-0.0051696251146495335,0.005388493277132513,0.020842769464863648,9.978744506835938,2.4830481431858678e-05,0.0033027189845787476,0.00014473215560428798,-0.0042877945117652414,0.0042731157504022135,0.020485657653065262,10.91515064239502,-1.905449326469259e-05,0.0023232945872400314,-1.6092905639197852e-06,-0.0030310948379337786,0.0029067690251395107,0.016562019251025822,11.924348831176758,5.133302357036908e-06,0.001479749737648697,-4.095443046026048e-06,-0.0019186545396223664,0.0018999511958099902
F:\Seminario\Seminario-Clustering\datasets\davi\Al Emadi (2019)\Multiclass_Drone_Audio\bebop_1\mixed_60-bebop_003_.wav,Multiclass_Drone_Audio\bebop_1\mixed_60-bebop_003_.wav,al_emadi,mixed_60-bebop_003,1.024,0.4700799881908301,9.30421257019043,0.00016183150477165075,0.32025600634124907,0.008334440179169178,-0.40998733043670654,0.4294500946998596,0.4157502208516519,9.21634292602539,0.0022387307345775277,0.30117277500121276,0.004833491053432226,-0.40518513321876526,0.39779531955718994,0.07326057137892888,10.157608032226562,-0.00018504048495134525,0.0900217370870615,-0.003713165642693639,-0.11430101841688156,0.11818251311779022,0.02339001624956535,10.901473045349121,-0.00048229794089363576,0.0360909966375808,-0.0009460889850743115,-0.045754789561033245,0.045268426835536967,0.01751920332902376,11.911954879760742,-9.187229436370105e-05,0.022125876973130676,-0.000140310607093852,-0.028167173266410828,0.02800167165696621
F:\Seminario\Seminario-Clustering\datasets\davi\Al Emadi (2019)\Multiclass_Drone_Audio\bebop_1\mixed_13-bebop_004_.wav,Multiclass_Drone_Audio\bebop_1\mixed_13-bebop_004_.wav,al_emadi,mixed_13-bebop_004,0.904,0.5082964063066642,7.819854259490967,-8.21606395577011e-05,0.11648108712738353,-0.0027708886191248894,-0.11244528740644455,0.11456002295017242,0.028430001746094793,8.758440971374512,0.0001750846053163544,0.02754715008343732,-0.00017918625962920487,-0.03561573848128319,0.03529581055045128,0.10389382016758672,9.719878196716309,-0.0009572360287476896,0.03751838719727452,-0.001106955693103373,-0.046912387013435364,0.046958516538143154,0.24266864685328773,10.624237060546875,0.0004392951559476403,0.0407175601639575,0.001031639869324863,-0.04995539337396622,0.05137074813246728,0.11671112492636661,11.739721298217773,4.7853615652785036e-05,0.020006797439717356,0.00021584975183941424,-0.025596650317311287,0.025394456461071968
F:\Seminario\Seminario-Clustering\datasets\davi\Al Emadi (2019)\Multiclass_Drone_Audio\membo_1\extra_membo_D2_2007.wav,Multiclass_Drone_Audio\membo_1\extra_membo_D2_2007.wav,al_emadi,extra_membo_D2,1.002625,0.8662712954745805,9.008810043334961,-0.00012793858775206497,0.030897073936637594,-0.00014502120029646903,-0.04070943742990493,0.040824611485004436,0.0638819132167176,8.616857528686523,-2.8951684182477367e-05,0.008390357934287574,0.0001369052624795586,-0.010077998414635659,0.009637410007417207,0.03536443166502617,9.848871231079102,5.659145136826786e-05,0.004444285201645108,4.9376489187125117e-05,-0.005525973392650485,0.005566687369719148,0.01876624306280983,10.72671890258789,1.1575427169121063e-05,0.0022973369447710137,1.0128908797923941e-05,-0.0028109875274822116,0.002793604414910079,0.015716116580865955,11.726665496826172,5.47347290401824e-06,0.0014892874548891272,4.571745193970855e-06,-0.0018390865763649345,0.0018657807959243655
F:\Seminario\Seminario-Clustering\datasets\davi\Al Emadi (2019)\Multiclass_Drone_Audio\unknown\1-101404-A-344.wav,Multiclass_Drone_Audio\unknown\1-101404-A-344.wav,al_emadi,1-101404-A-344,0.95975,0.6268377866562914,9.014982223510742,-0.00023290620760849795,0.002245848060715118,-0.00031373853562399745,-0.0030900401761755347,0.0027807996375486255,0.045167387813576744,8.47195816040039,3.686279435693331e-05,0.0006049694123683305,5.12965016241651e-05,-0.0006820214039180428,0.0007208045281004161,0.07102880935726047,9.563150405883789,-6.593364916259401e-06,0.0005412539141891764,6.752399173137746e-08,-0.0006386765802744776,0.0006295640952885151,0.12583259444281625,10.416482925415039,1.6674361467172027e-06,0.0005112870267632395,2.8585018299054354e-06,-0.000568979000672698,0.0005945593758951872,0.1311334217300551,11.186844825744629,-4.0817394781093045e-07,0.0003697438476278865,-3.6751167726833955e-06,-0.0004036729340441525,0.0003990806959336624
F:\Seminario\Seminario-Clustering\datasets\davi\Al Emadi (2019)\Multiclass_Drone_Audio\membo_1\Membo_2_016-membo_003_.wav,Multiclass_Drone_Audio\membo_1\Membo_2_016-membo_003_.wav,al_emadi,Membo_2_016-membo_003,1.024,0.5150224767935546,9.345787048339844,0.0016218678193970128,0.07289294656966316,0.00018435742822475731,-0.09594016522169113,0.09946728497743607,0.08135370946212526,9.01565170288086,-0.00019337540768444908,0.028977364851790557,-0.00035051858867518604,-0.03819992020726204,0.03880888596177101,0.09209052553218873,9.777154922485352,0.0004904580948811445,0.021947277596411713,0.0008239882881753147,-0.025948299467563628,0.027996233105659473,0.13029975592705872,10.72069263458252,-0.0004976358328526975,0.018522769569573067,-0.0007904420490376651,-0.02208627834916115,0.021235714480280877,0.1812335322850727,11.728224754333496,8.079943878032188e-06,0.01547870794708435,-2.914662218245212e-05,-0.018739979714155197,0.01870531216263771
F:\Seminario\Seminario-Clustering\datasets\davi\Al Emadi (2019)\Multiclass_Drone_Audio\membo_1\Membo_2_011-membo_001_.wav,Multiclass_Drone_Audio\membo_1\Membo_2_011-membo_001_.wav,al_emadi,Membo_2_011-membo_001,1.024,0.5603663825610417,9.145320892333984,-0.0004202762104906321,0.07956498730763105,-0.0006565389921888709,-0.10218013823032379,0.09958424419164658,0.030432555069726558,9.021289825439453,5.416746745719626e-05,0.018542119775592784,0.0003440202272031456,-0.02444838173687458,0.02397587150335312,0.05756524188569921,9.974900245666504,-6.488482179994631e-05,0.018158129880689055,-0.00016743775631766766,-0.022551951184868812,0.022423187270760536,0.12188396916060876,10.953158378601074,0.0003300707763365125,0.018746014219089814,0.0004588718293234706,-0.023711709305644035,0.02391750141978264,0.22975185132292383,11.924164772033691,3.587385264883488e-05,0.01823292334392392,-7.62315685278736e-05,-0.022810944356024265,0.023471440188586712
F:\Seminario\Seminario-Clustering\datasets\davi\Al Emadi (2019)\Multiclass_Drone_Audio\bebop_1\mixed_52-bebop_001_.wav,Multiclass_Drone_Audio\bebop_1\mixed_52-bebop_001_.wav,al_emadi,mixed_52-bebop_001,1.024,0.7335194441837258,8.433335304260254,-0.002820661937517256,0.19781229663415473,-0.0015372985508292913,-0.22053052484989166,0.2154521644115448,0.050144004819497004,8.71155071258545,-0.0006663333703868457,0.05172078127297327,-0.00035207814653404057,-0.06444686651229858,0.06318492442369461,0.050674011397428796,9.952351570129395,0.000824339726911901,0.037015046104803766,0.0008251965628005564,-0.045877644419670106,0.04902374371886253,0.09635014494697783,10.946252822875977,-0.00012408543483450842,0.036226482411547224,0.00040689267916604877,-0.046875187754631044,0.04674873352050782,0.06931239465237053,11.938925743103027,-6.943048716274644e-06,0.021763696245744372,3.3524564059916884e-05,-0.027697617188096046,0.02791285701096058
F:\Seminario\Seminario-Clustering\datasets\davi\Al Emadi (2019)\Multiclass_Drone_Audio\unknown\2-82274-A-53.wav,Multiclass_Drone_Audio\unknown\2-82274-A-53.wav,al_emadi,2-82274-A-53,1.0216875,0.9727390960164012,8.711731910705566,-0.0010192946258693162,0.03341990037747882,-0.00019469757535262033,-0.041108452901244166,0.03812469057738782,0.014210863192301392,8.612163543701172,1.8716063394316985e-05,0.004041238394886512,6.787437814637087e-05,-0.004623561864718795,0.004697614628821612,0.006935362541454856,9.517783164978027,-6.222873577935758e-05,0.002008817959719619,-5.023895027989056e-05,-0.0023853563237935306,0.0022459605243057013,0.005170775858292579,10.42046070098877,-1.5905277061345286e-05,0.0012311640235168303,-1.4284966027844348e-06,-0.001395534921903163,0.001351675391197205,0.0009439023915500152,11.937028884887695,3.225598130681565e-07,0.0003726181527876945,5.336593403626466e-06,-0.000477065093582496,0.000479670413187705
F:\Seminario\Seminario-Clustering\datasets\davi\Al Emadi (2019)\Multiclass_Drone_Audio\bebop_1\mixed_56-bebop_004_.wav,Multiclass_Drone_Audio\bebop_1\mixed_56-bebop_004_.wav,al_emadi,mixed_56-bebop_004,0.904,0.5861797153254278,8.270416259765625,-0.0007435038827441454,0.1572715094890826,0.008663534186780453,-0.1826370805501938,0.16476109623908997,0.0707673539604908,8.434592247009277,0.002270232454034729,0.05459852017687041,0.002992980880662799,-0.05809769034385681,0.06437206268310547,0.09327692240131226,9.722270965576172,-0.00041290494728288133,0.04470969447323296,0.0004885172820650041,-0.05700276941061019,0.056618627160787575,0.14889060269785814,10.690458297729492,0.0012105700814008477,0.04008467730874125,0.0012393792858347297,-0.04905503317713737,0.052453397214412695,0.10088540561491108,11.721796989440918,-4.967289622749499e-05,0.023387207785682235,-0.00011968069520662539,-0.03017502184957266,0.02948101982474327
F:\Seminario\Seminario-Clustering\datasets\davi\Al Emadi (2019)\Multiclass_Drone_Audio\membo_1\Membo_0_034-membo_002_.wav,Multiclass_Drone_Audio\membo_1\Membo_0_034-membo_002_.wav,al_emadi,Membo_0_034-membo_002,1.024,0.5841185972142484,8.70672607421875,-0.0019195938044412417,0.10556495784129806,-0.00558696361258626,-0.11666002124547958,0.11754260212182999,0.028480408447970867,8.925821304321289,8.400719914245633e-06,0.023313857284190838,0.0005282949423417449,-0.029294641688466072,0.028307169675827026,0.08703868948002985,9.981986045837402,-8.530764272063892e-05,0.02901997566123034,-0.0005520919221453369,-0.036548899859189986,0.037324839830398554,0.12171795271205309,10.907936096191406,2.5089737297186303e-05,0.02435168786844114,0.0010319651337340474,-0.031348686665296555,0.030300625786185264,0.17864435214569774,11.81120777130127,8.327987944325356e-06,0.02089639015850751,-0.00011274114149273373,-0.02511302102357149,0.025816623121500015
F:\Seminario\Seminario-Clustering\datasets\davi\Al Emadi (2019)\Multiclass_Drone_Audio\unknown\4-165813-A-191.wav,Multiclass_Drone_Audio\unknown\4-165813-A-191.wav,al_emadi,4-165813-A-191,1.0216875,0.7701600543518671,8.756743431091309,-6.564533771585284e-05,0.09442905237217997,0.0006101962353568524,-0.113453159481287,0.11191027238965036,0.16802775607969445,8.779257774353027,0.000650124998566114,0.04410203124033349,-0.0008404873951803893,-0.05249892435967922,0.055605321750044866,0.05416558731779857,9.60098648071289,-0.00047272370118475894,0.0178208987181822,5.681730908690952e-05,-0.02160129640251398,0.021094321273267262,0.007571636876812941,10.621055603027344,7.85836014626831e-06,0.004729061392564106,8.803089258435648e-06,-0.005698057077825069,0.0056843654718250055,7.496537382697514e-05,11.859001159667969,-6.501518479648254e-07,0.0003333009068263573,2.3363757151173559e-07,-0.0004223720170557499,0.000423976470483467
F:\Seminario\Seminario-Clustering\datasets\davi\Al Emadi (2019)\Multiclass_Drone_Audio\unknown\3-156393-A-353.wav,Multiclass_Drone_Audio\unknown\3-156393-A-353.wav,al_emadi,3-156393-A-353,1.0216875,0.9600344460829269,9.164593696594238,-0.0010995208360869055,0.22885173749959845,-0.02463872078806162,-0.2830542206764221,0.3220602154731751,0.017662960624301432,8.884428024291992,8.736408683480893e-05,0.03104172439813925,0.0013575294869951904,-0.03986478485167026,0.038235507160425196,0.012538114137530554,9.93404769897461,8.542073470508694e-05,0.018617987708652594,0.0003203469095751643,-0.02363520674407482,0.023341011069715024,0.004387592456493242,10.92326545715332,2.433208152492189e-05,0.007814339962600888,3.204367089892912e-06,-0.009961518552154302,0.010298657137900593,0.005376886698747875,11.956901550292969,3.187442461150198e-06,0.006127353343751352,-3.6388720445756917e-06,-0.00783293331041932,0.007881793007254603
F:\Seminario\Seminario-Clustering\datasets\davi\Al Emadi (2019)\Multiclass_Drone_Audio\unknown\1-211527-C-203.wav,Multiclass_Drone_Audio\unknown\1-211527-C-203.wav,al_emadi,1-211527-C-203,1.0216875,0.01139649595264455,8.459912300109863,0.00016883552247694584,0.018171930956551605,0.0004232061037328094,-0.019896214827895164,0.02108628470450641,0.06864243668345371,8.63148307800293,-0.0012385815171788578,0.044582350280188546,0.0001700805951259099,-0.057142873853445054,0.052016453072428706,0.131429274512665,9.511613845825195,0.0005759874389277752,0.043928691222745155,0.0003431503428146243,-0.05598878376185894,0.052625400945544236,0.6123759352347918,10.30219554901123,-0.00023280338133109882,0.06728310740337498,-5.497818528965581e-05,-0.0827579654753208,0.08043252676725392,0.17615585761644495,10.976152420043945,1.485591280790264e-05,0.02556079485581035,1.3725572898692917e-05,-0.028044868819415567,0.027460920624434962
F:\Seminario\Seminario-Clustering\datasets\davi\Al Emadi (2019)\Multiclass_Drone_Audio\unknown\2-93030-A-214.wav,Multiclass_Drone_Audio\unknown\2-93030-A-214.wav,al_emadi,2-93030-A-214,0.95975,0.18144170281247643,5.444581508636475,1.1564139585715165e-06,0.0219064673471123,-1.7801162357500289e-06,-0.0023717564763501287,0.0027204282814636827,0.043381222774364,6.243904113769531,0.0004139439344458368,0.010703606686537488,-6.079315880924696e-06,-0.0019243487622588873,0.0019056771998293698,0.10899056150906147,7.221909046173096,-0.00016971110430134684,0.012090542074734865,9.38003995543113e-06,-0.0023575304774567487,0.0021322862477973115,0.2662264739112608,8.183549880981445,-0.0006930957152145079,0.013393481778019299,-2.3675067950534867e-06,-0.0036484375596046404,0.0026425029151141634,0.3999600389928373,9.261523246765137,-4.837104316481418e-06,0.01164476839883395,1.366007609249209e-06,-0.0030783944297581903,0.003449951205402627
F:\Seminario\Seminario-Clustering\datasets\davi\Al Emadi (2019)\Multiclass_Drone_Audio\unknown\5-213836-C-94.wav,Multiclass_Drone_Audio\unknown\5-213836-C-94.wav,al_emadi,5-213836-C-94,0.95975,0.6814593378019914,8.91165542602539,-0.002479401460776609,0.17067351830071276,0.0019964906969107687,-0.22340159118175507,0.21054241061210632,0.05173488803867518,8.871665000915527,0.000126999387923564,0.04703077822572473,-0.00021203699634497752,-0.06009206734597683,0.06316333264112473,0.19063934725451084,9.550469398498535,0.00019223328978683197,0.06429640027232018,0.0016313014784827828,-0.07728998959064484,0.07733973190188408,0.07137159545854405,10.416378021240234,4.1729062717978556e-05,0.027918946449371318,-4.464717858354561e-05,-0.03193840123713016,0.03244038708508014,0.004794831446278494,10.734800338745117,5.1161146955607744e-06,0.005126220453196858,2.1329113224055618e-05,-0.005044720927253365,0.00501441606320441
F:\Seminario\Seminario-Clustering\datasets\davi\Al Emadi (2019)\Multiclass_Drone_Audio\unknown\3-100018-A-183.wav,Multiclass_Drone_Audio\unknown\3-100018-A-183.wav,al_emadi,3-100018-A-183,1.0216875,0.9148297369822341,8.20837688446045,0.01428418899392267,0.6206992684113107,-0.0009023535822052509,-0.6896775960922241,0.7512363553047182,0.049806275434837344,8.125982284545898,0.00042670101874560395,0.14486591398656398,0.0006481933814939111,-0.15994169116020202,0.15555285215377812,0.016581778708769677,8.57705020904541,-0.0009073758063771262,0.059497193070876295,-0.0002785077958833426,-0.05710873529314994,0.05396207645535469,0.011627833196510904,9.654844284057617,8.330322616830982e-06,0.035354189742294574,0.0003483185719233006,-0.03336326889693736,0.03326549679040909,0.007154375677647994,10.322944641113281,1.2669343596605546e-05,0.019642807616561345,7.062480653985403e-05,-0.018314862065017222,0.018474598042666917
F:\Seminario\Seminario-Clustering\datasets\davi\Al Emadi (2019)\Multiclass_Drone_Audio\bebop_1\B_S2_D1_108-bebop_004_.wav,Multiclass_Drone_Audio\bebop_1\B_S2_D1_108-bebop_004_.wav,al_emadi,B_S2_D1_108-bebop_004,0.896,0.5785049443373435,6.087624549865723,0.0040580570451292635,0.24771697231461165,0.0026099446695297956,-0.13361439406871795,0.143858152627945,0.02958456425846723,8.631509780883789,0.0014331491506566548,0.05600811357849034,0.00033255398739129305,-0.06667922884225845,0.071355739235878,0.09287072864941254,9.70549201965332,-0.0010724788897196063,0.07074135876838165,-0.001021209405735135,-0.08915797919034957,0.08727337270975113,0.16891765631237754,10.739044189453125,0.0004889728694953329,0.06773839295485842,-4.5700457121711224e-05,-0.08670520335435868,0.08689638525247571,0.1301221064423992,11.72923755645752,0.0001723358183692992,0.042122151479289986,0.0007288485066965222,-0.0540554091334343,0.05384202003479004
F:\Seminario\Seminario-Clustering\datasets\davi\Al Emadi (2019)\Multiclass_Drone_Audio\bebop_1\B_S2_D1_123-bebop_004_.wav,Multiclass_Drone_Audio\bebop_1\B_S2_D1_123-bebop_004_.wav,al_emadi,B_S2_D1_123-bebop_004,0.896,0.7172365847468348,8.463058471679688,0.00944370765613661,0.35645386736571105,-0.013037657365202904,-0.4017659068107605,0.4282514631748201,0.027544768169072132,8.787590026855469,-0.005119028835869203,0.06969081825598232,-0.005101338494569063,-0.09830790013074875,0.08029134273529055,0.05891954203802933,9.705750465393066,0.000960601059340294,0.07283494007077514,-0.0010449409019201994,-0.08983172178268432,0.09384980648756028,0.11176045783491152,10.770659446716309,0.002070411444009237,0.07119232615125906,0.0030692326836287975,-0.09014683365821838,0.09335745722055434,0.08453864721115223,11.723819732666016,-0.00013327692166013427,0.043886229665982796,0.00033127068309113383,-0.056155021861195566,0.0553464516997338
F:\Seminario\Seminario-Clustering\datasets\davi\Al Emadi (2019)\Multiclass_Drone_Audio\membo_1\Membo_0_040-membo_003_.wav,Multiclass_Drone_Audio\membo_1\Membo_0_040-membo_003_.wav,al_emadi,Membo_0_040-membo_003,1.024,0.2546047100452238,9.399290084838867,0.0003952584688951147,0.06613758538411642,-0.002157432259991765,-0.08443713188171387,0.08930069953203201,0.04886486623946444,9.210992813110352,-4.6400946105735554e-05,0.028974814430501046,-0.0015627165557816625,-0.03608422726392746,0.03696389123797417,0.14382255362265361,9.988351821899414,-9.912466639537671e-05,0.035394547868764774,-0.00031439962913282216,-0.04653702601790428,0.04670400768518448,0.23693570768972516,10.932249069213867,-0.00011506839201100465,0.03223638102290199,0.0002973920200020075,-0.04114159718155861,0.04072572812438011,0.315772162402933,11.914852142333984,7.303118126418677e-06,0.026359997590413752,7.147416681618779e-06,-0.03323599137365818,0.03310895711183548
F:\Seminario\Seminario-Clustering\datasets\davi\Al Emadi (2019)\Multiclass_Drone_Audio\unknown\5-235956-A-474.wav,Multiclass_Drone_Audio\unknown\5-235956-A-474.wav,al_emadi,5-235956-A-474,0.95975,0.7087386368085212,8.910293579101562,-0.0009287603848385219,0.5661529744942719,0.03386307880282402,-0.7324797511100769,0.7024136185646057,0.1997863821913192,8.800684928894043,-0.0016593555068830472,0.30058523636052975,0.005286668660119176,-0.36833907663822174,0.37883293628692627,0.08110260938076323,9.601022720336914,0.0007242194043164963,0.13639327003470267,0.00152954290388152,-0.16133406162261962,0.16075408756732942,0.010192368265041921,10.569256782531738,-6.408065874125387e-05,0.03431412452237827,0.0003109529206994921,-0.0408461332321167,0.04031486138701438,0.00018000335435445803,11.449885368347168,6.676333410737997e-07,0.0032303563765420018,1.9981895320597687e-06,-0.003791412804275751,0.003800921724177898
F:\Seminario\Seminario-Clustering\datasets\davi\Al Emadi (2019)\Multiclass_Drone_Audio\bebop_1\B_S2_D1_105-bebop_002_.wav,Multiclass_Drone_Audio\bebop_1\B_S2_D1_105-bebop_002_.wav,al_emadi,B_S2_D1_105-bebop_002,1.024,0.9013393112533732,8.789202690124512,-0.02699086220614208,0.6334869622769936,-0.009083129465579987,-0.8539798259735107,0.758578896522522,0.011313510769766388,8.643293380737305,1.5710640390145816e-05,0.07103723454414161,-0.0015243713278323412,-0.08134973794221878,0.0857882872223854,0.022682209000002708,9.950244903564453,-0.0024205295475599187,0.07157866197483194,-0.003706942778080702,-0.09251232445240021,0.09134163558483122,0.03853363524259345,10.919145584106445,-0.000333714221655876,0.06623884971718946,-0.0005599168362095952,-0.08330522328615188,0.0848977118730545,0.026131333734264295,11.88965129852295,0.00011169000811588699,0.03863687057312205,-0.00015143305790843442,-0.04829889349639416,0.04947445169091225
F:\Seminario\Seminario-Clustering\datasets\davi\Al Emadi (2019)\Multiclass_Drone_Audio\bebop_1\B_S2_D1_073-bebop_001_.wav,Multiclass_Drone_Audio\bebop_1\B_S2_D1_073-bebop_001_.wav,al_emadi,B_S2_D1_073-bebop_001,1.024,0.8240554848219194,8.154510498046875,0.0023658693315382413,0.47079117453795644,0.005115970969200134,-0.49181824922561646,0.48093682527542114,0.013232192358282347,8.94803237915039,-3.04289297612236e-05,0.059658373558313875,-0.00033024779986590147,-0.07654491811990738,0.0735386312007904,0.03583515240669916,9.99985122680664,0.0006954497822987212,0.069902130233098,0.0005056372028775513,-0.08897027522325515,0.09083366692066193,0.0768768217574409,10.93199348449707,-1.5231973066517857e-05,0.07265477871592985,0.0001880012423498556,-0.09419789314270019,0.09186829775571824,0.05000034865565817,11.935283660888672,-1.677862342915692e-05,0.041502824455922814,0.000632842187769711,-0.05385718494653702,0.05255485512316227
F:\Seminario\Seminario-Clustering\datasets\davi\Al Emadi (2019)\Multiclass_Drone_Audio\membo_1\mixed_membo_33-membo_003_.wav,Multiclass_Drone_Audio\membo_1\mixed_membo_33-membo_003_.wav,al_emadi,mixed_membo_33-membo_003,1.024,0.5199642613920133,9.12423324584961,0.0016539265956267977,0.2229975965157928,-0.01341275591403246,-0.2793821692466736,0.30788251757621765,0.12011419246899176,9.012055397033691,-0.0028837493853809686,0.1071433698214413,-0.007361790630966425,-0.13915371894836426,0.14024627208709717,0.11664331725809425,9.991476058959961,-0.0019645270757979653,0.07518112052684706,-0.001425420050509274,-0.10011736452579498,0.09397595524787902,0.1232694602581795,10.969432830810547,0.00030336289769682985,0.054860203931159326,0.0005213769618421793,-0.06973721385002137,0.07126780003309251,0.12000876862272113,11.939825057983398,-0.0002762882741835602,0.038340360401932075,-0.00024487556947860867,-0.0493655763566494,0.04850909672677517
F:\Seminario\Seminario-Clustering\datasets\davi\Al Emadi (2019)\Multiclass_Drone_Audio\bebop_1\B_S2_D1_068-bebop_002_.wav,Multiclass_Drone_Audio\bebop_1\B_S2_D1_068-bebop_002_.wav,al_emadi,B_S2_D1_068-bebop_002,1.024,0.7597887316144591,7.185921669006348,-0.007014822794536977,0.3781842529083427,0.0028911519329994917,-0.31831616163253784,0.2707533538341522,0.016865180151188538,8.933485984802246,-0.00021511620488984509,0.05635390848022662,-0.0009690826409496367,-0.06997641921043396,0.07093162834644318,0.06066161102644623,9.910076141357422,-0.0004078147347548045,0.07609991355639653,-0.0019987127743661404,-0.09571980088949203,0.09638424217700958,0.09740349185086417,10.934433937072754,-0.0006756455465096752,0.06842404077903068,-0.0009757050429470837,-0.08867895156145096,0.08581117093563083,0.06528098535704197,11.939448356628418,3.563081243461657e-05,0.039678979337335205,-8.508474365953589e-06,-0.05068850517272949,0.05005718022584915
F:\Seminario\Seminario-Clustering\datasets\davi\Al Emadi (2019)\Multiclass_Drone_Audio\membo_1\Membo_1_001-membo_002_.wav,Multiclass_Drone_Audio\membo_1\Membo_1_001-membo_002_.wav,al_emadi,Membo_1_001-membo_002,1.024,0.31696546359473055,9.384722709655762,-0.00011804962895250016,0.0616067134704886,-0.0008542609866708517,-0.07777336239814758,0.08322259783744812,0.04232509645070682,8.873098373413086,3.1162218303531194e-05,0.02251238126252801,0.0006077266298234463,-0.027783632278442383,0.028039274737238884,0.15903522107291057,9.937263488769531,-8.785913876213247e-05,0.03107201980280435,-0.00041902318480424583,-0.03973143473267555,0.04022742360830305,0.2627734514533416,10.888652801513672,-0.0005169436097473543,0.02833689549919641,-0.0004911170690320432,-0.03609523400664329,0.03486039862036705,0.21890076742831047,11.854217529296875,5.4562872621123914e-06,0.018322388843532416,3.3896385502885096e-05,-0.023049576207995415,0.02301855944097042
F:\Seminario\Seminario-Clustering\datasets\davi\Al Emadi (2019)\Multiclass_Drone_Audio\unknown\1-17565-A-120.wav,Multiclass_Drone_Audio\unknown\1-17565-A-120.wav,al_emadi,1-17565-A-120,1.0216875,0.3440886660217023,8.833298683166504,0.001069203972047,0.05303920539035416,0.0027611844707280397,-0.06879940032958984,0.06465273872017861,0.07010745245123719,4.575059413909912,0.0002487120277286442,0.023944662173856504,-1.916692781378515e-05,-0.009011443052440882,0.00850573778152466,0.13970011923306713,5.044403076171875,-0.00024339112689651744,0.024061993622395805,3.466612611191522e-06,-0.005925705097615718,0.006227941298857331,0.32371853519493593,5.58113956451416,0.00032697043602708395,0.025987523811368273,-1.8977681975229643e-05,-0.005279540130868553,0.0053618269041180635,0.12238522709905751,6.894576549530029,-6.005264951019777e-05,0.01131879469738898,-7.208840997918742e-06,-0.00257112046238035,0.002675499930046499
F:\Seminario\Seminario-Clustering\datasets\davi\Al Emadi (2019)\Multiclass_Drone_Audio\unknown\5-216370-A-411.wav,Multiclass_Drone_Audio\unknown\5-216370-A-411.wav,al_emadi,5-216370-A-411,1.0216875,0.46923278025494086,8.14181900024414,0.012382448421481718,0.4411626543358602,-0.006483517354354262,-0.3866797238588333,0.5142410039901734,0.07849276346423979,8.69775390625,0.0012167013303583571,0.18050137463076119,-0.0014126015594229102,-0.2098811686038971,0.2157521113753319,0.061710923412576286,9.55044937133789,-0.0004946833468879985,0.11393518258331385,-7.80594000389101e-05,-0.1347406253218651,0.13047050833702087,0.14951494126996773,10.544686317443848,0.00021119120881843772,0.12582955509453161,-0.00044362769403960556,-0.14893559813499452,0.14753762483596805,0.2410485915982753,11.683040618896484,-2.3820418840078423e-05,0.11316693958241666,-0.00046973410644568503,-0.13684022128582,0.1388477474451065
F:\Seminario\Seminario-Clustering\datasets\davi\Al Emadi (2019)\Multiclass_Drone_Audio\unknown\1-54747-A-460.wav,Multiclass_Drone_Audio\unknown\1-54747-A-460.wav,al_emadi,1-54747-A-460,1.0216875,0.491051500852519,9.058688163757324,-0.0036270313533468446,0.36662351504794954,-0.012336337473243475,-0.47215010821819303,0.4761502891778949,0.37218989393929097,8.921182632446289,-0.0038501023302632423,0.3191748738285603,-0.009399579837918282,-0.4054405510425568,0.39419783353805543,0.12128939191062357,10.002297401428223,0.0006119145242720755,0.12971493323578026,-0.001133703044615686,-0.16403275728225708,0.1687630161643028,0.015122625292977365,10.795368194580078,-3.388530414814919e-05,0.03249801274276516,-0.00034666521241888404,-0.03994682617485523,0.04091752693057061,0.00034658800458914064,11.633700370788574,4.687248370143336e-07,0.0034847892268998607,2.3297270672628656e-05,-0.004157755197957158,0.004227555776014924
F:\Seminario\Seminario-Clustering\datasets\davi\Al Emadi (2019)\Multiclass_Drone_Audio\bebop_1\B_S2_D1_084-bebop_001_.wav,Multiclass_Drone_Audio\bebop_1\B_S2_D1_084-bebop_001_.wav,al_emadi,B_S2_D1_084-bebop_001,1.024,0.8963597998078406,8.629303932189941,0.016888649886518652,0.5670939540804767,0.018085038289427757,-0.6610573530197144,0.6839606761932373,0.009174710223249023,8.930887222290039,-0.0010697306369046515,0.05738879182290173,-0.001274963840842247,-0.07309585064649582,0.07477065920829773,0.021523273342144995,9.915985107421875,-0.00036389397791716696,0.0625971948179465,-0.0002083906438201666,-0.08002867996692657,0.07873818576335906,0.042180016183381,10.967315673828125,-0.001216717844081733,0.06217094480306736,-0.0006458942079916596,-0.08175956159830093,0.07851550430059434,0.030762200443384395,11.92716121673584,9.467628486756626e-05,0.0376139778931645,6.971396578592248e-05,-0.04734092764556408,0.048275984823703766
F:\Seminario\Seminario-Clustering\datasets\davi\Al Emadi (2019)\Multiclass_Drone_Audio\membo_1\mixed_membo_26-membo_002_.wav,Multiclass_Drone_Audio\membo_1\mixed_membo_26-membo_002_.wav,al_emadi,mixed_membo_26-membo_002,1.024,0.980108245456903,9.081316947937012,0.01211122813368514,0.562639430393201,0.03282111510634422,-0.7393940091133118,0.7230308055877686,0.00626617011235265,8.89236831665039,0.00017552068614710848,0.04499782242085666,0.0009901028824970126,-0.0557980090379715,0.05690601468086243,0.004021645297660721,9.961711883544922,-7.145183621104511e-05,0.02566821348466742,-0.00021202607604209334,-0.033208434283733365,0.03262677863240242,0.004134335065115681,10.939241409301758,0.0001573653667734411,0.01846680328167035,0.000326490611769259,-0.023456206172704698,0.023592904955148698,0.005469604067967923,11.980094909667969,-1.852129694352167e-05,0.015045511105387765,0.00012230911670485511,-0.01930894423276186,0.01940744649618864
F:\Seminario\Seminario-Clustering\datasets\davi\Al Emadi (2019)\Multiclass_Drone_Audio\bebop_1\B_S2_D1_075-bebop_002_.wav,Multiclass_Drone_Audio\bebop_1\B_S2_D1_075-bebop_002_.wav,al_emadi,B_S2_D1_075-bebop_002,1.024,0.3328199409303843,7.931371688842773,0.00029172672995133106,0.16206100918351107,-0.006170329637825489,-0.14559850096702576,0.15807323157787323,0.04601502737485142,9.037076950073242,-0.0004479791736313329,0.06025767891868095,-0.0008409267175011337,-0.07562350481748581,0.07909928262233734,0.1595817973663207,9.985583305358887,-0.00030351348639580096,0.07990331913226152,0.0013525112299248576,-0.10426208972930907,0.10285602509975432,0.2793128034153054,10.927995681762695,-0.0020861493711057445,0.07498301227989941,-0.0017184936441481113,-0.09867967516183852,0.09227667599916459,0.18227043091313816,11.934432983398438,-1.4765540519392432e-05,0.042920843932343564,5.200893065193668e-05,-0.05472172237932682,0.05454080551862717
F:\Seminario\Seminario-Clustering\datasets\davi\Al Emadi (2019)\Multiclass_Drone_Audio\membo_1\mixed_membo_22-membo_003_.wav,Multiclass_Drone_Audio\membo_1\mixed_membo_22-membo_003_.wav,al_emadi,mixed_membo_22-membo_003,1.024,0.4683753726315868,9.15091323852539,0.0004826827849522511,0.03199135711640269,-1.999603227886837e-05,-0.04053761065006256,0.04004809632897377,0.05539147750638272,9.030434608459473,3.119315425265276e-05,0.011002839815870278,0.00013938579650130123,-0.01465942058712244,0.013956552371382713,0.13252060710515093,9.894539833068848,-3.165597585986756e-05,0.012117889908462751,0.00017668641521595418,-0.015241062082350255,0.015015832148492336,0.15399706459668,10.865169525146484,0.00011355406352220013,0.009268716917557148,9.750203025760129e-05,-0.01141636036336422,0.011872518062591556,0.18971547816019957,11.837252616882324,8.144310067107921e-07,0.007287390440487798,-5.3055391617817804e-05,-0.009049224201589823,0.009128141216933727
F:\Seminario\Seminario-Clustering\datasets\davi\Al Emadi (2019)\Multiclass_Drone_Audio\membo_1\mixed_membo_60-membo_002_.wav,Multiclass_Drone_Audio\membo_1\mixed_membo_60-membo_002_.wav,al_emadi,mixed_membo_60-membo_002,1.024,0.4773986080871407,9.214311599731445,-0.0020046691940758432,0.30988591085595313,-0.01063503511250019,-0.40544915199279785,0.40225014090538025,0.43281285482542586,9.114831924438477,-0.00022903018572113408,0.29506675675090965,-0.010749274864792824,-0.3863702118396759,0.390990674495697,0.07659412390517213,10.052939414978027,-0.0006222112988807593,0.08838102011886438,-0.01077649462968111,-0.10690669268369675,0.1266341894865036,0.008733059521633068,10.929960250854492,0.00018237552491084908,0.02117621588535727,0.000256136292591691,-0.026889897882938385,0.02699906043708325,0.00446135366062827,11.860915184020996,-7.953541405102492e-06,0.010721094898768805,-8.738960104892612e-06,-0.013636572286486626,0.013277385383844376
F:\Seminario\Seminario-Clustering\datasets\davi\Al Emadi (2019)\Multiclass_Drone_Audio\unknown\5-195518-A-72.wav,Multiclass_Drone_Audio\unknown\5-195518-A-72.wav,al_emadi,5-195518-A-72,0.97525,0.86382059614479,8.22574234008789,0.0032636063674045634,0.24447828948529823,0.012926733586937189,-0.2579653888940811,0.2754609555006026,0.07101323636829139,8.88101577758789,7.743186958855757e-05,0.07010299881405604,-8.516281422998873e-05,-0.08796159997582435,0.08685580492019652,0.01842678911852244,9.77967643737793,5.840993567209254e-05,0.025435554174468827,0.0006379366968758404,-0.031834397464990616,0.03199305459856988,0.014654104801855325,10.492965698242188,6.616928774998441e-05,0.016096195779469667,0.00019403943588258699,-0.01873447988182306,0.018771923519670965,0.032085273566540826,10.97702407836914,8.783778632620502e-05,0.016871581192359934,0.00011249340604990721,-0.017284223809838295,0.017852618359029293
F:\Seminario\Seminario-Clustering\datasets\davi\Al Emadi (2019)\Multiclass_Drone_Audio\unknown\4-158653-A-323.wav,Multiclass_Drone_Audio\unknown\4-158653-A-323.wav,al_emadi,4-158653-A-323,1.0216875,0.016479018281519,7.449148654937744,-0.0011960609379496146,0.00833411100586553,-0.0012370602344162762,-0.007868644688278437,0.005683523789048197,0.0229643658153475,6.780622482299805,-0.0008810963325985286,0.009899986050980561,-8.057926970650442e-05,-0.007441488839685917,0.005066648358479151,0.18805667758925576,6.106493949890137,-3.9419028467441515e-05,0.02024741087277662,-6.877109399283654e-06,-0.006185368169099092,0.006493469700217246,0.6606845511854089,6.4333600997924805,0.00019408120341165148,0.026925997150588014,-2.537710997785325e-06,-0.005528662307187914,0.005536507861688735,0.11181538712846878,7.252780437469482,-7.460205916749163e-06,0.00784626384189262,1.7425346072741377e-06,-0.001569387118797749,0.0016377188032493
F:\Seminario\Seminario-Clustering\datasets\davi\Al Emadi (2019)\Multiclass_Drone_Audio\unknown\3-143933-A-382.wav,Multiclass_Drone_Audio\unknown\3-143933-A-382.wav,al_emadi,3-143933-A-382,0.97525,0.34598224679506406,8.3740873336792,0.00025381741736230757,0.021822536483691278,-0.0004820813628612086,-0.025588348321616647,0.023805886693298816,0.018105405100076216,4.979640483856201,-0.00022952699386334421,0.004987148856336001,-4.159042873652652e-05,-0.0019766256678849458,0.001792993233539164,0.13972252229407217,4.922943592071533,3.3905300307208253e-06,0.00987850406245813,-9.484716429142281e-06,-0.0009263880318030715,0.0009395923116244388,0.40636949218603885,5.851856231689453,1.72336871274015e-05,0.011954952633337498,3.021429847649415e-06,-0.0006246149190701544,0.0006167056388221683,0.08982033362474875,6.9997148513793945,8.852147608863945e-06,0.003981397517919075,9.593193510681886e-07,-0.0004303976020310074,0.0004347227804828435
F:\Seminario\Seminario-Clustering\datasets\davi\Al Emadi (2019)\Multiclass_Drone_Audio\bebop_1\B_S2_D1_075-bebop_003_.wav,Multiclass_Drone_Audio\bebop_1\B_S2_D1_075-bebop_003_.wav,al_emadi,B_S2_D1_075-bebop_003,1.024,0.2910657016981597,8.651275634765625,0.0029742725704243666,0.1469203771287756,0.003227578243240714,-0.1678190529346466,0.16476047039031982,0.05122095742991472,8.831411361694336,0.00048214346699472683,0.06164332373771587,0.0013161745155230165,-0.07870876789093018,0.07431666553020477,0.1759117443628606,9.935836791992188,-0.00206933186473311,0.0813174996904549,-0.0018639132613316178,-0.10317265391349792,0.09832263141870497,0.28647241631580445,10.949356079101562,-0.00040157921053814865,0.07365824278890283,-0.0011212091194465756,-0.09461092799901961,0.09575273841619493,0.19532918019326048,11.936845779418945,1.743539882715526e-05,0.04308187692579576,-0.00015834300575079396,-0.055455613881349564,0.05515884608030319
F:\Seminario\Seminario-Clustering\datasets\davi\Al Emadi (2019)\Multiclass_Drone_Audio\membo_1\mixed_membo_53-membo_003_.wav,Multiclass_Drone_Audio\membo_1\mixed_membo_53-membo_003_.wav,al_emadi,mixed_membo_53-membo_003,1.024,0.7155535758838201,8.951953887939453,-0.0030324847082740147,0.1573906652436447,-0.0012485220795497298,-0.20247112214565277,0.18966525793075562,0.11776199634335408,8.896112442016602,-0.0006760880578968135,0.06385820686783576,-0.00039240156183950603,-0.0798690989613533,0.07876144349575043,0.044181208453610545,9.851192474365234,-0.0006306420134786896,0.027845025704837992,-0.00020468894217628986,-0.03489100635051727,0.0338747076690197,0.06060391389800891,11.057028770446777,9.937461507591778e-05,0.023147054854372396,3.8837664760649204e-05,-0.02985696606338024,0.03065551333129406,0.06189930542120642,11.863360404968262,3.072125353340364e-05,0.016569759870404526,5.227406472840812e-05,-0.02087682392448187,0.02063332498073578
F:\Seminario\Seminario-Clustering\datasets\davi\Al Emadi (2019)\Multiclass_Drone_Audio\unknown\2-109371-D-164.wav,Multiclass_Drone_Audio\unknown\2-109371-D-164.wav,al_emadi,2-109371-D-164,0.95975,0.9702459669689631,8.827842712402344,-0.0005360777439012591,0.43765997965216086,0.0019507185788825154,-0.5559342205524445,0.5547162294387817,0.019956773846101998,8.837453842163086,-0.00015665225027415724,0.06276825310606506,0.0016914099687710404,-0.07743434607982635,0.0765194408595562,0.00841472969879049,9.846356391906738,-0.00023757088866311536,0.029026327733814833,-0.0009259397047571838,-0.03670864440500736,0.037345689907670024,0.0013178181981048061,10.80691146850586,-1.1103264327295732e-05,0.008152079045554407,7.483242006856017e-05,-0.010373921692371368,0.010360903572291136,6.471128803960344e-05,11.824902534484863,2.038035724992572e-06,0.0012796892462972578,-1.6248907286353642e-07,-0.0016425231704488396,0.0016233412083238368
F:\Seminario\Seminario-Clustering\datasets\davi\Al Emadi (2019)\Multiclass_Drone_Audio\unknown\2-83667-A-342.wav,Multiclass_Drone_Audio\unknown\2-83667-A-342.wav,al_emadi,2-83667-A-342,0.97525,0.2414543201285422,7.04305362701416,0.0005010683341902177,0.09576741730913624,0.0017734840512275696,-0.07074028104543685,0.0720482811331749,0.13918478335596401,6.179205417633057,-0.001446682713024215,0.07269694079990832,4.14281103076064e-05,-0.03530757464468479,0.03264630325138569,0.27548754644882323,3.70375394821167,0.0011700791318402987,0.07285368799305511,-0.00019578302453737706,-0.011574399657547474,0.011916859447956096,0.2561518442141525,5.2067060470581055,-0.00014318761426178022,0.049857816127684945,4.515563887252938e-05,-0.00543794585391879,0.005660308711230756,0.08772150585251806,5.59765625,-6.905656902890907e-06,0.02066811204941639,2.230315476481337e-05,-0.003375187050551176,0.003379460424184799
F:\Seminario\Seminario-Clustering\datasets\davi\Al Emadi (2019)\Multiclass_Drone_Audio\unknown\1-7057-A-120.wav,Multiclass_Drone_Audio\unknown\1-7057-A-120.wav,al_emadi,1-7057-A-120,1.0216875,0.7826325055131275,8.71392822265625,0.00023748309800127732,0.022217700152545233,7.53783588152146e-05,-0.02695661187171936,0.027786073647439496,0.05717320793868266,6.053819179534912,-0.00018433971491353917,0.0060025603998149065,1.807558282962418e-05,-0.00507830623537302,0.004852748988196254,0.009306603470570258,7.691064834594727,5.049955732221965e-05,0.0017240891321465735,4.470848216442391e-05,-0.0013975242385640741,0.0015357212629169225,0.06837672427418798,3.930370569229126,-6.751379960598647e-05,0.0033164582056603824,2.4403352654189803e-05,-0.001045099296607077,0.0010232016909867525,0.08251095880343162,5.895597457885742,-1.4284591316795207e-05,0.0025809872045169857,3.571601268959057e-06,-0.0009415538108441978,0.0009349129511974756
F:\Seminario\Seminario-Clustering\datasets\davi\Al Emadi (2019)\Multiclass_Drone_Audio\unknown\4-161579-A-404.wav,Multiclass_Drone_Audio\unknown\4-161579-A-404.wav,al_emadi,4-161579-A-404,0.95975,0.8656685637914013,8.29098129272461,-0.01235091156759781,0.25663835176582633,-0.01182228047400713,-0.30586132407188416,0.2881593257188797,0.10116325396042126,8.528456687927246,-0.000995998642769001,0.08782770778184698,-0.0015656686155125499,-0.10242225229740143,0.10726717114448547,0.01904882367850483,9.681163787841797,3.249907409000067e-05,0.02714389571919148,-0.0007086368568707258,-0.03243033550679684,0.03275310136377812,0.012366140511490847,10.442829132080078,-0.00021324210854498592,0.015519187503365103,0.00011821632870123722,-0.018614931777119637,0.01782473642379045,0.00175321805818173,11.56659984588623,-9.066891811342428e-06,0.00413984261348607,-3.3418049270039774e-06,-0.004972686897963285,0.004956771386787295
F:\Seminario\Seminario-Clustering\datasets\davi\Al Emadi (2019)\Multiclass_Drone_Audio\membo_1\extra_membo_D2_2018.wav,Multiclass_Drone_Audio\membo_1\extra_membo_D2_2018.wav,al_emadi,extra_membo_D2,1.0026875,0.9274887265102566,8.909256935119629,0.001327065863949541,0.034523861576304125,0.0015703123062849045,-0.04258172586560249,0.044052112847566605,0.015261651952609251,8.950614929199219,6.032816248277154e-06,0.004431859684544867,-8.666533540235832e-05,-0.005756627768278122,0.005943182483315468,0.021204927848996143,9.883785247802734,3.01234643278929e-05,0.0037191994522425592,3.174626544932835e-05,-0.00478814491070807,0.004829082312062383,0.02049815271234238,10.81627082824707,7.828379418145779e-06,0.002594707760561217,-5.420444495030097e-06,-0.0031952130841091273,0.0032328204950317742,0.015546540975795666,11.719144821166992,-7.210315381844569e-06,0.0016006111477414966,-4.856064606428845e-06,-0.001989744952879846,0.0019435808062553406
F:\Seminario\Seminario-Clustering\datasets\davi\Al Emadi (2019)\Multiclass_Drone_Audio\unknown\4-195305-A-310.wav,Multiclass_Drone_Audio\unknown\4-195305-A-310.wav,al_emadi,4-195305-A-310,1.0216875,0.12560865880679878,4.855963706970215,2.2394250229176023e-05,0.020678508559151532,0.00012542071272036992,-0.004536246275529265,0.00444652452133596,0.05868494600421005,5.578320503234863,0.0005028628356369227,0.014125310117700995,-1.848388637881726e-05,-0.0029446016997098923,0.002883896091952924,0.04009534205478317,5.5124382972717285,0.00012718293355799034,0.008315937667015931,-4.330856086198764e-06,-0.0008879915170837194,0.0008768585743382567,0.070048438506958,6.051061153411865,2.315577875836917e-05,0.007799601653048447,-6.084410415496677e-07,-0.000583910837303847,0.0005659035348799081,0.70556261462725,6.837657451629639,2.0759813448182645e-06,0.017533522390940942,7.056349033973675e-07,-0.0009625417180359362,0.0010433905525133015
F:\Seminario\Seminario-Clustering\datasets\davi\Al Emadi (2019)\Multiclass_Drone_Audio\unknown\4-161105-A-472.wav,Multiclass_Drone_Audio\unknown\4-161105-A-472.wav,al_emadi,4-161105-A-472,0.97525,0.6497857627140153,8.99193000793457,-0.0007421816241464137,0.18054115368202053,0.005393344210460782,-0.23298784047365187,0.23753887861967085,0.2662291948686743,8.887652397155762,0.0003777911140954195,0.11556340001852289,0.0027632603887468576,-0.14642152041196824,0.1493510454893112,0.0704593088791196,9.724441528320312,-0.00027142611558275936,0.042345314865806956,-0.00030334448092617095,-0.052907324582338336,0.052126769721508044,0.01278658461023165,10.48904800415039,7.511386498938834e-05,0.012801022499603968,0.0001274288006243296,-0.014603529684245586,0.015133868064731361,0.0007391489279590899,11.422064781188965,5.103624630304765e-06,0.002180224154799343,1.5575926227029413e-05,-0.0024700681678950787,0.00248900824226439
F:\Seminario\Seminario-Clustering\datasets\davi\Al Emadi (2019)\Multiclass_Drone_Audio\membo_1\mixed_membo_3-membo_000_.wav,Multiclass_Drone_Audio\membo_1\mixed_membo_3-membo_000_.wav,al_emadi,mixed_membo_3-membo_000,1.024,0.0756934152964565,8.885403633117676,0.006778775138450281,0.05799029578647412,0.005376795306801796,-0.06422670930624008,0.08116820454597473,0.07821363055723086,7.752438545227051,-0.0008578319102975699,0.0593429614482632,-0.0017879002261906862,-0.06159209460020065,0.05594991520047188,0.4511989407700263,7.414115905761719,-0.0046073752061222195,0.10139375383934464,-0.0011955350637435913,-0.07902982532978058,0.05718090534210203,0.38413633803465214,8.394563674926758,-8.715232130028694e-05,0.06645484033684944,-0.00010907761316047981,-0.034946569800376893,0.035533750802278524,0.01075767534163421,11.094733238220215,2.801653068968562e-06,0.007877132842811366,1.1842933417938184e-05,-0.008283052127808332,0.008425455540418625
F:\Seminario\Seminario-Clustering\datasets\davi\Al Emadi (2019)\Multiclass_Drone_Audio\unknown\2-110614-B-84.wav,Multiclass_Drone_Audio\unknown\2-110614-B-84.wav,al_emadi,2-110614-B-84,0.95975,0.18507355475997578,8.87592887878418,0.0015742370227005136,0.3436489169411191,0.004374789306893945,-0.424460232257843,0.41105546057224274,0.3380439695226067,8.606657028198242,0.0012253764978717185,0.46444302838879675,-0.0045080287382006645,-0.5991651117801666,0.6448607742786407,0.35723784107601275,8.791309356689453,0.0027351724626312737,0.34001836557747517,0.0011793048470281065,-0.33110909461975097,0.33277134597301483,0.11775493661655677,9.98538589477539,-4.616235136973281e-05,0.13854208284780942,-1.1687644132507558e-05,-0.1336517348885536,0.1388482809066772,0.0018896980248480253,10.704631805419922,3.4980298864423985e-06,0.012432611765929233,-4.817210719920695e-05,-0.011879992764443159,0.012271582987159494
F:\Seminario\Seminario-Clustering\datasets\davi\Al Emadi (2019)\Multiclass_Drone_Audio\membo_1\extra_membo_D2_2049.wav,Multiclass_Drone_Audio\membo_1\extra_membo_D2_2049.wav,al_emadi,extra_membo_D2,1.002625,0.9302693475240853,9.081158638000488,0.00028892375204220906,0.026204034920101326,-8.423635881626979e-05,-0.03567180931568146,0.03486346378922463,0.024653831722705796,8.999267578125,-3.4419410989785647e-06,0.0042661125403486095,-0.00011623015598161146,-0.005557737313210964,0.005619707051664592,0.015096006082742872,10.004621505737305,-3.059483660124924e-05,0.002376538873332752,-1.764874923537718e-05,-0.0032158390153199435,0.003098010085523129,0.0190957355008181,10.927623748779297,2.2820368360701844e-06,0.0018967300374768726,2.2607268874708097e-05,-0.0024513650219887494,0.0024184365523979073,0.010885079169647954,11.911046981811523,-5.159320528679136e-07,0.001014426800000361,1.4222499885363504e-05,-0.0013304580003023147,0.001280909520573915
F:\Seminario\Seminario-Clustering\datasets\davi\Al Emadi (2019)\Multiclass_Drone_Audio\bebop_1\B_S2_D1_079-bebop_003_.wav,Multiclass_Drone_Audio\bebop_1\B_S2_D1_079-bebop_003_.wav,al_emadi,B_S2_D1_079-bebop_003,1.024,0.9393156522393333,8.731253623962402,0.011531211262777959,0.8436179845367086,0.030791617929935455,-1.0489369630813599,1.0335289239883423,0.008974380234196657,8.248964309692383,0.002746419704178717,0.08242176102364901,-0.00013990617298986763,-0.09333480149507523,0.09317941963672638,0.014407280250783281,9.938754081726074,-0.0007812520121473004,0.07439596494668617,-0.000453881366411224,-0.09418623745441436,0.0934235081076622,0.02182139005207447,10.948800086975098,0.0012080564481178288,0.06496174215273523,0.0012139383470639586,-0.08044032156467437,0.08315855860710146,0.01548129722361229,11.923925399780273,-0.00015590902282535088,0.038762910594315095,4.320065818319563e-05,-0.048978473991155624,0.049792226403951645
F:\Seminario\Seminario-Clustering\datasets\davi\Al Emadi (2019)\Multiclass_Drone_Audio\membo_1\extra_membo_D2_2044.wav,Multiclass_Drone_Audio\membo_1\extra_membo_D2_2044.wav,al_emadi,extra_membo_D2,1.002625,0.9336381229648596,8.974017143249512,-0.00023111158263004826,0.027157497824806247,0.0006884602480567992,-0.03321557343006133,0.03455433323979379,0.02981571670361422,9.022439956665039,-1.875266450888402e-05,0.004853282686609751,-4.624661960406229e-05,-0.006092768069356679,0.006401702109724284,0.012433384856165932,9.92312240600586,3.2534720893274624e-05,0.0022311273584401763,4.084584907104727e-05,-0.0028562699444592,0.0028245792491361508,0.015194149689545506,10.912145614624023,-2.2147498081306058e-05,0.001750116861293524,-1.2753013834299054e-05,-0.002259083674289286,0.002207491965964437,0.008918625785814696,11.901498794555664,-3.1101323367610554e-06,0.0009498993539240676,-6.749376552761532e-06,-0.0012218703282997011,0.0012129226233810186
F:\Seminario\Seminario-Clustering\datasets\davi\Al Emadi (2019)\Multiclass_Drone_Audio\unknown\4-172500-B-273.wav,Multiclass_Drone_Audio\unknown\4-172500-B-273.wav,al_emadi,4-172500-B-273,1.0216875,0.597032073732038,8.895261764526367,-0.0009026525137574548,0.045960840573238446,-0.0022153282770887017,-0.05640535764396191,0.055099318549037,0.04574602097630254,7.724305152893066,0.00057640335160831,0.012711695682574575,-0.00016188962035812438,-0.011299200542271137,0.012233101390302188,0.24012159244579995,8.849004745483398,-3.930605104792901e-05,0.02075358148239089,0.0002115735042025335,-0.020180428773164748,0.019288361072540283,0.09630311893142952,9.690820693969727,1.5670118271421033e-06,0.009325206270032306,4.0194216126110405e-05,-0.008856068644672631,0.00923197288066149,0.020797193914429985,11.118824005126953,-3.121228187931956e-05,0.003069336423612699,-6.391373290171032e-06,-0.003212115098722279,0.003201863099820912
F:\Seminario\Seminario-Clustering\datasets\davi\Al Emadi (2019)\Multiclass_Drone_Audio\bebop_1\mixed_38-bebop_002_.wav,Multiclass_Drone_Audio\bebop_1\mixed_38-bebop_002_.wav,al_emadi,mixed_38-bebop_002,1.024,0.5672812054169138,8.479400634765625,0.003603356307846863,0.13301052165303928,0.0012529754312708974,-0.14169959723949432,0.1547410488128662,0.029154577914339442,8.9181547164917,-0.00024131692120322911,0.0301637686670183,-3.147544703097083e-05,-0.03785904124379158,0.038143087178468704,0.09134349152862692,9.929848670959473,0.0001685642104444161,0.03801739375070696,-0.00016181946557480842,-0.048009818047285074,0.04863296151161193,0.19136329711767425,10.938602447509766,0.0010664796827529856,0.039032314302161336,0.0005087053868919611,-0.04924298152327537,0.05136935487389564,0.12085742802244556,11.8827543258667,-8.693718528263602e-06,0.02197952792049819,0.00018004766752710566,-0.027713573537766933,0.027682483196258545
F:\Seminario\Seminario-Clustering\datasets\davi\Al Emadi (2019)\Multiclass_Drone_Audio\bebop_1\B_S2_D1_081-bebop_003_.wav,Multiclass_Drone_Audio\bebop_1\B_S2_D1_081-bebop_003_.wav,al_emadi,B_S2_D1_081-bebop_003,1.024,0.6645745924710464,8.400375366210938,0.007187828297645286,0.3148632955687747,0.0009211611468344927,-0.3382076025009155,0.3500136137008667,0.015797434786286882,8.921428680419922,0.0012159027239152633,0.0485423054343671,0.002438729163259268,-0.05988014116883278,0.06215939670801163,0.08014002044692285,9.931760787963867,-0.002769605682215839,0.07782424320834888,-0.0018433525692671537,-0.0991179347038269,0.09769047051668167,0.14590592833289814,10.948740005493164,-0.0006658057448155485,0.0745578498983599,-0.001625286997295916,-0.09588630497455597,0.09350431710481644,0.09358202396284565,11.944841384887695,0.00019554108344295735,0.0422951418250397,0.0007734804239589721,-0.05415467359125614,0.05408325977623463
F:\Seminario\Seminario-Clustering\datasets\davi\Al Emadi (2019)\Multiclass_Drone_Audio\unknown\5-203739-A-103.wav,Multiclass_Drone_Audio\unknown\5-203739-A-103.wav,al_emadi,5-203739-A-103,1.0216875,0.2552127937030803,8.992961883544922,-0.0006577801385075512,0.12612080467336576,0.00282267271541059,-0.16599756479263306,0.1587171316146851,0.12223064591436132,8.2618408203125,-0.00037710652995467155,0.08728255135851945,-0.0031356695108115673,-0.09982810989022255,0.10252195224165918,0.13312679831760374,9.568008422851562,0.0010260295080309122,0.06483733808704906,0.0015746724675409496,-0.07526677474379538,0.07781142219901084,0.22876558158670526,10.639209747314453,-0.0004651459105592906,0.06030999120262214,-0.0008407348359469324,-0.07139939442276955,0.0711619220674038,0.2606641804782493,11.32033920288086,3.765099464710345e-05,0.045600927148864684,0.00022322310542222112,-0.051407743245363235,0.051693560928106314
F:\Seminario\Seminario-Clustering\datasets\davi\Al Emadi (2019)\Multiclass_Drone_Audio\bebop_1\mixed_28-bebop_000_.wav,Multiclass_Drone_Audio\bebop_1\mixed_28-bebop_000_.wav,al_emadi,mixed_28-bebop_000,1.024,0.870310511391249,9.224531173706055,-0.0025191689126674694,0.3320500753154602,0.00340543151833117,-0.4449792504310608,0.42468148469924927,0.026085998888745274,9.018426895141602,-0.00015558612607774358,0.05748851585097163,-0.0012460368452593684,-0.075058214366436,0.07362691313028336,0.029182232532504602,9.964258193969727,0.00028494621508055233,0.04329428039541619,0.0007773774559609592,-0.05589329525828361,0.05501845628023147,0.046699266279524004,10.94859504699707,0.000306424061363389,0.038862560513708545,0.00036859113606624305,-0.04891646429896355,0.04985730648040772,0.027721990907977074,11.918869018554688,-2.4061712958937987e-05,0.021209307556672125,-0.0001473792945034802,-0.026903734542429447,0.027042402885854244
F:\Seminario\Seminario-Clustering\datasets\davi\Al Emadi (2019)\Multiclass_Drone_Audio\membo_1\mixed_membo_15-membo_003_.wav,Multiclass_Drone_Audio\membo_1\mixed_membo_15-membo_003_.wav,al_emadi,mixed_membo_15-membo_003,1.024,0.9676358690825243,9.129034042358398,0.0036960346692791793,0.27573771046353635,0.012245969846844673,-0.36535876989364624,0.3614037334918976,0.012909290214181865,8.857571601867676,0.0005679403093987304,0.03184647113885323,0.0005180870648473501,-0.03775154799222946,0.038478024303913116,0.005035234179465306,9.948972702026367,-0.0001620615623417718,0.014163229708750525,-0.00038665771717205644,-0.018122741580009462,0.018209635093808175,0.005928048272142676,10.886556625366211,-3.0304228874426508e-05,0.01090546757244785,-8.83542888914235e-05,-0.013531967438757418,0.013840380311012267,0.008491558251685807,11.87987995147705,9.986414615805385e-06,0.009245028129918205,3.044368258997565e-05,-0.011830844450742006,0.011537169571965933
F:\Seminario\Seminario-Clustering\datasets\davi\Al Emadi (2019)\Multiclass_Drone_Audio\unknown\4-192068-A-311.wav,Multiclass_Drone_Audio\unknown\4-192068-A-311.wav,al_emadi,4-192068-A-311,1.0216875,0.028257968533377864,7.595073223114014,-0.00010709759051773948,0.01086565386237997,2.5010789613588713e-05,-0.009879760351032019,0.009336959756910802,0.008019159049520056,5.910665988922119,5.4151467907185596e-05,0.005788311697140593,4.890774079058247e-07,-0.0018684341572225093,0.002040846692398191,0.0007715712447983423,6.8244524002075195,1.4292518979480492e-06,0.0012782023507068583,-1.7252854718208255e-06,-0.0006167951156385242,0.0005853929615113883,0.24177386428222597,5.591796875,-0.0003684809719408926,0.01604952388584946,1.0650866443029372e-05,-0.0020985375391319393,0.0018849373445846145,0.7211774368900777,6.063141822814941,5.687749549266073e-05,0.019638913306082955,4.660177410187316e-06,-0.0018613983411341906,0.001972659444436431
F:\Seminario\Seminario-Clustering\datasets\davi\Al Emadi (2019)\Multiclass_Drone_Audio\unknown\5-188796-A-454.wav,Multiclass_Drone_Audio\unknown\5-188796-A-454.wav,al_emadi,5-188796-A-454,0.95975,0.4814615654514565,8.80302619934082,0.004233102284959656,0.5392736487354075,0.022345713339746,-0.6878701448440552,0.6559818685054779,0.3905584383117361,8.382856369018555,0.007070737930481572,0.48566720916886685,0.01069206465035677,-0.5726245045661926,0.5489693582057953,0.10828566909669725,8.79188346862793,-0.0008765121037811942,0.1821430370952982,0.0023185061290860176,-0.18437984585762024,0.1817941203713417,0.017870760339826923,9.284408569335938,0.00017694729778757796,0.05251164613263239,0.0002209933300036937,-0.04670136608183384,0.04768719337880611,0.0018235668002832485,9.957820892333984,-9.608337425287489e-07,0.011882872390833682,6.744110578438267e-05,-0.010166424512863158,0.010039893724024297
F:\Seminario\Seminario-Clustering\datasets\davi\Al Emadi (2019)\Multiclass_Drone_Audio\membo_1\mixed_membo_66-membo_003_.wav,Multiclass_Drone_Audio\membo_1\mixed_membo_66-membo_003_.wav,al_emadi,mixed_membo_66-membo_003,1.024,0.2749476227100505,8.816722869873047,0.003658705114628003,0.12715054224013603,-0.001003457116894424,-0.1428513526916504,0.16646112501621246,0.2825765523318526,9.302292823791504,7.607602539228209e-05,0.12895582053747104,-0.0027867136523127556,-0.16438333690166473,0.1772700697183609,0.045417306347422325,9.939486503601074,-0.00010140718352452416,0.03681151508855682,0.0007455977611243725,-0.04825128018856049,0.04605051875114441,0.07298945804829776,10.987873077392578,0.00019638756553707473,0.03311359220914547,-0.0002897022059187293,-0.042099791765213015,0.04302229583263398,0.32406906056237683,12.227773666381836,1.6851275046027744e-05,0.049422794912908886,-4.6655737605760805e-05,-0.06559935957193375,0.06519647687673569
F:\Seminario\Seminario-Clustering\datasets\davi\Al Emadi (2019)\Multiclass_Drone_Audio\membo_1\Membo_1_044-membo_001_.wav,Multiclass_Drone_Audio\membo_1\Membo_1_044-membo_001_.wav,al_emadi,Membo_1_044-membo_001,1.024,0.4223090973376812,9.331193923950195,0.000225250308693814,0.06622807667266525,-0.003826920408755541,-0.08360044658184052,0.0885983482003212,0.07589492784946861,9.04766845703125,-5.633265061089668e-05,0.028075979927123774,0.0006528077647089958,-0.03605640307068825,0.03615222126245499,0.12813522273631978,9.86337661743164,0.0002658430417037767,0.025974228578016467,0.00035932689206674695,-0.03250523209571839,0.03327517807483673,0.19743537132652295,10.83979320526123,0.00021927124964227402,0.022878780734369407,-1.0811859283421654e-05,-0.02821526750922203,0.02907533459365368,0.17622538075000752,11.858481407165527,-4.009180872502856e-06,0.015310847673435242,-4.5850307287764736e-05,-0.01917590480297804,0.019091058522462845
F:\Seminario\Seminario-Clustering\datasets\davi\Al Emadi (2019)\Multiclass_Drone_Audio\unknown\2-103427-A-33.wav,Multiclass_Drone_Audio\unknown\2-103427-A-33.wav,al_emadi,2-103427-A-33,1.0216875,0.0,-0.0,0.0,0.0,0.0,0.0,0.0,0.0,-0.0,0.0,0.0,0.0,0.0,0.0,0.0,-0.0,0.0,0.0,0.0,0.0,0.0,0.0,-0.0,0.0,0.0,0.0,0.0,0.0,0.0,-0.0,0.0,0.0,0.0,0.0,0.0
F:\Seminario\Seminario-Clustering\datasets\davi\Al Emadi (2019)\Multiclass_Drone_Audio\unknown\5-207836-C-294.wav,Multiclass_Drone_Audio\unknown\5-207836-C-294.wav,al_emadi,5-207836-C-294,0.95975,0.2810116147144482,5.691861152648926,-0.0008441239108042116,0.11859758563454544,-0.001584596699103713,-0.05045608803629875,0.04902882128953934,0.3118097517450399,5.566504001617432,0.0002429350382055573,0.1249305793845473,0.0001798009470803663,-0.04787670075893402,0.047020548954606056,0.09422166779916945,6.725310325622559,-0.00031923326514796504,0.04890814368263766,-0.0002993253292515874,-0.02745773196220398,0.03091394156217575,0.14368483095107443,7.244896411895752,-0.0005307114212434612,0.042858964224952806,-0.00010182747064391151,-0.019438214041292666,0.01881788596510887,0.16927213479026804,7.2887282371521,-0.00011815091322941861,0.032955923722714824,5.373634394345572e-06,-0.01048201536759734,0.01027998887002469
F:\Seminario\Seminario-Clustering\datasets\davi\Al Emadi (2019)\Multiclass_Drone_Audio\bebop_1\B_S2_D1_109-bebop_002_.wav,Multiclass_Drone_Audio\bebop_1\B_S2_D1_109-bebop_002_.wav,al_emadi,B_S2_D1_109-bebop_002,1.024,0.1252460712172954,8.928337097167969,0.004441523976197783,0.08466674566877792,0.005017642863094807,-0.10075967013835907,0.11378417909145355,0.055472298771783154,8.973381042480469,-0.00023377753585011217,0.05642374858588784,-0.0007827194640412927,-0.07306765019893646,0.07214054465293884,0.19876987128649978,9.901982307434082,-0.00040365405002691955,0.076049866332765,0.0004811189428437501,-0.09869839549064637,0.09541566967964171,0.3769115016903881,10.972063064575195,0.0011688922334601314,0.07430267656707433,0.0020381652284413576,-0.09484183043241501,0.09775340557098389,0.24360025703403354,11.961874961853027,0.00025844721492322513,0.042314961686516536,0.0004958138451911509,-0.053990790620446205,0.05443616770207882
F:\Seminario\Seminario-Clustering\datasets\davi\Al Emadi (2019)\Multiclass_Drone_Audio\unknown\silence087.wav,Multiclass_Drone_Audio\unknown\silence087.wav,al_emadi,silence087,0.743,0.0,-0.0,0.0,0.0,0.0,0.0,0.0,0.0,-0.0,0.0,0.0,0.0,0.0,0.0,0.0,-0.0,0.0,0.0,0.0,0.0,0.0,0.0,-0.0,0.0,0.0,0.0,0.0,0.0,0.0,-0.0,0.0,0.0,0.0,0.0,0.0
F:\Seminario\Seminario-Clustering\datasets\davi\Al Emadi (2019)\Multiclass_Drone_Audio\bebop_1\mixed_9-bebop_001_.wav,Multiclass_Drone_Audio\bebop_1\mixed_9-bebop_001_.wav,al_emadi,mixed_9-bebop_001,1.024,0.36512390311560344,8.523908615112305,-0.004200159508318904,0.2165148123192356,-0.004908442497253418,-0.2599641680717468,0.24662059545516968,0.2819016296882056,8.451000213623047,0.013971745298610155,0.18976847539845748,0.00270194374024868,-0.20570814609527588,0.2622424066066742,0.22893262039234974,9.559649467468262,-0.00032057497063731424,0.1220965062528944,0.004485894925892353,-0.14765702486038207,0.15021967291831964,0.09250969040472756,10.690454483032227,-0.0007252793799468433,0.055070125253436575,-0.0008956831297837198,-0.06769996732473374,0.0660061374306679,0.03153215639911368,11.910974502563477,4.6281316861736454e-05,0.02277512276224543,-0.0001016381684166845,-0.0288372952491045,0.029002892784774303
F:\Seminario\Seminario-Clustering\datasets\davi\Al Emadi (2019)\Multiclass_Drone_Audio\unknown\5-210571-A-383.wav,Multiclass_Drone_Audio\unknown\5-210571-A-383.wav,al_emadi,5-210571-A-383,1.0216875,0.15509115036436877,5.631583213806152,1.4443776127142315e-05,0.006706820249436646,-4.207957499602344e-05,-0.00038501148810610175,7.273405435626065e-06,0.5561943778118943,4.106813430786133,-1.8217106722277512e-05,0.012700973901882705,2.1188400367577742e-08,-1.949064517248189e-05,2.323915250599388e-05,0.17405954393381337,4.982113361358643,0.00031441726586786835,0.00504821379444239,7.474637131466011e-09,-1.849495238275267e-05,1.9733197223104068e-05,0.11378425603136533,5.97836446762085,4.74360386335633e-07,0.0029015539786616407,1.7486937462299346e-12,-2.0674383813457097e-05,2.110232435370563e-05,0.0008706718585582433,8.189723014831543,-2.199023186083715e-07,0.00017978060315641052,0.0,-2.171558007830754e-05,2.3387602959701335e-05
F:\Seminario\Seminario-Clustering\datasets\davi\Al Emadi (2019)\Multiclass_Drone_Audio\bebop_1\B_S2_D1_079-bebop_000_.wav,Multiclass_Drone_Audio\bebop_1\B_S2_D1_079-bebop_000_.wav,al_emadi,B_S2_D1_079-bebop_000,1.024,0.7625561112105665,8.512807846069336,0.007718148483335617,0.5154080086114083,0.01622922159731388,-0.6072211861610413,0.5879039764404297,0.0162802421258745,8.946525573730469,-0.0008594134918189865,0.075312330086774,-0.001429359894245863,-0.09780441224575043,0.09421718120574951,0.044837918888543764,9.929498672485352,0.00012918380602527755,0.08899957101424728,-0.00042303954251110554,-0.1115108013153076,0.11386510729789731,0.10763415953797308,10.824921607971191,-0.0012007958455800144,0.09784017605129494,-0.0014085050206631422,-0.12321136742830277,0.12098668664693836,0.06869156823704209,11.885126113891602,-3.9357998553116505e-05,0.05536701886363685,0.0005641108436975628,-0.06921584904193878,0.06874559447169304
F:\Seminario\Seminario-Clustering\datasets\davi\Al Emadi (2019)\Multiclass_Drone_Audio\unknown\1-60997-B-204.wav,Multiclass_Drone_Audio\unknown\1-60997-B-204.wav,al_emadi,1-60997-B-204,0.95975,0.001196216074767747,8.134082794189453,-2.215724824826688e-05,0.01452457800029601,-5.856222924194299e-05,-0.01716183591634035,0.016935857012867928,0.011521047382990954,8.30351734161377,-0.0038587282245410685,0.04491051475686854,-0.00047567310684826225,-0.061445798724889755,0.046020517125725746,0.615119729352565,8.598733901977539,-0.0002307630486252829,0.23456821415068374,5.308421350491699e-05,-0.23332279920578,0.22848524004220974,0.26858528312824165,9.195415496826172,0.0007668426383815047,0.10999541693526363,-1.0781783203128725e-05,-0.09082848131656644,0.08325004056096076,0.10357772406143466,10.039196014404297,-1.409818644288286e-05,0.04838950956846449,8.56133723914354e-07,-0.03955064676702023,0.04055685102939608
F:\Seminario\Seminario-Clustering\datasets\davi\Al Emadi (2019)\Multiclass_Drone_Audio\membo_1\Membo_0_016-membo_000_.wav,Multiclass_Drone_Audio\membo_1\Membo_0_016-membo_000_.wav,al_emadi,Membo_0_016-membo_000,1.024,0.604695613031723,7.333952903747559,0.0018639041752389768,0.13733950402043343,0.0020838535856455564,-0.10509596765041351,0.11248248815536499,0.0244897731997282,9.000585556030273,-2.7898649189987405e-05,0.027641350841009733,-0.00029064572299830616,-0.03572612628340721,0.03598644584417343,0.09825070960714109,10.041760444641113,0.00019950459434704077,0.039421313367843325,0.0002739787450991571,-0.05054743513464927,0.05226341485977173,0.14107968334759866,10.829240798950195,0.00036406178593989183,0.03351850337113857,0.000831968616694212,-0.041664233058691026,0.04235629737377167,0.13148422081380903,11.812954902648926,3.017168891488378e-06,0.022921312235402794,-0.0006181442004162818,-0.028034943155944347,0.029170901514589787
F:\Seminario\Seminario-Clustering\datasets\davi\Al Emadi (2019)\Multiclass_Drone_Audio\unknown\4-182034-A-304.wav,Multiclass_Drone_Audio\unknown\4-182034-A-304.wav,al_emadi,4-182034-A-304,0.95975,0.8185777697270594,8.030131340026855,-0.001336207840448288,0.0038183279116189715,0.0,-0.007144164759665728,0.0021901914151385427,0.016144250518513037,7.8456268310546875,1.4414099535980096e-06,0.0005681154957801897,0.0,-0.0006879669963382185,0.0006929994851816446,0.027006159059422854,8.808539390563965,5.482444667295075e-06,0.0005232713500293769,0.0,-0.0006072222371585667,0.0006269236619118601,0.051976316714127634,9.84449577331543,-8.50718725479134e-06,0.0005151306766145504,0.0,-0.0006114781892392784,0.0005974768602754919,0.08629550398087708,10.824779510498047,3.677651671463333e-08,0.0004702642656734668,0.0,-0.0005565166240558029,0.0005513926211278888
F:\Seminario\Seminario-Clustering\datasets\davi\Al Emadi (2019)\Multiclass_Drone_Audio\membo_1\extra_membo_D2_2011.wav,Multiclass_Drone_Audio\membo_1\extra_membo_D2_2011.wav,al_emadi,extra_membo_D2,1.0026875,0.9156897232421024,9.046563148498535,-7.585810713956574e-05,0.032763189492046305,0.0019521176582202315,-0.04292469099164009,0.042569901794195175,0.025654701668172873,8.997502326965332,9.142449382648297e-05,0.005483228042023411,0.00014842001837678254,-0.007007079757750034,0.007015609554946424,0.026603531596230086,9.819395065307617,-4.035884634495367e-06,0.003975962344586446,-6.79401600791607e-05,-0.0048228826373815535,0.004972382308915258,0.01684991249524623,10.9528226852417,1.2838874475527289e-05,0.0022451860105334124,-1.6494241208420135e-05,-0.00284462901763618,0.0029758324148133402,0.01520213099824838,11.926942825317383,-3.298194306956963e-07,0.0015106126500385774,1.3459283763950225e-05,-0.0019485711236484349,0.0019299857667647302
F:\Seminario\Seminario-Clustering\datasets\davi\Al Emadi (2019)\Multiclass_Drone_Audio\bebop_1\B_S2_D1_108-bebop_003_.wav,Multiclass_Drone_Audio\bebop_1\B_S2_D1_108-bebop_003_.wav,al_emadi,B_S2_D1_108-bebop_003,1.024,0.18751349139334145,9.002748489379883,0.0017845655910285955,0.0945738545835621,0.005202887579798698,-0.12232041358947754,0.1243957132101059,0.06607661992765863,9.03473949432373,0.0006063017530691766,0.05614753947697521,-0.0005796842160634696,-0.06745436787605286,0.0731877014040947,0.20658985151132106,9.988457679748535,0.0009444107155866656,0.07068863231783296,0.0010041083442047238,-0.08775259405374528,0.08909165561199188,0.31266609909375725,10.96106243133545,-0.0003563767140236231,0.06171293657021905,-0.0016615847125649452,-0.07837777882814408,0.0793333500623703,0.2271539380739216,11.921272277832031,-0.00012138444560586025,0.037258516801689345,-5.179214167583268e-05,-0.04796621948480606,0.04729151725769043
F:\Seminario\Seminario-Clustering\datasets\davi\Al Emadi (2019)\Multiclass_Drone_Audio\bebop_1\B_S2_D1_081-bebop_000_.wav,Multiclass_Drone_Audio\bebop_1\B_S2_D1_081-bebop_000_.wav,al_emadi,B_S2_D1_081-bebop_000,1.024,0.693079078036873,8.480566024780273,0.0033008723354866934,0.3105668244418659,0.01690712943673134,-0.3670728802680969,0.35779500007629395,0.016321140465911686,8.988184928894043,0.0007135201618814735,0.047655690474004524,9.199621854349971e-05,-0.06031179428100586,0.06131358444690704,0.06400657671231422,9.958932876586914,0.00764695208623828,0.06676862278189544,0.008208611980080605,-0.08001093864440918,0.09299649745225906,0.13082780844041023,10.936128616333008,0.0009392262409618385,0.06817229925943713,0.0007758535211905837,-0.08548918068408966,0.08708469420671465,0.09576539634449091,11.944567680358887,9.364928817668207e-05,0.04131682871090149,-0.0008097619283944368,-0.052990641444921494,0.0533246211707592
F:\Seminario\Seminario-Clustering\datasets\davi\Al Emadi (2019)\Multiclass_Drone_Audio\unknown\5-117122-A-421.wav,Multiclass_Drone_Audio\unknown\5-117122-A-421.wav,al_emadi,5-117122-A-421,1.0216875,0.5416932724989891,9.012428283691406,0.006799133810639481,0.5761380494399561,0.01660045236349106,-0.7478568613529205,0.7394807875156408,0.401665060467239,8.816258430480957,-0.00407724647350851,0.4961322303973129,-0.0044850625563412905,-0.6253775537014008,0.6313526272773744,0.05278634335664413,9.823814392089844,-0.0028888721585671206,0.12800757322625553,-0.004060807637870312,-0.16564102470874786,0.1550798654556274,0.0037724477626934296,10.7311429977417,5.9362803410393175e-06,0.02428606214265434,0.0003255608171457425,-0.028411482274532315,0.02868875786662104,8.287591443430556e-05,11.432769775390625,-1.5193295287694208e-07,0.002549681626523209,-1.9083708139078226e-05,-0.0029608977492898703,0.0029911917634308344
F:\Seminario\Seminario-Clustering\datasets\davi\Al Emadi (2019)\Multiclass_Drone_Audio\membo_1\mixed_membo_52-membo_000_.wav,Multiclass_Drone_Audio\membo_1\mixed_membo_52-membo_000_.wav,al_emadi,mixed_membo_52-membo_000,1.024,0.9181233147278428,8.697793960571289,-0.003381900293024817,0.16773437369798536,-0.005900800693780184,-0.20200367271900177,0.18739189207553864,0.04928464412218276,8.633123397827148,0.0004437174356246671,0.03886756214029434,0.00028797585400752723,-0.04697800427675247,0.04590432345867157,0.01243664357064888,9.675222396850586,-0.0003431733026413699,0.013898910395438866,-0.0003802159917540848,-0.01729074977338314,0.016121306642889976,0.00797071128950495,10.908811569213867,-5.7419858462953576e-05,0.007897830121971292,-0.00013003544881939888,-0.010147643648087977,0.010151661187410356,0.012184686289820619,11.923935890197754,4.732095819219615e-06,0.00691675633029547,-0.00011742758943000808,-0.008681999053806067,0.008903838694095612
F:\Seminario\Seminario-Clustering\datasets\davi\Al Emadi (2019)\Multiclass_Drone_Audio\bebop_1\mixed_0-bebop_003_.wav,Multiclass_Drone_Audio\bebop_1\mixed_0-bebop_003_.wav,al_emadi,mixed_0-bebop_003,1.024,0.7384624694168787,8.986150741577148,-0.00498882910101803,0.1820139275598713,-0.0002750639687292278,-0.2372448742389679,0.227389395236969,0.022516156713507565,8.887271881103516,0.0007339703393348728,0.0317859252437008,0.0006526035722345114,-0.03908316791057587,0.040302205830812454,0.07048388034105692,9.893220901489258,-0.00010874595776580848,0.04005423866992449,-0.000335247372277081,-0.050248874723911284,0.04997283145785331,0.09907064186309693,10.913018226623535,-0.0003938425876786086,0.033694360924184145,-0.0005958321271464229,-0.043221235275268555,0.04238790273666382,0.06946685166545993,11.954414367675781,1.3366910145323642e-05,0.01998608795758008,0.00018843619182007387,-0.02588033117353916,0.025442028418183327
F:\Seminario\Seminario-Clustering\datasets\davi\Al Emadi (2019)\Multiclass_Drone_Audio\membo_1\mixed_membo_40-membo_001_.wav,Multiclass_Drone_Audio\membo_1\mixed_membo_40-membo_001_.wav,al_emadi,mixed_membo_40-membo_001,1.024,0.5720141074674392,8.806912422180176,0.008067006345102585,0.40253487183882963,0.008630777709186077,-0.5126570463180542,0.5036728382110596,0.07242421772218977,8.683053016662598,0.003305738099022072,0.14322326939058894,0.0008713254355825484,-0.16636952757835388,0.18460585176944733,0.07449036598725968,9.808780670166016,-0.0018911954816896426,0.10343476011552175,-0.001984252128750086,-0.13144033849239348,0.1279874205589294,0.12312200265035501,10.81274127960205,0.0019422259583867106,0.09435699833451096,0.0012084540212526917,-0.11779718399047852,0.11954132914543152,0.15794930617275635,11.73911190032959,-4.9366239122429704e-05,0.07571496241986214,0.00015311357856262475,-0.09209785237908363,0.0939367450773716
F:\Seminario\Seminario-Clustering\datasets\davi\Al Emadi (2019)\Multiclass_Drone_Audio\bebop_1\B_S2_D1_102-bebop_003_.wav,Multiclass_Drone_Audio\bebop_1\B_S2_D1_102-bebop_003_.wav,al_emadi,B_S2_D1_102-bebop_003,1.024,0.8988875501654291,8.226005554199219,-0.008691668419252164,0.6500260952732216,0.0075486525893211365,-0.6765981912612915,0.7152413129806519,0.006614228346592346,8.756753921508789,0.0003550743519755718,0.05576320256101353,-0.000436327449278906,-0.06782398372888565,0.0658687949180603,0.021859058733194468,9.896016120910645,0.0018401854087034192,0.07215944582281443,0.0014577634865418077,-0.09097403585910797,0.09327959418296813,0.04366364436643015,10.903806686401367,-0.0009752229793513988,0.07238497451343934,-0.0008351174765266478,-0.0912773698568344,0.08948612809181215,0.02897551838835397,11.896905899047852,1.6014545138852478e-05,0.04177034760776675,-0.0003339106769999489,-0.05319532752037048,0.05229397490620613
F:\Seminario\Seminario-Clustering\datasets\davi\Al Emadi (2019)\Multiclass_Drone_Audio\membo_1\Membo_2_010-membo_004_.wav,Multiclass_Drone_Audio\membo_1\Membo_2_010-membo_004_.wav,al_emadi,Membo_2_010-membo_004,0.896,0.5449344117611242,8.723197937011719,-0.0018185848486121014,0.09260844510425022,-0.005216365680098534,-0.1135238543152809,0.11652423888444902,0.03360069424122977,8.821511268615723,-2.2903019499930704e-06,0.023000449276056566,0.0005031002219766378,-0.029557785391807555,0.028901860862970363,0.10247321264254472,9.80461311340332,1.6088963580635437e-05,0.028627979060782235,-0.00024444563314318657,-0.03709577694535255,0.03802251145243645,0.12546545801778528,10.752549171447754,0.00029508014171844023,0.022487186452508023,3.607230610214174e-05,-0.02830163165926933,0.029064238443970675,0.193526223337316,11.686690330505371,7.74256030270787e-06,0.01978837932193088,8.32350633572787e-05,-0.02497217580676079,0.024916117824614056
F:\Seminario\Seminario-Clustering\datasets\davi\Al Emadi (2019)\Multiclass_Drone_Audio\bebop_1\B_S2_D1_116-bebop_004_.wav,Multiclass_Drone_Audio\bebop_1\B_S2_D1_116-bebop_004_.wav,al_emadi,B_S2_D1_116-bebop_004,0.896,0.8454352937970708,8.22221565246582,0.005781542061317767,0.4430600489072621,0.0186294112354517,-0.5087762951850892,0.47185148596763615,0.01085309756989884,8.544198036193848,-0.00013542947980945384,0.05020357605315485,-0.0003947974764741957,-0.06092836409807205,0.06023028492927552,0.03208780791508921,9.786578178405762,-0.0003536371289933327,0.061524150061853,0.001035086577758193,-0.07633996903896331,0.07990337163209915,0.06666062772525755,10.730621337890625,-9.10166524118973e-05,0.06295668390332167,-0.00019545841496437788,-0.07927655130624771,0.08126619756221772,0.04496317299268359,11.748847961425781,0.0002375038506712451,0.036631681077806774,0.0001529275396023877,-0.045907287299633025,0.047369004413485585
F:\Seminario\Seminario-Clustering\datasets\davi\Al Emadi (2019)\Multiclass_Drone_Audio\unknown\2-99796-A-323.wav,Multiclass_Drone_Audio\unknown\2-99796-A-323.wav,al_emadi,2-99796-A-323,1.0216875,0.06284150497497118,6.640716552734375,-0.00029057627323566984,0.01041171317578841,-0.00046397338155657053,-0.0073945477139204735,0.00832555964589119,0.05722764321865548,4.20466947555542,0.0003175005767793785,0.009934573559472172,4.571358658722602e-05,-0.004054870828986168,0.003833970637060709,0.1656948760636867,3.7494146823883057,-0.0004826725622189604,0.01203036039483364,-2.9316552172531374e-05,-0.003572906507179141,0.0031111510470509525,0.39354995666295517,4.893131256103516,0.00019726912580651665,0.013163899593888046,2.491650593583472e-05,-0.002157608116976916,0.0027387112844735394,0.3206860190797315,7.7099809646606445,3.715048407096991e-05,0.00841774007246269,1.0373239092587028e-05,-0.002323313895612955,0.0024895634967833763
F:\Seminario\Seminario-Clustering\datasets\davi\Al Emadi (2019)\Multiclass_Drone_Audio\unknown\1-19898-B-414.wav,Multiclass_Drone_Audio\unknown\1-19898-B-414.wav,al_emadi,1-19898-B-414,0.95975,0.4174709780088153,7.572592258453369,0.003268178363354453,0.19171174933448684,0.0009373398206662387,-0.14482171833515167,0.18273943662643433,0.2692680818498642,7.817753314971924,-0.00143302097149543,0.15398283843912167,-0.003280110191553831,-0.1579596996307373,0.14305748045444489,0.18662308359228147,9.384456634521484,0.001565144414793387,0.09128678279454118,0.0013003271888010204,-0.10254610404372215,0.10655312761664393,0.0709122078389588,10.565455436706543,-5.793495940824256e-05,0.039939586007343354,0.0002438326773699373,-0.04797107167541981,0.047645458951592445,0.05572564871008021,11.391410827636719,-5.2480435024491824e-05,0.025080958913053404,-0.00010088981071021408,-0.028972681611776352,0.029218659922480617
F:\Seminario\Seminario-Clustering\datasets\davi\Al Emadi (2019)\Multiclass_Drone_Audio\unknown\4-253649-A-61.wav,Multiclass_Drone_Audio\unknown\4-253649-A-61.wav,al_emadi,4-253649-A-61,1.0216875,0.16921912122716046,6.117272853851318,-0.0001691539891827496,0.020335339882745652,-7.026407911325805e-05,-0.004374682903289795,0.0042099467944353855,0.7616708026250346,5.755918502807617,-9.604614516949831e-06,0.04314449371362628,2.715236817607547e-07,-0.003037072718143463,0.003018076671287418,0.06897336500083404,6.8478288650512695,3.280012388452762e-06,0.009242464591176301,-3.6238309064628993e-07,-0.0008407595742028206,0.0007922845717985181,0.00013171873130136947,6.668122291564941,7.17353347527326e-08,0.000286570135570466,1.4116671565034267e-07,-4.46443667897256e-05,4.7489115604548746e-05,4.992415669536853e-06,10.018446922302246,-1.972820590512445e-07,3.951694957928981e-05,-6.290345327952807e-11,-3.149017575196922e-05,3.249808942200616e-05
F:\Seminario\Seminario-Clustering\datasets\davi\Al Emadi (2019)\Multiclass_Drone_Audio\unknown\5-200461-B-111.wav,Multiclass_Drone_Audio\unknown\5-200461-B-111.wav,al_emadi,5-200461-B-111,1.0216875,0.14179594697035058,8.802724838256836,4.293639536099224e-05,0.1199949637659482,-0.0023272475227713585,-0.14736874401569366,0.14697806537151345,0.3178240640868689,8.711424827575684,0.00887698949791984,0.17942942902218945,0.004908185452222824,-0.2040429010987282,0.22721182703971862,0.3275094524655544,9.738668441772461,-0.0020567032061432518,0.12980575043843948,-0.0005626388447126374,-0.1628638580441475,0.1527703210711479,0.14920510042623933,10.685701370239258,0.0019285023921991602,0.062141161908052495,0.0009020255238283426,-0.07117155119776726,0.0788911558687687,0.06366543605098673,11.71260929107666,7.640156947597861e-05,0.028765584188198284,-0.00023876466002548113,-0.03431651331484318,0.03522488996386528
F:\Seminario\Seminario-Clustering\datasets\davi\Al Emadi (2019)\Multiclass_Drone_Audio\bebop_1\B_S2_D1_083-bebop_002_.wav,Multiclass_Drone_Audio\bebop_1\B_S2_D1_083-bebop_002_.wav,al_emadi,B_S2_D1_083-bebop_002,1.024,0.8688452979750169,8.603767395019531,-0.027366474298721164,0.5155736082654641,-0.023747503757476807,-0.6550135016441345,0.5838828682899475,0.01016724211013227,8.829828262329102,0.0002464303878437485,0.05585059038285544,0.0003883079334627837,-0.06876000016927719,0.06882766634225845,0.028832400706588122,9.91810131072998,0.0002925578229630608,0.0669681613760882,0.0005798323545604944,-0.08287683725357055,0.08397790044546125,0.054224597208521075,10.968910217285156,-0.00013627112353663953,0.06516862922717018,-0.0001523609971627593,-0.08500220775604247,0.08287428617477417,0.03793046199974169,11.941217422485352,1.475323301414768e-05,0.03860646463929413,-0.00013151853636372834,-0.049326058477163315,0.04927026107907295
F:\Seminario\Seminario-Clustering\datasets\davi\Al Emadi (2019)\Multiclass_Drone_Audio\bebop_1\B_S2_D1_129-bebop_000_.wav,Multiclass_Drone_Audio\bebop_1\B_S2_D1_129-bebop_000_.wav,al_emadi,B_S2_D1_129-bebop_000,1.024,0.8067084812689983,8.012190818786621,-0.0013646079848463855,0.3925950318182991,0.0034473391715437174,-0.4471808969974518,0.3918057382106781,0.009896107301655294,8.98503303527832,0.0028337635018253126,0.04339074787527744,0.0028373945970088243,-0.05398468300700188,0.056966520845890045,0.041650778390681056,9.968756675720215,0.0007508127959701988,0.06351437887272414,0.000350890593836084,-0.0814960852265358,0.08270260840654373,0.08351554557585751,10.957418441772461,-0.0003400364653034562,0.06382304621897178,0.0007024571532383561,-0.08341921716928483,0.07869706302881241,0.058229087462807846,11.928825378417969,-0.00024986317982245707,0.0377472407742044,-0.00036223913775756955,-0.048279402777552605,0.04797034151852131
F:\Seminario\Seminario-Clustering\datasets\davi\Al Emadi (2019)\Multiclass_Drone_Audio\membo_1\mixed_membo_42-membo_000_.wav,Multiclass_Drone_Audio\membo_1\mixed_membo_42-membo_000_.wav,al_emadi,mixed_membo_42-membo_000,1.024,0.9720744342270099,8.588324546813965,0.004440485858197278,0.1813966402825725,0.0010098961647599936,-0.20714786648750305,0.20658813416957855,0.006476785018112851,8.708243370056152,-0.0005843881218164466,0.014799634735836634,-0.0007517684134654701,-0.017785461619496346,0.017714623361825943,0.01047489591231648,9.268730163574219,-1.546436667635603e-07,0.013411771021657852,1.0144577572646085e-05,-0.014273725263774394,0.013863531500101089,0.005423295478949067,10.598657608032227,-7.209468156986766e-05,0.0068474369109470905,-0.0001450971030863002,-0.008013945072889328,0.007942482456564903,0.005550589363611663,11.755574226379395,-2.4085798343656133e-06,0.004906984390800941,-6.534850399475545e-05,-0.005911260144785047,0.006108279339969158
F:\Seminario\Seminario-Clustering\datasets\davi\Al Emadi (2019)\Multiclass_Drone_Audio\unknown\1-51805-E-334.wav,Multiclass_Drone_Audio\unknown\1-51805-E-334.wav,al_emadi,1-51805-E-334,0.95975,0.19855640928803198,7.410057067871094,-4.7619012754858455e-05,0.04657701223206924,-0.0002236100917798467,-0.04427837021648884,0.038908109068870544,0.20989754509464317,7.620967864990234,-0.0012325939141995485,0.04787289625557426,-0.000195829474250786,-0.049603817984461784,0.04457239434123039,0.1998589362523098,8.983205795288086,5.222889556785177e-05,0.03327986079526226,-8.929576779337367e-06,-0.038322110846638675,0.03754437752068045,0.274381161372479,10.00506591796875,-0.00015603753967888265,0.027672281546609223,-8.855614851199789e-06,-0.03305021598935127,0.034497518092393875,0.11730594799253606,9.974305152893066,-5.011818733625429e-05,0.012817561297039554,3.0376145687682765e-07,-0.011056672129780053,0.011324991937726741
F:\Seminario\Seminario-Clustering\datasets\davi\Al Emadi (2019)\Multiclass_Drone_Audio\bebop_1\B_S2_D1_112-bebop_002_.wav,Multiclass_Drone_Audio\bebop_1\B_S2_D1_112-bebop_002_.wav,al_emadi,B_S2_D1_112-bebop_002,1.024,0.7340377294991784,7.920001029968262,-0.001041233487704621,0.3626187621020402,0.00016997793863993138,-0.35065051913261414,0.3507799506187439,0.021726002853781835,8.96594524383545,0.0001411026645375134,0.062385212251760976,0.001745657529681921,-0.07774563133716583,0.08436049520969391,0.05485424167062969,9.843280792236328,0.0006344697576757079,0.07058007974812086,0.002093350747600198,-0.08895552009344102,0.08781196922063826,0.11419453173985741,10.923823356628418,-0.0006977322128405443,0.07226137148668328,-0.0014312623534351587,-0.09389819651842117,0.08902402967214586,0.07518749423655258,11.94644546508789,-7.441607516499326e-05,0.04153369614880454,-0.00036765025288332254,-0.05405445024371147,0.05341615341603756
F:\Seminario\Seminario-Clustering\datasets\davi\Al Emadi (2019)\Multiclass_Drone_Audio\unknown\3-146964-A-54.wav,Multiclass_Drone_Audio\unknown\3-146964-A-54.wav,al_emadi,3-146964-A-54,0.95975,0.6682012641108682,8.939983367919922,-0.00021196824650221853,0.02696582711088558,0.0021053642267361283,-0.03852076828479767,0.03319436311721802,0.32566715593871,8.912363052368164,3.4358081743808302e-06,0.01882610522603838,-0.00020547416352201253,-0.02587834931910038,0.024774102494120598,0.005810378251244016,9.783156394958496,-3.0092340076133316e-06,0.0017908755374099537,-2.1460724383359775e-05,-0.002286149584688246,0.0023044759873300795,0.00019468932690215788,10.52265739440918,6.757660242582666e-06,0.00023254450884375817,5.238252470007865e-06,-0.00026713027618825437,0.00028206611168570813,0.00012651237227560754,11.70858097076416,-8.114058626000671e-07,0.00013284668595223639,2.3444344776635262e-07,-0.00016550883883610366,0.0001629301172215492
F:\Seminario\Seminario-Clustering\datasets\davi\Al Emadi (2019)\Multiclass_Drone_Audio\unknown\silence181.wav,Multiclass_Drone_Audio\unknown\silence181.wav,al_emadi,silence181,0.743,0.0,-0.0,0.0,0.0,0.0,0.0,0.0,0.0,-0.0,0.0,0.0,0.0,0.0,0.0,0.0,-0.0,0.0,0.0,0.0,0.0,0.0,0.0,-0.0,0.0,0.0,0.0,0.0,0.0,0.0,-0.0,0.0,0.0,0.0,0.0,0.0
F:\Seminario\Seminario-Clustering\datasets\davi\Al Emadi (2019)\Multiclass_Drone_Audio\membo_1\mixed_membo_19-membo_002_.wav,Multiclass_Drone_Audio\membo_1\mixed_membo_19-membo_002_.wav,al_emadi,mixed_membo_19-membo_002,1.024,0.5700586466897154,8.716034889221191,-0.0001201341400987929,0.05211666685073971,-0.001106416224502027,-0.05906549096107483,0.059832166880369186,0.04281073046578155,8.924320220947266,-7.950510715499236e-05,0.01428195339067396,-0.0007511378498747945,-0.018391847610473633,0.018530258908867836,0.10435920816772831,9.942978858947754,0.0004478002444210167,0.01587129336070761,0.00018606230150908232,-0.01959423646330833,0.020494471117854116,0.13728057087944903,10.764333724975586,0.00010743571769727314,0.012921665052199839,0.0001731505908537656,-0.01596943400800228,0.015879417955875396,0.14549084379732571,11.77599048614502,5.976109016846005e-06,0.009422613615606002,4.1782352127484046e-05,-0.01172648137435317,0.011442191433161497
F:\Seminario\Seminario-Clustering\datasets\davi\Al Emadi (2019)\Multiclass_Drone_Audio\membo_1\Membo_1_031-membo_002_.wav,Multiclass_Drone_Audio\membo_1\Membo_1_031-membo_002_.wav,al_emadi,Membo_1_031-membo_002,1.024,0.3569721531187493,8.9922456741333,0.0012875622898539446,0.06302743909887185,-0.001071941340342164,-0.08100797981023788,0.08776918053627014,0.06670578289727888,8.963940620422363,1.5605092913867837e-05,0.02725114700674181,0.00036791752791032195,-0.03554021939635277,0.03426610678434372,0.14186064104193574,10.013248443603516,-6.598444083537829e-05,0.028296621733494787,-0.0003144534130115062,-0.03592863604426384,0.03618556633591652,0.1663124284113633,10.951200485229492,0.00011239620449996985,0.02174055206736982,0.0002479961549397558,-0.028192600607872008,0.028514053300023084,0.26814899453067276,11.929827690124512,-3.798850430099968e-05,0.01955356630043988,-0.00014941552217351273,-0.025177382864058018,0.024944381788372993
F:\Seminario\Seminario-Clustering\datasets\davi\Al Emadi (2019)\Multiclass_Drone_Audio\bebop_1\mixed_20-bebop_003_.wav,Multiclass_Drone_Audio\bebop_1\mixed_20-bebop_003_.wav,al_emadi,mixed_20-bebop_003,1.024,0.7136551900196122,8.618399620056152,0.0006150166811025248,0.17763902320019462,0.000796291686128825,-0.20849989354610443,0.2098047435283661,0.028576484861369707,8.963886260986328,0.0008464998745806671,0.03553677340072569,0.0007601780816912651,-0.044917281717061996,0.04735825955867767,0.06575309814473516,9.926349639892578,0.0007438716325303152,0.03838619360113958,0.0005993781960569322,-0.04743650704622269,0.0491771437227726,0.11652221415280986,10.938098907470703,-0.00031456799864593464,0.036265670244816625,-9.37378645176068e-05,-0.047104262560606,0.045326100289821626,0.07549301282147311,11.963708877563477,6.972268423187153e-05,0.02067679736742194,0.00038221688009798527,-0.026624958962202072,0.02649522013962269
F:\Seminario\Seminario-Clustering\datasets\davi\Al Emadi (2019)\Multiclass_Drone_Audio\membo_1\mixed_membo_61-membo_003_.wav,Multiclass_Drone_Audio\membo_1\mixed_membo_61-membo_003_.wav,al_emadi,mixed_membo_61-membo_003,1.024,0.15302988274841822,8.398228645324707,0.0012658578468578382,0.09749487978394644,-0.006510046310722828,-0.10053323954343796,0.11275017261505127,0.09309635636904341,8.553476333618164,0.0006533637989037374,0.07604674277766557,0.0001908309495775029,-0.09890434890985489,0.09326107800006866,0.4394846581826451,9.324342727661133,-0.0002385526129274882,0.11765299024699322,-0.00027628097450360656,-0.1473390161991119,0.14402907490730285,0.19461279816352356,10.002229690551758,0.0002820017911798591,0.05555476782430179,0.00015812275523785502,-0.058463075757026674,0.059793781489133856,0.1197763045363697,10.265281677246094,5.3597968245585416e-05,0.030871001037829145,5.946989290350757e-06,-0.025307069532573223,0.025652901269495487
F:\Seminario\Seminario-Clustering\datasets\davi\Al Emadi (2019)\Multiclass_Drone_Audio\bebop_1\B_S2_D1_083-bebop_003_.wav,Multiclass_Drone_Audio\bebop_1\B_S2_D1_083-bebop_003_.wav,al_emadi,B_S2_D1_083-bebop_003,1.024,0.8490230588842002,8.90959644317627,0.0073640795295427134,0.47332031978239064,-0.010192351415753365,-0.5943098068237305,0.6311873197555542,0.010971513239469561,8.930746078491211,-0.0002206630092816468,0.05381180551166447,9.711024904390797e-05,-0.06717869639396667,0.0680256262421608,0.03423598087067112,9.950199127197266,0.000110954410243823,0.06768469273124132,-0.0015556532889604568,-0.08539775162935256,0.0877599313855171,0.06321412372197938,10.927637100219727,0.001168474666238736,0.06525237526187476,0.0005772609729319811,-0.08055216968059539,0.08406070172786714,0.04255532328367975,11.937898635864258,4.652347818055597e-05,0.03792802072527431,0.00013710253551835194,-0.048122018575668335,0.04874136112630367
F:\Seminario\Seminario-Clustering\datasets\davi\Al Emadi (2019)\Multiclass_Drone_Audio\unknown\2-89516-A-374.wav,Multiclass_Drone_Audio\unknown\2-89516-A-374.wav,al_emadi,2-89516-A-374,0.95975,0.005393032500046956,8.11907958984375,0.00011846477361661117,0.010436745160191153,-1.4043517282402718e-07,-0.012384153436869383,0.012635743711143732,0.05050889350742537,8.321416854858398,0.00028533105356225505,0.03194060462623723,5.81300946578267e-06,-0.04251336678862572,0.04158847965300083,0.11277923486916681,9.31672477722168,0.00011656535513195734,0.033992170713267864,-6.610187665501144e-05,-0.04435271732509136,0.04422267898917199,0.484835992425001,10.219817161560059,2.6405438587682504e-06,0.05001712839131269,8.380061302659669e-07,-0.06290264576673507,0.06162466928362846,0.3464828466983599,11.20112419128418,-7.196589483944733e-07,0.029952717160836327,-1.7047405549419636e-06,-0.03687571808695793,0.037777336314320585
F:\Seminario\Seminario-Clustering\datasets\davi\Al Emadi (2019)\Multiclass_Drone_Audio\unknown\4-125071-A-194.wav,Multiclass_Drone_Audio\unknown\4-125071-A-194.wav,al_emadi,4-125071-A-194,0.95975,0.9820058082617148,8.795846939086914,0.0016553289739357905,0.07473292498170797,0.005965350661426783,-0.08874985948204994,0.08994057402014732,0.015486681858411294,8.43821907043457,0.00022771690470992887,0.009384536483331665,0.00038458190101664513,-0.010477227624505758,0.011349002830684185,0.002464471185273147,9.579824447631836,4.664706653333374e-06,0.002666938408403525,5.228871123108547e-05,-0.0032976777758449314,0.0032410598360002045,3.457498870582494e-05,10.717391967773438,1.3193821656975621e-06,0.00022417117455425541,2.864337830033037e-06,-0.0002782052615657449,0.0002814337989548221,8.463705894939901e-06,11.806158065795898,-3.288628329453039e-07,7.857000241974404e-05,-1.265877038747476e-07,-9.875626201392152e-05,9.958051232388249e-05
F:\Seminario\Seminario-Clustering\datasets\davi\Al Emadi (2019)\Multiclass_Drone_Audio\unknown\2-81270-A-12.wav,Multiclass_Drone_Audio\unknown\2-81270-A-12.wav,al_emadi,2-81270-A-12,0.97525,0.005021465352226951,8.782012939453125,-0.001822224605776735,0.044835289072484574,-0.0006269413279369473,-0.05857098139822483,0.05864544883370399,0.17020795806977296,8.335660934448242,-0.011170007531761226,0.26100915377219197,-0.0008936003432609141,-0.3234974294900894,0.2801623553037643,0.6177961744277564,9.52420711517334,-0.0017733835808306864,0.3545117316930099,-0.00020941797993145883,-0.43416492342948915,0.42735696434974685,0.18149476855808117,10.524446487426758,-6.54209289862438e-05,0.1363562943363847,-5.964550291537307e-05,-0.17393562495708464,0.17077481895685198,0.02547963359216262,11.46694278717041,7.583898870992693e-05,0.03619098036817793,1.4440482800637255e-06,-0.04521213285624981,0.04494101740419865
F:\Seminario\Seminario-Clustering\datasets\davi\Al Emadi (2019)\Multiclass_Drone_Audio\membo_1\Membo_1_032-membo_004_.wav,Multiclass_Drone_Audio\membo_1\Membo_1_032-membo_004_.wav,al_emadi,Membo_1_032-membo_004,1.024,0.35934789565243125,9.400426864624023,0.0013244639412040506,0.07874902878635072,0.002787772798910737,-0.10379303991794586,0.10331248492002487,0.04760168323191793,8.952665328979492,5.634326441147029e-05,0.028665491425742522,-0.0009399275877512991,-0.03586610034108162,0.0379474051296711,0.10492169363761539,9.99532413482666,0.00013347597898195128,0.03030255240235298,0.0004000506305601448,-0.03886912614107132,0.03836416229605675,0.18055224845832432,10.94404411315918,0.00014661861766977676,0.028206914235092924,0.00043947590165771544,-0.035795956104993816,0.035115935653448116,0.3075764790197111,11.893514633178711,-4.957163992091855e-06,0.026077215712382824,2.9124821594450623e-05,-0.033258724957704544,0.03263668715953827
F:\Seminario\Seminario-Clustering\datasets\davi\Al Emadi (2019)\Multiclass_Drone_Audio\membo_1\mixed_membo_24-membo_004_.wav,Multiclass_Drone_Audio\membo_1\mixed_membo_24-membo_004_.wav,al_emadi,mixed_membo_24-membo_004,0.904,0.6630314823443154,8.808462142944336,-0.0007527107680252069,0.0611439029202158,-0.0035677675623446703,-0.07740066945552826,0.07657617330551147,0.07178850646345769,8.712078094482422,-9.755657496035264e-05,0.02012061989516246,0.0003850996436085552,-0.024265985935926437,0.025359468534588814,0.06574855470442147,9.32945728302002,5.713440962207321e-05,0.013723090726100602,-0.00029948019073344767,-0.015921977162361146,0.015955634787678717,0.09878589971947231,10.331629753112793,0.00010205258144452274,0.011941359847283837,8.966265158960596e-05,-0.013319205120205879,0.013835899345576764,0.10064555676833314,11.72011661529541,-2.6190948303282313e-05,0.008539647550543119,-3.4746819437714294e-05,-0.010930772870779037,0.010612986981868744
F:\Seminario\Seminario-Clustering\datasets\davi\Al Emadi (2019)\Multiclass_Drone_Audio\unknown\4-223127-A-143.wav,Multiclass_Drone_Audio\unknown\4-223127-A-143.wav,al_emadi,4-223127-A-143,1.0216875,0.2834713507599111,8.945389747619629,-0.0009783398521945675,0.028407196624020147,-0.0018029307830147445,-0.03834053985774517,0.037058777734637276,0.044145538141846685,8.980202674865723,-5.7175614538660906e-05,0.011216800155704301,-0.0001128971271100454,-0.013998470455408096,0.01427298858761788,0.030250471589154903,9.721376419067383,0.0002720251569794694,0.006604418115413305,0.00018843781435862184,-0.007672718167304992,0.008521179109811781,0.5982994503904393,10.230873107910156,-0.00016437367328474628,0.020856548250189476,-0.0002662817860255018,-0.02343140766024589,0.02310723681002856,0.04383318911864804,11.016790390014648,6.126962143187671e-07,0.0039987519350944195,-6.513769676530501e-06,-0.004073151294142007,0.004127021785825491
F:\Seminario\Seminario-Clustering\datasets\davi\Al Emadi (2019)\Multiclass_Drone_Audio\membo_1\Membo_0_004-membo_002_.wav,Multiclass_Drone_Audio\membo_1\Membo_0_004-membo_002_.wav,al_emadi,Membo_0_004-membo_002,1.024,0.7133447036394122,8.782662391662598,0.0018565832396624606,0.10896908247071024,0.006071649491786957,-0.12748564779758453,0.12501607835292816,0.06401202485685312,9.077726364135742,-3.0594467585913035e-05,0.03264729231796969,-0.0015154501888900995,-0.041233886033296585,0.04225743189454079,0.05225385752599671,9.911003112792969,-0.0005969751227131052,0.020994328354987327,-0.0006161847268231213,-0.027301298081874845,0.02628200501203537,0.09030270030532306,10.943511009216309,-0.00018289754400203692,0.019591107006776038,-0.00032043125247582793,-0.024707100912928583,0.024719134718179703,0.08008671367241499,11.933667182922363,-5.450500260737147e-06,0.013068700094763484,-9.317741205450147e-05,-0.01668322179466486,0.016755864955484867
F:\Seminario\Seminario-Clustering\datasets\davi\Al Emadi (2019)\Multiclass_Drone_Audio\membo_1\extra_membo_D2_2006.wav,Multiclass_Drone_Audio\membo_1\extra_membo_D2_2006.wav,al_emadi,extra_membo_D2,1.0026875,0.922724656300642,8.949823379516602,-0.0007040114210447001,0.03219036417016631,-0.0016291486099362373,-0.04066279977560043,0.04174052253365517,0.022890538317310666,9.025266647338867,3.450196215583544e-06,0.00507132655505543,0.00012214199523441494,-0.006729048769921064,0.0065289881080389045,0.023946597283926705,9.938333511352539,2.4893353079524728e-05,0.0036928817189028373,-2.9865205760870595e-05,-0.004615788534283638,0.004846534039825202,0.01359369041782887,10.906238555908203,-2.0524144195817263e-07,0.001974284743035523,-9.182875146507286e-06,-0.002458357554860413,0.002560696331784129,0.01684451768029168,11.918272018432617,1.0861601487958742e-06,0.0015567202816725058,1.0992211173288524e-05,-0.002013256074860692,0.00197503506205976
F:\Seminario\Seminario-Clustering\datasets\davi\Al Emadi (2019)\Multiclass_Drone_Audio\unknown\3-180256-A-03.wav,Multiclass_Drone_Audio\unknown\3-180256-A-03.wav,al_emadi,3-180256-A-03,1.0216875,0.011544105380352396,8.049847602844238,7.805769015279494e-06,0.043463693051586816,0.0,-0.05035019591450691,0.048905635252595,0.64878116000062,7.710685729980469,0.007066792666905269,0.3257567488281626,0.0,-0.33170416355133053,0.34165232181549116,0.32612711867228394,8.506241798400879,1.6090010684410527e-05,0.16445432192532278,0.0,-0.14920783340930938,0.1440735399723053,0.013004443393632529,8.266850471496582,-7.974692676526183e-05,0.023299962647813633,0.0,-0.012292598746716975,0.010929734259843834,0.0005431725531110802,8.863502502441406,-6.553773579730328e-08,0.0033729283835700623,0.0,-0.0015211348887532949,0.0015197553904727113
F:\Seminario\Seminario-Clustering\datasets\davi\Al Emadi (2019)\Multiclass_Drone_Audio\bebop_1\B_S2_D1_128-bebop_001_.wav,Multiclass_Drone_Audio\bebop_1\B_S2_D1_128-bebop_001_.wav,al_emadi,B_S2_D1_128-bebop_001,1.024,0.6607659556495983,7.950742244720459,-0.0032118549841957,0.2941614360709751,-0.0040389481000602245,-0.28361767530441284,0.2781491279602051,0.02701712715993028,8.900510787963867,-0.0008080618994994591,0.059479500550613136,-0.0017021942185238004,-0.0743674784898758,0.07402803003787994,0.07928119311626855,9.889484405517578,-0.002081766039904134,0.07252633737813431,0.0001958926150109619,-0.09759773015975952,0.08681049346923828,0.1362480112712745,10.874387741088867,-0.00042350134989712517,0.06749245937822294,-0.0004815554420929402,-0.08532864451408385,0.0857408493757248,0.09668771280292836,11.862358093261719,1.342785152312341e-05,0.04027253936856375,-0.00011637520583462901,-0.05019544996321201,0.05106770247220993
F:\Seminario\Seminario-Clustering\datasets\davi\Al Emadi (2019)\Multiclass_Drone_Audio\bebop_1\B_S2_D1_089-bebop_000_.wav,Multiclass_Drone_Audio\bebop_1\B_S2_D1_089-bebop_000_.wav,al_emadi,B_S2_D1_089-bebop_000,1.024,0.7465265228182285,8.073423385620117,0.0063800784907041014,0.33898908829793595,0.003529452485963702,-0.3513559401035309,0.3544875979423523,0.017946146666097704,9.012918472290039,0.0007483089427394149,0.05256317654828811,-0.0004410822002682835,-0.06660686433315277,0.06725509464740753,0.052182570812934,9.936090469360352,0.00042982526847841257,0.06382555178584655,0.0002011802716879174,-0.08075176328420638,0.08217383176088333,0.10609459052728908,10.893096923828125,0.0008549223531763188,0.06457426498743492,0.00020374760788399726,-0.08070971816778183,0.0817293107509613,0.07725016917545076,11.934556007385254,-5.5155656781650614e-05,0.03903236813202681,-0.0003525425854604691,-0.04963192902505398,0.04973607137799263
F:\Seminario\Seminario-Clustering\datasets\davi\Al Emadi (2019)\Multiclass_Drone_Audio\unknown\4-210000-B-232.wav,Multiclass_Drone_Audio\unknown\4-210000-B-232.wav,al_emadi,4-210000-B-232,0.97525,0.054414794484373134,5.770756244659424,-0.0001589525882089886,0.0022552790178742435,-0.00014385539543582126,-0.0012556084315292534,0.0010394923621788621,0.3361116991026718,7.01724100112915,-3.788921033640041e-05,0.005618879883600882,3.1804216632735915e-05,-0.003770700469613075,0.0038544877199456094,0.47255438485475915,7.880009174346924,-9.677680640842931e-06,0.004745621341562819,-9.233257515006699e-06,-0.0029453995171934365,0.0028334707487374594,0.11120982619036529,8.462342262268066,2.5541808508376625e-06,0.0016336871409937408,3.987556283391314e-06,-0.0008145728439558297,0.0008167220221366733,0.025709295367830644,9.593927383422852,-1.1933096932655546e-06,0.0005564209333226625,-3.3103185614891117e-06,-0.000278806357528083,0.00028018929879181087
F:\Seminario\Seminario-Clustering\datasets\davi\Al Emadi (2019)\Multiclass_Drone_Audio\bebop_1\mixed_59-bebop_004_.wav,Multiclass_Drone_Audio\bebop_1\mixed_59-bebop_004_.wav,al_emadi,mixed_59-bebop_004,0.904,0.4756702496424761,8.73606014251709,-0.0013988776545795071,0.08218788877140293,-0.0004994940245524049,-0.10799683630466461,0.09808152168989182,0.044456137804774164,8.811169624328613,0.0006089728479424294,0.025122105355250175,0.0014186914777383208,-0.03391161561012268,0.031149689108133316,0.1306426505577733,9.754310607910156,-0.0010240713420394463,0.030684008157096473,-0.0007817282457835972,-0.03914291113615036,0.03845836669206619,0.20282954280663784,10.765680313110352,0.00041804537444879177,0.02715407815036917,-0.0003050499071832746,-0.03424822613596916,0.035684164613485336,0.14640141918833857,11.745546340942383,1.720223339795623e-05,0.016346162641856166,-5.255670112092048e-05,-0.02066173404455185,0.02129557728767395
F:\Seminario\Seminario-Clustering\datasets\davi\Al Emadi (2019)\Multiclass_Drone_Audio\membo_1\mixed_membo_33-membo_004_.wav,Multiclass_Drone_Audio\membo_1\mixed_membo_33-membo_004_.wav,al_emadi,mixed_membo_33-membo_004,0.904,0.6062787403689284,8.937814712524414,0.007695327043132186,0.2432742395787734,0.01338157057762146,-0.3082005977630615,0.31518077850341797,0.09318494466979717,8.806772232055664,-0.0004820892564780689,0.09542111246990118,0.0002540328132454306,-0.12460380792617798,0.1261827051639557,0.09726408419077277,9.789777755737305,-0.00045885942641546424,0.06947642971884685,-6.219535862328485e-05,-0.08741987049579619,0.09035709649324417,0.10319150551037645,10.734418869018555,-0.00033824266405634425,0.05080338791215865,-0.0006230371072888374,-0.06481575667858124,0.06420421302318573,0.10008072526012521,11.754463195800781,9.213042817943631e-06,0.035446877513630314,-0.0004224008007440716,-0.04559594579041004,0.045623356476426125
F:\Seminario\Seminario-Clustering\datasets\davi\Al Emadi (2019)\Multiclass_Drone_Audio\unknown\4-189332-A-371.wav,Multiclass_Drone_Audio\unknown\4-189332-A-371.wav,al_emadi,4-189332-A-371,1.0216875,0.0008969282827955364,4.875760078430176,-0.004162689201912265,0.014983205716907057,-0.004290062002837658,-0.008003143034875393,-0.0012336559942923459,0.0002626127984720804,3.2159371376037598,9.009271824047774e-05,0.008414033969034505,9.50397816268378e-06,-0.0008179765834938734,0.0008710262365639211,0.42247226889350287,8.600740432739258,0.0010077939593429455,0.24025469476753594,-3.89757096854737e-05,-0.2108786970376968,0.23521470278501494,0.5564408102903532,9.671913146972656,-4.9686742343246314e-05,0.19563480632525956,-3.1249339826899813e-06,-0.20141238868236516,0.20298060774803175,0.019927379734876335,10.573302268981934,1.7985973058167517e-05,0.026223337232452598,-3.949453883933529e-07,-0.024964217469096175,0.02425038963556292
F:\Seminario\Seminario-Clustering\datasets\davi\Al Emadi (2019)\Multiclass_Drone_Audio\bebop_1\B_S2_D1_131-bebop_000_.wav,Multiclass_Drone_Audio\bebop_1\B_S2_D1_131-bebop_000_.wav,al_emadi,B_S2_D1_131-bebop_000,1.024,0.5387226496599151,8.449039459228516,-0.0028551618991321283,0.24565044816405296,-0.004444662947207689,-0.2938793897628784,0.264580100774765,0.038222059997878366,8.883172988891602,-0.00044131521314317646,0.06543520610082047,0.0008641215390525758,-0.08252495527267456,0.07899688184261322,0.1118150216327939,9.98337459564209,-0.00044015300700283927,0.0796910293775126,-0.002162088407203555,-0.09804645925760269,0.10546238273382187,0.18600699640541088,10.965888977050781,-0.0007934928415949772,0.07293133178773625,-0.0005152594530954957,-0.09583157896995545,0.09093770682811739,0.12523327230400166,11.913702964782715,-5.6179718547651296e-05,0.042389604998406556,1.680175546425744e-05,-0.053990788757801056,0.053790146484971046
F:\Seminario\Seminario-Clustering\datasets\davi\Al Emadi (2019)\Multiclass_Drone_Audio\membo_1\mixed_membo_64-membo_004_.wav,Multiclass_Drone_Audio\membo_1\mixed_membo_64-membo_004_.wav,al_emadi,mixed_membo_64-membo_004,0.904,0.7389039629908583,8.679276466369629,-0.00037821111786421593,0.050949559038427544,-0.0006179041229188442,-0.05642677843570709,0.058942753821611404,0.03624914194821351,8.971981048583984,6.874785006464606e-06,0.011285145982580154,-1.3780429981125053e-05,-0.01508669089525938,0.015236623585224152,0.031009025075225512,9.715595245361328,0.00011926926263546382,0.007437726945540199,5.241515827947296e-05,-0.009311599656939507,0.009369305707514283,0.09729300224720072,10.67672348022461,-1.9862592176717045e-06,0.009354108210534555,-1.515407461738505e-06,-0.011712335795164107,0.01170737873762846,0.096544867738502,11.696836471557617,-5.6836428690672405e-06,0.006601589536417811,-3.317855680506909e-05,-0.00820312649011612,0.008326951414346695
F:\Seminario\Seminario-Clustering\datasets\davi\Al Emadi (2019)\Multiclass_Drone_Audio\membo_1\Membo_2_018-membo_000_.wav,Multiclass_Drone_Audio\membo_1\Membo_2_018-membo_000_.wav,al_emadi,Membo_2_018-membo_000,1.024,0.6935863947320807,7.600342273712158,-0.0010810460952330682,0.12624829512955218,0.0010801986791193485,-0.10825355350971222,0.10518880188465118,0.019344217279905124,8.938220977783203,-2.3028480192294162e-05,0.02108465376867759,0.000564836198464036,-0.02687619812786579,0.026570821180939674,0.054785081434600404,9.881940841674805,-2.7331345905755082e-05,0.02526526004812725,4.5172615500632674e-05,-0.03200346678495407,0.031006555259227752,0.09781163652396968,10.952369689941406,0.00011059196016893095,0.023954809528838158,-0.000158886585268192,-0.031178005039691925,0.031062312796711927,0.13447267002944402,11.875408172607422,2.296664188370053e-05,0.019894977976704586,7.539623038610443e-05,-0.024932995438575745,0.024764860048890114
F:\Seminario\Seminario-Clustering\datasets\davi\Al Emadi (2019)\Multiclass_Drone_Audio\unknown\2-79775-A-262.wav,Multiclass_Drone_Audio\unknown\2-79775-A-262.wav,al_emadi,2-79775-A-262,0.97525,0.23026081737011916,7.304797172546387,-1.4173168322174946e-05,0.005732842909436845,0.0,-0.005253787571564317,0.005133658181875943,0.23021770839568506,6.288652420043945,-1.2360443342497598e-05,0.005732310829629486,0.0,-0.004466407978907227,0.0033765380270779103,0.4566753765028427,5.418652534484863,1.7254356166113906e-05,0.005750604541063457,0.0,-0.002676385873928666,0.0028618476819247014,0.06713905637137879,7.340095043182373,-2.176355445893383e-06,0.0015646910408134024,0.0,-0.0008991101232822983,0.0008331439748872074,0.015707041359974316,7.606975555419922,-9.17411940513923e-07,0.0005361045501316074,0.0,-0.0002350380746065639,0.00024359089002246037
F:\Seminario\Seminario-Clustering\datasets\davi\Al Emadi (2019)\Multiclass_Drone_Audio\membo_1\extra_membo_D2_2030.wav,Multiclass_Drone_Audio\membo_1\extra_membo_D2_2030.wav,al_emadi,extra_membo_D2,1.0026875,0.9391855680968683,9.06393051147461,-0.0004767045632476445,0.031076500643276495,-0.0007540691294707358,-0.04018256664276123,0.04159037172794342,0.017996211093149358,9.005324363708496,1.701470121361347e-05,0.004302239956309391,8.848855213727802e-05,-0.005785948410630225,0.005623252782970668,0.014561923137333958,9.890031814575195,-6.617835729487753e-06,0.002755340491395216,-5.1552977311075665e-05,-0.003577098646201193,0.0035187003435567022,0.016496820159997757,10.767467498779297,-1.339196650781398e-05,0.002080875214931576,-4.533505853032693e-05,-0.0025597575120627877,0.0025940644321963196,0.011759477512650619,11.716449737548828,1.0546842714712928e-05,0.001244439068023274,1.1387699487386271e-05,-0.0015360431279987097,0.0015393273788504303
F:\Seminario\Seminario-Clustering\datasets\davi\Al Emadi (2019)\Multiclass_Drone_Audio\bebop_1\B_S2_D1_098-bebop_000_.wav,Multiclass_Drone_Audio\bebop_1\B_S2_D1_098-bebop_000_.wav,al_emadi,B_S2_D1_098-bebop_000,1.024,0.912460270730168,8.717157363891602,0.010104092369403258,0.6305375445957611,0.013792278245091438,-0.7951501607894897,0.7599073648452759,0.008203395456777493,8.518588066101074,0.00031192044978915935,0.05979303825586024,0.0009974108543246984,-0.06859595328569412,0.06832364946603775,0.016226460679437685,9.829328536987305,0.0016181793632997188,0.05985696259951069,0.0006665844121016562,-0.06948912292718887,0.07712082117795943,0.037677000662484514,10.810521125793457,0.0006431350622759215,0.06474218874524051,0.0007521994994021952,-0.07925110161304473,0.08136790543794632,0.025432872471132267,11.781968116760254,-9.507208465654921e-05,0.03767832983803272,-0.0005128988705109805,-0.04634633846580982,0.04710268974304199
F:\Seminario\Seminario-Clustering\datasets\davi\Al Emadi (2019)\Multiclass_Drone_Audio\unknown\3-134699-C-162.wav,Multiclass_Drone_Audio\unknown\3-134699-C-162.wav,al_emadi,3-134699-C-162,0.97525,0.9689796629031301,8.603181838989258,0.005926164384943409,0.710019151750834,-0.0062625224236398935,-0.8209020972251891,0.8108840405941006,0.013057858853759307,8.83545207977295,0.0009421508604388298,0.08242053803998751,0.002002633409574628,-0.1023116610944271,0.1054782748222351,0.002172779098346093,9.871925354003906,-0.0004467666147453961,0.023944751694916083,-0.00012242836237419397,-0.031206534057855607,0.030060877650976182,0.0030209812753757637,9.467073440551758,0.00010077255691021794,0.020039017874541022,0.00018700215150602162,-0.017501732148230077,0.017551554739475252,0.012768717869388695,9.26593017578125,-1.227472274855371e-05,0.029183880383231924,-5.969056655885652e-05,-0.01697373017668724,0.016197914257645607
F:\Seminario\Seminario-Clustering\datasets\davi\Al Emadi (2019)\Multiclass_Drone_Audio\unknown\silence012.wav,Multiclass_Drone_Audio\unknown\silence012.wav,al_emadi,silence012,0.7430625,0.0,-0.0,0.0,0.0,0.0,0.0,0.0,0.0,-0.0,0.0,0.0,0.0,0.0,0.0,0.0,-0.0,0.0,0.0,0.0,0.0,0.0,0.0,-0.0,0.0,0.0,0.0,0.0,0.0,0.0,-0.0,0.0,0.0,0.0,0.0,0.0
F:\Seminario\Seminario-Clustering\datasets\davi\Al Emadi (2019)\Multiclass_Drone_Audio\unknown\5-251962-A-472.wav,Multiclass_Drone_Audio\unknown\5-251962-A-472.wav,al_emadi,5-251962-A-472,0.97525,0.5326152722100244,8.755171775817871,0.0030564171908324085,0.2525723259455144,0.005324704339727759,-0.2899704337120056,0.31940941512584686,0.27543832310285915,8.75991439819336,0.00504593477051062,0.1815746815027469,0.006604003487154841,-0.2254460424184799,0.2249578759074211,0.11602229101289509,9.675932884216309,-0.0011945775252978,0.08396297933190269,-0.0013118956703692675,-0.10256453305482864,0.0995209574699402,0.04684311013163798,10.573917388916016,0.0007706919177795649,0.03785503797276434,0.00037047514342702925,-0.0440402764827013,0.04589527398347855,0.029081003542583434,11.398027420043945,6.0400613952977424e-05,0.021132712694191032,7.239862679853104e-05,-0.023954289965331554,0.02452494576573372
F:\Seminario\Seminario-Clustering\datasets\davi\Al Emadi (2019)\Multiclass_Drone_Audio\membo_1\mixed_membo_21-membo_003_.wav,Multiclass_Drone_Audio\membo_1\mixed_membo_21-membo_003_.wav,al_emadi,mixed_membo_21-membo_003,1.024,0.4243339038844603,8.84249210357666,-0.000267305706431223,0.1271708955540761,0.0028408674988895655,-0.15862414240837097,0.15234117209911346,0.2713084382512381,8.8216552734375,0.0014828228577918844,0.10167643458955454,0.004249784164130688,-0.1307068020105362,0.125244140625,0.13668228371641195,9.926112174987793,0.0010073625029171863,0.051381787331330885,0.0002594398974906653,-0.06253625825047492,0.06643513441085815,0.096313517297676,10.834125518798828,3.925090928848344e-07,0.030611836256301303,3.1535466405330226e-05,-0.03767298683524132,0.0380146510899067,0.07136185685021364,11.839460372924805,6.088356159598265e-05,0.018663849080958465,0.0002442490658722818,-0.023276887834072113,0.023279600776731968
F:\Seminario\Seminario-Clustering\datasets\davi\Al Emadi (2019)\Multiclass_Drone_Audio\unknown\5-249937-A-220.wav,Multiclass_Drone_Audio\unknown\5-249937-A-220.wav,al_emadi,5-249937-A-220,1.0216875,0.07773657374382005,8.402473449707031,0.000618451741689666,0.11756681077174301,0.0007980353548191488,-0.12751191407442092,0.13147176355123527,0.213887288981495,8.173755645751953,0.0013148405137387432,0.1950116940932855,-0.0018464484601281583,-0.20127753168344498,0.20365597754716877,0.4269924563628564,9.002090454101562,-0.006080982333798067,0.19605807202057715,-0.00411693868227303,-0.20746811330318451,0.2074585422873497,0.22805899009792008,9.660123825073242,-0.0004499866393831935,0.101709801740457,-0.000768364145187661,-0.10404915213584899,0.0981774739921093,0.05332469081390852,10.78712272644043,0.00011151462601309546,0.034836275992171976,0.00016359789879061282,-0.03740927539765834,0.036892087385058406
F:\Seminario\Seminario-Clustering\datasets\davi\Al Emadi (2019)\Multiclass_Drone_Audio\unknown\4-191015-A-432.wav,Multiclass_Drone_Audio\unknown\4-191015-A-432.wav,al_emadi,4-191015-A-432,0.97525,0.9536925797784573,8.955835342407227,-0.0012796648335404212,0.14589175827061876,0.006940190680325031,-0.20617131739854813,0.18160296827554703,0.011929747641626645,8.967304229736328,-0.0005660441574011253,0.01630787809907701,-0.00011094595174654387,-0.021112524904310703,0.02040472738444805,0.017624375309128734,9.904701232910156,-0.0002272945226326832,0.014125187658818365,-0.0005394552717916667,-0.018429987132549286,0.017911292612552646,0.014578425928614051,10.833711624145508,7.810579941676146e-07,0.00911756018490375,-0.00012355722719803452,-0.011584675405174494,0.011451833508908748,0.002174871342173247,11.770910263061523,1.4251675663584941e-05,0.0024945633513641674,3.250636291340925e-05,-0.003147325594909489,0.003065518569201231
F:\Seminario\Seminario-Clustering\datasets\davi\Al Emadi (2019)\Multiclass_Drone_Audio\bebop_1\B_S2_D1_069-bebop_000_.wav,Multiclass_Drone_Audio\bebop_1\B_S2_D1_069-bebop_000_.wav,al_emadi,B_S2_D1_069-bebop_000,1.024,0.19331154131361833,8.837663650512695,0.0026269062509665887,0.10706861429005492,0.0024113887920975685,-0.12558868527412415,0.1363006830215454,0.04811572161769217,9.049180030822754,0.00038110234000953856,0.05343138403616021,0.003390328027307987,-0.07075345516204834,0.06598187237977982,0.17541144777364473,9.930341720581055,0.0004127983896819727,0.07264197439332892,0.0017966406885534525,-0.09418932944536208,0.09232612401247024,0.35336219268518887,10.944391250610352,-0.0008975044274982944,0.07315638881227489,-0.002098719123750925,-0.0921226218342781,0.09208730161190033,0.2297990966098559,11.974725723266602,-0.00023154329016027362,0.041789490142709745,6.222940646694042e-05,-0.053429024294018745,0.0538695864379406
F:\Seminario\Seminario-Clustering\datasets\davi\Al Emadi (2019)\Multiclass_Drone_Audio\bebop_1\B_S2_D1_095-bebop_000_.wav,Multiclass_Drone_Audio\bebop_1\B_S2_D1_095-bebop_000_.wav,al_emadi,B_S2_D1_095-bebop_000,1.024,0.54093695932981,7.836498260498047,0.0012195581241946148,0.21826510419409687,0.0012433467200025916,-0.19770413637161255,0.20174981653690338,0.03254864744484562,9.024102210998535,-7.686860048640555e-05,0.053540666180292636,-0.0019718725234270096,-0.06945429742336273,0.06828229874372482,0.10396665171948054,9.962790489196777,0.0008903958513767107,0.06812859066433394,0.00017731543630361557,-0.08715053200721741,0.08919694274663925,0.1812012314052624,10.948333740234375,0.0006731606938645645,0.06382415912964771,0.0010487475665286183,-0.08063338249921799,0.0819001093506813,0.14134651010060148,11.933337211608887,1.4334860591586954e-05,0.039929683911534154,0.0003359474358148873,-0.05119461752474308,0.04989538714289665
F:\Seminario\Seminario-Clustering\datasets\davi\Al Emadi (2019)\Multiclass_Drone_Audio\bebop_1\mixed_12-bebop_003_.wav,Multiclass_Drone_Audio\bebop_1\mixed_12-bebop_003_.wav,al_emadi,mixed_12-bebop_003,1.024,0.8446674444400255,8.918606758117676,-0.009594070406731544,0.36348422484502035,-0.043321914970874786,-0.4553245007991791,0.4761993885040283,0.03934695826175373,8.950968742370605,0.001096155756434457,0.07847063116429527,0.0028181453235447407,-0.10398868471384048,0.10238394886255264,0.039417526152083056,9.967105865478516,0.0005340579078116401,0.05592686976529719,0.0021794065833091736,-0.07387839853763581,0.07137676328420638,0.047227709877785524,10.943731307983398,-0.0006648594848313938,0.04343626211990999,-0.0006718601216562092,-0.055024565756320955,0.055411341041326535,0.029340361268352235,11.925939559936523,-1.3291923683235929e-05,0.02425281597736639,0.0002575503895059228,-0.030983611941337585,0.030585190281271935
F:\Seminario\Seminario-Clustering\datasets\davi\Al Emadi (2019)\Multiclass_Drone_Audio\unknown\5-177034-A-184.wav,Multiclass_Drone_Audio\unknown\5-177034-A-184.wav,al_emadi,5-177034-A-184,0.95975,0.19584195933579945,8.18620491027832,-0.0022571407956712883,0.06452047059009,-0.0021338382503017783,-0.07372557744383812,0.06600185856223106,0.307883169976481,8.410383224487305,-0.0021913628878816207,0.08091779641874602,-0.0037661994574591517,-0.09305619075894356,0.0905136913061142,0.16100786986828658,9.748563766479492,-0.0009440718391217306,0.04167856486948572,0.001027915917802602,-0.05352360270917415,0.05023160874843598,0.2931694955978167,10.53209114074707,-8.622660878556388e-05,0.03992210683786795,0.0008689213718753308,-0.04813036657869816,0.04778440296649932,0.042097505221616295,11.489816665649414,-1.598173238163183e-05,0.010716594014486918,-5.228326881479006e-05,-0.012711210548877716,0.012705981452018022
F:\Seminario\Seminario-Clustering\datasets\davi\Al Emadi (2019)\Multiclass_Drone_Audio\unknown\4-204119-A-393.wav,Multiclass_Drone_Audio\unknown\4-204119-A-393.wav,al_emadi,4-204119-A-393,1.0216875,0.0,-0.0,0.0,0.0,0.0,0.0,0.0,0.0,-0.0,0.0,0.0,0.0,0.0,0.0,0.0,-0.0,0.0,0.0,0.0,0.0,0.0,0.0,-0.0,0.0,0.0,0.0,0.0,0.0,0.0,-0.0,0.0,0.0,0.0,0.0,0.0
F:\Seminario\Seminario-Clustering\datasets\davi\Al Emadi (2019)\Multiclass_Drone_Audio\unknown\4-198962-A-254.wav,Multiclass_Drone_Audio\unknown\4-198962-A-254.wav,al_emadi,4-198962-A-254,0.95975,0.9495967662115432,6.5832366943359375,0.00014993883564968965,0.026066820584582047,0.00027844471333082765,-0.01694641262292862,0.01673817913979292,0.046023983120891364,4.438228607177734,-3.499145350677855e-05,0.005738648634465638,-1.1335437193338294e-05,-0.0013755356194451451,0.0014407344860956073,0.002542146606346074,6.606807708740234,1.4731849301805719e-06,0.0009605406603571232,-1.1775353847554015e-07,-0.0005298143310938031,0.0005099525325931609,0.0008485734142132023,8.157891273498535,6.130873393424181e-06,0.0003937880326356433,-1.8301055320080195e-06,-0.00025993631570599975,0.00027153232949785885,0.0009885306470061017,7.865812301635742,1.4631399703423994e-07,0.0003011199013174573,2.6429671784455877e-08,-0.00015450025239260867,0.00015247494156938048
F:\Seminario\Seminario-Clustering\datasets\davi\Al Emadi (2019)\Multiclass_Drone_Audio\unknown\1-17808-B-120.wav,Multiclass_Drone_Audio\unknown\1-17808-B-120.wav,al_emadi,1-17808-B-120,1.0216875,0.995955983969899,8.953217506408691,0.00012829780778785427,0.1491392048276251,0.003818235476501286,-0.1997297391295433,0.18998916000127794,0.001328950762901418,8.646800994873047,0.0001355720903731486,0.00544617792914929,0.0001399594548274763,-0.00655148308724165,0.0065399235114455305,0.001034097456164747,9.688676834106445,-7.942555052436749e-05,0.003420116792521143,-3.503522020764649e-05,-0.004263520520180464,0.004046264337375759,0.00108055302859125,10.767399787902832,-7.780668026299537e-05,0.0024799717107505705,-9.081907046493143e-05,-0.003139485442079603,0.002976780734024943,0.0006004147824435201,11.512588500976562,2.1932484539346555e-06,0.0013100525110257026,-1.7419105233784649e-06,-0.0015550920041278004,0.0015602426952682437
F:\Seminario\Seminario-Clustering\datasets\davi\Al Emadi (2019)\Multiclass_Drone_Audio\bebop_1\mixed_61-bebop_004_.wav,Multiclass_Drone_Audio\bebop_1\mixed_61-bebop_004_.wav,al_emadi,mixed_61-bebop_004,0.904,0.28232640463257536,6.1681647300720215,-0.0004861302614346864,0.12434359916500479,-1.2951823009643704e-05,-0.078595831990242,0.0760025829076767,0.06133269627964976,8.515073776245117,-0.001687084053323825,0.05793125370535111,-0.001267020357772708,-0.07162163406610489,0.06777462363243103,0.1877833197216853,9.618770599365234,0.00026285111445770865,0.07227202981882579,0.0002495439548511058,-0.0891442984342575,0.08989212661981583,0.3112272724866636,10.42971134185791,0.00021376328717174467,0.06605272750769738,0.00040738508687354624,-0.07949155271053314,0.07805630117654802,0.15733030687942598,10.971612930297852,-9.167305863144544e-05,0.033272177513087614,0.0001501710430602543,-0.03511938452720642,0.03526518493890762
F:\Seminario\Seminario-Clustering\datasets\davi\Al Emadi (2019)\Multiclass_Drone_Audio\membo_1\mixed_membo_29-membo_002_.wav,Multiclass_Drone_Audio\membo_1\mixed_membo_29-membo_002_.wav,al_emadi,mixed_membo_29-membo_002,1.024,0.6085904886088496,8.810352325439453,0.007053332519675977,0.40711198967770085,0.02720688469707966,-0.5047925710678101,0.5063593983650208,0.1311874253288583,8.850440979003906,0.0015657226111485997,0.1890373821190213,0.0025123695377260447,-0.23071463406085968,0.2433074563741684,0.1512637288136361,9.39695930480957,0.011753576474145462,0.14406049872616386,0.007217695936560631,-0.14672284126281737,0.1784308284521102,0.09506619272227687,10.138160705566406,-0.0007096717316886088,0.08130624698477927,-0.0012371890479698777,-0.08328197747468948,0.08210129737854006,0.013892164526379149,11.798449516296387,4.000174215213914e-05,0.022015894430396605,0.0003563623613445088,-0.02735690027475357,0.027177483774721622
F:\Seminario\Seminario-Clustering\datasets\davi\Al Emadi (2019)\Multiclass_Drone_Audio\unknown\1-101336-A-303.wav,Multiclass_Drone_Audio\unknown\1-101336-A-303.wav,al_emadi,1-101336-A-303,1.0216875,0.0,-0.0,0.0,0.0,0.0,0.0,0.0,0.0,-0.0,0.0,0.0,0.0,0.0,0.0,0.0,-0.0,0.0,0.0,0.0,0.0,0.0,0.0,-0.0,0.0,0.0,0.0,0.0,0.0,0.0,-0.0,0.0,0.0,0.0,0.0,0.0
F:\Seminario\Seminario-Clustering\datasets\davi\Al Emadi (2019)\Multiclass_Drone_Audio\unknown\5-156999-E-193.wav,Multiclass_Drone_Audio\unknown\5-156999-E-193.wav,al_emadi,5-156999-E-193,1.0216875,0.9000428586706778,8.951667785644531,-0.8649896967503818,1.3329885966257171,-0.9105014801025391,-2.327273941040039,0.5734097480773932,0.08476695952689423,8.281773567199707,0.012108907918056975,0.4875106999753954,0.013873719610273838,-0.510966169834137,0.5261688172817232,0.014514673069958626,9.401063919067383,0.000614559698138477,0.1436513781413282,3.0551571398973465e-05,-0.16148424744606016,0.15707931667566297,0.0006372760110311225,10.28460693359375,4.3462805049336844e-05,0.021356647158772803,-1.326775645793532e-05,-0.023289292491972445,0.02362350206822162,3.823272143823384e-05,10.113020896911621,1.3873988589956161e-05,0.0037051946467349032,9.231082003680058e-06,-0.003151099127717316,0.003190120006911457
F:\Seminario\Seminario-Clustering\datasets\davi\Al Emadi (2019)\Multiclass_Drone_Audio\unknown\1-21421-A-463.wav,Multiclass_Drone_Audio\unknown\1-21421-A-463.wav,al_emadi,1-21421-A-463,1.0216875,0.3150459047621863,9.084489822387695,0.0027343049246190427,0.41662843510617215,-0.001786332344636321,-0.5221237719058991,0.5241104602813728,0.28650878607520436,8.899110794067383,-0.0009646986933106927,0.3973187277128503,-0.008963433094322681,-0.4947351962327957,0.49291544556617745,0.22910164568638708,9.305073738098145,4.114289231702183e-05,0.2529244493329343,-1.3613564078696072e-05,-0.2842402905225754,0.281021037697792,0.14678700191501648,10.490478515625,0.000249243381155236,0.14364149283425026,0.0010404640343040228,-0.16695821732282637,0.16327703148126607,0.02255666156120577,10.108282089233398,-4.71494635627648e-05,0.039884133692455526,-0.00022127238480607048,-0.03405790477991104,0.035532535985112204
F:\Seminario\Seminario-Clustering\datasets\davi\Al Emadi (2019)\Multiclass_Drone_Audio\bebop_1\mixed_32-bebop_001_.wav,Multiclass_Drone_Audio\bebop_1\mixed_32-bebop_001_.wav,al_emadi,mixed_32-bebop_001,1.024,0.5192510566587979,8.871517181396484,0.012175927409797208,0.29693040916247837,0.011184201575815678,-0.3447912335395813,0.3798172175884247,0.25816518480168044,8.307655334472656,-0.004166487529716283,0.20950468654874246,-0.002756564412266016,-0.24067799746990204,0.21691317856311798,0.09532847347430624,9.472549438476562,-0.00034976331591860535,0.09066519175984615,-0.0007859432371333241,-0.10585212856531143,0.10186727941036224,0.09514654939531103,10.60713005065918,-9.706894359423984e-05,0.06427435335817257,0.0010554429609328508,-0.07740725427865981,0.07613711506128312,0.03210873566990432,11.896077156066895,5.104296861140753e-05,0.02644704623015994,0.0003104563074884936,-0.033137112855911255,0.0334340650588274
F:\Seminario\Seminario-Clustering\datasets\davi\Al Emadi (2019)\Multiclass_Drone_Audio\bebop_1\mixed_63-bebop_003_.wav,Multiclass_Drone_Audio\bebop_1\mixed_63-bebop_003_.wav,al_emadi,mixed_63-bebop_003,1.024,0.678593415839713,8.86278247833252,0.01118034511280878,0.31912730745502504,0.021475274115800858,-0.37316960096359253,0.4023693799972534,0.06933706113615018,8.687374114990234,0.0007539798483201794,0.10206959305185274,-0.0005994253442622721,-0.11761803925037384,0.12061409652233124,0.05440923528191619,9.863353729248047,-0.00056062655161931,0.06437942221241302,-0.0008426711428910494,-0.08194652795791625,0.07867174595594406,0.09003398524410915,10.759658813476562,0.001436694974253485,0.058750268675980294,0.0021652020514011383,-0.07019224762916565,0.07341642826795577,0.10762630249811143,11.712804794311523,0.0001224818024954404,0.04551125076923823,-8.908242671168409e-05,-0.054017577320337296,0.05523218959569931
F:\Seminario\Seminario-Clustering\datasets\davi\Al Emadi (2019)\Multiclass_Drone_Audio\membo_1\Membo_2_015-membo_000_.wav,Multiclass_Drone_Audio\membo_1\Membo_2_015-membo_000_.wav,al_emadi,Membo_2_015-membo_000,1.024,0.7589780762708587,8.773119926452637,0.0011202602910806284,0.13579875121832805,-0.003998689353466034,-0.14924703538417816,0.16568413376808167,0.013164120692544743,9.147012710571289,3.88417507889109e-05,0.017885077736936185,-0.0013462206115946174,-0.021932974457740784,0.023116983473300934,0.024579614253518543,10.032535552978516,-0.00011128150438524133,0.017401083511554838,0.0003557212185114622,-0.0232330460101366,0.02290000505745411,0.09601906265532331,10.926243782043457,3.943851429786108e-05,0.024405348539725674,-7.938057387946174e-05,-0.031581486016511916,0.03158811554312706,0.1072591261277547,11.940135955810547,-4.046249672995294e-06,0.0182704247478843,-8.426964268437587e-05,-0.023252665996551514,0.023489901795983315
F:\Seminario\Seminario-Clustering\datasets\davi\Al Emadi (2019)\Multiclass_Drone_Audio\membo_1\mixed_membo_14-membo_000_.wav,Multiclass_Drone_Audio\membo_1\mixed_membo_14-membo_000_.wav,al_emadi,mixed_membo_14-membo_000,1.024,0.906712340503916,8.97642707824707,-0.0012319392848168023,0.09751837811812665,-0.005738615058362484,-0.1217128336429596,0.12241662293672562,0.05606846418551872,8.812957763671875,-0.00012621121254510265,0.02425156712168331,0.0004874281585216522,-0.029632432386279106,0.02906004711985588,0.01284516797239616,9.972148895263672,-3.959050228452469e-05,0.008265192670412307,-9.121833863900974e-05,-0.01036734078079462,0.010914609394967554,0.010980056057456843,10.987493515014648,0.00010124379421434946,0.005421554644158306,0.00016810868692118675,-0.0069765160791575905,0.007195641472935677,0.01339397128071225,11.927220344543457,-3.867963848970408e-06,0.00424205642471269,1.2921017969347304e-05,-0.0053991032764315605,0.005336023168638349
F:\Seminario\Seminario-Clustering\datasets\davi\Al Emadi (2019)\Multiclass_Drone_Audio\unknown\3-103401-C-334.wav,Multiclass_Drone_Audio\unknown\3-103401-C-334.wav,al_emadi,3-103401-C-334,0.95975,0.0111464036779237,8.716239929199219,0.0009695396711986381,0.021847273706530633,0.00036534796527121216,-0.026224149391055107,0.027866209857165813,0.09134214049935108,8.672221183776855,-0.0008808452273002574,0.06259644768964236,-0.000284961293800734,-0.08171581476926804,0.07806446775794029,0.5062447000507144,9.209249496459961,0.0019295321063971208,0.1049431962749782,0.0002773274027276784,-0.12075318172574043,0.12461242675781253,0.3051751625886049,9.974716186523438,7.683054063930337e-05,0.057833052290930075,-2.926264005509438e-05,-0.061629322543740254,0.06299680471420288,0.08609159318340595,10.348348617553711,6.613770721491193e-06,0.0217598680880026,2.1344635570130777e-05,-0.01890075746923685,0.018344773724675186
F:\Seminario\Seminario-Clustering\datasets\davi\Al Emadi (2019)\Multiclass_Drone_Audio\unknown\2-81731-A-104.wav,Multiclass_Drone_Audio\unknown\2-81731-A-104.wav,al_emadi,2-81731-A-104,0.95975,0.07154350102134073,8.637755393981934,0.00039336500867832765,0.013345746903734277,0.000435954105341807,-0.0162568436935544,0.016220533289015293,0.08364872812915732,8.819976806640625,0.0004364631036125878,0.01443036977117988,7.811385148670524e-05,-0.017813713289797306,0.01862206030637026,0.14393328983763023,9.598180770874023,-0.00024194943389885064,0.013484890770662712,-0.0003703941620187834,-0.016471602395176886,0.01623821649700404,0.2392756251992784,8.432929992675781,0.00011809312311788509,0.012340152421694436,0.00013483779184753075,-0.010791518166661261,0.011257591284811496,0.46159885581259336,9.160347938537598,5.8278821105842194e-05,0.01214206460719624,-1.4590960745408665e-05,-0.00950856963172555,0.009655585791915661
F:\Seminario\Seminario-Clustering\datasets\davi\Al Emadi (2019)\Multiclass_Drone_Audio\bebop_1\mixed_61-bebop_002_.wav,Multiclass_Drone_Audio\bebop_1\mixed_61-bebop_002_.wav,al_emadi,mixed_61-bebop_002,1.024,0.8314371427820643,8.188127517700195,0.004570613002179051,0.4350166384817362,0.0026153551880270243,-0.4432153105735779,0.47487032413482666,0.05587529986343346,7.9560136795043945,-0.001980707209593183,0.11276078397540966,-0.0034927374217659235,-0.1167788878083229,0.11425689607858658,0.0737724159317254,9.725988388061523,0.0002609125536554908,0.09227034162774267,-5.828175744682085e-06,-0.11722560226917267,0.12289697974920266,0.02205009945273887,10.44623851776123,0.00039365835604962844,0.03579357597235276,0.00018982945766765624,-0.04024246707558632,0.040567934513092055,0.01686504197003802,10.924911499023438,-3.483919087171377e-05,0.022173993234691006,3.5115794162265956e-05,-0.021822882816195488,0.02208129409700632
F:\Seminario\Seminario-Clustering\datasets\davi\Al Emadi (2019)\Multiclass_Drone_Audio\bebop_1\B_S2_D1_093-bebop_002_.wav,Multiclass_Drone_Audio\bebop_1\B_S2_D1_093-bebop_002_.wav,al_emadi,B_S2_D1_093-bebop_002,1.024,0.8978298033008499,6.955291748046875,-0.0028643371494212005,0.5175823206504641,0.0017122556455433369,-0.40862229466438293,0.4010637402534485,0.007154474946207325,8.210658073425293,-0.00021093726933173494,0.04620334391626323,-0.0007223949651233852,-0.048199255019426346,0.053403906524181366,0.02268474095555027,9.958390235900879,-0.0006621426169435785,0.058577380606066355,-0.0010314916726201773,-0.07705210894346237,0.07383424788713454,0.04217616178108441,10.931365966796875,0.002048842427433567,0.056643437197066396,0.0025387555360794067,-0.07085360437631608,0.0741488754749298,0.030154819016308013,11.94942569732666,8.133443649678989e-06,0.03394712614361827,1.5464562693523476e-05,-0.043155789375305176,0.04290122911334038
F:\Seminario\Seminario-Clustering\datasets\davi\Al Emadi (2019)\Multiclass_Drone_Audio\unknown\2-32515-A-44.wav,Multiclass_Drone_Audio\unknown\2-32515-A-44.wav,al_emadi,2-32515-A-44,0.95975,0.0028756902572447036,7.736419677734375,-0.003093067873721521,0.042082940074654,-0.00175170146394521,-0.04571795463562012,0.04164271242916584,0.04589105484980897,6.891818046569824,-0.0008573408084078974,0.1685634171357231,-0.00043831003131344914,-0.08019702136516571,0.08160566538572311,0.3818959101192668,7.9982500076293945,0.009725576342894228,0.34617558400412385,0.0019838124280795455,-0.16473002433776854,0.19019100219011345,0.5652319105967057,8.778894424438477,0.00012720057855231863,0.2989943764487874,-0.0003089782258030027,-0.15066591352224348,0.13582663685083382,0.004105434176973715,8.229766845703125,4.7700865816812106e-05,0.018051021458186413,-2.8157569431641605e-05,-0.007138418545946479,0.007567523512989299
F:\Seminario\Seminario-Clustering\datasets\davi\Al Emadi (2019)\Multiclass_Drone_Audio\unknown\4-180453-A-174.wav,Multiclass_Drone_Audio\unknown\4-180453-A-174.wav,al_emadi,4-180453-A-174,0.95975,0.03483687384026226,6.094435691833496,0.00016708580028903887,0.009169313965287411,0.00022440592874772847,-0.00540862581692636,0.0055871689692139626,0.002738055266991857,5.213388442993164,5.903067180041182e-05,0.0025703719614684753,-2.5901983917719917e-06,-0.0006833793304394931,0.0006822524883318692,0.04565133890666364,7.812355995178223,-5.209497101869117e-05,0.007476457593452384,-1.2979985967831453e-05,-0.005292795924469827,0.004832159820944072,0.8873024297586266,7.931543827056885,1.0542140199319539e-05,0.023392140601620617,-4.332649496063823e-06,-0.006095826299861073,0.0055699472315609445,0.029471302227455663,8.65683364868164,1.254367889335617e-06,0.003020006138903937,-3.1743739725698106e-07,-0.0005043108132667839,0.00048568137572147017
F:\Seminario\Seminario-Clustering\datasets\davi\Al Emadi (2019)\Multiclass_Drone_Audio\bebop_1\B_S2_D1_100-bebop_002_.wav,Multiclass_Drone_Audio\bebop_1\B_S2_D1_100-bebop_002_.wav,al_emadi,B_S2_D1_100-bebop_002,1.024,0.7095261225445079,8.70750617980957,-0.003583373625013538,0.34919838860611907,-0.029773887246847153,-0.41006433963775635,0.4360738694667816,0.019001859537790437,8.894851684570312,0.0009601176350166379,0.05714097446577142,-0.00013941072393208742,-0.0690498799085617,0.07483421266078949,0.06497260120674293,9.932315826416016,2.4872675087631083e-06,0.0752450119188026,0.0004333815595600754,-0.0954782485961914,0.09692657738924025,0.12785496225551257,10.95655345916748,0.0004899584299014329,0.07489819077150041,-0.00022322915901895612,-0.09389905631542206,0.09799363613128663,0.07864445445544624,11.925504684448242,1.14405649054033e-05,0.04160835330055091,0.00039620421011932194,-0.05400978960096836,0.05273134633898735
F:\Seminario\Seminario-Clustering\datasets\davi\Al Emadi (2019)\Multiclass_Drone_Audio\membo_1\Membo_1_029-membo_003_.wav,Multiclass_Drone_Audio\membo_1\Membo_1_029-membo_003_.wav,al_emadi,Membo_1_029-membo_003,1.024,0.8328303794378678,7.958763599395752,0.0013303809837357527,0.1903221119704024,0.0006757094524800777,-0.17921718955039978,0.1850816160440445,0.01694401326192125,9.072281837463379,0.00021236260377731453,0.027146660797005194,0.0002507717290427536,-0.0362241193652153,0.03582349047064781,0.03476935389466583,9.851078987121582,-0.0003874088744756412,0.027687202671335544,-0.0005920664989389479,-0.03460782319307327,0.03379941359162329,0.05574285704227289,10.930477142333984,-9.379107783052235e-05,0.02487849019341822,0.000305564928567037,-0.03202223405241966,0.0309606708586216,0.05971339636327223,11.95390796661377,-2.3847318308187673e-05,0.018238649662728684,0.000380637968191877,-0.02339902613312006,0.02291374746710062
F:\Seminario\Seminario-Clustering\datasets\davi\Al Emadi (2019)\Multiclass_Drone_Audio\unknown\1-36397-A-232.wav,Multiclass_Drone_Audio\unknown\1-36397-A-232.wav,al_emadi,1-36397-A-232,0.97525,0.9858530518951473,6.7723469734191895,-0.00011937149428635767,0.0021402336671075568,0.0,-0.0012955140206031498,0.0003244875988457352,0.006105028113687177,6.075860023498535,-4.9258692083043955e-06,0.00016861186882389452,0.0,-6.213410924829075e-05,2.575041435193268e-05,0.003447726215634313,7.303398132324219,-2.450201705912064e-06,9.025811922686281e-05,0.0,-4.028231851407327e-05,2.5826591809163964e-05,0.0021859911205437768,8.6158447265625,-2.888617251223485e-07,5.101840135502545e-05,0.0,-2.315106612513773e-05,1.8880218522099337e-05,0.002408202654987511,9.455001831054688,8.277620605683178e-07,3.792400787036223e-05,0.0,-1.1439097761467565e-05,1.6819429220049642e-05
F:\Seminario\Seminario-Clustering\datasets\davi\Al Emadi (2019)\Multiclass_Drone_Audio\unknown\4-156993-A-191.wav,Multiclass_Drone_Audio\unknown\4-156993-A-191.wav,al_emadi,4-156993-A-191,1.0216875,0.7191998186982024,8.266109466552734,-0.003069243064476355,0.3594198785073296,0.013706759549677372,-0.4018460184335709,0.3692347526550295,0.20012439834214654,8.161169052124023,0.0021502598997948422,0.18958991096053207,-0.0017395965405739844,-0.1991314172744751,0.20466357171535507,0.06049675079065769,9.123028755187988,-0.0005883674547135508,0.0742080272152847,-0.0009577429154887795,-0.07631483301520348,0.07801436185836792,0.016136148739155837,10.256854057312012,-7.863448489844765e-05,0.02719297295966814,0.0001760135273798369,-0.029267654195427893,0.02993431072682143,0.004042883429837508,10.613304138183594,5.0255946837290956e-06,0.009641184998605678,1.7332702554995194e-05,-0.00871699247509241,0.008938527759164573
F:\Seminario\Seminario-Clustering\datasets\davi\Al Emadi (2019)\Multiclass_Drone_Audio\unknown\4-156827-A-463.wav,Multiclass_Drone_Audio\unknown\4-156827-A-463.wav,al_emadi,4-156827-A-463,1.0216875,0.39872787718129443,9.160768508911133,-0.003432034843428885,0.8694021283700855,-0.0035213851369917393,-1.1838363409042358,1.1457783102989203,0.32110905793911987,9.055440902709961,0.027827274443746993,0.7797145797336551,0.04563169553875923,-0.9796346664428711,1.0167026638984682,0.19055856788817227,9.917645454406738,-0.004789047015405463,0.4278368462325233,0.006522974232211709,-0.5525907158851623,0.5482947885990141,0.0867984049891138,10.404964447021484,8.832452988825959e-05,0.20488352703326776,-0.0022441904293373227,-0.22436378449201583,0.23399543166160583,0.0028060920022995894,11.063885688781738,-4.394083740121039e-06,0.026093266774036842,-7.504661334678531e-05,-0.026278046518564222,0.02693419381976128
F:\Seminario\Seminario-Clustering\datasets\davi\Al Emadi (2019)\Multiclass_Drone_Audio\unknown\3-110913-B-74.wav,Multiclass_Drone_Audio\unknown\3-110913-B-74.wav,al_emadi,3-110913-B-74,0.95975,0.7976807740018482,8.827152252197266,0.0013547717784379105,0.20444980487329145,-0.0021463255980052054,-0.25697797536849976,0.2659110426902771,0.12375034026421855,8.347982406616211,-0.0015959198215746006,0.08051366082830504,-0.0029262833995744586,-0.0952177569270134,0.09514005854725838,0.05921979727030454,9.598099708557129,0.0007267447013946591,0.03966729511151285,0.00024269687855849043,-0.0490559883415699,0.05052906014025212,0.016036636567994506,10.323957443237305,-0.00017906334221176804,0.014650440965547077,-7.221317900985014e-05,-0.016761046089231967,0.0163554597645998,0.0033124518956341564,11.447336196899414,2.851193535427055e-05,0.00471701609368194,-2.8290223212934507e-06,-0.005370592093095183,0.005524975294247271
F:\Seminario\Seminario-Clustering\datasets\davi\Al Emadi (2019)\Multiclass_Drone_Audio\unknown\2-76868-A-63.wav,Multiclass_Drone_Audio\unknown\2-76868-A-63.wav,al_emadi,2-76868-A-63,1.0216875,0.08701138913666173,8.558905601501465,-0.0004887440349790712,0.10526778172312563,-0.0008533017244189978,-0.11984332129359244,0.12094664797186863,0.25161920407382926,7.19731330871582,0.00307893675055818,0.1789862749309261,0.001279770047403872,-0.11983634531497955,0.11716707348823555,0.5178750434423917,7.600747108459473,-0.000307011219712931,0.18282237732042755,-0.00025185602135024965,-0.08263616785407066,0.08359512835741043,0.08434081210962828,8.442173957824707,-0.0002366589935975324,0.0523470201405236,-0.00013394427514867857,-0.02344204317778349,0.025623174756765368,0.059153551237489076,9.101595878601074,-1.562621519376983e-05,0.031052328133463838,2.1504170035768766e-05,-0.010925227869302034,0.010964236687868834
F:\Seminario\Seminario-Clustering\datasets\davi\Al Emadi (2019)\Multiclass_Drone_Audio\unknown\1-34094-B-53.wav,Multiclass_Drone_Audio\unknown\1-34094-B-53.wav,al_emadi,1-34094-B-53,1.0216875,0.028375824642604075,8.96629524230957,0.014566492457964798,0.03402636324961702,0.01351609406992793,-0.02902223654091358,0.05878783240914345,0.1451549689482704,8.717511177062988,0.0006338510566882816,0.08371161959550263,-0.0003207036788808182,-0.10329941883683205,0.1050538070499897,0.4334822445401131,9.724431991577148,-0.0009180645599778299,0.10298074285816534,-0.0010723654995672405,-0.1294943407177925,0.13295790553092957,0.38009033046874263,10.666345596313477,0.00011884364280499632,0.06842115925993086,-2.3445893020834774e-05,-0.08796741291880608,0.08757673725485803,0.012896631400269825,11.309245109558105,-2.6243197088735302e-05,0.008927097161414405,0.00011093655484728515,-0.01024652300402522,0.010156399291008712
F:\Seminario\Seminario-Clustering\datasets\davi\Al Emadi (2019)\Multiclass_Drone_Audio\unknown\4-186940-A-441.wav,Multiclass_Drone_Audio\unknown\4-186940-A-441.wav,al_emadi,4-186940-A-441,1.0216875,0.5296651984376418,9.3929443359375,0.011827364793662266,0.876981876262044,0.02485640812665224,-1.1416315913200379,1.1632073283195499,0.2698336699022163,8.872626304626465,0.1227526794648887,0.6138513380593207,0.09478519484400749,-0.6621266782283783,0.947994422912598,0.1436869497897534,9.980987548828125,0.007637217673407478,0.3251049906460074,0.00523219583556056,-0.4205167144536972,0.4339403718709945,0.04646209528391973,10.965670585632324,-0.0004946242927899832,0.13120220568394664,-0.0008496407244820148,-0.16925243139266968,0.16845784932374955,0.010352086586468698,11.91885757446289,-7.031200090965466e-05,0.04386665540680006,0.00044094608165323734,-0.05630569532513618,0.05582854375243188
F:\Seminario\Seminario-Clustering\datasets\davi\Al Emadi (2019)\Multiclass_Drone_Audio\bebop_1\B_S2_D1_106-bebop_004_.wav,Multiclass_Drone_Audio\bebop_1\B_S2_D1_106-bebop_004_.wav,al_emadi,B_S2_D1_106-bebop_004,0.896,0.9415259401121341,8.441219329833984,0.022198224692755023,0.5304780228289945,0.006944181397557259,-0.5679429769515991,0.6505213141441345,0.01295524597241649,6.976917266845703,-0.0009994603690127125,0.06227275115748644,-0.0002047455491265282,-0.05648519694805145,0.051374166458845176,0.015052313612679587,9.120957374572754,-0.0006900035402631346,0.047842186649956896,-0.00022410550445783883,-0.05498005002737045,0.05032281652092935,0.018923547160777307,10.247013092041016,-0.0003324789996482441,0.03808589123993296,0.00019914910080842674,-0.045179218798875806,0.04176827892661094,0.011542953141992565,11.269989967346191,-3.26230018102168e-05,0.02107498369805218,-1.8951586753246374e-06,-0.023506840132176875,0.024086575023829947
F:\Seminario\Seminario-Clustering\datasets\davi\Al Emadi (2019)\Multiclass_Drone_Audio\unknown\1-103995-A-302.wav,Multiclass_Drone_Audio\unknown\1-103995-A-302.wav,al_emadi,1-103995-A-302,0.97525,0.0,-0.0,0.0,0.0,0.0,0.0,0.0,0.0,-0.0,0.0,0.0,0.0,0.0,0.0,0.0,-0.0,0.0,0.0,0.0,0.0,0.0,0.0,-0.0,0.0,0.0,0.0,0.0,0.0,0.0,-0.0,0.0,0.0,0.0,0.0,0.0
F:\Seminario\Seminario-Clustering\datasets\davi\Al Emadi (2019)\Multiclass_Drone_Audio\bebop_1\mixed_21-bebop_003_.wav,Multiclass_Drone_Audio\bebop_1\mixed_21-bebop_003_.wav,al_emadi,mixed_21-bebop_003,1.024,0.6002433905601705,8.753799438476562,-0.0007322085965228719,0.22776966897320597,0.0036532722879201174,-0.28081196546554565,0.2648819088935852,0.12807544646479838,8.825468063354492,0.0023925306515185096,0.10518530562647496,0.008445054292678833,-0.12714838981628418,0.12577912211418152,0.08858670784637894,9.913421630859375,0.0008276611780150672,0.062299149565864936,-0.000531699217390269,-0.07801839113235473,0.07896191924810408,0.11039719302075184,10.963071823120117,0.0008553250548665333,0.049346818716260454,0.00073891511419788,-0.061705493927001955,0.06347061693668368,0.07269726210790033,11.90905475616455,0.00015950612563891622,0.028367574850109177,-7.652709427929949e-06,-0.03559764847159386,0.03597761690616608
F:\Seminario\Seminario-Clustering\datasets\davi\Al Emadi (2019)\Multiclass_Drone_Audio\unknown\3-104761-A-71.wav,Multiclass_Drone_Audio\unknown\3-104761-A-71.wav,al_emadi,3-104761-A-71,1.0216875,0.984953287216025,7.937475681304932,-0.01431374308450907,0.4164801774259153,-0.01639603078365326,-0.39886053204536437,0.3763346046209336,0.008696355525912098,8.205320358276367,-0.0014905955399453124,0.039128808697194754,-0.0005749230331275612,-0.04558230116963387,0.03950591087341309,0.0032408310661191726,9.626991271972656,3.179706971825854e-05,0.017016713578403665,-1.4942680991225643e-05,-0.020490802638232705,0.01972562950104475,0.0010697258584740576,10.588981628417969,2.8925064212790604e-05,0.006936505792172943,0.00012462527956813574,-0.008310852479189635,0.00837298119440675,0.002039800333469671,11.34544563293457,-1.4637692001730355e-05,0.006784649433797366,-4.687992623075843e-05,-0.007552289962768554,0.00751734571531415
F:\Seminario\Seminario-Clustering\datasets\davi\Al Emadi (2019)\Multiclass_Drone_Audio\bebop_1\mixed_37-bebop_001_.wav,Multiclass_Drone_Audio\bebop_1\mixed_37-bebop_001_.wav,al_emadi,mixed_37-bebop_001,1.024,0.6094526344892849,8.248025894165039,-0.002359511363662874,0.12758700873561432,-0.0065673175267875195,-0.1322488784790039,0.1323511302471161,0.026149680717973793,8.864225387573242,-0.00041981241997940817,0.026429512945641775,-0.0007002773345448077,-0.032375629991292953,0.032840486615896225,0.08731782530574181,9.981383323669434,-0.0004405986285900617,0.03438969084514854,-0.0010900618508458138,-0.044532114267349245,0.04470595717430114,0.16368417597359797,10.938920974731445,-0.0002900707218429957,0.033412474878237515,0.0001364142808597535,-0.044175023585557936,0.04247696101665497,0.1133956835134015,11.952739715576172,1.658077702760255e-05,0.019699013007838023,-0.00022064713266445324,-0.025481858290731907,0.0251141507178545
F:\Seminario\Seminario-Clustering\datasets\davi\Al Emadi (2019)\Multiclass_Drone_Audio\bebop_1\B_S2_D1_077-bebop_004_.wav,Multiclass_Drone_Audio\bebop_1\B_S2_D1_077-bebop_004_.wav,al_emadi,B_S2_D1_077-bebop_004,0.896,0.4736449746961292,8.22125244140625,-0.011421288799467766,0.19955118925940896,-0.005719626788049936,-0.212635338306427,0.20544559061527265,0.02574477106163867,8.716337203979492,-0.0008093316385089617,0.046592608540944255,-0.0027635458391159773,-0.06028657853603363,0.05826045572757722,0.11243416790451549,9.677142143249512,-0.001307589406884469,0.0693958474607867,-0.0014401879161596298,-0.0858733370900154,0.08321831226348878,0.2385298872928495,10.776911735534668,0.000705536134082599,0.07176895933265182,0.0007495384197682142,-0.09167732894420623,0.09121137708425521,0.14964619904486712,11.778045654296875,0.00038306589353847653,0.04027442665384069,0.00033888735924847424,-0.05128560289740562,0.051525818556547184
F:\Seminario\Seminario-Clustering\datasets\davi\Al Emadi (2019)\Multiclass_Drone_Audio\unknown\1-101404-A-340.wav,Multiclass_Drone_Audio\unknown\1-101404-A-340.wav,al_emadi,1-101404-A-340,1.0216875,0.024239848811510957,5.40467643737793,0.001339083879985286,0.04337517250990157,6.87781812303001e-05,-0.012261984031647443,0.03099907860159875,0.02858955947565602,4.325929164886475,0.0022178867077929194,0.04707663638461986,-4.4185622755321674e-05,-0.013582764752209186,0.01645842958241702,0.25891526263241804,4.913321495056152,0.00014103549491538815,0.10096408236418478,1.0366591141064418e-05,-0.03132400978356598,0.030170407146215435,0.3742928112896148,6.304007530212402,-0.00026500771986251513,0.08612956378967608,5.467018615590291e-09,-0.02423110883682966,0.024147062376141552,0.3139625177908002,8.335578918457031,-0.0003735459398956342,0.05587326191198119,4.645159101812624e-08,-0.022035976871848106,0.02065288405865432
F:\Seminario\Seminario-Clustering\datasets\davi\Al Emadi (2019)\Multiclass_Drone_Audio\bebop_1\B_S2_D1_078-bebop_000_.wav,Multiclass_Drone_Audio\bebop_1\B_S2_D1_078-bebop_000_.wav,al_emadi,B_S2_D1_078-bebop_000,1.024,0.28080356238678456,8.824577331542969,-0.002209258684835868,0.1378330747223786,0.0003533531853463501,-0.16245977580547333,0.1667441427707672,0.04775904748238904,9.015985488891602,0.00040413115086524647,0.056849253445950675,-0.0009699764777906239,-0.07225193083286285,0.07102017849683762,0.15373642865322545,10.011236190795898,0.0005557287222385204,0.07262485765076428,-0.00042861062684096396,-0.09005981534719466,0.09475966244935989,0.3036067187763279,10.975881576538086,-0.0009487838531941915,0.0724164533556328,-0.0018450947245582938,-0.09232997000217437,0.09187413603067401,0.21409424270127306,11.946824073791504,4.522290488125109e-05,0.04307703145203671,-0.00015018753038020805,-0.05468009226024151,0.055364035069942474
F:\Seminario\Seminario-Clustering\datasets\davi\Al Emadi (2019)\Multiclass_Drone_Audio\unknown\1-68670-A-342.wav,Multiclass_Drone_Audio\unknown\1-68670-A-342.wav,al_emadi,1-68670-A-342,0.97525,0.005525040523304627,6.28323221206665,0.004313785546362928,0.03621401422221503,0.003765955683775246,-0.015198470279574394,0.03132745940238237,0.03296995489649303,5.403926372528076,0.0018550950710195246,0.08907041230658319,5.82587508688448e-05,-0.009255563654005526,0.01780045609921217,0.2231568009624569,6.52709436416626,0.0002096244937497086,0.165091036704838,6.091844625188969e-05,-0.028505226597189903,0.02817704789340502,0.1995016328788029,7.475637912750244,-0.0017190044635686074,0.11075655468361827,1.2316668744460912e-05,-0.015083046443760396,0.012865678127855076,0.5388465707389425,8.424227714538574,6.147920235863134e-05,0.12895629984783924,-3.0212814863261883e-06,-0.01618442963808775,0.014568181242793798
F:\Seminario\Seminario-Clustering\datasets\davi\Al Emadi (2019)\Multiclass_Drone_Audio\unknown\1-73585-A-71.wav,Multiclass_Drone_Audio\unknown\1-73585-A-71.wav,al_emadi,1-73585-A-71,1.0216875,0.5740655582190839,9.054779052734375,-0.008501207309640421,0.4432909108102297,-0.0034377743722870946,-0.5933839857578278,0.5677789270877847,0.17388223015070886,8.942085266113281,0.0035096836284898877,0.24398919978108816,0.004503381671383977,-0.3217263877391815,0.30258582234382664,0.15186874564085676,9.925298690795898,-0.0005430706055141408,0.1623398237822735,-0.0014842333039268851,-0.2087520718574524,0.20832954347133634,0.07424927613345311,10.828801155090332,0.0007161924347614103,0.08053455717366849,0.001402434369083494,-0.1010695844888687,0.10227933898568153,0.025934189855897374,11.885122299194336,-0.00015482536447506524,0.033714087510167655,-0.000362734412192367,-0.04232362434267998,0.04248597696423531
F:\Seminario\Seminario-Clustering\datasets\davi\Al Emadi (2019)\Multiclass_Drone_Audio\unknown\1-202111-A-33.wav,Multiclass_Drone_Audio\unknown\1-202111-A-33.wav,al_emadi,1-202111-A-33,1.0216875,0.9861644426274463,9.139589309692383,0.020846487682854593,1.1948618295551494,0.013392965774983168,-1.5575347781181335,1.692132079601289,0.008468925770616375,8.727401733398438,-0.000200782633439428,0.11074459790132041,-0.003086480312049389,-0.13765984922647476,0.13233209997415546,0.003973259571965972,9.539042472839355,0.00020335450682593,0.053998896205857495,0.0010502213845029473,-0.0644968494772911,0.06271855682134628,0.0006894920356583433,10.580327987670898,-7.982102399821129e-05,0.01596003107014399,-0.0002306890528416261,-0.018436372838914392,0.018707812391221525,0.0007038799943129703,11.551044464111328,8.911079315062274e-05,0.011421862271884306,0.00016188053996302187,-0.013708909787237645,0.013507932331413031
F:\Seminario\Seminario-Clustering\datasets\davi\Al Emadi (2019)\Multiclass_Drone_Audio\unknown\2-64332-A-181.wav,Multiclass_Drone_Audio\unknown\2-64332-A-181.wav,al_emadi,2-64332-A-181,1.0216875,0.5094407138672914,8.44417953491211,0.0007019120563505456,0.3011794972597473,0.0029284165939316154,-0.3644603133201599,0.3527458637952805,0.130103758750269,8.289058685302734,0.007883024781562241,0.1519992369856347,0.0018861597636714578,-0.15314005464315414,0.17838001996278766,0.06142881631078594,9.687655448913574,0.0026079822036147084,0.07440542444439915,0.002917573438026011,-0.08527097478508949,0.09364693015813827,0.058331448724940595,10.219642639160156,6.731854637477861e-05,0.05147497818225728,0.0006908024079166353,-0.05666926428675651,0.056269348412752156,0.24069526234671307,10.133368492126465,4.7328984870608276e-05,0.0740636581936315,0.00018995646678376943,-0.06454705744981766,0.0644111052155495
F:\Seminario\Seminario-Clustering\datasets\davi\Al Emadi (2019)\Multiclass_Drone_Audio\membo_1\mixed_membo_11-membo_004_.wav,Multiclass_Drone_Audio\membo_1\mixed_membo_11-membo_004_.wav,al_emadi,mixed_membo_11-membo_004,0.904,0.882169359056554,8.900741577148438,-0.014180518730505291,0.36783991891663415,-0.007649874314665794,-0.49572139978408813,0.48083576560020447,0.0329567874051783,8.887557983398438,0.0023406843921490177,0.07111195961495205,-0.0012050477089360356,-0.08810195326805115,0.09646808356046677,0.030830036129410706,9.805368423461914,-0.00045932013176070417,0.04904186076070296,-2.5544652089593e-05,-0.06481585502624511,0.06142959147691726,0.030090006322789832,10.518287658691406,1.4748583691997781e-05,0.034396926688409414,-0.00010104070679517463,-0.040804792940616605,0.04201357141137123,0.023953811086067096,11.469711303710938,5.261192133204053e-05,0.02174287969369477,9.252191011910327e-05,-0.025581102818250656,0.0263231061398983
F:\Seminario\Seminario-Clustering\datasets\davi\Al Emadi (2019)\Multiclass_Drone_Audio\membo_1\Membo_0_015-membo_004_.wav,Multiclass_Drone_Audio\membo_1\Membo_0_015-membo_004_.wav,al_emadi,Membo_0_015-membo_004,0.896,0.4691581811726034,8.916131973266602,-0.0028902084796180467,0.11882720543421837,-0.006684241816401482,-0.14337001442909242,0.14245936870574952,0.03371936155224027,8.884353637695312,-3.64437310771055e-05,0.03186574189664763,-0.0017543811118230224,-0.04065590873360634,0.04351834952831272,0.11044215858354656,9.747191429138184,-3.916639389765855e-05,0.041103167512049794,0.0006601079367101192,-0.05316601991653442,0.05011773407459259,0.17549174475475915,10.649129867553711,0.00014177742051841848,0.03678391861943621,0.0007069339626468718,-0.04649173617362976,0.04550514221191405,0.21118855393685065,11.560943603515625,-1.581651864099624e-06,0.028588935942238047,1.3467928511090577e-05,-0.035528888925909996,0.035661802068352726
F:\Seminario\Seminario-Clustering\datasets\davi\Al Emadi (2019)\Multiclass_Drone_Audio\unknown\2-91912-B-330.wav,Multiclass_Drone_Audio\unknown\2-91912-B-330.wav,al_emadi,2-91912-B-330,1.0216875,0.30980320120644034,7.209993362426758,-0.00017505842881902713,0.16016937423122385,0.0003185937530361116,-0.1290690079331398,0.13180987089872362,0.26324884392401615,6.968225002288818,-0.0014971266107742314,0.14763784380611128,0.00011339654156472534,-0.12078496292233468,0.10687412917613985,0.17524859176633012,7.016374588012695,-4.8730730169960115e-05,0.08575696033301769,1.2589016023412114e-05,-0.048513259738683694,0.0424312613904476,0.20783531876695585,6.878352642059326,-0.0004052712431111389,0.06626035735148614,-3.176155769324396e-05,-0.01706238407641649,0.016855281405150895,0.04386404433625757,6.950351238250732,1.406797329722527e-05,0.021561688091324152,-4.240411499267793e-06,-0.0049271090421825646,0.004865627503022552
F:\Seminario\Seminario-Clustering\datasets\davi\Al Emadi (2019)\Multiclass_Drone_Audio\unknown\3-136288-A-02.wav,Multiclass_Drone_Audio\unknown\3-136288-A-02.wav,al_emadi,3-136288-A-02,0.97525,0.6239003076563445,9.05199909210205,0.0023648975814189372,0.11005255851450375,-0.009040542412549257,-0.13939992636442183,0.15252091884613037,0.21316503470208598,7.7741899490356445,-0.004326143597552913,0.06419732404927087,-0.0006420614663511515,-0.07055957093834876,0.059794818237423886,0.10008867129552575,7.6168413162231445,-0.00040853279121470625,0.03140138677852014,8.901100954972208e-05,-0.013461438938975334,0.012912302464246758,0.05918743096192281,8.096765518188477,-1.2585552702638427e-05,0.017137106043387102,-5.175247679289896e-05,-0.003325259732082486,0.003253684542141855,0.0036585553841209104,9.52834701538086,-2.0453183319902927e-06,0.0030181380419460817,-1.1562477538973326e-05,-0.0013138612848706543,0.0013156556524336338
F:\Seminario\Seminario-Clustering\datasets\davi\Al Emadi (2019)\Multiclass_Drone_Audio\bebop_1\B_S2_D1_106-bebop_001_.wav,Multiclass_Drone_Audio\bebop_1\B_S2_D1_106-bebop_001_.wav,al_emadi,B_S2_D1_106-bebop_001,1.024,0.23960078291185746,8.544374465942383,-0.001574330814656838,0.12939083493679077,-0.0013353269314393401,-0.14476317167282104,0.14562927186489105,0.05426050082148589,8.954822540283203,-5.558272507315285e-06,0.061579113406954746,3.7612669984810054e-05,-0.07626507431268692,0.07558534294366837,0.17391612524343458,9.906063079833984,-0.0005086937085219524,0.07849717861541174,0.00015458863344974816,-0.10006495863199234,0.10101262778043744,0.3165526512392059,10.92879867553711,0.0018858917511739306,0.07512572093799987,0.0028662581462413073,-0.09444189518690109,0.09490962326526647,0.21566993978401622,11.953951835632324,-6.932286442805287e-06,0.04393614486856563,-0.0003607501712394878,-0.056437358260154724,0.05660950765013695
F:\Seminario\Seminario-Clustering\datasets\davi\Al Emadi (2019)\Multiclass_Drone_Audio\bebop_1\mixed_0-bebop_002_.wav,Multiclass_Drone_Audio\bebop_1\mixed_0-bebop_002_.wav,al_emadi,mixed_0-bebop_002,1.024,0.7061762068289035,8.952695846557617,-0.002485280933064224,0.2694111950275036,-0.010474756360054016,-0.33648771047592163,0.33620500564575195,0.045626238287568815,8.492096900939941,0.000683411810549661,0.06847992638698079,0.0008901227847672999,-0.07510313391685486,0.07616201043128967,0.06971262488122641,9.78921890258789,-0.0010256261836760392,0.06026596798328012,-0.0013388546649366617,-0.07592626512050629,0.0717341661453247,0.09359686405479406,10.843073844909668,-0.0012614571275456124,0.049542556578772545,-0.0025381280574947596,-0.06161523014307022,0.06157755851745607,0.08488806594750725,11.752079963684082,-0.00018534317318677704,0.0334294954595891,-0.00034216408676002175,-0.04080749675631523,0.039949582889676094
F:\Seminario\Seminario-Clustering\datasets\davi\Al Emadi (2019)\Multiclass_Drone_Audio\unknown\5-180156-C-434.wav,Multiclass_Drone_Audio\unknown\5-180156-C-434.wav,al_emadi,5-180156-C-434,0.95975,0.4587819434126559,8.897347450256348,-0.009957694978450622,0.38823789582049967,-0.011984082404524088,-0.5039052367210388,0.48283594846725464,0.07464759491036609,8.85101318359375,0.004154869022412092,0.15660032627273493,0.0006285169656621292,-0.19490798562765121,0.1939607486128807,0.1148695602757931,9.884149551391602,0.0004479555892868558,0.13839744256994826,-0.002024190849624574,-0.17679769843816756,0.18231765180826187,0.34049830262727754,10.05591869354248,9.437059170569968e-05,0.1690984984031447,0.0004267747572157532,-0.20782132297754283,0.20392291247844693,0.011202598773907417,11.46316909790039,1.890089811976652e-05,0.021727791535696175,0.00043196485785301775,-0.02661537230014801,0.025462262518703947
F:\Seminario\Seminario-Clustering\datasets\davi\Al Emadi (2019)\Multiclass_Drone_Audio\membo_1\mixed_membo_26-membo_004_.wav,Multiclass_Drone_Audio\membo_1\mixed_membo_26-membo_004_.wav,al_emadi,mixed_membo_26-membo_004,0.904,0.9818565594694696,9.119922637939453,-0.040534430446561374,0.781267670701201,-0.0651385709643364,-1.052030324935913,1.0375831127166748,0.00578818097503886,8.765052795410156,0.0002271486839893839,0.060065836957108466,-0.0026469258591532707,-0.07715141028165817,0.0781974345445633,0.0037842865295335854,9.754801750183105,0.0003182964261912526,0.034612010995797186,0.0014307898236438632,-0.04475613906979561,0.04461440071463585,0.003208511225959659,10.75328254699707,0.00032579856367902845,0.02262400727523832,-0.0001338337897323072,-0.027715950086712838,0.028750654309988022,0.005362461799998358,11.826208114624023,1.2618821687598203e-05,0.02072369927828772,-5.191223135625478e-05,-0.026583705097436905,0.026700043119490147
F:\Seminario\Seminario-Clustering\datasets\davi\Al Emadi (2019)\Multiclass_Drone_Audio\unknown\1-76831-C-420.wav,Multiclass_Drone_Audio\unknown\1-76831-C-420.wav,al_emadi,1-76831-C-420,1.0216875,0.025844716892851012,6.098281383514404,0.014892621583489475,0.28754257206293654,0.003146351082250476,-0.20672733932733536,0.19212317913770677,0.4900163499191595,8.428657531738281,0.004229142667016637,1.2537207420020986,0.002502809220459312,-1.4066831707954406,1.4818047404289247,0.4444181867373194,9.986448287963867,0.0016023126979166195,0.8499600226308863,0.014193399343639612,-1.1002492308616638,1.0775864958763122,0.03780501823259928,10.7631196975708,-0.0006588381829099736,0.17588754713797827,0.0024543225299566984,-0.22092221230268477,0.21305831968784336,0.0019157282180707644,11.33457088470459,2.4816288580854672e-05,0.028045067591154098,-1.3010346492592362e-05,-0.030947621539235113,0.031097219884395608
F:\Seminario\Seminario-Clustering\datasets\davi\Al Emadi (2019)\Multiclass_Drone_Audio\membo_1\mixed_membo_13-membo_004_.wav,Multiclass_Drone_Audio\membo_1\mixed_membo_13-membo_004_.wav,al_emadi,mixed_membo_13-membo_004,0.904,0.39761608692221106,9.089418411254883,-0.00016215546444418792,0.04744575022897901,0.0005133149097673595,-0.06208272650837898,0.06158929690718651,0.056024686004205494,8.861907005310059,0.00011001942013724423,0.017809400061889514,0.00035560139804147184,-0.022281281650066376,0.023916592821478844,0.10003053165857752,9.476163864135742,0.00020328868836943788,0.016958856803191653,-9.973548003472388e-05,-0.01967583931982517,0.020599150285124775,0.38168491523980397,9.969281196594238,-5.3482402061021446e-05,0.023519193880300354,-0.0003614647430367768,-0.025201885402202605,0.024661577492952353,0.06464378017520193,11.655166625976562,1.4871107068905566e-05,0.00685734355811305,2.139635216735769e-05,-0.008479510433971882,0.00867896294221282
F:\Seminario\Seminario-Clustering\datasets\davi\Al Emadi (2019)\Multiclass_Drone_Audio\bebop_1\mixed_62-bebop_003_.wav,Multiclass_Drone_Audio\bebop_1\mixed_62-bebop_003_.wav,al_emadi,mixed_62-bebop_003,1.024,0.8379244008818394,8.757377624511719,-0.001455149963328311,0.2706538542208524,-0.005464246962219477,-0.3231304883956909,0.3301139175891876,0.06085713866174792,8.834712982177734,0.0007093586266323478,0.0729379100125643,-0.00039493251824751496,-0.08884520828723907,0.09003367274999619,0.022542636925249746,9.984678268432617,-9.440680972183212e-05,0.031609688750352784,-0.0009497648570686579,-0.040585315227508544,0.04038845002651213,0.044475437351026804,10.939168930053711,-0.001221170251143123,0.03148202354569044,-0.0014295702567324042,-0.04140700101852417,0.039508239924907686,0.034200386180136134,11.948324203491211,-3.766080681138954e-05,0.019568989967902507,-0.00023028766008792445,-0.025291659869253635,0.02475791424512863
F:\Seminario\Seminario-Clustering\datasets\davi\Al Emadi (2019)\Multiclass_Drone_Audio\bebop_1\mixed_29-bebop_002_.wav,Multiclass_Drone_Audio\bebop_1\mixed_29-bebop_002_.wav,al_emadi,mixed_29-bebop_002,1.024,0.4999610391511715,8.85855484008789,0.008113820946188427,0.342874090614967,0.013801692053675652,-0.41943255066871643,0.4251480996608734,0.1501794397391371,8.855623245239258,0.00043475393706101474,0.1879715993263979,-0.0007510925643146038,-0.22873686254024506,0.24006454646587372,0.1833665699996404,9.495287895202637,0.011833165344399233,0.14741964073178293,0.007454914506524801,-0.15508485436439515,0.17775560617446892,0.13507602101605728,10.397415161132812,-0.001096136513411971,0.09006500270880871,-0.0013495265739038587,-0.1023066595196724,0.0986177131533623,0.031416930093993684,11.898971557617188,-5.658906917427377e-05,0.03076839923564156,9.991265687858686e-05,-0.03937709890305996,0.038802776485681534
F:\Seminario\Seminario-Clustering\datasets\davi\Al Emadi (2019)\Multiclass_Drone_Audio\unknown\4-172143-A-130.wav,Multiclass_Drone_Audio\unknown\4-172143-A-130.wav,al_emadi,4-172143-A-130,1.0216875,0.7987949108786024,8.987545013427734,0.00011091807742101248,0.042521728486876846,0.0014224443584680557,-0.053464948758482934,0.05365840233862401,0.01134151162475897,8.828750610351562,9.396004864188295e-05,0.005065887274170756,0.000291631615255028,-0.006241590715944767,0.006364199286326768,0.009586491256780747,9.971063613891602,1.532850609519705e-05,0.003316082402047257,-0.00011191349767614156,-0.004180963803082705,0.004428299935534595,0.001874445109656627,10.767223358154297,-8.10006235782918e-07,0.0010403906009527864,-1.2220663393236464e-05,-0.0012559892376884819,0.0012834292952902616,0.17840264113020124,9.704472541809082,4.003221912895777e-06,0.007189306815869341,-1.3226736427895958e-05,-0.0030363559024408457,0.0030560385901480924
F:\Seminario\Seminario-Clustering\datasets\davi\Al Emadi (2019)\Multiclass_Drone_Audio\membo_1\Membo_0_010-membo_004_.wav,Multiclass_Drone_Audio\membo_1\Membo_0_010-membo_004_.wav,al_emadi,Membo_0_010-membo_004,0.896,0.5624012593613349,9.177472114562988,-0.0004699277574371018,0.08239839545180143,-0.0015667559346184134,-0.10654759109020233,0.10863687843084344,0.06577338486051884,8.900291442871094,8.080683583146997e-05,0.028179026384857187,-2.507967792553245e-06,-0.037100641429424285,0.03761326596140864,0.08477838058575399,9.701738357543945,-9.377479995838739e-05,0.022801580361998485,0.00031372581725008786,-0.02913522347807884,0.028595993295311938,0.1299349431465421,10.719131469726562,6.663383780175187e-06,0.020040744324494736,-0.0002779324713628739,-0.025104011222720143,0.025703514367341994,0.15711203204585014,11.762471199035645,3.133015804039696e-05,0.0156129391603038,0.00011655335038085468,-0.02033204063773155,0.020028377138078226
F:\Seminario\Seminario-Clustering\datasets\davi\Al Emadi (2019)\Multiclass_Drone_Audio\membo_1\Membo_0_005-membo_003_.wav,Multiclass_Drone_Audio\membo_1\Membo_0_005-membo_003_.wav,al_emadi,Membo_0_005-membo_003,1.024,0.5497580588349726,9.43892765045166,-0.000694292964198931,0.08039790514143925,-0.0011444941628724337,-0.10498669743537903,0.10520976781845093,0.08646620106102816,8.839323043823242,0.0001101748520272698,0.0318856819626513,-0.00011050399189116433,-0.038873642683029175,0.04054426774382591,0.09570234985469273,9.795915603637695,0.0002595733570119278,0.02388429774936914,0.0002826167910825461,-0.02951681911945343,0.029579742625355718,0.11955667828544125,10.785446166992188,0.0003667973248071743,0.018940504594190333,0.0003055534325540066,-0.022378336265683176,0.0242787353694439,0.14851671196386518,11.82239818572998,2.2641673056270396e-06,0.014955411943334666,0.00011674108463921584,-0.018800406716763973,0.01853126287460327
F:\Seminario\Seminario-Clustering\datasets\davi\Al Emadi (2019)\Multiclass_Drone_Audio\unknown\2-98866-A-472.wav,Multiclass_Drone_Audio\unknown\2-98866-A-472.wav,al_emadi,2-98866-A-472,0.97525,0.5727663157273131,8.985220909118652,-0.018813658441995396,0.522113041393197,0.010596203152090311,-0.7218386709690093,0.6705868244171141,0.1797689251089653,8.869730949401855,0.01862312900438357,0.29210165475600597,0.011242493521422148,-0.3523255825042725,0.39918500781059263,0.14058083320558537,9.806710243225098,0.002312401963598272,0.18434729343709405,-0.001202845829539001,-0.23372104167938232,0.23491863608360292,0.07789698841244719,10.802778244018555,0.0011642153951692082,0.09737936309798603,0.0019489049445837736,-0.1241673670709133,0.12312389910221101,0.028986937545689113,11.74540901184082,-4.008522773071636e-05,0.042082364154429584,-0.0002637427387526259,-0.05199340172111988,0.05293014459311962
F:\Seminario\Seminario-Clustering\datasets\davi\Al Emadi (2019)\Multiclass_Drone_Audio\unknown\4-125070-A-194.wav,Multiclass_Drone_Audio\unknown\4-125070-A-194.wav,al_emadi,4-125070-A-194,0.95975,0.8942084726595083,8.858219146728516,-6.527600912123539e-05,0.008857889964997341,0.0001526644846308045,-0.011890138033777475,0.011182317975908518,0.04061454254789518,8.931814193725586,4.8292056348861494e-05,0.0018872147094642334,5.761364718637196e-06,-0.002375877578742802,0.0026379291666671634,0.026785520123402906,9.625774383544922,-1.897274577938251e-07,0.0010918502036301608,5.656065695802681e-06,-0.0013053640257567167,0.0013279265491291882,0.024123963822226913,10.497989654541016,3.030631818837672e-06,0.0007353399292165057,2.4139525294231134e-06,-0.0008694279473274946,0.0009034450864419339,0.01426750084696671,11.568724632263184,6.076970612658055e-07,0.00040060370329321346,-3.522283464008069e-06,-0.00048460105026606467,0.00048520504205953397
F:\Seminario\Seminario-Clustering\datasets\davi\Al Emadi (2019)\Multiclass_Drone_Audio\unknown\1-4211-A-122.wav,Multiclass_Drone_Audio\unknown\1-4211-A-122.wav,al_emadi,1-4211-A-122,0.97525,0.8717481045558702,8.862089157104492,0.0002529312780076041,0.2643308426053703,0.015036551747471094,-0.34903461039066314,0.3235963553190231,0.004632015145413497,6.339573860168457,0.00028382488348825235,0.01926594819897082,-0.00016432670236099511,-0.013109738007187843,0.012687571905553339,0.012749776855567281,6.054079055786133,0.0001324572038436001,0.02276914786846471,-0.00018129103409592062,-0.009319093823432923,0.009535546414554124,0.049176342154726826,6.836983680725098,-0.0003763013696983413,0.03173073611247788,-5.8016012189909816e-05,-0.010814080573618412,0.010504030529409653,0.061693761288422244,7.4374799728393555,0.000169703855069162,0.02517705168726652,3.020161148015177e-05,-0.006792739266529679,0.0070372268091887236
F:\Seminario\Seminario-Clustering\datasets\davi\Al Emadi (2019)\Multiclass_Drone_Audio\unknown\4-212604-C-154.wav,Multiclass_Drone_Audio\unknown\4-212604-C-154.wav,al_emadi,4-212604-C-154,0.95975,0.17528855280425523,6.870248794555664,-0.0012713039017109204,0.16062245133771055,-0.0033568430226296186,-0.10146363824605942,0.08794078603386879,0.4902570755280618,4.254541873931885,-0.006033017185105881,0.26856257181306914,0.00013225097791291773,-0.009477534331381321,0.009912037290632725,0.31200024605421944,5.168523788452148,0.00010984813692778343,0.15261976759361534,-4.795864697371144e-06,-0.002477973769418895,0.0026056387228891253,0.006208659440290144,4.46342658996582,-0.00010358027529928004,0.015278363391350505,-9.85069800663041e-06,-0.0013795318431220943,0.0013870927970856426,0.01624546617317337,4.682991981506348,-2.6328736423579167e-05,0.017507635988518705,7.71928580434178e-06,-0.0007415001920890062,0.0007680696027819068
F:\Seminario\Seminario-Clustering\datasets\davi\Al Emadi (2019)\Multiclass_Drone_Audio\bebop_1\mixed_22-bebop_003_.wav,Multiclass_Drone_Audio\bebop_1\mixed_22-bebop_003_.wav,al_emadi,mixed_22-bebop_003,1.024,0.43749057730712004,8.40589427947998,0.00018343830603436773,0.10094953241666892,-0.0025037506129592657,-0.11684765666723251,0.1122940257191658,0.05625765313051256,9.034708023071289,3.3104212839831176e-06,0.036200243847664,0.00010847791418200359,-0.04831279441714287,0.04623788967728615,0.1182963952410752,9.924798011779785,-0.0005022689209486942,0.03737394410850941,8.245242497650906e-06,-0.04918913468718529,0.045432085543870925,0.2316911252448975,10.894596099853516,0.0002928594830166041,0.03711699341851681,1.9125762264593504e-05,-0.04590228721499443,0.04728341624140742,0.15626424907639472,11.93735122680664,2.3818490003074426e-05,0.021591650033959874,1.0440730875416193e-05,-0.027458269149065018,0.027407332323491573
F:\Seminario\Seminario-Clustering\datasets\davi\Al Emadi (2019)\Multiclass_Drone_Audio\unknown\2-108761-A-141.wav,Multiclass_Drone_Audio\unknown\2-108761-A-141.wav,al_emadi,2-108761-A-141,1.0216875,0.7248838471778452,8.982958793640137,-0.008435138182237257,0.06322251511644476,-0.004242532188072801,-0.09100697264075279,0.07172625958919528,0.2222750908048393,8.994176864624023,-0.0001516319934827145,0.03531916039350991,-0.0005815849872305989,-0.04669305011630058,0.044703354313969615,0.04079660888281175,9.98327350616455,1.3103869358237576e-05,0.010771744630566358,0.00010457630196469836,-0.013783977180719375,0.01381145967170596,0.005253068516531912,10.724735260009766,-5.185128393647298e-05,0.0027419737721189447,-0.00010361351087340154,-0.0033888323931023476,0.0033842626027762892,0.006791384617971904,11.581991195678711,6.912675488388036e-06,0.002208705118916808,1.5978793612703157e-06,-0.002608526241965592,0.0026103785960003736
F:\Seminario\Seminario-Clustering\datasets\davi\Al Emadi (2019)\Multiclass_Drone_Audio\unknown\5-156026-A-41.wav,Multiclass_Drone_Audio\unknown\5-156026-A-41.wav,al_emadi,5-156026-A-41,1.0216875,0.02527222249215266,7.315088272094727,0.002224054321664144,0.04260628666232862,-0.00012827019236283377,-0.03692646361887455,0.041083363816142096,0.14118534740418834,6.752086639404297,0.003736946678274054,0.10077184855725164,-0.00011560018538148142,-0.05449956469237804,0.06682730466127401,0.8211709201272082,8.185072898864746,-0.0007640790238506631,0.1731253902833197,-4.643609645427205e-05,-0.14228390157222742,0.13918136358261107,0.012202337458513445,8.755046844482422,6.509972663342938e-05,0.014973580418551116,4.373142246549833e-06,-0.009210808388888835,0.0102198276668787,0.00016917251793738969,9.432425498962402,6.155580227026966e-07,0.0012488187730272837,6.488439794338774e-07,-0.0006223064323421567,0.000643947266507894
F:\Seminario\Seminario-Clustering\datasets\davi\Al Emadi (2019)\Multiclass_Drone_Audio\unknown\3-140199-C-80.wav,Multiclass_Drone_Audio\unknown\3-140199-C-80.wav,al_emadi,3-140199-C-80,1.0216875,0.017914568140483682,8.949731826782227,-0.0012678245255627898,0.06546835509261704,-0.0005723860813304782,-0.08883793428540229,0.08532104194164279,0.09877487600386145,8.883855819702148,-0.0005403146359230612,0.1537553500010673,-0.001055349421221763,-0.19841817021369934,0.19821803718805328,0.7294672065071287,9.498331069946289,-0.0028108506046205274,0.2974394351796492,-0.003399974317289889,-0.36539915204048157,0.3826225399971008,0.14810308544921547,10.492289543151855,-1.2175716702181502e-05,0.09509488619307256,0.0008411883027292788,-0.11366910338401792,0.11276226937770847,0.005740263899310644,11.197237014770508,1.4850750020452522e-05,0.013260718776122532,5.042971133661922e-05,-0.014255510363727807,0.014226740505546339
F:\Seminario\Seminario-Clustering\datasets\davi\Al Emadi (2019)\Multiclass_Drone_Audio\unknown\4-133047-C-53.wav,Multiclass_Drone_Audio\unknown\4-133047-C-53.wav,al_emadi,4-133047-C-53,1.0216875,0.03558716257863986,8.743386268615723,-0.0014991714159404328,0.03453982749063823,-0.004339487524703145,-0.042796236276626584,0.03928712233901027,0.03530368735658954,7.970024585723877,0.00040559220695404085,0.03443198769593382,-2.2551929760084022e-05,-0.04554169103503227,0.04776178151369097,0.44991779977194846,8.86194896697998,3.216734709887703e-05,0.08750927805511334,-3.703857510117814e-05,-0.09737157076597214,0.1013743095099926,0.47128308215803916,9.682483673095703,-6.74691782557625e-06,0.06354604554746039,4.3854088289663196e-06,-0.06716089993715285,0.06831011772155762,0.007908268134782993,10.797221183776855,6.2660390818998594e-06,0.005830614512745835,2.8296301479713293e-06,-0.0064920600503683085,0.006329538254067302
F:\Seminario\Seminario-Clustering\datasets\davi\Al Emadi (2019)\Multiclass_Drone_Audio\unknown\1-60676-A-341.wav,Multiclass_Drone_Audio\unknown\1-60676-A-341.wav,al_emadi,1-60676-A-341,1.0216875,0.06051577851656922,4.338646411895752,0.0014085253073529529,0.07213167253922055,0.0007032487774267793,-0.013692122977226972,0.023706162907183213,0.02236970154769083,5.525792598724365,0.0007548179319198984,0.04385713670831302,4.161482866038568e-05,-0.006583169102668762,0.007608593953773403,0.08896203171634566,4.65820837020874,-0.0013192726536722858,0.06225650317930869,-1.366215337839094e-05,-0.004003899078816176,0.003768972866237163,0.2969338477227002,6.299808025360107,0.0008968869649665829,0.08071289771246404,4.6563670821342384e-06,-0.0017292140983045095,0.0027248405385762505,0.5312186404966941,7.548966407775879,-0.00031701555144325627,0.07647141526320553,-2.2182790644365014e-06,-0.0014053710619919,0.0013066986342892058
F:\Seminario\Seminario-Clustering\datasets\davi\Al Emadi (2019)\Multiclass_Drone_Audio\unknown\4-189832-A-220.wav,Multiclass_Drone_Audio\unknown\4-189832-A-220.wav,al_emadi,4-189832-A-220,1.0216875,0.03824249892142673,8.92916202545166,0.0019859867502635595,0.08348455767085551,0.002924069995060563,-0.1068106047809124,0.10480016767978668,0.16403820206996791,8.895060539245605,-0.001837640885963895,0.17294334374454523,-0.01064085029065609,-0.2194669246673584,0.2252468317747117,0.4785476245150325,9.746347427368164,0.0073782748693460715,0.21016304256523918,0.0037609711289405823,-0.25327273607254025,0.26372722983360286,0.2889024324094979,10.42191219329834,7.494026077601489e-05,0.11593026390255648,-0.000986514991382137,-0.1346470981836319,0.13667197823524477,0.0302692420840749,11.679231643676758,0.0001348724064740278,0.026579252804711427,-2.2600142983719707e-05,-0.031887122243642804,0.032237250730395316
F:\Seminario\Seminario-Clustering\datasets\davi\Al Emadi (2019)\Multiclass_Drone_Audio\unknown\1-72695-A-263.wav,Multiclass_Drone_Audio\unknown\1-72695-A-263.wav,al_emadi,1-72695-A-263,1.0216875,0.05366659098935694,6.164886951446533,-8.081513463276463e-05,0.01978821427892543,-3.123419628536794e-05,-0.0066186251584440465,0.006539978273212913,0.19541131260905287,6.191449165344238,0.0006851355467268953,0.0377538809636881,-1.3166572898626328e-05,-0.011489709094166755,0.014646139275282632,0.6452824668008553,7.3759565353393555,6.639904587683213e-05,0.048847025459634576,-4.224565657295898e-06,-0.01708925329148768,0.014649448357522481,0.08305655577665698,7.7113752365112305,0.00013567077496679208,0.012433253142580201,9.195318398269592e-06,-0.003288306994363665,0.003413694631308321,0.022583073824077936,8.210697174072266,7.426136982142427e-07,0.004592418558618803,-1.8064528717331996e-06,-0.0012514282832853493,0.0012019511894322934
F:\Seminario\Seminario-Clustering\datasets\davi\Al Emadi (2019)\Multiclass_Drone_Audio\bebop_1\B_S2_D1_089-bebop_004_.wav,Multiclass_Drone_Audio\bebop_1\B_S2_D1_089-bebop_004_.wav,al_emadi,B_S2_D1_089-bebop_004,0.896,0.6417486524392628,8.595848083496094,0.008046999959467345,0.2965287237417383,0.009830042719841003,-0.35524861216545106,0.3754431486129761,0.03423990147469026,8.845949172973633,-0.0004348494357690591,0.06851752156747826,-0.0021382516715675592,-0.08697371780872346,0.08997767865657814,0.07331453513454023,9.790121078491211,0.0006869582228115682,0.07145662291433727,0.00028913229471072555,-0.08984383642673492,0.09234290570020678,0.14169649006183788,10.736743927001953,0.00013712618094256204,0.07052954587778894,-0.0018181552877649665,-0.08732474595308304,0.09161294996738431,0.10900042088966881,11.735587120056152,-2.396274393069055e-05,0.043826450841510184,-0.00034642539685592055,-0.05531165450811386,0.056673450022935876
F:\Seminario\Seminario-Clustering\datasets\davi\Al Emadi (2019)\Multiclass_Drone_Audio\unknown\1-47819-A-54.wav,Multiclass_Drone_Audio\unknown\1-47819-A-54.wav,al_emadi,1-47819-A-54,0.95975,0.027614915114979387,8.69446086883545,-0.00036717094383289866,0.008445753423223264,-0.000465983830508776,-0.010105487890541553,0.009814209304749966,0.13697885623977848,7.428826808929443,0.0004913470956069093,0.018821549763901706,1.9618377336882986e-05,-0.015700057614594698,0.014639515429735184,0.5164513396724129,8.150362968444824,-0.0005996745273394731,0.026029531679637532,-1.1965509827405185e-07,-0.020148784294724463,0.017126607708632963,0.29108432080688085,8.633882522583008,9.541920627851687e-06,0.013871730974888936,2.3046353589961655e-06,-0.006559386337175964,0.00616684155538677,0.027870568165948482,9.512319564819336,1.5459542242878793e-06,0.0030406624492841376,9.202778983308235e-06,-0.001171254669316113,0.0011813602410256864
F:\Seminario\Seminario-Clustering\datasets\davi\Al Emadi (2019)\Multiclass_Drone_Audio\bebop_1\mixed_48-bebop_004_.wav,Multiclass_Drone_Audio\bebop_1\mixed_48-bebop_004_.wav,al_emadi,mixed_48-bebop_004,1.024,0.6536902613703867,8.06620979309082,-0.0032100340952687686,0.13799928100299122,-0.0004962513921782374,-0.14963622391223907,0.13370561599731445,0.02885482298695654,8.824613571166992,0.0004938474746063094,0.028997095582150578,0.0014247632352635264,-0.03556903451681137,0.03633308783173561,0.08009477317128734,9.952669143676758,0.0002646827486977873,0.03440322743707466,-0.0008825314580462873,-0.04385224431753158,0.04476972520351409,0.1391841529241179,10.911834716796875,-0.0004958865693577501,0.032178257156584955,-0.00025859486777335405,-0.042327719181776045,0.040072187036275866,0.09817598954725157,11.917465209960938,-5.0015114017922634e-06,0.01914460870711368,-0.0002611403615446761,-0.023884043097496033,0.02450522780418396
F:\Seminario\Seminario-Clustering\datasets\davi\Al Emadi (2019)\Multiclass_Drone_Audio\unknown\3-112557-B-230.wav,Multiclass_Drone_Audio\unknown\3-112557-B-230.wav,al_emadi,3-112557-B-230,1.0216875,0.09875581264287811,8.021207809448242,-9.227834942184718e-05,0.012374393371292326,-0.0001612304913578555,-0.011583660822361707,0.012912362162023789,0.13828184840108743,7.591353416442871,0.0007133860597399991,0.014625854898299892,0.00017007837595883757,-0.011057164799422026,0.013398833386600022,0.35690933936804203,8.77641487121582,-0.0009637682682868097,0.016719322148467077,-0.00011612240268732421,-0.01681152582168579,0.015222974866628644,0.29746665399552913,9.953459739685059,0.00019435785250370208,0.01084599848887203,3.743955494428519e-05,-0.01150450212880969,0.012117645610123877,0.10858634559246327,10.940679550170898,2.4514884487731104e-06,0.004642307997746752,-9.783139830688015e-06,-0.005044399481266737,0.005133629310876131
F:\Seminario\Seminario-Clustering\datasets\davi\Al Emadi (2019)\Multiclass_Drone_Audio\unknown\3-96606-B-493.wav,Multiclass_Drone_Audio\unknown\3-96606-B-493.wav,al_emadi,3-96606-B-493,1.0216875,0.008646764540035422,7.88621711730957,0.00021514155486405771,0.022691905841833535,-0.00012579861140693538,-0.020324242115020753,0.02119961846619845,0.011221593580575888,8.04073715209961,0.0004137179759244236,0.02584849952629751,0.0002902868582168594,-0.026801912672817705,0.03007549624890089,0.04863554802882547,9.058450698852539,-0.00019163303807310313,0.03831250031109777,-0.0004212612548144534,-0.04066596925258636,0.041181537136435506,0.35268723050865836,9.973268508911133,0.0008432054971996155,0.07319731840239786,0.0007867428648751229,-0.0794860266149044,0.07619684338569646,0.5788088633419048,10.739822387695312,0.00020410630303188055,0.06642337515341006,-0.00012644100934267044,-0.0668370671570301,0.0675880938768387
F:\Seminario\Seminario-Clustering\datasets\davi\Al Emadi (2019)\Multiclass_Drone_Audio\unknown\4-191327-A-381.wav,Multiclass_Drone_Audio\unknown\4-191327-A-381.wav,al_emadi,4-191327-A-381,1.0216875,0.011499466780014981,8.793801307678223,-9.077349542984716e-05,0.0042642969475391555,-0.00010052230936707929,-0.005210235761478543,0.005124229099601509,0.026843259271674164,6.110955238342285,4.915298626385529e-05,0.006516467756605676,-6.3275156207964756e-06,-0.0032411760184913874,0.003548604552634061,0.2795379252352031,5.672940731048584,-0.00022037767573467845,0.014968754351207926,-8.09944758657366e-05,-0.00229109909851104,0.0020151296630501747,0.522966957841857,6.892082214355469,9.032599587956954e-05,0.014527842554890763,1.4228969121177215e-05,-0.001593680470250547,0.001546594395767899,0.15915239087125085,8.112232208251953,5.13093487505165e-06,0.005676819754274515,5.468048129841918e-07,-0.0008621135319117456,0.0008548551762942227
F:\Seminario\Seminario-Clustering\datasets\davi\Al Emadi (2019)\Multiclass_Drone_Audio\bebop_1\B_S2_D1_078-bebop_001_.wav,Multiclass_Drone_Audio\bebop_1\B_S2_D1_078-bebop_001_.wav,al_emadi,B_S2_D1_078-bebop_001,1.024,0.2432100973340214,8.699724197387695,-0.005150972396101491,0.12203969086231249,-0.004477836191654205,-0.15212604403495789,0.13539135456085205,0.05120417706223937,9.021549224853516,0.00022989020852177546,0.05604615625235021,0.0020653328392654657,-0.07347963005304337,0.071821428835392,0.15312088605519486,9.980371475219727,-5.374189755809201e-05,0.06901056200638168,-0.000822510221041739,-0.0890465885400772,0.08848683685064315,0.3239621186975029,10.921199798583984,0.0001648190340915541,0.07122848045811242,-0.0007703799055889249,-0.08820185214281082,0.08974631130695343,0.22850272085104142,11.960700988769531,0.00010983256951568053,0.04237177013162547,0.00036078870471101254,-0.0539363007992506,0.05385398119688034
F:\Seminario\Seminario-Clustering\datasets\davi\Al Emadi (2019)\Multiclass_Drone_Audio\bebop_1\mixed_44-bebop_004_.wav,Multiclass_Drone_Audio\bebop_1\mixed_44-bebop_004_.wav,al_emadi,mixed_44-bebop_004,0.904,0.5975676235772264,8.013519287109375,-0.0016022233407844155,0.15388066290016017,0.0005643772310577333,-0.15878187119960785,0.16765034198760986,0.024985024919523556,8.769652366638184,0.0012833202408562465,0.031440719966356855,0.0003622104413807392,-0.03834531828761101,0.04132487252354622,0.10256509753576222,9.557588577270508,-0.0004116184145950772,0.04543490701846028,-0.0010167938889935613,-0.056268518418073656,0.05633775144815444,0.17728312443868335,10.388413429260254,0.0009705901738456102,0.04239719884950542,0.0012595071457326412,-0.05084705576300621,0.05214438736438752,0.09759912952880445,11.706722259521484,5.193984236534746e-05,0.022292641073692027,0.000173706364876125,-0.02812691032886505,0.02850574627518654
F:\Seminario\Seminario-Clustering\datasets\davi\Al Emadi (2019)\Multiclass_Drone_Audio\unknown\3-152007-C-204.wav,Multiclass_Drone_Audio\unknown\3-152007-C-204.wav,al_emadi,3-152007-C-204,0.95975,0.30350903318323647,8.392889022827148,-0.005235688417344549,0.19495052569247726,-0.00041222550498787314,-0.26015283167362213,0.2494903951883316,0.3163048222605006,8.646592140197754,-0.002960904396408458,0.19906735451277646,0.0006153678987175226,-0.2830035835504532,0.2606336176395416,0.07388404088129331,9.347071647644043,0.00023952802226863372,0.06852643930092125,-0.0012852568761445582,-0.080817411839962,0.0846925921738148,0.3006681933847667,10.2022123336792,3.9951365884543865e-05,0.09810330901086733,2.545974712120369e-05,-0.12769637107849122,0.12652379423379898,0.005633910290202901,10.882203102111816,4.955249687626579e-06,0.009513030742982273,4.5543980377260596e-05,-0.010148341860622167,0.010179450269788509
F:\Seminario\Seminario-Clustering\datasets\davi\Al Emadi (2019)\Multiclass_Drone_Audio\bebop_1\mixed_33-bebop_004_.wav,Multiclass_Drone_Audio\bebop_1\mixed_33-bebop_004_.wav,al_emadi,mixed_33-bebop_004,0.904,0.5363460832933878,9.050889015197754,0.005963323155801171,0.23574148938649586,0.011086818762123585,-0.29325008392333984,0.30956050753593445,0.09100445827362592,8.801698684692383,-0.0004598973427409512,0.09713569507973796,-0.0025331999640911818,-0.12278908491134644,0.1248018741607666,0.1084804692198281,9.79542350769043,1.6970940342413753e-05,0.07558258776862124,0.0023602196015417576,-0.0979012981057167,0.0938707113265991,0.13977436800616685,10.744316101074219,0.0007342973544855905,0.06090286999498739,0.000767629302572459,-0.07622748911380768,0.07900962084531785,0.12439462120699123,11.738012313842773,8.817415524514035e-05,0.04070781894480463,5.1924987928941846e-05,-0.051543908193707466,0.05254273861646652
F:\Seminario\Seminario-Clustering\datasets\davi\Al Emadi (2019)\Multiclass_Drone_Audio\membo_1\mixed_membo_37-membo_001_.wav,Multiclass_Drone_Audio\membo_1\mixed_membo_37-membo_001_.wav,al_emadi,mixed_membo_37-membo_001,1.024,0.7661898462739474,8.04714298248291,-0.0004897459724700186,0.058794300807910566,0.0011552621144801378,-0.05657833814620972,0.05475343018770218,0.08050609225624533,9.066198348999023,0.00018224159698162652,0.01905796890619803,-0.0003035905829165131,-0.02559635415673256,0.02577282302081585,0.044479060185847054,9.950258255004883,8.350661204495779e-05,0.010086644901683053,3.295432179584168e-05,-0.013138972222805023,0.012976516224443912,0.053397518441075424,10.589693069458008,6.361431643945155e-05,0.007842224503308567,0.00015587234520353377,-0.00942192692309618,0.009683295153081419,0.05542748284288482,11.401470184326172,-2.614783242976345e-06,0.005659527814386706,-2.5710563932079822e-05,-0.006755869137123227,0.0067860884591937065
F:\Seminario\Seminario-Clustering\datasets\davi\Al Emadi (2019)\Multiclass_Drone_Audio\membo_1\mixed_membo_4-membo_000_.wav,Multiclass_Drone_Audio\membo_1\mixed_membo_4-membo_000_.wav,al_emadi,mixed_membo_4-membo_000,1.024,0.23266187879983186,8.81343936920166,-0.0007226547853814391,0.08627437877035217,-0.0015328061999753118,-0.1068420261144638,0.10298877954483032,0.04151672676174673,8.931642532348633,-0.0004974473620549526,0.03644228031230211,-0.00039934192318469286,-0.045370277017354965,0.04558728262782097,0.22695107360290212,9.919147491455078,0.0011304495939770955,0.060663419817417456,0.001852627843618393,-0.07620661854743957,0.07840372323989868,0.360911385041138,10.76485824584961,-0.00011355991251967141,0.05429311146401844,0.0002955361269414425,-0.06722112745046616,0.06821203529834749,0.1379589357943813,11.878381729125977,-1.9408808621803795e-05,0.02377633069153566,0.00016283027071040124,-0.03016101010143757,0.03015721309930086
F:\Seminario\Seminario-Clustering\datasets\davi\Al Emadi (2019)\Multiclass_Drone_Audio\unknown\4-141365-A-182.wav,Multiclass_Drone_Audio\unknown\4-141365-A-182.wav,al_emadi,4-141365-A-182,0.97525,0.04477376205223453,8.690214157104492,1.5650029764036665e-06,0.10228453543890274,0.0005661137402057648,-0.1162904106080532,0.1237361006438732,0.10654943794347069,8.694083213806152,-0.000572775077384568,0.1577868908385213,-0.00011909257227671333,-0.19228460490703583,0.1906300976872444,0.34995483042449443,9.590230941772461,0.0003072633000252447,0.20368263011123225,0.00238639279268682,-0.24767808616161346,0.24093425869941731,0.28844373754829633,10.555234909057617,-0.00269452945742576,0.1311949832612362,-0.00197608582675457,-0.1582707017660141,0.1532299116253853,0.210278232031504,11.39424991607666,-0.00011226410567603256,0.07936636498881787,0.0004601847322192043,-0.09203087538480759,0.09101817011833191
F:\Seminario\Seminario-Clustering\datasets\davi\Al Emadi (2019)\Multiclass_Drone_Audio\unknown\silence217.wav,Multiclass_Drone_Audio\unknown\silence217.wav,al_emadi,silence217,0.743,0.0,-0.0,0.0,0.0,0.0,0.0,0.0,0.0,-0.0,0.0,0.0,0.0,0.0,0.0,0.0,-0.0,0.0,0.0,0.0,0.0,0.0,0.0,-0.0,0.0,0.0,0.0,0.0,0.0,0.0,-0.0,0.0,0.0,0.0,0.0,0.0
F:\Seminario\Seminario-Clustering\datasets\davi\Al Emadi (2019)\Multiclass_Drone_Audio\unknown\2-30322-B-122.wav,Multiclass_Drone_Audio\unknown\2-30322-B-122.wav,al_emadi,2-30322-B-122,0.97525,0.9295383733483468,8.838874816894531,-0.00195926216252781,0.0704054056836306,-0.005270759575068951,-0.08526535481214523,0.09074842780828474,0.0289529765491049,8.65530776977539,-4.690302072995944e-06,0.012430454389139171,-0.0002231680555269122,-0.015445906110107897,0.015673927031457424,0.012052432519086788,9.35920524597168,-2.1260560240275652e-05,0.0057124852711970455,-0.00014151785580907017,-0.006396143883466721,0.0067540276795625695,0.009738296201041597,8.576519012451172,-5.367594191494047e-05,0.0036434671673038687,4.9748898163670674e-05,-0.0034363046986982224,0.00341039530467242,0.01971792138241992,8.261552810668945,3.3894178854899415e-05,0.003672773143662136,2.7911813049286138e-05,-0.002743452787399292,0.0027534213149920106
F:\Seminario\Seminario-Clustering\datasets\davi\Al Emadi (2019)\Multiclass_Drone_Audio\unknown\5-193339-A-100.wav,Multiclass_Drone_Audio\unknown\5-193339-A-100.wav,al_emadi,5-193339-A-100,1.0216875,0.6150960033765094,8.937485694885254,-0.001751048475575459,0.20471359483629445,0.005552015267312527,-0.2722664654254913,0.25915316045284287,0.057197805028484205,8.869207382202148,-0.0023969396107143,0.0623821694899273,-0.0038539916276931763,-0.07982281669974327,0.0771575041115284,0.03522427053450303,9.866786003112793,-4.971601758169979e-05,0.03487522849811113,0.00040445246850140393,-0.04292553216218948,0.043153060227632524,0.07819975501542431,10.531949043273926,0.00010532832954051757,0.03686867181406278,-0.000586637353990227,-0.04258849024772644,0.0431703392416239,0.21428216604507905,11.391740798950195,0.0002449903782233711,0.04322837473758348,0.0006684197287540883,-0.04920445457100868,0.048679117858409886
F:\Seminario\Seminario-Clustering\datasets\davi\Al Emadi (2019)\Multiclass_Drone_Audio\bebop_1\mixed_19-bebop_002_.wav,Multiclass_Drone_Audio\bebop_1\mixed_19-bebop_002_.wav,al_emadi,mixed_19-bebop_002,1.024,0.7459322670230584,8.410865783691406,0.0008187432383361794,0.1862823937583911,0.003436425933614373,-0.2089504450559616,0.2061110883951187,0.016178712530995856,8.974153518676758,-0.0001288306452837152,0.02743427667748947,-2.7242569558438845e-05,-0.035152483731508255,0.03433810919523239,0.06682637737687434,9.975837707519531,0.00016939477884322736,0.03970068860938223,-0.001085873693227768,-0.051333247870206836,0.0528275892138481,0.10086317814528332,10.926220893859863,0.0003049063937837066,0.03460881505212155,4.994787377654575e-05,-0.04343008399009705,0.04482382237911225,0.07019946492378806,11.960503578186035,5.6152278556497096e-05,0.020451595493945273,0.0002115415409207344,-0.02606181800365448,0.02647487912327051
F:\Seminario\Seminario-Clustering\datasets\davi\Al Emadi (2019)\Multiclass_Drone_Audio\bebop_1\mixed_62-bebop_004_.wav,Multiclass_Drone_Audio\bebop_1\mixed_62-bebop_004_.wav,al_emadi,mixed_62-bebop_004,0.904,0.793041883460405,8.663337707519531,-0.0041873868180700964,0.25067319207572925,-0.008458363823592663,-0.31073495745658875,0.3202092945575714,0.07472505378947236,8.723528861999512,-0.00044147301684512903,0.07695669230062754,0.002202747156843543,-0.0955243930220604,0.09332968294620514,0.033688634315460694,9.696881294250488,-0.0014617748909013636,0.03679707833822135,-0.0022559177596122026,-0.04842717945575714,0.046169379353523256,0.056987641305344054,10.754753112792969,0.00022475252350214446,0.034002001385394096,0.0004834679129999131,-0.04237367287278175,0.04379743933677673,0.04155678712931785,11.702108383178711,5.707630354460432e-05,0.020571473760697494,0.0002305286834598519,-0.025843425653874874,0.025777453556656837
F:\Seminario\Seminario-Clustering\datasets\davi\Al Emadi (2019)\Multiclass_Drone_Audio\bebop_1\mixed_48-bebop_001_.wav,Multiclass_Drone_Audio\bebop_1\mixed_48-bebop_001_.wav,al_emadi,mixed_48-bebop_001,1.024,0.6845991077391989,7.958198547363281,0.0011126301218952707,0.15361312638970842,0.0016968196723610163,-0.16191807389259338,0.1541604995727539,0.014264665218325439,8.963834762573242,-0.0002776631275132089,0.02217268472424858,-0.0009839711710810661,-0.028339633718132973,0.028616731986403465,0.07055604969263897,9.981073379516602,0.0002862192984748657,0.03511364995635547,0.0011012809118255973,-0.04568860381841659,0.045427355170249935,0.14064547761312224,10.88939094543457,-0.0005371407061068993,0.03517586135646633,-0.0006019365391694009,-0.04430200159549713,0.04306374937295914,0.08993469973671447,11.88891315460205,-1.0629741626548725e-07,0.019926031248204534,-9.743910595716443e-06,-0.02565087005496025,0.024967283941805363
F:\Seminario\Seminario-Clustering\datasets\davi\Al Emadi (2019)\Multiclass_Drone_Audio\membo_1\Membo_1_030-membo_002_.wav,Multiclass_Drone_Audio\membo_1\Membo_1_030-membo_002_.wav,al_emadi,Membo_1_030-membo_002,1.024,0.3204459164524519,9.248973846435547,-0.00014226731004250581,0.06291082299455843,-0.0030560193117707968,-0.08146438002586365,0.0836629793047905,0.11000339496356677,8.938833236694336,6.301164339622948e-05,0.036859674808430776,0.0008570782374590635,-0.04706093668937683,0.04748665913939476,0.1300863750436309,9.978378295898438,-5.8062896407063745e-05,0.02854077908296159,0.0008360565407201648,-0.03734939470887184,0.03667129576206207,0.2132225014746896,10.938926696777344,-0.00017303017334076474,0.025927872699532815,-0.0002356822369620204,-0.032853635400533675,0.03311173766851425,0.22624181206566085,11.902653694152832,1.37109530893207e-05,0.018917818037038018,0.0002551267243688926,-0.024533502757549286,0.023697618395090103
F:\Seminario\Seminario-Clustering\datasets\davi\Al Emadi (2019)\Multiclass_Drone_Audio\unknown\4-204612-A-314.wav,Multiclass_Drone_Audio\unknown\4-204612-A-314.wav,al_emadi,4-204612-A-314,0.95975,0.07405143576329835,8.645137786865234,5.155422072223739e-05,0.006613443499242517,-0.00027075955586042255,-0.007677023997530341,0.008179470431059599,0.012184468907147675,5.556682586669922,0.00011953038008850134,0.0026800684345892113,8.152178270393051e-05,-0.0018684997921809554,0.001830102817621082,0.004413609398197176,7.115955352783203,-8.957109043473035e-06,0.0011498684713098133,-8.17906857264461e-06,-0.0007442770234774797,0.000749421922955662,0.0091221172385211,5.385725498199463,-5.161338344995392e-05,0.00117204968447872,-5.295223218126921e-06,-0.00034288337919861065,0.00030333955655805763,0.9002283686928357,5.2282915115356445,-2.9913461331816893e-07,0.008255991899103785,-2.9830133030372963e-07,-0.00034329602785874156,0.000350035942392424
F:\Seminario\Seminario-Clustering\datasets\davi\Al Emadi (2019)\Multiclass_Drone_Audio\bebop_1\B_S2_D1_126-bebop_004_.wav,Multiclass_Drone_Audio\bebop_1\B_S2_D1_126-bebop_004_.wav,al_emadi,B_S2_D1_126-bebop_004,0.896,0.5779032374230822,8.140819549560547,-0.002759670191902298,0.3144018374646887,-0.008179823867976665,-0.336469954252243,0.3370560467243195,0.046579418114640836,8.905672073364258,0.0024188610313757007,0.08923017579214566,0.001460197032429278,-0.11883625835180282,0.11867493242025376,0.09537002543133351,9.759828567504883,-0.0018635376908389908,0.09101491682785828,-0.0007432271377183497,-0.12006904035806655,0.11532687395811082,0.16919993438914557,10.783740997314453,-0.0007266392030980213,0.08608095571743109,0.001353500527329743,-0.11412877291440963,0.10870321244001387,0.11094738464179786,11.718534469604492,-3.0884324786603005e-05,0.04938679554670736,-2.6625166356097907e-06,-0.06251732856035233,0.06240941137075425
F:\Seminario\Seminario-Clustering\datasets\davi\Al Emadi (2019)\Multiclass_Drone_Audio\unknown\3-103401-D-333.wav,Multiclass_Drone_Audio\unknown\3-103401-D-333.wav,al_emadi,3-103401-D-333,1.0216875,0.0224159436262824,8.303447723388672,-0.0010050972463308883,0.023800441992319055,-0.000558030791580677,-0.028143642470240593,0.02582271378487351,0.11041537704361191,7.846451759338379,-0.0009069132616597912,0.05286208611042568,-1.4285791166912531e-05,-0.053682589530944826,0.05225797928869729,0.6250933127455552,8.54815673828125,-0.000425153269311353,0.0895501498266619,8.713243687452632e-06,-0.08169730603694916,0.0836963467299938,0.19250936695107504,9.03990364074707,0.0002967657018814296,0.03525895129597789,2.7728391614800785e-05,-0.02604000400751829,0.027902209013700493,0.04956599963347543,9.008760452270508,-1.6396504228121323e-05,0.012672920705223375,-1.6328083802363835e-05,-0.008075546287000178,0.008330995216965677
F:\Seminario\Seminario-Clustering\datasets\davi\Al Emadi (2019)\Multiclass_Drone_Audio\unknown\3-161010-A-433.wav,Multiclass_Drone_Audio\unknown\3-161010-A-433.wav,al_emadi,3-161010-A-433,1.0216875,0.7677631534062701,8.96751594543457,0.002731622448712583,0.1477950270541817,0.003893714747391641,-0.18615923523902894,0.19521966576576233,0.06562387439996092,9.016899108886719,0.0011094634327359892,0.04320242733020556,-0.0009283556719310582,-0.052777222543954845,0.05732755921781065,0.08247120920908191,9.733413696289062,-0.0006272941936121782,0.03448300308629277,0.0007938193739391863,-0.04233886748552322,0.040284843742847444,0.044896225144463994,10.911430358886719,0.00019271548240837308,0.01805368949458345,4.0596667531644925e-05,-0.0227821446955204,0.023195635527372367,0.03924553784022305,11.939685821533203,3.1617392827889215e-05,0.011956544916484091,-2.4200630832638126e-05,-0.015174970310181378,0.015606855787336827
F:\Seminario\Seminario-Clustering\datasets\davi\Al Emadi (2019)\Multiclass_Drone_Audio\unknown\1-54752-A-183.wav,Multiclass_Drone_Audio\unknown\1-54752-A-183.wav,al_emadi,1-54752-A-183,1.0216875,0.23607116858598978,8.933996200561523,0.0018552582467667236,0.2193909855058243,-0.0038373395800590515,-0.2692099303007126,0.29021013081073765,0.24642025273928606,8.62643814086914,-0.0003222898451666053,0.22415610857193663,-0.008219568524509668,-0.2656306326389313,0.2750148415565491,0.27645113371454927,9.803569793701172,-0.00460805107213251,0.1689530006659631,-0.0015462262090295553,-0.2151712656021118,0.20177007317543022,0.1858019008788775,10.720630645751953,0.00047687789958949253,0.09831011763830731,-0.0009380514966323972,-0.11822020336985588,0.11951240673661237,0.0552555440812974,11.867438316345215,-2.386745089745773e-05,0.037974528309127585,0.0004705690225819126,-0.04767315164208412,0.04687519036233426
F:\Seminario\Seminario-Clustering\datasets\davi\Al Emadi (2019)\Multiclass_Drone_Audio\bebop_1\mixed_49-bebop_002_.wav,Multiclass_Drone_Audio\bebop_1\mixed_49-bebop_002_.wav,al_emadi,mixed_49-bebop_002,1.024,0.18406999504964228,8.154629707336426,1.9824581373077316e-05,0.09119140618316883,0.0020672183018177748,-0.09693990647792816,0.08673198521137238,0.244813778717302,7.419698238372803,-1.8859624925035754e-06,0.10516721105117542,0.0006863467278890312,-0.07552273571491241,0.07417555153369904,0.3579276352781609,8.665264129638672,0.000526880189678762,0.09054289540431117,-0.00011344318772898987,-0.07570370584726334,0.07538203895092009,0.13241365379643952,10.823652267456055,-0.0005148453653872074,0.03907527580754318,-0.0004915501922369003,-0.04938067048788071,0.048418705165386204,0.0807749371584553,11.956116676330566,1.576680140317657e-05,0.021619030729135996,0.00014320357149699703,-0.028183063492178917,0.027693827636539936
F:\Seminario\Seminario-Clustering\datasets\davi\Al Emadi (2019)\Multiclass_Drone_Audio\unknown\running_tap000.wav,Multiclass_Drone_Audio\unknown\running_tap000.wav,al_emadi,running,5.12,0.06615668518603394,11.204034805297852,0.0012475729735475,0.06544051545833132,0.0014738785102963448,-0.0809331089258194,0.08130794912576678,0.04424984493435132,10.883642196655273,-0.0005606520228310326,0.053526743274392365,-0.00015204111696220934,-0.0645557776093483,0.061786647140979825,0.0898825377603961,11.711080551147461,-0.00086784927180977,0.054015448160376886,-0.0005352853913791478,-0.062323428690433495,0.06081629022955896,0.3601743401026501,12.950899124145508,-0.001284970672182466,0.07651093018258388,-0.0007863465580157936,-0.09260478615760803,0.09082725644111633,0.43953659201656853,13.91286563873291,8.668420586121643e-05,0.059794153091994956,0.0,-0.07077929228544236,0.07184701561927796
F:\Seminario\Seminario-Clustering\datasets\davi\Al Emadi (2019)\Multiclass_Drone_Audio\bebop_1\B_S2_D1_081-bebop_002_.wav,Multiclass_Drone_Audio\bebop_1\B_S2_D1_081-bebop_002_.wav,al_emadi,B_S2_D1_081-bebop_002,1.024,0.6388711013385384,8.860769271850586,-0.0025681478567705827,0.2930675911156052,-0.009245160967111588,-0.3480978012084961,0.3647012710571289,0.024626685313755364,9.00167179107666,-0.0009825066556712323,0.05753306502845511,-0.001628155237995088,-0.07478117197751999,0.07265681773424149,0.07997949292225834,9.920384407043457,-0.0010405246403143106,0.07382878991348012,-9.228209819411859e-05,-0.09678919166326522,0.09096813946962357,0.14944633802306115,10.925191879272461,-0.0007709344942173772,0.07161537263280679,-0.001107438001781702,-0.09303021281957627,0.09273986220359802,0.10707638240238669,11.975460052490234,8.780060529453465e-05,0.04293973684356602,7.342354365391657e-05,-0.05534733645617962,0.05553428828716278
F:\Seminario\Seminario-Clustering\datasets\davi\Al Emadi (2019)\Multiclass_Drone_Audio\membo_1\mixed_membo_13-membo_000_.wav,Multiclass_Drone_Audio\membo_1\mixed_membo_13-membo_000_.wav,al_emadi,mixed_membo_13-membo_000,1.024,0.43643940293067957,9.131546020507812,-0.0005808155917330544,0.04808368302627329,-0.000558477477170527,-0.06351235508918762,0.06329268217086792,0.06865412827601775,9.000929832458496,-0.0006033448151271619,0.019062653333058965,-0.00035327108344063163,-0.02571350336074829,0.024477947503328323,0.19671066231180168,9.812734603881836,-4.653962673300764e-05,0.022986995390920202,-0.0004822256159968674,-0.028581374511122703,0.02827282883226871,0.18530943381103607,10.821338653564453,-8.990402418165218e-05,0.01583142921159624,1.4342358554131351e-05,-0.019948469847440718,0.01965153552591801,0.11288637267046493,11.884879112243652,-3.049944917478474e-05,0.00875227907595816,6.500268136733212e-05,-0.011264674365520477,0.011015710886567831
F:\Seminario\Seminario-Clustering\datasets\davi\Al Emadi (2019)\Multiclass_Drone_Audio\unknown\3-124376-A-33.wav,Multiclass_Drone_Audio\unknown\3-124376-A-33.wav,al_emadi,3-124376-A-33,1.0216875,0.5323021455212631,8.5958251953125,-0.0003106736633436197,0.12859946437021105,-0.00517570273950696,-0.15439983308315278,0.1508730411529541,0.15980165779145972,8.726081848144531,-0.0007911833864031315,0.07045706949989654,-0.001963882241398096,-0.08877981379628182,0.08339983522892003,0.25444825214062733,9.319558143615723,-0.0012456183816366723,0.06328230960286511,-0.0020732153207063675,-0.06790626943111419,0.0694121077656746,0.04427927594162936,10.708033561706543,6.06977663744972e-05,0.018733750061237328,-3.1537923916857835e-06,-0.022791381739079953,0.023212288506329067,0.009168668605020563,11.591461181640625,-3.992029055674893e-06,0.006038180502864333,2.56879947357902e-06,-0.007276279851794243,0.007109144981950522
F:\Seminario\Seminario-Clustering\datasets\davi\Al Emadi (2019)\Multiclass_Drone_Audio\membo_1\Membo_1_041-membo_004_.wav,Multiclass_Drone_Audio\membo_1\Membo_1_041-membo_004_.wav,al_emadi,Membo_1_041-membo_004,0.896,0.5143383025498884,9.21351432800293,0.0009373207263403225,0.08713689170847728,0.0004084588144905865,-0.10895722210407258,0.11397532969713212,0.047586454262506704,8.855600357055664,-0.0001281639251651526,0.026505704654834615,0.0007042553625069559,-0.03607336208224297,0.03446583077311517,0.08993725774491934,9.769681930541992,7.998358444377358e-05,0.025971312797502415,0.0002562914742156863,-0.03363008946180344,0.03153277263045312,0.15207658259322757,10.684563636779785,0.0001392274017987817,0.023975894011476522,5.69104595342651e-05,-0.0302485853433609,0.030179730057716368,0.19606140284945792,11.675915718078613,4.229678126734256e-06,0.019287544418703853,-0.0001254139278898947,-0.02410471849143505,0.024223902262747295
F:\Seminario\Seminario-Clustering\datasets\davi\Al Emadi (2019)\Multiclass_Drone_Audio\membo_1\mixed_membo_62-membo_004_.wav,Multiclass_Drone_Audio\membo_1\mixed_membo_62-membo_004_.wav,al_emadi,mixed_membo_62-membo_004,0.904,0.9122371732150152,8.718010902404785,0.0036877003779347732,0.2659229852755724,0.010062095709145069,-0.34115609526634216,0.3269747793674469,0.06944060012943752,8.721162796020508,-0.0003893413378008782,0.073374365294846,0.0025241184048354626,-0.09543357789516449,0.08974749594926834,0.007429471480794923,9.731476783752441,0.00013019109231859349,0.017104238585319995,0.00019340250582899898,-0.02139042280614376,0.022491085156798356,0.005227456570136739,10.77992057800293,-6.103339844551153e-05,0.010185547043754007,4.4242016883799806e-05,-0.013030321337282656,0.012978782877326013,0.005665298604615683,11.715648651123047,4.685050255852836e-06,0.007512435382000419,-1.925424385262886e-05,-0.009671790059655905,0.00963806826621294
F:\Seminario\Seminario-Clustering\datasets\davi\Al Emadi (2019)\Multiclass_Drone_Audio\unknown\3-246513-B-162.wav,Multiclass_Drone_Audio\unknown\3-246513-B-162.wav,al_emadi,3-246513-B-162,0.97525,0.45080380393854236,8.532751083374023,-0.008133811036175017,0.24851159648115925,0.001591102802194655,-0.2887011796236038,0.2621991962194442,0.53388220938293,8.796531677246094,0.0009272083589384712,0.27058613355932687,-0.00047226464084815234,-0.33756363987922666,0.344430086016655,0.01370124892571852,9.610979080200195,0.0002655357095527852,0.030874482026159358,0.00032974648638628423,-0.037072719633579256,0.03761103302240373,0.0013717411182071607,10.798309326171875,4.978954502386847e-06,0.006932683807087048,-8.065481961239129e-05,-0.008752666879445314,0.008521358761936429,0.00024099663460203666,11.845017433166504,4.38802803995521e-06,0.0020584079398011366,-1.0296142136212438e-05,-0.002602027729153633,0.0026365247322246432
F:\Seminario\Seminario-Clustering\datasets\davi\Al Emadi (2019)\Multiclass_Drone_Audio\unknown\2-72677-A-181.wav,Multiclass_Drone_Audio\unknown\2-72677-A-181.wav,al_emadi,2-72677-A-181,1.0216875,0.10034119874810116,8.708121299743652,-0.004885504661743854,0.1016812327653355,-0.004772669170051813,-0.13187721371650696,0.11686996519565589,0.2015193029121184,8.692049026489258,0.005217993038062392,0.14417033876490493,0.007211875170469284,-0.16730299293994905,0.17618863135576254,0.282654279247041,9.371335983276367,-0.002589793553732296,0.12160083886185037,-0.0032001095823943615,-0.13735460638999938,0.13791461288928986,0.2376574888588762,10.516505241394043,0.0007826645200140009,0.07912646894287875,0.0011180990259163082,-0.09112055152654645,0.0915232039988041,0.17782773023386325,11.436506271362305,-0.0003011796023709071,0.04848249448559838,-0.0003403839364182204,-0.05543629266321659,0.05583958663046361
F:\Seminario\Seminario-Clustering\datasets\davi\Al Emadi (2019)\Multiclass_Drone_Audio\unknown\3-159346-B-362.wav,Multiclass_Drone_Audio\unknown\3-159346-B-362.wav,al_emadi,3-159346-B-362,0.97525,0.05700094282361538,8.849560737609863,-0.007088233772277792,0.13308496251345794,-0.0024818547535687685,-0.18574645966291428,0.15866905599832534,0.045044740100163426,8.838163375854492,-0.0018829853598761187,0.11845960325578953,-0.0025250562466681004,-0.15018118023872376,0.1499749436974525,0.14076143960791204,9.815332412719727,0.0023825447921806213,0.1491556987733417,0.0035449936985969543,-0.19155859649181364,0.18672943115234378,0.2642095274009768,10.586292266845703,0.001143487050047869,0.1450253372166438,-0.0015807332820259035,-0.17290472537279128,0.17612251788377764,0.4929833500673323,11.506706237792969,-0.00023935286425800573,0.14033311451213695,0.0004805141797987744,-0.16826924681663513,0.16216662526130676
F:\Seminario\Seminario-Clustering\datasets\davi\Al Emadi (2019)\Multiclass_Drone_Audio\unknown\2-106019-A-132.wav,Multiclass_Drone_Audio\unknown\2-106019-A-132.wav,al_emadi,2-106019-A-132,0.97525,0.09768899848429444,9.694913864135742,-0.051058634640348044,0.01691986476094524,-0.05052265711128712,-0.07329217195510863,-0.02984051536768675,0.007591700479585211,8.694408416748047,1.1944259578210373e-05,0.014994801802395069,-6.953223055461422e-05,-0.018808439560234546,0.018323080241680143,0.3744069808030468,9.607358932495117,0.0036460745287948595,0.07491691597000716,0.00032386984094046056,-0.087098990380764,0.09710053056478501,0.5057453630517184,10.603126525878906,0.00011706554373884428,0.06186095103433481,0.0003252637689001858,-0.07314497455954552,0.07277303710579872,0.014566957181355228,11.83244514465332,-1.3349337173837111e-05,0.007436980565816828,4.755440750159323e-05,-0.009366807527840137,0.009469697251915932
F:\Seminario\Seminario-Clustering\datasets\davi\Al Emadi (2019)\Multiclass_Drone_Audio\unknown\2-196688-A-81.wav,Multiclass_Drone_Audio\unknown\2-196688-A-81.wav,al_emadi,2-196688-A-81,1.0216875,0.3445925240819129,8.967048645019531,-0.0026031751307986103,0.08357641982592123,-0.0031530868727713823,-0.11254812330007553,0.10255701318383224,0.32558261814506556,8.974935531616211,-0.001574428243032323,0.08126256069302643,-0.0025874744169414043,-0.1029789313673973,0.09821062460541728,0.17697820734145867,9.76399040222168,-0.0012064587636151185,0.04264154319673342,-0.0009767571464180946,-0.05258433856070041,0.050700654089450826,0.127757005232597,10.670486450195312,-0.00024439810987766296,0.02571458790150261,-0.00037023819459136575,-0.03155000917613506,0.031109522283077243,0.02508964519896584,11.794305801391602,8.254967210767972e-06,0.008071981568589005,7.654150977032259e-05,-0.009957244340330362,0.00986257838085294
F:\Seminario\Seminario-Clustering\datasets\davi\Al Emadi (2019)\Multiclass_Drone_Audio\membo_1\mixed_membo_12-membo_002_.wav,Multiclass_Drone_Audio\membo_1\mixed_membo_12-membo_002_.wav,al_emadi,mixed_membo_12-membo_002,1.024,0.8812812476520452,8.953041076660156,-0.004340252611099598,0.33596464802042436,-0.04956898093223572,-0.4164426922798157,0.45191502571105957,0.0488705274658585,8.912288665771484,-0.0006332460640168176,0.07911924964052366,-0.0011235264828428626,-0.09823457151651382,0.10028426349163055,0.03436144003882576,9.917634963989258,0.000137863934805421,0.04723980491662831,0.00026151136262342334,-0.0605450838804245,0.059791453182697296,0.023167768479995493,10.8831787109375,-3.985370577851262e-05,0.027524860813003375,0.00013798284635413438,-0.0345395989716053,0.035248455405235295,0.012319016363275028,11.869824409484863,1.4244616066807355e-06,0.014216613962673482,3.263071266701445e-05,-0.018133647739887238,0.01790242362767458
F:\Seminario\Seminario-Clustering\datasets\davi\Al Emadi (2019)\Multiclass_Drone_Audio\unknown\2-57191-A-463.wav,Multiclass_Drone_Audio\unknown\2-57191-A-463.wav,al_emadi,2-57191-A-463,1.0216875,0.20878442959391205,8.817432403564453,0.008570626260199983,0.6688011807641758,0.001270816137548536,-0.8328597903251648,0.8051422238349916,0.44283534364777055,8.799921989440918,-0.002877357649907491,0.9740985598379632,-0.014453266747295856,-1.2461506843566894,1.2816636562347414,0.3058465170508147,9.575775146484375,0.0026065577854554583,0.5762836857507819,0.004356545745395124,-0.6693609297275543,0.6756751775741576,0.03964421529338579,10.244580268859863,9.295390906895515e-05,0.1472105271260195,0.0007732651429250836,-0.16364177465438837,0.16102050840854648,0.002889494414116855,10.502434730529785,1.023495940695574e-05,0.02815050895387542,9.651728396420367e-05,-0.025843958742916583,0.026111871935427192
F:\Seminario\Seminario-Clustering\datasets\davi\Al Emadi (2019)\Multiclass_Drone_Audio\membo_1\Membo_0_012-membo_002_.wav,Multiclass_Drone_Audio\membo_1\Membo_0_012-membo_002_.wav,al_emadi,Membo_0_012-membo_002,1.024,0.6086307126730592,8.916069030761719,-0.002352713328397626,0.12658523263339244,-0.0014899836387485266,-0.16417768597602844,0.14198139309883118,0.04184038857749566,9.084993362426758,-0.00023792847634613142,0.03319462840977024,-0.0004035896563436836,-0.04341893643140793,0.04328290373086929,0.09577642644749372,10.009420394897461,-0.00031523038125044067,0.03575981423422167,-0.00027607326046563685,-0.04621117860078811,0.04463860541582108,0.12733212245715583,10.919254302978516,0.00015410942841358386,0.02925869710589707,0.0009564463398419321,-0.037403030693531035,0.036423100531101225,0.12642034984479558,11.902219772338867,-1.8713967981794714e-05,0.020650236187285693,0.0002804410469252616,-0.02633302193135023,0.025909774005413055
F:\Seminario\Seminario-Clustering\datasets\davi\Al Emadi (2019)\Multiclass_Drone_Audio\membo_1\mixed_membo_58-membo_004_.wav,Multiclass_Drone_Audio\membo_1\mixed_membo_58-membo_004_.wav,al_emadi,mixed_membo_58-membo_004,0.904,0.8161686297187212,8.259769439697266,-0.004566497000095121,0.09494640028037356,-0.00458601163700223,-0.11677580326795578,0.09608283638954163,0.015383667202286441,8.646269798278809,1.907499375478111e-05,0.01305027718215859,-0.0004209064645692706,-0.016491584479808807,0.016140833497047424,0.043199813245225566,9.562507629394531,0.00036586108749147943,0.015581352392782787,8.24038143036887e-05,-0.017730797082185744,0.018607208877801894,0.04048999822976494,10.72608757019043,-4.899896518896424e-05,0.010711808558782185,0.0001417256280547008,-0.01346217431128025,0.013387669250369078,0.08475789160400189,11.745880126953125,3.105802864483512e-05,0.01098004939183897,0.00011686848301906139,-0.013870433438569307,0.014004762750118971
F:\Seminario\Seminario-Clustering\datasets\davi\Al Emadi (2019)\Multiclass_Drone_Audio\bebop_1\mixed_57-bebop_003_.wav,Multiclass_Drone_Audio\bebop_1\mixed_57-bebop_003_.wav,al_emadi,mixed_57-bebop_003,1.024,0.5757324647574814,8.789684295654297,-0.004439883841037092,0.13818576484218717,0.00015079144213814288,-0.18622806668281555,0.16613924503326416,0.04072949565189098,8.939788818359375,0.00024286708802564758,0.036772405830845616,-0.00014937252853997052,-0.04800143837928772,0.04685600847005844,0.10509048977924845,9.9413480758667,-0.0009037422782398882,0.04204943180918778,-0.0008100218256004155,-0.05514605194330215,0.052446813136339185,0.16803301391381972,10.942571640014648,0.0007963456865229178,0.0377301484494904,0.0008449607994407415,-0.046975277364254,0.048633725941181184,0.11041453589755947,11.941649436950684,6.85624072187548e-05,0.02166823542834202,-0.00010342157838749699,-0.027340552769601345,0.027850336395204067
F:\Seminario\Seminario-Clustering\datasets\davi\Al Emadi (2019)\Multiclass_Drone_Audio\unknown\3-135650-A-452.wav,Multiclass_Drone_Audio\unknown\3-135650-A-452.wav,al_emadi,3-135650-A-452,0.97525,0.8606316697948434,8.690582275390625,-0.0030725575945285606,0.18379928401991044,-0.0019278826657682657,-0.22575131207704544,0.215763846039772,0.0930384202253155,8.70518684387207,-0.0006357431790063914,0.06043700675236322,-0.00022904274374013767,-0.0715655468404293,0.07478757724165914,0.031882579429661426,9.767965316772461,0.00021420412651768626,0.025200383715529087,0.0005323328077793121,-0.030494710430502888,0.03210570290684701,0.01173097914704275,10.575567245483398,-4.8877094664571165e-05,0.01084772379988244,8.311405690619722e-05,-0.012960525788366794,0.012895910814404488,0.002716351403136912,11.63121223449707,1.323846229957412e-05,0.0036976652820717723,1.8180250663135666e-05,-0.00447285920381546,0.004395942436531186
F:\Seminario\Seminario-Clustering\datasets\davi\Al Emadi (2019)\Multiclass_Drone_Audio\unknown\5-263490-A-253.wav,Multiclass_Drone_Audio\unknown\5-263490-A-253.wav,al_emadi,5-263490-A-253,1.0216875,0.8377758391973789,7.600183486938477,-0.0008554733046457146,0.04169002035718449,0.001011062995530665,-0.044630026817321776,0.03895478919148445,0.08780094706680522,7.586035251617432,-0.0003971010337634736,0.013493395249680384,-3.89810957130976e-05,-0.012853303086012602,0.011559393722563987,0.03769285098694203,8.810541152954102,-7.946881463525149e-05,0.006295930276825006,-4.5463399146683514e-05,-0.006456727860495448,0.006295368820428847,0.029861653440791,9.007960319519043,-2.0236241425933875e-05,0.003976274443933555,-2.1164071767998394e-05,-0.0033004045719280837,0.0033014786196872595,0.00686870930808285,9.95403003692627,6.516555386512032e-07,0.001350793177245261,-9.116858109337045e-06,-0.0010781848919577896,0.0010764047969132667
F:\Seminario\Seminario-Clustering\datasets\davi\Al Emadi (2019)\Multiclass_Drone_Audio\unknown\2-209474-A-254.wav,Multiclass_Drone_Audio\unknown\2-209474-A-254.wav,al_emadi,2-209474-A-254,0.95975,0.5807201611754559,7.618105888366699,-0.028887853912625328,0.05293024551837089,-0.02619272843003273,-0.06891467794775963,1.731285738060251e-05,0.1616309960746112,4.502942085266113,0.0007837234786717537,0.03180285286926534,0.00016370003868360072,-0.015632344409823418,0.01658783946186304,0.14625527707846828,5.83218240737915,0.0006355496814659262,0.021542335489973398,3.140537046419922e-05,-0.009042244870215654,0.010103915724903352,0.09651610226424218,5.5079569816589355,9.798620413150455e-05,0.012424151933498677,1.3672166005562758e-05,-0.004887566855177283,0.00488772541284561,0.014877463407222513,8.505315780639648,9.206008417497303e-06,0.003455551253025086,-5.026771248139994e-07,-0.002114061824977398,0.0021788494195789116
F:\Seminario\Seminario-Clustering\datasets\davi\Al Emadi (2019)\Multiclass_Drone_Audio\unknown\3-144106-A-323.wav,Multiclass_Drone_Audio\unknown\3-144106-A-323.wav,al_emadi,3-144106-A-323,1.0216875,0.04000705699030219,8.466463088989258,0.00016742943201119876,0.04218997366883846,0.0013994520995765924,-0.049029895290732387,0.04605451039969921,0.054178926329106154,4.772680282592773,0.003376153879466675,0.04898130654817402,0.0006030027288943529,-0.016953644528985023,0.019665673375129717,0.24128548097440328,6.317320346832275,0.0004124720741304054,0.07375790118137567,2.3356048586720135e-05,-0.02247393392026424,0.024834069237112986,0.293616119694483,7.740334987640381,0.001054873725286533,0.057720118023585114,6.939695231267251e-05,-0.0237324571236968,0.023610560223460208,0.3709124160117054,7.480914115905762,-0.00028387215578326905,0.045958252832073526,8.28917654871475e-06,-0.010945078078657388,0.010726097226142884
F:\Seminario\Seminario-Clustering\datasets\davi\Al Emadi (2019)\Multiclass_Drone_Audio\unknown\4-155650-B-241.wav,Multiclass_Drone_Audio\unknown\4-155650-B-241.wav,al_emadi,4-155650-B-241,1.0216875,0.9559282514094463,8.595773696899414,-0.0002430804362764334,0.009275506871093188,-0.0004678377590607852,-0.011027892772108316,0.010554853081703189,0.026724266556143017,8.711451530456543,1.33859406916325e-06,0.0015514109262349846,4.016926868644077e-05,-0.0018321070587262512,0.0018245164654217664,0.012156702288945683,9.682293891906738,1.764282838147889e-05,0.0007446728265236387,3.770991952478653e-06,-0.0008796110458206385,0.0009156349056866019,0.003880090575305834,10.596831321716309,-3.3235858607855115e-06,0.00029856132565672574,2.7355080192137393e-06,-0.00035837212635669857,0.00034670591412577794,0.001310689170159162,10.728096008300781,6.473310590046545e-07,0.00012291634955638298,-3.050271235593982e-08,-0.0001322513315244578,0.0001350627557258122
F:\Seminario\Seminario-Clustering\datasets\davi\Al Emadi (2019)\Multiclass_Drone_Audio\membo_1\Membo_0_036-membo_002_.wav,Multiclass_Drone_Audio\membo_1\Membo_0_036-membo_002_.wav,al_emadi,Membo_0_036-membo_002,1.024,0.5359541009817068,9.045787811279297,0.0004013213756644091,0.08467100943816763,-0.0007245527813211083,-0.10797859728336334,0.10706763714551926,0.059026499418071345,8.969823837280273,2.1863730970074953e-05,0.028099540518755097,0.00010213672067038715,-0.03590500354766846,0.03470480069518089,0.09459759417484587,9.8143892288208,0.00014301031187554208,0.025328568956846296,8.804977551335469e-05,-0.03152929395437241,0.031838200241327275,0.13653801377058733,10.836712837219238,1.804519714149538e-05,0.021593019597481822,5.708949902327731e-05,-0.027051328495144845,0.026816663146018983,0.1738837916547887,11.873322486877441,1.2183507637164777e-05,0.0172600028268296,-8.259669994004071e-05,-0.02164136990904808,0.021757042966783047
F:\Seminario\Seminario-Clustering\datasets\davi\Al Emadi (2019)\Multiclass_Drone_Audio\bebop_1\mixed_10-bebop_003_.wav,Multiclass_Drone_Audio\bebop_1\mixed_10-bebop_003_.wav,al_emadi,mixed_10-bebop_003,1.024,0.6347891474813969,8.703496932983398,-0.0007331600111109922,0.18253225896507905,-0.01012970320880413,-0.20962242782115936,0.23220784962177277,0.08854566848556888,8.993480682373047,-0.002645455290838991,0.06812159207528334,0.0019248930038884282,-0.09128407388925552,0.08370374888181686,0.09476707661974987,9.97390365600586,-0.0007309695326173893,0.05021261143417214,-0.002621568739414215,-0.06332975625991821,0.06495777517557143,0.11334489641772612,10.898361206054688,0.000520050771182903,0.038967414619017156,0.00030064702150411904,-0.04887971207499504,0.050936024636030204,0.06855321099555815,11.936524391174316,0.0001089059205736308,0.021467045608550794,2.347510303479794e-06,-0.02773165050894022,0.027930974029004574
F:\Seminario\Seminario-Clustering\datasets\davi\Al Emadi (2019)\Multiclass_Drone_Audio\bebop_1\B_S2_D1_101-bebop_004_.wav,Multiclass_Drone_Audio\bebop_1\B_S2_D1_101-bebop_004_.wav,al_emadi,B_S2_D1_101-bebop_004,0.896,0.8435343761250541,8.049595832824707,-0.004347808651189805,0.4827037549458964,-0.010138214565813541,-0.5094929218292237,0.521222507953644,0.01079315657862534,8.710805892944336,0.0006954038206612508,0.05459915223808544,-0.00020908931037411094,-0.06846682727336884,0.06841540187597281,0.027546405462376806,9.712430953979492,-2.5579216491200858e-05,0.06217312696891565,-0.0004433652793522924,-0.07891095131635664,0.07683508843183519,0.06904238394999784,10.739410400390625,-0.0009999023308044145,0.06987286167740138,-0.00031482992926612496,-0.09139984548091888,0.08968450129032135,0.04908367788394591,11.743526458740234,-4.8859042637956595e-05,0.041743926455497536,0.00020987044263165444,-0.053813049197196955,0.05284112989902511
F:\Seminario\Seminario-Clustering\datasets\davi\Al Emadi (2019)\Multiclass_Drone_Audio\unknown\3-170851-A-311.wav,Multiclass_Drone_Audio\unknown\3-170851-A-311.wav,al_emadi,3-170851-A-311,1.0216875,0.10124833863849333,7.555308818817139,-0.00011097634089261705,0.00714850040780739,-6.304541602730751e-05,-0.006600391352549195,0.0060491268523037494,0.050233550250708116,5.669300079345703,-2.62311864575131e-05,0.0050357521985727564,5.977954742775182e-06,-0.0016798507655039429,0.0016011197236366573,0.32547837915129313,6.112919807434082,-3.3243195099507486e-05,0.00912508452285325,-2.4996607862703968e-05,-0.002859856886789203,0.0026087199337780473,0.42006315100398245,6.043341636657715,1.024697264999276e-05,0.00735521923312525,5.777258593298029e-06,-0.0009112752799410372,0.0008952585572842511,0.10297658095552294,7.265323638916016,-4.732249946135755e-06,0.0025794882112451464,7.170409048740112e-07,-0.0004704661201685667,0.0004606297006830573
F:\Seminario\Seminario-Clustering\datasets\davi\Al Emadi (2019)\Multiclass_Drone_Audio\unknown\3-144891-A-192.wav,Multiclass_Drone_Audio\unknown\3-144891-A-192.wav,al_emadi,3-144891-A-192,0.97525,0.8076453929307359,8.740468978881836,0.004732038373101555,0.15764531195327022,0.006576798623427749,-0.19015365839004517,0.1980963632464408,0.16340167937163733,8.7467679977417,-0.0002016280300748751,0.07094026269986044,-0.0002939025143859908,-0.0890426754951477,0.08413865342736242,0.026485709267050822,9.74331283569336,0.0003992448768492033,0.020339427603161864,-0.00027271138969808817,-0.024107784032821655,0.02560533024370671,0.002221354572664332,10.911027908325195,1.1011615056502416e-05,0.0041807460686310895,6.586520612472668e-05,-0.005454379133880138,0.0054842242971062695,0.0002458638579116014,11.862117767333984,8.149798196425139e-06,0.000985236165084605,3.65199730367749e-06,-0.0012406705063767731,0.0012741409009322524
F:\Seminario\Seminario-Clustering\datasets\davi\Al Emadi (2019)\Multiclass_Drone_Audio\unknown\2-57191-A-464.wav,Multiclass_Drone_Audio\unknown\2-57191-A-464.wav,al_emadi,2-57191-A-464,0.95975,0.3674119807075615,8.54991340637207,-0.022894076499898476,0.7393932027630163,0.009821293875575066,-0.9125767350196838,0.837353378534317,0.19362171140825918,8.80309772491455,-0.00012146804457717872,0.5370118964372145,-0.00024298037897096947,-0.6799463033676147,0.6791764795780182,0.33121136244366883,9.379801750183105,5.370894617160568e-05,0.5002070991401164,0.002735491725616157,-0.613990581035614,0.6139829099178316,0.09797656767193924,10.021270751953125,0.0010914261474811143,0.1930660312152938,0.0011939919786527753,-0.2111244440078735,0.2117298930883407,0.00977837776857128,10.3062744140625,-2.1977225716263243e-05,0.04320749332349775,-2.744867651927052e-05,-0.0393354844301939,0.038024382665753365
F:\Seminario\Seminario-Clustering\datasets\davi\Al Emadi (2019)\Multiclass_Drone_Audio\unknown\3-118069-B-270.wav,Multiclass_Drone_Audio\unknown\3-118069-B-270.wav,al_emadi,3-118069-B-270,1.0216875,0.8387785726965684,9.11348819732666,0.0016745414071788183,0.062242509473082845,-0.0030388450250029564,-0.07337073013186454,0.09487892985343938,0.04718926828286003,8.534157752990723,-0.00018024348411080338,0.014767596834973517,-0.0002472526684869081,-0.01742292046546936,0.01724379174411297,0.01759826593584685,9.522153854370117,4.173458579625238e-05,0.006420246159868258,4.6663499233545735e-05,-0.007591900369152427,0.0074052760843187565,0.04938234728246521,9.627345085144043,-7.110627896315458e-05,0.007630499557762004,-9.18645309866406e-05,-0.0074348872993141414,0.006918568769469859,0.04705154580225955,10.828776359558105,2.6002477059720177e-05,0.005275868273940449,-6.921338354004547e-05,-0.005245698103681206,0.0054194275755435235
F:\Seminario\Seminario-Clustering\datasets\davi\Al Emadi (2019)\Multiclass_Drone_Audio\membo_1\Membo_2_010-membo_000_.wav,Multiclass_Drone_Audio\membo_1\Membo_2_010-membo_000_.wav,al_emadi,Membo_2_010-membo_000,1.024,0.3716282569772967,9.419771194458008,0.00011738725456014386,0.06933267738850725,-0.002567530609667301,-0.08907805383205414,0.09097693860530853,0.05885210633339149,8.93114948272705,0.00021689413021992406,0.027590007127243313,0.0005134550738148391,-0.035968173295259476,0.036794260144233704,0.13159705627315701,9.870597839355469,3.895295377529355e-05,0.029377080151835426,-0.0007176414364948869,-0.036852747201919556,0.036479251831769935,0.1921287688282258,10.75490951538086,-0.000203373901435112,0.025187043660898294,0.0001881275966297835,-0.03197507336735725,0.030373098328709606,0.24579381158792904,11.731817245483398,1.1117687395211219e-05,0.02017925971168256,0.00018557348084868863,-0.02489770855754614,0.024782933294773102
F:\Seminario\Seminario-Clustering\datasets\davi\Al Emadi (2019)\Multiclass_Drone_Audio\membo_1\extra_membo_D2_2009.wav,Multiclass_Drone_Audio\membo_1\extra_membo_D2_2009.wav,al_emadi,extra_membo_D2,1.002625,0.8713315202971218,8.94046401977539,0.0003585629080180341,0.027311193659428825,0.0007009487017057836,-0.03454900532960892,0.038818956911563875,0.028349407655386627,8.91089916229248,-2.834226680013307e-05,0.004926644240858041,-0.00017320849292445928,-0.005895481165498494,0.006257646717131139,0.03759762596189377,9.963891983032227,7.67584287952084e-06,0.004039480335851397,6.605326052522287e-05,-0.00532817323692143,0.005259992182254792,0.03571696558846446,10.832708358764648,2.372870386416424e-05,0.0027935434607284345,4.067534246132709e-05,-0.003431476489640772,0.00346380735281855,0.027004480497133363,11.900056838989258,-8.060922703675678e-06,0.001720736147180516,-2.0957286324119195e-05,-0.0021863358095288274,0.0021778991445899013
F:\Seminario\Seminario-Clustering\datasets\davi\Al Emadi (2019)\Multiclass_Drone_Audio\membo_1\Membo_0_002-membo_004_.wav,Multiclass_Drone_Audio\membo_1\Membo_0_002-membo_004_.wav,al_emadi,Membo_0_002-membo_004,0.896,0.4991275755015671,9.271629333496094,0.004346471059436654,0.08534660053398774,0.005520791746675968,-0.10788105279207229,0.11827990859746934,0.06063976884408559,8.699846267700195,7.933859694866416e-05,0.029786545967562538,-0.0006282172980718315,-0.03464694395661354,0.03675546497106553,0.09666174352094581,9.694778442382812,-0.00019663273354886764,0.026802908398658638,-0.0005697443848475814,-0.03396174982190132,0.03565463200211525,0.12374137977795772,10.647579193115234,5.3564387539767324e-05,0.021530160115211323,-0.00013239770487416536,-0.02726926989853382,0.026562434434890744,0.21982953235544375,11.661511421203613,1.416168119739323e-05,0.02033124524677116,-0.00023517116642324254,-0.025165514461696147,0.02542927972972393
F:\Seminario\Seminario-Clustering\datasets\davi\Al Emadi (2019)\Multiclass_Drone_Audio\bebop_1\mixed_47-bebop_001_.wav,Multiclass_Drone_Audio\bebop_1\mixed_47-bebop_001_.wav,al_emadi,mixed_47-bebop_001,1.024,0.6822745552221213,8.946136474609375,-0.0001926253321908457,0.37023219513213734,0.009069577790796757,-0.4620077908039093,0.47148895263671875,0.17782915779299485,8.933311462402344,-0.0008821400701167949,0.18901288948340242,-0.0018183250213041902,-0.23783010244369507,0.240054190158844,0.07361514296503838,9.9180326461792,0.0006661019286248511,0.0865898741463801,-0.00021208486577961594,-0.10679683983325958,0.11241048872470855,0.044410935965787185,10.976105690002441,-0.0006123525038141796,0.04772157769739408,-0.001491342089138925,-0.06266405433416367,0.06069136559963227,0.021870208054058267,11.937454223632812,-1.9588578313560973e-05,0.023722288295158222,4.3321224438841455e-05,-0.03047787956893444,0.030190850608050823
F:\Seminario\Seminario-Clustering\datasets\davi\Al Emadi (2019)\Multiclass_Drone_Audio\bebop_1\mixed_57-bebop_000_.wav,Multiclass_Drone_Audio\bebop_1\mixed_57-bebop_000_.wav,al_emadi,mixed_57-bebop_000,1.024,0.46779233154402317,8.690511703491211,-0.0027741307015446584,0.10299213467651326,-0.004668168257921934,-0.12310276180505753,0.12195252627134323,0.07664043324528255,8.908602714538574,5.7866708535847694e-05,0.04170263949616625,0.001066736876964569,-0.05253062769770622,0.05124084651470184,0.11594924794018659,9.955926895141602,0.00038094781321566557,0.036521369078920576,0.0007138108485378325,-0.04497619420289993,0.047139425575733175,0.2077817013905783,10.903738021850586,-0.0008744492785738218,0.0346825933407052,-0.00032747010118328035,-0.04653523340821266,0.0426192119717598,0.1318362858799294,11.907120704650879,-1.0813840954893952e-05,0.0195743799116089,0.00020644479809561744,-0.02514544688165188,0.02499971352517605
F:\Seminario\Seminario-Clustering\datasets\davi\Al Emadi (2019)\Multiclass_Drone_Audio\unknown\4-184237-A-283.wav,Multiclass_Drone_Audio\unknown\4-184237-A-283.wav,al_emadi,4-184237-A-283,1.0216875,0.9537252470932075,8.336289405822754,0.0034590779517771767,0.2297992529890597,0.005484833614900708,-0.26441005170345305,0.2645108312368394,0.010207117906042226,7.772276401519775,-0.00017514947963255883,0.023775297387522914,-5.420695174507273e-06,-0.024222976341843606,0.022347686253488104,0.004331708817753055,8.257631301879883,0.0004307069828742005,0.011017665239941538,6.77435309626162e-05,-0.00902847619727254,0.009952928591519593,0.005285222670604189,9.556523323059082,9.774797613341588e-05,0.008640829691731088,3.130885124846827e-05,-0.008499688189476728,0.008368565235286951,0.02645070351239305,10.953251838684082,1.4530922640688032e-05,0.013692925477455868,-9.609559128875844e-06,-0.014868573751300573,0.014942111261188988
F:\Seminario\Seminario-Clustering\datasets\davi\Al Emadi (2019)\Multiclass_Drone_Audio\unknown\5-207836-C-290.wav,Multiclass_Drone_Audio\unknown\5-207836-C-290.wav,al_emadi,5-207836-C-290,1.0216875,0.22682859110915438,7.065155982971191,-0.0003859466859335009,0.03573628707782971,0.00019907760724890977,-0.026234675012528894,0.02567728199064732,0.39116607326998265,7.799346446990967,0.0002114682098174277,0.046931240978429975,0.00024697605840628967,-0.049184675514698024,0.04697394818067551,0.08936809404416604,9.248644828796387,-0.00012583024958033178,0.015968678903597194,7.88935767559451e-06,-0.018971528112888335,0.019020879641175267,0.1943722173104135,9.271438598632812,-1.6335687517498375e-05,0.016709681661216714,-4.9594355004956014e-05,-0.015451406314969062,0.015343016199767592,0.09826502426628345,10.500075340270996,5.251089597468206e-05,0.008415280755412093,-7.754833404760575e-06,-0.007924163993448018,0.00819386150687933
F:\Seminario\Seminario-Clustering\datasets\davi\Al Emadi (2019)\Multiclass_Drone_Audio\bebop_1\mixed_60-bebop_004_.wav,Multiclass_Drone_Audio\bebop_1\mixed_60-bebop_004_.wav,al_emadi,mixed_60-bebop_004,0.904,0.5409456893830972,9.151792526245117,-0.004905555688122849,0.27235680571959525,-0.011815965175628662,-0.3661494851112366,0.35742372274398804,0.309154563339478,8.930328369140625,-0.0008892400143686812,0.20592809973545756,-0.011664568446576595,-0.26360568404197693,0.2829722464084625,0.07354869083454128,9.859498977661133,-0.0007008693713246552,0.07158006686226044,-0.003171687014400959,-0.09253371208906173,0.09280121028423309,0.044851948746890066,10.723079681396484,0.00015989963597296068,0.039684614518843794,-1.3380149539443664e-05,-0.05015589222311974,0.04953997433185578,0.03149910769599352,11.755306243896484,-5.901575652030973e-05,0.023561626211651,-2.474246775818756e-05,-0.03051137737929821,0.030268576927483082
F:\Seminario\Seminario-Clustering\datasets\davi\Al Emadi (2019)\Multiclass_Drone_Audio\unknown\4-191246-B-72.wav,Multiclass_Drone_Audio\unknown\4-191246-B-72.wav,al_emadi,4-191246-B-72,0.97525,0.6854295668482557,7.749659538269043,-0.001581715907435748,0.11442084586992887,-0.0013918272452428937,-0.11288962885737419,0.09980094134807586,0.15923175252675925,7.3823089599609375,-0.0004287962747743015,0.05515272037448714,7.750129589112476e-05,-0.04570424035191536,0.0423117235302925,0.05503111043230952,8.017739295959473,-0.000521498963089816,0.02308920157177278,-3.2474534236826e-05,-0.018177270889282227,0.016664404794573786,0.012149860167014267,9.078311920166016,7.957202814029927e-05,0.007700301636744606,1.4756753444089554e-05,-0.006167905637994409,0.006271234853193166,0.08815771002566124,8.751134872436523,7.671405129522738e-05,0.014693695891291235,2.800563265736855e-06,-0.008413564413785934,0.008384777698665857
F:\Seminario\Seminario-Clustering\datasets\davi\Al Emadi (2019)\Multiclass_Drone_Audio\bebop_1\mixed_0-bebop_000_.wav,Multiclass_Drone_Audio\bebop_1\mixed_0-bebop_000_.wav,al_emadi,mixed_0-bebop_000,1.024,0.6705758629539716,8.875726699829102,-0.011964608693562296,0.46396511559540193,-0.004386048298329115,-0.5966413617134094,0.556516170501709,0.031961459921667656,8.621061325073242,0.0036627529588579818,0.10125934376062769,0.0019973041489720345,-0.11871058493852615,0.12587140500545502,0.030247861417038273,9.79842472076416,-0.0025052095083235937,0.07014196904601436,-0.002698043128475547,-0.0899248406291008,0.0811292290687561,0.12296452640168475,10.862933158874512,-0.0008671961848189635,0.10041310124058578,-0.0008917608065530658,-0.12854449450969696,0.1243747040629387,0.14425028930563763,11.691086769104004,-0.00015204345632256424,0.07703690450231006,-0.0007300779689103365,-0.09243210405111313,0.09478389471769333
F:\Seminario\Seminario-Clustering\datasets\davi\Al Emadi (2019)\Multiclass_Drone_Audio\unknown\4-165813-A-190.wav,Multiclass_Drone_Audio\unknown\4-165813-A-190.wav,al_emadi,4-165813-A-190,1.0216875,0.6521883259128567,8.020434379577637,-0.00018152235734583284,0.032644199492618646,-0.0009506498172413558,-0.032978291809558864,0.03218054324388506,0.28315513748364946,7.472519397735596,0.0004745718949916999,0.021504666303500047,-8.704049469088204e-05,-0.018300961703062054,0.021686226129531905,0.05730856630528343,8.377897262573242,0.00010631337045953039,0.006887944481462124,9.527442216494819e-06,-0.006202821293845772,0.006097162840887898,0.0069165945770313115,9.236738204956055,-8.035581978805334e-08,0.0016980004590570127,6.922091870364966e-06,-0.0014140206505544482,0.001339877129066736,0.0004313757211791716,11.928789138793945,-1.1476312571994917e-06,0.00030036036150637123,-2.4438860464215395e-06,-0.00038242892769631,0.00038666605250909926
F:\Seminario\Seminario-Clustering\datasets\davi\Al Emadi (2019)\Multiclass_Drone_Audio\membo_1\Membo_0_004-membo_000_.wav,Multiclass_Drone_Audio\membo_1\Membo_0_004-membo_000_.wav,al_emadi,Membo_0_004-membo_000,1.024,0.4330010086447442,9.099137306213379,0.0010701790991712,0.0907875040040731,-0.0003304646525066346,-0.11219850182533264,0.11375816911458969,0.06477306369047704,9.048286437988281,0.0002093907343370545,0.03511569532891874,-0.0009525054483674467,-0.047156818211078644,0.04527062177658081,0.11481161732302352,9.978872299194336,7.280504118826653e-05,0.03328935281439281,-0.0008097828831523657,-0.04208124205470085,0.042776773124933234,0.17808629554274633,10.914590835571289,-0.0005446060297872661,0.029414639500357383,-1.8828419570127153e-06,-0.03831329792737961,0.03670170232653619,0.2093280147990089,11.836174011230469,8.37263394930474e-06,0.02259232843112743,0.00042068466427735984,-0.02835201844573021,0.028240220621228218
F:\Seminario\Seminario-Clustering\datasets\davi\Al Emadi (2019)\Multiclass_Drone_Audio\membo_1\Membo_1_002-membo_001_.wav,Multiclass_Drone_Audio\membo_1\Membo_1_002-membo_001_.wav,al_emadi,Membo_1_002-membo_001,1.024,0.40002328171313845,9.098739624023438,-0.0008967001155649288,0.07067439379862385,-0.002591929165646434,-0.0903029814362526,0.08629295974969864,0.05862711650301766,8.947088241577148,0.00017664953119571314,0.02705792126087529,-0.0005052316118963063,-0.03473282605409622,0.03609912097454071,0.1585362052913783,9.9047212600708,0.00018238162153263709,0.03168204092741551,-0.0005222019390203059,-0.04012991338968277,0.040367443114519105,0.20798044612200012,10.863765716552734,0.00018798955347335957,0.02574927627933401,0.00044150586472824216,-0.031320972740650176,0.032330050319433215,0.17483295037046548,11.899371147155762,6.82817286489392e-06,0.016722516152996445,-0.00011552357318578288,-0.021086612716317177,0.021242348477244377
F:\Seminario\Seminario-Clustering\datasets\davi\Al Emadi (2019)\Multiclass_Drone_Audio\membo_1\mixed_membo_57-membo_003_.wav,Multiclass_Drone_Audio\membo_1\mixed_membo_57-membo_003_.wav,al_emadi,mixed_membo_57-membo_003,1.024,0.5870188339027963,8.958559036254883,-0.0004897920885503103,0.06601802552775869,0.0006072978721931577,-0.08759330213069916,0.08121579885482788,0.12496814423042123,8.9476957321167,0.00032760639766089736,0.03045951625462127,0.0004205389122944325,-0.038066815584897995,0.03882376477122307,0.056954665534020475,9.970417022705078,6.081716425458649e-05,0.014642359992770035,-0.00038148966268636286,-0.018656306341290473,0.018215050175786014,0.11881647246640496,10.958667755126953,0.00014301484234092911,0.015006451200268243,0.00026258727302774787,-0.01923641487956047,0.01954333782196045,0.11224188386635704,11.910383224487305,3.4973324680192264e-06,0.010331455923856233,-3.7760950363008305e-05,-0.013035619631409645,0.012930024415254593
F:\Seminario\Seminario-Clustering\datasets\davi\Al Emadi (2019)\Multiclass_Drone_Audio\bebop_1\B_S2_D1_117-bebop_000_.wav,Multiclass_Drone_Audio\bebop_1\B_S2_D1_117-bebop_000_.wav,al_emadi,B_S2_D1_117-bebop_000,1.024,0.8403063498217247,8.181422233581543,0.013518671163937766,0.4535698581304315,0.009575719013810158,-0.4356619715690613,0.5098031163215637,0.008522732916741176,8.974863052368164,-0.0002783751702748596,0.04569825059453646,0.00040177401388064027,-0.05842367187142372,0.05742887780070305,0.03357126612999062,9.873481750488281,0.0014401459082797046,0.06456479152511899,0.002961265854537487,-0.07831850200891495,0.08142818361520768,0.06827503978611735,10.866647720336914,-0.0014529670663399649,0.06533602545916384,-0.002322835847735405,-0.083137746155262,0.0829415023326874,0.04932461134542618,11.896748542785645,-7.264013637264096e-05,0.039344575997175855,6.308342926786281e-05,-0.05058376304805279,0.04922689311206341
F:\Seminario\Seminario-Clustering\datasets\davi\Al Emadi (2019)\Multiclass_Drone_Audio\bebop_1\B_S2_D1_080-bebop_001_.wav,Multiclass_Drone_Audio\bebop_1\B_S2_D1_080-bebop_001_.wav,al_emadi,B_S2_D1_080-bebop_001,1.024,0.826715250737392,8.562030792236328,-0.005605870817211296,0.42833333552807007,-0.002257507760077715,-0.49681082367897034,0.44423624873161316,0.009255783346139836,8.979244232177734,-0.00011207499102375636,0.04532589298667507,-0.0009332156623713672,-0.05880260840058327,0.06028086692094803,0.04183721383515427,9.905847549438477,0.0007169347980211352,0.06861206155810452,0.002161510055884719,-0.08684190660715103,0.0865885004401207,0.07002474697293742,10.914617538452148,0.00026510091040051603,0.06299034044710503,0.0003509427479002625,-0.08094417601823807,0.08028620034456255,0.052167005108376435,11.900345802307129,0.00017243938429654235,0.03850971579309886,0.00022829026420367882,-0.04935502074658871,0.047968918457627296
F:\Seminario\Seminario-Clustering\datasets\davi\Al Emadi (2019)\Multiclass_Drone_Audio\bebop_1\mixed_13-bebop_000_.wav,Multiclass_Drone_Audio\bebop_1\mixed_13-bebop_000_.wav,al_emadi,mixed_13-bebop_000,1.024,0.5875466587301998,7.940639495849609,0.000478090221331963,0.1269127111803216,0.0016526966355741024,-0.11891358345746994,0.13604377210140228,0.03267561343800392,8.933034896850586,-0.00040606459464864996,0.029926706858129978,-0.0006805686862207949,-0.03909538313746452,0.03665880113840103,0.09512825702939955,9.856425285339355,-0.00028908287372024434,0.036360494727855484,0.0003060466842725873,-0.044616513699293134,0.04466189071536064,0.16700237668880713,10.914169311523438,-0.0001393534912132647,0.03418658149549221,-0.0004455613670870662,-0.04368109554052353,0.04301497563719751,0.11764709411358955,11.916375160217285,-8.012486016506993e-05,0.020324031949729798,-8.907402661861852e-05,-0.02602238953113556,0.025684421882033348
F:\Seminario\Seminario-Clustering\datasets\davi\Al Emadi (2019)\Multiclass_Drone_Audio\membo_1\mixed_membo_0-membo_003_.wav,Multiclass_Drone_Audio\membo_1\mixed_membo_0-membo_003_.wav,al_emadi,mixed_membo_0-membo_003,1.024,0.8884044780470455,9.044401168823242,-0.0025164217995941873,0.1656009881571047,0.0034677409566938877,-0.22098572552204132,0.21109116077423096,0.018333341571383877,8.914878845214844,0.0003321857529798521,0.02378954637530073,0.0005049022729508579,-0.030133208259940147,0.03044208325445652,0.02789899482907394,9.892317771911621,-0.0001721840626368934,0.020897240423324623,-0.0005858507938683033,-0.026714446395635603,0.02549740597605705,0.035410348290835676,10.949939727783203,-0.0002034496946714242,0.016705193168979917,8.487552986480296e-05,-0.021650689840316772,0.02073546126484871,0.029952837261661053,11.863738059997559,1.4611106200239015e-05,0.010883331902001747,-5.03952269355068e-05,-0.013661438133567572,0.013725826982408762
F:\Seminario\Seminario-Clustering\datasets\davi\Al Emadi (2019)\Multiclass_Drone_Audio\bebop_1\mixed_44-bebop_003_.wav,Multiclass_Drone_Audio\bebop_1\mixed_44-bebop_003_.wav,al_emadi,mixed_44-bebop_003,1.024,0.5997518377004295,8.190682411193848,0.004062953216983837,0.15438498963409117,0.0037008491344749928,-0.1563057154417038,0.1632390022277832,0.020032728986743832,8.570405006408691,-0.00012347429781309465,0.02822510203877839,-0.00011749903205782175,-0.03354234620928764,0.03174116834998131,0.09145578634629166,9.905078887939453,-0.00038893868971716665,0.04293971033092548,-0.0004506843688432127,-0.054552061855793,0.053577994555234904,0.1915830282179319,10.034933090209961,0.0010524081557636848,0.044089518252343335,0.0005892647313885391,-0.04865251034498214,0.04990297704935074,0.09717661874860316,11.70893669128418,-0.00011179508619487767,0.02224746994800461,-0.00029350214754231274,-0.027267620898783207,0.027129911817610264
F:\Seminario\Seminario-Clustering\datasets\davi\Al Emadi (2019)\Multiclass_Drone_Audio\membo_1\mixed_membo_31-membo_001_.wav,Multiclass_Drone_Audio\membo_1\mixed_membo_31-membo_001_.wav,al_emadi,mixed_membo_31-membo_001,1.024,0.686442993173615,8.774922370910645,-0.003998322463801787,0.25949760785353787,-0.0012691722949966788,-0.32382863759994507,0.3186841607093811,0.20832519461847365,8.627483367919922,0.00315885437906068,0.14293795043528218,0.004092557355761528,-0.17093604803085327,0.1706814467906952,0.05114208741487456,9.791383743286133,-0.00038482674171113566,0.05043836127554885,-0.00030725946999154985,-0.061588361859321594,0.0632032036781311,0.036256370230149756,10.753955841064453,0.00014086031716951453,0.03013568190667981,-4.1266863263444975e-05,-0.03719238489866256,0.03777179643511772,0.017833354562887066,11.674763679504395,5.171871550391419e-07,0.014970447517234788,-0.00017019811639329419,-0.017968538217246532,0.018194150179624557
F:\Seminario\Seminario-Clustering\datasets\davi\Al Emadi (2019)\Multiclass_Drone_Audio\unknown\2-39945-B-193.wav,Multiclass_Drone_Audio\unknown\2-39945-B-193.wav,al_emadi,2-39945-B-193,1.0216875,0.9735705000553596,7.5924530029296875,0.02734399132802011,0.0783540694786408,0.02746741659939289,-0.04439292550086975,0.08864354193210602,0.0180452681772861,8.641087532043457,-0.00014714836826536205,0.011297383543038851,-0.00017048718291334808,-0.013922120910137892,0.012745210528373718,0.007976024537858104,9.47870922088623,2.9476117045550254e-05,0.005347183341826093,9.563564526615664e-05,-0.006091494439169764,0.006265802495181559,0.0003603923488866578,10.575756072998047,8.955930648320375e-06,0.0008064166052307397,3.0393379120141617e-06,-0.0009248375368770212,0.0009597280761227014,4.78148806095221e-05,11.926454544067383,1.1260954913169588e-06,0.00020806543794792115,2.296704792570381e-06,-0.0002656597120221704,0.00026599290140438825
F:\Seminario\Seminario-Clustering\datasets\davi\Al Emadi (2019)\Multiclass_Drone_Audio\unknown\3-157695-A-02.wav,Multiclass_Drone_Audio\unknown\3-157695-A-02.wav,al_emadi,3-157695-A-02,0.97525,0.2071733193726475,6.507286071777344,7.665539199613288e-05,0.20029124168359416,5.341928726920742e-06,-0.026858426816761476,0.034491715766489385,0.7170553733591778,5.927219390869141,0.0033255352167941813,0.37260966300560505,0.0,-0.038455036282539365,0.04093662723898874,0.06570501060571149,7.200261116027832,0.0010480917848568207,0.08033552914849709,0.0,-0.008943137712776661,0.015194214507937485,0.009374571787386815,7.8433003425598145,-5.2234806295015876e-05,0.021535233418216414,0.0,-0.003175281826406717,0.002376088011078542,0.0006917248750763924,9.038824081420898,1.5882374931055543e-06,0.004143843313895916,0.0,-0.0006430710200220346,0.0006061015592422336
F:\Seminario\Seminario-Clustering\datasets\davi\Al Emadi (2019)\Multiclass_Drone_Audio\unknown\3-151557-B-283.wav,Multiclass_Drone_Audio\unknown\3-151557-B-283.wav,al_emadi,3-151557-B-283,1.0216875,0.384196468071786,8.312003135681152,-0.0029241496122727516,0.035369568588731345,-0.002376686315983534,-0.041933789104223254,0.036747211962938314,0.3470468273712492,7.2614030838012695,-0.0007012705420566047,0.033723478959802385,0.00013984159886604175,-0.035627476125955584,0.03269152715802195,0.22991774072969487,6.28131103515625,-0.0002061985981929811,0.01954337941117189,-0.0002554067468736321,-0.014193088933825492,0.013195230439305306,0.027066381913768242,10.177881240844727,-2.685364236039446e-05,0.00475779614786126,-4.0058919694274664e-05,-0.005419589765369892,0.005291284574195743,0.011772581913501732,11.18707275390625,-4.096671432856071e-06,0.0022225885198315586,3.535322719017131e-07,-0.0024310947628691792,0.002413294650614262
F:\Seminario\Seminario-Clustering\datasets\davi\Al Emadi (2019)\Multiclass_Drone_Audio\unknown\5-238938-A-273.wav,Multiclass_Drone_Audio\unknown\5-238938-A-273.wav,al_emadi,5-238938-A-273,1.0216875,0.3326552563117727,8.889200210571289,-0.0034364186233736688,0.04477689416445336,-0.0005914906796533614,-0.05702677071094513,0.05125336162745959,0.3341913590748561,8.216867446899414,1.9039955426331094e-05,0.04501212709039423,0.0014493761700578034,-0.04635019041597843,0.047002147510647796,0.12832587698147513,8.960739135742188,1.5137085964424825e-06,0.019856124365487726,4.0843964598025195e-05,-0.02083628140389919,0.020768532715737812,0.12623321089559386,9.96091079711914,1.3816358806720126e-05,0.013972817975311696,-3.152559838781599e-05,-0.014084447268396616,0.013789140060544016,0.07859429673630228,11.109245300292969,3.5651146754483696e-05,0.007809346208764716,2.113792197633302e-05,-0.008048386592417954,0.008186907600611448
F:\Seminario\Seminario-Clustering\datasets\davi\Al Emadi (2019)\Multiclass_Drone_Audio\unknown\2-64963-A-150.wav,Multiclass_Drone_Audio\unknown\2-64963-A-150.wav,al_emadi,2-64963-A-150,1.0216875,0.03107361305520978,8.804306983947754,-0.00013315637739653457,0.004241174900059928,8.434391202172264e-05,-0.005494409194216132,0.00514940768480301,0.05605507519241063,7.705011367797852,6.035781162471937e-05,0.005698851470996368,4.047167522003292e-06,-0.00500102681107819,0.005367104755714544,0.3831028379768185,6.700997352600098,0.00014697193676137848,0.010605365005262258,-4.203636763122631e-07,-0.0040851176716387265,0.004173130914568899,0.2949200989326474,8.160512924194336,0.00014512448838079273,0.0066011092422108425,-3.121176177955931e-06,-0.002954265032894909,0.002955277380533521,0.23484837484291365,7.7246551513671875,-4.611523023514509e-05,0.0041731426184762445,-1.0812464665832522e-06,-0.0007208728115074336,0.0006910904310643676
F:\Seminario\Seminario-Clustering\datasets\davi\Al Emadi (2019)\Multiclass_Drone_Audio\bebop_1\mixed_45-bebop_004_.wav,Multiclass_Drone_Audio\bebop_1\mixed_45-bebop_004_.wav,al_emadi,mixed_45-bebop_004,0.904,0.7647888088293823,8.154666900634766,-0.00756915138929229,0.18280961222953815,-0.0017645887564867735,-0.22928595542907715,0.196714848279953,0.015555883038270874,8.73359489440918,0.000286909617459717,0.02609283734884087,0.00034046167274937034,-0.033849336206912994,0.032055556774139404,0.04668916710449555,9.772714614868164,-0.00038127392397221396,0.03221599035563371,-0.00010247377213090658,-0.041390784084796906,0.0423970878124237,0.10007091458851133,10.776139259338379,0.00041375290254642023,0.0334829859890699,0.00032663423917256296,-0.0425815723836422,0.043166719377040884,0.07289522643933997,11.73531436920166,-5.0799051077811833e-05,0.020247623869397595,-1.914205768116517e-06,-0.025816489942371845,0.025875854305922985
F:\Seminario\Seminario-Clustering\datasets\davi\Al Emadi (2019)\Multiclass_Drone_Audio\unknown\5-177957-A-404.wav,Multiclass_Drone_Audio\unknown\5-177957-A-404.wav,al_emadi,5-177957-A-404,0.95975,0.9973365520626735,8.912609100341797,-0.023305758206145676,0.9736043545623072,-0.0762176625430584,-1.21012943983078,1.31598562002182,0.0017369476653792308,8.807510375976562,-0.0006292065680387559,0.0406375339374402,0.0008269672398455441,-0.05321314372122288,0.04991888627409935,0.0005669768412619884,9.872025489807129,-6.65580031498154e-06,0.016537085864512583,-0.0004873631114605814,-0.020885693468153475,0.022027531638741493,0.00018270866961059125,10.785333633422852,-7.658827907008592e-05,0.0066616482154249305,8.402781895711087e-05,-0.008606917224824429,0.008228973019868135,0.00017681476107471916,11.567614555358887,-1.1953978516872985e-05,0.004642614860813707,-3.301928336441051e-05,-0.005621669813990593,0.005548331886529926
F:\Seminario\Seminario-Clustering\datasets\davi\Al Emadi (2019)\Multiclass_Drone_Audio\membo_1\mixed_membo_48-membo_004_.wav,Multiclass_Drone_Audio\membo_1\mixed_membo_48-membo_004_.wav,al_emadi,mixed_membo_48-membo_004,0.904,0.6904510538703723,8.592838287353516,-0.0009771470194943194,0.05892091014052445,-0.0024070993531495333,-0.07237225770950317,0.07049471139907837,0.0363152168321139,8.83437728881836,5.635156139858201e-05,0.013514601989618149,-0.00017114901856984943,-0.0172316525131464,0.018031029030680656,0.05573764803260853,9.73625373840332,6.283873613322211e-05,0.01193231252381416,0.0001230137568200007,-0.015417087078094482,0.015018361806869506,0.1249474032719033,10.701313018798828,4.891929934558057e-05,0.012683125555851658,0.0003294654015917331,-0.01584930010139942,0.015866436064243317,0.09254867799300197,11.749116897583008,3.23248035585572e-06,0.007733453392760105,-3.1381327062263153e-05,-0.009854400996118784,0.009974679443985224
F:\Seminario\Seminario-Clustering\datasets\davi\Al Emadi (2019)\Multiclass_Drone_Audio\unknown\3-102583-B-491.wav,Multiclass_Drone_Audio\unknown\3-102583-B-491.wav,al_emadi,3-102583-B-491,1.0216875,0.36989601144014334,7.825469493865967,9.871360561051387e-05,0.0663526872028006,4.386053842608817e-05,-0.06381305009126663,0.06066826395690442,0.28493660952826805,7.478394508361816,-0.0013630400444752096,0.0582202832251451,-0.00038579282409045845,-0.05052493922412395,0.04814834706485273,0.2139703807816766,8.036691665649414,0.00020202597484312042,0.035924812226122885,3.7416384657262824e-05,-0.027305860258638858,0.026258166134357448,0.11503906948511086,9.103326797485352,3.7311832504107686e-05,0.018689875226723277,1.1046327927033417e-05,-0.013993001170456402,0.014278514776378875,0.016157928764801155,9.852178573608398,2.7978203375434676e-05,0.004961315356534774,1.0843098507962168e-07,-0.0031554984860122206,0.0029248770559206615
F:\Seminario\Seminario-Clustering\datasets\davi\Al Emadi (2019)\Multiclass_Drone_Audio\unknown\1-32318-A-00.wav,Multiclass_Drone_Audio\unknown\1-32318-A-00.wav,al_emadi,1-32318-A-00,1.0216875,0.3360993990240628,6.380128383636475,0.0007052805135233814,0.4403036772158852,-0.0006327401497401297,-0.10392949506640434,0.12249095290899303,0.419457523823332,5.971734046936035,-0.005854414889708892,0.4918494884723586,-0.00013889293040847406,-0.14189715683460236,0.09450641795992869,0.20642666416793104,7.119234561920166,0.0006243727191023691,0.2456438501200875,1.895524746942101e-05,-0.051693069934844973,0.05832866877317427,0.035542762009775054,8.226112365722656,2.1097818784707134e-06,0.07232027015099998,-1.9107788489236555e-06,-0.019816596992313855,0.021527306176722105,0.00247365097489912,7.8357391357421875,-2.3804003611448744e-05,0.013513855382332176,3.447722605187664e-07,-0.003131169802509248,0.0030643285950645847
F:\Seminario\Seminario-Clustering\datasets\davi\Al Emadi (2019)\Multiclass_Drone_Audio\unknown\3-157187-A-121.wav,Multiclass_Drone_Audio\unknown\3-157187-A-121.wav,al_emadi,3-157187-A-121,1.0216875,0.9850284223553796,8.561359405517578,-0.0006196467770727161,0.40536331899231454,0.0,-0.4957591623067856,0.4870842188596728,0.00209223748535848,8.309568405151367,0.0001646343731328355,0.018681390550227214,0.0,-0.021209201030433177,0.022740183398127556,0.0020115825545624494,6.117097854614258,3.207301862088684e-05,0.013040479082786842,0.0,-0.008606923278421164,0.00899165328592062,0.006264157519095357,5.0815958976745605,0.00028602083671818584,0.016324906304510656,0.0,-0.005945166107267141,0.005775251891463998,0.004603600085604183,6.7801513671875,-0.00012037279731826548,0.009913547186635067,0.0,-0.004414152819663286,0.004385519400238991
F:\Seminario\Seminario-Clustering\datasets\davi\Al Emadi (2019)\Multiclass_Drone_Audio\unknown\3-152007-C-200.wav,Multiclass_Drone_Audio\unknown\3-152007-C-200.wav,al_emadi,3-152007-C-200,1.0216875,0.5389342642589183,9.272195816040039,-0.004313970138090525,0.25045798718054846,-0.0007842446793802083,-0.3241968095302582,0.3157862901687622,0.3210866976830168,9.280868530273438,0.0025771529753858655,0.1933321155030004,0.0017581689171493053,-0.26218926906585693,0.2553192913532258,0.04754670489532289,9.988594055175781,-0.0016666193929937413,0.05293974895211232,0.0012322639231570065,-0.07358217984437943,0.0639727883040905,0.07471912566447292,9.835286140441895,6.150466059103585e-05,0.04710991811579656,0.001080197747796774,-0.045967502519488335,0.0424720697104931,0.01771320749826916,10.651917457580566,-5.083624578138229e-06,0.016246945415059437,7.183013167377794e-06,-0.01506330044940114,0.01442528208717704
F:\Seminario\Seminario-Clustering\datasets\davi\Al Emadi (2019)\Multiclass_Drone_Audio\bebop_1\B_S2_D1_083-bebop_004_.wav,Multiclass_Drone_Audio\bebop_1\B_S2_D1_083-bebop_004_.wav,al_emadi,B_S2_D1_083-bebop_004,0.896,0.9062507177455434,8.029119491577148,-0.0011691191251478475,0.642718383508063,0.018272092565894127,-0.7051169753074645,0.6618771314620984,0.008619504232185021,7.87692928314209,-0.00036806271722444905,0.06268027926778981,-0.0020234587136656046,-0.06603510826826095,0.06946219652891163,0.025056534958779575,9.7351713180542,0.001963954266124543,0.07614418419784251,0.004349141847342253,-0.09664103686809539,0.09956453591585167,0.036143412697853115,10.756752014160156,-1.2008456362761111e-05,0.06494714078406158,0.0004008262185379863,-0.08362696766853332,0.08107974082231521,0.023929830365638893,11.778114318847656,-9.448260763670897e-05,0.03744068945466428,-0.000270699048996903,-0.0482778038829565,0.048425504937767996
F:\Seminario\Seminario-Clustering\datasets\davi\Al Emadi (2019)\Multiclass_Drone_Audio\unknown\3-182023-A-302.wav,Multiclass_Drone_Audio\unknown\3-182023-A-302.wav,al_emadi,3-182023-A-302,0.97525,0.9988048709486421,8.38503646850586,0.004641423403460909,0.16130140007882648,-0.005071575986221433,-0.1862960308790207,0.20489976257085799,0.00013847990181291216,8.526151657104492,3.311998285821238e-05,0.0018997869217020633,3.3925569368875585e-05,-0.0021873135585337876,0.002251506061293185,0.00017463407784262808,9.852178573608398,6.792287981417895e-05,0.001518302058397282,6.146004307083786e-05,-0.001858921255916357,0.001990763796493411,0.00033504418427698744,10.865264892578125,2.2525134309445366e-05,0.0014936858373837405,4.5209853851702064e-05,-0.0018955853185616432,0.001941879210062326,0.000546970887425316,11.83937931060791,-3.430455290680275e-06,0.0013520719932008233,-4.235527057971922e-06,-0.0017510727629996836,0.0017159575945697725
F:\Seminario\Seminario-Clustering\datasets\davi\Al Emadi (2019)\Multiclass_Drone_Audio\unknown\3-154439-A-174.wav,Multiclass_Drone_Audio\unknown\3-154439-A-174.wav,al_emadi,3-154439-A-174,0.95975,0.02472473965244135,8.369352340698242,-0.0005982449097052284,0.011804691594603126,-0.0006887959025334567,-0.01367569388821721,0.01252532284706831,0.03598330955144953,6.337437152862549,-1.0681414737399022e-05,0.014259234014978897,-3.93349564546952e-05,-0.008155496791005135,0.008771790657192469,0.44058627271442175,6.425283432006836,0.0006220120210607586,0.035529167969367954,3.4571070500533096e-05,-0.01422320222482085,0.016145728155970575,0.22531522489942238,7.7625412940979,-0.00016412192563973466,0.018032994235944275,-7.507954478569445e-06,-0.007710026949644087,0.007852592691779134,0.273390453182265,7.074655532836914,-3.9530968959222696e-06,0.014072012770999268,1.933510816343187e-06,-0.0027896505780518055,0.0030380345648154624
F:\Seminario\Seminario-Clustering\datasets\davi\Al Emadi (2019)\Multiclass_Drone_Audio\unknown\3-180147-A-300.wav,Multiclass_Drone_Audio\unknown\3-180147-A-300.wav,al_emadi,3-180147-A-300,1.0216875,0.9400807230463166,8.372004508972168,-0.003802031098752445,0.11825368719284972,0.0014267934020608664,-0.14834805727005004,0.12647413313388847,0.04387114019584139,6.404226779937744,0.0004402172699446999,0.025555330258920605,-2.123943886545021e-05,-0.007573121320456266,0.008412148617208006,0.01426672053718736,6.23081111907959,9.082860022860379e-05,0.010375458471259166,4.092928293175646e-06,-0.001246168406214565,0.0014012150000780813,0.0016497636355685135,6.926618576049805,2.8306361255521723e-05,0.002503254454821578,1.195184097468882e-06,-0.0002795574982883406,0.0003155680635245517,0.00013165258508606836,8.269733428955078,2.4602627552711133e-06,0.000500907635689239,-8.154795239079249e-07,-0.0001241460151504725,0.00012804693251382572
F:\Seminario\Seminario-Clustering\datasets\davi\Al Emadi (2019)\Multiclass_Drone_Audio\unknown\1-85909-A-292.wav,Multiclass_Drone_Audio\unknown\1-85909-A-292.wav,al_emadi,1-85909-A-292,0.97525,0.8821472552941612,8.81135368347168,-0.0009149978153012609,0.0745040430070819,0.0007273725641425699,-0.1017347402870655,0.09138673320412632,0.020828267759672704,4.2430877685546875,0.00044108328154322975,0.011440528737678294,-3.973505044996273e-07,-0.0031363958958536375,0.0034418847411870953,0.06282775852110732,5.762916564941406,-0.000385041466818806,0.014158184767871519,-7.204463599919109e-06,-0.0033991824369877573,0.0028050592169165693,0.03358412850221699,5.831461429595947,-1.0064156572077425e-05,0.007348332275402304,-1.43770612339722e-05,-0.0013600150006823238,0.0014347781077958645,0.0006125899228417796,9.185161590576172,-2.842734423337112e-06,0.0007030156939657942,2.765471890597837e-06,-0.0004949644498992711,0.0004852208512602374
F:\Seminario\Seminario-Clustering\datasets\davi\Al Emadi (2019)\Multiclass_Drone_Audio\unknown\4-151242-A-373.wav,Multiclass_Drone_Audio\unknown\4-151242-A-373.wav,al_emadi,4-151242-A-373,1.0216875,0.0001398827878444763,6.928548812866211,0.003849449529539909,0.015479998655911847,0.0007394264684990048,-0.003479745495133102,0.02071710992604496,0.00011165777048637788,5.5474348068237305,9.689902361830638e-05,0.014251230615314463,-5.9867490563192405e-05,-0.005309012718498707,0.006533617526292842,0.0096943822277996,8.611330032348633,0.0011354995479247083,0.09452617056952584,-9.676054560259217e-06,-0.07829462811350822,0.08440594151616093,0.42235203752132394,9.503293991088867,0.004445686476840655,0.4426890459040252,1.5619265468558297e-05,-0.33068493306636787,0.36729618608951603,0.5677020396925456,10.552496910095215,-0.00044337564859843915,0.3635545100269131,-1.047965497491532e-06,-0.33197682201862333,0.2878812462091446
F:\Seminario\Seminario-Clustering\datasets\davi\Al Emadi (2019)\Multiclass_Drone_Audio\unknown\4-194979-A-252.wav,Multiclass_Drone_Audio\unknown\4-194979-A-252.wav,al_emadi,4-194979-A-252,0.97525,0.16564745399783612,8.30953311920166,0.0008973007084631411,0.023617463752280396,6.2451263147522695e-06,-0.02434008028358221,0.028860742785036548,0.3218878331829989,8.035087585449219,0.00036510393572520726,0.03294425625202385,-0.000850859476486221,-0.03383004069328308,0.036020204797387115,0.2488922885135807,9.364174842834473,3.9473109353579434e-05,0.020635230340553368,0.00036391723551787436,-0.022505487129092217,0.02348059974610808,0.15754766118319305,10.449697494506836,8.73164386733034e-05,0.01165005478700587,0.0002924582950072363,-0.013604447524994612,0.013657949399203062,0.10602476312239123,11.392440795898438,-4.744092298049203e-05,0.006770000035136427,-7.093948079273105e-05,-0.007932122331112623,0.007909541949629784
F:\Seminario\Seminario-Clustering\datasets\davi\Al Emadi (2019)\Multiclass_Drone_Audio\unknown\3-145382-A-12.wav,Multiclass_Drone_Audio\unknown\3-145382-A-12.wav,al_emadi,3-145382-A-12,0.97525,0.24007877425292468,6.70720911026001,-3.933130333484456e-05,0.02106332104901325,0.0,-0.011855389922857283,0.011381169687956568,0.06576893219017867,6.542614936828613,-0.00035602997821460464,0.011018805465191702,0.0,-0.0070351310074329345,0.006260326085612177,0.6781970570537084,7.3182759284973145,5.603387247927787e-05,0.025216099411833042,0.0,-0.01221628077328205,0.010989271663129335,0.01487844576608754,8.38471794128418,-1.3375883410060002e-05,0.002650355008229337,0.0,-0.001542808883823454,0.0015140836942009633,0.001076790737100819,10.170538902282715,7.295841145488746e-08,0.0005050774283070782,0.0,-0.000453921384178102,0.00045332268928177655
F:\Seminario\Seminario-Clustering\datasets\davi\Al Emadi (2019)\Multiclass_Drone_Audio\unknown\4-170078-A-12.wav,Multiclass_Drone_Audio\unknown\4-170078-A-12.wav,al_emadi,4-170078-A-12,0.97525,0.9920498339100491,7.665610313415527,0.0008925055469710867,0.007870287666608643,0.0,-0.006261651823297142,0.008605312649160623,0.00436371605045484,7.054512023925781,-7.309842431026141e-06,0.0005252726702849998,0.0,-0.0003782580897677689,0.0003738890954991801,0.003184325383465336,7.904040336608887,-4.81858455932962e-06,0.0003196011012068551,0.0,-0.00023888234863989055,0.0002090067311655732,0.000359849025694946,8.618287086486816,9.329475281862127e-07,7.624411149302691e-05,0.0,-4.8351501027354965e-05,5.176225058676209e-05,4.2275630335820314e-05,10.259857177734375,1.5983891668577218e-08,1.851335236785359e-05,0.0,-1.537914613436442e-05,1.5430765415658243e-05
F:\Seminario\Seminario-Clustering\datasets\davi\Al Emadi (2019)\Multiclass_Drone_Audio\membo_1\Membo_2_011-membo_002_.wav,Multiclass_Drone_Audio\membo_1\Membo_2_011-membo_002_.wav,al_emadi,Membo_2_011-membo_002,1.024,0.7063356230075793,9.333693504333496,0.0002163211825751589,0.07507154171829811,-0.0003107880474999547,-0.09602920711040497,0.1004195362329483,0.05690542223226726,9.129144668579102,-4.2683822413751715e-05,0.021308238229724465,-0.0006136250449344516,-0.028349323198199272,0.027487000450491905,0.05065023481612378,9.950416564941406,3.7591865934496753e-06,0.014314099144501187,0.00024857182870619,-0.018654746934771538,0.018083676323294638,0.0813019449949433,10.961044311523438,-0.0003452857771859874,0.012864016450040039,-0.00014483972336165607,-0.017015299946069717,0.016252566128969193,0.10480677494908633,11.930232048034668,2.0068449905894336e-06,0.010349082812040175,8.792125663603656e-05,-0.013127370271831751,0.013137214817106724
F:\Seminario\Seminario-Clustering\datasets\davi\Al Emadi (2019)\Multiclass_Drone_Audio\unknown\3-126358-B-33.wav,Multiclass_Drone_Audio\unknown\3-126358-B-33.wav,al_emadi,3-126358-B-33,1.0216875,0.9604672302423182,8.321796417236328,0.0006057313591297822,0.48221604503939386,-0.009236463345587254,-0.511307567358017,0.5446255147457123,0.025105772790316377,9.004962921142578,-0.0026252390501365825,0.0779186081544536,-0.004485273268073797,-0.1009132444858551,0.09768731072545052,0.012879633680226626,9.837640762329102,0.00010303557523762346,0.039751766798379884,5.068980863143224e-05,-0.049925172701478,0.05037205852568149,0.0014720257712923716,10.791769027709961,2.6239053403165703e-05,0.009535033808024796,-8.347706170752645e-05,-0.01168365329504013,0.012034097407013179,7.533751584650063e-05,11.815059661865234,5.6045049943282435e-06,0.0015279009275749945,-2.482575837348122e-06,-0.0019103421131148933,0.0019272136152721946
F:\Seminario\Seminario-Clustering\datasets\davi\Al Emadi (2019)\Multiclass_Drone_Audio\unknown\4-102871-A-421.wav,Multiclass_Drone_Audio\unknown\4-102871-A-421.wav,al_emadi,4-102871-A-421,1.0216875,0.14541463585631867,9.030866622924805,0.004598426894531501,0.15374005566812632,0.006234211148694158,-0.19997552037239075,0.19010000973939903,0.35046500226120475,8.952873229980469,0.0010233818116025307,0.23877865380264993,-0.004812098806723952,-0.31273179650306704,0.3080500185489655,0.38894356887572107,9.912818908691406,-4.5632000815352885e-05,0.17907123177449427,0.0002083089857478626,-0.22475973814725875,0.22370586693286892,0.1090642435025764,10.921720504760742,-0.0003583729219325396,0.0672787027786575,-0.0008209649822674692,-0.08566776886582374,0.08511055633425713,0.0061125495041791725,11.886504173278809,1.308158891921772e-05,0.011281836478392008,-9.27359433262609e-05,-0.014470790512859821,0.014294782374054193
F:\Seminario\Seminario-Clustering\datasets\davi\Al Emadi (2019)\Multiclass_Drone_Audio\membo_1\mixed_membo_32-membo_001_.wav,Multiclass_Drone_Audio\membo_1\mixed_membo_32-membo_001_.wav,al_emadi,mixed_membo_32-membo_001,1.024,0.529795953681965,8.800056457519531,0.006214784188785339,0.2781127480854035,0.006601597182452679,-0.32048672437667847,0.347795695066452,0.2901752369524543,8.295991897583008,-0.004120227959437269,0.20583449137760948,-0.0027764360420405865,-0.23326286673545837,0.21636787056922913,0.09670710493597984,9.275469779968262,-0.0010806041224676228,0.08461949929228624,-1.7850054064183496e-05,-0.09375895559787749,0.08897238671779632,0.07022557945552627,10.201240539550781,-7.600492801959242e-05,0.05117208115580055,8.991461982077453e-06,-0.05416159480810165,0.055654397606849676,0.013096124974074622,11.743114471435547,-2.091722635761802e-05,0.015652424147070968,3.935009772249032e-05,-0.019260275177657604,0.01896008476614952
F:\Seminario\Seminario-Clustering\datasets\davi\Al Emadi (2019)\Multiclass_Drone_Audio\unknown\3-142604-A-242.wav,Multiclass_Drone_Audio\unknown\3-142604-A-242.wav,al_emadi,3-142604-A-242,0.97525,0.9417389892576724,8.947320938110352,-0.0004474698618502159,0.010180223760411382,-0.000384968428988941,-0.013794077467173337,0.012608710024505851,0.02403520379137628,5.27617883682251,-1.351874004513319e-06,0.0016279270062146739,1.3243857665656833e-05,-0.0007617121853400021,0.0008154577284585684,0.021717095680731154,7.2900543212890625,-3.2076447387240314e-05,0.0011017381051479057,-1.3354587281355634e-05,-0.0007353424094617365,0.0006934716366231444,0.006504407019289827,9.626648902893066,4.100485368984788e-06,0.0004280309341820068,1.0158586519537494e-05,-0.00038981192628853025,0.00038665430329274395,0.006004304250930326,9.17581558227539,-6.279360965556688e-08,0.0002913292455324305,4.0053289751540433e-07,-0.0002285215086885728,0.00022838092991150916
F:\Seminario\Seminario-Clustering\datasets\davi\Al Emadi (2019)\Multiclass_Drone_Audio\membo_1\mixed_membo_58-membo_002_.wav,Multiclass_Drone_Audio\membo_1\mixed_membo_58-membo_002_.wav,al_emadi,mixed_membo_58-membo_002,1.024,0.4554144603716489,9.042901992797852,-0.0005092321683139408,0.05330887864843212,-0.001323159784078598,-0.06851627677679062,0.07065285742282867,0.025935105298885725,8.504335403442383,-6.984067928423922e-05,0.012721942332548397,2.055858203675598e-05,-0.015240446664392948,0.014847290702164173,0.12869190223575117,9.83380126953125,0.0004315983143043253,0.020174088873709833,0.0004411718691699207,-0.023953724279999734,0.025451425835490225,0.1493373701800955,10.895867347717285,-8.968870408016696e-05,0.015424240631678889,-8.407994027948007e-05,-0.01985095851123333,0.01962723881006241,0.24062116191361868,11.940481185913086,-3.35384854630666e-05,0.013868107418381329,6.247310739126988e-05,-0.017712976783514023,0.01774620171636343
F:\Seminario\Seminario-Clustering\datasets\davi\Al Emadi (2019)\Multiclass_Drone_Audio\membo_1\mixed_membo_44-membo_003_.wav,Multiclass_Drone_Audio\membo_1\mixed_membo_44-membo_003_.wav,al_emadi,mixed_membo_44-membo_003,1.024,0.17593503857445542,9.273140907287598,0.0005756123391412663,0.03707283380443623,-0.00014343565271701664,-0.046609554439783096,0.04922513663768768,0.06075665663325143,8.227611541748047,-0.00029309766951789027,0.021786606269900966,-6.028615462128073e-05,-0.02393830008804798,0.022373147308826447,0.10203721394332373,8.90571403503418,7.680475980460833e-05,0.02010526411161239,-0.00032933728653006256,-0.02031866870820522,0.02104850187897682,0.4511189204389085,8.079910278320312,0.0007347853187748769,0.02998872958776923,0.0002865516871679574,-0.021511659771203995,0.02222414165735245,0.2101521704100609,10.95681381225586,-1.2195856901790598e-05,0.01450221494724298,9.549428796162829e-05,-0.01597306039184332,0.015408594161272049
F:\Seminario\Seminario-Clustering\datasets\davi\Al Emadi (2019)\Multiclass_Drone_Audio\bebop_1\B_S2_D1_115-bebop_004_.wav,Multiclass_Drone_Audio\bebop_1\B_S2_D1_115-bebop_004_.wav,al_emadi,B_S2_D1_115-bebop_004,0.896,0.8566933870774471,7.262359619140625,-0.005555513728095192,0.5256927430891942,-0.00628401804715395,-0.43683127164840696,0.456054300069809,0.015496661807531854,6.912539958953857,0.0023430925742233674,0.07066819608880802,0.005075656808912754,-0.06066543832421303,0.06113668158650402,0.031204558505036277,9.695650100708008,0.0018461749659373454,0.07148767442509997,0.002627891954034567,-0.08895982056856155,0.09046963900327683,0.05623140923754232,10.71863079071045,-0.0006041475264789878,0.06814973350031722,-0.00044550790335051715,-0.08709878623485565,0.0858042761683464,0.04037398337244239,11.703532218933105,-5.47338946381724e-06,0.040914050393408785,-0.00022517090110341087,-0.05136458426713943,0.051365112513303765
F:\Seminario\Seminario-Clustering\datasets\davi\Al Emadi (2019)\Multiclass_Drone_Audio\unknown\5-214759-B-54.wav,Multiclass_Drone_Audio\unknown\5-214759-B-54.wav,al_emadi,5-214759-B-54,0.95975,0.32147806042449806,8.824247360229492,-2.796138322829387e-05,0.0010093340318293564,-4.1424105802434497e-05,-0.001274439215194434,0.0012742099934257567,0.11360772923508138,8.799581527709961,1.2120082970389137e-05,0.0006001243203967168,4.0448003346682526e-05,-0.0007521903607994318,0.0007500470383092761,0.2324780776708396,9.477367401123047,-1.1943479951897469e-05,0.0006113984324591974,-2.3699819394096266e-05,-0.0007697306165937335,0.000721699366113171,0.2290716971927377,10.813960075378418,-4.809544271936708e-06,0.00043075396839814626,-8.088764388958225e-06,-0.0005462062254082412,0.0005472931137774139,0.10336443547684324,11.737293243408203,-3.411993559053538e-07,0.00020498855774611703,-2.5840691932899063e-06,-0.00025829925143625585,0.0002574152691522615
F:\Seminario\Seminario-Clustering\datasets\davi\Al Emadi (2019)\Multiclass_Drone_Audio\bebop_1\B_S2_D1_072-bebop_003_.wav,Multiclass_Drone_Audio\bebop_1\B_S2_D1_072-bebop_003_.wav,al_emadi,B_S2_D1_072-bebop_003,1.024,0.7933871667801877,8.342618942260742,-0.0036874908157038906,0.40849133039105884,-0.01219000294804573,-0.4355490803718567,0.42843982577323914,0.021522572139152235,9.07207202911377,-0.001614637289546108,0.06726357533648919,0.0006788710597902536,-0.0929407849907875,0.0825391337275505,0.03964957600089707,9.962752342224121,0.0005958983050274898,0.06502205413531069,0.0011985020246356726,-0.08157693445682526,0.08282302916049958,0.08668484583125986,10.914234161376953,0.0017927077728690061,0.0682009617489072,0.0010111588053405285,-0.08707071691751479,0.08809202909469606,0.058755839248503076,11.93114185333252,0.00010610835342345021,0.0397848330438124,0.0003379936970304698,-0.05091479979455471,0.05085805431008339
F:\Seminario\Seminario-Clustering\datasets\davi\Al Emadi (2019)\Multiclass_Drone_Audio\unknown\2-165801-A-483.wav,Multiclass_Drone_Audio\unknown\2-165801-A-483.wav,al_emadi,2-165801-A-483,1.0216875,0.9124235016888957,3.6556482315063477,-0.00016347285802866462,0.04307319707449529,-2.4728846256039105e-05,-0.007679376285523176,0.006513083912432195,0.05759013730861371,2.824533224105835,1.9132711149840193e-05,0.01082144856585493,1.0700456982704054e-06,-0.0020157933933660386,0.0018942815018817808,0.026458197563007692,3.657524585723877,0.00014675376843723443,0.005219464248222479,-4.1316027221682816e-07,-0.000593703833874315,0.0006338822713587431,0.002766012080808627,5.680224895477295,-1.538507095580541e-05,0.001197756823273054,5.925816992657928e-07,-0.00015194150764727963,0.00014553129585692678,0.000762151358674203,5.916709899902344,6.209041607954127e-09,0.0004453734849406118,-4.102900419411526e-07,-3.026350859727245e-05,3.0169819910952356e-05
F:\Seminario\Seminario-Clustering\datasets\davi\Al Emadi (2019)\Multiclass_Drone_Audio\unknown\5-217186-A-164.wav,Multiclass_Drone_Audio\unknown\5-217186-A-164.wav,al_emadi,5-217186-A-164,0.95975,0.9274805549120564,8.852819442749023,-0.0008737563122266717,0.1850056122543869,-0.004660172155126929,-0.23552587628364563,0.22879711538553238,0.060606611873663466,8.787789344787598,-0.0006531027227696943,0.04728854133083809,-0.001751499657984823,-0.05893087945878506,0.0584286954253912,0.010844782562577367,9.826254844665527,0.0001120441807513085,0.014247040221947057,0.00012188082109787501,-0.01803569048643112,0.018568759597837926,0.0008943598842238433,10.819730758666992,1.2659222138603148e-05,0.0029035824004447607,-3.031263759112335e-06,-0.00368106949608773,0.0037318753078579895,0.00017369076747892376,11.840831756591797,8.81500598143295e-08,0.0009064514195623416,-7.233117287341884e-07,-0.0011694050626829267,0.0011483293725177647
F:\Seminario\Seminario-Clustering\datasets\davi\Al Emadi (2019)\Multiclass_Drone_Audio\unknown\4-161579-B-403.wav,Multiclass_Drone_Audio\unknown\4-161579-B-403.wav,al_emadi,4-161579-B-403,1.0216875,0.7592424301840104,9.019755363464355,0.0002922164518403899,0.4005597533664657,-0.006241925060749054,-0.5220677137374878,0.531164175271988,0.17842165416406378,8.827875137329102,-0.0023863465212795,0.19416375741243092,0.004292968427762389,-0.2413614347577095,0.23848622441291825,0.04919698530242347,9.784667015075684,0.0002902752155552848,0.07258524400189104,-0.0001973892722162418,-0.08648336008191108,0.09069621860980985,0.011352502220288928,10.90194320678711,-3.0450158397929144e-05,0.024739338949206362,-0.00029205033206380904,-0.030907001160085202,0.031331391632556924,0.001786428129213423,11.827308654785156,-2.723230581981319e-06,0.006951230177890113,2.5747009203769267e-05,-0.008702628500759601,0.008627079892903568
F:\Seminario\Seminario-Clustering\datasets\davi\Al Emadi (2019)\Multiclass_Drone_Audio\membo_1\mixed_membo_57-membo_000_.wav,Multiclass_Drone_Audio\membo_1\mixed_membo_57-membo_000_.wav,al_emadi,mixed_membo_57-membo_000,1.024,0.5710982413353928,9.023738861083984,-0.0029286259841397634,0.0668843725771512,-0.0058951242826879025,-0.08836416155099869,0.0841095820069313,0.15243234064077898,8.914782524108887,0.00022345777944462076,0.03458714001676575,0.0017279632156714797,-0.04398820921778679,0.04136722534894943,0.07695703872313904,9.96932601928711,9.959181563543052e-05,0.017498628338296424,-0.000399480399210006,-0.02272273674607277,0.02312130443751812,0.09545439666151803,10.967367172241211,-3.0398013276536757e-05,0.013829070961219206,0.00021001369168516248,-0.01771840937435627,0.017561281099915508,0.10405798263917115,11.911004066467285,8.456804559075885e-07,0.01022724009338238,-2.4867136744433083e-05,-0.013069429900497198,0.012734598014503717
F:\Seminario\Seminario-Clustering\datasets\davi\Al Emadi (2019)\Multiclass_Drone_Audio\unknown\5-233312-A-281.wav,Multiclass_Drone_Audio\unknown\5-233312-A-281.wav,al_emadi,5-233312-A-281,1.0216875,0.8780231585231039,8.926849365234375,-0.00015560412247437672,0.02071213413071075,-0.00046211153676267713,-0.02615727875381708,0.026092838682234287,0.10323901224019165,8.628406524658203,6.220901264898119e-05,0.007102142503073226,0.00013296408724272624,-0.008563489187508821,0.008379309158772238,0.009860229480839802,9.91391372680664,2.359465601557421e-05,0.0015623685213577178,1.7551944438309874e-05,-0.001950626028701663,0.0019626336637884375,0.0046082177769099925,10.67302417755127,-2.3570377257998744e-06,0.0007579035497107651,1.3332871731108753e-05,-0.0009229496528860181,0.0009042097779456527,0.0042693819789547255,11.438129425048828,-1.5175989873273088e-07,0.0005167236285199066,7.414778792735888e-06,-0.0005925782781559973,0.0005868804058991373
F:\Seminario\Seminario-Clustering\datasets\davi\Al Emadi (2019)\Multiclass_Drone_Audio\unknown\5-235956-A-473.wav,Multiclass_Drone_Audio\unknown\5-235956-A-473.wav,al_emadi,5-235956-A-473,1.0216875,0.8830719884585966,7.866583347320557,0.004202590567215443,0.7152607211594343,0.020587637089192867,-0.6959792315959931,0.6851022064685823,0.08002396677439041,8.90472412109375,-0.005470492486155246,0.21525025009769624,-0.007403290597721934,-0.27185478508472444,0.2637401580810548,0.032835172765588345,9.917742729187012,-0.00011316323771643158,0.098185777063109,0.0024848360335454345,-0.12700138092041016,0.12288591042160987,0.004014466605266932,10.904857635498047,-5.574426188836046e-05,0.024358584825742716,-0.000167528931342531,-0.0307044381275773,0.03131238520145417,5.440539615770082e-05,11.820539474487305,7.894580417234859e-07,0.0020085678433641578,9.312365818914259e-06,-0.002500271936878562,0.0024954944383353
F:\Seminario\Seminario-Clustering\datasets\davi\Al Emadi (2019)\Multiclass_Drone_Audio\bebop_1\B_S2_D1_103-bebop_004_.wav,Multiclass_Drone_Audio\bebop_1\B_S2_D1_103-bebop_004_.wav,al_emadi,B_S2_D1_103-bebop_004,0.896,0.8734384745240212,8.388517379760742,0.01042028524842767,0.5369649487515468,0.027430463582277298,-0.6071773648262023,0.6068362712860108,0.011549346827781798,8.752527236938477,0.0005631705992026161,0.06175500551428379,0.004272356163710356,-0.08067719340324402,0.0761087253689766,0.02753987966445171,9.76582145690918,-0.0027616886461682435,0.06791366134879012,-0.00387605675496161,-0.0907629832625389,0.08492489457130434,0.053462504276018764,10.727029800415039,0.001059062488103865,0.06722495147522232,0.00021568530064541847,-0.0834183230996132,0.0862810745835304,0.03400979470772654,11.73574161529541,-4.8723428370679424e-05,0.03799192807995163,0.00033024948788806796,-0.04841864071786404,0.047883012518286736
F:\Seminario\Seminario-Clustering\datasets\davi\Al Emadi (2019)\Multiclass_Drone_Audio\unknown\3-124795-A-282.wav,Multiclass_Drone_Audio\unknown\3-124795-A-282.wav,al_emadi,3-124795-A-282,0.97525,0.9596042223243185,8.074636459350586,9.693442388246119e-05,0.008275156163058194,0.0,-0.010485293995589015,0.010018797032535073,0.011821170690224784,7.627836227416992,8.963157915776652e-06,0.0009184794797537569,0.0,-0.0009633677313104272,0.0009132145962212234,0.013822083644852745,8.218603134155273,-7.2528117247989215e-06,0.0007074148138411173,0.0,-0.0006399871315807104,0.0006254419451579453,0.009517296093619348,9.422224044799805,4.8583653190129384e-06,0.00041655007245181794,0.0,-0.00038862880901433525,0.0003988167009083556,0.005235227246984557,9.993638038635254,-1.2350923743141523e-07,0.0002188614091787703,0.0,-0.00016553769091842696,0.00016803343169158325
F:\Seminario\Seminario-Clustering\datasets\davi\Al Emadi (2019)\Multiclass_Drone_Audio\unknown\4-150364-B-462.wav,Multiclass_Drone_Audio\unknown\4-150364-B-462.wav,al_emadi,4-150364-B-462,0.97525,0.12422455384993548,8.941004753112793,0.014080437685509617,0.3272051833585778,0.00131257000612095,-0.4032832860946655,0.43267797231674193,0.3592103858216492,8.751591682434082,-0.0007983795523737834,0.5569191942883248,0.01673152670264244,-0.750318044424057,0.6874727189540861,0.3972158710801219,9.425249099731445,-0.002275463226039012,0.4171337623509068,0.005538420286029577,-0.4821625351905823,0.4657254636287691,0.1133192616213292,10.640995025634766,-0.00011765332097450448,0.15810660677872088,-0.0014269628445617855,-0.1943611904978752,0.18828759491443636,0.006029927626964187,11.523361206054688,4.9234913935139796e-06,0.025835437759016942,-7.433255450450815e-05,-0.03042784333229065,0.03069675713777542
F:\Seminario\Seminario-Clustering\datasets\davi\Al Emadi (2019)\Multiclass_Drone_Audio\membo_1\Membo_2_014-membo_000_.wav,Multiclass_Drone_Audio\membo_1\Membo_2_014-membo_000_.wav,al_emadi,Membo_2_014-membo_000,1.024,0.8925452974390347,8.260108947753906,0.0002234291443422917,0.1770155733941827,0.0027750623412430286,-0.18959331512451172,0.19011051952838898,0.009988742175133243,9.032411575317383,4.046046685092747e-05,0.018726261188890193,-0.00015137868467718363,-0.023714110255241394,0.024572864174842834,0.016369100283489122,9.993013381958008,1.7291321413111754e-05,0.01706909808427935,-0.00019666684966068715,-0.021332016214728355,0.022500059753656387,0.02781391586048051,10.956827163696289,-0.00011730947087703811,0.0157879840940993,-0.00012510537635535002,-0.020388896763324737,0.020024969801306726,0.053282944241862466,11.867259979248047,1.171936479821323e-05,0.015478407407797027,-9.784535359358415e-05,-0.019132140092551708,0.019601873122155666
F:\Seminario\Seminario-Clustering\datasets\davi\Al Emadi (2019)\Multiclass_Drone_Audio\unknown\2-64963-A-154.wav,Multiclass_Drone_Audio\unknown\2-64963-A-154.wav,al_emadi,2-64963-A-154,0.95975,0.016843460380339754,8.687719345092773,-0.0001574631504703922,0.005763358846361752,2.9878794521209784e-05,-0.007226229179650545,0.006858687149360776,0.02744547775386329,8.352738380432129,0.0001821177272581025,0.007357400829789417,3.866164115606807e-05,-0.007881675381213427,0.009135120548307896,0.41075667027404994,7.634317398071289,-0.00041912885654961173,0.020272712591144486,-1.4866307537886314e-05,-0.014100323244929313,0.013191234506666663,0.47274712333272273,6.05417537689209,1.9850774236357997e-05,0.015437640050842198,-7.884318165451987e-06,-0.006735874339938164,0.0067605037242174145,0.07220726825902428,6.680463790893555,-8.262491123097206e-06,0.004273960629101651,-2.9684165383514483e-06,-0.0008969196525868028,0.0008837973233312382
F:\Seminario\Seminario-Clustering\datasets\davi\Al Emadi (2019)\Multiclass_Drone_Audio\membo_1\mixed_membo_18-membo_000_.wav,Multiclass_Drone_Audio\membo_1\mixed_membo_18-membo_000_.wav,al_emadi,mixed_membo_18-membo_000,1.024,0.7789653527617039,8.802572250366211,0.00044366469819622195,0.09479887912464248,-0.0015103296609595418,-0.11465463787317276,0.12067956477403641,0.0344695676000635,8.88617992401123,0.00015284255321907877,0.01994132740396771,0.00017402958474121988,-0.024666626006364822,0.025778118520975113,0.04317145741503801,9.955153465270996,-3.377766609578612e-05,0.015890880837378912,-9.796995072974823e-06,-0.02030293457210064,0.02010739855468273,0.05298125015495002,10.991928100585938,4.00734388466519e-06,0.012491681499516459,6.176214083097875e-05,-0.01612399034202099,0.016013759374618533,0.09041237206824457,11.961662292480469,-1.3437579187319813e-06,0.011558418707879452,-5.945302746113157e-06,-0.014940020628273487,0.015048705041408539
F:\Seminario\Seminario-Clustering\datasets\davi\Al Emadi (2019)\Multiclass_Drone_Audio\unknown\4-171207-A-123.wav,Multiclass_Drone_Audio\unknown\4-171207-A-123.wav,al_emadi,4-171207-A-123,1.0216875,0.9978047431817386,8.98775863647461,-0.0050594486853926274,0.5025203133312506,0.002188734768424183,-0.6824980616569519,0.5953522324562074,0.0009611189556655845,8.628719329833984,0.00015392146142550895,0.015596252565265319,-0.0004043959779664874,-0.01780162435024977,0.01895159333944321,0.00020869231143387718,9.21412181854248,-3.2206862339576194e-05,0.00517372130447639,-0.00015951083332765847,-0.005431241728365421,0.005539333401247859,0.00018244490464969796,6.903552532196045,-2.3383071449469726e-05,0.0034322116683440864,-1.2348880773060955e-05,-0.0017879441147670148,0.0017460427246987823,0.0008430006465122569,6.453857421875,1.284516876045445e-05,0.00522585352856556,-9.001977559819352e-06,-0.0017135747475549579,0.0017137507209554316
F:\Seminario\Seminario-Clustering\datasets\davi\Al Emadi (2019)\Multiclass_Drone_Audio\unknown\5-215447-A-472.wav,Multiclass_Drone_Audio\unknown\5-215447-A-472.wav,al_emadi,5-215447-A-472,0.97525,0.5187765175772052,8.923219680786133,-0.007199475504837288,0.10964987711153054,-0.0020156565587967634,-0.1532151773571968,0.1260341770946979,0.4140173962974926,8.762092590332031,3.5866030525349215e-05,0.09816606461350438,-0.00042208496597595513,-0.12433311194181443,0.12579496204853058,0.06637774918931794,9.7664213180542,8.522281257176507e-05,0.02799701116129749,-0.0004381663748063147,-0.034898970276117325,0.035426564514637,0.0008097154128125115,10.767389297485352,-1.464309672114744e-06,0.0021943114451838863,-7.848799668863649e-06,-0.002735243900679052,0.0027705525979399683,1.8621523171773566e-05,11.566082000732422,9.026724576317691e-08,0.00023572262993137516,-1.8144544355891412e-06,-0.0002875624631997198,0.0002904116117861122
F:\Seminario\Seminario-Clustering\datasets\davi\Al Emadi (2019)\Multiclass_Drone_Audio\membo_1\Membo_2_019-membo_003_.wav,Multiclass_Drone_Audio\membo_1\Membo_2_019-membo_003_.wav,al_emadi,Membo_2_019-membo_003,1.024,0.922505468362955,8.386963844299316,-0.005061506662288722,0.21621265364185252,-0.01095178909599781,-0.23205509781837463,0.24452096223831177,0.017465407003289676,9.073975563049316,-4.665063906846024e-05,0.0297580474359162,-0.0005759269697591662,-0.03820129111409187,0.03996625542640686,0.013163834699896501,10.026500701904297,-9.735595543871479e-05,0.018395112010987,3.405694951652549e-05,-0.023242781311273573,0.023836853727698327,0.021124998931807436,10.90677547454834,-0.00041006349515547755,0.01653070249050879,-0.0002479707181919366,-0.021379340067505838,0.020420830324292184,0.025740291002051423,11.878161430358887,3.2997184359848075e-06,0.012928790935260066,9.968186714104377e-05,-0.01663064304739237,0.016314903274178505
F:\Seminario\Seminario-Clustering\datasets\davi\Al Emadi (2019)\Multiclass_Drone_Audio\membo_1\mixed_membo_49-membo_002_.wav,Multiclass_Drone_Audio\membo_1\mixed_membo_49-membo_002_.wav,al_emadi,mixed_membo_49-membo_002,1.024,0.02578927634835339,7.859353542327881,0.00031696440169438916,0.02571334544057052,-0.00013380931341089308,-0.02419492043554783,0.02368827350437641,0.40575530008671334,7.032528400421143,0.0003170664523524039,0.10200043289081673,-4.759572766488418e-05,-0.058539167046546936,0.0708707794547081,0.5283771904205341,7.947575092315674,0.00045073135710192437,0.08287801065053843,3.328565071569756e-05,-0.05091486051678657,0.05203658640384674,0.03948944000456341,8.235860824584961,1.900184638123276e-05,0.016077669881023497,4.382393399282591e-06,-0.005897391214966773,0.006027129385620356,0.00058879313983575,9.722333908081055,-1.8760817737957796e-05,0.0013904309870608556,-5.399603537625808e-07,-0.0009200572676490992,0.0007809430826455355
F:\Seminario\Seminario-Clustering\datasets\davi\Al Emadi (2019)\Multiclass_Drone_Audio\unknown\5-233312-A-284.wav,Multiclass_Drone_Audio\unknown\5-233312-A-284.wav,al_emadi,5-233312-A-284,0.95975,0.658045950564929,7.483066558837891,-0.0030780096075050207,0.12814678661455126,-0.002432952751405537,-0.13959471136331558,0.09352514520287514,0.3064899029178072,7.261146068572998,-0.0004725644493806118,0.08747955378848238,0.0007390114478766918,-0.06421509757637978,0.06526382640004158,0.01398653871507462,7.724085330963135,3.595223772934654e-05,0.013309100969652436,7.122239912860096e-05,-0.009836762119084597,0.009240650665014982,0.006814510500662929,8.186615943908691,-0.000187605106906178,0.006590085806933213,-4.5779175707139075e-05,-0.0042003676760941746,0.003763672895729541,0.014663097301526267,9.003725051879883,6.162142607973503e-07,0.006850724403258972,8.794270797807258e-06,-0.0042687762994319195,0.0042092199902981535
F:\Seminario\Seminario-Clustering\datasets\davi\Al Emadi (2019)\Multiclass_Drone_Audio\unknown\1-115921-A-224.wav,Multiclass_Drone_Audio\unknown\1-115921-A-224.wav,al_emadi,1-115921-A-224,0.95975,0.23848181850070768,8.806892395019531,-0.0003163391751703716,0.02817206582141588,-0.005313478643074632,-0.03256428241729736,0.04433099739253521,0.1709845520742239,6.381772994995117,-0.000815248118995222,0.023842025773198643,-0.00019940247148042545,-0.01668372005224228,0.01642333436757326,0.33437025890176497,8.288654327392578,0.0007239904424532404,0.023747661695930292,0.0004454612353583798,-0.02121615260839462,0.021391929872334008,0.23441399621423983,9.303670883178711,0.0001459093118838006,0.014116655752256404,0.0001391312835039571,-0.012388819083571433,0.01254325248301029,0.02174937430906367,9.10926342010498,2.0522560793648584e-06,0.0030462149464252084,3.137533553854155e-06,-0.002181265503168106,0.0021751928608864557
F:\Seminario\Seminario-Clustering\datasets\davi\Al Emadi (2019)\Multiclass_Drone_Audio\unknown\4-99644-C-40.wav,Multiclass_Drone_Audio\unknown\4-99644-C-40.wav,al_emadi,4-99644-C-40,1.0216875,0.0007585475815934982,8.904162406921387,4.001622460063263e-05,0.013875409554304321,-0.0011033844202756882,-0.017078536748886108,0.018649614229798318,0.07329715020052759,8.15711784362793,0.008197529042853471,0.13614884206225683,0.00038020229840185493,-0.1388343334197998,0.16694573760032663,0.4047571151206372,9.065820693969727,-0.011855920613751104,0.22786191752572174,0.0008289107645396143,-0.26761914491653443,0.22138091921806333,0.5205959887255712,9.984098434448242,-4.7644113919001294e-05,0.18359972292753785,-0.0008714109717402607,-0.1890084519982338,0.18715957999229446,0.0005911983716704722,10.786035537719727,-1.4897969158881503e-06,0.004382425264799875,-7.239910473799682e-06,-0.0041942716576158995,0.004000860778614879
F:\Seminario\Seminario-Clustering\datasets\davi\Al Emadi (2019)\Multiclass_Drone_Audio\membo_1\mixed_membo_33-membo_002_.wav,Multiclass_Drone_Audio\membo_1\mixed_membo_33-membo_002_.wav,al_emadi,mixed_membo_33-membo_002,1.024,0.42066854388099495,9.108283996582031,-0.0044587755985445055,0.20379345201896334,-0.0064921630546450615,-0.2695285379886627,0.26364895701408386,0.12199957848754932,8.975765228271484,0.0019183555928503205,0.10975819817413711,0.0021509984508156776,-0.13478082418441772,0.1425076127052307,0.1231209353615195,9.92149543762207,0.00245673167125032,0.07848363675876786,0.0011508320458233356,-0.09532560408115387,0.10372346192598343,0.17534120562004596,10.966736793518066,-0.0007885971013435552,0.0664884924155224,-0.0013927639229223132,-0.08556444793939591,0.0845718637108803,0.15886973664989026,11.94748592376709,-0.00015709464306831633,0.044830919266054176,1.9155184531882696e-05,-0.05749058350920677,0.05695117264986038
F:\Seminario\Seminario-Clustering\datasets\davi\Al Emadi (2019)\Multiclass_Drone_Audio\membo_1\Membo_0_005-membo_001_.wav,Multiclass_Drone_Audio\membo_1\Membo_0_005-membo_001_.wav,al_emadi,Membo_0_005-membo_001,1.024,0.7405860127561675,8.81435775756836,0.006094323416278776,0.09341344893136981,0.002681200858205557,-0.10800109803676605,0.10990002751350403,0.07248489235670705,9.118738174438477,-2.3031663733333364e-05,0.02928650638791358,-0.0004848937096539885,-0.03796647489070892,0.03779812157154083,0.04973428009899763,9.933984756469727,-2.0145964304709845e-05,0.017273218830561696,-0.00012887618504464626,-0.021681776642799376,0.02166434824466705,0.06633378610775525,10.937606811523438,0.00040286617247822765,0.01414967014881947,0.0001565135025884956,-0.017504225298762322,0.018835831433534622,0.07086102868037253,11.936399459838867,-3.0022484522431732e-06,0.010362946132630583,5.26635158166755e-05,-0.013424007687717676,0.013254468329250813
F:\Seminario\Seminario-Clustering\datasets\davi\Al Emadi (2019)\Multiclass_Drone_Audio\membo_1\Membo_1_041-membo_003_.wav,Multiclass_Drone_Audio\membo_1\Membo_1_041-membo_003_.wav,al_emadi,Membo_1_041-membo_003,1.024,0.4017146402766001,9.42204761505127,-0.0009008239249738251,0.07210064371529588,0.0006066038622520864,-0.09664405882358551,0.09272409975528717,0.03770270291468533,8.955169677734375,-0.00013242795670327605,0.022089844330248562,0.00030059978598728776,-0.028736604377627373,0.02873939834535122,0.10289103607585916,10.006193161010742,0.0007182737050138886,0.02597399243682673,0.001213517738506198,-0.03316011279821396,0.03377266749739645,0.20926098231485937,10.860128402709961,-2.38334720614964e-05,0.026294752655604145,0.00016134866746142507,-0.033291532844305034,0.03286851719021797,0.24843063841799606,11.800453186035156,3.253163122937097e-06,0.020293286384133778,1.667139940764173e-05,-0.024728507734835148,0.02540836576372385
F:\Seminario\Seminario-Clustering\datasets\davi\Al Emadi (2019)\Multiclass_Drone_Audio\bebop_1\B_S2_D1_107-bebop_003_.wav,Multiclass_Drone_Audio\bebop_1\B_S2_D1_107-bebop_003_.wav,al_emadi,B_S2_D1_107-bebop_003,1.024,0.11125107494577098,8.965997695922852,0.00010962128491154416,0.07469576124104198,-0.000751774525269866,-0.0941847562789917,0.09505204111337662,0.04899535428023368,9.033784866333008,4.002902144832017e-05,0.04957030969040755,0.0022777707781642675,-0.06646832078695297,0.06278550624847412,0.20252866687907758,9.924283027648926,-0.00019319346702622372,0.07176086926192947,-0.0010990638984367251,-0.09359070211648941,0.0935866042971611,0.3857682517333472,10.961779594421387,0.0010168356601873588,0.07027049622287379,0.0022765446919947863,-0.09060651957988738,0.08932590782642365,0.25145665216157054,11.944214820861816,0.0002583673660037394,0.040188565102990195,0.00018492259550839663,-0.05077685788273811,0.05235297977924347
F:\Seminario\Seminario-Clustering\datasets\davi\Al Emadi (2019)\Multiclass_Drone_Audio\unknown\1-67152-A-174.wav,Multiclass_Drone_Audio\unknown\1-67152-A-174.wav,al_emadi,1-67152-A-174,0.95975,0.0,-0.0,0.0,0.0,0.0,0.0,0.0,0.0,-0.0,0.0,0.0,0.0,0.0,0.0,0.0,-0.0,0.0,0.0,0.0,0.0,0.0,0.0,-0.0,0.0,0.0,0.0,0.0,0.0,0.0,-0.0,0.0,0.0,0.0,0.0,0.0
F:\Seminario\Seminario-Clustering\datasets\davi\Al Emadi (2019)\Multiclass_Drone_Audio\unknown\1-51170-A-182.wav,Multiclass_Drone_Audio\unknown\1-51170-A-182.wav,al_emadi,1-51170-A-182,0.97525,0.0311496587623915,8.80439567565918,0.006162995347301535,0.08252277103314072,0.0053149566520005465,-0.09194770753383637,0.11204416975378989,0.11151000210958319,8.302584648132324,0.0018173770120396685,0.15656063560871566,0.0008733240829315037,-0.1763163313269615,0.17555212378501892,0.35582972452389316,9.479907989501953,0.005687192245526534,0.19913577660291318,0.00519977230578661,-0.2305488407611847,0.2404433757066727,0.3335557124727842,10.601058006286621,0.0015546544071153516,0.13686460730722239,0.001301975455135107,-0.1657865658402443,0.16588204056024558,0.1679549021313479,11.635856628417969,-0.00023992574465144835,0.06880028037829118,-0.00044051752774976194,-0.08376530557870865,0.08214223757386208
F:\Seminario\Seminario-Clustering\datasets\davi\Al Emadi (2019)\Multiclass_Drone_Audio\membo_1\mixed_membo_38-membo_002_.wav,Multiclass_Drone_Audio\membo_1\mixed_membo_38-membo_002_.wav,al_emadi,mixed_membo_38-membo_002,1.024,0.6587129919432608,8.458389282226562,-0.0030400794933109873,0.07158866241088827,-0.004317534621804953,-0.07783927023410797,0.07581984251737595,0.0378924202178883,9.104912757873535,-0.0001759077773276762,0.017184654940579514,-0.00047970880405046046,-0.021859262138605118,0.02211078628897667,0.09822107476751593,10.086417198181152,-0.00011852464670513881,0.01970078610753441,-0.00042577783460728824,-0.02592349611222744,0.025511206686496733,0.09634417304132835,10.8982572555542,-8.596820837198804e-05,0.013845309110475284,-0.0003165530797559768,-0.01722925007343292,0.01760143004357815,0.10882934003000662,11.550673484802246,-4.760352116446789e-06,0.010423076517613239,-4.6133816795190796e-05,-0.012640065047889948,0.01267646113410592
F:\Seminario\Seminario-Clustering\datasets\davi\Al Emadi (2019)\Multiclass_Drone_Audio\membo_1\mixed_membo_45-membo_002_.wav,Multiclass_Drone_Audio\membo_1\mixed_membo_45-membo_002_.wav,al_emadi,mixed_membo_45-membo_002,1.024,0.7882087730844013,7.890691757202148,0.0005964026243909289,0.10720654366551584,0.0032109871972352266,-0.09465456008911133,0.10512984544038773,0.015625671042559595,8.700479507446289,0.0002253561091012392,0.015093095538596807,0.000872562755830586,-0.018463250249624252,0.017780102789402008,0.03964688307214521,9.814058303833008,-0.00031125938025253745,0.017117559355149074,-2.6478701329324394e-05,-0.021085195988416672,0.021214614808559417,0.06276724065599905,10.817907333374023,-1.6109606949929783e-05,0.015285673570614383,0.0001243063306901604,-0.01936412863433361,0.01937431022524834,0.09375143214489491,11.706135749816895,-2.1348661360482275e-05,0.01323217885306118,-0.00014336714230012149,-0.015900171361863613,0.01621775235980749
F:\Seminario\Seminario-Clustering\datasets\davi\Al Emadi (2019)\Multiclass_Drone_Audio\unknown\2-108767-B-92.wav,Multiclass_Drone_Audio\unknown\2-108767-B-92.wav,al_emadi,2-108767-B-92,0.97525,0.2932063771046606,8.90318489074707,0.0003447698764283997,0.03190526933249511,-0.0006299178348854184,-0.04098517000675202,0.03992641679942607,0.3540829169853933,8.85779857635498,0.0007005387466444641,0.03505636325230029,0.0021272558951750398,-0.043848362937569614,0.0439860213547945,0.30589477736974685,8.647854804992676,-0.00029467961278493895,0.02321145802115837,-0.0005063794669695199,-0.022311459481716155,0.022438536584377305,0.04284229898248046,9.044449806213379,-4.215625953610347e-05,0.006164634905206186,-0.00013303312880452722,-0.005055839102715254,0.00512547716498375,0.003973629557718806,11.676412582397461,1.9463366506536894e-05,0.0013298106714982984,3.149897383991629e-05,-0.0016324548050761223,0.0016558626666665077
F:\Seminario\Seminario-Clustering\datasets\davi\Al Emadi (2019)\Multiclass_Drone_Audio\unknown\1-17585-A-71.wav,Multiclass_Drone_Audio\unknown\1-17585-A-71.wav,al_emadi,1-17585-A-71,1.0216875,0.5838542612142653,8.676725387573242,-0.0018178950349673876,0.11421094555181996,-0.0044217766262590885,-0.13924890160560607,0.13888567984104166,0.24574531304630876,8.490469932556152,-0.0005833511094983493,0.07410366448992312,-0.0007861391350161284,-0.0852529987692833,0.07830101102590566,0.10515804135176986,9.282445907592773,0.0006380599779573384,0.03450347973898566,0.0008021265966817737,-0.03711070865392685,0.03808806538581848,0.050459842064917146,9.548051834106445,0.0004728806051625707,0.01695430623734534,0.0003454315010458231,-0.013796639908105132,0.015886949375271797,0.014782542322738958,11.335941314697266,9.345788644722658e-06,0.006502440072283736,0.0001035304376273416,-0.007200306607410311,0.0071934835053980364
F:\Seminario\Seminario-Clustering\datasets\davi\Al Emadi (2019)\Multiclass_Drone_Audio\unknown\2-32515-B-40.wav,Multiclass_Drone_Audio\unknown\2-32515-B-40.wav,al_emadi,2-32515-B-40,1.0216875,0.8225659983367978,8.948389053344727,-0.012850005708483558,0.8318929290146035,-0.06898117437958717,-1.028966748714447,1.0737154960632325,0.006998187037781272,7.638638973236084,-0.0006875862072913761,0.07673777666677788,-0.001138199120759964,-0.06948701366782188,0.07208265140652657,0.04242709004723316,6.5783867835998535,0.00035792226392252565,0.13451147019066656,0.0005163866153452545,-0.037877783179283135,0.03893069103360175,0.12704863890261373,7.57596492767334,1.1916947816038358e-05,0.16515216328210933,0.00024641524214530364,-0.03079768009483814,0.03156469203531743,0.0009600856755740002,8.680779457092285,-5.8580754643594924e-06,0.010169053370202616,7.695632575632771e-06,-0.004004347929731011,0.004078490845859051
F:\Seminario\Seminario-Clustering\datasets\davi\Al Emadi (2019)\Multiclass_Drone_Audio\unknown\3-103051-C-193.wav,Multiclass_Drone_Audio\unknown\3-103051-C-193.wav,al_emadi,3-103051-C-193,1.0216875,0.9187454911555146,8.613096237182617,0.01366751695227773,0.07320894250449062,0.014307594392448664,-0.07133743241429329,0.09796668663620951,0.07538167636053734,8.650561332702637,0.00022349164877256,0.021331191319669922,-7.370797538897023e-05,-0.02491382583975792,0.02701657675206661,0.005613642107625499,9.672052383422852,-3.606071010137993e-06,0.004144132282165492,2.5104897758865263e-05,-0.005001681391149758,0.004848282039165497,0.00015892081423993064,10.894145965576172,-2.24591578017271e-08,0.0004947227428143873,-1.1977609233326802e-06,-0.0006128434208221733,0.0006266537006013097,0.00010026956208260992,11.93619155883789,-8.797672513811509e-07,0.0002783429121240265,7.734912514933967e-07,-0.00036554448888637125,0.0003512936411425472
F:\Seminario\Seminario-Clustering\datasets\davi\Al Emadi (2019)\Multiclass_Drone_Audio\unknown\1-97392-A-02.wav,Multiclass_Drone_Audio\unknown\1-97392-A-02.wav,al_emadi,1-97392-A-02,0.97525,0.004529592241220071,6.401313304901123,-2.5947528417047478e-05,0.025261204685453092,0.0,-0.008966647461056704,0.0072769757360219905,0.5585124654247808,5.942455291748047,-0.0022829276339435,0.28049607375856445,0.0,-0.06081913970410823,0.05534647405147546,0.332732306413354,6.6513471603393555,-0.000433251717009375,0.1542129291576848,0.0,-0.037619993835687635,0.029071480035781885,0.10344587823447451,8.064068794250488,-0.000152039071583589,0.06101829059198987,0.0,-0.012353015784174203,0.012686025910079491,0.0007797576861705239,8.981671333312988,2.7378845847958722e-06,0.003752718875426232,0.0,-0.0008393031603191048,0.0009731724276207387
F:\Seminario\Seminario-Clustering\datasets\davi\Al Emadi (2019)\Multiclass_Drone_Audio\unknown\5-187201-A-44.wav,Multiclass_Drone_Audio\unknown\5-187201-A-44.wav,al_emadi,5-187201-A-44,0.95975,0.5420930388383258,8.850017547607422,0.005370892325075463,0.1631534667244838,0.01106784911826253,-0.20586644113063812,0.20112202316522598,0.0018336749734791332,7.582612991333008,-0.0001599970614365084,0.009492794352920338,-0.00037615584733430296,-0.010086283553391695,0.009038002695888281,0.015392309797821177,8.104652404785156,4.234399441878692e-05,0.01959006108216347,6.850657155155204e-05,-0.014548841025680303,0.01161069916561246,0.43122890110917206,8.499250411987305,4.135628269610475e-05,0.07358567104071832,-3.1416575438925065e-06,-0.03539517484605312,0.03545979149639606,0.00945207528120179,9.519418716430664,5.010018680316131e-06,0.007717504665789634,-2.833273867963726e-06,-0.0040840502362698315,0.004045731481164698
F:\Seminario\Seminario-Clustering\datasets\davi\Al Emadi (2019)\Multiclass_Drone_Audio\unknown\3-51909-B-420.wav,Multiclass_Drone_Audio\unknown\3-51909-B-420.wav,al_emadi,3-51909-B-420,1.0216875,0.7760848459570961,9.365528106689453,0.0029053535114241524,2.1016399973014726,0.06327855587005615,-2.817688822746277,2.867957282066345,0.17753867322237976,9.220586776733398,-0.002346084724319921,1.005192968026582,-0.009047054219990969,-1.3254132390022277,1.3516752362251283,0.03834400052926794,10.057737350463867,-0.0008326510884222264,0.3325499210926108,0.006078936858102679,-0.446429905295372,0.41712639927864076,0.00770224481653922,10.915603637695312,-0.0006256757307016061,0.10574762228399615,-0.0020260241581127048,-0.13582216650247572,0.1353031635284424,0.0003302354747169371,11.398506164550781,2.847745188276886e-06,0.015509854036456392,0.00011087008897447959,-0.017513887956738472,0.017268044129014015
F:\Seminario\Seminario-Clustering\datasets\davi\Al Emadi (2019)\Multiclass_Drone_Audio\unknown\1-47819-A-52.wav,Multiclass_Drone_Audio\unknown\1-47819-A-52.wav,al_emadi,1-47819-A-52,0.97525,0.7687289438323912,8.917499542236328,2.374764856510016e-05,0.006159972355911297,7.410209946101531e-05,-0.008063749223947524,0.007505894592031836,0.06794027540941651,8.860128402709961,2.8759244846828288e-05,0.001831072238656757,1.0940015272353776e-05,-0.0022414555773138996,0.0024212246760725972,0.06373272543274781,9.920621871948242,3.986430436457973e-05,0.0012627303805857189,3.9485315937781706e-05,-0.0015469324309378863,0.0016438293969258677,0.058325074111279664,10.890168190002441,8.209308938614109e-06,0.0008575969041618712,2.3487595171900466e-05,-0.0010806159465573727,0.0010855595115572215,0.04127298121416481,11.871919631958008,-2.3245233043506485e-06,0.0005110523543337126,-2.8111487608839525e-06,-0.0006588399701286107,0.0006501922325696796
F:\Seminario\Seminario-Clustering\datasets\davi\Al Emadi (2019)\Multiclass_Drone_Audio\unknown\4-205526-B-233.wav,Multiclass_Drone_Audio\unknown\4-205526-B-233.wav,al_emadi,4-205526-B-233,1.0216875,0.05965351400114347,7.983543395996094,0.0003123030647337923,0.03834779055245503,0.0005640662857331336,-0.037453165650367735,0.038431777805089974,0.23141771094562255,7.845414161682129,-0.0022685152040365945,0.07549863141303065,-0.0024169269017875195,-0.07393020763993263,0.06672573015093806,0.6053021287530279,8.553569793701172,-6.945214104401887e-05,0.08696170715807297,-0.0006311998295132071,-0.07210708037018776,0.07344298884272575,0.07061156475264994,9.467172622680664,0.0002501745483317129,0.02107218003244087,0.00022740382701158524,-0.017870802991092203,0.017502179928123952,0.033015081547556085,10.767579078674316,5.363309383110177e-07,0.01020668288672334,5.557658141697175e-06,-0.0090305439196527,0.009102610964328052
F:\Seminario\Seminario-Clustering\datasets\davi\Al Emadi (2019)\Multiclass_Drone_Audio\unknown\3-125548-A-321.wav,Multiclass_Drone_Audio\unknown\3-125548-A-321.wav,al_emadi,3-125548-A-321,1.0216875,0.07723126532978189,8.951879501342773,0.00013939952001786016,0.0035474015764218906,0.00015873523807385936,-0.00434573283419013,0.004548388114199046,0.08914526916362925,7.474177837371826,-6.662125256944707e-05,0.0038135701093697286,2.1276211555232294e-05,-0.0037679484812542796,0.003236966510303319,0.46922788229713847,7.569431304931641,9.718831389247148e-05,0.006228640097703251,4.3925152567680925e-05,-0.00405375063419342,0.004630449227988719,0.31020587479436745,8.857845306396484,-1.530527742928351e-05,0.0035936463155750715,-4.107555082732972e-07,-0.002431758912280202,0.002512165461666883,0.05418970841508296,9.721189498901367,-7.017619577996821e-06,0.0010638723605854905,1.2229196499902173e-06,-0.0007118301407899707,0.0007035820162855091
F:\Seminario\Seminario-Clustering\datasets\davi\Al Emadi (2019)\Multiclass_Drone_Audio\unknown\1-32373-A-351.wav,Multiclass_Drone_Audio\unknown\1-32373-A-351.wav,al_emadi,1-32373-A-351,1.0216875,0.8894199767581653,9.018394470214844,0.00019815469599371814,0.7104378023711906,0.021096822805702686,-0.9410550236701966,0.9250861644744873,0.03425704056230319,8.999706268310547,0.0005340475680278005,0.13942619465461262,-0.0019414164125919342,-0.17926185727119445,0.18447962850332264,0.030149936807861277,9.907285690307617,0.0007564151319685562,0.09311226080285022,-0.00027182324993191287,-0.11950851380825042,0.12366253957152364,0.025024163265959864,10.328104019165039,0.00015581456700394843,0.060188897170763186,0.0003522000042721629,-0.06739827543497084,0.06632286012172699,0.02114888260571037,11.232505798339844,-0.00010097369383920172,0.03919283058722812,-0.00011206092312932014,-0.04194808229804039,0.04152727015316487
F:\Seminario\Seminario-Clustering\datasets\davi\Al Emadi (2019)\Multiclass_Drone_Audio\unknown\1-54918-A-143.wav,Multiclass_Drone_Audio\unknown\1-54918-A-143.wav,al_emadi,1-54918-A-143,1.0216875,0.08714060788552215,8.962923049926758,-0.0021402948296557786,0.06203249129470127,0.0009836590324994177,-0.08352917209267616,0.07392296716570856,0.01331299091145341,8.249648094177246,-0.0001363234937986005,0.024260416656611748,3.8731451240892056e-05,-0.02634420059621334,0.02723538614809514,0.0002912906888284338,8.610345840454102,1.6040923603407912e-05,0.002554626535913246,-3.078391637245659e-05,-0.0027205423219129445,0.002830696618184447,0.04094264864481172,9.557058334350586,0.0006080916945885419,0.02148061666946172,-9.472609008298605e-08,-0.01837579794228077,0.021753299795091198,0.8583124618693843,11.54608154296875,1.0267120650015325e-05,0.06969180672115842,-0.00010389792078058235,-0.08195148929953575,0.08075853064656262
F:\Seminario\Seminario-Clustering\datasets\davi\Al Emadi (2019)\Multiclass_Drone_Audio\unknown\5-233312-A-283.wav,Multiclass_Drone_Audio\unknown\5-233312-A-283.wav,al_emadi,5-233312-A-283,1.0216875,0.6919170797201055,8.645395278930664,-0.001237839833113013,0.13960469452829993,-0.007935385685414076,-0.17004391103982924,0.1910806968808174,0.27951530997557955,8.150053024291992,0.00025492317618288485,0.08873420622901232,0.0002486417070031166,-0.09992295131087303,0.09583922773599625,0.00971496820375384,8.612486839294434,6.80850795802135e-05,0.011776300096545404,8.667802831041627e-05,-0.010840781964361668,0.011777548398822543,0.0057026537245374945,9.506649017333984,-6.54305182571653e-05,0.00640134607812028,-5.640093331749085e-05,-0.00601405813358724,0.00596920461393893,0.013149988376023563,11.019886016845703,3.7589313170176874e-06,0.006885641635212888,-4.56495545222424e-05,-0.007300345599651337,0.007559298956766725
F:\Seminario\Seminario-Clustering\datasets\davi\Al Emadi (2019)\Multiclass_Drone_Audio\unknown\1-115521-A-190.wav,Multiclass_Drone_Audio\unknown\1-115521-A-190.wav,al_emadi,1-115521-A-190,1.0216875,0.9720289724847889,6.974719047546387,-0.0001432527673463455,0.3780916439686903,-0.0022560133947990835,-0.2765210807323456,0.29234549999237064,0.02175009569583404,7.816300868988037,-0.0006255885386546638,0.05655376231282715,0.00013592460163636133,-0.055161242559552195,0.05285225398838523,0.005886749234476929,8.77970027923584,0.00018048617937372425,0.020945199197580235,-0.0003591093118302524,-0.01919551435858011,0.019789217971265313,0.00033353343453112956,9.920291900634766,-1.8175382291977983e-06,0.003537468108118903,-2.5938118596968707e-05,-0.003485497855581343,0.0034816432045772687,6.491503689570971e-07,10.549391746520996,-2.590643259748081e-07,0.00011054030064625676,2.1694855689702308e-07,-9.822366409935057e-05,9.798951068660248e-05
F:\Seminario\Seminario-Clustering\datasets\davi\Al Emadi (2019)\Multiclass_Drone_Audio\bebop_1\B_S2_D1_076-bebop_004_.wav,Multiclass_Drone_Audio\bebop_1\B_S2_D1_076-bebop_004_.wav,al_emadi,B_S2_D1_076-bebop_004,0.896,0.23647934350393435,8.631311416625977,-0.0007700858618960669,0.10707500731448975,-1.8230857676826417e-05,-0.13586517572402954,0.12992700338363655,0.03668476463885108,8.77814769744873,0.0015269104722230912,0.04214643152163338,0.0017772822175174952,-0.053072495758533476,0.05479503571987154,0.1917502176857055,9.714984893798828,0.0006177913757608373,0.06871895090894929,-0.003247935324907303,-0.08439819365739823,0.08805442303419116,0.306732947567262,10.729520797729492,0.0004938382995026077,0.06170456353461089,0.0012641908833757043,-0.07915204614400864,0.07882674485445022,0.22835272660424713,11.7591552734375,-0.00014208188613790368,0.03772080199126161,-0.00023049079754855484,-0.048491853103041646,0.048835741356015205
F:\Seminario\Seminario-Clustering\datasets\davi\Al Emadi (2019)\Multiclass_Drone_Audio\bebop_1\mixed_16-bebop_004_.wav,Multiclass_Drone_Audio\bebop_1\mixed_16-bebop_004_.wav,al_emadi,mixed_16-bebop_004,1.024,0.6614402405426736,8.386124610900879,-0.004576113826030366,0.16255094466890693,-0.006041728425770998,-0.1961897909641266,0.17866544425487518,0.01753747806097377,9.052494049072266,0.0006967561054784082,0.02646972109312798,0.0003821622231043875,-0.033006150275468826,0.035318370908498764,0.08671234075601687,9.973350524902344,0.0005845257140573147,0.04191950663504895,0.00026594570954330266,-0.052372151613235475,0.05409224107861518,0.13935520569523038,10.952617645263672,-0.000484245645856733,0.03770968846136209,0.0002938265970442444,-0.04851487055420876,0.04744833037257195,0.09495473494510537,11.921706199645996,-6.542923519303997e-06,0.022050077503734417,-0.00028826000925619155,-0.02831306215375662,0.028154630213975906
F:\Seminario\Seminario-Clustering\datasets\davi\Al Emadi (2019)\Multiclass_Drone_Audio\unknown\1-17367-A-101.wav,Multiclass_Drone_Audio\unknown\1-17367-A-101.wav,al_emadi,1-17367-A-101,1.0216875,0.037920198317389665,8.942623138427734,0.0010250824604367055,0.07363881063010352,0.0011546038440428674,-0.09533832296729088,0.09407508298754698,0.04131857656084677,8.797818183898926,-0.0012056679898351547,0.07686573530104233,-0.0009567531524226069,-0.09815463945269584,0.09327190518379212,0.317519101554571,9.922565460205078,-0.0029183306649031566,0.1516783053638087,-0.005076338304206729,-0.19436457455158235,0.18931772708892822,0.46170471436688953,10.6289701461792,-0.001562249890752268,0.12978654269205703,-0.00021504651522263885,-0.1589013919234276,0.152934268116951,0.14153740920030303,11.896408081054688,7.34753658944847e-06,0.05090270611721486,-0.00018187625391874462,-0.06459257155656814,0.06480432376265526
F:\Seminario\Seminario-Clustering\datasets\davi\Al Emadi (2019)\Multiclass_Drone_Audio\bebop_1\B_S2_D1_122-bebop_002_.wav,Multiclass_Drone_Audio\bebop_1\B_S2_D1_122-bebop_002_.wav,al_emadi,B_S2_D1_122-bebop_002,1.024,0.7639124391159181,8.616426467895508,-0.004771364345601281,0.3531105846666087,-0.00017518697131890804,-0.4438245892524719,0.41711923480033875,0.015952202441033552,8.941017150878906,0.0003802296609279043,0.05103015311098048,7.942834599816706e-06,-0.06442483514547348,0.06552585959434509,0.048030267353322505,9.930606842041016,0.0011337307886326667,0.0630401999893347,0.0013504168018698692,-0.07952469289302826,0.08218108117580414,0.10281160694206687,10.94835090637207,-0.0011325027422907365,0.06544787721759862,-0.0012460872530937195,-0.08476272970438002,0.08246268928050995,0.06929348414765896,11.8717679977417,-0.00013746268970472652,0.03806339657624756,-9.987300654756837e-05,-0.04838798567652702,0.04849722608923912
F:\Seminario\Seminario-Clustering\datasets\davi\Al Emadi (2019)\Multiclass_Drone_Audio\unknown\2-122104-A-03.wav,Multiclass_Drone_Audio\unknown\2-122104-A-03.wav,al_emadi,2-122104-A-03,1.0216875,0.42246528005669415,6.154870510101318,0.0004398132308473689,0.18908122540016092,0.0011355119640938938,-0.030534985475242138,0.02926800642162563,0.5103907966544711,6.104056358337402,-0.0004451465722902048,0.20782819415817771,4.210321276332252e-05,-0.013506137114018199,0.014560476038605032,0.06620360797029434,7.389669895172119,3.52305120848788e-05,0.05328440951057317,1.7450258383178152e-05,-0.004569038841873407,0.004783363780006766,0.0008831140339197949,8.121652603149414,2.4654065424828293e-05,0.0043663742756187875,-2.9552562637036317e-06,-0.0005549443769268691,0.00046355469967238614,5.720128462064666e-05,9.246464729309082,-3.382568152977405e-06,0.000787126691205666,5.453440792280162e-07,-0.00016951657016761598,0.00015797926025697985
F:\Seminario\Seminario-Clustering\datasets\davi\Al Emadi (2019)\Multiclass_Drone_Audio\bebop_1\B_S2_D1_087-bebop_001_.wav,Multiclass_Drone_Audio\bebop_1\B_S2_D1_087-bebop_001_.wav,al_emadi,B_S2_D1_087-bebop_001,1.024,0.8041288311683163,8.45052719116211,0.002063561600566395,0.4150574954696229,-0.0017455004854127765,-0.4751420319080353,0.5141409039497375,0.011110955318510654,9.056398391723633,-0.0004820668035938708,0.04878713310136602,-0.0003842314181383699,-0.06378282606601715,0.060780320316553116,0.04731261883152072,9.955011367797852,-0.0023759601014330667,0.07164771759090816,-0.0010460254270583391,-0.09478002339601516,0.08855641186237335,0.08311714674657687,10.913681030273438,0.0007714149249806778,0.06741842963657221,0.00012833999062422663,-0.08542365580797195,0.08769579231739047,0.054330447935075424,11.965615272521973,0.00012997657271867112,0.03861051571822313,-0.00018586567603051662,-0.04896051436662674,0.05042609944939613
F:\Seminario\Seminario-Clustering\datasets\davi\Al Emadi (2019)\Multiclass_Drone_Audio\unknown\5-103415-A-24.wav,Multiclass_Drone_Audio\unknown\5-103415-A-24.wav,al_emadi,5-103415-A-24,0.95975,0.1736560484816845,8.467602729797363,0.010113389255261968,0.39929450432695013,0.011517776176333427,-0.5000004321336746,0.48234882950782776,0.2797397066955333,8.320231437683105,-0.003590628142438465,0.5069367798417639,-0.0011801777873188257,-0.6115503311157227,0.6236238777637482,0.5197530906257738,9.265098571777344,0.0006804073510155318,0.49212574263980663,0.0032416925532743335,-0.597361159324646,0.5978030264377594,0.019150656686452,9.918455123901367,-0.0004298966000882857,0.06703711990329954,0.0004109957371838391,-0.07247706204652786,0.07140163108706471,0.007700497510556381,10.303068161010742,-1.8754904222688153e-05,0.03011381425632609,-0.00016237146337516606,-0.02487911731004715,0.025002584420144573
F:\Seminario\Seminario-Clustering\datasets\davi\Al Emadi (2019)\Multiclass_Drone_Audio\bebop_1\mixed_12-bebop_004_.wav,Multiclass_Drone_Audio\bebop_1\mixed_12-bebop_004_.wav,al_emadi,mixed_12-bebop_004,0.904,0.8481467486285983,8.704280853271484,-0.006374052906310497,0.3677972136174108,-0.040040843188762665,-0.4415595531463623,0.4791555106639862,0.03955179434385214,8.768587112426758,0.00036108617524736587,0.07943588833268636,0.00030285684624686837,-0.10414955765008926,0.09794438630342484,0.04243951993671981,9.791975021362305,-4.0187339546821866e-05,0.058643093614546636,-0.0017959863180294633,-0.07250587791204452,0.0765546843409538,0.04326545025263273,10.768900871276855,0.0008376865549953029,0.042026737260177374,0.00039199466118589044,-0.05170856639742851,0.05360920429229737,0.026596486838197073,11.759246826171875,-6.776215950095076e-05,0.02334931363058559,-0.00021722189558204263,-0.029940727166831493,0.02945506665855646
F:\Seminario\Seminario-Clustering\datasets\davi\Al Emadi (2019)\Multiclass_Drone_Audio\unknown\5-242711-A-91.wav,Multiclass_Drone_Audio\unknown\5-242711-A-91.wav,al_emadi,5-242711-A-91,1.0216875,0.8330678798842523,8.964046478271484,0.0012832407396637638,0.03342658283652431,0.0036725542740896344,-0.04275751747190952,0.0419713027775288,0.05660717835483462,8.499812126159668,-0.00019577367046681398,0.008717617732451794,-0.00026501735555939376,-0.01050898302346468,0.01018242482095957,0.07087549928196255,9.261988639831543,0.00014607392163389305,0.006944307857584036,8.54281970532611e-05,-0.007212749915197492,0.007861646823585033,0.02074203491718929,10.117522239685059,9.013939858418395e-06,0.002666000316672876,-1.2518733001343207e-05,-0.002697690320201218,0.0026857060147449387,0.01870740756176121,10.500438690185547,-2.3257680902156808e-07,0.0017933708281093498,5.8322184486314654e-06,-0.0014093948178924619,0.0013921946636401116
F:\Seminario\Seminario-Clustering\datasets\davi\Al Emadi (2019)\Multiclass_Drone_Audio\unknown\2-209478-A-254.wav,Multiclass_Drone_Audio\unknown\2-209478-A-254.wav,al_emadi,2-209478-A-254,0.95975,0.5393071251501249,6.481963157653809,-0.034409426324672594,0.16458879774652116,-0.03466649353504181,-0.137848861515522,0.0640069879591465,0.3187851161496586,5.167160987854004,0.0014947462289070304,0.12926815680002884,0.00022503321815747768,-0.054693493992090225,0.06712403148412704,0.06988432003765799,7.2521162033081055,8.60942071493877e-05,0.04310730732549572,-0.00010760331133496948,-0.02677683774381876,0.028482939861714844,0.04522280980135803,6.872400283813477,0.0002005123256525235,0.024608249715800345,7.983289106050506e-05,-0.012398283835500477,0.013175659161061046,0.02680062886120049,7.788749694824219,-1.9932470297899682e-05,0.013420305792820594,6.6367465478833765e-06,-0.006787741836160421,0.006687042396515614
F:\Seminario\Seminario-Clustering\datasets\davi\Al Emadi (2019)\Multiclass_Drone_Audio\unknown\3-120526-B-371.wav,Multiclass_Drone_Audio\unknown\3-120526-B-371.wav,al_emadi,3-120526-B-371,1.0216875,9.834279392682663e-05,6.8240509033203125,-8.50720716284168e-05,0.007029748625513992,-0.00010486891187611036,-0.005279210861772299,0.005199663108214737,1.8577538219435435e-05,6.433265686035156,0.00019709593371221355,0.0030492220370197344,2.7801866053778213e-05,-0.0016195158124901355,0.0020575482863932856,0.14983524038329718,8.553190231323242,0.0011980330102181898,0.19534598934981928,-3.0348873224284034e-05,-0.1692888095974922,0.1533596262335777,0.48008698742462613,9.142865180969238,0.0006628176851648098,0.2480985173973595,1.5731377970951144e-05,-0.053883715718984586,0.2209254607558253,0.36996085185993044,10.486875534057617,6.408325588367729e-06,0.15426590003559984,-7.899100751274091e-07,-0.114720120280981,0.12030194327235234
F:\Seminario\Seminario-Clustering\datasets\davi\Al Emadi (2019)\Multiclass_Drone_Audio\unknown\5-198278-C-74.wav,Multiclass_Drone_Audio\unknown\5-198278-C-74.wav,al_emadi,5-198278-C-74,0.95975,0.7169290074723507,8.85587215423584,0.0021318042150120778,0.25439209373017174,0.0021176260197535157,-0.3107812851667404,0.3284848481416702,0.15628835900848742,8.81958293914795,-0.0023671338395130563,0.11875662121342909,-0.006626505171880126,-0.1496283859014511,0.14577629417181015,0.07083769608489249,9.666810989379883,-0.0018569119905105665,0.056920978359730444,-0.003482889151200652,-0.0703640766441822,0.06756577342748642,0.029388570569839942,10.772209167480469,0.0005085775650612784,0.026027468597799912,0.0005460779648274183,-0.03214883953332901,0.03236918374896049,0.026556366864429498,11.800420761108398,-0.00016026359313974276,0.017529348689451333,3.815859054157045e-05,-0.02221883609890938,0.02209428921341897
F:\Seminario\Seminario-Clustering\datasets\davi\Al Emadi (2019)\Multiclass_Drone_Audio\unknown\4-250869-B-21.wav,Multiclass_Drone_Audio\unknown\4-250869-B-21.wav,al_emadi,4-250869-B-21,1.0216875,0.017438079375669494,8.463773727416992,0.0007975615562862157,0.11671103635942105,-0.0014097662642598152,-0.1393071100115776,0.1357251361012459,0.027541310105958488,8.601424217224121,0.0015782084172537246,0.14666952417696477,-0.002368401037529111,-0.16943269222974777,0.19165453463792845,0.11084866200612797,9.447728157043457,0.0013991288861747153,0.20947570666164259,-0.0002587805975053925,-0.2443340852856636,0.25482981801033017,0.4713081150763254,10.629708290100098,-0.013042249505163634,0.30619423323577594,-0.013334997929632664,-0.4011533111333847,0.39395528435707144,0.3728638334359186,11.345650672912598,-1.1998019184102126e-05,0.19308101807060893,0.00048087676987051964,-0.25118934512138363,0.2455315083265305
F:\Seminario\Seminario-Clustering\datasets\davi\Al Emadi (2019)\Multiclass_Drone_Audio\unknown\3-142006-A-100.wav,Multiclass_Drone_Audio\unknown\3-142006-A-100.wav,al_emadi,3-142006-A-100,1.0216875,0.2760904560823976,8.95058822631836,0.0049817850813269615,0.2016372584848604,0.002381357306148857,-0.2539181262254715,0.267509984970093,0.33880110951479814,8.880037307739258,-0.005421687681193521,0.22336859004585818,-0.008264206349849701,-0.28469007909297944,0.2774552375078202,0.24772286605437513,9.951255798339844,-0.000100344970321785,0.1360084540962483,-0.0006954717391636223,-0.17557706832885742,0.17494130581617354,0.05884003151169452,10.920012474060059,-1.2602393916474835e-06,0.04703048622647248,0.0006616346363443881,-0.059434001520276065,0.0599384479224682,0.07854553683673465,11.710306167602539,0.0001180188890991366,0.03848823721708774,-5.2498288738433985e-06,-0.046086177974939344,0.047485417127609265
F:\Seminario\Seminario-Clustering\datasets\davi\Al Emadi (2019)\Multiclass_Drone_Audio\bebop_1\mixed_23-bebop_000_.wav,Multiclass_Drone_Audio\bebop_1\mixed_23-bebop_000_.wav,al_emadi,mixed_23-bebop_000,1.024,0.9549431255680386,9.14150619506836,-0.007353682324791382,0.6538640238022273,-0.03293581306934357,-0.8351760506629944,0.8169915080070496,0.009394743549263097,8.952646255493164,0.0017067154219254945,0.06483629778513952,0.0008041838300414383,-0.07699436694383621,0.08219348639249802,0.01156045031020437,9.953182220458984,-0.000716696541038139,0.05122391059267243,-0.0016674530925229192,-0.06571759134531022,0.06445191651582718,0.013219495371277696,10.912769317626953,-0.0004823554371025949,0.03886969075650841,-0.00031554343877360225,-0.04962605834007263,0.04932201877236366,0.010882185201216244,11.838573455810547,6.125444557973918e-05,0.02498150060167445,-3.515161188261118e-05,-0.031644897535443306,0.03168446570634842
F:\Seminario\Seminario-Clustering\datasets\davi\Al Emadi (2019)\Multiclass_Drone_Audio\unknown\5-245040-A-351.wav,Multiclass_Drone_Audio\unknown\5-245040-A-351.wav,al_emadi,5-245040-A-351,1.0216875,0.7802559261703312,9.171956062316895,0.0009153166801304573,0.10149922333100311,-0.008275991305708885,-0.12387936264276504,0.14221468120813371,0.19238025055121383,8.836763381958008,-6.02396061929831e-05,0.050401302614948615,-0.0011105735320597887,-0.06277299001812935,0.06396574527025223,0.014355176198178148,9.760541915893555,-0.00014154083061727866,0.009800002122870612,-0.00025871819525491446,-0.012425620947033167,0.01165004326030612,0.010503883533681492,10.844134330749512,-2.8964099769303207e-05,0.005948357224054245,-3.4377278268493683e-07,-0.007384488545358181,0.007495761895552277,0.002504763546595257,11.912172317504883,-1.5236976975617407e-06,0.002057485513180403,7.609282874909695e-06,-0.0026132042286917566,0.0025985093321651224
F:\Seminario\Seminario-Clustering\datasets\davi\Al Emadi (2019)\Multiclass_Drone_Audio\bebop_1\mixed_17-bebop_004_.wav,Multiclass_Drone_Audio\bebop_1\mixed_17-bebop_004_.wav,al_emadi,mixed_17-bebop_004,0.904,0.5091909586539533,8.208422660827637,0.0012326812112191542,0.11323579303008538,0.0011548688635230064,-0.12866203486919403,0.12817418575286865,0.034895840350581686,8.870159149169922,5.1470954037695e-05,0.02964526132290322,5.130330828251317e-05,-0.03742007911205292,0.035930145531892776,0.09883687344986071,9.697978019714355,-0.0005272194130160105,0.03555285294464016,-7.073637971188873e-05,-0.045158205181360246,0.04528078213334084,0.2061779985832382,10.778457641601562,-0.00019157793601942187,0.03645754876766861,3.360829850862501e-06,-0.04683568850159645,0.04629060477018356,0.15089832896236613,11.720191955566406,-6.0706502672623894e-05,0.02209710422479631,-2.51963570008229e-06,-0.028508495539426804,0.027990547940135002
F:\Seminario\Seminario-Clustering\datasets\davi\Al Emadi (2019)\Multiclass_Drone_Audio\unknown\3-142604-A-244.wav,Multiclass_Drone_Audio\unknown\3-142604-A-244.wav,al_emadi,3-142604-A-244,0.95975,0.9569302320529623,8.969182968139648,0.00023937597198047961,0.010272609603533982,0.000503263741848059,-0.013555621728301048,0.013175645843148232,0.017435639848477767,5.931880950927734,-3.14681248975335e-05,0.0013866462578304751,9.917415354721015e-06,-0.0009252942400053144,0.0008961310959421098,0.014069208322042876,8.308201789855957,6.620809332966606e-06,0.0008873022765963365,1.7805842617235612e-05,-0.0007919585041236132,0.0008728180371690542,0.006476890328776407,10.0880126953125,4.796833847981224e-06,0.00042722752058002464,5.221241508479579e-06,-0.0004626318404916674,0.0004784179385751485,0.005088029447740632,10.668830871582031,-5.510148641052274e-07,0.0002682571119926985,1.2295969327169587e-06,-0.00026966214354615656,0.0002693326416192577
F:\Seminario\Seminario-Clustering\datasets\davi\Al Emadi (2019)\Multiclass_Drone_Audio\unknown\4-90014-A-424.wav,Multiclass_Drone_Audio\unknown\4-90014-A-424.wav,al_emadi,4-90014-A-424,0.95975,0.45502513954974644,8.908748626708984,-0.001909779982467661,0.09372801966289136,-0.0042831688188016415,-0.12004489824175835,0.11700652539730072,0.18306786997187027,8.946178436279297,7.655380380315244e-05,0.05946310719030997,-0.001696282997727394,-0.07207657769322395,0.07622504234313965,0.29992334045135577,9.740482330322266,4.077846837382612e-05,0.05420473567314433,0.0003016088157892227,-0.06599070131778717,0.06952872499823572,0.05671867810081507,10.693305015563965,1.546649415024515e-05,0.016728214090993537,0.00011850659939227626,-0.02035585083067417,0.020056191273033618,0.00526497192621245,11.717599868774414,-4.097685943341314e-06,0.003610426110585891,5.436332867247984e-05,-0.0044781746808439495,0.004511407995596529
F:\Seminario\Seminario-Clustering\datasets\davi\Al Emadi (2019)\Multiclass_Drone_Audio\unknown\3-132601-A-242.wav,Multiclass_Drone_Audio\unknown\3-132601-A-242.wav,al_emadi,3-132601-A-242,0.97525,0.0,-0.0,0.0,0.0,0.0,0.0,0.0,0.0,-0.0,0.0,0.0,0.0,0.0,0.0,0.0,-0.0,0.0,0.0,0.0,0.0,0.0,0.0,-0.0,0.0,0.0,0.0,0.0,0.0,0.0,-0.0,0.0,0.0,0.0,0.0,0.0
F:\Seminario\Seminario-Clustering\datasets\davi\Al Emadi (2019)\Multiclass_Drone_Audio\membo_1\extra_membo_D2_2033.wav,Multiclass_Drone_Audio\membo_1\extra_membo_D2_2033.wav,al_emadi,extra_membo_D2,1.002625,0.916894606661133,9.001392364501953,-0.0001478083430341908,0.027513887661112083,-0.001171342795714736,-0.036136390268802644,0.035024520754814166,0.023686001610446008,8.888754844665527,1.2231194424654494e-05,0.00442224419637646,-8.991853974293917e-05,-0.005728206317871809,0.0058225939981639396,0.016428716660281003,9.921575546264648,-1.3689082067367278e-05,0.002622129195848591,-4.911242285743356e-05,-0.0032544111367315055,0.0034135978436097515,0.022448702487228384,10.844883918762207,-4.058464071288005e-05,0.0021745326646901014,-3.6309018469182774e-05,-0.002813208638690412,0.002675347006879747,0.020541972580911574,11.866661071777344,-2.250421824493931e-06,0.0014737839717950184,-1.845520455390215e-05,-0.0018570866901427507,0.0018925207667052748
F:\Seminario\Seminario-Clustering\datasets\davi\Al Emadi (2019)\Multiclass_Drone_Audio\unknown\1-172649-F-404.wav,Multiclass_Drone_Audio\unknown\1-172649-F-404.wav,al_emadi,1-172649-F-404,0.95975,0.7777903266739423,8.798791885375977,0.0035107312511471356,0.47423491878369267,0.10086635872721672,-0.7320617735385895,0.5369165539741516,0.13936273254891898,8.606485366821289,0.00943676207894254,0.20052434960077875,0.010238466318696737,-0.23527434468269348,0.24884556233882904,0.058363618079241515,9.335761070251465,-0.0011322905731801871,0.09251306035525654,-0.0018303472315892577,-0.10595845431089401,0.10364836975932122,0.013395276945167688,10.517147064208984,-3.994814787625455e-05,0.03145534585777631,-0.0003165863308822736,-0.03756214119493961,0.037397848069667804,0.011088045752729465,11.354103088378906,3.109534717213266e-05,0.020273091812685228,0.000199427995539736,-0.023379332944750787,0.023361593298614033
F:\Seminario\Seminario-Clustering\datasets\davi\Al Emadi (2019)\Multiclass_Drone_Audio\unknown\3-71964-C-42.wav,Multiclass_Drone_Audio\unknown\3-71964-C-42.wav,al_emadi,3-71964-C-42,0.97525,0.0015992511374612437,8.762460708618164,0.0001353579556967805,0.02208043413449825,0.0007142991526052356,-0.026799389533698557,0.027231149002909658,0.016753549515248826,7.120362758636475,-0.0021093452609504144,0.07143673788942304,0.0002055214499705471,-0.06437285058200357,0.05410379990935325,0.316355314719029,8.137611389160156,0.005910082638123341,0.22112623231043088,-0.00015005133172962815,-0.1514202743768692,0.1591246128082277,0.6641046465692371,8.86965274810791,-8.477442976467698e-05,0.22743417434630755,-5.050568142905831e-05,-0.14555148929357528,0.1413118064403534,0.0011872380590238465,9.244341850280762,-5.543333499757954e-05,0.00681166942278351,-2.5089179871429224e-06,-0.0036782592069357634,0.0032870154827833176
F:\Seminario\Seminario-Clustering\datasets\davi\Al Emadi (2019)\Multiclass_Drone_Audio\bebop_1\mixed_55-bebop_004_.wav,Multiclass_Drone_Audio\bebop_1\mixed_55-bebop_004_.wav,al_emadi,mixed_55-bebop_004,0.904,0.8234589117178931,7.820476055145264,-1.0852887010462902e-05,0.23628388304841827,-0.0006647859700024128,-0.2485693097114563,0.2438950389623642,0.02049763915233692,8.721338272094727,-0.0001610423638812673,0.03727872011360062,-0.0004615887883119285,-0.048742953687906265,0.04531789571046829,0.04228143918082305,9.756964683532715,0.000658140029514,0.03815197291446288,0.0003082446928601712,-0.04714278802275658,0.04994465261697769,0.0672941598169308,10.709238052368164,-0.00041004580236030254,0.034172261344172054,-0.0003430693759582937,-0.04299995228648186,0.04374141991138459,0.04646785013201618,11.732965469360352,3.0162412349128482e-05,0.020119380764656233,-1.1000502126989886e-05,-0.025431296788156033,0.0260055148974061
F:\Seminario\Seminario-Clustering\datasets\davi\Al Emadi (2019)\Multiclass_Drone_Audio\membo_1\Membo_2_020-membo_004_.wav,Multiclass_Drone_Audio\membo_1\Membo_2_020-membo_004_.wav,al_emadi,Membo_2_020-membo_004,0.896,0.8897114206655239,7.824114799499512,0.0004064378839183926,0.19983108078167663,0.002598157385364175,-0.19033863842487336,0.19643181860446932,0.019865172584771863,8.808191299438477,-1.5366397145069796e-05,0.029859701733064244,0.0011612105881795287,-0.03715863153338432,0.03973892331123353,0.023177514725301464,9.796005249023438,6.306614997974445e-05,0.02298764845619091,-0.000335604214342311,-0.030266349017620084,0.030520879849791537,0.03114867753931435,10.748939514160156,-8.711210820934429e-05,0.018919200010146738,0.00019699511176440865,-0.024533511325716968,0.024469131976366038,0.03609721448508846,11.699450492858887,-1.6788096930845633e-05,0.014429592319958348,0.00016924605733947828,-0.018130546994507314,0.017857337370514873
F:\Seminario\Seminario-Clustering\datasets\davi\Al Emadi (2019)\Multiclass_Drone_Audio\unknown\4-156993-A-192.wav,Multiclass_Drone_Audio\unknown\4-156993-A-192.wav,al_emadi,4-156993-A-192,0.97525,0.7978802401104866,8.536582946777344,-0.0018368747300619888,0.11746120926585672,0.0021045238245278597,-0.1455454036593437,0.13561803102493283,0.12819750681086817,8.442609786987305,-0.0021444527074217586,0.04704004091829449,-0.0013991495943628252,-0.056847793981432915,0.05554363429546356,0.056699143898169144,9.389303207397461,3.136295301005645e-05,0.022305751676078154,-0.00018393664504401386,-0.02483033463358879,0.024949827045202256,0.014053865257234089,10.42765998840332,4.7394893232906044e-05,0.007880410165749212,-9.659785746407579e-06,-0.00896542500704527,0.008937579579651357,0.003169243923241991,11.456768989562988,-6.823747831343701e-06,0.002650920422101937,-2.5698167519294657e-05,-0.003113554557785392,0.0031337676336988807
F:\Seminario\Seminario-Clustering\datasets\davi\Al Emadi (2019)\Multiclass_Drone_Audio\membo_1\mixed_membo_10-membo_003_.wav,Multiclass_Drone_Audio\membo_1\mixed_membo_10-membo_003_.wav,al_emadi,mixed_membo_10-membo_003,1.024,0.37757847167423403,9.035398483276367,-0.001448380664371124,0.0731590756432656,-0.000783178023993969,-0.09361529350280762,0.09168416261672974,0.30621616916239747,8.942201614379883,-0.0024181183799719137,0.0658523317240503,0.0008455138304270804,-0.08821841329336166,0.07872968912124634,0.177221835808512,9.921079635620117,-0.00046786326142197836,0.03569214953110604,-0.0003227939014323056,-0.04578627273440361,0.04409000873565674,0.0973152184974868,10.910921096801758,-5.2557528296070707e-05,0.018769352279201894,0.0003496950084809214,-0.023668235167860985,0.023503050953149796,0.041668304857369706,11.899214744567871,2.991099918763808e-05,0.008699326979658747,9.117120134760626e-05,-0.010998196434229612,0.011148951482027769
F:\Seminario\Seminario-Clustering\datasets\davi\Al Emadi (2019)\Multiclass_Drone_Audio\unknown\2-73260-A-104.wav,Multiclass_Drone_Audio\unknown\2-73260-A-104.wav,al_emadi,2-73260-A-104,0.95975,0.7942399270722255,8.63753604888916,-0.0010151778620586997,0.13020852830771282,-0.0018094019615091383,-0.15621411800384521,0.15846002101898193,0.11658553313276264,8.092138290405273,-0.0014583252615301225,0.04986702942602312,0.0005736475286539644,-0.055309126153588295,0.05021808668971062,0.058356078061623795,8.892256736755371,0.000371492715583329,0.025134063957902873,0.0005311796558089554,-0.0267745204269886,0.026752999983727932,0.02129182037271518,9.685892105102539,0.00017912507512097514,0.010773776966734086,0.00017652002134127542,-0.010424299258738756,0.010875784792006014,0.00952664136067294,10.292298316955566,-2.2401130440890305e-05,0.005105771142981966,8.650250947539462e-06,-0.004947412572801113,0.004800687218084932
F:\Seminario\Seminario-Clustering\datasets\davi\Al Emadi (2019)\Multiclass_Drone_Audio\unknown\2-154688-A-311.wav,Multiclass_Drone_Audio\unknown\2-154688-A-311.wav,al_emadi,2-154688-A-311,1.0216875,0.7140473707675603,6.925245761871338,-0.0012670498975575976,0.01972216803409232,0.0,-0.019390869326889514,0.013671524543315175,0.012727915642539712,5.301715850830078,4.862708949168267e-05,0.0026380950053163476,0.0,-0.001125819410663098,0.001197984744794667,0.018857671021920965,5.263312339782715,2.8323653423796126e-05,0.0022861336942368816,0.0,-0.0006230747676454484,0.0006502891425043344,0.1334449065818558,4.835331916809082,-7.973681196240838e-06,0.004315203319031505,0.0,-0.0004091897630132734,0.000394220714224503,0.12092213598612322,5.300365924835205,2.6900609761856355e-06,0.002909578047611645,0.0,-0.0002232759681646712,0.00022604128898819916
F:\Seminario\Seminario-Clustering\datasets\davi\Al Emadi (2019)\Multiclass_Drone_Audio\bebop_1\mixed_7-bebop_000_.wav,Multiclass_Drone_Audio\bebop_1\mixed_7-bebop_000_.wav,al_emadi,mixed_7-bebop_000,1.024,0.729792566445613,8.994119644165039,-0.0023950480501660166,0.26091097453781076,0.00716854352504015,-0.34849485754966736,0.31892889738082886,0.03995846039411141,8.95880126953125,-0.0010548175246146625,0.061045052928106414,-0.0018679265631362796,-0.07776831090450287,0.07607964426279068,0.08760406969430332,9.957603454589844,0.00018755300187592994,0.06436843170761217,0.00041976795182563365,-0.08525166511535644,0.08198509663343428,0.0897774632566186,10.934929847717285,-0.0001391147212130981,0.04623848256719315,-0.0004923442029394209,-0.05897906646132469,0.05950423330068589,0.052867440209353744,11.93713092803955,9.21916539663139e-05,0.02513261943896484,0.0002886792499339208,-0.03215394355356693,0.032261867076158524
F:\Seminario\Seminario-Clustering\datasets\davi\Al Emadi (2019)\Multiclass_Drone_Audio\bebop_1\mixed_40-bebop_003_.wav,Multiclass_Drone_Audio\bebop_1\mixed_40-bebop_003_.wav,al_emadi,mixed_40-bebop_003,1.024,0.5906090275867197,8.932997703552246,0.011047312896621177,0.44342852885391454,-0.016623293980956078,-0.5281458497047424,0.6070848703384399,0.06455765995450793,8.83029556274414,-0.00902592190174206,0.14637202050750964,-0.007421575952321291,-0.19870874285697937,0.17244254052639008,0.08363068573861562,9.876520156860352,0.0012427637322578915,0.1188417699438194,0.003333576489239931,-0.14991653561592103,0.15100714862346645,0.11727237004923914,10.830552101135254,9.572455581136196e-05,0.09986582378479282,0.0008670456591062248,-0.12410988062620162,0.12285894155502322,0.1439302566709176,11.791718482971191,0.00021048378623002515,0.07836432340200511,-0.0006098095618654042,-0.09598908573389053,0.0975172370672226
F:\Seminario\Seminario-Clustering\datasets\davi\Al Emadi (2019)\Multiclass_Drone_Audio\unknown\4-186938-A-442.wav,Multiclass_Drone_Audio\unknown\4-186938-A-442.wav,al_emadi,4-186938-A-442,0.97525,0.872768023447222,8.7893705368042,-0.003965455714184111,0.39104171797339854,0.0,-0.5652491569519043,0.49721118509769435,0.03300392045786509,8.377193450927734,-0.0003142943262539012,0.07604577313881644,0.0,-0.0928867757320404,0.08760956376790999,0.04423391782640628,8.959482192993164,-0.0007201147696056848,0.06270401920082845,0.0,-0.06575262099504471,0.06580105721950531,0.04588695085598263,9.174346923828125,9.263896839183612e-05,0.04532311740740686,0.0,-0.03881251104176044,0.037756113335490234,0.004107187412523993,11.055981636047363,2.5637198908903626e-05,0.009605242102843936,0.0,-0.01050955569371581,0.010367176495492458
F:\Seminario\Seminario-Clustering\datasets\davi\Al Emadi (2019)\Multiclass_Drone_Audio\unknown\4-99644-D-42.wav,Multiclass_Drone_Audio\unknown\4-99644-D-42.wav,al_emadi,4-99644-D-42,0.97525,0.6357568546749488,9.021451950073242,-0.00014603568213610043,0.02351846191015454,-0.0020719573367387056,-0.02797248139977455,0.032948213070631026,0.018427149000127235,8.749917030334473,-1.5355994600493668e-05,0.004004032959172461,-3.5386929994274396e-05,-0.004952898947522044,0.005048381304368375,0.11837228551304502,9.90888786315918,-0.0001625061414404028,0.0072266548831257365,-0.00028030425892211497,-0.009560222178697586,0.009197426773607732,0.22680373720398803,10.906392097473145,-3.184250785204495e-06,0.007100302925721329,-1.1356423783581704e-05,-0.009153561759740114,0.00914159631356597,0.0006399736078909233,11.466572761535645,3.2235680241770496e-07,0.0002671739208467884,9.804663250179146e-07,-0.00032127296435646713,0.0003200600331183523
F:\Seminario\Seminario-Clustering\datasets\davi\Al Emadi (2019)\Multiclass_Drone_Audio\unknown\5-262957-A-220.wav,Multiclass_Drone_Audio\unknown\5-262957-A-220.wav,al_emadi,5-262957-A-220,1.0216875,0.07717209763278433,8.982747077941895,-0.0006637058984168329,0.2566985380888335,0.005377066554501653,-0.3400218516588211,0.3363796204328537,0.14096453569469597,8.631560325622559,0.000282797042851626,0.3469361027368291,-0.008442779071629047,-0.4118552505970001,0.4060904979705812,0.3563743699852089,9.827031135559082,0.0073938593570339675,0.3926235298723239,0.01341766957193613,-0.4722059786319733,0.5035078406333924,0.33456638915343995,10.78813648223877,0.0021762918007926266,0.26995239307267493,0.0006867545598652214,-0.3325733721256256,0.33410137891769415,0.09092260753387088,11.74544620513916,-0.00031949264987459044,0.09968277950789185,0.0004307943891035393,-0.1236702173948288,0.12185708954930306
F:\Seminario\Seminario-Clustering\datasets\davi\Al Emadi (2019)\Multiclass_Drone_Audio\unknown\5-156026-A-42.wav,Multiclass_Drone_Audio\unknown\5-156026-A-42.wav,al_emadi,5-156026-A-42,0.97525,0.030733590969484307,7.043026924133301,-0.0018194643910768476,0.02703629379380082,-0.0002964231971418485,-0.018715300038456915,0.01644324604421854,0.15212076960332271,5.211010456085205,-0.0013208001917266068,0.060271459684113585,-3.1790426874067634e-05,-0.004434715723618865,0.005217591486871242,0.8075779977659319,6.183415412902832,0.0002961492176111762,0.09893781326577686,-3.939522139262408e-05,-0.00557361701503396,0.005390217527747155,0.009367007391056923,6.634768486022949,-1.4773767552792242e-05,0.007561385580994365,7.428591572988807e-07,-0.0006088456138968468,0.0006421500118449331,0.0002006342702041321,8.032994270324707,-2.3516580414281868e-07,0.0007839092817284948,7.036132956272922e-07,-0.00019218363740947098,0.00019624988635769114
F:\Seminario\Seminario-Clustering\datasets\davi\Al Emadi (2019)\Multiclass_Drone_Audio\unknown\silence232.wav,Multiclass_Drone_Audio\unknown\silence232.wav,al_emadi,silence232,1.1145625,0.0,-0.0,0.0,0.0,0.0,0.0,0.0,0.0,-0.0,0.0,0.0,0.0,0.0,0.0,0.0,-0.0,0.0,0.0,0.0,0.0,0.0,0.0,-0.0,0.0,0.0,0.0,0.0,0.0,0.0,-0.0,0.0,0.0,0.0,0.0,0.0
F:\Seminario\Seminario-Clustering\datasets\davi\Al Emadi (2019)\Multiclass_Drone_Audio\unknown\silence276.wav,Multiclass_Drone_Audio\unknown\silence276.wav,al_emadi,silence276,1.1145625,0.0,-0.0,0.0,0.0,0.0,0.0,0.0,0.0,-0.0,0.0,0.0,0.0,0.0,0.0,0.0,-0.0,0.0,0.0,0.0,0.0,0.0,0.0,-0.0,0.0,0.0,0.0,0.0,0.0,0.0,-0.0,0.0,0.0,0.0,0.0,0.0
F:\Seminario\Seminario-Clustering\datasets\davi\Al Emadi (2019)\Multiclass_Drone_Audio\unknown\5-233260-A-232.wav,Multiclass_Drone_Audio\unknown\5-233260-A-232.wav,al_emadi,5-233260-A-232,0.97525,0.9219451677630888,8.903345108032227,0.0031568484227828303,0.09313471079860323,9.092679829336703e-05,-0.11337373033165932,0.12496735528111458,0.05908457465463955,7.9883623123168945,-0.0006708156575299683,0.023581411505229702,-0.0008049274038057774,-0.0250654149800539,0.023311175592243664,0.0166622216841713,9.007270812988281,4.784010160180883e-05,0.008923164481569237,0.00010050700802821666,-0.00945632830262184,0.009230213984847076,0.0017183095013092633,10.474486351013184,1.2617491913766077e-05,0.002033437223289576,7.3540827543183696e-06,-0.0022168686846271157,0.002326119015924633,0.0005897263967911047,11.238037109375,-2.342722955376728e-06,0.0008438661217710562,-6.677205647065421e-06,-0.0009355405054520816,0.0009249475260730833
F:\Seminario\Seminario-Clustering\datasets\davi\Al Emadi (2019)\Multiclass_Drone_Audio\unknown\2-79769-A-260.wav,Multiclass_Drone_Audio\unknown\2-79769-A-260.wav,al_emadi,2-79769-A-260,1.0216875,0.7880982807996003,8.350948333740234,0.01103691179061487,0.7191406623702641,0.005510872229933739,-0.8360311329364776,0.8771492600440983,0.17976042424380792,7.9638471603393555,-0.0001894389986787489,0.34349605952217577,0.001401902991347015,-0.336106076836586,0.40620265007019063,0.02029419872136327,8.806398391723633,0.0004463475588266929,0.0821598599104528,0.0012606102973222733,-0.08539762794971466,0.07919054999947546,0.009007408106318442,9.314453125,0.00020999994372849132,0.03883593569843834,-1.6283854165521916e-05,-0.034384563192725176,0.03386589512228967,0.002839688128910012,9.96874713897705,-5.0251142449545144e-05,0.01544541307752186,-4.7590077883796766e-05,-0.01193084269762039,0.012076812982559205
F:\Seminario\Seminario-Clustering\datasets\davi\Al Emadi (2019)\Multiclass_Drone_Audio\bebop_1\B_S2_D1_121-bebop_001_.wav,Multiclass_Drone_Audio\bebop_1\B_S2_D1_121-bebop_001_.wav,al_emadi,B_S2_D1_121-bebop_001,1.024,0.7755933343841274,8.392617225646973,0.001215357598277641,0.3733295762658051,0.005633726250380278,-0.43937450647354126,0.4163249433040619,0.015163842503389625,8.75045394897461,0.0007753195138911776,0.05219565915783882,0.0014063557609915733,-0.06215223670005798,0.06384860724210739,0.05765077453446717,9.958062171936035,0.0022442641620578786,0.07243919769408082,0.0008542852592654526,-0.08929937481880187,0.09811662435531615,0.0899709000426034,10.909721374511719,-0.00024225325789045446,0.0642445886008365,-0.00022909305698703974,-0.08272415846586227,0.08131074458360672,0.06162114853541245,11.901596069335938,0.00015210825277140572,0.03765950821628434,0.00021750071755377576,-0.04758615791797638,0.049033667892217636
F:\Seminario\Seminario-Clustering\datasets\davi\Al Emadi (2019)\Multiclass_Drone_Audio\unknown\2-72547-C-142.wav,Multiclass_Drone_Audio\unknown\2-72547-C-142.wav,al_emadi,2-72547-C-142,0.97525,0.22227835372341176,8.745222091674805,-0.0002522960596561751,0.01844009174197633,6.0843860410386696e-05,-0.023083303682506086,0.021504323370754717,0.10961050019890996,8.531597137451172,2.9129448531655256e-05,0.012950308262454288,4.8934183723758906e-05,-0.014595023076981304,0.01574810296297073,0.012732062463888106,9.49755859375,-9.042494138698146e-05,0.003142498620553358,-6.04600427323021e-05,-0.003932783752679825,0.003712228080257774,0.23088431347417068,10.005377769470215,0.00019886983552771113,0.00949811111574585,0.00010685319648473524,-0.009959987271577118,0.010767970699816942,0.4244947701396195,10.78808307647705,-5.423411768563542e-06,0.009124998497554443,-2.6282078579242807e-05,-0.009256049524992704,0.009303501341491938
F:\Seminario\Seminario-Clustering\datasets\davi\Al Emadi (2019)\Multiclass_Drone_Audio\unknown\3-105235-A-72.wav,Multiclass_Drone_Audio\unknown\3-105235-A-72.wav,al_emadi,3-105235-A-72,0.97525,0.14780324176370135,8.864017486572266,0.00022857524118534458,0.041981133721949844,0.0011126147583127022,-0.05402153134346008,0.05252489298582077,0.010987151599567608,8.6144380569458,0.0002756336034481192,0.01144287721398246,-0.00013820711683365516,-0.013316985871642827,0.014231509342789645,0.005690002805740196,9.248611450195312,0.00013861386994604697,0.0058654853544518205,2.8643808036576957e-05,-0.006170622445642948,0.00666799554601312,0.1657387477121003,10.05038070678711,-0.00025216197994218354,0.022468980748095998,-2.6549775611783843e-05,-0.022678678855299946,0.023446073755621917,0.6697808561188906,10.664501190185547,-1.1948674777938344e-05,0.03199827455670523,6.483618562924676e-05,-0.029453936032950878,0.02959794271737337
F:\Seminario\Seminario-Clustering\datasets\davi\Al Emadi (2019)\Multiclass_Drone_Audio\unknown\2-109371-A-162.wav,Multiclass_Drone_Audio\unknown\2-109371-A-162.wav,al_emadi,2-109371-A-162,0.97525,0.9494612921131448,8.952885627746582,-0.00934677595416756,0.652858416152916,0.008599474094808102,-0.8650912702083587,0.8595504581928253,0.02922240185610109,8.924203872680664,0.0008891083593562779,0.1145433186001042,0.0016690546181052923,-0.14592757374048232,0.14800225049257276,0.016567872443525807,9.84941577911377,0.0007842998195190352,0.061428961854446046,-0.0007896547904238105,-0.07597425878047943,0.08051003962755204,0.004419091515540614,10.856485366821289,-6.614436047967001e-05,0.022514876979776062,4.019468906335533e-05,-0.0289429098367691,0.028413883224129678,0.00032934207168765407,11.871488571166992,8.946488798023333e-06,0.004354007349029489,-1.551010791445151e-05,-0.005551364738494158,0.005617802496999502
F:\Seminario\Seminario-Clustering\datasets\davi\Al Emadi (2019)\Multiclass_Drone_Audio\membo_1\mixed_membo_54-membo_001_.wav,Multiclass_Drone_Audio\membo_1\mixed_membo_54-membo_001_.wav,al_emadi,mixed_membo_54-membo_001,1.024,0.7043790632801279,9.085826873779297,-0.0065647817319265415,0.25840454584837946,-0.017706701532006264,-0.33389195799827576,0.3358938694000244,0.10149671188376501,8.831311225891113,0.00020165783353080663,0.09812102821026861,0.002422439632937312,-0.11766834557056427,0.11799174547195435,0.040767889241369405,9.720458984375,0.0006121936828802592,0.04427477295844824,0.0007751336088404059,-0.052534759789705274,0.053355145454406734,0.015654613706695394,10.924161911010742,1.8454623008475917e-05,0.01947013310838554,-6.679185025859624e-05,-0.02469629719853401,0.025008362531661988,0.1377017218880423,12.126169204711914,3.6584486282199696e-05,0.04090177231732078,-0.00022058621107134968,-0.05413226969540119,0.05350446701049805
F:\Seminario\Seminario-Clustering\datasets\davi\Al Emadi (2019)\Multiclass_Drone_Audio\unknown\1-260640-B-23.wav,Multiclass_Drone_Audio\unknown\1-260640-B-23.wav,al_emadi,1-260640-B-23,1.0216875,0.14877949595367487,7.850625991821289,0.0012032106147595214,0.12205376149471318,0.0014503251295536757,-0.11848608925938606,0.12269040569663048,0.07790243201161436,6.706287860870361,0.0006320413507904862,0.08832123730917057,-0.0009815539815463126,-0.059219594672322275,0.06320983693003655,0.30036856481453716,7.030352592468262,0.0019251485333962913,0.12344699895248702,-0.0004415916628204286,-0.05592114105820656,0.06004964224994182,0.3747631881556184,8.716530799865723,-0.002116614719808692,0.09782345018613041,-2.266075398438261e-05,-0.06614945232868194,0.06473389267921448,0.09818631906455527,8.453279495239258,-6.805616511141059e-06,0.03547463506359073,9.189824140776182e-06,-0.020169906318187714,0.020173650421202182
F:\Seminario\Seminario-Clustering\datasets\davi\Al Emadi (2019)\Multiclass_Drone_Audio\bebop_1\B_S2_D1_090-bebop_003_.wav,Multiclass_Drone_Audio\bebop_1\B_S2_D1_090-bebop_003_.wav,al_emadi,B_S2_D1_090-bebop_003,1.024,0.7041657381960474,8.183938026428223,0.0013181279687770066,0.3168413313990343,-0.008703187108039856,-0.3216004967689514,0.3085348606109619,0.01950564640348604,8.985933303833008,-0.0009965761564299889,0.05272429008165002,0.0008083267020992935,-0.07021613419055939,0.06493721902370453,0.06674762857271943,9.986542701721191,-0.003270184162152132,0.06938185361928156,-0.004681437276303768,-0.08811457455158234,0.08617442548274994,0.12367932907580394,10.92777156829834,-0.00010279750204160222,0.06709143910178691,0.00028301289421506226,-0.08664127886295318,0.0869228318333626,0.08590165775194318,11.917177200317383,0.00015823180738073895,0.03960418223947637,0.000111314860987477,-0.0502554252743721,0.051131103187799454
F:\Seminario\Seminario-Clustering\datasets\davi\Al Emadi (2019)\Multiclass_Drone_Audio\bebop_1\mixed_33-bebop_002_.wav,Multiclass_Drone_Audio\bebop_1\mixed_33-bebop_002_.wav,al_emadi,mixed_33-bebop_002,1.024,0.39032219234154986,9.101791381835938,-0.003267405393861166,0.20426918717613043,-0.0004537635250017047,-0.27236121892929077,0.26757267117500305,0.11477923908366484,8.93398380279541,0.002898922843854058,0.11074642737914768,0.0022466129157692194,-0.14061419665813446,0.14596344530582428,0.1283342305172451,9.935590744018555,0.002223197495975136,0.08338067898573247,0.001520165242254734,-0.10668045580387116,0.11012259423732755,0.19577595885708485,10.954183578491211,-6.0659546756076107e-05,0.07310334428240813,-0.000494007661473006,-0.09381965696811675,0.09381118565797807,0.17078837920045534,11.952526092529297,-0.0001915321177350558,0.04836243240052205,-0.0001787007277016528,-0.06208812817931175,0.061603594571352005
F:\Seminario\Seminario-Clustering\datasets\davi\Al Emadi (2019)\Multiclass_Drone_Audio\unknown\4-186936-A-440.wav,Multiclass_Drone_Audio\unknown\4-186936-A-440.wav,al_emadi,4-186936-A-440,1.0216875,0.9025320940433604,8.550244331359863,0.009218890229257834,0.4974190413573493,0.01813905779272318,-0.5278897941112518,0.5244740664958953,0.03019159637066315,8.22452449798584,-0.0015687236989986504,0.09097962575587029,-0.0007777374121360481,-0.1042787380516529,0.09016073048114782,0.03503507863693598,8.590621948242188,0.0002887166240442264,0.06977805365368628,-0.0002407786887488328,-0.06632443070411682,0.06758031696081161,0.029930723158287736,9.026854515075684,-0.00037370825752634985,0.04575886141126093,-5.537635297514498e-05,-0.03412775434553623,0.03395090289413929,0.002310507790752719,11.314245223999023,2.0279346224912005e-05,0.009005545195375242,4.221031122142449e-05,-0.00986109273508191,0.010058932937681675
F:\Seminario\Seminario-Clustering\datasets\davi\Al Emadi (2019)\Multiclass_Drone_Audio\unknown\3-155584-A-141.wav,Multiclass_Drone_Audio\unknown\3-155584-A-141.wav,al_emadi,3-155584-A-141,1.0216875,0.7815838325890153,8.946067810058594,-0.0003695341976486566,0.05868934448386997,-0.0009378298709634691,-0.07767099291086196,0.07484159097075464,0.04080378746061392,8.895362854003906,-0.00026474805249871445,0.013407433409111403,-0.0008509164908900857,-0.017061972245573997,0.016530145704746247,0.013503602676543627,9.697341918945312,5.7539163094368833e-05,0.005491442634379237,5.1008608352276497e-05,-0.006635765079408883,0.006838357541710137,0.0789631557596523,10.545209884643555,-0.00010797245663228575,0.009421699388317472,-9.622195284464397e-05,-0.011386715434491634,0.011164389178156854,0.08514562151417478,10.781585693359375,2.399443023731086e-06,0.006930314471365512,5.2170073104207404e-05,-0.007060771947726608,0.007017561979591846
F:\Seminario\Seminario-Clustering\datasets\davi\Al Emadi (2019)\Multiclass_Drone_Audio\bebop_1\B_S2_D1_071-bebop_003_.wav,Multiclass_Drone_Audio\bebop_1\B_S2_D1_071-bebop_003_.wav,al_emadi,B_S2_D1_071-bebop_003,1.024,0.7636406040230213,7.49215841293335,-0.0038337621918686053,0.3774744937226787,-0.008297904394567013,-0.3142789900302887,0.30307555198669434,0.015480896993180998,8.947585105895996,-0.0005124405355106988,0.053745715366075544,-0.0005198446451686323,-0.07166052609682083,0.06584319472312927,0.0536569863430015,9.931836128234863,-0.0014391729437363144,0.0712347241962984,-0.00034084662911482155,-0.09214704334735871,0.08760247677564621,0.09629097164130909,10.94827938079834,-0.000881407230934531,0.06772241884361695,-0.0015618650941178203,-0.08630276769399643,0.0878119021654129,0.07093054099948715,11.916531562805176,-1.446605225256958e-05,0.041173493730982315,-0.0001489218047936447,-0.05155123211443424,0.05271453224122524
F:\Seminario\Seminario-Clustering\datasets\davi\Al Emadi (2019)\Multiclass_Drone_Audio\bebop_1\B_S2_D1_113-bebop_004_.wav,Multiclass_Drone_Audio\bebop_1\B_S2_D1_113-bebop_004_.wav,al_emadi,B_S2_D1_113-bebop_004,0.896,0.3309859424810238,8.434981346130371,0.009152917287966087,0.15248558564895745,0.0025809085927903652,-0.17173125147819518,0.18533613979816438,0.036274441104606994,8.736084938049316,-0.000171169308933523,0.05057115543386187,-0.0015205604722723365,-0.06432760953903198,0.06564035713672639,0.12507149942406606,9.775032043457031,0.0016644384066606982,0.06690725359566987,0.001452556112781167,-0.08423569202423095,0.08773509711027146,0.30195910894987,10.784419059753418,0.00032783417261829915,0.07382832168955575,-0.00021533292601816356,-0.09433505833148956,0.09568989723920822,0.20570900804043316,11.765380859375,5.536959392565334e-05,0.04317272309296838,0.0003323032724438235,-0.05535928644239903,0.05523696094751359
F:\Seminario\Seminario-Clustering\datasets\davi\Al Emadi (2019)\Multiclass_Drone_Audio\bebop_1\mixed_1-bebop_002_.wav,Multiclass_Drone_Audio\bebop_1\mixed_1-bebop_002_.wav,al_emadi,mixed_1-bebop_002,1.024,0.1408505954801358,9.137779235839844,0.0095455437781999,0.1418019732508981,0.0035509392619132996,-0.17268429696559906,0.20223258435726166,0.5521794787897488,8.266233444213867,0.0003897203816214823,0.28140020773538854,0.00919224601238966,-0.3119264543056488,0.30001628398895264,0.19463729684061606,9.22853946685791,-0.0001023315299025116,0.11895954195256377,0.0003136307350359857,-0.13251931369304656,0.12774793505668638,0.08801279487949192,10.676078796386719,-0.000427693659329048,0.0567618060109525,-0.000804333365522325,-0.06819348484277725,0.0688164383172989,0.024319834010007355,11.919397354125977,-3.5013041775579535e-05,0.02113489056636378,0.0001506259577581659,-0.02727566286921501,0.02660283539444208
F:\Seminario\Seminario-Clustering\datasets\davi\Al Emadi (2019)\Multiclass_Drone_Audio\unknown\2-151079-A-203.wav,Multiclass_Drone_Audio\unknown\2-151079-A-203.wav,al_emadi,2-151079-A-203,1.0216875,0.022992463060116847,7.327805995941162,-0.0007090597574196262,0.03170585487560277,-0.0002245960640721023,-0.026023261807858942,0.026265517994761473,0.37290173680724775,8.076400756835938,0.0017718060272283265,0.12770582696503124,-7.046552309475373e-05,-0.13630970269441606,0.14259735345840455,0.5687896229314527,8.996339797973633,-0.00035013604070123695,0.11228826783170777,-1.500589496572502e-05,-0.11874366849660874,0.1160217978060245,0.012242103549912493,8.264554977416992,-5.219506859595942e-06,0.011688228631431038,1.0365335469941783e-06,-0.006484692776575684,0.007176928548142324,0.023074073651270174,9.363341331481934,-7.854891402869226e-07,0.011366039918610281,-3.1409468874699087e-06,-0.00706060854718089,0.007204624451696873
F:\Seminario\Seminario-Clustering\datasets\davi\Al Emadi (2019)\Multiclass_Drone_Audio\bebop_1\mixed_11-bebop_004_.wav,Multiclass_Drone_Audio\bebop_1\mixed_11-bebop_004_.wav,al_emadi,mixed_11-bebop_004,0.904,0.8694508720068305,8.819398880004883,-0.012227051922897423,0.41076720737031597,-0.01051086001098156,-0.5477826595306396,0.5207619071006775,0.027674916050845724,8.839733123779297,0.002587428367276713,0.07327200870367238,0.0005825247499160469,-0.0918583869934082,0.09900045394897461,0.03109282363130211,9.772212028503418,-0.0007739706756331157,0.05537922152906772,-0.0013134534237906337,-0.07074377089738845,0.0711394190788269,0.04143933267902832,10.652462005615234,-0.00024120814212793933,0.04539092175834718,7.774454570608214e-05,-0.05732224583625793,0.05505831688642502,0.03034205563199339,11.628520965576172,0.00016336860346179762,0.02751731594373916,8.398618547289516e-06,-0.03384535573422909,0.034739699214696884
F:\Seminario\Seminario-Clustering\datasets\davi\Al Emadi (2019)\Multiclass_Drone_Audio\membo_1\Membo_0_003-membo_004_.wav,Multiclass_Drone_Audio\membo_1\Membo_0_003-membo_004_.wav,al_emadi,Membo_0_003-membo_004,0.896,0.7204219486714145,8.38852310180664,-0.0020801454175436184,0.10653636782793877,-0.0027759026270359755,-0.11650709658861161,0.11319044083356872,0.060458263893679955,8.91806411743164,0.00038319896172365336,0.030866085977226423,0.0005691786645911634,-0.040321513265371325,0.039175947010517125,0.05459727839143972,9.825902938842773,0.0005550176692054202,0.020899841249598462,0.0009921316523104906,-0.026975921913981436,0.02684677429497243,0.08020813339074116,10.745759010314941,-0.0003448567044208034,0.017987251051024097,-0.0005981757421977818,-0.022880896180868148,0.022661904618144033,0.08431437565272468,11.659317016601562,-2.0627015065459914e-05,0.013068194839307155,3.7089446777827106e-05,-0.016451452486217023,0.0164986500516534
F:\Seminario\Seminario-Clustering\datasets\davi\Al Emadi (2019)\Multiclass_Drone_Audio\unknown\1-67152-A-170.wav,Multiclass_Drone_Audio\unknown\1-67152-A-170.wav,al_emadi,1-67152-A-170,1.0216875,0.057250702273387924,8.440826416015625,3.883877300944982e-05,0.011631432669928263,0.0002860285167116672,-0.013705117162317038,0.013295325916260481,0.3811252441573006,7.59006404876709,0.0005413260435895646,0.03000602195554629,-0.00013341361773200333,-0.02845454718917608,0.02644962016493083,0.18887214309063058,8.379972457885742,0.00021762351837006555,0.015037965107036186,0.00015900855214567855,-0.012432994320988653,0.014631305914372202,0.16244313064496804,9.118969917297363,-2.674963525170328e-05,0.009896001633569858,-6.86559833411593e-05,-0.0075525224674493074,0.007605756539851433,0.21030877983371288,8.119977951049805,-2.6003929592447288e-05,0.00797559980183727,-7.308124622795731e-06,-0.0034553723875433203,0.0034642732236534364
F:\Seminario\Seminario-Clustering\datasets\davi\Al Emadi (2019)\Multiclass_Drone_Audio\membo_1\mixed_membo_33-membo_001_.wav,Multiclass_Drone_Audio\membo_1\mixed_membo_33-membo_001_.wav,al_emadi,mixed_membo_33-membo_001,1.024,0.5955288312071474,9.046405792236328,-0.0032874122935736714,0.2381840926275315,-0.007928380742669106,-0.30498430132865906,0.3091636002063751,0.099166669325282,8.959754943847656,-0.003378460513958064,0.09714559304163392,-0.0016515194438397884,-0.1273089349269867,0.122646763920784,0.08165099726407055,9.959176063537598,-0.0008653611381845901,0.06279772827967828,0.0002972730144392699,-0.08230557590723038,0.07853560745716094,0.11442461985094263,10.919488906860352,-0.0010066939753643415,0.05274658073844041,-0.0007529780268669128,-0.0672456979751587,0.06595492959022523,0.10922888235255744,11.959258079528809,0.00012030735488868802,0.03650939987785012,-0.00026622296718414873,-0.04642297513782978,0.0468545313924551
F:\Seminario\Seminario-Clustering\datasets\davi\Al Emadi (2019)\Multiclass_Drone_Audio\membo_1\extra_membo_D2_2010.wav,Multiclass_Drone_Audio\membo_1\extra_membo_D2_2010.wav,al_emadi,extra_membo_D2,1.0026875,0.9077350763119871,9.07608699798584,0.0008646848053915281,0.030714885897996192,0.0015931952511891723,-0.041717614978551865,0.042355238646268854,0.018259008085465257,8.99015998840332,-5.36871651219344e-05,0.004357596422027703,-7.602805271744728e-05,-0.005493307113647461,0.0056796630844473854,0.039405650759597094,9.877754211425781,-3.4519318516177813e-06,0.004558061355492351,7.251845272548962e-05,-0.005787785118445754,0.005529950372874738,0.02001283062874275,10.695058822631836,3.297834640921974e-05,0.0023046161426501775,1.7470452803536318e-05,-0.0027584342285990717,0.002906284481287003,0.014587434214207804,11.782234191894531,3.674475363601915e-06,0.00139385326391534,-1.427388360752957e-05,-0.001724488683976233,0.001758528407663107
F:\Seminario\Seminario-Clustering\datasets\davi\Al Emadi (2019)\Multiclass_Drone_Audio\membo_1\Membo_0_006-membo_003_.wav,Multiclass_Drone_Audio\membo_1\Membo_0_006-membo_003_.wav,al_emadi,Membo_0_006-membo_003,1.024,0.3016075305883031,9.456193923950195,7.929666614475404e-05,0.07145498671290981,0.0018422662978991866,-0.09628718346357346,0.09177820384502411,0.058465622083910325,8.94102954864502,0.00012015650967048742,0.031460008848513216,0.0009621967910788953,-0.04110954329371452,0.04005621373653412,0.15880987062316407,9.860214233398438,0.0009127220449602757,0.0369079070016495,0.0005843037506565452,-0.04660249352455139,0.04772388041019439,0.23687457678980003,10.814460754394531,4.350518304603746e-05,0.03199495365952618,0.000694931426551193,-0.03893556445837021,0.039362936466932306,0.24424239991482244,11.881729125976562,3.331590843547104e-05,0.023012161157688664,2.7650964966596803e-06,-0.029102660715579987,0.029202474281191826
F:\Seminario\Seminario-Clustering\datasets\davi\Al Emadi (2019)\Multiclass_Drone_Audio\unknown\5-260875-A-352.wav,Multiclass_Drone_Audio\unknown\5-260875-A-352.wav,al_emadi,5-260875-A-352,0.97525,0.8617365420246463,8.942937850952148,0.014013281421891103,0.6043553589684325,0.003773966687731445,-0.7709565877914428,0.8069563388824462,0.10979071233327385,8.879914283752441,0.00571902208720641,0.21570095312343654,0.00888476287946105,-0.2694236278533936,0.2705093055963516,0.022704772478040543,9.928155899047852,0.00014258491286501005,0.06989237790352684,0.0005602914025075734,-0.08938844799995423,0.09181726574897767,0.004922946007955941,10.866876602172852,9.182233151230039e-05,0.023094630629693552,2.0274603684811154e-06,-0.029100638628005982,0.028967637196183206,0.0008450271560833164,11.877840042114258,2.0570767746201916e-06,0.006777955950476665,1.2210867680551019e-05,-0.008744961116462946,0.008704239968210459
F:\Seminario\Seminario-Clustering\datasets\davi\Al Emadi (2019)\Multiclass_Drone_Audio\membo_1\Membo_0_038-membo_002_.wav,Multiclass_Drone_Audio\membo_1\Membo_0_038-membo_002_.wav,al_emadi,Membo_0_038-membo_002,1.024,0.6386204216276661,8.920531272888184,-0.0037206466307081695,0.09645300470620369,0.000781772832851857,-0.1123030036687851,0.10886974632740021,0.05385928854862424,9.157957077026367,0.00011332694861894898,0.02803134851584246,0.00047499421634711325,-0.03685599938035011,0.03822319209575653,0.05963361394552075,9.93419075012207,0.00014872131422759155,0.021001659367265363,9.414158557774499e-05,-0.02680970951914787,0.02746416851878166,0.10361245510867843,10.942996978759766,0.00047542441661074027,0.019638436956754525,0.0004212730855215341,-0.023914436250925063,0.02553794085979462,0.14427422076951046,11.907029151916504,-2.9344808512361673e-06,0.016419018791496546,7.311498848139308e-06,-0.02059106156229973,0.02098823059350252
F:\Seminario\Seminario-Clustering\datasets\davi\Al Emadi (2019)\Multiclass_Drone_Audio\unknown\3-146186-A-441.wav,Multiclass_Drone_Audio\unknown\3-146186-A-441.wav,al_emadi,3-146186-A-441,1.0216875,0.9880311287793554,9.0089750289917,-0.004920250402732604,0.8748912159612848,0.07797065749764442,-1.176639187335968,1.0851360082626345,0.0035991549985043476,8.837284088134766,-0.0005541925265267747,0.05280219341904323,-0.00015463088493561372,-0.06649399921298027,0.06664681732654572,0.003407362969621155,9.622669219970703,-6.347662159469092e-05,0.03657543682062184,-0.0003716839128173888,-0.043555895984172824,0.042511184886097904,0.0029619195332875885,10.256214141845703,7.496170918029225e-05,0.024194997040325884,1.018046350509394e-05,-0.026535881869494914,0.026021257601678376,0.0020004337192314676,11.399473190307617,5.468501021631451e-06,0.014084109114554098,1.0217316912530805e-06,-0.01614477448165417,0.015607053600251677
F:\Seminario\Seminario-Clustering\datasets\davi\Al Emadi (2019)\Multiclass_Drone_Audio\membo_1\extra_membo_D2_2015.wav,Multiclass_Drone_Audio\membo_1\extra_membo_D2_2015.wav,al_emadi,extra_membo_D2,1.002625,0.9107392850262529,9.098161697387695,-0.00033035207653316615,0.034072711746306265,-8.189266372937709e-05,-0.04396325498819351,0.044280586391687395,0.019306192320241018,9.01470947265625,2.7082456121643262e-05,0.004961030834386504,0.00031560921343043447,-0.006446265801787377,0.006694068573415281,0.03242029427959257,9.969093322753906,1.0127742090644056e-05,0.0045771714142575255,2.153950208594324e-05,-0.005821437900885939,0.005887280777096749,0.021968262436926428,10.909306526184082,1.0086262856246448e-05,0.002673451208387024,-1.5565122339467052e-05,-0.0033883524825796484,0.003368320013396442,0.015565965936987142,11.879766464233398,-1.8546164867386058e-06,0.0015941624598714299,-1.2160729966126382e-05,-0.0020124401431530713,0.0020263260230422024
F:\Seminario\Seminario-Clustering\datasets\davi\Al Emadi (2019)\Multiclass_Drone_Audio\bebop_1\B_S2_D1_096-bebop_000_.wav,Multiclass_Drone_Audio\bebop_1\B_S2_D1_096-bebop_000_.wav,al_emadi,B_S2_D1_096-bebop_000,1.024,0.9216468733410391,8.02971076965332,0.023022376304380702,0.6062754268463504,0.008905180729925632,-0.6131483316421509,0.6413477659225464,0.011426892623372206,7.488478660583496,-0.00022613525498871312,0.06755573703774219,-0.0019797785207629204,-0.06511542946100235,0.06747494637966156,0.01620174635162061,9.857828140258789,0.00011755010441559543,0.057277270016964116,0.0005750195123255253,-0.07072404325008393,0.07408342808485031,0.02857346688784149,10.885429382324219,6.289185187215069e-05,0.05397500728478649,0.000348707806551829,-0.06881682872772217,0.06863735467195511,0.02215102079612654,11.841126441955566,7.09436282906195e-05,0.033661393099547965,0.000501319591421634,-0.0417359285056591,0.04183313995599747
F:\Seminario\Seminario-Clustering\datasets\davi\Al Emadi (2019)\Multiclass_Drone_Audio\bebop_1\B_S2_D1_067-bebop_002_.wav,Multiclass_Drone_Audio\bebop_1\B_S2_D1_067-bebop_002_.wav,al_emadi,B_S2_D1_067-bebop_002,1.024,0.7633148611432414,7.926987171173096,-0.005766302776997789,0.3183709848535186,-0.007007966283708811,-0.3159507215023041,0.30381104350090027,0.009372683789868363,8.721946716308594,0.0004560411545319184,0.0352816215268272,0.0008009703014977276,-0.042618151754140854,0.04375145956873894,0.0524373137235113,9.961556434631348,0.002047640692630476,0.05939047503181117,0.0008479693788103759,-0.07419201582670212,0.07745715379714964,0.09656425314761476,10.917505264282227,0.0014493566713194377,0.05720481788684803,0.0018924769246950746,-0.07250220477581024,0.07427660375833513,0.07831088819576415,11.959317207336426,7.594077800674771e-07,0.036500558003459575,-0.00035688896605279297,-0.04704594984650612,0.04710637405514717
F:\Seminario\Seminario-Clustering\datasets\davi\Al Emadi (2019)\Multiclass_Drone_Audio\membo_1\Membo_2_028-membo_002_.wav,Multiclass_Drone_Audio\membo_1\Membo_2_028-membo_002_.wav,al_emadi,Membo_2_028-membo_002,1.024,0.9268174162952323,8.34329891204834,-0.02199168262259878,0.5052620571105413,-0.0181675273925066,-0.5706231594085693,0.5592674612998962,0.018976157068360918,6.755154132843018,-0.0014332624159448895,0.07235182628475875,-0.00048601458547636867,-0.04220231994986534,0.045826323330402374,0.029080815043268843,7.102665424346924,0.0002370076986835666,0.06378705786176202,-0.0010627431329339743,-0.044463681429624556,0.046228306740522376,0.014241482531693996,9.606668472290039,-0.00022426569408307728,0.03167438622475621,-0.000288879411527887,-0.03161448836326599,0.03177981451153755,0.010884129061443922,11.777029991149902,8.412317856489425e-06,0.019613854734462813,-1.0649937394191511e-05,-0.024050302803516388,0.024440946988761425
F:\Seminario\Seminario-Clustering\datasets\davi\Al Emadi (2019)\Multiclass_Drone_Audio\unknown\4-188033-A-382.wav,Multiclass_Drone_Audio\unknown\4-188033-A-382.wav,al_emadi,4-188033-A-382,0.97525,0.1444402810919834,5.021518230438232,-0.0021969449136649212,0.019958573295913426,-4.2087606288987445e-08,-9.541466897644567e-06,7.648614428035216e-06,0.1462352946197177,3.4366214275360107,0.0003093996181912996,0.02020113428831433,3.7307918532292206e-08,-7.839744648663326e-06,8.579212135373379e-06,0.4572702126335436,4.357041358947754,9.561131477004989e-05,0.025446864586418764,-1.7114693993611207e-12,-8.74901634233538e-06,8.803174205240802e-06,0.2110690231216733,4.806135177612305,8.729764794658575e-05,0.012268230107962349,0.0,-8.722992697585138e-06,9.194905578624458e-06,0.040985188533082,5.429975986480713,2.0984153736286478e-07,0.0038296195272619874,0.0,-2.848333679139614e-06,2.8052272682543844e-06
F:\Seminario\Seminario-Clustering\datasets\davi\Al Emadi (2019)\Multiclass_Drone_Audio\bebop_1\mixed_33-bebop_001_.wav,Multiclass_Drone_Audio\bebop_1\mixed_33-bebop_001_.wav,al_emadi,mixed_33-bebop_001,1.024,0.4951821374907065,9.061087608337402,-0.0022151977201575034,0.21308651690684371,-0.007092880550771952,-0.26125675439834595,0.2787523865699768,0.1049877805658788,8.99594497680664,-0.0032574750020614666,0.09806789729243685,-0.004357390571385622,-0.12791769206523895,0.1261388659477234,0.10165374500431702,9.97638988494873,-0.0012951960957798818,0.06873584196111654,-0.0007472113939002156,-0.09276263862848282,0.08804237395524978,0.15739838699650238,10.940916061401367,-0.002115899568007763,0.06066581303990574,-0.0017503486014902592,-0.07941041439771652,0.07448270916938783,0.1407779499425953,11.965311050415039,7.792242154106742e-05,0.040662968196095585,-8.347622133442201e-05,-0.05163170024752617,0.05238033086061478
F:\Seminario\Seminario-Clustering\datasets\davi\Al Emadi (2019)\Multiclass_Drone_Audio\unknown\3-181278-A-221.wav,Multiclass_Drone_Audio\unknown\3-181278-A-221.wav,al_emadi,3-181278-A-221,1.0216875,0.24423209061971207,7.877033233642578,-0.002377791731131911,0.08389496602077111,-0.0024494394892826676,-0.09232911840081215,0.08068268001079561,0.33087508987366726,8.271020889282227,-0.0010600440972951199,0.09768218731541639,0.00021141630713827908,-0.11089600399136543,0.1049363024532795,0.292514215186155,8.566285133361816,-0.0009334987310852373,0.06537978575391895,0.0002803174575092271,-0.07001867666840553,0.06337377429008481,0.10739437359902639,8.926097869873047,-9.33527196149334e-05,0.028110119217701478,0.000139236195536796,-0.02532629072666168,0.025150790438055994,0.024984230721439238,9.664021492004395,-2.6673762866163164e-05,0.009603552794482868,-1.7575895071786363e-05,-0.008293816447257995,0.008240625355392696
F:\Seminario\Seminario-Clustering\datasets\davi\Al Emadi (2019)\Multiclass_Drone_Audio\unknown\4-128659-A-334.wav,Multiclass_Drone_Audio\unknown\4-128659-A-334.wav,al_emadi,4-128659-A-334,0.95975,0.06154833224350459,8.631036758422852,0.001428242138986165,0.001650402847333204,0.0014099692925810814,5.922781293188351e-10,0.002800555434077978,0.18682993235434428,6.483352184295654,7.368038623540382e-05,0.003801946295650967,4.4129665610626034e-07,-0.0020392972510308027,0.0020776718156412244,0.1447775596411762,5.788711071014404,4.916665196283987e-05,0.002383487349501495,2.1434585733004496e-06,-0.000798206398030743,0.0007665862678550184,0.3223713482354638,5.694680213928223,2.4409465696446527e-05,0.002524451191391888,1.6336232278035823e-07,-0.0005169073352590202,0.0005420293717179446,0.2844728275255112,6.223080158233643,-3.157909461575958e-06,0.001679974713366631,0.0,-0.00031517791212536394,0.0003160144900903107
F:\Seminario\Seminario-Clustering\datasets\davi\Al Emadi (2019)\Multiclass_Drone_Audio\unknown\2-105270-A-474.wav,Multiclass_Drone_Audio\unknown\2-105270-A-474.wav,al_emadi,2-105270-A-474,0.95975,0.9872386231534284,8.920080184936523,2.229856977141963e-05,0.06281732184731394,-0.005193105200305581,-0.07149535417556763,0.08925139904022217,0.009107433755986868,8.624992370605469,6.817444089920284e-05,0.006033073891056366,0.00011027590880985372,-0.007055304944515228,0.007119363406673074,0.002954107979543281,9.553258895874023,7.341203648039433e-06,0.002447202506357133,-5.582874291576445e-05,-0.0029263867065310476,0.0030132116982713344,0.0004776471662351863,10.605271339416504,2.9839503806251884e-06,0.0006983334228913238,1.0560212103882805e-05,-0.0008315717219375074,0.0008404232736211269,0.00022218794480625598,11.859288215637207,-1.474080348230129e-07,0.0003374017969013201,-1.4211945540409943e-06,-0.00043416260741651057,0.0004281676548998804
F:\Seminario\Seminario-Clustering\datasets\davi\Al Emadi (2019)\Multiclass_Drone_Audio\unknown\3-132747-A-264.wav,Multiclass_Drone_Audio\unknown\3-132747-A-264.wav,al_emadi,3-132747-A-264,0.95975,0.9792840326000465,8.262802124023438,-0.00045934211342388244,0.007713550774422772,0.0,-0.010727818123996258,0.011240604799240828,0.0046636926799725024,7.83787202835083,7.270609371906652e-06,0.0005332038580842079,0.0,-0.0006145362567622215,0.0006117472075857222,0.008442614539190159,8.725689888000488,-6.912604067401213e-06,0.0005109257058286716,0.0,-0.0005740737833548337,0.0005525038344785572,0.004090063167884571,9.762370109558105,-3.467577063651998e-06,0.00025236987182465593,0.0,-0.00028809609357267614,0.0002829304459737613,0.0035195970129062427,10.245473861694336,-8.463939856629301e-07,0.00016585491314663857,0.0,-0.0001810500893043354,0.00018003118166234344
F:\Seminario\Seminario-Clustering\datasets\davi\Al Emadi (2019)\Multiclass_Drone_Audio\bebop_1\mixed_61-bebop_000_.wav,Multiclass_Drone_Audio\bebop_1\mixed_61-bebop_000_.wav,al_emadi,mixed_61-bebop_000,1.024,0.4404991491175707,7.457752704620361,0.0014003797862838824,0.20299701637051867,0.0012596161104738712,-0.1893877238035202,0.17231731116771698,0.08922872898073454,8.251872062683105,0.0020429470176369017,0.09134214677824007,0.002258139895275235,-0.10256397724151611,0.10202756524085999,0.3106427876584722,9.550891876220703,-0.001564765059712903,0.12137345570354466,0.0008680905448272824,-0.1482656866312027,0.14806463420391083,0.11169969923733507,10.552248001098633,0.0003342205328289824,0.05164821190226629,0.0006497458671219647,-0.05966263264417648,0.06080915629863739,0.047929635005887476,11.741423606872559,7.318869884620274e-05,0.023964209150266393,-8.129084278607479e-06,-0.029288464225828648,0.02953195944428444
F:\Seminario\Seminario-Clustering\datasets\davi\Al Emadi (2019)\Multiclass_Drone_Audio\unknown\5-187979-A-212.wav,Multiclass_Drone_Audio\unknown\5-187979-A-212.wav,al_emadi,5-187979-A-212,0.97525,0.995139579160366,4.545629024505615,2.843893005594325e-06,1.8367909367105318e-05,0.0,0.0,0.0,0.0029106958186353137,0.4307040572166443,-2.3625107307766396e-08,1.0049402321903983e-06,0.0,0.0,0.0,0.0010596182225498596,0.8256474137306213,-9.12706397228091e-09,4.3190662500419053e-07,0.0,0.0,0.0,0.00047027632228940143,1.3992244005203247,2.877802133140396e-09,2.0420920971023156e-07,0.0,0.0,0.0,0.00041983047615947887,0.4559551775455475,-1.3804546867736347e-09,1.36684175745771e-07,0.0,0.0,0.0
F:\Seminario\Seminario-Clustering\datasets\davi\Al Emadi (2019)\Multiclass_Drone_Audio\bebop_1\B_S2_D1_109-bebop_000_.wav,Multiclass_Drone_Audio\bebop_1\B_S2_D1_109-bebop_000_.wav,al_emadi,B_S2_D1_109-bebop_000,1.024,0.4062530845099814,8.57199478149414,0.003870865513321272,0.15365973451573167,-0.0013053318252786994,-0.1693248599767685,0.19026270508766174,0.029252971193779505,8.844035148620605,0.0002459249909631064,0.041245517749731994,0.0006419360288418829,-0.0510120652616024,0.05124170705676079,0.11981864563073596,9.904827117919922,-0.0004930292025107782,0.059435847668512065,0.0011574897216632962,-0.07953145354986191,0.07403409034013747,0.2633557701207392,10.925169944763184,-0.0004568775684738684,0.06252738047205546,-0.0016011439729481936,-0.08013013750314713,0.0803903266787529,0.18131952854476394,11.956027030944824,7.0920323310213695e-06,0.036750002469971337,4.168623490841128e-05,-0.04680488258600235,0.04719588905572891
F:\Seminario\Seminario-Clustering\datasets\davi\Al Emadi (2019)\Multiclass_Drone_Audio\bebop_1\mixed_54-bebop_001_.wav,Multiclass_Drone_Audio\bebop_1\mixed_54-bebop_001_.wav,al_emadi,mixed_54-bebop_001,1.024,0.7348773051783106,8.868829727172852,-0.008945547502074075,0.32966607047942487,-0.01701008528470993,-0.4166060984134674,0.42124664783477783,0.06999628122495978,8.824905395507812,-0.00038003095148306704,0.10177968925887249,0.0003069786471314728,-0.11994681507349014,0.12298377603292465,0.04362646387700098,9.784975051879883,-0.0016347465623422798,0.05719078179771129,-0.0013979807263240218,-0.06889050602912902,0.06678479462862015,0.040131020120597174,10.925820350646973,0.0004766591748559435,0.03893544532222952,0.0010081077925860882,-0.05045616179704666,0.049260164797306064,0.11136892959913143,12.075535774230957,0.00016866263368124314,0.045945326663095906,0.00020735891303047538,-0.06001961790025234,0.06016460061073303
F:\Seminario\Seminario-Clustering\datasets\davi\Al Emadi (2019)\Multiclass_Drone_Audio\bebop_1\mixed_52-bebop_003_.wav,Multiclass_Drone_Audio\bebop_1\mixed_52-bebop_003_.wav,al_emadi,mixed_52-bebop_003,1.024,0.7468571973939642,8.639301300048828,-0.0010050949440639002,0.1927166411690468,-0.008145898580551147,-0.22742165625095367,0.22798876464366913,0.035966376123328155,9.012514114379883,0.0014527769642217452,0.042266696091051305,-0.000463690550532192,-0.049510929733514786,0.05699698626995087,0.06031099133603142,9.985380172729492,0.001380591645742948,0.03897031629358766,0.0015272150048986077,-0.0480748139321804,0.0493901439011097,0.09493482442560235,10.86649227142334,-0.000186575315503392,0.03471552741889089,-0.00015328783774748445,-0.04348333030939102,0.04361724853515625,0.06193061072107391,11.835143089294434,6.872818627275347e-05,0.019860584960733053,4.884808186034206e-05,-0.02515715640038252,0.02457075845450163
F:\Seminario\Seminario-Clustering\datasets\davi\Al Emadi (2019)\Multiclass_Drone_Audio\membo_1\mixed_membo_16-membo_004_.wav,Multiclass_Drone_Audio\membo_1\mixed_membo_16-membo_004_.wav,al_emadi,mixed_membo_16-membo_004,0.904,0.4702517250529687,9.048919677734375,0.002065802196437379,0.04150665046917859,-1.6713445802452043e-05,-0.04882067069411278,0.0513538122177124,0.041561830074269245,8.759961128234863,-8.717760334647231e-05,0.012354530576856,-2.9960349365865113e-06,-0.01596355438232422,0.015540470369160175,0.09548009167742484,9.784490585327148,8.170334755792913e-05,0.013345400726141732,-0.00031712776399217546,-0.016997360810637473,0.017486643418669696,0.15942510858159947,10.752647399902344,-3.984892160180576e-05,0.012242467703229475,8.279859321191907e-05,-0.016130751743912698,0.015177358314394951,0.23328124461373775,11.650386810302734,-8.29793007381267e-06,0.01049192491722372,-2.3102908926375676e-05,-0.012940325774252415,0.01313456753268838
F:\Seminario\Seminario-Clustering\datasets\davi\Al Emadi (2019)\Multiclass_Drone_Audio\membo_1\mixed_membo_45-membo_004_.wav,Multiclass_Drone_Audio\membo_1\mixed_membo_45-membo_004_.wav,al_emadi,mixed_membo_45-membo_004,0.904,0.9513493583860908,8.409659385681152,-0.0016927915356055934,0.2809148369394145,-0.0018002261640504003,-0.3329427242279053,0.32823580503463745,0.038047860190098724,7.128578186035156,0.00012530385293502746,0.056179336059535824,-0.00010124620166607201,-0.04845471307635307,0.046080876141786575,0.0043148075968894965,8.907766342163086,0.00014858781218820394,0.013482192391488899,0.00017835166363511235,-0.014256642945110797,0.014386553131043906,0.0022605806571708614,10.378702163696289,0.0002985020746480331,0.006921851674987278,0.00023198350390885025,-0.007855213060975075,0.008528649061918258,0.004027393169750108,11.021860122680664,-1.0369747755428924e-05,0.0065516353367242606,1.0245558314636583e-05,-0.007317669223994017,0.007179956650361419
F:\Seminario\Seminario-Clustering\datasets\davi\Al Emadi (2019)\Multiclass_Drone_Audio\bebop_1\mixed_26-bebop_004_.wav,Multiclass_Drone_Audio\bebop_1\mixed_26-bebop_004_.wav,al_emadi,mixed_26-bebop_004,0.904,0.9620697031818732,9.173503875732422,-0.04325512018355203,0.7579640937332686,-0.12330286204814911,-1.050803780555725,1.0361950397491455,0.0069973237643307104,8.755931854248047,0.00035792323195492544,0.06474567318971086,0.0003601837088353932,-0.08422378450632095,0.0834503099322319,0.00855666095177283,9.757847785949707,0.0010869998674070476,0.051015086763477886,0.00040506606455892324,-0.06254165172576905,0.06555090695619582,0.011255685809274149,10.756170272827148,0.00010427752811886474,0.04154695678225886,-0.00043878445285372436,-0.051389099657535554,0.05305859073996546,0.011120626292749123,11.804219245910645,-2.33075930677213e-05,0.029257794310306007,7.715169340372086e-05,-0.03763744235038757,0.0375460721552372
F:\Seminario\Seminario-Clustering\datasets\davi\Al Emadi (2019)\Multiclass_Drone_Audio\unknown\1-260640-A-23.wav,Multiclass_Drone_Audio\unknown\1-260640-A-23.wav,al_emadi,1-260640-A-23,1.0216875,0.07508495520262566,8.081737518310547,-0.0031465105089514057,0.17326723380727574,-0.003105146228335798,-0.1859846696257591,0.17561874836683283,0.06691102701238717,7.207484722137451,-0.0030912631628608384,0.16356216891157144,0.0005393237806856632,-0.12795411944389343,0.10294529944658286,0.10359177127638662,8.083525657653809,-0.0028520372657380878,0.14487566287081538,-0.0005043957789894193,-0.11277375072240829,0.09990146756172173,0.594909749999636,8.828001022338867,-0.0013771085401678173,0.246374501985625,-0.00013745256728725508,-0.15886760652065277,0.1494969621300698,0.15950249650896456,9.481335639953613,4.148883350287703e-05,0.09036224116553952,-0.0001254874878213741,-0.04721580594778061,0.046136685833334926
F:\Seminario\Seminario-Clustering\datasets\davi\Al Emadi (2019)\Multiclass_Drone_Audio\bebop_1\mixed_51-bebop_003_.wav,Multiclass_Drone_Audio\bebop_1\mixed_51-bebop_003_.wav,al_emadi,mixed_51-bebop_003,1.024,0.7114230033485852,8.69490909576416,-0.006286233693604304,0.16925815785282294,-0.0078100827522575855,-0.21427275240421295,0.20110808312892914,0.042633539455107027,8.645805358886719,0.00042967559588383763,0.04146077014884412,-0.00029531988548114896,-0.04930328577756882,0.04880359396338463,0.06413836252628043,9.973258972167969,-0.0002086711020575438,0.036210824547862744,0.0005337001057341695,-0.04760653674602509,0.04562162756919861,0.11303498840237157,10.953742027282715,0.0011930403870107533,0.03409075068873497,0.0009952004766091704,-0.04208580181002617,0.04571575000882149,0.0687701062676558,11.940122604370117,-7.47152840971808e-05,0.018845905543194687,1.4271049053604656e-07,-0.024503516033291817,0.023931286297738552
F:\Seminario\Seminario-Clustering\datasets\davi\Al Emadi (2019)\Multiclass_Drone_Audio\unknown\4-161099-B-474.wav,Multiclass_Drone_Audio\unknown\4-161099-B-474.wav,al_emadi,4-161099-B-474,0.95975,0.5067268763069622,8.736529350280762,0.0020372415343762338,0.778610675353266,0.0033478153636679053,-0.9426830410957336,0.9655041098594666,0.2605407709393124,8.775753021240234,0.01029651722773715,0.5582115814712033,0.006509857019409537,-0.6711630523204803,0.7250228524208069,0.16428075872682715,9.67601490020752,-0.0034337573291580797,0.31571328262412107,0.0034276844235137105,-0.38876654803752897,0.3741472125053406,0.060639140929657866,10.463994026184082,0.0018434457303965952,0.13611825815778528,0.0031659631058573723,-0.15922162681818008,0.16029576808214185,0.007812453097240312,11.227497100830078,-8.654982161502622e-06,0.03461364900774531,-0.00010231782653136179,-0.03810365982353687,0.03810591213405134
F:\Seminario\Seminario-Clustering\datasets\davi\Al Emadi (2019)\Multiclass_Drone_Audio\bebop_1\B_S2_D1_082-bebop_002_.wav,Multiclass_Drone_Audio\bebop_1\B_S2_D1_082-bebop_002_.wav,al_emadi,B_S2_D1_082-bebop_002,1.024,0.6392288356676411,8.473581314086914,-0.0005678918847232014,0.3021889469103622,-0.001601255382411182,-0.3509409427642822,0.3375280797481537,0.020313532848108176,8.865691184997559,0.000737875844633432,0.05386456295336809,0.0013286750763654709,-0.06676700711250305,0.06654410064220428,0.09191980196540027,9.867086410522461,-0.00021227038482663638,0.0815935703933877,-0.00021539787121582776,-0.10008433163166046,0.09981713145971298,0.14896861764311867,10.944917678833008,-0.0002432500892836921,0.07370672512339212,0.0010180084500461817,-0.09555379450321197,0.09372636526823044,0.09956921187573183,11.92642879486084,-7.478945719208723e-05,0.04268238050885814,0.0005460077663883567,-0.055056074634194374,0.05387994460761547
F:\Seminario\Seminario-Clustering\datasets\davi\Al Emadi (2019)\Multiclass_Drone_Audio\unknown\4-181599-A-262.wav,Multiclass_Drone_Audio\unknown\4-181599-A-262.wav,al_emadi,4-181599-A-262,0.97525,0.8911731848741582,9.952290534973145,0.5689005892567649,0.04635261629569091,0.5709072649478912,0.5460616111755371,0.5953453958034516,0.005924337961386216,6.988893032073975,0.0017015028081681985,0.046507348059443086,0.0010026967502199113,-0.021029427461326113,0.027898158319294434,0.045775210872800405,7.146118640899658,-0.0007679142104482511,0.09213879398227157,-0.00024047667102422565,-0.028281926363706588,0.01963818259537236,0.049973102003429394,7.51909875869751,0.0001861627427410825,0.06831856257470184,2.6340595468354877e-05,-0.017961642891168594,0.020624236389994628,0.007154164288225828,8.713638305664062,3.207783437433861e-05,0.018311017837498316,-1.9730697204067837e-05,-0.00814738217741251,0.008306066505610943
F:\Seminario\Seminario-Clustering\datasets\davi\Al Emadi (2019)\Multiclass_Drone_Audio\membo_1\Membo_2_013-membo_000_.wav,Multiclass_Drone_Audio\membo_1\Membo_2_013-membo_000_.wav,al_emadi,Membo_2_013-membo_000,1.024,0.6419437694969299,8.876008987426758,0.00064767783942573,0.09502317904957651,0.00016698456602171063,-0.11127561330795288,0.104514479637146,0.032812337110438926,9.121752738952637,-6.775162640697506e-05,0.021483625251818957,0.0005922627169638872,-0.028618348762392998,0.026707660406827927,0.06292977066032757,9.852231979370117,0.00012907800126262426,0.021184238911689926,-0.00014285430370364338,-0.026625487580895425,0.027333417534828184,0.10035336112452378,10.829435348510742,-7.192656434988404e-08,0.018983139611573857,-8.000391972018406e-05,-0.023671502619981764,0.02316874489188195,0.16196076160777986,11.919590950012207,-1.4067709916957467e-06,0.01708172203185105,-1.903345810205792e-05,-0.021870100870728493,0.022104322910308838
F:\Seminario\Seminario-Clustering\datasets\davi\Al Emadi (2019)\Multiclass_Drone_Audio\unknown\4-213915-B-33.wav,Multiclass_Drone_Audio\unknown\4-213915-B-33.wav,al_emadi,4-213915-B-33,1.0216875,0.6437775555530041,8.874853134155273,0.011839365444118548,0.7619726767208914,0.00014957570238038898,-1.0221261858940125,0.9855174183845522,0.14851836063961288,8.80616569519043,0.0029239568784829623,0.36601602716478293,0.0052100245375186205,-0.47556074261665343,0.4540675908327103,0.1680048724813776,9.566633224487305,0.0014779138970916956,0.27713031943688515,0.004766414640471339,-0.34012613296508787,0.35002681314945217,0.03847926839123181,10.233346939086914,0.00013819752570104303,0.09410273643276564,-0.00020233294344507158,-0.10537236854434012,0.1069113165140152,0.001219942934773599,11.42802619934082,-5.88682161029318e-06,0.011868212967053746,-7.17669099685736e-05,-0.014328981284052134,0.014387468155473473
F:\Seminario\Seminario-Clustering\datasets\davi\Al Emadi (2019)\Multiclass_Drone_Audio\unknown\1-19872-B-362.wav,Multiclass_Drone_Audio\unknown\1-19872-B-362.wav,al_emadi,1-19872-B-362,0.97525,0.5484667207231905,9.241674423217773,-0.006542193836239476,0.22978673196628738,-0.005138119449838996,-0.3095469087362289,0.2955779373645782,0.15914472680006467,8.892635345458984,0.0013852914198033757,0.1238211118382362,0.003497886238619685,-0.1597907930612564,0.15450696796178817,0.11523534561713243,9.978893280029297,0.0012479117068703747,0.075042773268279,0.0006106032524257898,-0.09530320316553116,0.09830680787563324,0.11040297530310185,10.899253845214844,-0.00025191338108127546,0.05213040796101839,0.00020128713367739692,-0.06650662422180176,0.06638235822319985,0.0667502315565106,11.807313919067383,-0.00010792697562698927,0.028713799267196898,0.00012074021651642397,-0.036768458783626556,0.03591576963663101
F:\Seminario\Seminario-Clustering\datasets\davi\Al Emadi (2019)\Multiclass_Drone_Audio\unknown\2-117617-A-484.wav,Multiclass_Drone_Audio\unknown\2-117617-A-484.wav,al_emadi,2-117617-A-484,0.95975,0.35013060750198116,8.22207260131836,0.27754848331084775,0.9981323655295524,0.16428250819444656,-0.8107063472270966,1.3739850521087646,0.18747378379210133,7.98497200012207,-0.019432169864257387,0.7578327131998197,0.018061034381389618,-0.8388829529285431,0.7470565438270569,0.16554258554147208,9.205310821533203,0.0019734514167165473,0.5073266864153292,0.0082297557964921,-0.5967944681644438,0.5610118865966799,0.13316706815378043,10.308023452758789,-0.0004671224718238619,0.3229152719542941,-0.0004297810373827815,-0.40599980354309084,0.38663819134235355,0.163685955010665,11.2337007522583,0.0005777938303118166,0.25361165211286524,0.00045095058158040047,-0.30541340708732606,0.3110441774129871
F:\Seminario\Seminario-Clustering\datasets\davi\Al Emadi (2019)\Multiclass_Drone_Audio\membo_1\Membo_1_004-membo_003_.wav,Multiclass_Drone_Audio\membo_1\Membo_1_004-membo_003_.wav,al_emadi,Membo_1_004-membo_003,1.024,0.7184367251998137,8.93273639678955,0.0016237898277379158,0.1173834856733787,0.004559780936688185,-0.14193813502788544,0.14277106523513794,0.0482300679038534,9.113195419311523,-0.00013518378421037633,0.03041647913950701,0.0011970349587500095,-0.04192724823951721,0.04036542773246765,0.049251916368315996,9.89727783203125,0.0004553142148370763,0.021881323017837028,0.0005697006126865745,-0.02760900594294071,0.027486873045563697,0.07734285542111209,10.855141639709473,-0.0002019329105852117,0.01946040799812008,8.725687621335965e-06,-0.024452804028987883,0.02406248897314072,0.10673843510690476,11.865311622619629,4.4699242488762565e-06,0.01619385720461128,-8.996648102765903e-05,-0.020540262572467327,0.020162596367299557
F:\Seminario\Seminario-Clustering\datasets\davi\Al Emadi (2019)\Multiclass_Drone_Audio\unknown\2-109231-C-90.wav,Multiclass_Drone_Audio\unknown\2-109231-C-90.wav,al_emadi,2-109231-C-90,1.0216875,0.07928651984072352,9.038820266723633,-0.00103927709192561,0.09500436269673096,-0.004442931851372123,-0.12332266941666603,0.12595787644386294,0.03206022593061473,7.561576843261719,-0.001436387861540008,0.06039908334706507,0.000397856259951368,-0.057548363134264945,0.05204272903501989,0.5313233711685902,8.601383209228516,-0.0022867095083445683,0.17507237634605746,-8.034154598135501e-05,-0.16793469488620758,0.1534254491329193,0.35085272080747154,9.594969749450684,8.916959335027106e-05,0.10094795684993967,6.268322249525227e-05,-0.0941221512854099,0.0974221780896188,0.006477162252599986,10.490155220031738,-5.427893709274513e-06,0.009715248600826135,-1.3264890696973453e-06,-0.00872088074684143,0.008669343683868649
F:\Seminario\Seminario-Clustering\datasets\davi\Al Emadi (2019)\Multiclass_Drone_Audio\membo_1\Membo_0_037-membo_002_.wav,Multiclass_Drone_Audio\membo_1\Membo_0_037-membo_002_.wav,al_emadi,Membo_0_037-membo_002,1.024,0.568285643158465,9.502808570861816,-0.00028998828613240057,0.09427663091731214,0.005031350534409285,-0.12570105493068695,0.12344051152467728,0.06816313215666955,9.083863258361816,-5.441722025273033e-05,0.032651032862337864,0.0008320147171616554,-0.042851522564888,0.042081937193870544,0.05766866058052553,9.918753623962402,-6.903576326201558e-05,0.021384156454471892,5.0314414693275467e-05,-0.02760829925537109,0.02815306484699248,0.12453424180959119,10.969860076904297,1.0085644452411147e-05,0.022298621666827705,0.00041243984014727175,-0.028559407591819762,0.028151542320847513,0.18134832229474876,11.919215202331543,1.224949915410598e-05,0.019059655047708905,7.608964006067254e-05,-0.024194112978875637,0.02497711032629013
F:\Seminario\Seminario-Clustering\datasets\davi\Al Emadi (2019)\Multiclass_Drone_Audio\unknown\5-157204-B-160.wav,Multiclass_Drone_Audio\unknown\5-157204-B-160.wav,al_emadi,5-157204-B-160,1.0216875,0.9532750405241558,9.130764961242676,-0.013198168775447083,0.34579068994391593,-0.036501115188002586,-0.4702917724847794,0.4707047313451768,0.010911696834306627,8.77877140045166,-0.0013549743804168158,0.03699775688919164,-0.000509008124936372,-0.04772392772138119,0.043198038637638096,0.013180495823135893,9.952275276184082,-0.000121024803218292,0.028965950027889438,-0.0005641190800815821,-0.035872239619493484,0.03705850727856159,0.006870757852317052,10.907657623291016,-0.0005929400648140188,0.014826581809472663,-0.00034923390194308013,-0.01921202763915062,0.018357392214238648,0.015762008966084585,11.918098449707031,1.0913960157692845e-05,0.015919070735703242,4.7802563130971976e-05,-0.020533308759331702,0.020427258498966695
F:\Seminario\Seminario-Clustering\datasets\davi\Al Emadi (2019)\Multiclass_Drone_Audio\membo_1\Membo_1_033-membo_000_.wav,Multiclass_Drone_Audio\membo_1\Membo_1_033-membo_000_.wav,al_emadi,Membo_1_033-membo_000,1.024,0.4404183341288853,9.213174819946289,-0.0010941186081065623,0.06950510933049214,-0.0001441493077436462,-0.09258123487234116,0.09114491939544678,0.04035263479680477,8.922769546508789,0.00014582311267078606,0.021040852737096258,0.00025378374266438186,-0.025976495817303658,0.026119161397218704,0.11311360094956376,9.852447509765625,-6.955158712107613e-06,0.025084008384074406,-8.675220306031406e-05,-0.03092801682651043,0.03247522413730621,0.18815950865765374,10.884511947631836,0.0002826773266018935,0.022955085372947708,0.0005324073717929423,-0.02862403690814972,0.02931464388966561,0.2179559214670924,11.850342750549316,-3.354010908254004e-05,0.017500762329066468,-0.00022677912784274668,-0.021984589286148548,0.021836056374013424
F:\Seminario\Seminario-Clustering\datasets\davi\Al Emadi (2019)\Multiclass_Drone_Audio\membo_1\Membo_1_046-membo_001_.wav,Multiclass_Drone_Audio\membo_1\Membo_1_046-membo_001_.wav,al_emadi,Membo_1_046-membo_001,1.024,0.7881234948613072,8.510141372680664,0.00036273724523288323,0.13751907382698916,-0.0027888999320566654,-0.14538954198360443,0.15496838092803955,0.026877599217791585,9.082541465759277,-4.7840751709298435e-05,0.02539579342611006,-0.00033203422208316624,-0.03339559957385063,0.03383491560816765,0.030137984238719003,9.947874069213867,-5.968721124907231e-05,0.01914802575263355,0.0003784055297728628,-0.024645837396383284,0.024176857247948644,0.05813476218380873,10.898736953735352,5.147417822321655e-05,0.018870984999942345,0.00019193050684407353,-0.023885007202625274,0.023850855976343156,0.09672615949837347,11.854904174804688,-1.8264696365440934e-05,0.017241483325420148,0.00019125331891700625,-0.02178511768579483,0.021628561429679394
F:\Seminario\Seminario-Clustering\datasets\davi\Al Emadi (2019)\Multiclass_Drone_Audio\unknown\5-198411-F-204.wav,Multiclass_Drone_Audio\unknown\5-198411-F-204.wav,al_emadi,5-198411-F-204,0.95975,0.032122034695270085,7.73387336730957,0.0006172491455250606,0.02123539475739641,-0.00032645145256537944,-0.01912414003163576,0.02093165274709463,0.18693172612098527,7.508707523345947,-0.0013438919558337085,0.05123117886284008,1.639415404497413e-05,-0.05102521926164627,0.047645511105656624,0.46929994545187736,8.246313095092773,-0.0001354923406155001,0.05783045185099893,9.357664021081291e-05,-0.04973883368074894,0.050246907025575646,0.2725246631125406,9.308375358581543,-0.00027702163258890467,0.0312732394045429,8.787024398770882e-06,-0.027751159481704223,0.025390685722231857,0.0391216306193267,10.147787094116211,-5.525307173496682e-06,0.008394008645713786,1.2512330158642726e-06,-0.006493858527392149,0.006563439033925536
F:\Seminario\Seminario-Clustering\datasets\davi\Al Emadi (2019)\Multiclass_Drone_Audio\unknown\4-167571-A-263.wav,Multiclass_Drone_Audio\unknown\4-167571-A-263.wav,al_emadi,4-167571-A-263,1.0216875,0.0,-0.0,0.0,0.0,0.0,0.0,0.0,0.0,-0.0,0.0,0.0,0.0,0.0,0.0,0.0,-0.0,0.0,0.0,0.0,0.0,0.0,0.0,-0.0,0.0,0.0,0.0,0.0,0.0,0.0,-0.0,0.0,0.0,0.0,0.0,0.0
F:\Seminario\Seminario-Clustering\datasets\davi\Al Emadi (2019)\Multiclass_Drone_Audio\unknown\3-156391-A-350.wav,Multiclass_Drone_Audio\unknown\3-156391-A-350.wav,al_emadi,3-156391-A-350,1.0216875,0.9162831675293306,9.07209300994873,-0.0002803262695964499,0.13080956870363955,-0.0032380333868786693,-0.1704070672392845,0.16951083093881608,0.030289383275765122,8.980428695678711,-0.0005810233973714706,0.023776133050579736,-0.001070770202204585,-0.03169465288519859,0.02981625497341157,0.02916052420484196,9.895406723022461,-0.0004139229642651187,0.01660710090550102,-0.0002913477655965835,-0.021981395222246645,0.019813430868089194,0.008632607400814712,10.936746597290039,9.960557951852714e-06,0.006413004849170452,-2.356293953198474e-05,-0.008074793126434086,0.008250914048403502,0.01563431758924758,12.075855255126953,1.7839258130812098e-05,0.006113008332921505,-3.9640130125917494e-05,-0.00792933339253068,0.008018199820071459
F:\Seminario\Seminario-Clustering\datasets\davi\Al Emadi (2019)\Multiclass_Drone_Audio\membo_1\Membo_0_036-membo_004_.wav,Multiclass_Drone_Audio\membo_1\Membo_0_036-membo_004_.wav,al_emadi,Membo_0_036-membo_004,0.896,0.47740519295890455,9.003238677978516,-0.0017673903491373113,0.07011566240647638,0.0008856151252985001,-0.09409575462341309,0.08527270555496216,0.10372856131157697,8.820821762084961,-1.1561057237854765e-05,0.03269328644041882,-0.00028290689806453884,-0.04389963299036026,0.04082047939300538,0.09730123436115219,9.688215255737305,8.716414732705956e-05,0.022567774444771375,0.00043692480539903045,-0.027869920805096624,0.028497314453125002,0.14505823711605573,10.621352195739746,0.00010416238818911193,0.019562424083201347,5.275003786664456e-05,-0.024440511688590048,0.024058210849761962,0.1765067742523106,11.70272159576416,3.624967120403148e-05,0.015288575985111715,2.224395473149343e-06,-0.019639561884105206,0.01953322514891625
F:\Seminario\Seminario-Clustering\datasets\davi\Al Emadi (2019)\Multiclass_Drone_Audio\bebop_1\B_S2_D1_116-bebop_003_.wav,Multiclass_Drone_Audio\bebop_1\B_S2_D1_116-bebop_003_.wav,al_emadi,B_S2_D1_116-bebop_003,1.024,0.7897012131390068,8.474595069885254,0.0021561486434484886,0.41167140842919964,-0.00797337293624878,-0.4761502742767334,0.49977952241897583,0.018455657633873784,9.029806137084961,-0.0015796426684204308,0.0629148485968184,-0.004001694265753031,-0.08145202696323395,0.08028348535299301,0.05048691974676479,9.931009292602539,0.0004542233103767756,0.07411536248130828,-0.0011500079417601228,-0.09650355279445648,0.09501848816871641,0.08266860130586286,10.959300994873047,-0.0023357570248812368,0.06725812333971966,-0.0033647469244897366,-0.08995540291070939,0.0838910534977913,0.05868760817449187,11.920502662658691,4.25968309295767e-05,0.040163710760408644,0.0002256767693324946,-0.05154092237353325,0.050907986238598824
F:\Seminario\Seminario-Clustering\datasets\davi\Al Emadi (2019)\Multiclass_Drone_Audio\bebop_1\B_S2_D1_087-bebop_004_.wav,Multiclass_Drone_Audio\bebop_1\B_S2_D1_087-bebop_004_.wav,al_emadi,B_S2_D1_087-bebop_004,0.896,0.7097453407168826,8.400148391723633,-0.0007457482618560262,0.32329554595925075,-0.010047233663499355,-0.39583717584609984,0.36893039941787725,0.01973063534660575,8.779966354370117,-0.0002079945246162977,0.05390349101811417,0.0017837017076089978,-0.06993006467819214,0.06890914887189865,0.06824636665067614,9.770641326904297,-0.0011994685884491433,0.07144165954941678,-0.0006753313355147839,-0.09396301209926605,0.0892592564225197,0.12097201562276064,10.764594078063965,0.0005444068739616316,0.06753457690787665,0.0012625264935195446,-0.0862726166844368,0.08610885441303252,0.08130564166307493,11.744640350341797,-5.0391323044864194e-05,0.03922723745371528,-0.00046745587314944714,-0.050942736119031905,0.05071354769170286
F:\Seminario\Seminario-Clustering\datasets\davi\Al Emadi (2019)\Multiclass_Drone_Audio\unknown\1-47819-A-50.wav,Multiclass_Drone_Audio\unknown\1-47819-A-50.wav,al_emadi,1-47819-A-50,1.0216875,0.01948258464277368,8.970576286315918,5.564824114412138e-05,0.007175648183467488,-8.992810762720183e-05,-0.00888627152889967,0.009415679704397918,0.22154951657992009,8.463364601135254,5.151954502263334e-05,0.02419832744917435,-0.00010772148743853904,-0.03270385079085827,0.029675900936126712,0.4380001658853364,8.907182693481445,-0.0001593823955138384,0.024220550304452054,-3.35718686983455e-05,-0.022064913995563984,0.024297971464693546,0.3033496145927053,9.185094833374023,-6.689963317456261e-06,0.01430171164527221,1.5235936189128552e-05,-0.00874848011881113,0.009174123592674738,0.017618118299264535,10.177751541137695,-2.616027591150784e-06,0.0024413056087591385,-3.0294706903077895e-06,-0.001499597285874188,0.0014520732453092934
F:\Seminario\Seminario-Clustering\datasets\davi\Al Emadi (2019)\Multiclass_Drone_Audio\unknown\3-118658-B-412.wav,Multiclass_Drone_Audio\unknown\3-118658-B-412.wav,al_emadi,3-118658-B-412,0.97525,0.8944871545525339,9.43250560760498,0.03558513999346387,1.049438099096212,-0.05429881066083908,-1.2844085097312927,1.541928207874298,0.03070103957094975,9.048057556152344,-0.0009573730351689166,0.1945317952096333,-0.0022712446516379714,-0.25438162684440613,0.2507551670074462,0.03930637736622818,9.88359260559082,-0.002863464693489939,0.15675762832738785,-0.006418867968022823,-0.20140897631645202,0.19388078749179855,0.026019427968980748,10.893771171569824,0.0001103591665622886,0.0905207009294183,0.0025707941967993975,-0.11732579842209816,0.11700438559055329,0.009486000541307452,11.874074935913086,5.115688602084148e-05,0.03871703216680776,0.00021834654035046697,-0.04993586428463459,0.04927157424390316
F:\Seminario\Seminario-Clustering\datasets\davi\Al Emadi (2019)\Multiclass_Drone_Audio\membo_1\mixed_membo_48-membo_001_.wav,Multiclass_Drone_Audio\membo_1\mixed_membo_48-membo_001_.wav,al_emadi,mixed_membo_48-membo_001,1.024,0.783347836661859,8.27623462677002,0.0002829727224415686,0.09308204811792606,0.0010744902538135648,-0.09898016601800919,0.10815020650625229,0.012521711153624675,8.938602447509766,3.845367670697445e-05,0.01176847340632611,7.072216976666823e-05,-0.015134408138692379,0.015106776729226112,0.042463229401392064,10.026557922363281,-0.00015429587492874457,0.015430397816746348,-0.00024034192028921098,-0.020206325873732566,0.020472519472241397,0.09928946098502078,10.839035034179688,-0.0001046571422392265,0.016743438538621862,-7.295257546502398e-06,-0.021312203630805014,0.02039304003119469,0.062377761798103455,11.897603034973145,-1.4115164676236865e-06,0.009400286985411595,7.811551404302008e-05,-0.011712837032973766,0.011951376218348742
F:\Seminario\Seminario-Clustering\datasets\davi\Al Emadi (2019)\Multiclass_Drone_Audio\unknown\1-36393-A-232.wav,Multiclass_Drone_Audio\unknown\1-36393-A-232.wav,al_emadi,1-36393-A-232,0.97525,0.0,-0.0,0.0,0.0,0.0,0.0,0.0,0.0,-0.0,0.0,0.0,0.0,0.0,0.0,0.0,-0.0,0.0,0.0,0.0,0.0,0.0,0.0,-0.0,0.0,0.0,0.0,0.0,0.0,0.0,-0.0,0.0,0.0,0.0,0.0,0.0
F:\Seminario\Seminario-Clustering\datasets\davi\Al Emadi (2019)\Multiclass_Drone_Audio\membo_1\mixed_membo_44-membo_004_.wav,Multiclass_Drone_Audio\membo_1\mixed_membo_44-membo_004_.wav,al_emadi,mixed_membo_44-membo_004,0.904,0.14841016562275652,8.853033065795898,-0.0007540361662781526,0.03213266446649579,-0.0012865581084042788,-0.040523823350667953,0.041833698749542236,0.05270840565304735,8.147428512573242,0.000495668363190407,0.019148244051914603,0.0010579620720818639,-0.02111094631254673,0.021093884482979774,0.18854008004192582,8.867464065551758,0.0005495586034416901,0.02581258508938789,-0.0003722968976944685,-0.026938966289162636,0.02882297150790691,0.40841309092386013,9.291378021240234,0.0005184398072147964,0.026971633682936567,0.0005257173907011747,-0.025409677252173423,0.02541484050452709,0.20192825775841017,11.472145080566406,7.060782625269296e-05,0.013438558671370632,0.00020020743977511302,-0.015939906239509583,0.016133305616676807
F:\Seminario\Seminario-Clustering\datasets\davi\Al Emadi (2019)\Multiclass_Drone_Audio\unknown\2-118817-A-322.wav,Multiclass_Drone_Audio\unknown\2-118817-A-322.wav,al_emadi,2-118817-A-322,0.97525,0.8831669559463375,8.779411315917969,0.0013192214044614658,0.05433656817500195,0.0023799644550308585,-0.06408082097768783,0.06727721244096756,0.0011183141411380442,8.26968002319336,-0.00020010577890354467,0.0019237283743474426,-9.880481229629368e-05,-0.0022115082712844012,0.0018836316536180674,0.0021499264138982147,7.844620227813721,-2.1631531200285544e-05,0.0019099984289724892,8.76155900186859e-06,-0.0013867200585082173,0.0013914988143369556,0.008328921672872093,7.811017036437988,3.524441184456188e-05,0.0026676898036036853,5.724521770389401e-06,-0.0014009389327839018,0.001403868803754449,0.10523588182575408,7.792566299438477,-2.7566599969173193e-05,0.006717669164992826,-5.048775051363918e-07,-0.0023223531898111105,0.0022911690175533295
F:\Seminario\Seminario-Clustering\datasets\davi\Al Emadi (2019)\Multiclass_Drone_Audio\unknown\2-104105-A-191.wav,Multiclass_Drone_Audio\unknown\2-104105-A-191.wav,al_emadi,2-104105-A-191,1.0216875,0.9724081969434257,8.55344295501709,0.005937237781683562,0.4720002133132534,0.011314630974084139,-0.5506945788860321,0.5269043922424318,0.025306969194138485,8.498435974121094,0.0005222011573625478,0.07614863319680774,0.0012249163119122386,-0.08739712908864021,0.0889937505126,0.002237100942937023,9.446486473083496,-6.112245379021405e-06,0.016117600481269024,-0.0001582042023073882,-0.018395169638097286,0.019007831439375875,2.7100876525741815e-05,10.799210548400879,8.010568697033835e-07,0.0012586623639096828,1.458294036638108e-05,-0.001606705645099282,0.0015370903303846732,2.063204297300137e-05,11.686186790466309,-8.590545709165375e-06,0.0007778370000535876,-3.330395315970236e-06,-0.0009511066426057368,0.0009298819641117007
F:\Seminario\Seminario-Clustering\datasets\davi\Al Emadi (2019)\Multiclass_Drone_Audio\bebop_1\B_S2_D1_125-bebop_002_.wav,Multiclass_Drone_Audio\bebop_1\B_S2_D1_125-bebop_002_.wav,al_emadi,B_S2_D1_125-bebop_002,1.024,0.7665863700421892,8.749753952026367,-0.0037196349923819707,0.40932917349958786,-0.025545038282871246,-0.4897690713405609,0.4986605942249298,0.019241325898279784,8.893346786499023,-0.0016540216335586325,0.06483153316171747,-0.0023692683316767216,-0.08252684772014618,0.07732853293418884,0.060147194034710166,9.894811630249023,-0.0013170903459728417,0.08163247484830201,-0.004306151531636715,-0.10451180636882781,0.10177051126956937,0.09307791926128295,10.931480407714844,-0.0002954927769644741,0.07206770608737195,-0.0006961405160836875,-0.09207961559295653,0.09176466315984726,0.0609471907635379,11.909871101379395,-6.833763512678232e-05,0.041306836582252884,0.00020571717323036864,-0.052751317620277405,0.051604848355054855
F:\Seminario\Seminario-Clustering\datasets\davi\Al Emadi (2019)\Multiclass_Drone_Audio\unknown\silence134.wav,Multiclass_Drone_Audio\unknown\silence134.wav,al_emadi,silence134,1.1145625,0.0,-0.0,0.0,0.0,0.0,0.0,0.0,0.0,-0.0,0.0,0.0,0.0,0.0,0.0,0.0,-0.0,0.0,0.0,0.0,0.0,0.0,0.0,-0.0,0.0,0.0,0.0,0.0,0.0,0.0,-0.0,0.0,0.0,0.0,0.0,0.0
F:\Seminario\Seminario-Clustering\datasets\davi\Al Emadi (2019)\Multiclass_Drone_Audio\membo_1\mixed_membo_12-membo_001_.wav,Multiclass_Drone_Audio\membo_1\mixed_membo_12-membo_001_.wav,al_emadi,mixed_membo_12-membo_001,1.024,0.8830001358141114,8.939427375793457,0.0006041261324300993,0.33253586531877005,-0.04997425526380539,-0.3966728746891022,0.4616328775882721,0.044937364722352616,8.934581756591797,-0.00017573209076400512,0.07501730117181606,-0.002484079683199525,-0.0910169929265976,0.0960802286863327,0.03406022607589476,9.965850830078125,-0.0001575692684854259,0.04650309038210296,-0.000872295000590384,-0.061233222484588616,0.059355678409337996,0.02382894827414417,10.896034240722656,6.629333279941714e-05,0.02760075301439355,0.00011928295862162486,-0.034901277720928194,0.034370035678148274,0.014173325113497002,11.875875473022461,6.6131255292628386e-06,0.015077531391918694,-3.824881059699692e-05,-0.018982007168233395,0.018915207125246525
F:\Seminario\Seminario-Clustering\datasets\davi\Al Emadi (2019)\Multiclass_Drone_Audio\bebop_1\B_S2_D1_098-bebop_003_.wav,Multiclass_Drone_Audio\bebop_1\B_S2_D1_098-bebop_003_.wav,al_emadi,B_S2_D1_098-bebop_003,1.024,0.9454381246886168,8.697433471679688,-0.04289581716883853,0.9062259627332009,-0.01754753105342388,-1.1835978031158447,1.0330923795700073,0.009822703523264264,8.398906707763672,-0.0004245028335922286,0.09247341047225557,-0.0011151776416227221,-0.1001909077167511,0.09932374209165573,0.010681492351455449,9.947786331176758,1.851447949653791e-05,0.06866312536221544,-0.00023458103532902896,-0.0889331206679344,0.08703567385673522,0.019969556965294784,10.915311813354492,0.0002971842568261399,0.0666187881631443,-0.0005188069771975279,-0.08259338438510895,0.08581984490156173,0.01408812247136876,11.90929126739502,-4.065700476234432e-06,0.0396340158059723,-9.448636046727188e-05,-0.05030564405024052,0.04974367842078209
F:\Seminario\Seminario-Clustering\datasets\davi\Al Emadi (2019)\Multiclass_Drone_Audio\unknown\5-215005-A-322.wav,Multiclass_Drone_Audio\unknown\5-215005-A-322.wav,al_emadi,5-215005-A-322,0.97525,0.1525821292907643,6.3562774658203125,3.2620767453300904e-05,0.002709458518248174,1.997134768316755e-05,-0.0014096668921411036,0.001545983552932739,0.27644698787075156,3.7164039611816406,2.329031107708519e-05,0.0036471970066732206,-6.2954213717603125e-06,-0.00048713880241848525,0.0004477055364986881,0.07495320844911343,4.841331481933594,-1.4468037899227862e-05,0.001352641614422467,2.065767148451414e-06,-0.0003432494995649904,0.0002826615294907252,0.38670574675517766,6.0691022872924805,-2.1901317582212795e-05,0.0021802715443621523,-2.873027369787451e-06,-0.00038861289212945845,0.00036172082473058276,0.10931192763419303,6.071612358093262,5.589629375576651e-07,0.0008211781567149358,-8.091285792488634e-07,-0.0001260570206795819,0.00012287577555980533
F:\Seminario\Seminario-Clustering\datasets\davi\Al Emadi (2019)\Multiclass_Drone_Audio\unknown\4-188033-A-383.wav,Multiclass_Drone_Audio\unknown\4-188033-A-383.wav,al_emadi,4-188033-A-383,1.0216875,0.12693421008410374,5.342633247375488,-0.0018735410720474616,0.015513686651446286,0.0,-7.09290461600176e-06,2.4761192889855097e-06,0.1526587800360341,3.6908886432647705,6.599199445975326e-05,0.01713671206257374,0.0,-5.304522801452549e-06,2.972958441205272e-06,0.5734907829095243,4.405566692352295,1.6551994357228333e-05,0.02364494544503488,0.0,-2.745211077126441e-06,2.8108099286328017e-06,0.11498697942353263,5.032649040222168,-9.21627679391184e-06,0.007512063303026736,0.0,-6.454984486481389e-07,9.77170543592365e-07,0.031929247546805255,5.421782970428467,-5.016084242263429e-09,0.002803857263453456,0.0,-2.7952597747571417e-07,2.0634522002183076e-07
F:\Seminario\Seminario-Clustering\datasets\davi\Al Emadi (2019)\Multiclass_Drone_Audio\unknown\1-42139-A-381.wav,Multiclass_Drone_Audio\unknown\1-42139-A-381.wav,al_emadi,1-42139-A-381,1.0216875,0.9381341204847853,8.619651794433594,-0.002171205636508228,0.1918474520122171,-0.010425019077956676,-0.21726380288600922,0.2404287457466126,0.05177470779461195,7.857430934906006,-0.000249900108136385,0.04507165796172753,-0.0004007777461083606,-0.037613343074917795,0.041094282269477846,0.005579538744884959,9.199506759643555,-3.818303863537218e-05,0.010533024058152962,2.1056657715234905e-05,-0.01078620320186019,0.011379729863256213,0.0025939302265921118,9.019462585449219,-4.350686453503513e-05,0.005095421759305665,1.598935932634049e-05,-0.003869116655550897,0.00391966928727925,0.0019177027491257422,8.546476364135742,-1.230401486650503e-07,0.003103371497850891,1.899335256894119e-05,-0.001601572090294212,0.0016092349658720197
F:\Seminario\Seminario-Clustering\datasets\davi\Al Emadi (2019)\Multiclass_Drone_Audio\bebop_1\mixed_3-bebop_002_.wav,Multiclass_Drone_Audio\bebop_1\mixed_3-bebop_002_.wav,al_emadi,mixed_3-bebop_002,1.024,0.4563062610443108,8.692916870117188,0.0018201516912736686,0.10343635930641437,0.003617337206378579,-0.12267520278692245,0.12456264346837997,0.04156710024262701,8.919389724731445,7.88794121422424e-05,0.031223796675472183,-0.0008057763334363699,-0.04025550186634064,0.03899175301194191,0.1370076261098377,9.953729629516602,-2.0382067358561385e-05,0.04036326143527727,-7.79077599872835e-05,-0.05170675069093704,0.05195190161466598,0.23127375781458906,10.942277908325195,-0.0005511197572459946,0.03720820358606406,-0.0004597138031385839,-0.04909693673253059,0.04692062437534333,0.1338452547886354,11.939127922058105,9.47409737873623e-05,0.02005138913367286,0.00028316339012235403,-0.025290713645517826,0.025396091863512993
F:\Seminario\Seminario-Clustering\datasets\davi\Al Emadi (2019)\Multiclass_Drone_Audio\bebop_1\B_S2_D1_118-bebop_002_.wav,Multiclass_Drone_Audio\bebop_1\B_S2_D1_118-bebop_002_.wav,al_emadi,B_S2_D1_118-bebop_002,1.024,0.4977769539937629,8.571054458618164,-0.005221069668136983,0.23767444259177312,-0.0038818216416984797,-0.2764885127544403,0.272222638130188,0.06916697067722737,9.053953170776367,-0.0013968625229449506,0.08860643294022315,-0.006552103906869888,-0.11628833413124084,0.11251414567232132,0.09742514756763326,9.957633972167969,-0.00017998302604188156,0.07488689639765302,0.0007791093084961176,-0.09524296969175339,0.09624218493700026,0.20539470566157988,10.938467025756836,0.0008031089419949,0.0771528291609355,0.0020358397159725428,-0.09644256979227066,0.09491605162620546,0.1302362220997966,11.949310302734375,2.246609134024193e-05,0.0435182365920008,0.0002871793258236721,-0.05574055388569832,0.05621795728802681
F:\Seminario\Seminario-Clustering\datasets\davi\Al Emadi (2019)\Multiclass_Drone_Audio\bebop_1\B_S2_D1_094-bebop_001_.wav,Multiclass_Drone_Audio\bebop_1\B_S2_D1_094-bebop_001_.wav,al_emadi,B_S2_D1_094-bebop_001,1.024,0.3280949584050007,7.93263578414917,0.0008339192363573161,0.15487330186297765,-0.002017942490056157,-0.15464943647384644,0.16115157306194305,0.031102838272766813,8.984707832336426,0.0008970092913728292,0.047676704657810855,2.5772669687285088e-05,-0.06020704656839371,0.06113338842988014,0.11720162085239319,9.911262512207031,0.0015784817320922003,0.06589113839423218,0.0005663895281031728,-0.08107688277959824,0.08537483960390091,0.28274027874583424,10.941577911376953,-0.0008189628137827143,0.07263739091604006,0.0012182173086330295,-0.09652154594659805,0.09128395318984986,0.24086030372400508,11.91674518585205,0.0001510276104185431,0.047489665274140364,0.0002972631191369146,-0.06014459393918514,0.06028901785612106
F:\Seminario\Seminario-Clustering\datasets\davi\Al Emadi (2019)\Multiclass_Drone_Audio\unknown\2-37806-A-402.wav,Multiclass_Drone_Audio\unknown\2-37806-A-402.wav,al_emadi,2-37806-A-402,0.97525,0.7546776024413624,8.98287296295166,0.015517687078327416,0.7666917945131859,-0.024868355132639408,-0.94744935631752,1.0531305909156798,0.10036165827446347,8.849413871765137,0.0006389108386861198,0.2796480393491755,0.0021782463882118464,-0.3490430504083633,0.369797933101654,0.07344973750618568,9.703161239624023,-0.0004663131038103506,0.170401263269662,0.0002578340354375541,-0.2064664661884308,0.20450129806995393,0.05326116520566911,10.596076965332031,-0.0014642070447404803,0.10296046120615836,-0.0011379829957149923,-0.126794296503067,0.12131709530949593,0.018249836572319395,11.883840560913086,3.5136827474192414e-05,0.042697252771635726,0.00017816200124798343,-0.05464300699532032,0.054799165576696396
F:\Seminario\Seminario-Clustering\datasets\davi\Al Emadi (2019)\Multiclass_Drone_Audio\unknown\1-21421-A-462.wav,Multiclass_Drone_Audio\unknown\1-21421-A-462.wav,al_emadi,1-21421-A-462,0.97525,0.42661183054708945,9.010543823242188,-0.004614267157954898,0.5327006097114889,0.016812406480312347,-0.7083830177783966,0.6925432801246642,0.2297565222253892,8.931132316589355,-0.009355324602347719,0.39083421770099397,-0.004579416709020734,-0.5025989145040511,0.489507246017456,0.23455068419590894,9.37381649017334,-0.0007043427164751824,0.28135223237584506,0.0004861388588324189,-0.3082198977470398,0.31767286658287053,0.09736924785772347,10.201677322387695,-0.00014127708287701375,0.12863932423744667,0.0003860355936922133,-0.14652013331651687,0.1443104907870293,0.011711715173888968,8.728548049926758,0.0001530920212412306,0.031603107748391826,9.135590516962111e-05,-0.0207084808498621,0.020093943923711777
F:\Seminario\Seminario-Clustering\datasets\davi\Al Emadi (2019)\Multiclass_Drone_Audio\membo_1\extra_membo_D2_2043.wav,Multiclass_Drone_Audio\membo_1\extra_membo_D2_2043.wav,al_emadi,extra_membo_D2,1.0026875,0.9354806346376153,9.178289413452148,-0.0009452767676065845,0.02849254888696307,-0.00016616424545645714,-0.03953307494521141,0.03643641322851181,0.02132063840355261,9.042417526245117,-5.661010328324101e-05,0.004303435578071085,3.37381316057872e-05,-0.0058268924243748185,0.0054527180269360554,0.013551009055824544,9.954383850097656,5.147332574229331e-07,0.0024428580965623796,-3.9473983633797616e-05,-0.003130776947364211,0.0031576558016240598,0.01754311223045591,10.910136222839355,1.5057039635271675e-05,0.0019721541409047946,2.0350214981590398e-05,-0.0024860561126843093,0.0025163694052025678,0.012104605672551654,11.881331443786621,-5.8168297527336765e-06,0.0011604070238883579,-5.417378815764096e-06,-0.0014731761766597629,0.001460743136703968
F:\Seminario\Seminario-Clustering\datasets\davi\Al Emadi (2019)\Multiclass_Drone_Audio\membo_1\Membo_1_046-membo_003_.wav,Multiclass_Drone_Audio\membo_1\Membo_1_046-membo_003_.wav,al_emadi,Membo_1_046-membo_003,1.024,0.6679403423641244,7.5832905769348145,0.0001882312833975908,0.1521182540026554,0.0009768650634214282,-0.11939499527215958,0.12496437132358551,0.026172850713840633,8.773687362670898,0.0001312640789528658,0.0301116275543884,-0.0006422489532269537,-0.036507826298475266,0.03563544154167175,0.07525214781555009,9.967350959777832,-0.000135706268731359,0.03635557036257931,0.0004337129066698253,-0.04730794578790665,0.047135872393846506,0.09245279065948485,10.834673881530762,4.9233847623611255e-05,0.028594540054203022,0.00011623703903751448,-0.035561200231313705,0.03528653085231781,0.13818186844700003,11.731204986572266,3.350360852069928e-05,0.024761306422464456,0.00020544037397485226,-0.029826702550053596,0.03017363417893648
F:\Seminario\Seminario-Clustering\datasets\davi\Al Emadi (2019)\Multiclass_Drone_Audio\membo_1\Membo_2_018-membo_004_.wav,Multiclass_Drone_Audio\membo_1\Membo_2_018-membo_004_.wav,al_emadi,Membo_2_018-membo_004,0.896,0.3095142137411052,9.130205154418945,-0.002112436178362641,0.06624333008061951,-0.0033115779515355825,-0.08657567203044891,0.08467538058757783,0.04220038803987988,8.784199714660645,-5.7894234879497706e-05,0.024472570538271135,-0.0005008688312955201,-0.03012489080429077,0.031065291538834576,0.10188501240328693,9.806821823120117,0.00033719750202100286,0.027099888159259854,0.0007353294058702886,-0.03536860644817352,0.03547034710645676,0.2293930735432929,10.757978439331055,0.00012789973353845126,0.028870657970151016,-0.00015350543253589422,-0.036936954408884046,0.03733301386237144,0.3170073122724351,11.681872367858887,-4.205873890182612e-06,0.02404558664944781,-0.00021410365297924727,-0.02988142129033804,0.030050073191523554
F:\Seminario\Seminario-Clustering\datasets\davi\Al Emadi (2019)\Multiclass_Drone_Audio\bebop_1\B_S2_D1_068-bebop_001_.wav,Multiclass_Drone_Audio\bebop_1\B_S2_D1_068-bebop_001_.wav,al_emadi,B_S2_D1_068-bebop_001,1.024,0.8412268646602118,8.618170738220215,-0.006405817644800299,0.46381228971878125,-0.006553531624376774,-0.5553910732269287,0.5223461389541626,0.013164722296898202,8.823840141296387,2.6136729833036376e-06,0.058027377416357884,-0.0004020555643364787,-0.07367436587810516,0.07147600501775742,0.03574280967427844,9.992258071899414,-0.000854791708756856,0.0680751997547896,-0.0012964570196345448,-0.08845270127058029,0.08707267642021178,0.06391282779923345,10.941980361938477,0.00011750624265851044,0.06459982406993713,-0.00017641241720411927,-0.08259922415018081,0.08497937470674516,0.04595277556937812,11.938895225524902,7.064385458284399e-05,0.03879876107241368,-0.00010828834274434485,-0.048848992213606834,0.05018051527440548
F:\Seminario\Seminario-Clustering\datasets\davi\Al Emadi (2019)\Multiclass_Drone_Audio\membo_1\mixed_membo_56-membo_004_.wav,Multiclass_Drone_Audio\membo_1\mixed_membo_56-membo_004_.wav,al_emadi,mixed_membo_56-membo_004,0.904,0.7493537084927089,7.822681427001953,-0.002882505852582891,0.12580422172187983,-0.004915625788271427,-0.11028610914945602,0.12591174244880676,0.11228684686880476,8.142156600952148,0.0017597846902250604,0.048679556681876325,0.0014833735767751932,-0.050386834889650345,0.053948041051626205,0.053134063749169756,9.348599433898926,-0.0006273899282008239,0.023872391612091717,-0.00034525059163570404,-0.029322010278701783,0.027402138337492943,0.04070227384790182,10.738519668579102,-0.00018423963726831252,0.014836955862501637,-0.00039701780769973993,-0.01884160190820694,0.019005148112773897,0.04452310704141473,11.757444381713867,1.216245579332416e-05,0.010994713054311626,-0.00020773441792698577,-0.013808720279484987,0.014189395122230053
F:\Seminario\Seminario-Clustering\datasets\davi\Al Emadi (2019)\Multiclass_Drone_Audio\unknown\5-177614-A-51.wav,Multiclass_Drone_Audio\unknown\5-177614-A-51.wav,al_emadi,5-177614-A-51,1.0216875,0.2430153315735401,9.160350799560547,0.045005313304778014,0.03395022910281129,0.040426766499876976,0.007702474575489759,0.09167302027344706,0.0016977773285664108,8.52414608001709,-0.0001889874442358259,0.004708227837651148,-0.00015158338646870106,-0.0061271890532225365,0.005805289186537267,0.37368076851729404,7.452966213226318,-2.978259533961686e-05,0.04976481310089716,-5.326933660398936e-06,-0.025285342894494522,0.022084044106304608,0.28384518089694416,9.367596626281738,-5.2314221887512115e-05,0.030773170532216315,1.0971958090522094e-05,-0.022301091067492958,0.02333031389862301,0.0977609416836553,9.86409854888916,-7.727867310858407e-06,0.012792075810685323,-8.89133525561192e-06,-0.006545023573562499,0.0060174304991960584
F:\Seminario\Seminario-Clustering\datasets\davi\Al Emadi (2019)\Multiclass_Drone_Audio\unknown\5-180156-C-431.wav,Multiclass_Drone_Audio\unknown\5-180156-C-431.wav,al_emadi,5-180156-C-431,1.0216875,0.3476197374289209,8.919132232666016,0.006823317395326684,0.6703582255029367,0.021572534926235676,-0.8265336275100708,0.8051059305667879,0.1957265744122767,9.189458847045898,-0.002014173618201784,0.5030355215538318,0.01930123381316662,-0.6832678377628326,0.658842307329178,0.3908653776813795,10.124805450439453,-0.00048266172293542995,0.506053012572637,0.01477851765230298,-0.6645639777183533,0.6486785292625427,0.062034299145354424,11.097195625305176,-0.00015260068184527295,0.14304027902092362,-0.0009200562781188637,-0.18979113847017287,0.18965484648942948,0.0037540113320684563,11.897771835327148,4.9577377443738634e-05,0.024923893610640298,-0.00014759056648472324,-0.0312038566917181,0.03201328590512276
F:\Seminario\Seminario-Clustering\datasets\davi\Al Emadi (2019)\Multiclass_Drone_Audio\membo_1\mixed_membo_23-membo_000_.wav,Multiclass_Drone_Audio\membo_1\mixed_membo_23-membo_000_.wav,al_emadi,mixed_membo_23-membo_000,1.024,0.9747311690792946,9.21117115020752,-0.006023952068367106,0.6292115042745744,-0.021008189767599106,-0.8057839870452881,0.7761408686637878,0.007649178774437844,8.951992988586426,0.0014255671112109439,0.05572363858776686,0.0018643354997038841,-0.06952742487192154,0.07051151990890503,0.007620336746530391,9.937387466430664,-0.0001876822183385361,0.03961485181869436,-0.001824405393563211,-0.050010964274406426,0.05073865950107573,0.004167187734206051,10.886096954345703,-0.00026603983379024044,0.02078600478573302,-0.0006508093792945147,-0.026365644484758376,0.02589873373508454,0.005832127665531176,11.70434856414795,3.342704375042241e-05,0.01741896986959232,-6.554528954438865e-05,-0.021800572052598,0.021753692999482155
F:\Seminario\Seminario-Clustering\datasets\davi\Al Emadi (2019)\Multiclass_Drone_Audio\unknown\2-54086-A-434.wav,Multiclass_Drone_Audio\unknown\2-54086-A-434.wav,al_emadi,2-54086-A-434,0.95975,0.0,-0.0,0.0,0.0,0.0,0.0,0.0,0.0,-0.0,0.0,0.0,0.0,0.0,0.0,0.0,-0.0,0.0,0.0,0.0,0.0,0.0,0.0,-0.0,0.0,0.0,0.0,0.0,0.0,0.0,-0.0,0.0,0.0,0.0,0.0,0.0
F:\Seminario\Seminario-Clustering\datasets\davi\Al Emadi (2019)\Multiclass_Drone_Audio\bebop_1\B_S2_D1_085-bebop_002_.wav,Multiclass_Drone_Audio\bebop_1\B_S2_D1_085-bebop_002_.wav,al_emadi,B_S2_D1_085-bebop_002,1.024,0.6013130248934642,8.399901390075684,0.008065010618605817,0.2629674428173031,0.0051429178565740585,-0.27721935510635376,0.28381577134132385,0.028496597046266583,8.718311309814453,-0.0008116247564741187,0.05726756614398326,-0.0017557567916810513,-0.07178085297346115,0.07021985203027725,0.09655153122448536,9.945913314819336,-0.0003531512608699849,0.07506410753934074,-0.0018756845965981483,-0.0938875824213028,0.09494118839502334,0.16387597140386367,10.91440200805664,0.0009840395723126473,0.06938742076420754,0.00018836009257938713,-0.08642563670873642,0.09137319028377534,0.10976287543192027,11.900525093078613,2.421415624283652e-05,0.04022713558677002,-0.0002522358554415405,-0.050794484093785286,0.050969336181879044
F:\Seminario\Seminario-Clustering\datasets\davi\Al Emadi (2019)\Multiclass_Drone_Audio\bebop_1\B_S2_D1_111-bebop_000_.wav,Multiclass_Drone_Audio\bebop_1\B_S2_D1_111-bebop_000_.wav,al_emadi,B_S2_D1_111-bebop_000,1.024,0.8608954944682573,8.798431396484375,0.013919669306389748,0.45141871725584976,-0.0025166634004563093,-0.5516714453697205,0.5710203051567078,0.007856324099574982,8.881516456604004,-0.00023375009970583193,0.04314336822194229,-0.0016624924028292298,-0.05064480006694794,0.05499238148331642,0.03257134826930862,9.95323371887207,-0.0003390457794282296,0.06254950971133258,-0.0027140723541378975,-0.07908889651298523,0.0799045130610466,0.0581779322872521,10.882682800292969,-1.0851506398513715e-05,0.05931994978744862,7.846087100915611e-05,-0.07450913786888122,0.0755767673254013,0.040498900875607015,11.851555824279785,-3.664432549123911e-05,0.03505643196358183,9.55305622483138e-05,-0.04397558234632015,0.044351547956466675
F:\Seminario\Seminario-Clustering\datasets\davi\Al Emadi (2019)\Multiclass_Drone_Audio\membo_1\mixed_membo_9-membo_000_.wav,Multiclass_Drone_Audio\membo_1\mixed_membo_9-membo_000_.wav,al_emadi,mixed_membo_9-membo_000,1.024,0.23070799854156676,9.009267807006836,-0.0006612665170017669,0.188767005982458,-0.000814428785815835,-0.24433133006095886,0.2424575239419937,0.29568352694767996,8.930733680725098,-0.02761892394648314,0.21191093292142754,-0.024208413437008858,-0.29165777564048767,0.2456231266260147,0.35162536660597027,9.93384838104248,0.0017041832244602557,0.16592671326708128,0.0025168531574308872,-0.21427574753761292,0.21533836126327513,0.10252985399360222,10.845518112182617,0.000278623437597636,0.06358129141011348,-3.6518023989629e-05,-0.07852169126272202,0.07868511080741884,0.01945325391118079,11.889066696166992,5.208311380850924e-06,0.019616843459075484,0.0003941555187338963,-0.024979460053145885,0.024047724902629852
F:\Seminario\Seminario-Clustering\datasets\davi\Al Emadi (2019)\Multiclass_Drone_Audio\unknown\1-54752-A-184.wav,Multiclass_Drone_Audio\unknown\1-54752-A-184.wav,al_emadi,1-54752-A-184,0.95975,0.21455604315559534,8.861687660217285,-0.002331971636429971,0.1843119729019035,0.002145071397535503,-0.24377530813217163,0.22320614010095596,0.23807125844247154,8.53467082977295,0.0023500207819504584,0.1941509837914716,0.004943964071571827,-0.22624623775482178,0.22408223152160645,0.277565890519383,9.740467071533203,0.0036882539899712437,0.14926526452997083,0.007958108559250832,-0.18704921156167983,0.18749390393495563,0.20612488484668812,10.716421127319336,0.0018983939860817292,0.09129228170901457,0.0007727862684987485,-0.11145566776394844,0.11517358794808387,0.06368192303586198,11.75147819519043,5.442868562637089e-05,0.03595376187760485,0.0009167059033643454,-0.04516180194914341,0.04494051523506641
F:\Seminario\Seminario-Clustering\datasets\davi\Al Emadi (2019)\Multiclass_Drone_Audio\membo_1\Membo_0_001-membo_000_.wav,Multiclass_Drone_Audio\membo_1\Membo_0_001-membo_000_.wav,al_emadi,Membo_0_001-membo_000,1.024,0.5165809312464226,9.375880241394043,0.0009693141146998859,0.08064791717032498,8.310602424899116e-05,-0.10396665334701538,0.10549192130565643,0.1105560040636989,9.077728271484375,2.193725789321381e-05,0.0373118211156963,-0.0005974524538032711,-0.0492168627679348,0.05030025541782379,0.07138252363840981,9.964254379272461,-6.782009278643549e-05,0.021347686108120507,0.00010363467299612239,-0.02754971422255039,0.027069516852498046,0.1255524828455487,10.850136756896973,0.00014613032497909313,0.020089421347815196,1.64722678164253e-05,-0.024582218378782272,0.02487831898033619,0.17592805820592,11.943460464477539,2.6689100447479918e-05,0.016844493719874683,-2.7641821134238853e-06,-0.021144108846783638,0.02165441680699587
F:\Seminario\Seminario-Clustering\datasets\davi\Al Emadi (2019)\Multiclass_Drone_Audio\membo_1\mixed_membo_34-membo_002_.wav,Multiclass_Drone_Audio\membo_1\mixed_membo_34-membo_002_.wav,al_emadi,mixed_membo_34-membo_002,1.024,0.5720864316981391,8.765132904052734,0.002039074366835817,0.1338642374669532,0.0003354803193360567,-0.15771248936653137,0.16043391823768616,0.20137875227632565,8.938945770263672,-0.0008906398890479636,0.07942617761376689,-0.00013921568461228162,-0.10443772375583649,0.09955606609582901,0.13049381794448744,9.90009593963623,0.0004699737076565856,0.04552580665892389,0.0003404133894946426,-0.05369865000247955,0.0572881668806076,0.05993086906458339,10.949213027954102,-0.00011431462344016083,0.02189346043835269,-8.003969014680479e-06,-0.028021684661507607,0.028019461780786514,0.03611012901646441,11.852479934692383,-1.5814244831206003e-05,0.012037432581183104,0.00010429295070935041,-0.015070708002895117,0.015085399616509676
F:\Seminario\Seminario-Clustering\datasets\davi\Al Emadi (2019)\Multiclass_Drone_Audio\bebop_1\mixed_60-bebop_002_.wav,Multiclass_Drone_Audio\bebop_1\mixed_60-bebop_002_.wav,al_emadi,mixed_60-bebop_002,1.024,0.4736749775325763,9.182234764099121,-0.0010753172250056052,0.3170051480764452,-0.00038620090344920754,-0.41056373715400696,0.41646823287010193,0.4116041792210031,9.108640670776367,0.0005689339374729718,0.2955069355948247,-0.005561885889619589,-0.38745442032814026,0.39098620414733887,0.07894797949875061,10.033955574035645,0.0006763703060683243,0.09214868090899064,-0.009635861031711102,-0.11432604193687439,0.12988121509552,0.022629112813136728,10.972146987915039,0.00038801672606990763,0.035006330923664085,0.0002862612600438297,-0.04414459839463234,0.04535772129893303,0.013143750934533207,11.933321952819824,-8.719825207325416e-05,0.018898146787936256,-0.0002909534960053861,-0.024137351661920547,0.024141596630215645
F:\Seminario\Seminario-Clustering\datasets\davi\Al Emadi (2019)\Multiclass_Drone_Audio\unknown\5-201194-A-382.wav,Multiclass_Drone_Audio\unknown\5-201194-A-382.wav,al_emadi,5-201194-A-382,0.97525,0.04082417652909136,7.83343505859375,-0.0002460840909826473,0.00796971103154373,-0.0002068825051537715,-0.007907121628522872,0.007405674271285533,0.13527345431699747,6.8270673751831055,0.0007778031518862558,0.014493477448258553,-1.0097098765982082e-06,-0.006594622461125252,0.010077870544046151,0.6106712740178394,6.888093948364258,-0.00011520739474789641,0.0219653891803805,-3.931539140467066e-06,-0.005114633962512017,0.004961576964706183,0.09932020988313534,7.810819625854492,-0.00024363496749834273,0.006281498303307986,-5.19782634000876e-06,-0.0016533298417925832,0.0013525049085728838,0.11391088525293648,7.993069648742676,3.268985381056368e-05,0.004768752767246233,3.581281049491736e-07,-0.0006709501321893185,0.0006732994806952775
F:\Seminario\Seminario-Clustering\datasets\davi\Al Emadi (2019)\Multiclass_Drone_Audio\unknown\5-194899-D-34.wav,Multiclass_Drone_Audio\unknown\5-194899-D-34.wav,al_emadi,5-194899-D-34,0.95975,0.5927680492620513,7.68670129776001,-0.00013741808376139294,0.11690433088957827,4.6698510232090484e-06,-0.12088865414261818,0.12730248644948006,0.28390244206058896,7.010368824005127,-0.0006845714953859367,0.08090167487995849,-4.474476918403525e-05,-0.059667374938726425,0.0602202694863081,0.1170795308605827,8.371552467346191,-0.00011792169094827074,0.037001310993226094,-4.590978051055572e-06,-0.037524473294615744,0.03190599195659161,0.005983472700001328,9.032395362854004,-4.895065083259328e-05,0.005936017700162071,-4.961500053468626e-06,-0.005031354771926999,0.004778462462127206,0.0002665051167757474,10.082619667053223,-3.993925180383241e-06,0.0008874741106032393,-9.988187628096057e-07,-0.0007231945579405874,0.0006959602353163067
F:\Seminario\Seminario-Clustering\datasets\davi\Al Emadi (2019)\Multiclass_Drone_Audio\unknown\1-46938-B-71.wav,Multiclass_Drone_Audio\unknown\1-46938-B-71.wav,al_emadi,1-46938-B-71,1.0216875,0.69519956185834,6.618512153625488,0.003444695122111243,0.17019297024441613,0.001747217436786741,-0.10137424543499945,0.11716653779149057,0.15819974565312914,7.123445510864258,6.513512291959847e-05,0.08120420949541679,0.00010099599967361428,-0.06228490993380546,0.060605359822511716,0.11179553441230548,8.796711921691895,0.00010911422486706091,0.04859508085142849,-0.0004761468298966065,-0.04807732999324798,0.04556857831776142,0.02360582799666456,10.150381088256836,9.434846783797725e-05,0.015843208476506086,0.00013505813694791868,-0.016942434944212433,0.016663424298167234,0.01119933007956085,11.094106674194336,2.552169681759265e-05,0.007729674332108876,3.056643527088454e-05,-0.00796015579253435,0.008035524096339942
F:\Seminario\Seminario-Clustering\datasets\davi\Al Emadi (2019)\Multiclass_Drone_Audio\unknown\3-127890-B-90.wav,Multiclass_Drone_Audio\unknown\3-127890-B-90.wav,al_emadi,3-127890-B-90,1.0216875,0.07576340312841157,8.980731964111328,0.001588012062492946,0.1318800692393911,0.004741840763017535,-0.16776579171419143,0.16621309518814087,0.05066525386467875,8.905146598815918,-0.01630101226283279,0.10661495970051534,-0.014925965573638678,-0.1573875740170479,0.12136288136243827,0.6592648239746184,9.866596221923828,0.010710290104299853,0.2767523112057909,0.006135109579190612,-0.344102731347084,0.36443392038345335,0.19787964404094532,10.81807804107666,2.6210714076758347e-05,0.10765813871709828,-0.0005701354239135981,-0.13393576443195343,0.1349337548017502,0.016426874991345982,11.718949317932129,6.115957492837491e-06,0.02197101372222718,0.0002155145994038321,-0.02721764035522938,0.026782627962529663
F:\Seminario\Seminario-Clustering\datasets\davi\Al Emadi (2019)\Multiclass_Drone_Audio\membo_1\mixed_membo_46-membo_000_.wav,Multiclass_Drone_Audio\membo_1\mixed_membo_46-membo_000_.wav,al_emadi,mixed_membo_46-membo_000,1.024,0.9000513714781683,8.814987182617188,0.009658590181120145,0.47043756517335783,0.01421270426362753,-0.6017787456512451,0.6312961578369141,0.09145202784100447,8.882814407348633,-0.000622268324429001,0.1499867117927073,0.001734861871227622,-0.1894873082637787,0.18472695350646973,0.004600075378755654,9.77970027923584,-1.4160132625423664e-05,0.023952120726357922,-0.00032044510589912534,-0.02941468060016632,0.02978292517364025,0.0018804354884366624,10.775569915771484,-5.2259278858701534e-05,0.010866632498493907,8.851484017213807e-05,-0.013769841939210891,0.013004621677100663,0.002016089813634913,11.81230640411377,-3.0405849143600816e-05,0.007969796519650059,-8.258916204795241e-05,-0.009769834112375975,0.009796103462576866
F:\Seminario\Seminario-Clustering\datasets\davi\Al Emadi (2019)\Multiclass_Drone_Audio\unknown\5-198278-C-73.wav,Multiclass_Drone_Audio\unknown\5-198278-C-73.wav,al_emadi,5-198278-C-73,1.0216875,0.6983973639489104,8.953864097595215,-0.00418764157205725,0.24487009449244487,-0.00928414473310113,-0.3079976260662079,0.31312598288059235,0.1492641648677202,8.888376235961914,0.002896076621511786,0.11318363059698511,-0.001682575384620577,-0.13831857591867447,0.14191726595163356,0.09431227755454032,9.876829147338867,-0.0004635058678079914,0.06406577198883263,-0.0015808382886461914,-0.0826454184949398,0.08046020418405532,0.03201533825211854,10.93730354309082,0.00026578448098349194,0.0264832064524614,-9.450496872887015e-05,-0.032958698645234104,0.03451406806707383,0.026010855376710492,11.898870468139648,7.966788013886081e-05,0.016908776538706104,2.1969341332805925e-06,-0.02112407926470041,0.021675202064216137
F:\Seminario\Seminario-Clustering\datasets\davi\Al Emadi (2019)\Multiclass_Drone_Audio\unknown\3-151206-A-233.wav,Multiclass_Drone_Audio\unknown\3-151206-A-233.wav,al_emadi,3-151206-A-233,1.0216875,0.13538399745486102,7.392130374908447,-0.0004689485816350789,0.007678662021046333,-8.800738942227326e-05,-0.006409383146092296,0.005738696642220023,0.1695070926949001,6.663663864135742,-7.268779102938452e-05,0.008607732521935111,1.2255790693416202e-06,-0.003757009608671069,0.0040186426136642915,0.5785029887200785,7.778206825256348,8.511673034959507e-05,0.011320253538245924,1.8516831914894283e-05,-0.004830133775249123,0.005278177792206407,0.0842062217667346,8.707533836364746,5.349873941194018e-05,0.003063949493048646,1.0916977544184192e-06,-0.001126742293126881,0.001328240672592075,0.032399699363425766,9.634712219238281,-3.4967345594260944e-06,0.0013463904900184937,1.7715014450914168e-06,-0.0005248232511803507,0.0005008677660953254
F:\Seminario\Seminario-Clustering\datasets\davi\Al Emadi (2019)\Multiclass_Drone_Audio\unknown\4-223125-A-143.wav,Multiclass_Drone_Audio\unknown\4-223125-A-143.wav,al_emadi,4-223125-A-143,1.0216875,0.288542138060633,9.009086608886719,-0.0013813365372101099,0.038161657404005844,-0.0008596210973337293,-0.053238272294402124,0.04743000790476799,0.035834050852357004,8.96345329284668,0.0005078294144388733,0.01344761964079421,0.00045547181798610836,-0.017178785987198353,0.01820020601153374,0.040430608535791286,9.881568908691406,-0.0007512172482135058,0.01014800646560648,-0.0005545869353227317,-0.013577541243284941,0.011605872958898544,0.1228019425060344,10.884458541870117,-1.564709412545227e-05,0.012582722837446204,0.0001296315240324475,-0.01607348080724478,0.015487854834645993,0.5123912600451843,11.664222717285156,-7.758216572017551e-05,0.018205204214080277,4.185155859204315e-06,-0.022249349951744078,0.02190124746412039
F:\Seminario\Seminario-Clustering\datasets\davi\Al Emadi (2019)\Multiclass_Drone_Audio\bebop_1\B_S2_D1_080-bebop_003_.wav,Multiclass_Drone_Audio\bebop_1\B_S2_D1_080-bebop_003_.wav,al_emadi,B_S2_D1_080-bebop_003,1.024,0.5717449335876467,8.78287410736084,0.0001245976775064072,0.25406435178499964,0.0010258299298584461,-0.3042750954627991,0.31066009402275085,0.03282086377386281,8.950894355773926,0.0007380313904170291,0.06086753404755623,-0.002366478554904461,-0.07830653339624405,0.07880119234323502,0.10692953254966699,9.960780143737793,0.0012332135031550907,0.07822385406061196,0.0033417397644370794,-0.09834433943033218,0.10132758170366286,0.17006363952276593,10.926444053649902,0.00041928230999475533,0.07000861827197266,0.0006402048165909946,-0.08844898492097854,0.08949612975120545,0.11844103056605759,11.929000854492188,4.8527916270695395e-06,0.041383699344006764,3.114005994575564e-05,-0.052645500749349594,0.053152915090322495
F:\Seminario\Seminario-Clustering\datasets\davi\Al Emadi (2019)\Multiclass_Drone_Audio\unknown\2-25293-A-224.wav,Multiclass_Drone_Audio\unknown\2-25293-A-224.wav,al_emadi,2-25293-A-224,0.95975,0.0,-0.0,0.0,0.0,0.0,0.0,0.0,0.0,-0.0,0.0,0.0,0.0,0.0,0.0,0.0,-0.0,0.0,0.0,0.0,0.0,0.0,0.0,-0.0,0.0,0.0,0.0,0.0,0.0,0.0,-0.0,0.0,0.0,0.0,0.0,0.0
F:\Seminario\Seminario-Clustering\datasets\davi\Al Emadi (2019)\Multiclass_Drone_Audio\unknown\1-85123-A-311.wav,Multiclass_Drone_Audio\unknown\1-85123-A-311.wav,al_emadi,1-85123-A-311,1.0216875,0.9982065516198005,9.020222663879395,-3.727277048675962e-05,0.17154205067361353,0.0004797015499207191,-0.22361989170312882,0.20585869997739797,0.0011715011769290074,8.274368286132812,-5.589010685654304e-05,0.005876410074433399,-4.676306889450643e-05,-0.006620035693049431,0.006699755741283303,0.00037847290229919687,9.943711280822754,-1.4935404259684008e-05,0.002377795943266569,3.871949388667417e-06,-0.0030931092798709868,0.002978220605291426,0.00012234349844064373,10.947537422180176,3.2927717145172654e-06,0.0009592099800377875,-1.3050872382791567e-06,-0.0012145896209403873,0.001226605591364205,0.0001211308025306363,11.961660385131836,1.0390888455426284e-06,0.000676050112053868,-1.7027317653628415e-06,-0.0008663989836350083,0.0008676519035361707
F:\Seminario\Seminario-Clustering\datasets\davi\Al Emadi (2019)\Multiclass_Drone_Audio\unknown\3-101381-B-332.wav,Multiclass_Drone_Audio\unknown\3-101381-B-332.wav,al_emadi,3-101381-B-332,0.97525,0.625549890776625,6.942775726318359,-0.0003496080179584367,0.04204809035979697,-1.1617153177212458e-05,-0.03063874505460262,0.022221799753606317,0.3504472972039164,6.5898895263671875,-0.00019084680209220238,0.03147267779321125,-1.288649571051792e-06,-0.01196924382820725,0.014964402467012403,0.02296397951887525,6.8822340965271,1.0810709593293577e-05,0.0057385667160510185,-1.8724318806562223e-07,-0.002583458600565791,0.0019620227627456205,0.0010341417343691752,7.128219127655029,-3.0021450865798203e-07,0.0008641723733400139,6.390716578152933e-07,-0.00013437198067549612,0.00014083568676142026,4.690766214176392e-06,6.442164421081543,7.003923668549784e-08,4.122808402010209e-05,-6.420898318246215e-12,-2.289405711053405e-05,2.3316065380640794e-05
F:\Seminario\Seminario-Clustering\datasets\davi\Al Emadi (2019)\Multiclass_Drone_Audio\unknown\2-32515-C-41.wav,Multiclass_Drone_Audio\unknown\2-32515-C-41.wav,al_emadi,2-32515-C-41,1.0216875,0.05647819355935934,8.265925407409668,-0.003694823119456431,0.2564074623579557,-0.0005467567971209064,-0.3032727688550949,0.31124551892280583,0.02597917333606779,7.19052791595459,-0.009817105926003933,0.17364209690061597,0.0010892514837905765,-0.15114592760801315,0.13056470751762406,0.21735361498214267,8.451799392700195,-0.0011056125782311142,0.3581146403041006,-0.0003790634364122525,-0.30485296845436094,0.2877765446901321,0.6962243019638051,9.370489120483398,0.0002829882554264119,0.45475267438721156,-0.00040252605685964227,-0.3703403532505035,0.3587578088045124,0.003964716158625036,9.437885284423828,2.4594380493772426e-06,0.024307097848486694,-6.4083992583618965e-06,-0.012542686983942985,0.012629344500601295
F:\Seminario\Seminario-Clustering\datasets\davi\Al Emadi (2019)\Multiclass_Drone_Audio\bebop_1\mixed_55-bebop_001_.wav,Multiclass_Drone_Audio\bebop_1\mixed_55-bebop_001_.wav,al_emadi,mixed_55-bebop_001,1.024,0.3992308786217366,7.519987106323242,0.0029088071860591726,0.10999689965152191,0.0004126079729758203,-0.07345334440469742,0.0948987826704979,0.11077643285141799,8.923897743225098,0.0007677140010507202,0.05795698425211807,-0.0013015950098633766,-0.07262106984853745,0.07378052920103073,0.22412721514493708,9.884552001953125,-0.0009666601928047029,0.05869624217894373,-0.001939465757459402,-0.07568871676921844,0.07253675907850266,0.1711771537602176,10.791412353515625,0.0006493627399927131,0.03639861830649373,0.0007919821073301136,-0.0446417286992073,0.045018457621335994,0.09468831962169073,11.676470756530762,-2.0729377067517425e-05,0.019178018754210744,7.43664895708207e-05,-0.022999693639576435,0.02298366092145443
F:\Seminario\Seminario-Clustering\datasets\davi\Al Emadi (2019)\Multiclass_Drone_Audio\unknown\2-160888-A-471.wav,Multiclass_Drone_Audio\unknown\2-160888-A-471.wav,al_emadi,2-160888-A-471,1.0216875,0.9638862853073482,9.099315643310547,0.034745857617768945,1.0586457243944523,0.03988237679004669,-1.3863809704780579,1.4108800888061523,0.019775648416940513,8.955451965332031,-0.003451794656231299,0.15167866078933614,-0.002890127361752093,-0.19428212493658065,0.18405953496694574,0.012598819150215006,9.73673152923584,-0.00029022473526525553,0.08620637316283492,0.0009476757550146431,-0.10615189671516419,0.10804429426789283,0.0032467253944911604,10.615989685058594,0.00014314290395844173,0.031049538297387307,-0.00011317061944282614,-0.03710132203996181,0.03691658265888692,0.0004925217310051527,11.333643913269043,-2.2306543391723138e-05,0.008565929600720081,7.799530430929735e-05,-0.00951694343239069,0.009427854977548125
F:\Seminario\Seminario-Clustering\datasets\davi\Al Emadi (2019)\Multiclass_Drone_Audio\unknown\5-248341-A-60.wav,Multiclass_Drone_Audio\unknown\5-248341-A-60.wav,al_emadi,5-248341-A-60,1.0216875,0.5200732586857799,7.45860481262207,-0.0005936973825173621,0.05526592625899079,6.485872290795669e-06,-0.05093449130654335,0.0446953397244215,0.41810031085536625,7.390101432800293,-0.0011424062012909291,0.04954217355206883,-0.0001826622901717201,-0.04998068250715733,0.036677722632885004,0.05319734407167492,8.440957069396973,-0.00018010050018076187,0.012582186413720024,-0.00012369858450256288,-0.011064167972654103,0.010253473185002802,0.0054908604129545536,9.126116752624512,2.636917570871163e-05,0.0028682534391090636,-2.0572410903696436e-05,-0.0023371282033622263,0.0023126488318666832,0.0031382259742243506,11.27043342590332,1.3517817515586483e-05,0.0015359152572059598,1.2600234640558483e-05,-0.0017116023926064372,0.0017501327092759313
F:\Seminario\Seminario-Clustering\datasets\davi\Al Emadi (2019)\Multiclass_Drone_Audio\membo_1\Membo_1_004-membo_000_.wav,Multiclass_Drone_Audio\membo_1\Membo_1_004-membo_000_.wav,al_emadi,Membo_1_004-membo_000,1.024,0.5965117269649698,8.528266906738281,-0.0016997132641060882,0.10674316747670819,-0.0022180648520588875,-0.12150491029024124,0.1168728619813919,0.04304346909789267,9.089437484741211,7.029618844640662e-05,0.028677281875414094,-0.00030195803265087306,-0.0370686873793602,0.038059789687395096,0.07854557435636379,9.935866355895996,0.0001160869574688951,0.027583182877277238,0.0006047278293408453,-0.035630930215120316,0.0347640685737133,0.1396287799296219,10.960546493530273,7.899166536299428e-05,0.02609648864046709,0.0008293072460219264,-0.03414543569087982,0.032656657695770266,0.14227044965115193,11.920278549194336,5.790694046202283e-06,0.018658579761755098,-4.848056960327085e-05,-0.023826690390706062,0.023570011369884014
F:\Seminario\Seminario-Clustering\datasets\davi\Al Emadi (2019)\Multiclass_Drone_Audio\unknown\2-73544-A-272.wav,Multiclass_Drone_Audio\unknown\2-73544-A-272.wav,al_emadi,2-73544-A-272,0.97525,0.013796674729216802,7.714788436889648,-0.00043872602055351946,0.014211674535345593,-7.888169056968763e-05,-0.01452459217980504,0.013416577782481906,0.04447683603613363,7.183676719665527,-0.00011789050286741788,0.02552861103326544,-0.0007506449182983488,-0.020168999210000038,0.019313741102814665,0.21456991211642476,8.21853256225586,6.49773765740698e-05,0.03993916820791528,0.00020337117894086987,-0.03367784470319748,0.03367027565836908,0.37582202442219753,9.039748191833496,-0.00016608464627185772,0.037508683297196366,0.0001208869434776716,-0.030211970582604407,0.028729034774005416,0.3513345526960273,10.003257751464844,5.318357999660417e-05,0.02569011077107538,-0.00017790717538446188,-0.01968533731997013,0.020649402402341366
F:\Seminario\Seminario-Clustering\datasets\davi\Al Emadi (2019)\Multiclass_Drone_Audio\unknown\4-213915-C-30.wav,Multiclass_Drone_Audio\unknown\4-213915-C-30.wav,al_emadi,4-213915-C-30,1.0216875,0.8767339606133031,8.323710441589355,0.01657803976992305,1.5800288180506363,-0.014133806806057692,-1.8819362998008728,1.8749786734580993,0.0607983915800069,8.859607696533203,0.0075390772452302015,0.41603488770435854,0.014864903409034014,-0.5114151298999786,0.48163385093212135,0.05218054639408524,9.687241554260254,-0.0037914815236134306,0.2743931142901903,-0.003245183383114636,-0.33089703023433686,0.32115717828273765,0.010005310198155119,10.497968673706055,-5.7982479721899034e-05,0.08525808878193376,0.001868477265816182,-0.09988871961832047,0.10152675583958636,0.0002817912144496372,11.529683113098145,-2.9266474066236276e-05,0.010134647268396297,8.150207122525899e-06,-0.012025239504873752,0.01168427374213934
F:\Seminario\Seminario-Clustering\datasets\davi\Al Emadi (2019)\Multiclass_Drone_Audio\bebop_1\mixed_3-bebop_001_.wav,Multiclass_Drone_Audio\bebop_1\mixed_3-bebop_001_.wav,al_emadi,mixed_3-bebop_001,1.024,0.25566300991318586,8.395992279052734,0.001213351545921475,0.06432085565584066,0.0026004777755588293,-0.06807079166173935,0.07158305495977402,0.04614511799697694,8.938434600830078,-0.00021099036162060958,0.027330341337552994,-0.0003745069552678615,-0.0348321832716465,0.03637105971574783,0.1714643393271209,9.971038818359375,0.00033367259880658827,0.037511685082334954,-0.0005661085015162826,-0.04660404548048973,0.04820542559027671,0.3096386460349451,10.948795318603516,0.00018376592271991175,0.035770739341818576,0.00035633990773931146,-0.045627950876951213,0.04602778851985932,0.21708888672777113,11.944451332092285,-9.773066933270425e-05,0.021215091841687995,5.292039713822305e-05,-0.0276589784771204,0.027320485562086105
F:\Seminario\Seminario-Clustering\datasets\davi\Al Emadi (2019)\Multiclass_Drone_Audio\membo_1\Membo_1_029-membo_002_.wav,Multiclass_Drone_Audio\membo_1\Membo_1_029-membo_002_.wav,al_emadi,Membo_1_029-membo_002,1.024,0.30567912496270494,9.272872924804688,0.0008833232868926524,0.06769227340222311,0.0014363434165716171,-0.08785704523324966,0.08830106258392334,0.04626476656679745,8.897308349609375,-0.00011047915783112917,0.02633689496300114,-0.00043364526936784387,-0.03266306221485138,0.03359377011656761,0.11042820001079631,9.990758895874023,-5.9261186528833334e-05,0.02897236725153852,0.00010522907541599125,-0.03695041909813881,0.03809908851981163,0.23487600539231537,10.967931747436523,0.00024883437268976183,0.029981853595547545,0.0004016283492092043,-0.03835584670305252,0.03882402554154396,0.302751903067386,11.888659477233887,-4.2766540643053845e-06,0.024111388147480962,-0.00020245360065018758,-0.030577607452869415,0.03081362694501877
F:\Seminario\Seminario-Clustering\datasets\davi\Al Emadi (2019)\Multiclass_Drone_Audio\unknown\2-66637-B-202.wav,Multiclass_Drone_Audio\unknown\2-66637-B-202.wav,al_emadi,2-66637-B-202,0.97525,0.05610802880524022,7.53380823135376,8.061367046950378e-05,0.05792833372595892,1.2923959275212837e-05,-0.04362999461591243,0.043275568261742586,0.7024325933437368,6.3578338623046875,-0.0031077614920484633,0.20494218519953739,0.00010905032286245842,-0.06342725902795791,0.08777450993657109,0.19988159401529595,7.175657272338867,0.00048501003955837553,0.07787664474033423,-4.467388862394728e-05,-0.026885118708014487,0.031020544096827578,0.027168541588555504,7.641793727874756,5.827641742472666e-05,0.02037466242685543,-2.6541348233877216e-05,-0.010136938374489545,0.00982775464653969,0.014409242247171637,10.141194343566895,-1.887186589118086e-05,0.010510912402827284,5.9916173995588906e-05,-0.009143301285803318,0.009017284959554672
F:\Seminario\Seminario-Clustering\datasets\davi\Al Emadi (2019)\Multiclass_Drone_Audio\unknown\5-213855-A-03.wav,Multiclass_Drone_Audio\unknown\5-213855-A-03.wav,al_emadi,5-213855-A-03,1.0216875,0.011288553023688355,8.097299575805664,-0.0010493934572555225,0.045070676277267754,-0.0003337903181090951,-0.049551450088620184,0.05107501745223999,0.14774529498204156,6.385044097900391,0.00038266092921543436,0.16309785932287404,0.0002613790857139975,-0.06669805496931076,0.060593482106924064,0.8233208681236563,6.892096996307373,6.828404653573692e-05,0.2740832664941386,2.4002222744456958e-05,-0.09071624204516411,0.0931221395730972,0.017459037603215294,8.531636238098145,3.01923290489265e-05,0.02831834934347113,6.552832928718999e-05,-0.015911838226020332,0.015302587300539017,0.00018624626739846653,9.768821716308594,-2.0535859998772e-07,0.0020717059475161624,4.495325356401736e-06,-0.0012866726843640207,0.001339106366503984
F:\Seminario\Seminario-Clustering\datasets\davi\Al Emadi (2019)\Multiclass_Drone_Audio\unknown\5-189795-A-44.wav,Multiclass_Drone_Audio\unknown\5-189795-A-44.wav,al_emadi,5-189795-A-44,0.95975,0.0033601139768153175,8.791604995727539,0.004228134248637109,0.05516176002536597,0.006670710863545537,-0.06793852522969246,0.07268025353550911,0.00864289715672849,6.429668426513672,0.003134938263843544,0.08867303112668719,0.0014884970150887966,-0.06240279786288738,0.07792899757623672,0.3243726966869873,8.218512535095215,-0.03163909171279904,0.3858249117141509,-0.007657586829736829,-0.3483256012201309,0.23683830052614227,0.6554709347478986,9.582771301269531,-0.00012761905063645657,0.39053021571131,-4.497550617088564e-05,-0.3791633039712905,0.35186676084995266,0.00815335743157027,9.300561904907227,7.098878534043997e-05,0.03085454090940556,-0.00016147729911608621,-0.02104058563709259,0.021132377721369267
F:\Seminario\Seminario-Clustering\datasets\davi\Al Emadi (2019)\Multiclass_Drone_Audio\membo_1\mixed_membo_63-membo_002_.wav,Multiclass_Drone_Audio\membo_1\mixed_membo_63-membo_002_.wav,al_emadi,mixed_membo_63-membo_002,1.024,0.6323641639721379,8.967924118041992,0.004187412250449847,0.244099272581959,0.005147580988705158,-0.3064175844192505,0.3178256154060364,0.07336917671194881,8.980010032653809,-0.001361787950814007,0.08314676360109098,-0.001688486780039966,-0.10713972896337509,0.10673549026250839,0.0503069277286756,9.946645736694336,-0.0005744316413339815,0.049026688152067295,-0.0008703064522705972,-0.06347572207450866,0.06352702528238297,0.06921812708680138,10.765542984008789,-0.00016846245554281194,0.04080974779060709,-0.000133235749672167,-0.050328460335731504,0.050285662710666666,0.17474160450043633,11.461263656616211,-6.865259938723706e-05,0.045928265628067046,0.00034241135290358216,-0.05238603800535202,0.05275116302073002
F:\Seminario\Seminario-Clustering\datasets\davi\Al Emadi (2019)\Multiclass_Drone_Audio\bebop_1\mixed_40-bebop_001_.wav,Multiclass_Drone_Audio\bebop_1\mixed_40-bebop_001_.wav,al_emadi,mixed_40-bebop_001,1.024,0.5525689929739727,8.968067169189453,0.0050953137391485225,0.4002301507406164,0.02852596528828144,-0.515773355960846,0.5242365002632141,0.0746811913005799,8.697437286376953,0.0028929735098038325,0.14712057539627646,-0.0026296135038137436,-0.17596660554409027,0.18965710699558258,0.07968014065036384,9.851940155029297,-4.5951386880159005e-06,0.10822523075899199,-0.00016972112643998116,-0.13460246324539185,0.13554118275642393,0.1321269620104899,10.850388526916504,0.0013145809472668575,0.09888263029838916,0.0003462245804257691,-0.1226171314716339,0.12748686075210575,0.16094271306459368,11.780929565429688,1.8346484299943414e-05,0.07730774250691728,0.00013671857595909387,-0.09576055780053139,0.09683606028556824
F:\Seminario\Seminario-Clustering\datasets\davi\Al Emadi (2019)\Multiclass_Drone_Audio\membo_1\Membo_0_038-membo_004_.wav,Multiclass_Drone_Audio\membo_1\Membo_0_038-membo_004_.wav,al_emadi,Membo_0_038-membo_004,0.896,0.5084251753244342,9.197935104370117,0.0018528404018202471,0.08347209533474727,0.006245913915336132,-0.10916956067085266,0.11209793090820314,0.05154415626383583,8.827611923217773,0.00015322132308910716,0.026583811852382972,-4.1918578062905e-05,-0.032807744294404986,0.03457225188612939,0.08386899154131866,9.661766052246094,-0.00012216151898927552,0.024168700355381233,0.0003556855663191527,-0.03049765042960644,0.029748702794313436,0.16985878095795098,10.656023979187012,8.853799133580442e-06,0.024418946534539025,-0.00047795524005778134,-0.029921448230743407,0.030160969123244282,0.18630289591246033,11.692493438720703,1.1241832661251014e-05,0.01811851571796646,-0.00022140589862829074,-0.02272643055766821,0.022833745554089558
F:\Seminario\Seminario-Clustering\datasets\davi\Al Emadi (2019)\Multiclass_Drone_Audio\membo_1\Membo_2_014-membo_003_.wav,Multiclass_Drone_Audio\membo_1\Membo_2_014-membo_003_.wav,al_emadi,Membo_2_014-membo_003,1.024,0.8140451318142948,8.675139427185059,-0.00012500342721567906,0.14509054266615232,0.0031739845871925354,-0.17699716985225677,0.16677194833755493,0.008923976546300973,9.103445053100586,-0.0001116705168950822,0.015190864919335715,-0.0005635780398733914,-0.020188936963677406,0.02036745473742485,0.040569808141612734,9.995563507080078,-0.00011539229349057239,0.023062838967542465,0.0006093652918934822,-0.02951886095106601,0.030565945804119105,0.052060753016379635,10.933560371398926,-5.490817871553756e-05,0.018538699454823386,-0.0005333324079401791,-0.02325627915561199,0.024030786752700806,0.08440033048141184,11.938140869140625,-1.176412581397078e-05,0.01671947268091154,-0.0002230681711807847,-0.021000114269554615,0.02152168657630682
F:\Seminario\Seminario-Clustering\datasets\davi\Al Emadi (2019)\Multiclass_Drone_Audio\bebop_1\mixed_18-bebop_000_.wav,Multiclass_Drone_Audio\bebop_1\mixed_18-bebop_000_.wav,al_emadi,mixed_18-bebop_000,1.024,0.6087555005932801,8.696745872497559,0.004665482349563736,0.14769189108659747,0.0047490764409303665,-0.1731557697057724,0.185716912150383,0.03094833305072863,8.915426254272461,0.00013569704589582837,0.033317072572376115,0.001189782633446157,-0.04176197946071625,0.04241979494690895,0.08094578739478456,9.975095748901367,-0.0005359775413750363,0.03836261679396858,-0.0006961732287891209,-0.0496869795024395,0.0488245740532875,0.1572617824183276,10.939861297607422,-0.0005993872086234353,0.03794199184040815,-0.0007624615100212395,-0.04884323924779892,0.04785267934203148,0.12208859654287905,11.944548606872559,-0.00014959857492227605,0.023681884726356715,-0.0001893485023174435,-0.03007440734654665,0.030123386532068253
F:\Seminario\Seminario-Clustering\datasets\davi\Al Emadi (2019)\Multiclass_Drone_Audio\membo_1\mixed_membo_0-membo_002_.wav,Multiclass_Drone_Audio\membo_1\mixed_membo_0-membo_002_.wav,al_emadi,mixed_membo_0-membo_002,1.024,0.8070237519599915,8.946297645568848,-0.0021225125608069877,0.26767406258438253,-0.00105440360493958,-0.33699867129325867,0.33148130774497986,0.03617063611710565,8.521541595458984,0.0006126948842163855,0.05666690401832458,0.0003114162536803633,-0.06548108160495758,0.06166334077715874,0.03899599583363978,9.647485733032227,-0.00021593808461129135,0.04189698127932997,0.0002801365335471928,-0.050651987642049784,0.0478386141359806,0.04929753134362756,10.79509162902832,-0.0006739797232922955,0.033420427635925044,-0.0002856872451957315,-0.04275224059820175,0.04019855484366417,0.06851208474563548,11.758722305297852,-0.0001502050978560744,0.027911918473464418,3.661320261016954e-05,-0.035178717225790024,0.03407901152968407
F:\Seminario\Seminario-Clustering\datasets\davi\Al Emadi (2019)\Multiclass_Drone_Audio\unknown\5-188655-A-101.wav,Multiclass_Drone_Audio\unknown\5-188655-A-101.wav,al_emadi,5-188655-A-101,1.0216875,0.5683632445412871,8.956962585449219,-0.0008197105306722205,0.1443795300940066,-0.004417774034664035,-0.18516841381788254,0.18547561317682268,0.1360342510659574,8.989481925964355,0.0004746404054801917,0.07063402518122436,-0.0015876135439611971,-0.09162304028868676,0.09216959327459336,0.06971432843127656,9.8885498046875,-0.0006510240934997937,0.035991088133444656,-3.671319063869305e-05,-0.04514987543225288,0.04372050762176514,0.057472260718311984,10.21957778930664,-6.795541049871821e-05,0.023189550043747918,0.00017873057367978618,-0.02594200503081083,0.025951856374740605,0.16841591524316696,10.315755844116211,-5.5353773473243486e-05,0.028117846616492064,-7.058920527924784e-05,-0.026203257963061333,0.02576659694314004
F:\Seminario\Seminario-Clustering\datasets\davi\Al Emadi (2019)\Multiclass_Drone_Audio\bebop_1\mixed_58-bebop_002_.wav,Multiclass_Drone_Audio\bebop_1\mixed_58-bebop_002_.wav,al_emadi,mixed_58-bebop_002,1.024,0.4546792890202904,8.406740188598633,-0.004230971020490469,0.0915948325991913,-0.0030845303554087877,-0.11221503466367722,0.097343310713768,0.02465811638992107,8.961554527282715,0.00018992732689197757,0.02135226703471646,-8.472995978081599e-05,-0.02624436840415001,0.026927871629595757,0.10897971666396437,10.000235557556152,0.00039845050226611467,0.0319611226295051,0.0011829817667603493,-0.04129199609160423,0.04193252176046371,0.22719875842604886,10.954636573791504,0.0009525092255184938,0.032734924861348026,0.0013129173312336206,-0.041480701416730874,0.04258435145020486,0.18448411949977528,11.951921463012695,1.4590049822680511e-05,0.020902402821145874,-0.00022614986664848402,-0.026553362607955933,0.027095451019704342
F:\Seminario\Seminario-Clustering\datasets\davi\Al Emadi (2019)\Multiclass_Drone_Audio\membo_1\mixed_membo_20-membo_002_.wav,Multiclass_Drone_Audio\membo_1\mixed_membo_20-membo_002_.wav,al_emadi,mixed_membo_20-membo_002,1.024,0.6455542830000883,9.065694808959961,0.0017300291744758198,0.050703027471120335,0.0033319443464279175,-0.062903992831707,0.06378486752510071,0.06149115216125076,8.999686241149902,-2.830784824631779e-06,0.015657646195986086,0.000624815293122083,-0.02060016430914402,0.019109366461634636,0.07444597417888926,9.894927978515625,-5.681239584231569e-05,0.01226698467457286,-0.00019145650730933994,-0.015801261737942694,0.01528483554720878,0.1011898567473266,10.897578239440918,-4.177985047068357e-05,0.010148360942641262,-2.5562469545548083e-06,-0.013046202249825,0.01283284723758698,0.11731873391244502,11.963356971740723,-3.7772303030568795e-06,0.0077399723216772616,-9.22646613616962e-05,-0.010057434439659119,0.0099272346124053
F:\Seminario\Seminario-Clustering\datasets\davi\Al Emadi (2019)\Multiclass_Drone_Audio\unknown\2-28314-B-124.wav,Multiclass_Drone_Audio\unknown\2-28314-B-124.wav,al_emadi,2-28314-B-124,0.95975,0.04607973097946956,6.687668323516846,-0.0007832720842519512,0.02522992183849036,-0.0012633432052098215,-0.022363251075148582,0.020824143663048744,0.06134786354818906,3.723184585571289,0.0007059702560008805,0.029116705214274823,-0.00012084353875252418,-0.004906053887680173,0.005601644283160567,0.26096181988443007,3.3665010929107666,0.00020132970316966102,0.04278033077553551,-5.457207043946255e-05,-0.0055568794719874845,0.0048006548546254664,0.4795928857054374,4.336564540863037,-0.0004741293818857125,0.04115498882963048,-2.3532703380624298e-05,-0.005007697595283388,0.004553980054333805,0.15201769988247393,5.225964069366455,9.990736886157998e-06,0.01641481283096979,-7.553546993221971e-06,-0.0018187969573773442,0.0017826925846748103
F:\Seminario\Seminario-Clustering\datasets\davi\Al Emadi (2019)\Multiclass_Drone_Audio\membo_1\mixed_membo_57-membo_001_.wav,Multiclass_Drone_Audio\membo_1\mixed_membo_57-membo_001_.wav,al_emadi,mixed_membo_57-membo_001,1.024,0.6591547709232258,8.986183166503906,-0.0017222029432936226,0.06615830365503528,-0.003154448000714183,-0.0857447162270546,0.0863848403096199,0.1467566265396704,8.839567184448242,-0.0006849879461448769,0.031219942125516816,-0.00017148068582173437,-0.04017645865678787,0.03824595361948013,0.04938259598029373,9.90339469909668,-1.5810016169419645e-06,0.012898119630385806,-0.00030053831869736314,-0.016095152497291564,0.016527913510799408,0.060980589233461155,10.905559539794922,-6.773237673932947e-05,0.010170325492587057,-0.0004108967841602862,-0.012773424573242664,0.013025615736842156,0.0837254173233489,11.87103271484375,9.53721676516007e-06,0.008441152286537149,-6.397569086402655e-05,-0.010506012476980686,0.0106166354380548
F:\Seminario\Seminario-Clustering\datasets\davi\Al Emadi (2019)\Multiclass_Drone_Audio\membo_1\Membo_0_007-membo_001_.wav,Multiclass_Drone_Audio\membo_1\Membo_0_007-membo_001_.wav,al_emadi,Membo_0_007-membo_001,1.024,0.6463122621593489,9.33349609375,0.0009250025445384706,0.0842301836439513,0.0001839885808294639,-0.10887836664915085,0.10963767766952515,0.06515413264377555,8.713091850280762,0.00017523334913464067,0.026744495528009365,5.180274092708714e-05,-0.030601823702454567,0.029872389510273933,0.07620983312452755,10.030250549316406,0.00013947957457546321,0.020595388817720876,0.0001099535365938209,-0.026561171188950537,0.02669390738010406,0.10409749406601988,10.784429550170898,2.849343609272821e-05,0.017080602316362367,6.808929174439982e-05,-0.020813499763607978,0.02108542658388615,0.10822627800632814,11.844706535339355,1.2307812893165363e-06,0.012336009560116604,3.660289257823024e-05,-0.015242364257574081,0.015281523112207651
F:\Seminario\Seminario-Clustering\datasets\davi\Al Emadi (2019)\Multiclass_Drone_Audio\membo_1\mixed_membo_9-membo_001_.wav,Multiclass_Drone_Audio\membo_1\mixed_membo_9-membo_001_.wav,al_emadi,mixed_membo_9-membo_001,1.024,0.23295102805489395,8.420654296875,-0.00396149956175354,0.14994811586163753,-0.0010662941494956613,-0.18480440974235535,0.16199716925621033,0.371872465806983,8.438726425170898,0.01404573604779673,0.18899975934655294,0.0006284243427217007,-0.20082414150238037,0.2643575966358185,0.28395883553336704,9.45823860168457,-0.001621913607214197,0.1179094176865562,-0.0024818703532218933,-0.1438857853412628,0.14071228802204133,0.08957214793625254,10.581246376037598,-0.0004700356417544865,0.04699329461007094,-0.0007037446484901011,-0.05848393961787223,0.056120377033948926,0.021645522668503437,11.835639953613281,3.6349086221223487e-06,0.016363636110964707,-0.00035652887891046703,-0.020250089466571808,0.020740080624818802
F:\Seminario\Seminario-Clustering\datasets\davi\Al Emadi (2019)\Multiclass_Drone_Audio\unknown\2-109374-A-164.wav,Multiclass_Drone_Audio\unknown\2-109374-A-164.wav,al_emadi,2-109374-A-164,0.95975,0.9942728552702031,8.963384628295898,0.0002759636439579968,0.2515450845179489,0.0016011084371712059,-0.3204428553581238,0.31204481422901154,0.0047109747174548825,8.931400299072266,7.692816333405926e-05,0.017314676900293334,-0.0001354944397462532,-0.021510575897991657,0.022872278466820717,0.0007578611610775365,9.860223770141602,-6.735667620356537e-05,0.004945476822270883,-5.0698510676738806e-05,-0.006434202846139669,0.006155653903260829,0.00017575235187725592,10.820478439331055,-1.6586665235867728e-05,0.0016901987011381156,5.336419008017401e-06,-0.002210945123806596,0.002105923346243799,8.255649938722962e-05,11.383855819702148,2.168766014155354e-06,0.0008206467154914991,-6.438171794798109e-06,-0.0009422353992704302,0.0009519258048385383
F:\Seminario\Seminario-Clustering\datasets\davi\Al Emadi (2019)\Multiclass_Drone_Audio\membo_1\mixed_membo_3-membo_001_.wav,Multiclass_Drone_Audio\membo_1\mixed_membo_3-membo_001_.wav,al_emadi,mixed_membo_3-membo_001,1.024,0.525990669420204,9.395648956298828,-0.0010711613734194897,0.041820892551239185,-0.0019014663994312286,-0.05454862117767334,0.05326353386044502,0.08249981304325316,9.051409721374512,4.828608338085575e-05,0.016568046982762673,0.00048091006465256214,-0.021596986800432205,0.02159184403717518,0.0942436624858664,9.914112091064453,3.646976973946826e-05,0.012608767972257988,7.525004912167788e-05,-0.01567140072584152,0.01629296541213989,0.13775922485069558,10.877372741699219,-7.323397575206484e-05,0.010817029604841549,-3.9992170059122145e-05,-0.014020644128322601,0.013558412715792658,0.15950663019998088,11.895842552185059,-1.6582841414163453e-06,0.008244639250793868,-1.5239504591590958e-05,-0.010473932139575481,0.010435489006340504
F:\Seminario\Seminario-Clustering\datasets\davi\Al Emadi (2019)\Multiclass_Drone_Audio\unknown\1-62850-A-383.wav,Multiclass_Drone_Audio\unknown\1-62850-A-383.wav,al_emadi,1-62850-A-383,1.0216875,0.31913307753879866,8.264375686645508,-0.00031380486365628537,0.01334493665726268,0.00014019366790307686,-0.017156926542520524,0.01585623994469643,0.22179968709838127,5.442967414855957,4.112455325550088e-06,0.011128358169012842,8.467934094369411e-06,-0.001372750464361161,0.0016253311536274923,0.05236248807543445,5.96938943862915,8.566455548507886e-06,0.0038491524206754352,-1.6603126540282176e-07,-0.0006137108954135328,0.0006782496348023415,0.20952426154197754,7.216928958892822,-0.0003440615342429129,0.005452180552804135,-3.5416537684795912e-06,-0.0010326336370781064,0.0006906352587975564,0.1971804857454081,7.864221572875977,-3.775848176290158e-06,0.0037538257592320714,4.932962269776908e-07,-0.0005967037111986428,0.0005843789491336798
F:\Seminario\Seminario-Clustering\datasets\davi\Al Emadi (2019)\Multiclass_Drone_Audio\bebop_1\mixed_24-bebop_001_.wav,Multiclass_Drone_Audio\bebop_1\mixed_24-bebop_001_.wav,al_emadi,mixed_24-bebop_001,1.024,0.7067402577541634,7.958717346191406,6.920692393656812e-05,0.18097662402902878,0.0057611060328781605,-0.17103686928749084,0.17011632025241852,0.03278114237406004,8.961662292480469,0.000825772254685925,0.03896791270888847,0.0011780873173847795,-0.04792312532663345,0.049144044518470764,0.05470109454722176,9.918258666992188,0.0002788271203277881,0.0358491750804969,7.229459151858464e-05,-0.04452701658010483,0.04491791427135468,0.12326404034478032,10.91878604888916,0.00029630352557891685,0.03818639259632566,9.708826837595552e-05,-0.04698692187666893,0.04929649829864503,0.08251346497977452,11.93358325958252,4.778066322822162e-06,0.022130467551971792,-8.383678868995048e-05,-0.02825759258121252,0.02822580374777317
F:\Seminario\Seminario-Clustering\datasets\davi\Al Emadi (2019)\Multiclass_Drone_Audio\unknown\2-119102-A-211.wav,Multiclass_Drone_Audio\unknown\2-119102-A-211.wav,al_emadi,2-119102-A-211,1.0216875,0.9908976946057546,8.176724433898926,-5.768688651168717e-05,0.0094566217782474,0.0,-0.009473532997071743,0.011047423444688323,0.002438267004251457,6.362090110778809,1.619665666994262e-05,0.0004688255856000363,0.0,-0.0002589994488516822,0.00028934220317751187,0.003914552646888987,5.681288242340088,-3.627779675186974e-06,0.0004231167200348797,0.0,-0.00019630052702268583,0.00021036596881458526,0.0017346238951367991,7.064362049102783,2.2493917978180507e-06,0.00019983440250358263,0.0,-0.0001090700774511788,0.00011202679452253515,0.0010148618479681936,8.999589920043945,-9.237607655388169e-08,0.00010827413789130276,0.0,-7.131679158192127e-05,6.865551913506352e-05
F:\Seminario\Seminario-Clustering\datasets\davi\Al Emadi (2019)\Multiclass_Drone_Audio\unknown\2-209475-A-250.wav,Multiclass_Drone_Audio\unknown\2-209475-A-250.wav,al_emadi,2-209475-A-250,1.0216875,0.645309826614777,6.983981132507324,-0.0370568808565143,0.16260997125926824,-0.03645900823175907,-0.13695666939020157,0.05872873477637774,0.23897384843218789,6.966010093688965,0.0002818939100835166,0.10149171118289665,0.0010945007670670748,-0.06785739213228226,0.07932331860065463,0.07169476183338652,7.943671226501465,5.279255493199975e-05,0.039573619854273046,-0.0003239419747842476,-0.029887899942696094,0.02875595465302467,0.02982457791328415,8.81348705291748,-0.00024814309620898103,0.018107932074837425,-0.00011401173469494097,-0.012877148762345313,0.012624817900359634,0.014196985206364475,9.380938529968262,-2.7071649671887358e-05,0.008850031577981369,-2.7886039788427297e-05,-0.005503921210765837,0.005490155145525936
F:\Seminario\Seminario-Clustering\datasets\davi\Al Emadi (2019)\Multiclass_Drone_Audio\bebop_1\mixed_61-bebop_003_.wav,Multiclass_Drone_Audio\bebop_1\mixed_61-bebop_003_.wav,al_emadi,mixed_61-bebop_003,1.024,0.7803242663008433,8.605225563049316,0.009454370240996447,0.47077488078067053,0.015545576810836792,-0.5666314363479614,0.5496345162391663,0.042193264638573286,8.026725769042969,-0.0018301893879962862,0.10947732316093338,-0.00042501805000938475,-0.11768432706594467,0.11519856005907059,0.09918896252115648,9.404794692993164,-0.0004487781362026274,0.11953459101048773,-0.0010926364921033382,-0.14841770827770231,0.1475841164588928,0.04785691744876609,10.157161712646484,0.00046064763419325353,0.058916004679917706,0.00029941313550807536,-0.06087487637996673,0.06297923028469087,0.030436589090660854,10.627668380737305,0.00010367570258498425,0.0332808768611905,-8.920680193114094e-05,-0.029316804371774197,0.029720602557063103
F:\Seminario\Seminario-Clustering\datasets\davi\Al Emadi (2019)\Multiclass_Drone_Audio\membo_1\Membo_1_044-membo_004_.wav,Multiclass_Drone_Audio\membo_1\Membo_1_044-membo_004_.wav,al_emadi,Membo_1_044-membo_004,0.896,0.2913377594196676,8.993046760559082,0.0030263890532172344,0.05537212676846437,0.002584189875051379,-0.06769862473011017,0.07513169497251514,0.09961956278688414,8.806678771972656,-0.00019509083958462996,0.03242686706043666,-0.0007699517882429063,-0.041693742573261264,0.04018623605370522,0.1422534302209876,9.69601058959961,-0.00019098200643830176,0.0276175335382489,-0.0011550957569852471,-0.03489293158054352,0.037396230548620235,0.23452204183530717,10.687249183654785,-0.0001485335045792161,0.02517520425053194,3.510469832690433e-05,-0.032444068044424054,0.0317468263208866,0.23226720573715345,11.64583969116211,1.1410236179672878e-05,0.01775058003741229,-0.00012084946502000093,-0.0220906687900424,0.02236025705933571
F:\Seminario\Seminario-Clustering\datasets\davi\Al Emadi (2019)\Multiclass_Drone_Audio\bebop_1\B_S2_D1_123-bebop_001_.wav,Multiclass_Drone_Audio\bebop_1\B_S2_D1_123-bebop_001_.wav,al_emadi,B_S2_D1_123-bebop_001,1.024,0.6493738917757096,8.540986061096191,0.00507642197493629,0.31468470573547813,0.01203702948987484,-0.35728561878204346,0.3598313629627228,0.026956118210091275,9.033514976501465,0.0006194524233136193,0.06411994283863869,0.002254907041788101,-0.08493246138095856,0.08177638798952103,0.07006840960414146,9.946056365966797,0.0006553149241556665,0.07360890555336314,0.00043723208364099264,-0.0955048069357872,0.09418959170579908,0.1514364082326383,10.935364723205566,0.00013168615343985644,0.07679096885925316,-0.0001009637926472351,-0.09923899024724961,0.09903714060783386,0.10216517217741934,11.938811302185059,-0.00021992815461121696,0.04467519833497415,-0.0002322621367056854,-0.0573866106569767,0.05680365860462189
F:\Seminario\Seminario-Clustering\datasets\davi\Al Emadi (2019)\Multiclass_Drone_Audio\membo_1\Membo_0_016-membo_001_.wav,Multiclass_Drone_Audio\membo_1\Membo_0_016-membo_001_.wav,al_emadi,Membo_0_016-membo_001,1.024,0.4791348754980683,9.184730529785156,0.00018337964953998233,0.0960006371975454,0.0010457844473421574,-0.11829090863466263,0.11849822103977203,0.032376331210421695,8.954671859741211,-0.00022793451373718154,0.024954088153928522,-0.0003932384424842894,-0.030218344181776047,0.03177372366189957,0.10803502207152135,9.972843170166016,0.0006717219450305852,0.03245166592534238,0.000666418403852731,-0.04125818312168121,0.04374196305871009,0.1610556284185325,10.920129776000977,-0.0003618710193245578,0.02811958713535849,-0.0002095281524816528,-0.03567270413041115,0.03456363528966904,0.21939814280145614,11.853675842285156,-1.994829290690437e-05,0.023248661121026686,8.414580952376127e-05,-0.029096444137394428,0.02921824436634779
F:\Seminario\Seminario-Clustering\datasets\davi\Al Emadi (2019)\Multiclass_Drone_Audio\membo_1\mixed_membo_3-membo_002_.wav,Multiclass_Drone_Audio\membo_1\mixed_membo_3-membo_002_.wav,al_emadi,mixed_membo_3-membo_002,1.024,0.4892194701595122,9.4075927734375,7.606670645688222e-05,0.03911264843999982,-0.00010982614185195416,-0.0496121384203434,0.05047222971916199,0.07601030064283304,8.991426467895508,-3.756044158263648e-05,0.015417043692755901,-0.00021892554650548846,-0.019545378163456917,0.019201915711164474,0.10663434708384933,9.801151275634766,2.5699541409976105e-05,0.013002162658869689,-2.3431330191669986e-05,-0.016309520602226256,0.016244823113083832,0.14507140069940785,10.827417373657227,-0.00020529810608841754,0.010759422278354792,-4.474383968045004e-05,-0.013808198645710945,0.013263595476746562,0.18306448141439755,11.79875373840332,-1.9548578813093255e-06,0.008562563362705023,4.424163489602506e-05,-0.010710217524319887,0.010579749941825867
F:\Seminario\Seminario-Clustering\datasets\davi\Al Emadi (2019)\Multiclass_Drone_Audio\bebop_1\B_S2_D1_071-bebop_002_.wav,Multiclass_Drone_Audio\bebop_1\B_S2_D1_071-bebop_002_.wav,al_emadi,B_S2_D1_071-bebop_002,1.024,0.305523524652053,8.625097274780273,0.0030644446635802415,0.13939583336107206,-0.001439922139979899,-0.15551038086414337,0.1694580316543579,0.045166442661475716,8.912582397460938,0.0004814531045384563,0.05360716202850697,0.0010929345153272152,-0.0663878321647644,0.06527917087078094,0.16327807269849623,9.863747596740723,0.0004485819963656051,0.07257544850759005,0.0013418339658528566,-0.08982571065425873,0.09128223955631255,0.2865966273316033,10.936797142028809,0.0017233171231935721,0.06820878173246542,0.0009862350998446345,-0.08656810969114304,0.09011954516172409,0.19943533265637176,11.94491958618164,3.62840341108417e-05,0.040315206282201296,0.00044802478805650026,-0.05103508569300175,0.05185559019446373
F:\Seminario\Seminario-Clustering\datasets\davi\Al Emadi (2019)\Multiclass_Drone_Audio\membo_1\mixed_membo_51-membo_003_.wav,Multiclass_Drone_Audio\membo_1\mixed_membo_51-membo_003_.wav,al_emadi,mixed_membo_51-membo_003,1.024,0.7592903572739464,8.536872863769531,0.00014765002661416542,0.08963652868007593,0.0023286924697458744,-0.10593301802873611,0.09868673235177994,0.12278317909613759,8.667990684509277,0.0005724221476846947,0.036040959225442364,0.0006521878531202674,-0.04277157783508301,0.04361601918935776,0.05574173231173843,9.902924537658691,1.3440523178140284e-05,0.01729312418938026,-8.819289359962568e-05,-0.021474634110927582,0.021084241196513177,0.034289798894187005,10.938056945800781,-4.182529188406895e-06,0.009624430031572003,-1.5084447113622446e-05,-0.012342947535216808,0.012195002846419811,0.027894932423990514,11.931272506713867,1.8922122158959318e-06,0.006148652080854031,-3.619570634327829e-05,-0.007814968936145306,0.007862824015319347
F:\Seminario\Seminario-Clustering\datasets\davi\Al Emadi (2019)\Multiclass_Drone_Audio\bebop_1\mixed_66-bebop_001_.wav,Multiclass_Drone_Audio\bebop_1\mixed_66-bebop_001_.wav,al_emadi,mixed_66-bebop_001,1.024,0.5447871296563144,8.283588409423828,-0.002765433603986193,0.24729430300396307,-0.0046449387446045876,-0.27199655771255493,0.26967334747314453,0.1418839484518127,9.168912887573242,-0.0008627344016035573,0.126207258296154,-0.0018510709051042795,-0.16379103064537048,0.16460217535495758,0.035679760192509784,10.008188247680664,0.00029217444657900075,0.045064169622805246,0.00033907999750226736,-0.058611820638179775,0.05713892802596092,0.07303476461953685,10.927032470703125,-0.0007064967683356305,0.04574585785425619,-0.00091680942568928,-0.05961509197950363,0.05724633932113648,0.20461439707982632,12.187056541442871,0.00010636460831352985,0.05424137675870598,0.00039503256266471,-0.07177859544754028,0.07083651423454285
F:\Seminario\Seminario-Clustering\datasets\davi\Al Emadi (2019)\Multiclass_Drone_Audio\unknown\1-88574-A-84.wav,Multiclass_Drone_Audio\unknown\1-88574-A-84.wav,al_emadi,1-88574-A-84,0.95975,0.7980577236701817,8.952374458312988,0.0020152193446441517,0.3185775633935437,0.010523031931370497,-0.4159048795700073,0.42428335547447205,0.10284758203046891,8.387126922607422,-0.00048204179224841536,0.11436678131124771,0.00013630554531118833,-0.1412612497806549,0.13786236196756363,0.06626419749030689,9.554874420166016,0.003725676980486542,0.06527249326267483,0.0017796172760426998,-0.07774299159646034,0.08755625039339067,0.032343304257437956,10.28587532043457,-0.0001753895874241885,0.032414352694256396,-0.00015734040789538994,-0.03962692953646183,0.03894391842186451,0.00048719255160458255,11.680254936218262,2.847470793292249e-07,0.002818226302550032,-1.6363541362807155e-05,-0.003419281938113272,0.0034570803167298437
F:\Seminario\Seminario-Clustering\datasets\davi\Al Emadi (2019)\Multiclass_Drone_Audio\bebop_1\B_S2_D1_088-bebop_004_.wav,Multiclass_Drone_Audio\bebop_1\B_S2_D1_088-bebop_004_.wav,al_emadi,B_S2_D1_088-bebop_004,0.896,0.781928150303855,8.283266067504883,0.006375500289757647,0.3647762712976541,0.004451684653759003,-0.43405470848083494,0.4188690841197971,0.017698315607335067,8.821490287780762,0.0002895250651708684,0.054886986285678105,0.002514041028916836,-0.07092725187540054,0.0678233340382576,0.046825418141001,9.76773452758789,0.0011123861099391393,0.0636219994353909,0.0018749601440504193,-0.08091852515935898,0.08396586328744891,0.09091832607971369,10.691818237304688,0.00044556700688667,0.06294663273763343,-0.0005184920155443251,-0.0770531728863716,0.08004431724548339,0.06262978986809532,11.713472366333008,0.00014792879095644167,0.037014732635900105,0.00010098196798935533,-0.046627141535282135,0.047312678769230856
F:\Seminario\Seminario-Clustering\datasets\davi\Al Emadi (2019)\Multiclass_Drone_Audio\unknown\5-212730-A-170.wav,Multiclass_Drone_Audio\unknown\5-212730-A-170.wav,al_emadi,5-212730-A-170,1.0216875,0.5079497823391619,9.011253356933594,-0.0007740634944054246,0.05745609879932661,-0.00021189582912484184,-0.06800885796546936,0.06964357122778897,0.005991700843148261,5.406310081481934,-7.221920797818404e-05,0.006240380889358143,1.5164366232056636e-05,-0.0025460443692281844,0.00269207493402064,0.1506286542340952,4.661349773406982,1.3154374390663716e-05,0.022275334678522513,2.2559586795978248e-05,-0.0014637981308624145,0.0014875972410663962,0.06148712746387149,6.366827964782715,7.213927579597419e-05,0.010097447711820381,-4.3257507513772e-06,-0.0010150182177312672,0.0011594368959777072,0.27394273511972317,5.560873031616211,7.190018425192475e-05,0.015096693965215499,-4.604965852195164e-06,-0.0012893508770503103,0.001190492999739945
F:\Seminario\Seminario-Clustering\datasets\davi\Al Emadi (2019)\Multiclass_Drone_Audio\bebop_1\B_S2_D1_080-bebop_004_.wav,Multiclass_Drone_Audio\bebop_1\B_S2_D1_080-bebop_004_.wav,al_emadi,B_S2_D1_080-bebop_004,1.024,0.7320571273006492,8.682615280151367,0.006015807309883256,0.35252353868422454,0.0029382233042269945,-0.4121505618095398,0.40658414363861084,0.020715497605324894,8.950074195861816,7.668093941683972e-05,0.05930976049352329,-0.002646100940182805,-0.07526327669620514,0.07758735120296478,0.06764868333080346,9.971721649169922,-0.004270571245659785,0.07619547368513971,-0.0053715454414486885,-0.10030368566513062,0.09281119406223297,0.10663820356997163,10.933578491210938,-0.0003498143914624213,0.06798928056940802,0.001099265064112842,-0.08783738613128662,0.08552762567996978,0.07294048819325082,11.915396690368652,5.207643165185071e-05,0.03982891024296943,-0.00034819146094378084,-0.04991893470287323,0.050847383216023445
F:\Seminario\Seminario-Clustering\datasets\davi\Al Emadi (2019)\Multiclass_Drone_Audio\bebop_1\mixed_15-bebop_003_.wav,Multiclass_Drone_Audio\bebop_1\mixed_15-bebop_003_.wav,al_emadi,mixed_15-bebop_003,1.024,0.9142522203892144,8.907456398010254,0.008564360288470687,0.38125860787025123,0.0073739392682909966,-0.46149396896362305,0.4758211672306061,0.011801371817866672,8.74029541015625,0.0007683650390089393,0.043320568528257504,-0.0010982712265104055,-0.050496477633714676,0.05492435023188591,0.02329109587601093,9.950398445129395,0.0012546203081213643,0.04332223063169621,0.002030295319855213,-0.053931734710931774,0.055411767959594724,0.03086155636676437,10.907150268554688,0.0005948922465369346,0.03539604068425309,0.0007023829966783524,-0.044793848693370816,0.04479673355817796,0.01979375555014368,11.925639152526855,-6.747409287277722e-05,0.020081375330961233,-0.00024030440545175225,-0.025868692435324192,0.02542907651513815
F:\Seminario\Seminario-Clustering\datasets\davi\Al Emadi (2019)\Multiclass_Drone_Audio\membo_1\Membo_0_010-membo_003_.wav,Multiclass_Drone_Audio\membo_1\Membo_0_010-membo_003_.wav,al_emadi,Membo_0_010-membo_003,1.024,0.6155382346297001,9.453800201416016,0.000864476179102194,0.08010156282848885,-0.0007781056920066476,-0.10250494629144669,0.10697118192911148,0.08769453931916138,9.022523880004883,-9.210569768316413e-05,0.030235908042149564,0.0003945459029637277,-0.03963766619563103,0.03837454319000244,0.07476172665591002,9.65152645111084,0.0001031202591951843,0.01987807405323064,9.434579260414466e-05,-0.023451281338930128,0.02374943010509014,0.10650057395935207,10.711217880249023,3.0603928339612714e-05,0.016835458244128784,-0.00029531869222410023,-0.020193996652960778,0.02026268765330315,0.11550492543587634,11.663363456726074,1.0038666818629491e-05,0.012418652364425504,5.344838064047508e-05,-0.014694149605929852,0.01493411511182785
F:\Seminario\Seminario-Clustering\datasets\davi\Al Emadi (2019)\Multiclass_Drone_Audio\unknown\1-13571-A-464.wav,Multiclass_Drone_Audio\unknown\1-13571-A-464.wav,al_emadi,1-13571-A-464,0.95975,0.20939321478425404,8.625009536743164,0.022574302309859094,0.42425822849610473,0.040910521522164345,-0.48989081382751465,0.4802238196134567,0.580605792126003,7.7683563232421875,0.00010957302586798901,0.70746272282791,0.000992278743069619,-0.6478487253189087,0.6521444320678711,0.1694809969509554,8.579032897949219,0.0006499511333878131,0.2722152692406175,-0.0008294383296743035,-0.22922351658344267,0.2229247868061066,0.039423738823396455,9.4918851852417,0.0007373444749618022,0.09316933914739317,0.0007174676866270602,-0.07447462975978851,0.08024013265967368,0.0010962573153910525,10.02774429321289,3.719105151170483e-06,0.011006213675109037,-2.667705203407422e-07,-0.008115776814520357,0.008267952501773842
F:\Seminario\Seminario-Clustering\datasets\davi\Al Emadi (2019)\Multiclass_Drone_Audio\membo_1\Membo_1_031-membo_004_.wav,Multiclass_Drone_Audio\membo_1\Membo_1_031-membo_004_.wav,al_emadi,Membo_1_031-membo_004,0.896,0.4366821879961509,9.238851547241211,-0.0016427813715542104,0.07852785123771576,-0.002202437026426196,-0.10479885637760163,0.1017409279942513,0.0701700721413764,8.877214431762695,-7.547224058105205e-05,0.03148550795798457,0.001631006132811308,-0.041206640750169755,0.039133056253194826,0.10898046863440497,9.537331581115723,4.592629452645645e-05,0.027966178240098682,-8.04418814368546e-05,-0.0340898834168911,0.03385117873549462,0.1486661745338635,10.652000427246094,-4.89075000108952e-05,0.02318939041184361,0.00023054948542267084,-0.02919797822833061,0.028265239298343653,0.2355010966942043,11.691544532775879,-1.6908024385753912e-05,0.020678091503362615,-0.00015338891535066068,-0.025367763265967368,0.026278146356344227
F:\Seminario\Seminario-Clustering\datasets\davi\Al Emadi (2019)\Multiclass_Drone_Audio\bebop_1\B_S2_D1_132-bebop_004_.wav,Multiclass_Drone_Audio\bebop_1\B_S2_D1_132-bebop_004_.wav,al_emadi,B_S2_D1_132-bebop_004,0.896,0.5588888741604743,7.9283061027526855,-0.00628212750401249,0.3448037080019733,0.002493562176823616,-0.3563900053501129,0.3457792460918432,0.07294458378981303,8.644781112670898,0.0037733004134964275,0.12453129523598622,0.004896656610071659,-0.15464868545532226,0.16029258072376257,0.12032395455406868,9.696762084960938,-0.000467444077360556,0.11404521155734319,-0.0022616288624703884,-0.1413485527038574,0.14580067396163943,0.15468552706513697,10.69288444519043,-0.0002573950791893102,0.09180209986135249,0.0011837929487228394,-0.11728851795196532,0.11279196739196777,0.09315706043050703,11.658173561096191,2.423849623690014e-05,0.05047394325698869,-4.130778279431979e-07,-0.0624086644500494,0.06363951489329338
