filepath,relative_path,dataset,group_id,duration_seconds,approx_L5_relative_energy,approx_L5_shannon_entropy,approx_L5_mean,approx_L5_std,approx_L5_median,approx_L5_p10,approx_L5_p90,detail_L5_relative_energy,detail_L5_shannon_entropy,detail_L5_mean,detail_L5_std,detail_L5_median,detail_L5_p10,detail_L5_p90,detail_L4_relative_energy,detail_L4_shannon_entropy,detail_L4_mean,detail_L4_std,detail_L4_median,detail_L4_p10,detail_L4_p90,detail_L3_relative_energy,detail_L3_shannon_entropy,detail_L3_mean,detail_L3_std,detail_L3_median,detail_L3_p10,detail_L3_p90,detail_L2_relative_energy,detail_L2_shannon_entropy,detail_L2_mean,detail_L2_std,detail_L2_median,detail_L2_p10,detail_L2_p90,detail_L1_relative_energy,detail_L1_shannon_entropy,detail_L1_mean,detail_L1_std,detail_L1_median,detail_L1_p10,detail_L1_p90
F:\Seminario\Seminario-Clustering\datasets\davi\Al Emadi (2019)\Multiclass_Drone_Audio\unknown\1-40730-A-10.wav,Multiclass_Drone_Audio\unknown\1-40730-A-10.wav,al_emadi,1-40730-A-10,1.0216875,0.0038229512136527203,6.1266632080078125,0.004740091370770157,0.05901233164997779,0.0021981485188007355,-0.043395687639713285,0.0526372492313385,0.0014620616080922863,7.158486366271973,0.0002334053785133495,0.03661119627005747,0.0003572870045900345,-0.041009679436683655,0.0406558446586132,0.45901255016951664,6.592974662780762,-0.029759313755487012,0.4595242712957356,-0.0008008311269804835,-0.23638510406017302,0.23241170942783365,0.4431386296221246,7.651159763336182,0.009558507833502818,0.32049223398411447,0.00043415615800768137,-0.21450093388557434,0.21983712911605835,0.08960180325828726,10.267849922180176,-0.0006632812552820345,0.10205914276597798,1.2473828974179924e-05,-0.12450803518295285,0.1182886302471161,0.0029620041283264526,10.812329292297363,-8.281339859229967e-06,0.013127825548349285,2.5928602553904057e-06,-0.01392261357977986,0.013562323525547985
F:\Seminario\Seminario-Clustering\datasets\davi\Al Emadi (2019)\Multiclass_Drone_Audio\unknown\3-71964-A-44.wav,Multiclass_Drone_Audio\unknown\3-71964-A-44.wav,al_emadi,3-71964-A-44,0.95975,0.004839209958262404,7.5180511474609375,-0.0006401485898617258,0.03160332488409056,-0.00014205685874912888,-0.03700537234544754,0.03817659988999367,6.50234357280408e-05,7.156342506408691,-0.00014254766506755764,0.003661345176505774,-8.823108510114253e-05,-0.00462550213560462,0.00394706903025508,0.005496459518598143,6.197625160217285,-0.00021223185858390995,0.023918352420445346,3.6028803151566535e-05,-0.004291752446442842,0.004449034156277778,0.36463927780326316,7.100399971008301,-0.0025216508380564357,0.13805844204497222,-7.321806333493441e-05,-0.0147955372929573,0.009861860610544686,0.6138051179876362,7.8926849365234375,-6.137404445789574e-05,0.12682695214567255,1.1819403880508617e-05,-0.011675812117755412,0.011137980036437506,0.011154911296512087,8.706939697265625,2.026054589318831e-05,0.01209594595836151,-2.482556737959385e-07,-0.0010647771414369345,0.001074445899575952
F:\Seminario\Seminario-Clustering\datasets\davi\Al Emadi (2019)\Multiclass_Drone_Audio\unknown\4-161099-B-473.wav,Multiclass_Drone_Audio\unknown\4-161099-B-473.wav,al_emadi,4-161099-B-473,1.0216875,0.11521527295991783,7.767884254455566,-0.0039120486310300975,0.23829146766337145,0.008235969580709934,-0.3057203412055969,0.28971383571624754,0.3707514030321568,7.802159309387207,0.008033353006305722,0.4274415237276128,0.03646441176533699,-0.53063645362854,0.500631594657898,0.3482463826457616,8.78622055053711,-0.0018844910250813925,0.2941111169550751,-0.00272817793302238,-0.3660047084093094,0.3470107138156891,0.11929734594150933,9.730018615722656,-0.0022233189922907406,0.12197086340869742,0.0011346114333719015,-0.15831711888313293,0.13970918953418732,0.041351656570294694,10.61459732055664,-0.0004954369303143149,0.050839424008898106,-0.0002584857866168022,-0.0604156456887722,0.060154256224632295,0.005137938850359731,11.531373977661133,2.8627741066435183e-06,0.012678461845308069,6.440764991566539e-06,-0.014849784038960931,0.014849792234599592
F:\Seminario\Seminario-Clustering\datasets\davi\Al Emadi (2019)\Multiclass_Drone_Audio\unknown\4-188191-A-293.wav,Multiclass_Drone_Audio\unknown\4-188191-A-293.wav,al_emadi,4-188191-A-293,1.0216875,0.00998396031453732,5.834813117980957,-8.765763200533837e-05,0.011864785539409776,-8.995122334454209e-05,-0.006467610504478215,0.00624827230349183,0.41693521433333,4.710134983062744,0.0062097379274583375,0.07642327366954872,-3.146960443700664e-05,-0.022208866104483603,0.02518498227000234,0.5111613841758766,6.578677177429199,9.526828985718628e-05,0.060264818910104614,3.3429843142585014e-06,-0.021048929542303082,0.02142049595713617,0.016744522965816005,7.3745503425598145,-8.846006360038526e-05,0.007729103538166294,-1.2116613561374834e-06,-0.003003163496032357,0.003689651610329747,0.03252103868732127,7.786524772644043,-0.00021569119637338305,0.007622396090866509,-6.779914656362962e-06,-0.0027702423743903625,0.0022501491941511634,0.012653879523118828,7.984249114990234,-7.700450953080466e-06,0.0033650471564776754,1.2675110383497667e-06,-0.0010703656240366398,0.001002283475827426
F:\Seminario\Seminario-Clustering\datasets\davi\Al Emadi (2019)\Multiclass_Drone_Audio\bebop_1\mixed_52-bebop_002_.wav,Multiclass_Drone_Audio\bebop_1\mixed_52-bebop_002_.wav,al_emadi,mixed_52-bebop_002,1.024,0.5510379105314583,7.705102920532227,0.0067304783340659926,0.22861743108536595,0.0017778887413442135,-0.26949259042739865,0.2848486423492432,0.11876468052283504,7.476394176483154,0.007936642003747134,0.10588484059310047,0.004576523322612047,-0.10679077059030533,0.1293303743004799,0.05442678584932856,8.773530006408691,-0.00022681808732440985,0.05102354001860435,-0.0005600897129625082,-0.06168479025363922,0.05975310020148752,0.07006907071619725,9.928727149963379,-0.0002914360460613961,0.04102557781508552,0.0006969631649553776,-0.05291135013103485,0.051443361490964894,0.12101434210088971,10.947015762329102,-0.00011213543732516737,0.03816164760017259,0.00023427201085723937,-0.049567317217588426,0.04797598086297512,0.08468721027929112,11.903560638427734,-7.756536852427713e-05,0.022584671112841626,-0.00022023286146577448,-0.028717714361846447,0.028653510846197605
F:\Seminario\Seminario-Clustering\datasets\davi\Al Emadi (2019)\Multiclass_Drone_Audio\membo_1\Membo_1_043-membo_001_.wav,Multiclass_Drone_Audio\membo_1\Membo_1_043-membo_001_.wav,al_emadi,Membo_1_043-membo_001,1.024,0.3438820877091272,8.29159164428711,0.0005922401075412591,0.08654101101504132,-0.001483785337768495,-0.1095114916563034,0.11816829815506937,0.01006134307754198,7.963054656982422,2.312860531394388e-05,0.01480317268885625,0.000559680163860321,-0.019867729954421518,0.017446937039494525,0.07083152244243057,8.935429573059082,-0.00018168589611363583,0.02788002950905992,0.0004774252884089947,-0.034345348551869395,0.03573934063315391,0.11975144049991464,9.910402297973633,-0.0004564562473681794,0.02568590650607694,-0.00032735324930399656,-0.033687200397253036,0.03179409205913545,0.21469858599300948,10.79523754119873,-0.00015692465692621597,0.024346512807262577,-0.0005858413351234049,-0.030762924812734124,0.030545451678335674,0.24077502027797615,11.804993629455566,5.610034051674246e-07,0.018240375484797608,-0.0001339545997325331,-0.022779704071581364,0.022972469218075275
F:\Seminario\Seminario-Clustering\datasets\davi\Al Emadi (2019)\Multiclass_Drone_Audio\bebop_1\mixed_45-bebop_002_.wav,Multiclass_Drone_Audio\bebop_1\mixed_45-bebop_002_.wav,al_emadi,mixed_45-bebop_002,1.024,0.7455860598561654,7.475125312805176,0.0003547379138091436,0.2682326191214171,0.011359218508005142,-0.29784245491027833,0.2914005935192109,0.02262546708834003,7.763256072998047,-5.559721785875109e-05,0.046726317460443464,0.0023372007999569178,-0.05939156822860241,0.05423808805644513,0.016978546453818577,8.968292236328125,9.667530177339782e-05,0.028732453110495482,4.861503839492798e-07,-0.03671014681458473,0.03742846027016639,0.05242777037489497,9.931264877319336,-0.00046809214662840937,0.0357768724316009,-0.0010207288432866335,-0.04640336185693741,0.04492940530180931,0.09361586644273047,10.904605865478516,-6.358866535245452e-05,0.03384082087189516,-0.00030209094984456897,-0.042450860142707825,0.043705499544739734,0.06876628978405051,11.881660461425781,-8.442787627652738e-05,0.02051860810821848,-0.00031294074142351747,-0.025898794643580914,0.026025261729955673
F:\Seminario\Seminario-Clustering\datasets\davi\Al Emadi (2019)\Multiclass_Drone_Audio\unknown\2-104952-A-164.wav,Multiclass_Drone_Audio\unknown\2-104952-A-164.wav,al_emadi,2-104952-A-164,0.95975,0.46582482541288356,7.827144622802734,-0.0019098789616989842,0.11064269487055754,-0.004754635505378246,-0.14718732833862305,0.14032803773880007,0.4425016955987252,7.827151298522949,-0.0023941965100973783,0.10782676322169593,-0.0023225508630275726,-0.12828403413295747,0.1358753651380539,0.07939099696860744,8.703243255615234,0.00047102495819890163,0.03243307856629954,-0.000405784317990765,-0.0391185075044632,0.04033774808049205,0.009132710526702538,9.75959587097168,-4.251364413483917e-05,0.007797198192504747,-0.0001685875467956066,-0.009798142872750758,0.009804963506758217,0.00253098006644985,10.85995864868164,-8.601767016531292e-06,0.002905897690882777,-4.509041900746524e-05,-0.003669522516429424,0.0037469905801117416,0.0006187914266314135,11.820083618164062,-1.2259506326904266e-07,0.0010165319533025187,-8.179893484339118e-06,-0.0012807474238798022,0.0012913874117657543
F:\Seminario\Seminario-Clustering\datasets\davi\Al Emadi (2019)\Multiclass_Drone_Audio\unknown\5-194930-A-10.wav,Multiclass_Drone_Audio\unknown\5-194930-A-10.wav,al_emadi,5-194930-A-10,1.0216875,0.00860739143279988,2.646869421005249,-0.0055680132090067625,0.05282110494095938,-0.000980252050794661,-0.005855830479413271,0.005237515177577734,0.018318311425155366,5.543553352355957,-0.0015969929089436345,0.07746790028738605,-2.699272954487242e-06,-0.01969451829791062,0.003555336967110633,0.15833550060989623,6.504114151000977,0.005039599141679715,0.16162723001724436,2.224812033091439e-05,-0.00241121060680598,0.019477889128029387,0.7777628427740394,7.452640533447266,0.00016631347389433262,0.2539777429340691,2.8226168069522828e-08,-0.02143315225839615,0.0017917407676577568,0.035526153471693446,8.491316795349121,-2.4311547927626126e-06,0.038424499006809075,1.000444171950221e-11,-0.0012428343761712232,0.0007512765121646235,0.0014498002864156772,9.221963882446289,3.545400127675176e-06,0.005491430036206985,5.002220859751105e-12,-0.0003076920955209059,0.00031351005891337995
F:\Seminario\Seminario-Clustering\datasets\davi\Al Emadi (2019)\Multiclass_Drone_Audio\unknown\4-172732-A-364.wav,Multiclass_Drone_Audio\unknown\4-172732-A-364.wav,al_emadi,4-172732-A-364,0.95975,0.028496300426220925,7.714875221252441,0.0031082710073726465,0.20079148721065926,0.008784938836470246,-0.23051640093326567,0.25406340658664706,0.41202981312127873,8.265933990478516,0.006911504328571504,0.7635713192325596,-0.010370499920099974,-0.9903742671012878,1.0403069376945497,0.19410921212831264,8.903448104858398,-0.012974065857408337,0.3719069276254373,0.0016815988346934319,-0.5106658399105072,0.4530494660139084,0.1751192957637054,9.862199783325195,0.00566517674235108,0.2504540475894915,0.0015668980777263641,-0.3120573461055754,0.3281511068344116,0.149124931481319,10.882400512695312,6.651843538306779e-05,0.1636590042361081,-0.0025069485418498516,-0.2137048363685608,0.21318939626216887,0.04112044707916328,11.858617782592773,-0.0003526081460940894,0.06079914056736251,0.0007434329017996788,-0.07742761820554733,0.07644995898008349
F:\Seminario\Seminario-Clustering\datasets\davi\Al Emadi (2019)\Multiclass_Drone_Audio\unknown\1-97793-A-314.wav,Multiclass_Drone_Audio\unknown\1-97793-A-314.wav,al_emadi,1-97793-A-314,0.95975,0.0,-0.0,0.0,0.0,0.0,0.0,0.0,0.0,-0.0,0.0,0.0,0.0,0.0,0.0,0.0,-0.0,0.0,0.0,0.0,0.0,0.0,0.0,-0.0,0.0,0.0,0.0,0.0,0.0,0.0,-0.0,0.0,0.0,0.0,0.0,0.0,0.0,-0.0,0.0,0.0,0.0,0.0,0.0
F:\Seminario\Seminario-Clustering\datasets\davi\Al Emadi (2019)\Multiclass_Drone_Audio\unknown\4-171706-A-231.wav,Multiclass_Drone_Audio\unknown\4-171706-A-231.wav,al_emadi,4-171706-A-231,1.0216875,0.02417402067920619,7.866888999938965,0.001353055778238115,0.14644715300791833,0.0021902471780776978,-0.19962404072284698,0.18875252306461332,0.02394840874935399,7.568652629852295,-0.003602758235466776,0.14572386664748654,-0.0005755983293056488,-0.19275788962841034,0.1835769087076187,0.1491884970546644,8.477022171020508,0.0055106051852225856,0.25820158302440943,0.003281465149484575,-0.2918881833553314,0.32037082910537723,0.34226528874657186,9.314942359924316,-0.010896802254776137,0.27699473084122817,-0.0032028318382799625,-0.3189290463924408,0.30116283893585205,0.32266787993742363,9.845739364624023,0.00014972441277337075,0.19053096008367898,0.00025734465452842414,-0.19566015005111695,0.18944202065467838,0.13775590483277994,10.743531227111816,0.0003829238655883296,0.08807165547877126,0.00010566789569566026,-0.08639947772026062,0.08730365484952927
F:\Seminario\Seminario-Clustering\datasets\davi\Al Emadi (2019)\Multiclass_Drone_Audio\unknown\2-77347-A-461.wav,Multiclass_Drone_Audio\unknown\2-77347-A-461.wav,al_emadi,2-77347-A-461,1.0216875,0.1501570644330934,7.3279032707214355,0.007230077658220049,0.13823889931081407,0.0015662838704884052,-0.1473343789577484,0.16140647530555724,0.13951236276608175,8.114274024963379,-0.0010387818757462565,0.1334270136596196,-0.004470048937946558,-0.17581030130386352,0.17377089560031891,0.340736487398431,9.015037536621094,0.0005551957025744237,0.14802051644035066,0.0001881934585981071,-0.19443242996931076,0.19657090306282043,0.3208720066594172,9.82746696472168,0.0001142281302256768,0.10179279958216415,-0.0006593614816665649,-0.12507539987564087,0.1309865117073059,0.0474207176921775,10.318012237548828,1.8076005993421638e-05,0.02770112125863176,-0.0001754194963723421,-0.02975763604044914,0.029676484316587454,0.0013013610507992125,11.335824012756348,-3.676683746282016e-06,0.003246454424706326,1.982067624339834e-05,-0.003506064787507057,0.003527782834134996
F:\Seminario\Seminario-Clustering\datasets\davi\Al Emadi (2019)\Multiclass_Drone_Audio\unknown\1-72195-B-371.wav,Multiclass_Drone_Audio\unknown\1-72195-B-371.wav,al_emadi,1-72195-B-371,1.0216875,0.0001239453381537716,6.586435794830322,-0.010114754440131147,0.01801198319199438,-0.0020756979938596487,-0.03312679976224899,0.0010284417774528265,1.2036656681142816e-05,6.6860032081604,0.00024242879670191805,0.006432965765022837,-2.4840130208758637e-05,-0.006610828265547752,0.007407630421221255,8.43023076070044e-06,7.380054473876953,0.00015129742245179736,0.003821300156182847,1.2384949513943866e-05,-0.0034300860948860644,0.003983376594260336,0.013692542285502752,8.857229232788086,0.002319707955810103,0.10919717829890997,1.4452859431912657e-05,-0.11738322675228119,0.1332457959651947,0.4581423101675494,9.716364860534668,-0.0019528161284215638,0.4472242746701173,-4.514220563578419e-06,-0.49773092269897445,0.48250178098678764,0.5280207353213523,10.724723815917969,-2.7417264774720915e-05,0.33966602627739456,-3.212142019037856e-07,-0.3618244379758833,0.35435366332531015
F:\Seminario\Seminario-Clustering\datasets\davi\Al Emadi (2019)\Multiclass_Drone_Audio\unknown\1-51805-H-332.wav,Multiclass_Drone_Audio\unknown\1-51805-H-332.wav,al_emadi,1-51805-H-332,0.97525,0.9919925380694756,7.59348201751709,0.0007773969477233139,0.027360796655875153,-0.0018905113684013486,-0.027900860644876957,0.034432001411914825,0.005863591976045052,5.4579758644104,-3.5600936297991976e-05,0.002104115083347315,-1.641195558477193e-05,-0.0013453629799187183,0.0014151539653539658,0.0007564120501069014,8.55161190032959,-4.596625101577127e-06,0.0005368798956519324,-2.7091400625067763e-05,-0.0006431768648326397,0.0006438992568291726,0.0005068254018053204,9.467681884765625,6.988626496882368e-07,0.0003113955106782609,-3.605784513638355e-06,-0.0003506114240735769,0.0003704824659507721,0.0004866359622647137,10.090368270874023,-2.3147675938872136e-06,0.00021599617899130126,-7.244816515594721e-07,-0.00023358323087450115,0.00022589192958548672,0.00039399654030233144,11.028488159179688,1.1428156146495745e-06,0.00013750153185740086,-2.848410076694563e-07,-0.000145994832564611,0.0001505445543443784
F:\Seminario\Seminario-Clustering\datasets\davi\Al Emadi (2019)\Multiclass_Drone_Audio\unknown\3-126113-A-262.wav,Multiclass_Drone_Audio\unknown\3-126113-A-262.wav,al_emadi,3-126113-A-262,0.97525,0.056797937290968624,6.472864151000977,0.0038611722944375698,0.06777447465694354,0.00295290001668036,-0.05404677428305149,0.056664301082491875,0.29550579669902877,6.448870658874512,0.0025808671220616934,0.15481969995992068,0.003997851861640811,-0.1287458837032318,0.13478321582078934,0.5481268288449496,7.546638011932373,0.0009054452384441204,0.14979600243308047,0.0006690730806440115,-0.1280990183353424,0.12668287754058843,0.0829498309184234,8.252471923828125,0.0001304320612169238,0.04128987998196169,-7.746909250272438e-05,-0.03562131412327289,0.03418499901890755,0.01575130949402816,8.99627685546875,1.671177030323845e-08,0.012737406067210329,-0.00011626136256381869,-0.009915442578494547,0.009825483150780202,0.000868296752601471,9.95572280883789,5.3957844537637735e-08,0.0021157491661869515,7.527414709329605e-06,-0.0016264824662357569,0.0015954314731061459
F:\Seminario\Seminario-Clustering\datasets\davi\Al Emadi (2019)\Multiclass_Drone_Audio\unknown\2-28314-A-123.wav,Multiclass_Drone_Audio\unknown\2-28314-A-123.wav,al_emadi,2-28314-A-123,1.0216875,0.8324487484157055,7.906484127044678,0.0003015824309659015,0.05386636075629804,0.0038021483924239874,-0.06869240254163742,0.06676855981349944,0.06787908969708466,7.769640922546387,-0.0009384572838261716,0.015353377236884999,-0.0009313751361332834,-0.01970195695757866,0.018235833570361137,0.03956991637770839,8.668468475341797,-6.85022750279405e-05,0.008336402237596949,-2.4266631953651085e-05,-0.009843579679727554,0.009640436340123416,0.019437774794961282,9.228167533874512,-5.053101929338528e-06,0.004140659339595769,6.499007577076554e-05,-0.0045434110797941685,0.004594091325998306,0.012008842962845375,10.065340042114258,6.40607906780455e-05,0.0023029851150373902,6.666780973318964e-05,-0.0024975383654236793,0.0025894382037222386,0.028655627751694807,8.536591529846191,2.195633905720029e-05,0.0025176436633729486,1.016021633404307e-05,-0.00189981444273144,0.001938387553673238
F:\Seminario\Seminario-Clustering\datasets\davi\Al Emadi (2019)\Multiclass_Drone_Audio\unknown\3-164595-A-154.wav,Multiclass_Drone_Audio\unknown\3-164595-A-154.wav,al_emadi,3-164595-A-154,0.95975,0.0,-0.0,0.0,0.0,0.0,0.0,0.0,0.0,-0.0,0.0,0.0,0.0,0.0,0.0,0.0,-0.0,0.0,0.0,0.0,0.0,0.0,0.0,-0.0,0.0,0.0,0.0,0.0,0.0,0.0,-0.0,0.0,0.0,0.0,0.0,0.0,0.0,-0.0,0.0,0.0,0.0,0.0,0.0
F:\Seminario\Seminario-Clustering\datasets\davi\Al Emadi (2019)\Multiclass_Drone_Audio\unknown\2-128465-B-432.wav,Multiclass_Drone_Audio\unknown\2-128465-B-432.wav,al_emadi,2-128465-B-432,0.97525,0.1736559643297818,7.922359943389893,0.006783709407412267,0.2238988364396396,0.001708321738988161,-0.2821313142776489,0.29110187292099,0.087291810680775,7.804534435272217,0.002377786724302437,0.1587977271561868,0.004631466930732131,-0.19606315344572067,0.20451600849628448,0.15183745177805102,8.815549850463867,0.006860808093018597,0.14862693201742283,0.011005383916199207,-0.18645700514316557,0.2013329535722733,0.1196602776029272,9.905241012573242,0.0008360991342949507,0.0935833057445463,-0.0005506245070137084,-0.11627494394779204,0.12185343950986861,0.42741495298278875,10.583114624023438,0.0004123854687019548,0.12521254665580364,-5.5104028433561325e-05,-0.15013414919376372,0.15591514706611637,0.04013954262567625,11.653585433959961,-2.11519207647535e-05,0.027146813313679435,-9.715303895063698e-05,-0.03323365934193134,0.03333525359630585
F:\Seminario\Seminario-Clustering\datasets\davi\Al Emadi (2019)\Multiclass_Drone_Audio\unknown\2-91912-A-333.wav,Multiclass_Drone_Audio\unknown\2-91912-A-333.wav,al_emadi,2-91912-A-333,1.0216875,0.048692316458825484,7.83159065246582,-0.00011886594529817265,0.027621583835449826,-9.135785512626171e-05,-0.03301659151911736,0.034504426270723344,0.09705580703150739,6.46384859085083,0.00129035745077775,0.038975819056123726,0.00019033797434531152,-0.03249386623501777,0.03603597059845924,0.19532500972775357,5.999927043914795,0.00010555354269103879,0.039270352230564846,2.385700645390898e-05,-0.023055144585669037,0.021279261633753783,0.2712182353362099,5.7744855880737305,0.0008393726770743716,0.032782370080875,3.6414770875126123e-05,-0.012317486107349396,0.013652808032929897,0.3124591757392519,5.634066104888916,-0.00019504261190152864,0.024915436780226462,-1.780163438525051e-05,-0.00519294049590826,0.004930708836764101,0.07524945570645171,6.11174201965332,-2.2848495061465654e-06,0.008650359495549903,-5.287498197503737e-06,-0.0017366552376188338,0.0017567575909197334
F:\Seminario\Seminario-Clustering\datasets\davi\Al Emadi (2019)\Multiclass_Drone_Audio\unknown\5-260434-A-394.wav,Multiclass_Drone_Audio\unknown\5-260434-A-394.wav,al_emadi,5-260434-A-394,0.95975,0.0,-0.0,0.0,0.0,0.0,0.0,0.0,0.0,-0.0,0.0,0.0,0.0,0.0,0.0,0.0,-0.0,0.0,0.0,0.0,0.0,0.0,0.0,-0.0,0.0,0.0,0.0,0.0,0.0,0.0,-0.0,0.0,0.0,0.0,0.0,0.0,0.0,-0.0,0.0,0.0,0.0,0.0,0.0
F:\Seminario\Seminario-Clustering\datasets\davi\Al Emadi (2019)\Multiclass_Drone_Audio\unknown\1-19872-A-364.wav,Multiclass_Drone_Audio\unknown\1-19872-A-364.wav,al_emadi,1-19872-A-364,0.95975,0.33057166897948254,7.5383734703063965,-0.018476659471892417,0.2704170253291531,-0.009641813579946756,-0.32673144340515137,0.27937393188476567,0.18074178935263105,8.066183090209961,0.0030354596607646616,0.20039740757240848,-0.00020793196745216846,-0.2526847958564758,0.26774757206439975,0.0890440200452466,8.83608627319336,0.0003358680646181538,0.09988143378037848,-0.0012062890455126762,-0.12710258811712266,0.1353146463632584,0.18594510410256762,9.85409927368164,0.0001668263136641933,0.10229948983790435,0.0024613388814032078,-0.12976751923561097,0.1287703722715378,0.14076584729252725,10.809171676635742,-0.0005957144590097184,0.06300914604252453,-0.00023462949320673943,-0.08067802041769027,0.07782785594463348,0.07293157022754491,11.804980278015137,3.56196856428563e-05,0.03208801681828209,4.645263834390789e-05,-0.040498487651348114,0.04019117429852487
F:\Seminario\Seminario-Clustering\datasets\davi\Al Emadi (2019)\Multiclass_Drone_Audio\unknown\5-156026-C-41.wav,Multiclass_Drone_Audio\unknown\5-156026-C-41.wav,al_emadi,5-156026-C-41,1.0216875,0.8255343953301807,7.944272041320801,0.00014560675761718053,0.01558634439878023,0.0006018938147462904,-0.020470556616783143,0.018992916494607923,0.04937426733559603,7.8788251876831055,-0.0002619465782338716,0.0038029283990660082,-0.0002478546230122447,-0.004988987743854522,0.004696640092879532,0.03107200669516439,8.911611557006836,-0.0002815282802454657,0.0021280298250649786,-0.00026425749820191413,-0.0030255379155278207,0.002363683329895139,0.07532342245476034,9.908658981323242,-5.829240508443507e-06,0.0023684279570538964,6.790512998122722e-06,-0.0030361725948750973,0.0029433148447424173,0.017142682379588842,10.934511184692383,-8.871972958021329e-06,0.0007997810695605501,-1.4351826393976808e-06,-0.0010414624586701391,0.0010229817358776928,0.001553225804709687,11.940652847290039,-1.5015565197001227e-07,0.00017032284381954233,-1.4387642295332626e-06,-0.0002188164333347231,0.0002193215608713218
F:\Seminario\Seminario-Clustering\datasets\davi\Al Emadi (2019)\Multiclass_Drone_Audio\unknown\4-177243-A-320.wav,Multiclass_Drone_Audio\unknown\4-177243-A-320.wav,al_emadi,4-177243-A-320,1.0216875,0.3393570479155948,6.915105819702148,0.00040510075289713665,0.019264034787655173,-8.779577910900116e-05,-0.017917347326874732,0.01877489984035492,0.08204561296647898,5.670646667480469,0.00012740238652894764,0.009473342288874767,0.00018586609803605825,-0.005213297251611948,0.005975596699863672,0.08327622702500262,6.059098243713379,-0.0001484786676715461,0.006773858152929668,-7.981495946296491e-05,-0.004346579499542713,0.0035425240872427846,0.2579440496208667,6.891912460327148,-5.609240235588484e-05,0.008450236426424026,-2.479311660863459e-05,-0.004694006405770779,0.0047775451093912125,0.18553021186939292,7.8817138671875,3.029696693702695e-05,0.005073144036226435,1.2046421034028754e-05,-0.0027922825887799255,0.0027651458978652957,0.05184685060266402,8.177711486816406,-5.995472510786881e-06,0.0018972911229995881,-1.8481114238966256e-06,-0.0009868877357803285,0.0009636529895942661
F:\Seminario\Seminario-Clustering\datasets\davi\Al Emadi (2019)\Multiclass_Drone_Audio\unknown\3-143933-A-383.wav,Multiclass_Drone_Audio\unknown\3-143933-A-383.wav,al_emadi,3-143933-A-383,1.0216875,0.48020832300406974,7.830348968505859,-0.0011626423178723478,0.02834642699575837,-0.0012679765932261944,-0.035884054750204085,0.03400484621524811,0.018807235500085884,7.888857364654541,-6.770380861328604e-05,0.0056140901211859835,6.216546171344817e-05,-0.007442997302860022,0.006593949906527996,0.026194861857443193,6.1169233322143555,0.00016458725630338485,0.004700624228686243,1.1101656127721071e-05,-0.0026922959368675947,0.002584640495479107,0.05587177338420888,5.98799991607666,2.0020956487178697e-05,0.004867902630332278,-1.2660937500186265e-05,-0.0011048383312299848,0.0010694680968299508,0.30465770024741046,6.444736957550049,-0.00013616155198225712,0.008045539952794051,-6.45024556433782e-06,-0.0006407508160918951,0.0006384779466316104,0.11426010600678181,7.014772891998291,5.838590644527269e-06,0.0034862240574692095,4.609910320141353e-08,-0.00042356520134489983,0.0004304035770474002
F:\Seminario\Seminario-Clustering\datasets\davi\Al Emadi (2019)\Multiclass_Drone_Audio\unknown\4-161099-B-471.wav,Multiclass_Drone_Audio\unknown\4-161099-B-471.wav,al_emadi,4-161099-B-471,1.0216875,0.05760539302074857,7.931729793548584,-0.0006043068761354123,0.1469569365593902,-0.0024590883404016495,-0.18718954920768738,0.19627923667430877,0.3047895721798433,7.687832355499268,0.026397978203919148,0.337003132189885,0.0325201079249382,-0.40078396201133726,0.435485976934433,0.39930715079240325,8.608331680297852,0.007749939508378976,0.27454138725222615,0.0007419814355671406,-0.29354244768619536,0.3334790199995041,0.185974237661014,9.430582046508789,0.0008525202598655255,0.13282519949115382,1.5149591490626335e-05,-0.15127341449260712,0.1515999585390091,0.04833319601106845,10.420905113220215,-4.667274720765784e-05,0.04793442699490285,-0.0005200074519962072,-0.05541402548551559,0.054144192487001426,0.003990450334922403,11.497031211853027,4.110963884005963e-06,0.009743909367078217,-3.221543738618493e-05,-0.011204550229012965,0.011365758161991842
F:\Seminario\Seminario-Clustering\datasets\davi\Al Emadi (2019)\Multiclass_Drone_Audio\unknown\5-200329-C-84.wav,Multiclass_Drone_Audio\unknown\5-200329-C-84.wav,al_emadi,5-200329-C-84,0.95975,0.2137298826904848,7.2483930587768555,-0.0008690551962079881,0.01550057525899834,-0.00041574616625439376,-0.020165499486029147,0.017395405657589437,0.17254062893359987,6.282602787017822,-0.0002394174732634398,0.013946923420323925,0.00015676226757932454,-0.010258522629737855,0.011718110460788014,0.2635320226627306,7.500679016113281,4.319116456556439e-05,0.012240042832971665,8.587850970798172e-05,-0.010934625100344418,0.010692952852696218,0.16616952089349787,8.18960189819336,-0.00016121574742266738,0.006886879355204151,5.3104726248420775e-05,-0.005713800527155399,0.00556135922670365,0.15632056512013306,8.709723472595215,-3.408860498238559e-05,0.004729935499807654,1.2317381333559752e-05,-0.003063431242480874,0.0028625656850636005,0.02770737969955379,9.202139854431152,-1.1768704627989182e-06,0.0014088574075975654,-1.1292286217212677e-06,-0.0007774288242217153,0.0007534526288509369
F:\Seminario\Seminario-Clustering\datasets\davi\Al Emadi (2019)\Multiclass_Drone_Audio\unknown\5-259514-A-262.wav,Multiclass_Drone_Audio\unknown\5-259514-A-262.wav,al_emadi,5-259514-A-262,0.97525,0.7834732913012933,6.839975357055664,0.0007912677827540217,0.0538299726698901,0.000529071141500026,-0.05440598167479038,0.05842949450016022,0.03793927228989786,5.809055805206299,0.0003462828457002381,0.011841804520943333,4.902625369140878e-05,-0.008482046891003847,0.010028264950960875,0.0740253587260534,5.748671054840088,-0.00022963376059892065,0.01175250519929672,5.619727016892284e-05,-0.007720315270125865,0.007445455342531214,0.04968513733530945,8.890907287597656,0.0001444968243579048,0.006821962271864809,4.167974475421943e-05,-0.006603313144296408,0.007061116164550184,0.038360880578586304,9.959942817687988,-8.206351503572696e-06,0.004244451596497646,-2.3982778657227755e-05,-0.0043598728254437445,0.004214938357472419,0.01651605976885975,11.034006118774414,-6.476727625637213e-06,0.0019703184397419126,-2.02701903617708e-06,-0.0021590508986264467,0.002142947632819414
F:\Seminario\Seminario-Clustering\datasets\davi\Al Emadi (2019)\Multiclass_Drone_Audio\unknown\2-71162-A-12.wav,Multiclass_Drone_Audio\unknown\2-71162-A-12.wav,al_emadi,2-71162-A-12,0.97525,0.008844726777582886,2.829464912414551,0.0022591321159437013,0.04336371162215863,-1.5378594980575144e-05,-0.0018384588183835149,0.0018839504336938262,0.0009697431482187904,6.100468158721924,0.001582497118863924,0.01429073599347746,0.0006940302264411002,-0.011470052413642406,0.01684565842151642,0.08321541015870465,9.277433395385742,0.004107455152280189,0.0945211701069774,0.011558846570551395,-0.12813970148563386,0.12533712685108184,0.7306953548136885,9.968969345092773,0.0034012817800881208,0.19861489113894887,0.007234722143039107,-0.266341832280159,0.25882295370101926,0.17368576425674523,10.968328475952148,-7.927069745720432e-06,0.06856051046704446,0.0012468863278627396,-0.08956914842128753,0.08901627212762835,0.0025890008450599323,11.691341400146484,1.015628562796969e-06,0.005921959909118905,7.918768096715212e-05,-0.007103367242962122,0.007213118486106396
F:\Seminario\Seminario-Clustering\datasets\davi\Al Emadi (2019)\Multiclass_Drone_Audio\unknown\3-145487-A-240.wav,Multiclass_Drone_Audio\unknown\3-145487-A-240.wav,al_emadi,3-145487-A-240,1.0216875,0.6370647427938275,7.188059329986572,0.00011714340127955628,0.7782111334028968,0.0,-0.8447326183319089,0.9049537777900694,0.19811757749694253,6.47175407409668,0.006444708326674403,0.4339296003273789,0.0,-0.39690889716148375,0.4049549400806427,0.08086379663167793,7.446854591369629,-0.0012469687697125845,0.19680633742476028,0.0,-0.20060852766036985,0.18709459453821184,0.06669709514063854,8.574090957641602,-0.000539409457839259,0.12666482660011072,0.0,-0.1212635412812233,0.12177418172359467,0.014522310818355418,9.529611587524414,0.0001830858759758131,0.04183908349213666,0.0,-0.03904716074466705,0.039380922168493294,0.0027344771185580565,10.141311645507812,0.00019730763131321516,0.012842562316433463,0.0,-0.010058765672147274,0.010673142131417991
F:\Seminario\Seminario-Clustering\datasets\davi\Al Emadi (2019)\Multiclass_Drone_Audio\bebop_1\B_S2_D1_090-bebop_004_.wav,Multiclass_Drone_Audio\bebop_1\B_S2_D1_090-bebop_004_.wav,al_emadi,B_S2_D1_090-bebop_004,0.896,0.6763564753226124,6.946809768676758,0.003666811617062705,0.46700678282424807,-0.007570034125819802,-0.4958091527223587,0.5072507560253143,0.024982103945497526,7.428130626678467,0.0009787952455410146,0.08975061638233184,0.0024746061535552144,-0.11004345491528511,0.10800201073288918,0.019378837440838775,8.765296936035156,0.0005727258768572423,0.05614204630416567,-0.0003564086800906807,-0.06975268200039862,0.07385447919368746,0.06084572761238802,9.720512390136719,0.00010730845946805648,0.07052289713344799,0.0007235714583657682,-0.09149966537952423,0.08666698038578036,0.12395211495103459,10.705102920532227,0.0009616064733654892,0.07124778634720808,0.0006426726467907429,-0.09036411494016647,0.09106872454285621,0.09448474072762868,11.729655265808105,-1.9279821354010412e-05,0.044014101531396704,-0.00033904520387295634,-0.05579091161489486,0.055336837843060524
F:\Seminario\Seminario-Clustering\datasets\davi\Al Emadi (2019)\Multiclass_Drone_Audio\unknown\2-209471-A-250.wav,Multiclass_Drone_Audio\unknown\2-209471-A-250.wav,al_emadi,2-209471-A-250,1.0216875,0.33727752504342107,6.785457611083984,-0.04899826149661668,0.12633624241410985,-0.05105019360780716,-0.14831692576408384,0.059129616618156404,0.2866788335459249,6.59660530090332,-0.005345865168589883,0.12481370664955596,-0.0011141406139358878,-0.11961887180805206,0.10983536690473555,0.24951442047217323,7.439861297607422,0.0008099862499257495,0.08272838295963517,-0.000920036603929475,-0.0710890807211399,0.07260455265641214,0.08909828326716471,8.435216903686523,1.867940403518904e-05,0.03503465978765005,0.00016577879432588816,-0.031439490616321564,0.0337548591196537,0.023383279811922245,9.338164329528809,-1.0107953874895029e-05,0.01270509295869864,5.067253368906677e-05,-0.011377219669520855,0.011570947244763378,0.014047657859393853,9.899406433105469,-4.3698405532975094e-05,0.00696652159135279,-1.0400528481113724e-05,-0.00573735823854804,0.005721225310117007
F:\Seminario\Seminario-Clustering\datasets\davi\Al Emadi (2019)\Multiclass_Drone_Audio\unknown\5-203739-A-101.wav,Multiclass_Drone_Audio\unknown\5-203739-A-101.wav,al_emadi,5-203739-A-101,1.0216875,0.15743723567966603,7.9693474769592285,-0.0034189925875392725,0.16353282704313662,-0.0024518202990293503,-0.21117911040782927,0.20241381824016572,0.09291276574763134,7.6700029373168945,0.003377506511666326,0.12561076193038426,0.00017046788707375526,-0.15000880360603333,0.14030033051967622,0.15447519357179867,7.764646530151367,0.005154665250181971,0.11489573775679807,-0.0004591187462210655,-0.10428162887692452,0.12383658885955812,0.13822016883630284,9.394689559936523,0.0016039986177028608,0.07707945564730635,0.00025809963699430227,-0.08406925201416016,0.08805466443300247,0.20491900736225932,10.523099899291992,-0.0029110870392379984,0.0663869742957519,-0.0033199822064489126,-0.07876828759908676,0.07336324751377106,0.2520356288023418,11.328075408935547,3.428774185465847e-05,0.052135926764553905,0.00047001476923469454,-0.05860668756067753,0.05814653635025026
F:\Seminario\Seminario-Clustering\datasets\davi\Al Emadi (2019)\Multiclass_Drone_Audio\unknown\3-123086-A-283.wav,Multiclass_Drone_Audio\unknown\3-123086-A-283.wav,al_emadi,3-123086-A-283,1.0216875,0.35504474827303045,7.9894232749938965,-0.00015434094970267058,0.0677803521933125,-0.000633428746368736,-0.0845314770936966,0.08444293439388274,0.05760565500242435,7.683715343475342,0.0007397686822864995,0.02729206924729706,1.0206422302871943e-05,-0.03345404043793678,0.03543167114257812,0.075572350377623,8.535894393920898,-0.0005921954889592457,0.022189899881640378,-0.00015202685608528554,-0.028785935416817662,0.02496509272605181,0.1520796310697881,9.716423034667969,9.827755517300469e-05,0.022314932105306974,0.00033348373835906386,-0.028577839955687523,0.027998367324471474,0.06815698351541413,10.73316478729248,-0.0003179272120902163,0.010570244494958709,-0.0005022713448852301,-0.012977236323058604,0.012774827145040038,0.29154063176171996,11.752389907836914,2.1196316572549894e-05,0.015472934088491203,-3.1831030355533585e-05,-0.018930668756365773,0.01903664581477642
F:\Seminario\Seminario-Clustering\datasets\davi\Al Emadi (2019)\Multiclass_Drone_Audio\unknown\2-83536-A-271.wav,Multiclass_Drone_Audio\unknown\2-83536-A-271.wav,al_emadi,2-83536-A-271,1.0216875,0.8752343362434117,7.934901714324951,0.003444284879869866,0.30131330615758184,0.0005080788396298885,-0.3774222373962402,0.38039182424545287,0.008693906152120281,8.325387001037598,-8.177904621653101e-05,0.03003242155629763,0.0011132536455988884,-0.04111824110150337,0.03955825343728065,0.012044811676552823,8.250932693481445,-0.0026885945100712507,0.024948374689137683,-0.0009538028389215469,-0.031649633496999736,0.024096893146634102,0.061440700279457215,9.179622650146484,4.71479643357855e-05,0.040161796219258646,-0.00037675537168979645,-0.04333476349711418,0.04432392120361328,0.02234036202601266,10.185335159301758,0.00014835142567383753,0.017142579429867893,0.00015049311332404613,-0.019349604472517965,0.019241765886545185,0.020245883622445237,11.240732192993164,8.000621919058951e-05,0.011545229888016937,4.81309398310259e-05,-0.012900519277900457,0.013062607403844597
F:\Seminario\Seminario-Clustering\datasets\davi\Al Emadi (2019)\Multiclass_Drone_Audio\unknown\2-39945-B-192.wav,Multiclass_Drone_Audio\unknown\2-39945-B-192.wav,al_emadi,2-39945-B-192,0.97525,0.6707610994556875,5.775287628173828,0.03060440183969237,0.4012479324776612,0.046601949259638786,-0.2311871349811554,0.2718803435564041,0.23211345382830764,5.4991631507873535,0.005077224096068323,0.23666755723822358,-8.844654075801373e-05,-0.12181151658296585,0.14473256468772888,0.07739772245629643,6.679026126861572,0.0008436704794594417,0.09709576597427076,0.00036004441790282726,-0.05868944451212883,0.0686449065804482,0.018411619803715144,8.472861289978027,0.0001341597830229943,0.03355563893257249,-6.846306496299803e-05,-0.029783876612782475,0.031008544377982613,0.0013052713971398542,9.428573608398438,-5.800523566703409e-06,0.0063249612151513,2.8218579245731235e-05,-0.005684424377977848,0.005490229185670615,1.0833058853414681e-05,10.62623405456543,7.034788638981851e-07,0.00040765238598665203,3.1714662327431142e-06,-0.0004151953471591696,0.0004119415389141068
F:\Seminario\Seminario-Clustering\datasets\davi\Al Emadi (2019)\Multiclass_Drone_Audio\unknown\5-211408-A-372.wav,Multiclass_Drone_Audio\unknown\5-211408-A-372.wav,al_emadi,5-211408-A-372,0.97525,0.013017844072570634,8.117071151733398,-3.297266219658101e-05,0.03110999935833766,-0.0009790313197299838,-0.038480475544929504,0.040281668305397034,0.05483951502412397,7.371722221374512,-0.0005941883665077659,0.06384967865223963,0.0016738331178203225,-0.0749664343893528,0.06896096095442772,0.21846127999877493,8.691685676574707,6.036560039537166e-06,0.09052781267072392,-0.0007335468544624746,-0.10961945503950118,0.1162937015295029,0.047128605301363743,9.7523193359375,0.0005529875126035896,0.0297874059250714,-9.949610102921724e-05,-0.03687201514840126,0.03736924864351749,0.35577722820277397,10.784177780151367,0.0003390958332455047,0.0579470724589932,-8.053635247051716e-05,-0.07118549197912216,0.07211929857730869,0.31077552740039277,11.703983306884766,-7.230317314707232e-06,0.03831604689085177,-7.094439934007823e-05,-0.04739605076611042,0.04794188588857651
F:\Seminario\Seminario-Clustering\datasets\davi\Al Emadi (2019)\Multiclass_Drone_Audio\bebop_1\mixed_7-bebop_000_.wav,Multiclass_Drone_Audio\bebop_1\mixed_7-bebop_000_.wav,al_emadi,mixed_7-bebop_000,1.024,0.43034608124780804,7.82981538772583,-0.007518812602323194,0.2840351789438863,-0.017984080128371716,-0.3504901736974716,0.35242041349411013,0.2924059266641165,8.38127326965332,-0.0007693084252353471,0.2342103266789953,0.0023460614029318094,-0.30486100614070893,0.29591632187366496,0.04669082699076719,8.944650650024414,0.0009164927069769176,0.06642805800167748,0.001814638962969184,-0.08307888358831406,0.08121934458613395,0.08497589892728338,9.958148956298828,-0.00012540387877273327,0.06351233591863516,-0.0008519147522747517,-0.08047248423099518,0.08323941379785538,0.09045861612304797,10.95602798461914,-0.0006107428044183669,0.046377404543930995,-0.00010911957360804081,-0.060400791466236115,0.05818874873220921,0.055122650046976904,11.96073055267334,8.987985300935072e-05,0.02561405682078496,0.00014195095718605444,-0.03273222967982292,0.03295005112886429
F:\Seminario\Seminario-Clustering\datasets\davi\Al Emadi (2019)\Multiclass_Drone_Audio\membo_1\Membo_0_008-membo_002_.wav,Multiclass_Drone_Audio\membo_1\Membo_0_008-membo_002_.wav,al_emadi,Membo_0_008-membo_002,1.024,0.5562581402536776,8.490045547485352,-0.0006582541859153515,0.11048222481755074,-0.0006642360240221024,-0.143061962723732,0.14791011512279512,0.010063014911710057,7.999245643615723,8.285045746910887e-05,0.014860014481975171,-4.465493839234114e-05,-0.019143346324563024,0.018805885873734954,0.08069394792987764,9.04697036743164,-0.0001327965684006552,0.029870324876990262,0.0007070123974699527,-0.03881072700023651,0.03908614106476307,0.08671511775080698,9.893009185791016,-0.00023797734389438492,0.02194216855284657,-0.0002772195730358362,-0.02826540544629097,0.027702868357300767,0.11760448661459873,10.818609237670898,-4.253035626445249e-05,0.018087415349061185,-0.00010130563168786466,-0.022383394464850426,0.022611236386001113,0.148665292539329,11.74386215209961,3.518744843002937e-06,0.014386906363515512,4.955870099365711e-05,-0.017894478514790535,0.01761813275516033
F:\Seminario\Seminario-Clustering\datasets\davi\Al Emadi (2019)\Multiclass_Drone_Audio\unknown\2-73260-A-101.wav,Multiclass_Drone_Audio\unknown\2-73260-A-101.wav,al_emadi,2-73260-A-101,1.0216875,0.6150568265327829,7.948002815246582,0.0025204078358039977,0.14762997691683022,0.0033609638921916485,-0.18328354954719542,0.18365977406501768,0.17175980712174996,7.403064727783203,-0.0019425357144522465,0.07800211215696067,-0.0011623487807810307,-0.08726397752761841,0.08357371985912322,0.11172117974102888,8.51516056060791,-0.00093563883435388,0.0446598987243322,-0.001514321833383292,-0.053216740116477014,0.049564648419618634,0.06297624236894431,9.265202522277832,-0.0003314402377822819,0.023764417873684968,-0.0004744349280372262,-0.026583179831504822,0.027089200913906097,0.02591315679255125,9.854121208190918,1.794219217705159e-05,0.010792015516626419,0.00013588948058895767,-0.010808277502655983,0.010858327336609366,0.012572787442942698,10.58936595916748,-1.1821589032167701e-05,0.005318082212228716,-9.247305570170283e-06,-0.005355270393192768,0.0053056060336530205
F:\Seminario\Seminario-Clustering\datasets\davi\Al Emadi (2019)\Multiclass_Drone_Audio\unknown\3-143560-A-472.wav,Multiclass_Drone_Audio\unknown\3-143560-A-472.wav,al_emadi,3-143560-A-472,0.97525,0.3856165152750613,7.079641819000244,0.004673250855816032,0.38568586374221053,0.012018183711916208,-0.4205504059791565,0.45389696955680847,0.29614223563633396,7.353549957275391,0.0038364425389802144,0.3379947877699885,0.015733751468360424,-0.3740722984075546,0.37355996668338776,0.17238016032030246,8.224414825439453,-0.0018612089946627758,0.18317791211346307,-0.0023936331272125244,-0.20581771731376647,0.19482458829879767,0.10257471723941256,9.208553314208984,-0.00014656104108312027,0.10012487991757597,-0.0009488430805504322,-0.11499337553977966,0.109726296365261,0.04013630428043731,10.220512390136719,-0.0002856490841221316,0.04433703215203952,7.001731137279421e-05,-0.05091178640723228,0.048035848140716576,0.0031500672484523666,11.13914680480957,-4.272995722029795e-06,0.008787679820293503,3.53025970980525e-05,-0.009825755376368761,0.009788853581994772
F:\Seminario\Seminario-Clustering\datasets\davi\Al Emadi (2019)\Multiclass_Drone_Audio\unknown\2-61311-A-123.wav,Multiclass_Drone_Audio\unknown\2-61311-A-123.wav,al_emadi,2-61311-A-123,1.0216875,0.7835912980261415,8.009552001953125,-0.0019188038333003304,0.07996557982347526,-0.0028428270015865564,-0.10148759335279464,0.10175652652978895,0.026723003782611134,7.962510108947754,0.00022547766973393717,0.014769823756075575,-0.00010517326882109046,-0.01921607442200184,0.01986020132899284,0.012837500775322664,6.8763227462768555,-1.596753589059588e-05,0.007267542316153795,-0.00012417073594406247,-0.007183319982141256,0.007151493895798922,0.016042534654516615,6.503264427185059,1.3049486574578597e-05,0.005757308650156351,-1.9393919501453638e-05,-0.002946133492514491,0.003326738253235817,0.10662588731271443,6.375874996185303,-4.946535649706303e-05,0.010506851779768692,4.088389687240124e-06,-0.003993723448365926,0.0037468132562935358,0.05417977544869366,7.243315696716309,8.063812806183235e-06,0.0052986045291769784,-4.2898100218735635e-06,-0.0018833718495443461,0.0019431981956586249
F:\Seminario\Seminario-Clustering\datasets\davi\Al Emadi (2019)\Multiclass_Drone_Audio\unknown\2-110417-B-281.wav,Multiclass_Drone_Audio\unknown\2-110417-B-281.wav,al_emadi,2-110417-B-281,1.0216875,0.8376012065999692,4.45731782913208,-0.0002615387985930557,0.013322468306911047,3.178607585141435e-05,-0.0023878592066466807,0.002079907152801752,0.018210320134582413,4.345742702484131,6.821513841938785e-05,0.0019635710777906063,6.69083783577662e-06,-0.0005876336013898253,0.0007051905849948524,0.07469492232078544,4.429108619689941,-4.2319409451255906e-05,0.002824305306332516,-7.934022505651228e-07,-0.0005965745076537132,0.0004727007646579297,0.027820384562779576,5.745357513427734,-5.248097664168839e-06,0.0012215975914505782,9.150444384431466e-07,-0.000257794075878337,0.00027486999169923365,0.021270764625944332,5.6547040939331055,2.4195370294440714e-05,0.0007557561757989725,1.954732397280168e-06,-8.158738055499269e-05,0.0001472710951929915,0.02040240175593903,8.544023513793945,1.0310622308873917e-06,0.0005239015590475833,1.935366071847966e-07,-9.619024131097828e-05,0.00011960491028730764
F:\Seminario\Seminario-Clustering\datasets\davi\Al Emadi (2019)\Multiclass_Drone_Audio\unknown\5-234879-B-12.wav,Multiclass_Drone_Audio\unknown\5-234879-B-12.wav,al_emadi,5-234879-B-12,0.97525,0.5711112844935267,5.656196594238281,-0.001620604884171427,0.03210744036795365,0.0,-0.02643614634871483,0.02436046488583088,0.18819138224031448,6.205053329467773,0.001574067925308217,0.018387051908379106,0.0,-0.014128013979643583,0.019458851777017117,0.15923574595425763,6.0813517570495605,5.521788736015317e-05,0.012058064881748883,0.0,-0.007322618830949068,0.008048737235367307,0.03457213501362946,6.874866485595703,4.1112925570999356e-05,0.003980817316004662,0.0,-0.0026941506890580057,0.002895009494386613,0.021765352501601894,9.297560691833496,4.449525919844385e-05,0.0022357014033673617,0.0,-0.0021109483670443295,0.0023102578241378075,0.025124099796669852,10.45613956451416,-2.9816707287259423e-06,0.0016996870678751175,0.0,-0.0017607250483706594,0.0017195669352076948
F:\Seminario\Seminario-Clustering\datasets\davi\Al Emadi (2019)\Multiclass_Drone_Audio\bebop_1\mixed_61-bebop_003_.wav,Multiclass_Drone_Audio\bebop_1\mixed_61-bebop_003_.wav,al_emadi,mixed_61-bebop_003,1.024,0.6865070544698417,7.622168064117432,0.008404654707723799,0.6272757074645389,0.031039799563586712,-0.755712592601776,0.7765171647071839,0.08704549872477813,6.790980339050293,-0.005507591607322236,0.22331405912647057,0.0010487039107829332,-0.20261981934309,0.2210502713918686,0.04991270345690971,7.9240217208862305,0.0005376867429026612,0.12007095729980728,0.0020539776887744665,-0.12021331191062927,0.12049843892455099,0.09448766687048066,9.3779296875,0.0008591441352060857,0.11707026142704531,0.0012870659120380878,-0.14395081698894502,0.13674200773239142,0.04789463883928014,10.171775817871094,-0.0005370397859094401,0.05899351224920634,0.00043451976671349257,-0.062392468005418776,0.06149542741477492,0.03415243763870965,10.626690864562988,9.614417871508953e-05,0.03524397593404037,0.00018666801042854786,-0.03171578794717789,0.032351620495319366
F:\Seminario\Seminario-Clustering\datasets\davi\Al Emadi (2019)\Multiclass_Drone_Audio\bebop_1\B_S2_D1_087-bebop_001_.wav,Multiclass_Drone_Audio\bebop_1\B_S2_D1_087-bebop_001_.wav,al_emadi,B_S2_D1_087-bebop_001,1.024,0.7670816514095065,7.486011028289795,0.005780371308075981,0.575788823656471,0.008997136959806085,-0.6402865648269653,0.7202842831611637,0.03547164250652046,6.841430187225342,-0.0016923105518799274,0.12381247299547962,-0.0003796807723119855,-0.12175996676087378,0.13154562562704086,0.014106308942823125,8.9400634765625,0.0009358132107687803,0.05542056229799202,0.0015290782321244478,-0.07128837555646897,0.07260815873742103,0.04597051733931103,9.936126708984375,0.0025672860321370146,0.07086225172221322,-0.0003037843853235245,-0.08683536797761918,0.095434208214283,0.0798386931504372,10.880597114562988,-0.0006365923485098703,0.06613856365258579,0.0005197347491048276,-0.08636134937405586,0.08418800681829453,0.05753118665140166,11.92528247833252,0.00012662165408406094,0.039720480401719854,0.00024236913304775953,-0.05034610815346241,0.05046429671347141
F:\Seminario\Seminario-Clustering\datasets\davi\Al Emadi (2019)\Multiclass_Drone_Audio\unknown\1-79711-A-320.wav,Multiclass_Drone_Audio\unknown\1-79711-A-320.wav,al_emadi,1-79711-A-320,1.0216875,0.29219601001438716,7.750641345977783,0.0014308010657413939,0.10267981279296673,-0.00043861300218850374,-0.12117504179477691,0.13204683661460875,0.02270219763515131,4.432247161865234,0.0014134824436644352,0.028588662224320056,0.0006313282065093517,-0.010774468630552292,0.011951144412159918,0.037922060452006745,5.160336494445801,-0.0007251366254440125,0.026250371390275716,-0.00010545575059950352,-0.01233255360275507,0.011559051834046841,0.18066105137292693,5.30172061920166,3.95936990511635e-05,0.04061841641266417,2.88418959826231e-05,-0.013370848260819912,0.013536405749619007,0.30042924789363956,4.880745887756348,-0.00017252214621731198,0.037078254032853294,1.2948003131896257e-05,-0.007679747883230447,0.007780856452882293,0.1660894326318883,7.100225448608398,-1.354169266138666e-05,0.01950388385135339,-4.174775676801801e-05,-0.005706235533580184,0.005472042597830297
F:\Seminario\Seminario-Clustering\datasets\davi\Al Emadi (2019)\Multiclass_Drone_Audio\unknown\2-102567-C-352.wav,Multiclass_Drone_Audio\unknown\2-102567-C-352.wav,al_emadi,2-102567-C-352,0.97525,0.9105710934797662,7.783299446105957,-0.009397099129273556,0.7409813181973455,0.0070359474048018456,-0.9855653047561646,0.8966087996959686,0.05321825305565206,7.910930156707764,0.0027232164148083557,0.17912877563494306,0.00046243000542744994,-0.21800650656223297,0.23574218899011612,0.01856338110550754,8.984548568725586,0.0006403344608916752,0.07515572992007759,-0.002497507259249687,-0.09683783203363419,0.09677191078662874,0.004816088432068923,9.900107383728027,0.0002821302311937301,0.027123358889679323,9.42073529586196e-05,-0.034597248584032056,0.03615384176373482,0.006424426115220013,10.905118942260742,0.0001313524101388843,0.0221775683428012,-0.000199161033378914,-0.02821744158864021,0.029222296550869952,0.0064067578117852665,11.939105987548828,-2.2872385865122654e-05,0.015668610926616675,-0.0002528091426938772,-0.02016756497323513,0.020360304974019527
F:\Seminario\Seminario-Clustering\datasets\davi\Al Emadi (2019)\Multiclass_Drone_Audio\unknown\2-109371-D-162.wav,Multiclass_Drone_Audio\unknown\2-109371-D-162.wav,al_emadi,2-109371-D-162,0.97525,0.850058178322366,7.843554496765137,0.0006871536362826103,0.6733894517966796,0.017262984067201614,-0.871797651052475,0.8527951240539551,0.11988991588122012,7.856023788452148,0.0006340767389291056,0.252890301811029,0.0066539570689201355,-0.3221449851989746,0.31107789278030396,0.019305762409916633,8.920345306396484,0.0016700782504802927,0.07206646040514586,-0.00013358844444155693,-0.08806012123823166,0.09586868882179261,0.008618441249395209,9.817222595214844,0.0003861854082012437,0.03412426123180003,-0.00019903574138879776,-0.0428338423371315,0.04485023692250252,0.0020103172870273287,10.82459831237793,4.98875731083016e-05,0.01166781863003722,-7.970095612108707e-05,-0.014690982550382614,0.014975792914628984,0.00011738485007477595,11.677675247192383,2.2067283352972022e-06,0.001994685986673171,6.471527740359306e-06,-0.002484489232301712,0.0024553861003369093
F:\Seminario\Seminario-Clustering\datasets\davi\Al Emadi (2019)\Multiclass_Drone_Audio\unknown\4-161579-B-403.wav,Multiclass_Drone_Audio\unknown\4-161579-B-403.wav,al_emadi,4-161579-B-403,1.0216875,0.6007383913482793,8.005666732788086,0.012867925167334964,0.5019588576257987,0.011194564402103424,-0.6344380021095276,0.6724475145339965,0.16726772511610835,7.872109889984131,-0.0029744535984259695,0.2649395506568057,0.002425041049718857,-0.3303945481777191,0.3202199339866638,0.16514856641964593,8.855438232421875,0.001744375970594368,0.18687517907732742,-0.0026186180766671896,-0.22474240958690642,0.2318557500839234,0.052069937190927826,9.844907760620117,-0.00041993425578139596,0.07436276393026948,0.000139542855322361,-0.09345810860395432,0.0919489935040474,0.012495361963804396,10.891929626464844,0.0001389518805779289,0.025786891627790107,0.0002942606806755066,-0.0327055387198925,0.032768820971250535,0.0022800179612342025,11.856222152709961,-2.983712596739885e-06,0.007792867640072219,-5.981186404824257e-06,-0.009672436956316232,0.00963996471837163
F:\Seminario\Seminario-Clustering\datasets\davi\Al Emadi (2019)\Multiclass_Drone_Audio\unknown\3-155570-A-324.wav,Multiclass_Drone_Audio\unknown\3-155570-A-324.wav,al_emadi,3-155570-A-324,0.95975,0.7404758785866571,5.545257568359375,5.44551301900952e-05,0.09549780948189977,-0.0001407893287250772,-0.05738952159881591,0.05752866677939893,0.1730551468395583,4.883267402648926,0.0004157156485920585,0.04616498060562926,-5.4856187489349395e-05,-0.012305439449846743,0.011643108632415541,0.013051142268974763,5.310877799987793,-0.00019193475572568006,0.008999860126286913,-2.4670109269209206e-05,-0.0023085428634658455,0.002181095327250661,0.03603901795315745,5.39254093170166,2.4814382553455874e-07,0.010602140344737618,-1.2809989129891619e-05,-0.002071208879351616,0.0018457629950717094,0.019132471772326232,6.020565509796143,-0.0001127011394705218,0.005467553513840697,5.9871081248275004e-06,-0.0008585336036048827,0.0008891494595445682,0.01824634257932613,7.310233116149902,-1.2030433363257467e-06,0.003778319411942688,1.426862581865862e-06,-0.0008805790334008634,0.0008929530100431334
F:\Seminario\Seminario-Clustering\datasets\davi\Al Emadi (2019)\Multiclass_Drone_Audio\unknown\1-100210-B-360.wav,Multiclass_Drone_Audio\unknown\1-100210-B-360.wav,al_emadi,1-100210-B-360,1.0216875,0.1848648956572598,7.681308746337891,0.02446224540292585,0.7311319133405236,0.03273915871977806,-0.8254218459129332,0.8535579442977903,0.02265454015801297,7.955428123474121,-0.00581540948637763,0.2560218820059723,-0.005506124347448349,-0.34983301162719727,0.3235955417156218,0.055617846984279844,9.037543296813965,-0.012338530958926269,0.2845612542714793,-0.011665108148008585,-0.36482090055942534,0.3539019554853441,0.06425527955933984,9.970767974853516,0.0019627500487548705,0.21694465990384773,0.0019303595181554556,-0.281097412109375,0.27016595005989075,0.10020970399140491,11.13614273071289,0.0027834730663794396,0.19177122200893312,0.0036291847936809063,-0.25016348361968993,0.25015298724174506,0.5723977336497026,12.472091674804688,0.00020824526324026617,0.3242802289380318,0.003958831075578928,-0.42693066895008086,0.425039342045784
F:\Seminario\Seminario-Clustering\datasets\davi\Al Emadi (2019)\Multiclass_Drone_Audio\unknown\5-232802-A-313.wav,Multiclass_Drone_Audio\unknown\5-232802-A-313.wav,al_emadi,5-232802-A-313,1.0216875,0.0,-0.0,0.0,0.0,0.0,0.0,0.0,0.0,-0.0,0.0,0.0,0.0,0.0,0.0,0.0,-0.0,0.0,0.0,0.0,0.0,0.0,0.0,-0.0,0.0,0.0,0.0,0.0,0.0,0.0,-0.0,0.0,0.0,0.0,0.0,0.0,0.0,-0.0,0.0,0.0,0.0,0.0,0.0
F:\Seminario\Seminario-Clustering\datasets\davi\Al Emadi (2019)\Multiclass_Drone_Audio\unknown\2-83667-A-343.wav,Multiclass_Drone_Audio\unknown\2-83667-A-343.wav,al_emadi,2-83667-A-343,1.0216875,0.5691395255673407,7.94232177734375,-0.0006827220056243672,0.051601905792571214,0.001274314010515809,-0.06589730829000473,0.06472509354352951,0.23190429048079642,8.0079927444458,-0.0008945225185969475,0.03292976135767589,0.00025323464069515467,-0.04559294730424881,0.03908601850271224,0.14314903314792782,8.948392868041992,0.00048032090405806973,0.01836560225886167,0.00042418859084136784,-0.02322760932147503,0.024243247881531715,0.02777720532564321,9.947761535644531,-2.0848154337855177e-05,0.0057350422200227865,6.521207978948951e-06,-0.007309009786695242,0.007326873950660229,0.01426965100551188,10.89217758178711,6.868587984880067e-05,0.0029089939915676443,7.548998109996319e-05,-0.003566912282258272,0.0037217134609818466,0.013760294472779926,11.922544479370117,-1.045980462383738e-05,0.0020214480000492687,-5.3585848945658654e-05,-0.0025471544358879328,0.0025756897870451213
F:\Seminario\Seminario-Clustering\datasets\davi\Al Emadi (2019)\Multiclass_Drone_Audio\unknown\2-42101-A-433.wav,Multiclass_Drone_Audio\unknown\2-42101-A-433.wav,al_emadi,2-42101-A-433,1.0216875,0.7689272856901093,7.625256061553955,-0.002574627165662875,0.5075051448191163,0.0023590223863720894,-0.569361400604248,0.5581053137779235,0.1374882187217238,7.92783260345459,-0.0015873398186786096,0.21459729919709303,-0.006251013372093439,-0.2837601125240326,0.2648230254650116,0.06157174459816539,8.978971481323242,-0.00014719480481360434,0.10194330632074652,-0.0001859429758042097,-0.1323288232088089,0.13008022159337998,0.024040980221709973,9.857667922973633,0.0003647869316609472,0.045140475655018455,0.0005899765528738499,-0.056981272995471954,0.05833325907588005,0.006995918316175309,10.771862983703613,-5.082143121086117e-07,0.017238066407927306,-0.00010905740782618523,-0.020924552902579305,0.02128666676580906,0.0009758524521162633,11.929851531982422,-4.84768134969164e-06,0.004554653474060703,1.2112315744161606e-05,-0.005888897413387894,0.00584401716478169
F:\Seminario\Seminario-Clustering\datasets\davi\Al Emadi (2019)\Multiclass_Drone_Audio\unknown\5-243783-A-444.wav,Multiclass_Drone_Audio\unknown\5-243783-A-444.wav,al_emadi,5-243783-A-444,0.95975,0.3593724470346738,8.078086853027344,0.0031157473286377176,0.14769475113279865,0.0003476834390312433,-0.19197291433811187,0.19987876862287524,0.17298718417301934,7.743433952331543,-0.001622471431905755,0.10248064186888209,0.0022409693337976933,-0.13508933186531066,0.12866404354572297,0.26527843741612345,8.829181671142578,0.0008614411137898045,0.09011408322829696,0.004235966131091118,-0.11397738456726074,0.11299725472927104,0.14049209743657817,9.558167457580566,0.00011999552377625782,0.0464817905008803,-0.0003921389579772949,-0.054425785690546034,0.05456627383828165,0.04996124211769512,10.278886795043945,-0.00019222139559128482,0.01962215953960816,0.000111748231574893,-0.02174610160291195,0.02116919457912445,0.011908591821910139,11.014404296875,9.749460598297244e-06,0.00677784765044846,0.00010531784209888428,-0.006840166356414557,0.0069770095404237615
F:\Seminario\Seminario-Clustering\datasets\davi\Al Emadi (2019)\Multiclass_Drone_Audio\membo_1\extra_membo_D2_2034.wav,Multiclass_Drone_Audio\membo_1\extra_membo_D2_2034.wav,al_emadi,extra_membo_D2,1.0026875,0.8773564197455516,8.117244720458984,-9.220767128235643e-06,0.035447954675495524,0.002221357310190797,-0.048320040479302405,0.042976244911551484,0.00587503128197795,7.904573440551758,-0.00011653984302207462,0.002898394436940997,-0.00019907660316675901,-0.003722091019153595,0.003468914912082256,0.020057393581561684,8.965690612792969,-3.660745074077575e-05,0.0038065350764303644,-2.5349596398882568e-05,-0.004992938134819269,0.004809711594134569,0.028065684490070804,9.964653015136719,-1.6658194694204012e-05,0.0031911577161119714,-5.6511431466788054e-05,-0.004082643240690231,0.004205368831753731,0.037877452439143575,10.950538635253906,5.188792242194062e-06,0.00262438087496289,-7.111870218068361e-06,-0.003366130404174328,0.003439685748890043,0.030768018461694423,11.949824333190918,7.379838146541271e-07,0.0016733561523407667,-2.957950346171856e-05,-0.00212585530243814,0.002171165309846401
F:\Seminario\Seminario-Clustering\datasets\davi\Al Emadi (2019)\Multiclass_Drone_Audio\unknown\1-57163-A-382.wav,Multiclass_Drone_Audio\unknown\1-57163-A-382.wav,al_emadi,1-57163-A-382,0.97525,0.00300532953159232,3.3497109413146973,-0.0003698193431225883,0.003773087532737112,-8.654324801682378e-06,-0.0012417894904501736,0.0011804020614363253,0.0032683479187034987,5.438664436340332,0.00015085720239823325,0.0039507063037915935,1.4441710845858324e-05,-0.0018538478761911392,0.0025078076869249344,0.06501601513383233,6.368786811828613,-0.0003192252802106331,0.012521609884559866,1.0547248621151084e-06,-0.006990293506532907,0.005074395332485447,0.31694492470598973,6.983926773071289,-0.0003560626863189729,0.0195921317017956,-1.112597203700716e-06,-0.006717696646228432,0.007039523078128694,0.30859125487659117,7.358310699462891,0.0011621498686428828,0.013638511203568477,1.8527716747485101e-06,-0.002317426074296236,0.0036898307967931036,0.30317412783329095,7.471014022827148,1.1694352051754409e-05,0.009598410217988938,-6.672433983112569e-08,-0.0013864123029634356,0.0013922596699558198
F:\Seminario\Seminario-Clustering\datasets\davi\Al Emadi (2019)\Multiclass_Drone_Audio\unknown\2-96033-A-130.wav,Multiclass_Drone_Audio\unknown\2-96033-A-130.wav,al_emadi,2-96033-A-130,1.0216875,0.755226396399624,8.010689735412598,0.0045264928250866076,0.36416396942550144,0.004350167699158192,-0.42647339701652526,0.45449730753898615,0.034578055119639683,7.971166610717773,-0.000682228745438198,0.07792477656327763,-0.002051660791039467,-0.09571736603975296,0.099961057305336,0.003391153275573638,8.971233367919922,0.00037232380092920494,0.01731930156361504,0.0009230263531208038,-0.02222214862704277,0.022267738543450835,0.0011573243959311355,9.732162475585938,0.00037058758976541665,0.00716208931865172,0.000383113045245409,-0.008184792473912239,0.009123235940933228,0.0005051173807939962,9.57444953918457,3.0242264929163307e-05,0.0033537695546951947,1.8145423382520676e-05,-0.0029036469757556913,0.0029775684233754873,0.2051419534284376,10.318510055541992,2.308025630153957e-05,0.047816660434765075,-3.393169026821852e-05,-0.03452020287513733,0.035019123926758766
F:\Seminario\Seminario-Clustering\datasets\davi\Al Emadi (2019)\Multiclass_Drone_Audio\membo_1\Membo_1_001-membo_004_.wav,Multiclass_Drone_Audio\membo_1\Membo_1_001-membo_004_.wav,al_emadi,Membo_1_001-membo_004,0.896,0.5619377099147764,8.173511505126953,0.0026037088258849587,0.12399679760542158,0.0007826595101505518,-0.16071870923042297,0.16286587715148926,0.009512773004015472,7.87103271484375,-0.00023277671556442918,0.01613505648548511,-0.000313244410790503,-0.021236549131572247,0.021422364749014378,0.056895092303351893,8.8777494430542,0.00014294230019744792,0.028027997560701755,0.0003894859255524352,-0.037661337107419965,0.03431762792170048,0.07731312552962351,9.772876739501953,0.0001320866413445766,0.023160529978550608,0.0005746086244471371,-0.028805623576045037,0.029984822496771816,0.12469234453412475,10.674776077270508,7.909743987529053e-05,0.020821597968204396,-0.0003037862916244194,-0.02610283959656954,0.026665535196661948,0.16964895471410796,11.607881546020508,-3.461209143093671e-05,0.01718300517667319,5.324784433469176e-05,-0.021423415839672087,0.02096547428518534
F:\Seminario\Seminario-Clustering\datasets\davi\Al Emadi (2019)\Multiclass_Drone_Audio\unknown\2-125966-A-112.wav,Multiclass_Drone_Audio\unknown\2-125966-A-112.wav,al_emadi,2-125966-A-112,0.97525,0.34569076177189817,7.698681354522705,-0.00641251149112753,0.17283335552359907,0.007699744775891304,-0.2362842783331871,0.2078801468014717,0.08391041978924711,7.397054195404053,-0.0008135827250249174,0.08520607561961074,0.0016063996008597314,-0.09321253374218941,0.08846962824463844,0.2000335484935831,7.561334133148193,5.898945083467921e-05,0.09345398299971241,0.0018265454564243555,-0.08686167299747467,0.08615673333406451,0.15242622958906474,8.760765075683594,-0.0007395320081147741,0.05779778487535506,-1.253827940672636e-05,-0.056390966102480886,0.05089441798627376,0.12863633017432796,8.751590728759766,0.0005664295109745059,0.03758668758452479,0.0008633272373117507,-0.029697870835661888,0.030832314863801016,0.08930271018187892,7.285556793212891,5.176029995034236e-06,0.02215854692715114,-8.166933548636734e-05,-0.013275494333356619,0.013350722379982471
F:\Seminario\Seminario-Clustering\datasets\davi\Al Emadi (2019)\Multiclass_Drone_Audio\unknown\4-159426-A-93.wav,Multiclass_Drone_Audio\unknown\4-159426-A-93.wav,al_emadi,4-159426-A-93,1.0216875,0.0,-0.0,0.0,0.0,0.0,0.0,0.0,0.0,-0.0,0.0,0.0,0.0,0.0,0.0,0.0,-0.0,0.0,0.0,0.0,0.0,0.0,0.0,-0.0,0.0,0.0,0.0,0.0,0.0,0.0,-0.0,0.0,0.0,0.0,0.0,0.0,0.0,-0.0,0.0,0.0,0.0,0.0,0.0
F:\Seminario\Seminario-Clustering\datasets\davi\Al Emadi (2019)\Multiclass_Drone_Audio\unknown\5-259180-A-153.wav,Multiclass_Drone_Audio\unknown\5-259180-A-153.wav,al_emadi,5-259180-A-153,1.0216875,0.0,-0.0,0.0,0.0,0.0,0.0,0.0,0.0,-0.0,0.0,0.0,0.0,0.0,0.0,0.0,-0.0,0.0,0.0,0.0,0.0,0.0,0.0,-0.0,0.0,0.0,0.0,0.0,0.0,0.0,-0.0,0.0,0.0,0.0,0.0,0.0,0.0,-0.0,0.0,0.0,0.0,0.0,0.0
F:\Seminario\Seminario-Clustering\datasets\davi\Al Emadi (2019)\Multiclass_Drone_Audio\unknown\1-31251-B-62.wav,Multiclass_Drone_Audio\unknown\1-31251-B-62.wav,al_emadi,1-31251-B-62,0.97525,0.04195918177700264,7.334580898284912,-0.004499153874741252,0.08478814898033976,-0.001579874660819769,-0.09802260994911194,0.09313976019620895,0.025764774981440995,7.861111640930176,0.0005290309229401887,0.06653216977833126,0.0002830580633599311,-0.08161285519599915,0.07912271097302437,0.07654132521802585,8.563777923583984,0.0022554319198368855,0.08142874733465945,0.0009602278005331755,-0.10005047470331192,0.11015765219926835,0.6724995865836954,8.971656799316406,0.0008905881354551995,0.17108299119951284,0.0013703156146220863,-0.1931505441665649,0.1959356501698494,0.15374512367883558,10.158258438110352,-0.0005251530437505631,0.05790741243578176,-0.0005541988648474216,-0.0685561254620552,0.06586110889911652,0.029490007760999543,11.209589958190918,-8.12057100522667e-06,0.017943046487080623,-4.712345253210515e-05,-0.01978801842778921,0.019966515712440014
F:\Seminario\Seminario-Clustering\datasets\davi\Al Emadi (2019)\Multiclass_Drone_Audio\unknown\4-128659-A-331.wav,Multiclass_Drone_Audio\unknown\4-128659-A-331.wav,al_emadi,4-128659-A-331,1.0216875,0.009171449466110742,7.117868423461914,0.002586781019021924,0.0028037585308568163,0.0027342038229107857,0.0013969949213787913,0.004353253822773695,0.04167046487289278,6.752309322357178,0.0008511841159621442,0.008086701380955566,-0.0001257614349015057,-0.006118123419582843,0.008548545092344283,0.1600304556765856,8.018721580505371,2.726401213400554e-05,0.011311362133173283,-9.769001917447895e-05,-0.012959197349846362,0.012380412872880706,0.09345951850882123,8.53219223022461,0.00016401988012076368,0.006123598100975384,3.92432848457247e-05,-0.0051423427648842335,0.005980913061648607,0.27288504805589814,8.008986473083496,-4.063609496791052e-05,0.007409619919473981,-2.328799746464938e-05,-0.0030784728471189714,0.002887651324272159,0.4227830634196915,7.728549957275391,1.1413651529569305e-05,0.006524812617939381,1.0148558430955745e-05,-0.001369403745047748,0.0013644156395457685
F:\Seminario\Seminario-Clustering\datasets\davi\Al Emadi (2019)\Multiclass_Drone_Audio\unknown\3-153057-A-430.wav,Multiclass_Drone_Audio\unknown\3-153057-A-430.wav,al_emadi,3-153057-A-430,1.0216875,0.6238034425151676,7.807178497314453,0.0051521386628676485,0.7357521696045025,9.660710929892957e-06,-1.029846429824829,0.9175187230110167,0.013662029014652648,7.632306098937988,7.265104643696572e-05,0.10888694915431837,0.0,-0.15219280719757078,0.15772626698017117,0.0360132212747562,8.160489082336426,0.00038902116226068566,0.1254909099526416,0.0,-0.1540941670536995,0.16833808571100237,0.2258471559072778,8.971881866455078,0.0003142905617982981,0.22270298682937764,0.0,-0.27746134996414185,0.24226854741573334,0.09093435908379643,10.361048698425293,2.182913681281554e-05,0.10003341709412945,0.0,-0.14173771142959596,0.1506148874759674,0.009739792204349259,10.916205406188965,-1.2087025324800968e-05,0.023160782236408377,0.0,-0.02713324911892414,0.02835294734686615
F:\Seminario\Seminario-Clustering\datasets\davi\Al Emadi (2019)\Multiclass_Drone_Audio\unknown\2-93030-A-213.wav,Multiclass_Drone_Audio\unknown\2-93030-A-213.wav,al_emadi,2-93030-A-213,1.0216875,0.22102375966735363,7.467144966125488,2.015801966398383e-06,0.0003870576312615096,1.9976987459813245e-06,-0.0004442285746335983,0.0004193978733383119,0.23253883393570215,7.3042449951171875,-6.045229702461734e-06,0.00039697159753149334,-1.5964880731189623e-05,-0.00044251406798139213,0.0004297584528103471,0.19706330084316362,8.153156280517578,-1.261251264118978e-06,0.0002594327814413665,-7.2639631980564445e-06,-0.0002785397518891841,0.00025501835916657,0.19205646895131684,8.925419807434082,6.247242547178686e-07,0.0001814992300927872,-1.5830167967578745e-06,-0.000170754108694382,0.00018338764493819326,0.12361292414761524,9.883232116699219,-1.682749310544402e-07,0.00010307568186590948,1.6072823427748517e-07,-0.00010417699959361925,0.00010403245687484743,0.03370471245484852,11.15091323852539,-3.74931207078898e-08,3.807739846486927e-05,-6.443613358442235e-07,-4.239710397087037e-05,4.373796036816203e-05
F:\Seminario\Seminario-Clustering\datasets\davi\Al Emadi (2019)\Multiclass_Drone_Audio\unknown\3-139958-A-372.wav,Multiclass_Drone_Audio\unknown\3-139958-A-372.wav,al_emadi,3-139958-A-372,0.97525,0.04583813238153063,5.300185203552246,-0.000857201430438093,0.03821980290575463,9.926906568580307e-05,-0.0275588221848011,0.022837301716208458,0.11871137239529032,3.624560594558716,-0.004647728454983735,0.061346177867116554,-0.00010886295785894617,-0.006056867074221373,0.0048684782814234495,0.16125854257213626,5.083930969238281,-0.00014357037180938757,0.050934014250330055,0.0001427717797923833,-0.012622459977865218,0.013882738351821928,0.09231153544671715,5.994699954986572,0.00048121816498390533,0.02730104259355608,7.224820365081541e-05,-0.01050149155780673,0.01101867398247122,0.19372578555827677,6.099013805389404,0.0001410319836498393,0.02800215964935562,-9.879004210233688e-06,-0.007594820484519004,0.00719195837154985,0.38815463164604885,7.421392440795898,-7.668713576796059e-05,0.028042162008175584,2.2868422092869878e-05,-0.013670487329363823,0.01397239975631237
F:\Seminario\Seminario-Clustering\datasets\davi\Al Emadi (2019)\Multiclass_Drone_Audio\unknown\1-50454-A-444.wav,Multiclass_Drone_Audio\unknown\1-50454-A-444.wav,al_emadi,1-50454-A-444,0.95975,0.0,-0.0,0.0,0.0,0.0,0.0,0.0,0.0,-0.0,0.0,0.0,0.0,0.0,0.0,0.0,-0.0,0.0,0.0,0.0,0.0,0.0,0.0,-0.0,0.0,0.0,0.0,0.0,0.0,0.0,-0.0,0.0,0.0,0.0,0.0,0.0,0.0,-0.0,0.0,0.0,0.0,0.0,0.0
F:\Seminario\Seminario-Clustering\datasets\davi\Al Emadi (2019)\Multiclass_Drone_Audio\unknown\3-142605-A-212.wav,Multiclass_Drone_Audio\unknown\3-142605-A-212.wav,al_emadi,3-142605-A-212,0.97525,0.9879735259407971,8.12801742553711,-0.0008568087497781474,0.03161517362321671,0.00010832685802597553,-0.04210068844258785,0.03998376801609993,0.003937026782965615,5.154209136962891,-6.573890045875751e-05,0.0019954047100250983,2.122775185853243e-06,-0.0014699686435051262,0.0014420481747947633,0.0021727737320689205,8.195596694946289,3.935396877434962e-05,0.001052811163322769,3.827107138931751e-05,-0.0011098772287368775,0.0011086760787293321,0.001861499788084794,9.508325576782227,-1.0351688623989552e-05,0.0006908751900273081,-7.338603609241545e-06,-0.0008008439966943115,0.000792249187361449,0.0018661522057096137,10.736641883850098,-4.289171922648823e-06,0.000489731855550412,8.709903340786695e-07,-0.0006205703830346465,0.000603791989851743,0.0021890215503738816,11.843765258789062,1.6386488199267515e-06,0.0003752578661061276,-1.8223090592073277e-06,-0.0004748554201796651,0.0004760643932968378
F:\Seminario\Seminario-Clustering\datasets\davi\Al Emadi (2019)\Multiclass_Drone_Audio\unknown\3-130998-A-282.wav,Multiclass_Drone_Audio\unknown\3-130998-A-282.wav,al_emadi,3-130998-A-282,0.97525,0.9763817663788092,7.9944233894348145,-0.010393009195526716,0.41777929792634805,-0.009403504431247711,-0.5412462651729584,0.5536620914936066,0.012911570299926131,7.523266792297363,0.0009943382766514038,0.04804718678862768,6.954031050554477e-06,-0.054460303857922554,0.059569964185357094,0.004234085591238754,8.691120147705078,0.0002001498922130561,0.019547559972156122,-0.0006489199586212635,-0.023306548595428467,0.024564077332615855,0.0018423614533012332,9.712934494018555,-3.894890957629744e-05,0.009136700635488075,-0.00012309907469898462,-0.011567918304353952,0.011365211941301821,0.0016856742626458663,10.794371604919434,5.440179451689301e-05,0.0061867219495105,1.9249040633440018e-05,-0.007559855002909899,0.0077255919575691225,0.0029445420140788076,11.862499237060547,3.656929571671536e-05,0.00578493061938829,0.00011600763536989689,-0.007384087424725294,0.007209394592791796
F:\Seminario\Seminario-Clustering\datasets\davi\Al Emadi (2019)\Multiclass_Drone_Audio\unknown\2-84693-A-490.wav,Multiclass_Drone_Audio\unknown\2-84693-A-490.wav,al_emadi,2-84693-A-490,1.0216875,0.3545057451339285,7.349893569946289,-0.0027133475480262937,0.13841079302820902,0.004723334219306707,-0.15215566754341125,0.1552673488855362,0.2105482052510915,7.1769304275512695,0.004142548902576425,0.10660802910287633,0.0019128430867567658,-0.11301741749048233,0.12608976960182183,0.10696271823606289,7.867703437805176,0.0011280828229325724,0.05396698753319021,-0.0002856453647837043,-0.04890485890209675,0.0624630656093359,0.116455147847338,8.580101013183594,0.0004471288077081121,0.0399111908350024,9.211344877257943e-05,-0.038296256214380264,0.040590811520814896,0.1162620345302858,9.736713409423828,-0.00011969054441206499,0.028230568512016826,0.00012759551464114338,-0.029296631366014472,0.029091702774167092,0.09526614900129331,10.83924674987793,7.279863863611051e-05,0.018078719915744522,1.0411851690150797e-05,-0.01885269321501255,0.018850682303309444
F:\Seminario\Seminario-Clustering\datasets\davi\Al Emadi (2019)\Multiclass_Drone_Audio\unknown\5-215179-A-133.wav,Multiclass_Drone_Audio\unknown\5-215179-A-133.wav,al_emadi,5-215179-A-133,1.0216875,0.8993138114559873,8.026511192321777,0.0011551498693615013,0.09445192102324164,-0.0015899157151579857,-0.12049891501665115,0.13107752799987793,0.023581828450074317,7.81942081451416,0.0003621174437074647,0.015291660181399045,0.00042185024358332157,-0.01862897165119648,0.018541877716779707,0.02092411347157332,8.875337600708008,-0.00025915340386224836,0.010224375020200736,6.879097782075405e-05,-0.012831001356244086,0.01257771709933877,0.017067183025387497,9.925210952758789,2.42394247021186e-05,0.006545855891804676,-5.492212949320674e-06,-0.008201179094612598,0.008363321423530579,0.011267384616285719,10.946861267089844,-3.152176501141617e-05,0.003764842218090254,-4.317551793064922e-05,-0.004867430496960878,0.0047243317589163785,0.027845678980691856,11.909843444824219,8.362456342035665e-07,0.004187228631975657,2.2862324840389192e-05,-0.005316337896510958,0.005283063976094127
F:\Seminario\Seminario-Clustering\datasets\davi\Al Emadi (2019)\Multiclass_Drone_Audio\unknown\1-84704-A-394.wav,Multiclass_Drone_Audio\unknown\1-84704-A-394.wav,al_emadi,1-84704-A-394,0.95975,0.0,-0.0,0.0,0.0,0.0,0.0,0.0,0.0,-0.0,0.0,0.0,0.0,0.0,0.0,0.0,-0.0,0.0,0.0,0.0,0.0,0.0,0.0,-0.0,0.0,0.0,0.0,0.0,0.0,0.0,-0.0,0.0,0.0,0.0,0.0,0.0,0.0,-0.0,0.0,0.0,0.0,0.0,0.0
F:\Seminario\Seminario-Clustering\datasets\davi\Al Emadi (2019)\Multiclass_Drone_Audio\unknown\2-102567-C-351.wav,Multiclass_Drone_Audio\unknown\2-102567-C-351.wav,al_emadi,2-102567-C-351,1.0216875,0.8950053844834915,8.001180648803711,0.0010227136267259402,0.8267917576131799,0.10081203281879425,-1.1678892612457275,1.0154398679733276,0.0718527802758081,8.024130821228027,-0.006396300496191669,0.23417660362714796,-0.024885615333914757,-0.2953344523906708,0.3013322412967681,0.021429780963075993,9.06296157836914,-0.00032057759885504406,0.09081443435533307,-0.0015213873703032732,-0.1204892061650753,0.11831095963716508,0.003695281336975013,10.02021598815918,-0.00012889699026763344,0.026724106699262687,-0.00010721106082201004,-0.034677665680646896,0.034037381410598755,0.003509157102573997,10.968021392822266,0.0004572112247180419,0.018429530174464494,0.0005171215161681175,-0.023745897784829138,0.024221173301339154,0.004507615838075348,11.914466857910156,4.683528562753643e-05,0.01478138257367722,-7.005549559835345e-05,-0.018930854834616182,0.01883090250194073
F:\Seminario\Seminario-Clustering\datasets\davi\Al Emadi (2019)\Multiclass_Drone_Audio\unknown\4-157296-A-241.wav,Multiclass_Drone_Audio\unknown\4-157296-A-241.wav,al_emadi,4-157296-A-241,1.0216875,0.3270389384462404,5.713866710662842,-0.0010113812722447409,0.1410696715967346,-0.0011684803757816553,-0.08862018436193465,0.09932839721441268,0.1808495245809475,5.196884632110596,-0.001303114083137483,0.10489873735401992,-0.00012621187488548458,-0.07050823718309403,0.06826574057340622,0.05532119636921499,6.372393608093262,0.0007075971416711979,0.04118051957707834,-0.00015511603123741224,-0.027347585186362267,0.029102954082190997,0.11421369257448716,7.036977767944336,0.00035877034789493883,0.041936206691438896,6.084052438382059e-05,-0.02683391235768795,0.02817092090845108,0.25992555671577655,7.887904167175293,-0.0004719068765912923,0.044782493477246034,-1.38549403345678e-05,-0.024406341463327406,0.023676696047186856,0.06265109131333345,9.032487869262695,-2.106024953717198e-05,0.015554969147499294,-1.8741557141765952e-06,-0.008758626133203506,0.009325618203729394
F:\Seminario\Seminario-Clustering\datasets\davi\Al Emadi (2019)\Multiclass_Drone_Audio\unknown\1-172649-D-401.wav,Multiclass_Drone_Audio\unknown\1-172649-D-401.wav,al_emadi,1-172649-D-401,1.0216875,0.8554232615916422,7.412789821624756,0.0027772241688346013,0.8492638891215,0.16847917437553406,-1.2216950654983518,0.8967633247375488,0.04699083876335878,7.8523993492126465,-0.006052222489810016,0.19895745273793983,-0.005771668627858162,-0.2613171279430389,0.23645039498805998,0.020172690964583732,8.81075668334961,-0.00439581351882543,0.09247222048494423,-0.002649414585903287,-0.12052297443151473,0.10728423520922661,0.025863176630908775,9.251592636108398,0.00026372034139685995,0.07428369491186959,-0.0005843550898134708,-0.07934454083442688,0.07588186115026474,0.011702431843622275,10.282861709594727,0.00023369950473663755,0.035370878473705285,-0.00019052112475037575,-0.03809947222471237,0.03865588158369065,0.03984760020588431,11.693315505981445,7.200105294568743e-05,0.04617587539839971,0.00030330472509376705,-0.05575071722269058,0.0570115901529789
F:\Seminario\Seminario-Clustering\datasets\davi\Al Emadi (2019)\Multiclass_Drone_Audio\unknown\4-194754-A-03.wav,Multiclass_Drone_Audio\unknown\4-194754-A-03.wav,al_emadi,4-194754-A-03,1.0216875,0.05580378449340777,3.707221031188965,0.009174007132121404,0.12225916375842046,0.00504734180867672,-0.06577204316854476,0.06252954453229904,0.011651835113875466,5.086116790771484,0.0008269267029762412,0.05601684973641939,0.0005327867111191154,-0.030101743713021274,0.030429482460021966,0.550882420798691,5.693424701690674,-0.0017990905906947428,0.27343490515260505,0.0006300024106167257,-0.02365491073578596,0.030146651715040208,0.35977457408464647,6.6890411376953125,-0.0001842591197881693,0.15659743252239786,3.1595409382134676e-06,-0.01417465042322874,0.01373225636780262,0.021556842926545222,7.326174736022949,0.00010118075488107985,0.027134459422899312,1.5266385162249207e-05,-0.004408315476030109,0.004744584113359456,0.0003305425828341161,9.193990707397461,-4.51626271031871e-06,0.002377069453754575,-5.41354893357493e-07,-0.0012256437097676097,0.0012233111308887603
F:\Seminario\Seminario-Clustering\datasets\davi\Al Emadi (2019)\Multiclass_Drone_Audio\unknown\2-106073-A-361.wav,Multiclass_Drone_Audio\unknown\2-106073-A-361.wav,al_emadi,2-106073-A-361,1.0216875,0.02682055648455518,7.945960998535156,-0.005259973987997985,0.22392269374502452,0.0017522999551147223,-0.28771584630012514,0.2872060477733612,0.1996870892410219,8.076055526733398,0.003073993821310773,0.611158017476746,0.02442554011940956,-0.8008927822113037,0.8162932991981506,0.32676707852362163,8.972053527832031,0.00395548264066535,0.5549542814942664,0.0011410423321649432,-0.7200368106365204,0.7554406583309176,0.18052062890805065,9.963756561279297,-0.004241628336676123,0.2922823287631291,-0.004518337547779083,-0.38982120156288147,0.36775752902030945,0.1437527669630979,10.916576385498047,0.0021421807640803953,0.18463996115098025,-0.0027220514602959156,-0.23078403174877166,0.23500935435295114,0.12245187987965273,11.985527038574219,-7.241110725360896e-05,0.1205665341456081,0.0019188541918992996,-0.15810187608003617,0.15339965373277664
F:\Seminario\Seminario-Clustering\datasets\davi\Al Emadi (2019)\Multiclass_Drone_Audio\unknown\5-215445-A-473.wav,Multiclass_Drone_Audio\unknown\5-215445-A-473.wav,al_emadi,5-215445-A-473,1.0216875,0.2568299683948764,7.938555717468262,0.002126454244240372,0.22429411325151682,-0.005949981976300478,-0.2670351922512054,0.2828853368759155,0.4503691349931436,7.930890083312988,-0.015079118250842297,0.29664600305489797,-0.008120652288198471,-0.3944913268089294,0.37450621128082273,0.23759746292318806,8.855839729309082,9.571439383135548e-05,0.15314415919942703,-0.007378426846116781,-0.1924155741930008,0.19644991606473924,0.05334353764058698,9.951470375061035,0.0003155007139176947,0.05142190127869576,-0.00046469521475955844,-0.06534277647733688,0.06620144098997116,0.0018178074309831596,10.837602615356445,-7.433938423331259e-06,0.006719717837597038,9.535090066492558e-05,-0.008548535406589508,0.008454262837767602,4.208861722177255e-05,11.91319465637207,-4.838523910000664e-07,0.0007233640234546787,1.4241741155274212e-06,-0.0009246145375072957,0.000913841830333695
F:\Seminario\Seminario-Clustering\datasets\davi\Al Emadi (2019)\Multiclass_Drone_Audio\unknown\4-111671-B-421.wav,Multiclass_Drone_Audio\unknown\4-111671-B-421.wav,al_emadi,4-111671-B-421,1.0216875,0.005000237412615527,3.8490219116210938,0.0036324390916652087,0.029720813942723658,4.109129076823592e-05,-0.007284820266067981,0.008649423904716968,0.011302240067573908,6.846065044403076,-0.0001280464449321388,0.04501585603643092,-0.0004078861966263503,-0.04518855288624763,0.04708259478211402,0.4167319290207997,8.020877838134766,0.0004444046585721154,0.19403377229480961,0.0034079619217664003,-0.20123226046562195,0.18974524885416033,0.5150967135092005,9.790538787841797,7.415669639869572e-05,0.1528727901444508,7.867766544222832e-05,-0.18580038845539093,0.1904531568288803,0.049878412710908517,10.780613899230957,-6.433929197745686e-05,0.03367467000106773,0.0002761881332844496,-0.04197371676564216,0.0423593282699585,0.001990467278901832,11.91176700592041,3.486139358371618e-06,0.004759074828723073,-0.00010912335710600019,-0.006052583735436201,0.006069381162524224
F:\Seminario\Seminario-Clustering\datasets\davi\Al Emadi (2019)\Multiclass_Drone_Audio\unknown\2-158746-B-24.wav,Multiclass_Drone_Audio\unknown\2-158746-B-24.wav,al_emadi,2-158746-B-24,0.95975,0.5670261150180103,7.631824970245361,-0.00378525850828737,0.7502062549650268,-0.09556637331843376,-0.8442256689071655,1.0510784029960634,0.04093222163867229,7.6125054359436035,-0.021488356711266594,0.20041733969570485,-0.020925660617649555,-0.2633384108543396,0.22970093190670016,0.3077021268763366,8.367116928100586,-0.0005877645336782313,0.3923933711371828,-0.0006384538719430566,-0.468484503030777,0.44697159528732383,0.07381499729077037,8.799242973327637,4.1253996102432234e-05,0.1362153374447455,-0.002842273097485304,-0.1438974469900131,0.13270478844642639,0.009105141147596746,9.681659698486328,-0.000290631142849713,0.03386676804682904,-0.000185464508831501,-0.031013422086834906,0.030119112879037846,0.0014193980286137274,11.10807991027832,6.197321739091137e-07,0.009460400663688633,7.811631076037884e-05,-0.010127550549805164,0.010161784663796426
F:\Seminario\Seminario-Clustering\datasets\davi\Al Emadi (2019)\Multiclass_Drone_Audio\unknown\2-85434-A-274.wav,Multiclass_Drone_Audio\unknown\2-85434-A-274.wav,al_emadi,2-85434-A-274,0.95975,0.022540167458961383,7.892683982849121,0.0018362853653477525,0.03631653495088844,0.0014517487725242972,-0.04308063089847565,0.04888719320297242,0.007700430657267585,7.277635097503662,-0.0016606339857270407,0.02118888521886424,-0.0013716311077587306,-0.02551232036203146,0.019496034085750583,0.018672115378928673,8.08218002319336,0.0007482300441905345,0.023487079958351847,0.001275133341550827,-0.024210297130048276,0.026754757948219805,0.1727084661379771,9.305357933044434,2.8937400708223446e-05,0.050653108749492456,0.001149050542153418,-0.05745400041341781,0.06075942218303681,0.36388497777095835,10.029891967773438,0.0015088132840399917,0.05202853084211941,0.0007726121111772954,-0.054671541601419446,0.05915908664464949,0.41449384259590694,10.817157745361328,-7.472885672685891e-05,0.039301698356732,0.00032195397943723947,-0.04090439788997173,0.04123851545155053
F:\Seminario\Seminario-Clustering\datasets\davi\Al Emadi (2019)\Multiclass_Drone_Audio\unknown\4-161103-A-474.wav,Multiclass_Drone_Audio\unknown\4-161103-A-474.wav,al_emadi,4-161103-A-474,0.95975,0.5946131418552623,7.895755767822266,-0.008556312768811697,0.5664041381493207,0.08745085448026657,-0.7826227843761444,0.6049015522003174,0.10500679378499235,7.889749050140381,-0.0032050191352266024,0.23802799717363296,0.011000530328601599,-0.3189425885677338,0.3023633271455765,0.1327002891665038,8.492209434509277,0.008150811834488842,0.18983090710982195,0.005569228436797857,-0.21709378063678741,0.2255362778902054,0.13282954010827985,9.086322784423828,0.0007049064489347801,0.1347315065297811,0.0004343762993812561,-0.1420430928468704,0.13979110419750215,0.03230694500761195,10.092528343200684,0.00016921530685100526,0.04703981486962437,-0.00047790142707526684,-0.04931616112589836,0.05128265395760536,0.002543290077349826,11.19013500213623,-1.3517405348684444e-06,0.00933747462988726,5.67990355193615e-07,-0.009976676013320683,0.010104458034038545
F:\Seminario\Seminario-Clustering\datasets\davi\Al Emadi (2019)\Multiclass_Drone_Audio\bebop_1\mixed_37-bebop_001_.wav,Multiclass_Drone_Audio\bebop_1\mixed_37-bebop_001_.wav,al_emadi,mixed_37-bebop_001,1.024,0.5702459112918997,7.120394706726074,-0.0008245948549861519,0.17475903677210922,-0.0063086263835430145,-0.17688941955566403,0.18662306070327764,0.035135732510984334,7.656011581420898,-0.0013419334445363626,0.043359074412059745,-0.00134372862521559,-0.053895218297839165,0.0523140136152506,0.02934342528464287,8.910545349121094,-3.893875004870315e-05,0.02814039536899724,-0.0005633795517496765,-0.033867862448096274,0.03577876538038253,0.08575119559782082,9.978982925415039,0.0003906011118450476,0.03408793745709872,0.001342080533504486,-0.04307157769799232,0.04478142410516739,0.16227303450895558,10.94905948638916,0.0002618547885873027,0.033191501203712115,0.0004632002383004874,-0.042206250876188275,0.042449261993169785,0.11725070080569669,11.934932708740234,1.2704311166688838e-05,0.019960514374597157,0.0002494273940101266,-0.025633585639297962,0.025529013946652412
F:\Seminario\Seminario-Clustering\datasets\davi\Al Emadi (2019)\Multiclass_Drone_Audio\unknown\1-9886-A-492.wav,Multiclass_Drone_Audio\unknown\1-9886-A-492.wav,al_emadi,1-9886-A-492,0.97525,0.08347546641429537,6.478031158447266,0.006520411911240797,0.10595622347569064,0.002076351083815098,-0.08884109556674957,0.09836487099528313,0.0859182208160366,7.0019941329956055,0.000928212118578226,0.1076946995801018,0.001817259006202221,-0.11968329548835754,0.11449495702981949,0.15103332856545715,7.498061180114746,-0.0018463636692712844,0.10141363201492719,-0.0006521621253341436,-0.09661814719438552,0.08723069131374363,0.11555298065871122,8.67664623260498,-0.0010090625161974013,0.06285457826651877,-0.0003230661677662283,-0.06235603615641594,0.06115829013288019,0.33002773718974615,9.902791023254395,-0.00030198390233493087,0.07520707151909842,-6.668572314083576e-05,-0.08207886964082718,0.07906797975301744,0.2339922663557535,11.120743751525879,-6.766142533537966e-05,0.04480171634006532,3.739932617463637e-05,-0.05084002763032913,0.051232485100626945
F:\Seminario\Seminario-Clustering\datasets\davi\Al Emadi (2019)\Multiclass_Drone_Audio\unknown\4-165933-A-451.wav,Multiclass_Drone_Audio\unknown\4-165933-A-451.wav,al_emadi,4-165933-A-451,1.0216875,0.4285240315405363,7.31537389755249,-0.015827402544274265,0.624130807457961,-0.015966404229402542,-0.6871514916419983,0.6681090950965881,0.3272246622072984,7.4083333015441895,-0.023060804829611543,0.5450825881130944,-0.0260809026658535,-0.624219787120819,0.6177446722984312,0.18739551359769277,8.354425430297852,0.005366691870465694,0.29302146276762703,-0.007974923122674227,-0.3245075672864914,0.3325412511825562,0.03433294433046921,9.102112770080566,-0.0013416983629758496,0.08888623600826782,-9.064190089702606e-05,-0.08829036355018616,0.09496398270130157,0.019579574080420332,9.72518253326416,6.094873957164725e-05,0.04752166872660286,0.00037331809289753437,-0.04545268416404724,0.04500693157315258,0.002943274243582979,10.674173355102539,1.264602811906427e-05,0.013034755218652959,-8.844578405842185e-05,-0.012519581243395805,0.012491122912615539
F:\Seminario\Seminario-Clustering\datasets\davi\Al Emadi (2019)\Multiclass_Drone_Audio\unknown\5-235956-A-470.wav,Multiclass_Drone_Audio\unknown\5-235956-A-470.wav,al_emadi,5-235956-A-470,1.0216875,0.9269325382676078,7.6983466148376465,-0.0073049133526868325,1.0564811984120248,-0.045366425067186356,-1.281532335281372,1.3134355068206782,0.027023913679793073,7.948291778564453,0.001183691572286691,0.18039016748368356,0.00441252114251256,-0.22671758532524108,0.23472687602043152,0.030634615883294875,8.901100158691406,0.0032988265864279808,0.13629885573342557,-0.0043585835956037045,-0.16214122474193574,0.17914509326219558,0.014166995735222085,9.795958518981934,-0.0006907528749283862,0.06569976607374581,-0.0004900218918919563,-0.08501825481653214,0.07760027796030045,0.0012228020254257542,10.780094146728516,-5.408267454955715e-06,0.013664348575988552,9.719189256429672e-05,-0.01663992665708065,0.016776777431368836,1.9134408656386965e-05,11.764141082763672,-1.1072806110566877e-06,0.0012092484749461198,4.19258140027523e-06,-0.001479832734912634,0.0014837038121186196
F:\Seminario\Seminario-Clustering\datasets\davi\Al Emadi (2019)\Multiclass_Drone_Audio\unknown\3-144128-B-234.wav,Multiclass_Drone_Audio\unknown\3-144128-B-234.wav,al_emadi,3-144128-B-234,0.95975,0.011356554011555218,7.2999420166015625,-7.35988809031026e-05,0.05217333134046628,2.0286730432417244e-05,-0.055776840820908544,0.06770450249314308,0.054873736730668046,7.212244987487793,-0.0011090703500500599,0.11467999489457552,0.0004664334992412478,-0.13537815064191816,0.12957921624183655,0.3483252058170138,7.827767848968506,0.003562181493300369,0.20512799025010597,-8.73053286341019e-05,-0.20582382529973983,0.22838117629289628,0.3967442099814097,9.008277893066406,-0.0023547690410106142,0.15516725516480256,-0.00024277946795336902,-0.17834926843643184,0.17974738776683813,0.14387584169592466,9.934537887573242,-0.0007269926312955295,0.06615385546978397,-1.7732916603563353e-05,-0.07755271047353744,0.06988619416952131,0.04482445176342859,10.811807632446289,-4.55774706784061e-06,0.02612497911449465,3.012628440046683e-05,-0.0278626661747694,0.02814191430807115
F:\Seminario\Seminario-Clustering\datasets\davi\Al Emadi (2019)\Multiclass_Drone_Audio\unknown\1-28005-A-182.wav,Multiclass_Drone_Audio\unknown\1-28005-A-182.wav,al_emadi,1-28005-A-182,0.97525,0.013652986345681822,6.761919975280762,0.0008913739431825947,0.11379358220170978,-0.0022183030378073454,-0.11529890447854996,0.10263533145189285,0.08561049246823928,7.049461364746094,0.0032157081924901096,0.2849398072393186,0.002824644441716373,-0.3268897533416748,0.3014310449361801,0.10140727726963772,8.163106918334961,-0.009482929625081576,0.22009652660318066,-0.007793728727847338,-0.2500863283872604,0.2553653001785281,0.4866069204418134,9.138638496398926,0.0020752812759548597,0.34192661053713574,-0.003275392111390829,-0.3678363353013992,0.38240152597427357,0.2797060559411617,10.01243782043457,0.0005791627635600321,0.18352074920631667,-0.00019804923795163631,-0.19339256286621093,0.19591475129127506,0.03301626753346603,11.345796585083008,2.4587196251741354e-06,0.04460749399023178,0.0005220855236984789,-0.0508623830974102,0.05052472837269306
F:\Seminario\Seminario-Clustering\datasets\davi\Al Emadi (2019)\Multiclass_Drone_Audio\unknown\4-188003-A-344.wav,Multiclass_Drone_Audio\unknown\4-188003-A-344.wav,al_emadi,4-188003-A-344,0.95975,0.9863880261433765,7.911807060241699,-0.00016202170824920463,0.008103166167457569,-1.4345116142067127e-05,-0.010835082922130822,0.010911638382822275,0.0035695143828165824,7.820072650909424,1.3788823060085484e-05,0.00048735841177593856,-4.06176877731923e-06,-0.0006173551431857049,0.0006723907485138626,0.0018863485886618785,8.808591842651367,1.8350943761080157e-06,0.0002516455766205946,1.0884377843467519e-09,-0.0003148750081891194,0.0003198216581949966,0.0017132283112572617,9.74693775177002,6.693668725115167e-07,0.0001699773115742091,1.4903591818438144e-06,-0.00022044387005735187,0.00021540778980124744,0.002801215776789228,10.449188232421875,1.3123711020071907e-07,0.00015386949589333605,1.2505552149377763e-12,-0.00018634103471413255,0.00017996422538999463,0.0036416667970985512,10.942708015441895,2.232847841256513e-06,0.00012409955961518117,5.797046469524503e-07,-0.00013145339326001704,0.0001340902061201632
F:\Seminario\Seminario-Clustering\datasets\davi\Al Emadi (2019)\Multiclass_Drone_Audio\unknown\4-261068-A-301.wav,Multiclass_Drone_Audio\unknown\4-261068-A-301.wav,al_emadi,4-261068-A-301,1.0216875,0.98973904109057,6.086664199829102,0.045626667843972776,0.9882023390282416,0.01789901964366436,-0.536313271522522,0.6458141326904295,0.009463816830194283,5.075316429138184,-0.0007090018113132639,0.09673183518532091,5.8150599215878174e-05,-0.046049417555332185,0.034574730694293974,0.00060727888542026,5.238399028778076,7.4950067658577506e-06,0.017394304538840572,-2.747602411545813e-05,-0.004868271062150597,0.005293169338256122,9.380271570831096e-05,6.328969955444336,1.3484656874633544e-05,0.004844565230005143,-8.755596354603767e-07,-0.0016951409634202719,0.001724825007840991,6.172954624768594e-05,6.933168411254883,4.568381069395885e-06,0.0027819972768092383,1.0987278074026108e-06,-0.0009391621220856902,0.0008278446272015574,3.433093185953088e-05,8.166872024536133,-1.0568562311697807e-06,0.0014677455027369596,2.8211070457473397e-07,-0.00041300792945548893,0.0004257176886312665
F:\Seminario\Seminario-Clustering\datasets\davi\Al Emadi (2019)\Multiclass_Drone_Audio\unknown\5-173568-A-330.wav,Multiclass_Drone_Audio\unknown\5-173568-A-330.wav,al_emadi,5-173568-A-330,1.0216875,0.012548027827988424,7.911357402801514,0.0005358631427188741,0.0718746243152056,0.0017211843514814973,-0.08265263587236404,0.08748445361852644,0.003481243196646239,7.808952331542969,0.021895432105603452,0.03088495535138227,0.021454544737935066,-0.013431827537715435,0.0590116411447525,0.1550866328353282,8.19202709197998,0.0007711420802806264,0.17936931959842434,0.0003233347670175135,-0.2091346129775047,0.20383848547935488,0.16157712086990053,9.07606029510498,-0.0009375755269920126,0.12974163007557774,-0.0001364058698527515,-0.15419946610927582,0.15233170986175537,0.27561866980837585,10.383508682250977,0.00011325314929891066,0.11995458202382099,2.8860893507953733e-05,-0.14561147391796112,0.15619829893112191,0.3916883054617608,11.204198837280273,-0.00021579537196934147,0.10116478466737999,4.114616604056209e-05,-0.11712249591946601,0.11877396106719972
F:\Seminario\Seminario-Clustering\datasets\davi\Al Emadi (2019)\Multiclass_Drone_Audio\unknown\2-104952-B-164.wav,Multiclass_Drone_Audio\unknown\2-104952-B-164.wav,al_emadi,2-104952-B-164,0.95975,0.4479394495015433,7.955216407775879,0.002580780486555266,0.23652006020746974,-0.0016404557973146439,-0.3076591670513153,0.3191279202699661,0.4545962032173222,7.7725934982299805,-0.007235254117165555,0.2381753284927679,-0.017125758342444897,-0.3088546425104141,0.28841430544853214,0.08237573913233823,8.887960433959961,0.00011185960958890755,0.07202040263405707,0.003185336128808558,-0.09171877726912499,0.08843803331255914,0.010215896038303116,9.798707962036133,-3.140887373490003e-05,0.017975906410834866,-0.0007601056713610888,-0.023184023052453994,0.02278433144092561,0.0034403956336409,10.833158493041992,7.106767522762451e-06,0.007384990107595646,-1.70183957379777e-05,-0.009430311433970927,0.009267137758433817,0.0014323164768522475,11.781575202941895,-1.6722978334577498e-05,0.003371095695926171,6.0856109485030174e-06,-0.004294307064265012,0.0042184947058558474
F:\Seminario\Seminario-Clustering\datasets\davi\Al Emadi (2019)\Multiclass_Drone_Audio\bebop_1\B_S2_D1_116-bebop_000_.wav,Multiclass_Drone_Audio\bebop_1\B_S2_D1_116-bebop_000_.wav,al_emadi,B_S2_D1_116-bebop_000,1.024,0.7238818150065781,7.660422325134277,-0.012455776242915398,0.5192376490712883,-0.025079560466110706,-0.5979466497898102,0.6010815918445589,0.02870069059403938,7.624668598175049,-0.00012378533641682363,0.10341966752352455,0.0024235198507085443,-0.12316080480813978,0.11787778139114385,0.01588747004412993,8.94710922241211,-0.00011500017976933412,0.05461922028446207,0.0027631078846752644,-0.07188798338174819,0.0675163723528385,0.04942659751533234,9.890766143798828,-0.003683857402099759,0.0681710867695382,-0.00416230596601963,-0.09188295155763626,0.07918657511472704,0.10337381754543157,10.918035507202148,-0.0010530801885937277,0.06987423837626769,-0.0006582321366295218,-0.08879129514098168,0.08631197586655617,0.07872960929448863,11.913771629333496,-0.00022817500542176945,0.04314405350755637,9.147630771622062e-05,-0.054982300847768784,0.05482945218682289
F:\Seminario\Seminario-Clustering\datasets\davi\Al Emadi (2019)\Multiclass_Drone_Audio\unknown\2-133889-A-300.wav,Multiclass_Drone_Audio\unknown\2-133889-A-300.wav,al_emadi,2-133889-A-300,1.0216875,0.9651534534426631,8.088789939880371,-0.005489897798937037,0.5904706420096985,-0.037298720329999924,-0.7022230505943298,0.8214260101318358,0.02653864647021954,5.43283748626709,0.0026643785449760554,0.09788078775590861,0.00020848598796874285,-0.04730530083179474,0.04537885040044785,0.008099073888910383,6.549861907958984,0.00025506218860278505,0.0383965376179698,1.3067037798464298e-05,-0.01879030726850033,0.019918633438646798,0.00019998140591383668,7.467897415161133,1.0083570830706281e-05,0.004275760421445326,7.124617695808411e-06,-0.0021875137463212013,0.0020145652815699577,8.502642426550697e-06,6.019725799560547,1.4688622339148186e-06,0.0006241047474538825,-7.417984306812286e-07,-0.00025829980149865144,0.0002537133172154427,3.421498665876925e-07,10.916786193847656,3.2796849435392613e-07,8.856951354702961e-05,-1.394655555486679e-07,-9.347940795123577e-05,9.483135072514416e-05
F:\Seminario\Seminario-Clustering\datasets\davi\Al Emadi (2019)\Multiclass_Drone_Audio\unknown\4-165823-A-413.wav,Multiclass_Drone_Audio\unknown\4-165823-A-413.wav,al_emadi,4-165823-A-413,1.0216875,0.13964849321635858,7.933807373046875,-0.003994560046036241,0.43681874068279375,-0.0445922389626503,-0.49838408231735226,0.6153324961662292,0.06522808739816577,7.763890743255615,-0.014152994687150382,0.2982154053214509,-0.014698831364512444,-0.38006185889244076,0.340159386396408,0.13649451352407715,8.840523719787598,0.004111290479178351,0.3065384172032583,0.00038894382305443287,-0.3744967222213745,0.41130159497261065,0.29108963864856074,9.817206382751465,-0.004888075381406273,0.31722249396361746,0.003430122509598732,-0.4034917652606964,0.39540380239486694,0.2626419107576926,10.85447883605957,0.001933013133769739,0.2133183883397326,0.0023661430459469557,-0.2682096838951111,0.26505543589592,0.10489735645514513,11.782103538513184,-2.9244712071288737e-05,0.09537700422762645,-0.00020786549430340528,-0.11793445870280266,0.1208215929567814
F:\Seminario\Seminario-Clustering\datasets\davi\Al Emadi (2019)\Multiclass_Drone_Audio\unknown\1-72195-A-373.wav,Multiclass_Drone_Audio\unknown\1-72195-A-373.wav,al_emadi,1-72195-A-373,1.0216875,0.0001669814795614672,5.59726095199585,-0.006440572815430683,0.01943810291105385,-0.0013536077458411455,-0.023407115414738656,0.0007888096151873468,1.885321295717881e-05,5.641602516174316,-4.312171634748546e-05,0.006880551257395792,3.2432326406706125e-05,-0.004549904353916644,0.004512624815106391,1.0824047634505403e-05,6.748157978057861,9.624918258665381e-05,0.0036995770562462354,-2.5017295683937846e-06,-0.002397350198589265,0.002718674601055682,0.011377954210842384,8.312990188598633,-0.0004857628362638907,0.0850285814135276,-2.7178703021490946e-06,-0.05589287355542183,0.05189348757266998,0.4485977311399209,9.092124938964844,-0.003330674426352019,0.37793191259611947,-4.1207376852980815e-06,-0.12009694129228586,0.0968527376651765,0.5398276559090835,10.140475273132324,-0.00010553179987470692,0.29330991316474,-6.450532055168878e-07,-0.08163257762789726,0.07694780975580216
F:\Seminario\Seminario-Clustering\datasets\davi\Al Emadi (2019)\Multiclass_Drone_Audio\unknown\4-159609-B-143.wav,Multiclass_Drone_Audio\unknown\4-159609-B-143.wav,al_emadi,4-159609-B-143,1.0216875,0.7763634795513519,8.77243423461914,-0.03701248038506318,0.01175686432432431,-0.03689461201429367,-0.05244482234120369,-0.02292676717042923,0.017846294578899642,7.90960168838501,-0.00044553627319246356,0.0058710595745142665,-0.0003360150149092078,-0.007895680889487267,0.007031019963324069,0.044797000957719026,8.91800594329834,-0.00033451988080909783,0.006613388508276198,-0.0001659690315136686,-0.008859620802104473,0.007994443271309137,0.08507518400217942,9.989082336425781,7.284710949137766e-05,0.006466423082081556,2.265116199851036e-05,-0.008290129713714123,0.008421570062637329,0.058839062198185195,10.729986190795898,4.6167515519094664e-05,0.0038067391483450575,2.7484198653837666e-05,-0.004696630872786045,0.004735815804451704,0.01707897871166486,10.981468200683594,-2.736069215117921e-06,0.0014510409518344901,-9.974965450965101e-06,-0.0015085780876688659,0.0015343553037382664
F:\Seminario\Seminario-Clustering\datasets\davi\Al Emadi (2019)\Multiclass_Drone_Audio\unknown\3-126358-A-34.wav,Multiclass_Drone_Audio\unknown\3-126358-A-34.wav,al_emadi,3-126358-A-34,0.95975,0.1785364089403447,7.6368865966796875,0.012159053192828919,0.31338821202187805,0.025110927410423756,-0.37728927135467527,0.3990747094154358,0.4011996175854983,7.4389753341674805,-0.010421500634903004,0.4700233305300616,0.007894498528912663,-0.5704325020313261,0.5275665521621704,0.26342077094300886,8.622735977172852,0.002568582481029251,0.27047276261795994,-0.004293033853173256,-0.3165811777114868,0.3392555415630343,0.14510569221794473,9.63519287109375,-0.0009282568085297834,0.1422813299991203,-0.0016957111656665802,-0.17395746111869811,0.17488537132740029,0.01130604923673619,10.424407958984375,5.740362380321533e-05,0.02811655880726684,-5.140900611877441e-07,-0.03200273290276527,0.03266677260398865,0.0004314610764671784,11.6380615234375,5.821659592580631e-06,0.003885876418908696,4.371418617665768e-05,-0.004744329256936908,0.004716145526617767
F:\Seminario\Seminario-Clustering\datasets\davi\Al Emadi (2019)\Multiclass_Drone_Audio\unknown\3-197435-B-224.wav,Multiclass_Drone_Audio\unknown\3-197435-B-224.wav,al_emadi,3-197435-B-224,0.95975,0.0023006624240064196,4.345425605773926,-0.00014847791376418112,0.013294012135813733,-3.95303522964241e-05,-0.003974877577275038,0.0028429311932995915,0.037122396670201695,3.8771615028381348,0.004055769891032773,0.05324988139844979,-7.97029724708409e-06,-0.009286595415323973,0.0060640518553555026,0.16779517977434608,5.056391716003418,-0.00023193836414298568,0.08061519107412002,1.020507966131845e-06,-0.012373828049749135,0.00973930591717363,0.4239928773828382,5.905936241149902,0.001452481792770626,0.09081330947193927,2.2758636077924166e-06,-0.010891642980277533,0.012353888340294366,0.2809602131655766,6.342307090759277,-0.000488692823108702,0.05233858001198534,1.1839947546832263e-06,-0.0054656084626913065,0.005517372116446494,0.08782867058303097,6.789687156677246,-7.053129566245342e-05,0.02070356280319892,0.0,-0.001934828120283782,0.0019720550859347015
F:\Seminario\Seminario-Clustering\datasets\davi\Al Emadi (2019)\Multiclass_Drone_Audio\unknown\3-142604-A-244.wav,Multiclass_Drone_Audio\unknown\3-142604-A-244.wav,al_emadi,3-142604-A-244,0.95975,0.9229302796417058,8.0113525390625,0.00035314215469430774,0.01434255872770919,0.0007389841775875539,-0.018947048485279082,0.018060532771050932,0.031109694515617844,3.144831657409668,0.00021554764273854534,0.002625201826830314,3.5298187867738307e-05,-0.0010608526063151658,0.0015842565568163992,0.019063139562953267,5.420851230621338,3.0885775274801435e-05,0.0014636815417349016,4.363974767329637e-06,-0.0008434782968834043,0.000933085265569389,0.014656804446257115,8.104385375976562,-8.491355759214101e-06,0.0009097950801144088,-7.690359780099243e-06,-0.0008368420996703207,0.0008230641484260559,0.007040815448651515,9.996491432189941,-3.619388227684824e-06,0.0004464088158015763,-3.7928293750155717e-06,-0.0004923406639136374,0.00047739217989146705,0.005199266384814442,10.7526273727417,-5.790478767738109e-07,0.00027140423074744583,4.5543492888100445e-07,-0.0002771292784018442,0.0002776228939183058
F:\Seminario\Seminario-Clustering\datasets\davi\Al Emadi (2019)\Multiclass_Drone_Audio\unknown\5-160614-G-480.wav,Multiclass_Drone_Audio\unknown\5-160614-G-480.wav,al_emadi,5-160614-G-480,1.0216875,0.07472802907007271,7.422740936279297,-0.0008090798795669158,0.04935116255518537,0.0013817171566188335,-0.06091174334287643,0.051385950297117226,0.09814137205956469,5.063695907592773,-0.001424587377891445,0.056546049512777065,0.00044832026469521224,-0.02752113752067089,0.028276642039418202,0.10983817274130601,4.988797664642334,-0.0005490079977268747,0.042473632309214415,-0.0006406349129974842,-0.021505737118422984,0.016519026644527916,0.49736705926868374,5.230820178985596,0.00039748403420230796,0.06405381196991163,-0.00015488406643271446,-0.024981867522001266,0.024575764313340187,0.18438460280695695,7.9037251472473145,0.00033060225154995945,0.027606285012182402,2.9289134545251727e-05,-0.020150276273488997,0.021184219419956213,0.03554076405341589,7.976233959197998,-3.147574974990984e-05,0.008575008824990635,-1.7908532754518092e-06,-0.005310630705207586,0.005471499590203166
F:\Seminario\Seminario-Clustering\datasets\davi\Al Emadi (2019)\Multiclass_Drone_Audio\unknown\1-17565-A-123.wav,Multiclass_Drone_Audio\unknown\1-17565-A-123.wav,al_emadi,1-17565-A-123,1.0216875,0.25745757974040123,7.827091693878174,-0.0003178436564528769,0.06172417793430803,-0.005960548296570778,-0.07493632882833481,0.07635188698768615,0.019891167695788935,5.667150974273682,0.0006732352749956637,0.01714366772283727,0.0004742368182633072,-0.013301381096243858,0.013358722813427447,0.058948558556722055,5.6934709548950195,0.0007676813968042482,0.020951666343491566,0.00021074093820061535,-0.008136833645403385,0.008843086473643782,0.1038072110585746,5.613671779632568,-0.00037412213204250156,0.01971263322926016,-3.501017636153847e-05,-0.006881131790578365,0.005566074047237635,0.2607081455481285,6.417337894439697,-6.519898228005877e-05,0.022118029889000728,-5.7092736824415624e-05,-0.0067937642335891705,0.006525766104459764,0.29918733740038467,6.2724714279174805,6.187633243670288e-05,0.016762431037721653,4.4595708459382877e-07,-0.003968232264742255,0.004076514393091203
F:\Seminario\Seminario-Clustering\datasets\davi\Al Emadi (2019)\Multiclass_Drone_Audio\unknown\5-223810-A-353.wav,Multiclass_Drone_Audio\unknown\5-223810-A-353.wav,al_emadi,5-223810-A-353,1.0216875,0.5120566255985236,7.905774116516113,0.0004410632408891584,0.07947229672225212,0.0005804746178910136,-0.09764860421419143,0.09990951716899871,0.2593810482428032,7.809584617614746,0.0015385059283387727,0.05654209264073284,0.002996844705194235,-0.0668043553829193,0.06954583823680878,0.12869010001329137,8.459802627563477,6.041868718525223e-05,0.028281347641425116,-0.00032421712239738554,-0.03098116349428892,0.03089807871729136,0.06478126910694605,8.36893367767334,-0.00014691058667764593,0.01421889522394337,-0.00023243940086103976,-0.012521516531705856,0.012013199739158154,0.023012124078668886,9.844353675842285,-1.016555010294135e-05,0.005999347093495854,-5.5011274525895715e-05,-0.0059685856103897095,0.005971904285252095,0.012078832959766823,9.772939682006836,1.5285083999755332e-07,0.0030749358653838254,3.5333840060047805e-05,-0.0027380889980122445,0.0027011458761990077
F:\Seminario\Seminario-Clustering\datasets\davi\Al Emadi (2019)\Multiclass_Drone_Audio\unknown\silence113.wav,Multiclass_Drone_Audio\unknown\silence113.wav,al_emadi,silence113,0.7430625,0.0,-0.0,0.0,0.0,0.0,0.0,0.0,0.0,-0.0,0.0,0.0,0.0,0.0,0.0,0.0,-0.0,0.0,0.0,0.0,0.0,0.0,0.0,-0.0,0.0,0.0,0.0,0.0,0.0,0.0,-0.0,0.0,0.0,0.0,0.0,0.0,0.0,-0.0,0.0,0.0,0.0,0.0,0.0
F:\Seminario\Seminario-Clustering\datasets\davi\Al Emadi (2019)\Multiclass_Drone_Audio\unknown\1-54065-A-453.wav,Multiclass_Drone_Audio\unknown\1-54065-A-453.wav,al_emadi,1-54065-A-453,1.0216875,0.5953874835605574,7.8522467613220215,0.012606243860884525,0.5616249187862234,0.0017227532807737589,-0.6551344752311705,0.706300401687622,0.25911680202728155,7.876737117767334,-0.0008406497162151257,0.3705975570516246,-0.006448263302445412,-0.45390098094940184,0.4603431165218353,0.0911608995939771,8.908162117004395,-0.0005674793134054657,0.15603512861204527,0.004550148034468293,-0.20731835663318635,0.19647760689258578,0.03176039086272828,9.866964340209961,0.0008479860784208491,0.06526238934602335,-0.0010830431710928679,-0.07958148419857025,0.08749034255743027,0.020602557528740885,10.827505111694336,1.9525980244009763e-05,0.03721167276543354,-8.239177986979485e-05,-0.04630379900336265,0.04633403196930886,0.0019718664267148124,11.811803817749023,8.143659932517798e-06,0.008144314925554567,-1.6645702999085188e-05,-0.010180570092052222,0.010210765432566406
F:\Seminario\Seminario-Clustering\datasets\davi\Al Emadi (2019)\Multiclass_Drone_Audio\unknown\1-49409-A-84.wav,Multiclass_Drone_Audio\unknown\1-49409-A-84.wav,al_emadi,1-49409-A-84,0.95975,0.054765574031491744,7.634522438049316,-2.52799981666851e-05,0.10953517125720644,0.006532779196277261,-0.142059388756752,0.12338407263159754,0.019941833056898402,7.883712291717529,0.00014922181554673025,0.06609692295245852,-0.0030949630308896303,-0.08270220384001732,0.08523228615522387,0.051127798502270255,8.971670150756836,-0.0002606862643998201,0.07514462974186044,-0.0010114642791450024,-0.09875445812940598,0.10174761041998866,0.27358369855523557,9.563430786132812,-0.00019171156197473152,0.12320076879719588,0.0027667698450386524,-0.14685428142547607,0.14499438703060155,0.5625810768359706,9.734689712524414,-0.0001315558551382564,0.12507020193826746,-0.00021976453717797995,-0.12473732233047485,0.12047278881072997,0.03800001901813338,10.560964584350586,-6.597253173724034e-06,0.022996643338852776,-0.0001524470280855894,-0.021099673025310038,0.021362803690135487
F:\Seminario\Seminario-Clustering\datasets\davi\Al Emadi (2019)\Multiclass_Drone_Audio\unknown\2-102567-B-350.wav,Multiclass_Drone_Audio\unknown\2-102567-B-350.wav,al_emadi,2-102567-B-350,1.0216875,0.818929701165956,8.06653881072998,-0.0038212907400972753,0.31520000259626235,0.002840357134118676,-0.4298451662063598,0.39475729465484605,0.08142160738508512,7.9227681159973145,-0.0018400479568373089,0.09937799248729064,-0.003091169521212578,-0.12476097345352173,0.12789113223552703,0.0538494575432582,8.871471405029297,-3.7756681134833874e-05,0.057378667517825804,-0.0004513038438744843,-0.06976717039942741,0.07379273921251298,0.016277411608797063,9.648563385009766,-7.902634230082257e-05,0.02235556421278885,-0.0001568365842103958,-0.02663206122815609,0.02741267904639244,0.018185549512722065,10.833420753479004,-3.3531068213172064e-05,0.016727073506819186,-8.08175973361358e-05,-0.020752476155757905,0.020696894451975822,0.011336272784181624,11.961870193481445,5.2642066504932375e-05,0.00934293210564074,1.9479775801301003e-06,-0.01198797235265374,0.012097899615764622
F:\Seminario\Seminario-Clustering\datasets\davi\Al Emadi (2019)\Multiclass_Drone_Audio\unknown\2-130978-A-212.wav,Multiclass_Drone_Audio\unknown\2-130978-A-212.wav,al_emadi,2-130978-A-212,0.97525,0.0,-0.0,0.0,0.0,0.0,0.0,0.0,0.0,-0.0,0.0,0.0,0.0,0.0,0.0,0.0,-0.0,0.0,0.0,0.0,0.0,0.0,0.0,-0.0,0.0,0.0,0.0,0.0,0.0,0.0,-0.0,0.0,0.0,0.0,0.0,0.0,0.0,-0.0,0.0,0.0,0.0,0.0,0.0
F:\Seminario\Seminario-Clustering\datasets\davi\Al Emadi (2019)\Multiclass_Drone_Audio\unknown\3-141240-B-442.wav,Multiclass_Drone_Audio\unknown\3-141240-B-442.wav,al_emadi,3-141240-B-442,0.97525,0.942296580089436,7.993844509124756,-0.0020798533073356075,0.08477951979606646,0.002199387876316905,-0.11840620636940002,0.10568055883049965,0.01722294717563391,7.768557071685791,1.433247733427467e-05,0.011465188434480208,-0.0004638685495592654,-0.013849040493369102,0.01496406365185976,0.018043098670043837,8.788900375366211,0.00024270839574063455,0.008332268926745228,5.8079720474779606e-05,-0.00973277110606432,0.01060888879001141,0.00810379651223018,9.851804733276367,2.1060849893105665e-05,0.003958224362704324,6.095602293498814e-05,-0.005012481566518544,0.005092515237629413,0.007737524357716021,10.736900329589844,-4.929822431687525e-06,0.002738086871846701,-5.212942778598517e-05,-0.0034617213532328606,0.003353200154379012,0.006596053194940078,11.79827880859375,1.0263826855729195e-05,0.0017885014044984064,-1.8300288502359763e-05,-0.0022352844243869185,0.002277758321724832
F:\Seminario\Seminario-Clustering\datasets\davi\Al Emadi (2019)\Multiclass_Drone_Audio\unknown\3-152007-D-201.wav,Multiclass_Drone_Audio\unknown\3-152007-D-201.wav,al_emadi,3-152007-D-201,1.0216875,0.0010061047146289076,2.6577260494232178,-0.006095101514788062,0.05303931778510295,-8.839787915349007e-05,-0.0052541116252541546,0.005127064976841211,0.001779062048394226,8.291303634643555,0.0005091675483174837,0.07099202420407096,-0.0013175585772842169,-0.09327824860811233,0.09357722550630569,0.016827830468781585,9.010724067687988,-0.0009748245920597132,0.1549871533558979,0.019422365352511406,-0.22087457925081252,0.18880922943353654,0.16201093665255395,9.826759338378906,8.045028056676928e-05,0.3407988824355951,0.0016675782389938831,-0.4300455152988434,0.40946274995803833,0.6612391134101023,10.9775390625,4.757723268370638e-05,0.48737948507046214,0.005203911103308201,-0.6306861758232116,0.5979009151458741,0.15713695270553898,11.884902954101562,6.632091128808285e-05,0.16808324575389433,0.008817487396299839,-0.21928380727767943,0.21006051301956177
F:\Seminario\Seminario-Clustering\datasets\davi\Al Emadi (2019)\Multiclass_Drone_Audio\unknown\5-179868-A-430.wav,Multiclass_Drone_Audio\unknown\5-179868-A-430.wav,al_emadi,5-179868-A-430,1.0216875,0.008303934109782363,7.895533561706543,0.0005607847916141784,0.04739161383698899,-0.00012595060979947448,-0.05784971937537193,0.05886541157960891,0.078592312497735,7.872990131378174,-0.0015293700356522723,0.14579953153794245,0.0009184573427774012,-0.18474909663200378,0.17632237374782558,0.2307022484474999,8.865546226501465,-0.0006354988267242872,0.17732834694357205,0.006945001194253564,-0.2597471386194229,0.21341556012630467,0.29846982293148605,9.757848739624023,9.682864918534611e-05,0.1429357756970055,0.00517676817253232,-0.19897867739200592,0.17892132699489594,0.3483794795655598,10.911992073059082,3.4530243473580005e-05,0.10931481638416449,-0.0007670973427593708,-0.14648953974246978,0.15117417573928837,0.03555220244793687,11.691459655761719,-2.536442111269833e-06,0.024704914563744598,-0.0005480217805597931,-0.030672345496714114,0.03472457379102707
F:\Seminario\Seminario-Clustering\datasets\davi\Al Emadi (2019)\Multiclass_Drone_Audio\unknown\4-183992-A-01.wav,Multiclass_Drone_Audio\unknown\4-183992-A-01.wav,al_emadi,4-183992-A-01,1.0216875,0.10468058042122672,2.4507455825805664,0.008896827396004944,0.10706391361414101,-0.0008907433366402984,-0.02557660415768623,0.030967980995774264,0.41634839039549715,6.063478946685791,0.0025301454137633458,0.21424097723256302,0.002527089323848486,-0.12883976995944976,0.15536314249038682,0.4176177513414772,6.735692501068115,0.00048665984304711103,0.15231992660522714,0.0003628894774010405,-0.08696082010865211,0.09814822524785999,0.058622973597136446,7.949275970458984,-6.127945925538763e-05,0.04044256004879526,-6.678086356259882e-05,-0.02570606954395771,0.025285521522164345,0.0026051832060632026,8.645219802856445,2.1551988660917925e-05,0.006035086946646696,-6.6290522227063775e-06,-0.0032854373566806316,0.0030573847703635713,0.00012512103859928784,9.724281311035156,-4.749011332575269e-06,0.0009356729842592286,8.139970759657444e-07,-0.0005114969331771136,0.0005221140745561571
F:\Seminario\Seminario-Clustering\datasets\davi\Al Emadi (2019)\Multiclass_Drone_Audio\unknown\1-48298-A-461.wav,Multiclass_Drone_Audio\unknown\1-48298-A-461.wav,al_emadi,1-48298-A-461,1.0216875,0.602637351458838,8.011378288269043,-0.0159133462906458,0.28216971872988994,-0.0029160650447010994,-0.3979047358036041,0.34477488994598376,0.19506883992993435,8.051581382751465,0.011048013840574118,0.16041253108101536,0.02147563174366951,-0.20698200166225433,0.21413718461990355,0.11373568030889236,8.93012809753418,0.0004648736198274509,0.08715236621150697,0.002254684455692768,-0.10900407284498215,0.10593622699379922,0.0754380577630839,9.660503387451172,0.00015785346547655238,0.05029975973516009,0.0004247715696692467,-0.059182874858379364,0.060732267796993256,0.012102691570894409,10.388392448425293,2.6760290445687193e-05,0.014261820477767695,-0.00014454079791903496,-0.015557379648089406,0.015924945473670963,0.0010173789683569886,11.737319946289062,1.1377857737787245e-05,0.002925298148764559,3.979599568992853e-06,-0.003544240933842957,0.0035687613068148497
F:\Seminario\Seminario-Clustering\datasets\davi\Al Emadi (2019)\Multiclass_Drone_Audio\unknown\1-53444-A-284.wav,Multiclass_Drone_Audio\unknown\1-53444-A-284.wav,al_emadi,1-53444-A-284,0.95975,0.8694775657072783,7.730995178222656,0.01241416532389312,1.3518285916748902,0.043905990198254585,-2.0034074783325195,1.7769150972366337,0.10065650765848302,7.269936561584473,-0.00921856649229532,0.4598798674269812,0.001066035416442901,-0.5721762537956238,0.606547111272812,0.02466387969823336,8.082169532775879,-0.000289126896371099,0.16166386356798743,0.000963195925578475,-0.1947936773300171,0.19627801626920705,0.0018279202349666067,8.352470397949219,-9.791044728950315e-05,0.03119293633241353,-4.957520286552608e-05,-0.033048462867736814,0.030247110873460773,0.0013733319175077195,9.952964782714844,-6.114982987977492e-05,0.0191407086878796,-1.4415010809898376e-05,-0.02203630469739437,0.021773874014615998,0.0020007947835310037,10.742085456848145,-2.9759150579144843e-05,0.016344967359301642,6.703194230794907e-06,-0.01760725285857916,0.0175072742626071
F:\Seminario\Seminario-Clustering\datasets\davi\Al Emadi (2019)\Multiclass_Drone_Audio\unknown\5-223317-A-313.wav,Multiclass_Drone_Audio\unknown\5-223317-A-313.wav,al_emadi,5-223317-A-313,1.0216875,0.976828934625475,8.78742790222168,-0.22314579109436974,0.06736012236696451,-0.21704521775245667,-0.30709104537963866,-0.14594871997833253,0.000761493756840307,5.9947896003723145,-0.00012359244092627786,0.006506855413808881,4.075421020388603e-05,-0.005055617168545723,0.004503464512526987,0.0003504470812391515,5.565373420715332,2.2117601983357692e-05,0.0031338758619559033,1.3062614016234875e-05,-0.002155757392756641,0.0020116752944886684,0.0005727306275101195,5.629592418670654,-2.4152297656806045e-05,0.0028390736209872335,5.469191819429398e-06,-0.0013690704945474863,0.0013577297795563936,0.007262996242193479,5.072022438049316,-2.4292317231507932e-05,0.007157058137549295,1.2601958587765694e-05,-0.0014581519411876796,0.001510822726413608,0.014223397666741909,6.082883358001709,2.1396786137125286e-05,0.007085592075808948,1.1407537385821342e-06,-0.0009635461203288286,0.0009618557116482407
F:\Seminario\Seminario-Clustering\datasets\davi\Al Emadi (2019)\Multiclass_Drone_Audio\unknown\3-140774-A-103.wav,Multiclass_Drone_Audio\unknown\3-140774-A-103.wav,al_emadi,3-140774-A-103,1.0216875,0.34336152079151516,7.515872478485107,0.0014192859116432064,0.33518321685654656,-0.007116837427020073,-0.38351529836654663,0.3711169242858886,0.37542709497720833,7.595843315124512,0.005328879449408868,0.3504474936912547,0.0062759071588516235,-0.3895073115825653,0.43153586387634274,0.18722785895416494,8.74426555633545,-0.0005926597254798359,0.17569450653594343,0.001358320500003174,-0.21563989520072938,0.21677457243204118,0.06960472775551806,9.65579605102539,-0.0011291520889775363,0.07590712044619444,-0.001681886613368988,-0.08990642428398132,0.08996331691741943,0.0208658277280694,10.287552833557129,-0.0003526973474023229,0.029421157513705234,-0.0001959939836524427,-0.032855849713087075,0.03224062472581865,0.0035129697935241087,11.098833084106445,6.941939766680227e-06,0.008540976390963398,5.29341195942834e-06,-0.009065611474215984,0.009192470554262403
F:\Seminario\Seminario-Clustering\datasets\davi\Al Emadi (2019)\Multiclass_Drone_Audio\unknown\4-168868-A-174.wav,Multiclass_Drone_Audio\unknown\4-168868-A-174.wav,al_emadi,4-168868-A-174,0.95975,0.11125920797259833,6.221010208129883,-0.000936865314617505,0.022014429213281752,-0.000343727195286192,-0.017288964241743088,0.014762085583060981,0.015486237712453495,6.028549671173096,-7.97953970445111e-05,0.008220247022234105,-3.2176478271139786e-05,-0.006020804448053241,0.004343249928206208,0.16315374958002152,4.766975402832031,0.0004920044735957741,0.018938981224869717,-4.958835052093491e-05,-0.005088124563917517,0.004990279208868745,0.5937917613577134,6.126109600067139,5.036520887550094e-05,0.0256163740309944,3.817269316641614e-05,-0.008610261417925357,0.009075777418911465,0.08331379285350904,7.42111873626709,7.081391066594793e-05,0.006792489342282535,1.2239150237292051e-05,-0.0033767569810152043,0.003376605268567799,0.03299525052370416,7.678023338317871,-1.5634526082788892e-07,0.003024341588580497,-3.2676223327143816e-06,-0.0011050028726458548,0.0010710896458476797
F:\Seminario\Seminario-Clustering\datasets\davi\Al Emadi (2019)\Multiclass_Drone_Audio\unknown\2-117271-A-00.wav,Multiclass_Drone_Audio\unknown\2-117271-A-00.wav,al_emadi,2-117271-A-00,1.0216875,0.03874325347891799,7.877615451812744,-0.002988932416720499,0.2098748079552437,-0.00579273235052824,-0.2732771337032318,0.2555003225803375,0.32677709876280076,5.339494228363037,0.012577565802532196,0.609452188203988,0.0031169960275292397,-0.27672334909439084,0.2920018911361694,0.4834091981367408,7.003686904907227,0.0043464892704347235,0.5262765346037659,-4.53402753919363e-05,-0.3265896499156951,0.266664129495621,0.1274236813439771,7.635842323303223,0.0005274825828199694,0.1914831595402314,-0.0001158486120402813,-0.08826132118701935,0.08146973699331284,0.021341523286230655,8.099838256835938,-0.00010106153746718377,0.055472931270627496,-3.859167918562889e-07,-0.01571398563683032,0.015395941585302367,0.0023052449913326463,8.21513557434082,2.5471832650505447e-09,0.012898077342634307,2.079032128676772e-06,-0.0023979512741789215,0.0025284111732617066
F:\Seminario\Seminario-Clustering\datasets\davi\Al Emadi (2019)\Multiclass_Drone_Audio\unknown\2-30322-A-124.wav,Multiclass_Drone_Audio\unknown\2-30322-A-124.wav,al_emadi,2-30322-A-124,0.95975,0.8645399747963515,7.91481876373291,0.0006009229806206021,0.08607577283763854,0.0005611786909867078,-0.11180668324232101,0.10959261134266854,0.05946332119350302,7.84117317199707,-0.00030313807751479574,0.0225727461282572,0.00018062983872368932,-0.02827252801507711,0.027603334747254852,0.023679123730423014,8.585868835449219,4.442596893703703e-05,0.01011462584017416,-7.919920608401299e-05,-0.011970969662070273,0.011977394763380292,0.011958614926042596,9.264355659484863,4.5860409936977e-05,0.0050943744079460385,-5.8494682889431715e-05,-0.005783254839479923,0.005785112082958223,0.013335296711079542,8.384082794189453,4.628636234612905e-05,0.0038082894918524926,3.4556869650259614e-05,-0.003324797470122576,0.00349934184923768,0.02702366864260033,8.236640930175781,8.72501624589127e-06,0.00383568333692251,-1.8773811461869627e-05,-0.0027717619901522993,0.0027625045273452996
F:\Seminario\Seminario-Clustering\datasets\davi\Al Emadi (2019)\Multiclass_Drone_Audio\unknown\3-187549-A-62.wav,Multiclass_Drone_Audio\unknown\3-187549-A-62.wav,al_emadi,3-187549-A-62,0.97525,0.48030443342016554,7.262687683105469,-0.031145572726663594,0.6254341076869515,0.020734473131597042,-0.7328855991363525,0.6474330723285675,0.040794300428484385,7.324008941650391,0.003494716104356602,0.1824656871528192,-0.0032274897675961256,-0.18844697624444962,0.208291694521904,0.2516621647802061,7.0901360511779785,-0.0037182048075649573,0.32196242466175695,0.002055869437754154,-0.21312707364559172,0.20012796521186837,0.17139623278104776,6.957054615020752,-0.0020739002589626756,0.1882651259755888,7.757660932838917e-05,-0.07965430170297622,0.07927237227559082,0.046340237412578936,7.138315677642822,4.472529849286389e-05,0.06930415339896047,-3.995210863649845e-05,-0.01880202703177929,0.018235982954502118,0.009502631177517245,7.943857669830322,4.922990905322943e-05,0.022202840580105035,3.881988232024014e-05,-0.0057550170458853245,0.005742846522480249
F:\Seminario\Seminario-Clustering\datasets\davi\Al Emadi (2019)\Multiclass_Drone_Audio\unknown\3-144253-A-290.wav,Multiclass_Drone_Audio\unknown\3-144253-A-290.wav,al_emadi,3-144253-A-290,1.0216875,0.27140958151652006,4.869612216949463,-0.000276898558452686,0.1634191116531357,-5.1559814892243594e-05,-0.024165085330605494,0.019218108057975754,0.6098054919181654,4.2912516593933105,0.0023993602843121555,0.24494339272270754,-1.0193527486990206e-05,-0.026477019488811492,0.03409335017204284,0.10405955105918976,5.472562789916992,-0.0002483663519368862,0.07182809208415945,7.587937716380111e-06,-0.013939198479056357,0.011994736641645434,0.012393108440718007,7.085328578948975,-0.00023669350303258226,0.017564768862096004,-3.76399339074851e-06,-0.0078123765997588634,0.007130911573767662,0.0018586916621919768,7.996601104736328,-2.6056769471382732e-05,0.004815606972422175,-1.795888238120824e-07,-0.002010588254779577,0.0018425358925014744,0.00047357540321482633,8.224252700805664,1.588655179377455e-06,0.00171967114082389,4.954763710429688e-07,-0.0005755429447162895,0.0005716203828342263
F:\Seminario\Seminario-Clustering\datasets\davi\Al Emadi (2019)\Multiclass_Drone_Audio\unknown\4-202749-A-130.wav,Multiclass_Drone_Audio\unknown\4-202749-A-130.wav,al_emadi,4-202749-A-130,1.0216875,0.015219777051418212,7.869937896728516,4.242322238899906e-05,0.004691272917816928,0.0001442693901481107,-0.005790831800550222,0.006025855615735053,0.02557873761160366,7.894732475280762,4.0888226109239234e-05,0.006081826710641356,0.0003088716766797006,-0.007707141153514385,0.007244328781962394,0.011418090056428201,8.89890193939209,3.38798318816506e-05,0.0028842714368056757,8.158654236467555e-05,-0.003538144868798554,0.0035830627428367736,0.005485726743421075,9.947151184082031,1.3781901491226645e-05,0.0014167776584530245,-1.9984170648967847e-05,-0.0017810146091505885,0.001854541478678584,0.6710087945822858,10.867530822753906,5.087926175922925e-06,0.011092544016780231,5.502952262759209e-07,-0.014055221714079379,0.014083407633006577,0.2712888739548431,11.862607955932617,-2.1943550399357353e-06,0.00498976830686042,-2.938193028967362e-05,-0.006348627805709839,0.006254894146695733
F:\Seminario\Seminario-Clustering\datasets\davi\Al Emadi (2019)\Multiclass_Drone_Audio\unknown\4-175000-A-401.wav,Multiclass_Drone_Audio\unknown\4-175000-A-401.wav,al_emadi,4-175000-A-401,1.0216875,0.7322871675338787,7.588754177093506,0.00287735896189078,0.2854056735470209,-0.0018019627314060926,-0.33630944490432735,0.33478855490684506,0.24751003688121437,7.464374542236328,0.0012754410368916156,0.16593100405981104,-0.0010618951637297869,-0.1891099125146866,0.19870926439762113,0.01946873119328737,8.479522705078125,-9.231304802685452e-05,0.03303514054738633,-1.0271556675434113e-05,-0.0374513104557991,0.037723980471491815,0.0007022837515156591,9.593307495117188,3.176445036442353e-06,0.004446323101562761,6.37745251879096e-05,-0.005286214407533407,0.005130245815962553,3.101489659914027e-05,5.43513298034668,-8.616088017917562e-07,0.000661441680674633,3.694789484143257e-06,-0.00043768160976469516,0.00043874173425138,7.657435047815065e-07,10.658632278442383,9.264570225169788e-07,7.352097943549549e-05,9.554496500641108e-07,-8.351535070687533e-05,8.458945958409459e-05
F:\Seminario\Seminario-Clustering\datasets\davi\Al Emadi (2019)\Multiclass_Drone_Audio\unknown\5-160614-A-483.wav,Multiclass_Drone_Audio\unknown\5-160614-A-483.wav,al_emadi,5-160614-A-483,1.0216875,0.02362150267391836,6.0250349044799805,-0.0005854575580238546,0.021413785759775796,-0.0006315664504654706,-0.020936574786901474,0.017039591446518895,0.032553248633021455,4.6046648025512695,-0.0008169246556285903,0.025134476314228646,5.339769268175587e-05,-0.014332821033895014,0.013706417381763456,0.10241352370234895,3.940279006958008,-0.0015580532325189266,0.031624177469789086,2.4892111468943767e-05,-0.01117248423397541,0.011469002440571788,0.45767765690292667,4.426963806152344,-0.00156956453400656,0.04740725179586282,-1.894124216050841e-05,-0.012385101057589054,0.013035066425800323,0.3027498677127547,7.658903121948242,-3.784915728602123e-05,0.027309032558474514,-7.07752478774637e-05,-0.02184607237577438,0.02145682722330095,0.08098420037502986,6.927220344543457,4.048380683951898e-05,0.009992143051517579,-3.2680767617421225e-05,-0.006426672637462616,0.006427632085978985
F:\Seminario\Seminario-Clustering\datasets\davi\Al Emadi (2019)\Multiclass_Drone_Audio\membo_1\mixed_membo_40-membo_003_.wav,Multiclass_Drone_Audio\membo_1\mixed_membo_40-membo_003_.wav,al_emadi,mixed_membo_40-membo_003,1.024,0.384101647670943,7.990468978881836,0.0015244335155540074,0.46760014962302443,0.02496282570064068,-0.5927344381809234,0.615734589099884,0.16427348671865963,7.889242172241211,0.0004618454675297611,0.30579973064748367,-0.040813472121953964,-0.3618254542350769,0.4553498476743698,0.07985336853506386,8.957104682922363,0.006748889935701046,0.15119243782861483,0.0005872464971616864,-0.18330398350954055,0.20358848869800567,0.09065357146276778,9.894344329833984,-0.0018331850919257305,0.11425788703870127,-0.006885779555886984,-0.1447395533323288,0.14585536122322088,0.12459564881754354,10.821100234985352,0.00029172924809846464,0.09482155547940295,-8.797709597274661e-06,-0.11729101911187172,0.11912497207522393,0.1565222767950222,11.794452667236328,0.00023068947537626373,0.07518662739176168,0.0005524659063667059,-0.0922163724899292,0.09272364899516106
F:\Seminario\Seminario-Clustering\datasets\davi\Al Emadi (2019)\Multiclass_Drone_Audio\unknown\5-201194-A-384.wav,Multiclass_Drone_Audio\unknown\5-201194-A-384.wav,al_emadi,5-201194-A-384,0.95975,0.028144822775282217,7.179439067840576,-0.0003236062811694984,0.011107596739699327,2.9004648240515962e-05,-0.012226917408406732,0.01077529201284051,0.05973814623475806,5.716037273406982,0.0008180747431428334,0.016168724087814185,-2.58656291407533e-06,-0.009525290876626968,0.010549861285835507,0.15464496400139885,5.86803674697876,0.0008649981791959288,0.01847437258104475,1.4833372915745713e-05,-0.009010972455143927,0.00851054415106776,0.5528604093001782,6.337490558624268,0.00023861634816529134,0.024783447769515514,-2.327703987248242e-05,-0.004856560565531253,0.0043613580055534866,0.10072268630391738,7.575863361358643,9.54406315460839e-05,0.007488506108742473,-5.933892680332065e-06,-0.0016823099693283436,0.0015132323605939746,0.10388897138446526,7.633251190185547,6.389140827983921e-06,0.00538099071638542,2.4807036425045226e-07,-0.0006874301179777831,0.0006593457655981187
F:\Seminario\Seminario-Clustering\datasets\davi\Al Emadi (2019)\Multiclass_Drone_Audio\unknown\silence097.wav,Multiclass_Drone_Audio\unknown\silence097.wav,al_emadi,silence097,0.7430625,0.0,-0.0,0.0,0.0,0.0,0.0,0.0,0.0,-0.0,0.0,0.0,0.0,0.0,0.0,0.0,-0.0,0.0,0.0,0.0,0.0,0.0,0.0,-0.0,0.0,0.0,0.0,0.0,0.0,0.0,-0.0,0.0,0.0,0.0,0.0,0.0,0.0,-0.0,0.0,0.0,0.0,0.0,0.0
F:\Seminario\Seminario-Clustering\datasets\davi\Al Emadi (2019)\Multiclass_Drone_Audio\membo_1\mixed_membo_7-membo_003_.wav,Multiclass_Drone_Audio\membo_1\mixed_membo_7-membo_003_.wav,al_emadi,mixed_membo_7-membo_003,1.024,0.3204417941523129,7.94450044631958,-0.003501753030398574,0.1594461417695057,-0.005328743252903223,-0.2097997114062309,0.19655111134052278,0.34549018323016584,8.203193664550781,0.0006470817736744021,0.16559937063457753,0.005670138634741306,-0.22263194471597672,0.23762570321559906,0.07459096176220809,8.966714859008789,0.0006089359001409264,0.0546162770357355,0.0007232674397528172,-0.06726671010255814,0.07162782251834868,0.10756856424802454,9.915820121765137,-0.0004528369828764068,0.046479556513120836,-0.000270674005150795,-0.05807441547513008,0.0592652477324009,0.09398071918327609,10.963768005371094,0.00027231400110677955,0.030750369782358965,0.0003123254282400012,-0.0381717536598444,0.03924192748963833,0.05792777742401253,11.940055847167969,3.684632503605824e-05,0.01707997601681701,-0.00012808079191017896,-0.02168028987944126,0.021923784166574478
F:\Seminario\Seminario-Clustering\datasets\davi\Al Emadi (2019)\Multiclass_Drone_Audio\unknown\2-87794-A-242.wav,Multiclass_Drone_Audio\unknown\2-87794-A-242.wav,al_emadi,2-87794-A-242,0.97525,0.029525805399628614,6.3612236976623535,-0.004378010564484993,0.022392037672504552,-0.004907790804281831,-0.02332294825464487,0.011332332622259855,0.046748400958785914,6.615516185760498,-0.0009777463178891358,0.028692620274260516,0.00041549591696821153,-0.027902272529900074,0.024740153923630714,0.08069262623711257,7.185988903045654,-0.00134405864820838,0.02675917373774311,3.392223879927769e-05,-0.02241960875689983,0.019724446907639505,0.2451797160594459,7.87122917175293,-0.0007255836713475135,0.03308347817151419,9.328672967967577e-05,-0.020944846421480177,0.02154930848628282,0.5613725872398868,8.986922264099121,1.8408365103274224e-06,0.035447334004132164,1.5099282791197766e-05,-0.02238948754966259,0.02247333526611328,0.036480864105140176,9.9064359664917,1.5890467401059425e-07,0.006392900316159655,9.001989837997826e-07,-0.0038853130536153913,0.003979818429797888
F:\Seminario\Seminario-Clustering\datasets\davi\Al Emadi (2019)\Multiclass_Drone_Audio\unknown\2-166644-A-23.wav,Multiclass_Drone_Audio\unknown\2-166644-A-23.wav,al_emadi,2-166644-A-23,1.0216875,0.0939351097310378,7.15120792388916,0.00788320509289788,0.36268262378854105,0.002875068923458457,-0.4002104043960571,0.4387853562831877,0.14307012863627022,6.5509138107299805,0.004956245996701299,0.44767537081793635,-0.003035096451640129,-0.36009522080421447,0.4411354839801788,0.46093021767908404,7.1145830154418945,-0.011521038246958163,0.570307947746587,-0.002498645451851189,-0.43339138627052304,0.36277512013912205,0.2540234088666043,8.155299186706543,0.0022383094346071293,0.3000827144286761,0.0029027711134403944,-0.22473680973052979,0.21969115734100342,0.039107408243383567,9.759750366210938,-2.6201047841186466e-05,0.08335039179416306,-3.3818185329437256e-05,-0.08045228421688079,0.08249862194061283,0.008933726843620033,10.563009262084961,6.0835028915224554e-05,0.02818323291617013,8.64901376189664e-05,-0.026432791724801064,0.026911539398133757
F:\Seminario\Seminario-Clustering\datasets\davi\Al Emadi (2019)\Multiclass_Drone_Audio\unknown\3-144259-A-291.wav,Multiclass_Drone_Audio\unknown\3-144259-A-291.wav,al_emadi,3-144259-A-291,1.0216875,0.19312900991263468,3.8926429748535156,1.9001796992863883e-05,0.05000623177292223,-7.989547884790227e-05,-0.006023642886430025,0.005339024495333431,0.6534499261625052,3.8423378467559814,0.0013281539262132212,0.09197319762572942,2.099441371683497e-05,-0.011480629816651341,0.011581416800618161,0.09787796580649301,4.79176139831543,-0.0002031753638918408,0.025269339134833986,-6.379538262990536e-06,-0.0054940483532845965,0.0055228829849511395,0.026327739688017635,6.416771411895752,-0.0001922756139414509,0.009285706303396653,-6.252610546653159e-06,-0.0020281048491597176,0.0019322060979902744,0.02812335854046457,6.63198184967041,9.479452206260856e-06,0.006795108157765998,-1.5132786757021677e-06,-0.0008385855238884686,0.0008662102045491341,0.0010919998898849634,7.91735315322876,1.3430689891721361e-08,0.0009472657035347004,-1.1425681805121712e-06,-0.00033189012610819186,0.00034130978747271007
F:\Seminario\Seminario-Clustering\datasets\davi\Al Emadi (2019)\Multiclass_Drone_Audio\unknown\2-134700-A-381.wav,Multiclass_Drone_Audio\unknown\2-134700-A-381.wav,al_emadi,2-134700-A-381,1.0216875,0.0845417516337865,6.440650939941406,-9.125085966011082e-05,0.013354742535377995,0.0004000929184257984,-0.009647856093943119,0.011279891058802602,0.0006080972623691324,6.674139976501465,5.085298908784221e-05,0.0011315099590958365,2.4538614525226876e-05,-0.0010578853776678442,0.0009783100569620727,0.004431943345094605,5.04172945022583,1.8481099382414453e-05,0.0021704833035641425,-1.8094881397701101e-06,-0.00038419939519371835,0.0003468358831014485,0.10378073516778337,5.638737678527832,-0.00014058993367295657,0.007442035866830545,-5.36188599653542e-06,-0.0005925880977883935,0.0005505303270183504,0.7515390687773463,6.099867820739746,-2.7240309211121865e-06,0.01417909758106671,-1.092016464099288e-05,-0.0007425266201607883,0.0007518484489992262,0.055098403813620085,6.93543815612793,-2.515144040082399e-06,0.0027160606829559654,6.80279299558606e-09,-0.00025751874200068413,0.00025619936641305683
F:\Seminario\Seminario-Clustering\datasets\davi\Al Emadi (2019)\Multiclass_Drone_Audio\unknown\4-218199-E-353.wav,Multiclass_Drone_Audio\unknown\4-218199-E-353.wav,al_emadi,4-218199-E-353,1.0216875,0.25141464763003873,7.86225700378418,-0.00570353159177057,0.05951085963147282,-0.005919703282415867,-0.07735997438430786,0.06849681138992308,0.10161595712335439,7.792101860046387,-0.0028910667220308213,0.03789721238846512,-0.0015752066392451525,-0.052057885378599164,0.04510311558842659,0.42365078259295136,8.705930709838867,9.435118502118959e-05,0.05508772415344664,0.00039360180380754173,-0.06895962357521057,0.0661939695477486,0.18484181971782707,9.60198974609375,0.00020233237285532287,0.025785406595581154,0.0003004923928529024,-0.031165003776550293,0.03255268186330795,0.031346011921368745,10.668708801269531,4.6906264808903315e-05,0.007516780774494337,-4.78981964988634e-05,-0.008854597248136996,0.009020836651325229,0.007130781014459697,11.686332702636719,-1.3297829670395053e-06,0.002536384002587644,2.673559356480837e-05,-0.0030499211046844717,0.0030162656912580137
F:\Seminario\Seminario-Clustering\datasets\davi\Al Emadi (2019)\Multiclass_Drone_Audio\unknown\2-30322-B-120.wav,Multiclass_Drone_Audio\unknown\2-30322-B-120.wav,al_emadi,2-30322-B-120,1.0216875,0.26397804171388933,7.857491970062256,0.00030713588565046073,0.09363829215867299,0.00395953981205821,-0.12222225815057754,0.11292674094438553,0.04427027994469187,6.606075763702393,-3.540864528779493e-05,0.03834668945640145,0.000905271852388978,-0.03517396971583366,0.03580592349171638,0.09926157583035118,4.456361293792725,0.0002586284958225114,0.040758559680471894,0.00017214319086633623,-0.017332571744918823,0.017096748016774656,0.12526507506811968,6.1984543800354,-0.00017695390612888174,0.032447506680315936,-2.8422509785741568e-05,-0.01456506922841072,0.01656161993741989,0.1754968825936951,8.15894603729248,0.00039955134348271986,0.027184574276295587,4.7414752771146595e-05,-0.013488784618675708,0.014708144776523116,0.2917281448492528,8.34923267364502,-7.057741625678494e-05,0.024798159559998496,2.8106733225286007e-06,-0.008957881852984427,0.009570611640810968
F:\Seminario\Seminario-Clustering\datasets\davi\Al Emadi (2019)\Multiclass_Drone_Audio\unknown\2-119161-C-80.wav,Multiclass_Drone_Audio\unknown\2-119161-C-80.wav,al_emadi,2-119161-C-80,1.0216875,0.0018649249517782187,7.877081871032715,-0.00140642376649346,0.0460981298753065,-0.0013531704898923635,-0.06475576162338256,0.05953017249703405,0.046583852749171636,7.771778106689453,-0.007763450392685662,0.2303699817158073,-0.005241914186626673,-0.32043211460113524,0.2946382164955139,0.42221786745480283,8.78808307647705,-0.0028997954693216,0.49258424889047875,-0.0030971819069236517,-0.6536658704280853,0.6680719494819642,0.3102412657977714,9.413541793823242,0.0012819454577114153,0.29922737953365974,0.0007895940216258168,-0.3820497989654541,0.3568735420703888,0.19975471556689497,10.081327438354492,-0.00040792471615214143,0.16996705783145113,-0.00043534341966733336,-0.18949063122272491,0.19121759831905372,0.01933737347958094,10.654644012451172,-5.6009868211989165e-05,0.03741218369654497,-0.00012242585216881707,-0.03715278916060925,0.037235359475016605
F:\Seminario\Seminario-Clustering\datasets\davi\Al Emadi (2019)\Multiclass_Drone_Audio\unknown\5-209833-A-382.wav,Multiclass_Drone_Audio\unknown\5-209833-A-382.wav,al_emadi,5-209833-A-382,0.97525,0.0008393859898806706,7.870599746704102,-4.96808139073877e-05,0.0021224492424067125,-0.00011188369899173267,-0.002874124445952475,0.0027781736571341753,0.002896937957673033,7.474902153015137,-0.00013052491552175086,0.003941913138692156,-7.446039671776816e-05,-0.004602415720000863,0.0045187578070908785,0.05212461872944513,6.044132232666016,-6.418755679804758e-05,0.011883779336042425,1.9784278265433386e-05,-0.005889261793345213,0.006059513520449402,0.191862756768739,7.436348915100098,-0.0003101985875120341,0.01615195715100166,5.216065255808644e-05,-0.009507473837584256,0.008877210412174463,0.2259841610836816,7.349872589111328,1.6347349251052684e-05,0.012411753946111723,8.226214049500413e-06,-0.00504066776484251,0.004432174935936928,0.5262921394705806,8.117136001586914,-3.362002260037568e-07,0.013400327378913703,1.562535032917367e-06,-0.003855157527141273,0.003994996193796396
F:\Seminario\Seminario-Clustering\datasets\davi\Al Emadi (2019)\Multiclass_Drone_Audio\unknown\5-234145-A-284.wav,Multiclass_Drone_Audio\unknown\5-234145-A-284.wav,al_emadi,5-234145-A-284,0.95975,0.9080827517973743,7.848662376403809,-0.001220336335478112,0.040621698344929874,-0.0032742322655394673,-0.050871817767620085,0.04975185729563237,0.06913125979689495,7.910927772521973,-1.6344992881848334e-05,0.011213159792374156,-0.0002603907632874325,-0.01383176064118743,0.01455853683874011,0.011286484676593553,8.589066505432129,6.125555724485055e-05,0.0032163557930848592,3.1313258659793064e-05,-0.0037656943313777447,0.004002977069467307,0.005128856700350495,9.43057632446289,-1.9460870416232e-05,0.001536865194426518,-2.3793530999682844e-05,-0.0018147986382246017,0.001755950856022537,0.0035751302329825553,9.985618591308594,1.722459119654676e-06,0.0009084439640139093,2.3011205485090613e-05,-0.0009376327507197857,0.0009207024937495588,0.0027955167958041193,11.244750022888184,-2.0441040103525728e-06,0.0005683191016745483,-5.617872375296429e-06,-0.0006192157336045057,0.000634866103064269
F:\Seminario\Seminario-Clustering\datasets\davi\Al Emadi (2019)\Multiclass_Drone_Audio\unknown\4-182368-A-121.wav,Multiclass_Drone_Audio\unknown\4-182368-A-121.wav,al_emadi,4-182368-A-121,1.0216875,0.24940092390846735,7.410505294799805,-0.00024308328640038014,0.03588737154222645,-0.0018470286158844829,-0.04050040170550346,0.04058819785714149,0.04576995990685026,7.187495231628418,-0.00025286352782741706,0.015372132532334572,-0.0005690561956726015,-0.01725034154951572,0.01683445945382118,0.023380547840843965,7.947648048400879,-0.00011775842773133563,0.00779911813759167,-1.7148184269899502e-05,-0.007772818254306912,0.007977075688540936,0.03523474808954386,4.102435111999512,-0.0001946466545087144,0.0067828192955796006,-3.512002876959741e-05,-0.0030142045579850674,0.0029387804679572582,0.09233401597515858,4.003719806671143,-8.131026503068214e-05,0.007775395991350175,9.88074953056639e-06,-0.0015736408298835157,0.0016163572669029237,0.553879804279136,3.5742032527923584,-8.392573489128325e-05,0.013472929565507618,-3.8774705899413675e-06,-0.001031545631121844,0.0009891641791909937
F:\Seminario\Seminario-Clustering\datasets\davi\Al Emadi (2019)\Multiclass_Drone_Audio\unknown\1-80785-A-70.wav,Multiclass_Drone_Audio\unknown\1-80785-A-70.wav,al_emadi,1-80785-A-70,1.0216875,0.9862755677575292,7.9078497886657715,-0.02001930219309695,1.2628130139476212,-0.0009991973638534546,-1.6732523441314697,1.6064837932586669,0.00765832218986091,7.651670455932617,0.0002948698282209521,0.11129092824418196,-0.0055356454104185104,-0.1313775300979614,0.13355526030063627,0.0028558427120951844,8.83702278137207,0.0016254075090807764,0.04821476254297442,0.001441447762772441,-0.05778208747506142,0.06290978118777275,0.0018967338543397847,9.76147174835205,0.0005820317097749347,0.027855036313733164,0.0003449181094765663,-0.03250034153461456,0.03606948256492615,0.000723164729882967,10.688248634338379,-9.849131636013171e-05,0.012177600237160118,-0.00014682859182357788,-0.014597691781818866,0.01483596228063107,0.0005903687562919031,11.717239379882812,-3.7005175078432006e-05,0.007784153180487299,-1.3192067854106426e-05,-0.009465287812054158,0.00940861301496625
F:\Seminario\Seminario-Clustering\datasets\davi\Al Emadi (2019)\Multiclass_Drone_Audio\unknown\2-108760-A-141.wav,Multiclass_Drone_Audio\unknown\2-108760-A-141.wav,al_emadi,2-108760-A-141,1.0216875,0.05774266600200367,6.186607360839844,0.004617218210405414,0.04865216771560872,0.0007853745482861996,-0.04291518479585647,0.046004132926464075,0.17702598525174956,8.037755966186523,0.0006198202475621895,0.0855673120102432,0.005141804460436106,-0.11157984435558319,0.10499991476535797,0.3009916234603883,9.008563041687012,-0.0008999616080596682,0.07919814335368697,-0.0037890274543315172,-0.09915393516421318,0.10628676861524583,0.2055442169632735,9.913612365722656,-0.00019586472869192843,0.046382096439582236,-0.0003432435914874077,-0.05996685102581978,0.059351544827222824,0.20476126397861397,10.406505584716797,-1.7154031771090908e-05,0.032770829231385835,0.00010465498780831695,-0.03900932073593139,0.03887303844094278,0.053934244343971004,9.828536987304688,1.6091460270868388e-05,0.011898516081471317,-8.494047506246716e-06,-0.00789444288238883,0.008047881349921227
F:\Seminario\Seminario-Clustering\datasets\davi\Al Emadi (2019)\Multiclass_Drone_Audio\unknown\1-80785-A-73.wav,Multiclass_Drone_Audio\unknown\1-80785-A-73.wav,al_emadi,1-80785-A-73,1.0216875,0.9931302416853913,8.087990760803223,-0.009418106639689562,1.8855917295570621,-0.032389819622039795,-2.434597873687744,2.472677040100097,0.0029669265534913677,7.767520904541016,-0.0005066584663820921,0.10306189805885474,-0.00782481674104929,-0.12654214203357697,0.13259369730949402,0.0016839989881571558,8.78402042388916,2.0471408068048723e-05,0.05511704623746674,-0.00041580689139664173,-0.06616489365696906,0.0681068904697895,0.0012240991065679127,9.699287414550781,6.043188864667639e-05,0.03330108783991902,0.00017933547496795654,-0.0401918962597847,0.040155887603759766,0.0006614328464579051,10.393712997436523,9.50526724840955e-05,0.017328028213925376,-0.00013299472630023956,-0.019814739748835564,0.019424660503864294,0.0003333008199343856,11.691227912902832,-2.2205386873133987e-05,0.008702156777056914,2.6550551410764456e-05,-0.01038400512188673,0.010458436142653228
F:\Seminario\Seminario-Clustering\datasets\davi\Al Emadi (2019)\Multiclass_Drone_Audio\unknown\3-142349-A-171.wav,Multiclass_Drone_Audio\unknown\3-142349-A-171.wav,al_emadi,3-142349-A-171,1.0216875,0.01102045582178496,7.97589111328125,-0.0005170886657662378,0.012357940822097933,-0.0006662486121058464,-0.015839417278766633,0.014944496750831603,0.005602049375842837,7.906795978546143,-6.297326185570057e-05,0.00881837555874552,-0.00010407602530904114,-0.010847298614680766,0.011208374425768853,0.3208228583187505,7.345376491546631,-0.0010447047985366826,0.04736071619356908,-6.798072718083858e-07,-0.04031471200287342,0.03413419611752034,0.40525290630081234,8.388566970825195,7.16033373313828e-05,0.03773021974603798,4.77518406114541e-05,-0.032538510859012604,0.03175869211554527,0.16362406358447412,8.151931762695312,-0.00013921192506605298,0.016970630056618568,-6.969086825847626e-06,-0.01104682981967926,0.010959374718368053,0.09367766659833521,8.925880432128906,1.9023912042345642e-05,0.009084549304360217,-1.2307824363233522e-05,-0.005176074057817459,0.005227645300328733
F:\Seminario\Seminario-Clustering\datasets\davi\Al Emadi (2019)\Multiclass_Drone_Audio\unknown\4-167077-C-203.wav,Multiclass_Drone_Audio\unknown\4-167077-C-203.wav,al_emadi,4-167077-C-203,1.0216875,0.006793711555834947,7.4910125732421875,9.789497587685823e-05,0.014550439623393157,0.00026657787384465337,-0.016802861914038656,0.017502967640757556,0.1897103843461785,6.767917633056641,0.0006372368520285762,0.0768887923022299,-6.063480395823717e-05,-0.07858572006225584,0.0914023175835609,0.5830144592899872,7.756904602050781,0.007129474843392565,0.09541753645841553,6.868381751701236e-05,-0.0784466564655304,0.1182815931737423,0.1709610806451229,8.23735237121582,-0.00011851208091950447,0.036718051607419415,-1.1785268725361675e-05,-0.032172221690416336,0.031212175264954567,0.04607732800529148,8.213150024414062,-9.346643700455902e-06,0.013493938769234387,1.7049951566150412e-06,-0.006550854630768298,0.006585673149675136,0.003443036157584978,9.08899211883545,1.0928937607576936e-05,0.002609513326195518,1.1464485396572854e-06,-0.0013083636877126992,0.0012286903918720781
F:\Seminario\Seminario-Clustering\datasets\davi\Al Emadi (2019)\Multiclass_Drone_Audio\unknown\4-251645-B-493.wav,Multiclass_Drone_Audio\unknown\4-251645-B-493.wav,al_emadi,4-251645-B-493,1.0216875,0.02255842793792627,4.134213447570801,0.0026432256814825487,0.031033966186841712,-0.0008656980935484171,-0.013421853072941303,0.01597182378172874,0.06198459504134456,6.647012710571289,-0.003308748589880874,0.051522941565624626,-0.0008101892890408635,-0.056386648863554,0.03794978708028793,0.33468356966835616,7.157318592071533,-0.0020529519431486567,0.08513506280666293,-0.00044205188169144094,-0.06531791165471076,0.06195594891905785,0.4050210992687534,8.274820327758789,0.002108478790810222,0.06635489778531155,0.00017660943558439612,-0.05234929546713829,0.05951506271958351,0.1337164952142607,9.422983169555664,3.0306143754622322e-05,0.027002716664321746,1.561412682349328e-05,-0.022761551663279533,0.022420620545744924,0.04203581286935885,10.395903587341309,1.7313943886280576e-05,0.010710795229226877,5.099704139865935e-06,-0.00913467053323984,0.008907751459628346
F:\Seminario\Seminario-Clustering\datasets\davi\Al Emadi (2019)\Multiclass_Drone_Audio\unknown\4-175856-A-430.wav,Multiclass_Drone_Audio\unknown\4-175856-A-430.wav,al_emadi,4-175856-A-430,1.0216875,0.7642481692139682,8.148275375366211,-0.001974365283216499,0.22251174478756286,-0.0046007465571165085,-0.2856503069400787,0.2848561882972717,0.06183452817141651,7.897520065307617,-0.002904299196095416,0.06322818143984128,-0.0025066519156098366,-0.08649998009204864,0.07707330137491225,0.0932894527322561,8.536286354064941,0.00029515650705999504,0.05518587831575076,0.0012977010919712484,-0.06160458661615848,0.06068321242928505,0.05533134285748441,9.3388671875,0.00022434909619668635,0.030118076992058505,-0.00011094938963651657,-0.031202416867017746,0.032361146062612534,0.024013320352149956,9.834843635559082,3.4973698816452864e-05,0.014045603678747,-2.8711743652820587e-05,-0.013833290711045264,0.012945219874382031,0.0012831866727248422,11.69364070892334,-2.5328729567894305e-06,0.0022969821774284074,9.6190779004246e-06,-0.002804110664874315,0.0027845127508044245
F:\Seminario\Seminario-Clustering\datasets\davi\Al Emadi (2019)\Multiclass_Drone_Audio\unknown\4-212604-A-152.wav,Multiclass_Drone_Audio\unknown\4-212604-A-152.wav,al_emadi,4-212604-A-152,0.97525,0.9520725942347487,7.759537696838379,-0.0010125495305880077,0.08640745590673587,-0.0002782759256660938,-0.1056230440735817,0.1043846569955349,0.03490456688536305,7.952175140380859,-0.00020158954500784017,0.016544547438697155,-0.0007782880857121199,-0.02076051663607359,0.02122191246598959,0.011007786143238574,8.954156875610352,3.102978828747066e-05,0.006600172392274314,0.0002717230236157775,-0.008676034212112427,0.008605354465544224,0.0011976745057167874,9.870797157287598,-1.6494871002785926e-05,0.0015424995828621812,-9.081173629965633e-06,-0.001977646769955754,0.0019192256615497172,0.0005989836467333818,10.835735321044922,1.2655820450440927e-05,0.000772172469058522,1.1740310583263636e-05,-0.0009659556904807687,0.0010053549194708467,0.00021839458419955636,11.755481719970703,-9.311223363016845e-06,0.00032977706629327714,-1.0938552804873325e-05,-0.0004263780574547127,0.0004029684641864151
F:\Seminario\Seminario-Clustering\datasets\davi\Al Emadi (2019)\Multiclass_Drone_Audio\unknown\1-69165-A-340.wav,Multiclass_Drone_Audio\unknown\1-69165-A-340.wav,al_emadi,1-69165-A-340,1.0216875,0.10720559222192778,2.842413902282715,0.014536961728646011,0.14610391944056766,-4.471846157261261e-11,-0.018622062355279922,0.01960387676954269,0.01544383780992817,2.4714651107788086,-0.0010705683690065437,0.05571725975725183,-4.14892565459013e-06,-0.002004987793043256,0.0021867295727133747,0.01881812729719956,3.244689464569092,-0.00032225053559212577,0.04366502876113322,2.8696501885860926e-06,-0.0024815410841256377,0.0019917113007977614,0.13445974536034982,4.346323013305664,-0.004700223821858996,0.08258230216784822,8.374299795832485e-07,-0.0035183564759790897,0.0043191686272621155,0.30091241353465503,5.789186954498291,0.00336561181144478,0.08752947758368727,6.146212399471551e-06,-0.00166023783385753,0.008167218603193761,0.42316028377593967,7.409839153289795,-0.00032889990216519255,0.07348530426814234,1.2971031537745148e-07,-0.0042975599411875,0.004754072614014149
F:\Seminario\Seminario-Clustering\datasets\davi\Al Emadi (2019)\Multiclass_Drone_Audio\unknown\1-30226-A-02.wav,Multiclass_Drone_Audio\unknown\1-30226-A-02.wav,al_emadi,1-30226-A-02,0.97525,0.07857966064542768,4.555555820465088,0.008568462257420422,0.09052604434241573,0.0003031911182915792,-0.05500718019902706,0.06329232454299927,0.006528865331337828,5.702507019042969,0.0005241171796613696,0.026205185710923274,0.0004640999250113964,-0.021587777882814407,0.019321933388710022,0.10346955263490787,6.866481781005859,0.0015670585978011405,0.07410175807378648,0.0002550205681473017,-0.043895010650157926,0.04392818212509158,0.6576504433561733,7.580314636230469,0.0012512979796104264,0.1323938746064664,0.00017099810065701604,-0.0510130766779184,0.049552037939429264,0.15150182414944924,8.404265403747559,-3.3683709925262468e-06,0.04498661273201359,4.348345100879669e-06,-0.015441420488059517,0.015212065167725096,0.0022696538827040847,9.415287971496582,1.623790684237559e-05,0.003895451736189679,3.7005147532909177e-06,-0.0015806653536856174,0.0016073114820756018
F:\Seminario\Seminario-Clustering\datasets\davi\Al Emadi (2019)\Multiclass_Drone_Audio\unknown\3-145487-A-242.wav,Multiclass_Drone_Audio\unknown\3-145487-A-242.wav,al_emadi,3-145487-A-242,0.97525,0.0,-0.0,0.0,0.0,0.0,0.0,0.0,0.0,-0.0,0.0,0.0,0.0,0.0,0.0,0.0,-0.0,0.0,0.0,0.0,0.0,0.0,0.0,-0.0,0.0,0.0,0.0,0.0,0.0,0.0,-0.0,0.0,0.0,0.0,0.0,0.0,0.0,-0.0,0.0,0.0,0.0,0.0,0.0
F:\Seminario\Seminario-Clustering\datasets\davi\Al Emadi (2019)\Multiclass_Drone_Audio\unknown\2-32515-A-40.wav,Multiclass_Drone_Audio\unknown\2-32515-A-40.wav,al_emadi,2-32515-A-40,1.0216875,0.0031475321216824937,7.857240676879883,0.000781211297995427,0.051511528571668866,0.0011946357553824782,-0.06407241225242614,0.06183792427182197,0.00015965527096386902,7.552342891693115,-0.0009652602254210743,0.011562528834704332,-0.0001729601644910872,-0.01517774686217308,0.0123518330976367,0.030727394388501333,7.334192752838135,-0.0003188672652894753,0.11426035159740795,-0.00046804433804936707,-0.10067382082343102,0.10526063069701196,0.33227119289538726,8.392791748046875,-0.003635452424419482,0.2662416582797643,-0.00032231316436082125,-0.2115509808063507,0.20574942231178284,0.6177841170828682,9.49583625793457,-0.00024478648629600356,0.25701015670402105,0.0002868616138584912,-0.2256588906049728,0.21254683136940009,0.015910108240596937,10.578422546386719,3.3060317058223174e-05,0.029178685413829182,-2.5495719455648214e-05,-0.025918404944241042,0.027077072672545915
F:\Seminario\Seminario-Clustering\datasets\davi\Al Emadi (2019)\Multiclass_Drone_Audio\unknown\2-60794-A-260.wav,Multiclass_Drone_Audio\unknown\2-60794-A-260.wav,al_emadi,2-60794-A-260,1.0216875,0.010516408793583973,6.597189903259277,0.008788760973549734,0.12104363969765522,0.0010678693652153015,-0.11376923918724059,0.12273572683334348,0.05809692538768394,7.819616794586182,-0.0036287035776018696,0.2852275239269685,0.0010894627775996923,-0.3469368934631348,0.37582337260246274,0.6644791102136449,8.820865631103516,-0.006324400982448777,0.6847582107920345,-0.010671063791960478,-0.8423112034797668,0.8977638363838197,0.23044666048929743,9.750429153442383,-0.0016804188451316955,0.28577785649564796,-0.003484683111310005,-0.35192787647247314,0.35331428050994873,0.03152491377401707,10.690462112426758,-7.253419343362096e-05,0.07482377221572904,0.0007850173860788345,-0.08911499977111817,0.08889817595481875,0.004935981341772711,11.80729866027832,2.2563314099665325e-05,0.020945785906417054,0.00010145222768187523,-0.02644115779548883,0.026361879333853724
F:\Seminario\Seminario-Clustering\datasets\davi\Al Emadi (2019)\Multiclass_Drone_Audio\membo_1\Membo_1_044-membo_002_.wav,Multiclass_Drone_Audio\membo_1\Membo_1_044-membo_002_.wav,al_emadi,Membo_1_044-membo_002,1.024,0.6172605066711343,8.418510437011719,0.0015217950643720821,0.12106476565685442,0.0009735623607411981,-0.16008250713348388,0.1684138372540474,0.008753484696324716,7.939356803894043,0.00015287269975837822,0.01441729884264491,0.0007231141207739711,-0.018454825319349766,0.019030077382922173,0.05974689662840962,9.076616287231445,-0.00011196794495013156,0.026738283910434677,-0.000544556271051988,-0.03417592793703079,0.03615814000368118,0.07320913144034492,9.894453048706055,0.000261561539468249,0.020973090811626897,0.00045719777699559927,-0.02691793777048588,0.02745019793510437,0.09926324486507067,10.953804969787598,0.0003965436957654739,0.017282303079630256,0.0007621131662745029,-0.021891363337635993,0.022330258041620265,0.1417667356987158,11.855254173278809,-4.146883121020921e-06,0.014615231173638573,-1.2181408237665892e-05,-0.018113375641405582,0.018442301079630852
F:\Seminario\Seminario-Clustering\datasets\davi\Al Emadi (2019)\Multiclass_Drone_Audio\unknown\doing_the_dishes007.wav,Multiclass_Drone_Audio\unknown\doing_the_dishes007.wav,al_emadi,doing_the,4.992,0.030658931783220485,9.231584548950195,0.00017148772861163978,0.0617944846990909,-8.140429417835549e-05,-0.06677813902497291,0.06378726586699511,0.03522419223940368,9.141525268554688,-0.00024322247010129974,0.06623544880783915,-0.0001733158715069294,-0.06836896389722824,0.06559919342398647,0.09701419812327879,10.07088851928711,0.0013354125905840192,0.07777834193271582,0.0005037144874222577,-0.07361216843128204,0.07647378072142609,0.0986424931382082,10.718404769897461,-0.00020504030306478326,0.05548998759034238,0.00018956325948238373,-0.05009739473462105,0.048627592623233795,0.18932214014190757,11.055261611938477,0.001321845036547568,0.05435378925465847,0.00029139232356101274,-0.03249796964228152,0.03654573783278466,0.5491380445739813,11.825599670410156,-0.00025240228345818123,0.06548224225820891,-6.167330866446719e-05,-0.03905760385096073,0.03677556850016115
F:\Seminario\Seminario-Clustering\datasets\davi\Al Emadi (2019)\Multiclass_Drone_Audio\unknown\1-75189-A-71.wav,Multiclass_Drone_Audio\unknown\1-75189-A-71.wav,al_emadi,1-75189-A-71,1.0216875,0.2346120408777204,4.793018341064453,-0.01422995049932609,0.24208794667448652,0.0028344853781163692,-0.13669024407863614,0.1263442724943161,0.44513293106881785,5.223531723022461,-0.00085106134149542,0.33403383684647253,0.002383026061579585,-0.2285263210535049,0.2565231680870056,0.22223519634174863,7.300825119018555,-0.0008435409052695319,0.16753786627107467,-0.002878303756006062,-0.16008486449718476,0.1514622211456299,0.06724463323909134,8.817377090454102,-0.001406610198455183,0.06529439593968189,-0.0001833976712077856,-0.0696965754032135,0.0634329542517662,0.023177407771670006,9.417731285095215,0.0004076877256428219,0.027138962565536277,-0.00013631058391183615,-0.02405366152524948,0.025841902568936363,0.007597790700951766,11.031646728515625,-4.1866559164452705e-05,0.010993795638197376,-6.0964885051362216e-05,-0.011281030997633935,0.011258956138044597
F:\Seminario\Seminario-Clustering\datasets\davi\Al Emadi (2019)\Multiclass_Drone_Audio\unknown\3-103597-A-251.wav,Multiclass_Drone_Audio\unknown\3-103597-A-251.wav,al_emadi,3-103597-A-251,1.0216875,0.6007586452542251,7.974555015563965,-0.003972562153102302,0.15032579335458982,0.0049677095375955105,-0.1851304531097412,0.18641875088214874,0.07907906190306369,7.223537445068359,-0.0017565947718225664,0.05453064204953627,-0.0004902470391243696,-0.06331968009471893,0.05618566796183585,0.07751092582385068,8.875024795532227,0.0006253209596305398,0.03833750422761562,0.0005841838428750634,-0.049383250251412394,0.04890292212367059,0.08665630041705744,9.895553588867188,0.0007700393761106929,0.028719703118338453,0.0008919463725760579,-0.0358421690762043,0.03694703057408333,0.08203700295168649,10.810155868530273,-0.0001809683892803495,0.019787212247905247,-0.00047577719669789076,-0.02425645850598812,0.024514522403478622,0.07395806365011667,11.745607376098633,0.00010594361674954497,0.01329150605536441,0.00032089868909679353,-0.01616959534585476,0.016072746738791468
F:\Seminario\Seminario-Clustering\datasets\davi\Al Emadi (2019)\Multiclass_Drone_Audio\unknown\1-73123-A-264.wav,Multiclass_Drone_Audio\unknown\1-73123-A-264.wav,al_emadi,1-73123-A-264,0.95975,0.03039954745144256,5.957620620727539,0.00010460084783263765,0.025108644420884698,-0.00023406256514135748,-0.019971453957259654,0.014447507355362177,0.02928921604858997,5.204892158508301,-0.0009676706091176741,0.024627047201228342,-0.00018296396592631936,-0.010759141575545073,0.009854842722415925,0.35630868913277913,4.969762802124023,-0.0014126688636966825,0.06101864868963648,-0.00019119586067972705,-0.022067894227802753,0.02180358208715916,0.26875007707792276,6.779666900634766,-0.0003945866738146376,0.037567551238062755,9.650587162468582e-05,-0.014774758368730543,0.0164934802800417,0.27331007471555435,7.179062366485596,-0.00046895543025741337,0.02681740075520165,-0.0001501758088124916,-0.007577679120004176,0.007152043282985685,0.04194239557371128,8.468929290771484,-1.9939439329248443e-05,0.007433464921700884,-2.7280792892270256e-05,-0.003366521093994379,0.003210674738511446
F:\Seminario\Seminario-Clustering\datasets\davi\Al Emadi (2019)\Multiclass_Drone_Audio\membo_1\mixed_membo_21-membo_001_.wav,Multiclass_Drone_Audio\membo_1\mixed_membo_21-membo_001_.wav,al_emadi,mixed_membo_21-membo_001,1.024,0.004489491258433772,7.8329057693481445,-0.0002466592216268719,0.103269233950997,0.0038094106130301952,-0.1164267249405384,0.12184293270111084,0.006135208866570673,7.381082534790039,0.0010053421249792266,0.12071833487789807,0.0040370686911046505,-0.1410278871655464,0.1250004008412362,0.00468384894913256,8.734127044677734,-7.74627578509755e-05,0.07487496950338014,-0.0023294102866202593,-0.09404059723019599,0.09186615273356438,0.18015236857768568,9.341913223266602,0.0010006597005861864,0.3290692895589727,0.0011034845374524593,-0.48170268535614014,0.4983564674854281,0.7392459726624976,10.440532684326172,0.00013453037670688287,0.4718152066945062,-0.0012526633217930794,-0.7286807060241698,0.7297989547252658,0.06529310968567975,10.957508087158203,0.00013221206006735985,0.099199068730993,-2.4421955458819866e-05,-0.10230090469121933,0.1005420982837677
F:\Seminario\Seminario-Clustering\datasets\davi\Al Emadi (2019)\Multiclass_Drone_Audio\unknown\2-105270-A-472.wav,Multiclass_Drone_Audio\unknown\2-105270-A-472.wav,al_emadi,2-105270-A-472,0.97525,0.9323327071346678,8.24130630493164,0.0005104982206361338,0.07736845690257031,-0.0016732177464291453,-0.09536626189947128,0.10513030737638474,0.05161960874228419,7.73586368560791,-0.00014658781513008439,0.018204602213667678,3.0879920814186335e-05,-0.02192258182913065,0.023113741539418697,0.012236443228762602,8.87503433227539,-5.0120822722798106e-05,0.00629601661035588,-0.00018649794219527394,-0.008015061356127262,0.007808939181268216,0.002895278458559769,9.836784362792969,-2.3346354160065437e-05,0.002169913619877012,1.7651254893280566e-06,-0.0027972250711172817,0.0026980408001691103,0.0005625232665824799,10.82875919342041,-8.557550539322558e-06,0.0006770841183201865,-3.948429366573691e-06,-0.0008595874533057213,0.0008421146427281201,0.0003534391691432373,11.876435279846191,4.931928861228149e-07,0.0003797270041008014,2.0978477550670505e-06,-0.0004868636606261134,0.00048662530025467277
F:\Seminario\Seminario-Clustering\datasets\davi\Al Emadi (2019)\Multiclass_Drone_Audio\unknown\3-62878-A-420.wav,Multiclass_Drone_Audio\unknown\3-62878-A-420.wav,al_emadi,3-62878-A-420,1.0216875,0.002023765753199672,6.257746696472168,0.00240278528136989,0.12588736326210395,0.0010559000074863434,-0.11785470694303511,0.11584061831235885,0.04717177660257094,7.229843616485596,-0.00125249460088771,0.6078848138086721,-0.00025524653028696775,-0.6952401161193847,0.6420238494873045,0.8014597902887184,9.254075050354004,0.0032572298991105078,1.7786327929254888,-0.06486282125115395,-2.3624940156936645,2.488912057876587,0.12964814833428515,9.81731128692627,-0.0016623543698462348,0.5069472275959712,-0.03237046301364899,-0.592991054058075,0.6654949188232422,0.01789741837482783,10.811010360717773,-0.0015560966667680731,0.1333243616175038,-0.007808251306414604,-0.1651064872741699,0.17224496304988862,0.0017991006463980593,11.737367630004883,3.144547868276087e-05,0.029906715748852366,0.000255623075645417,-0.03691469505429268,0.03575529418885708
F:\Seminario\Seminario-Clustering\datasets\davi\Al Emadi (2019)\Multiclass_Drone_Audio\unknown\1-72695-A-264.wav,Multiclass_Drone_Audio\unknown\1-72695-A-264.wav,al_emadi,1-72695-A-264,0.95975,0.913431940359421,7.950264930725098,-8.705486938883131e-05,0.0049019228856952415,0.0003270091110607609,-0.006753328489139675,0.005935605056583883,0.0025332047697436493,7.937729835510254,-1.587518901297684e-05,0.00025769707411752677,-2.075028714898508e-05,-0.00034775623062159865,0.0003224741405574605,0.005795253239348347,8.049446105957031,-9.000330650477667e-06,0.0002771254410820213,-1.3210965335019864e-05,-0.00030285803077276794,0.0002950570866232741,0.028571083706264808,7.068603992462158,-7.703948595364455e-06,0.00043627625191701896,1.0320511137251742e-05,-0.00035208632471039886,0.0003386247903108597,0.02895893730100408,9.696405410766602,3.7840570553951443e-06,0.0003109694706760218,8.901712135411799e-06,-0.0003293391957413405,0.0003251480811741203,0.02070958062421809,11.656726837158203,3.6358568376779116e-07,0.0001860606070527271,-1.206021352118114e-06,-0.00022742604924133047,0.00023104290012270217
F:\Seminario\Seminario-Clustering\datasets\davi\Al Emadi (2019)\Multiclass_Drone_Audio\bebop_1\B_S2_D1_076-bebop_002_.wav,Multiclass_Drone_Audio\bebop_1\B_S2_D1_076-bebop_002_.wav,al_emadi,B_S2_D1_076-bebop_002,1.024,0.3813260933277783,7.086604595184326,0.005416036505574504,0.23101060800084078,-0.0016166704008355737,-0.22595581859350206,0.2370444744825365,0.05561908496084681,8.110075950622559,-0.00010951173305959227,0.08824997288065063,-8.974829688668251e-05,-0.11773645803332329,0.1132252119481564,0.03565150367615752,9.008620262145996,0.000572932335749348,0.05015051460624571,0.0006691004382446408,-0.06531386151909828,0.06562787890434264,0.12138154464594963,9.862655639648438,-0.0002529703780845569,0.06558006376294427,0.0012573483400046825,-0.08577670454978943,0.08289655148983002,0.2333277299740805,10.933375358581543,0.0005394068452527225,0.0643538819554382,-2.9040355002507567e-05,-0.08148789629340171,0.08239694088697434,0.17269404341518724,11.95215129852295,-0.0002374564447373477,0.03916827024645864,1.5517056453973055e-05,-0.05042797327041626,0.049730636179447174
F:\Seminario\Seminario-Clustering\datasets\davi\Al Emadi (2019)\Multiclass_Drone_Audio\unknown\2-128631-A-213.wav,Multiclass_Drone_Audio\unknown\2-128631-A-213.wav,al_emadi,2-128631-A-213,1.0216875,0.0,-0.0,0.0,0.0,0.0,0.0,0.0,0.0,-0.0,0.0,0.0,0.0,0.0,0.0,0.0,-0.0,0.0,0.0,0.0,0.0,0.0,0.0,-0.0,0.0,0.0,0.0,0.0,0.0,0.0,-0.0,0.0,0.0,0.0,0.0,0.0,0.0,-0.0,0.0,0.0,0.0,0.0,0.0
F:\Seminario\Seminario-Clustering\datasets\davi\Al Emadi (2019)\Multiclass_Drone_Audio\unknown\1-85362-A-02.wav,Multiclass_Drone_Audio\unknown\1-85362-A-02.wav,al_emadi,1-85362-A-02,0.97525,0.0010296453715240895,5.994613170623779,0.00035519536931272546,0.014016611361063282,-0.0003606492537073791,-0.011136571876704693,0.01119741564616561,0.12057746220548483,5.719607830047607,0.0003558156879021666,0.1517296611802106,6.48276400170289e-05,-0.09549134597182274,0.08863547444343567,0.6811796396189637,6.990930557250977,-0.004927703525345304,0.2561256830197433,-0.00020849623251706362,-0.1923757791519165,0.18222240507602702,0.17959855247209683,7.908881187438965,0.0005404862521311745,0.09320028012116695,-0.00012832677020924166,-0.06670745238661765,0.06318152025341985,0.017092781644559914,8.593507766723633,5.858640790741358e-06,0.020354670559691194,-5.6454315199516714e-05,-0.01130446158349514,0.0115508409217,0.0005219186873706505,9.507089614868164,1.3181854580778387e-05,0.0025162895883947007,3.8911530282348394e-06,-0.0014368073316290975,0.0014228372601792216
F:\Seminario\Seminario-Clustering\datasets\davi\Al Emadi (2019)\Multiclass_Drone_Audio\unknown\4-143118-B-74.wav,Multiclass_Drone_Audio\unknown\4-143118-B-74.wav,al_emadi,4-143118-B-74,0.95975,0.8806965845541948,6.89845085144043,0.0009019018361868802,0.24458437129096838,0.007780799409374595,-0.2568006098270416,0.24190658777952204,0.0925358104130696,7.21260404586792,-0.0008599385901852358,0.07927712089983742,-0.002216639928519726,-0.08972981572151184,0.08673328086733821,0.01889725974960681,8.646512985229492,-0.00046837667668873754,0.025434106833919567,-0.0007392780389636755,-0.03183140270411968,0.032227879762649556,0.0066936315878627995,9.704371452331543,4.318433054351458e-05,0.010730375631864044,-0.00011712999548763037,-0.013242193870246409,0.013819056376814848,0.0010012117698798343,10.648893356323242,-2.9348704376131094e-06,0.0029379404396571765,3.000674769282341e-05,-0.0036595875862985845,0.003480007266625762,0.00017550192538617134,11.713394165039062,-4.750743435113358e-06,0.0008702133347586536,2.595394107629545e-06,-0.0011046750005334616,0.0010719920508563518
F:\Seminario\Seminario-Clustering\datasets\davi\Al Emadi (2019)\Multiclass_Drone_Audio\bebop_1\mixed_13-bebop_001_.wav,Multiclass_Drone_Audio\bebop_1\mixed_13-bebop_001_.wav,al_emadi,mixed_13-bebop_001,1.024,0.4897915352523527,7.286678314208984,0.0011166613177360537,0.1707468835444118,-0.0009190194250550121,-0.18490460216999052,0.17942600846290593,0.06296751766857112,7.932228088378906,-0.001295353066738104,0.06120931053601152,0.0002755459281615913,-0.0821815364062786,0.07803949117660523,0.030640589075646624,8.958301544189453,0.0002758510418766667,0.03031439053733324,-0.0005473142664413899,-0.038622981682419774,0.03903206400573253,0.09809783994178771,9.903324127197266,-0.0006261187312131608,0.03843477228104611,0.000918405712582171,-0.05059654712677002,0.04745006635785103,0.1942558556650871,10.898696899414062,0.0009068971411176609,0.038275906343932214,0.0005703421775251627,-0.04818501472473144,0.04930794350802899,0.12424666239655474,11.9663724899292,-0.00011147099306495061,0.02166175990447167,5.6910677812993526e-05,-0.02837805449962616,0.02725341822952032
F:\Seminario\Seminario-Clustering\datasets\davi\Al Emadi (2019)\Multiclass_Drone_Audio\unknown\4-213193-A-294.wav,Multiclass_Drone_Audio\unknown\4-213193-A-294.wav,al_emadi,4-213193-A-294,0.95975,0.2550473194138225,4.577786445617676,-0.00016366831506600267,0.021449639638881853,-0.000124218306154944,-0.0064013131428509945,0.00390695631504059,0.5720718954278132,4.0510993003845215,0.0008552537626031631,0.03211394186884817,-6.966419505261001e-06,-0.004951617633923888,0.005880271643400193,0.14720674939658096,5.279329776763916,1.4431688987738086e-05,0.011570657123460325,-6.4708833633631e-06,-0.0030232868855819103,0.0028049458283931077,0.018511920912591844,6.901462554931641,1.5635865415059229e-07,0.002908151749213137,-1.3562732874561334e-06,-0.001256515062414109,0.0012399561237543824,0.003939355833169345,7.925561428070068,-1.3439739820629991e-05,0.0009496271284762637,-1.7476213542977348e-06,-0.0004415585368406027,0.00042645048815757034,0.0032227590160221176,6.239567756652832,1.3531737061446813e-07,0.0006077275802881397,3.0554869567822607e-07,-0.00011106986203230917,0.00011254593191551978
F:\Seminario\Seminario-Clustering\datasets\davi\Al Emadi (2019)\Multiclass_Drone_Audio\unknown\2-72688-A-422.wav,Multiclass_Drone_Audio\unknown\2-72688-A-422.wav,al_emadi,2-72688-A-422,0.97525,0.03239288590536907,5.425885200500488,0.09507302839436658,0.23938480009449878,0.12674502283334732,0.030979031696915627,0.2117322012782097,0.45702246528151774,8.015823364257812,-0.0022741477737473624,0.967483221536231,-0.004829013720154762,-1.1551957726478577,1.1355860829353333,0.3746069588320828,9.0548095703125,-0.003871346353472704,0.6221848752724884,0.02439458668231964,-0.8204883098602295,0.8425999522209179,0.07269051604231516,9.941591262817383,0.0002862972612145516,0.19419980017234012,-0.017233402468264103,-0.23435902297496794,0.2747542440891266,0.05678440771322079,10.69841194152832,-0.00028456793588497716,0.12150897598728458,-0.004518080968409777,-0.1527069479227066,0.14730179011821748,0.00650276622549451,11.468815803527832,-8.94237442797896e-05,0.029090384475890463,-6.020255386829376e-05,-0.03401669301092625,0.03365435265004635
F:\Seminario\Seminario-Clustering\datasets\davi\Al Emadi (2019)\Multiclass_Drone_Audio\unknown\2-78781-A-473.wav,Multiclass_Drone_Audio\unknown\2-78781-A-473.wav,al_emadi,2-78781-A-473,1.0216875,0.32833952573742897,7.931825637817383,0.002332645279547354,0.21667428112833942,-0.014931358397006989,-0.25031184554100033,0.2959754228591919,0.33052267905489696,7.658300399780273,-0.0061396107706555335,0.21731931621612752,-0.00173831800930202,-0.27231669425964355,0.2488746881484985,0.20031502062526824,8.606287002563477,-0.007255000938283894,0.11992216395470662,-0.008013936690986156,-0.14761282950639723,0.13277199417352675,0.12831034528606935,9.705467224121094,-0.0014748475908268623,0.06812411598641385,-0.0024091843515634537,-0.08241961896419525,0.08248920738697052,0.011724068984043521,10.757577896118164,6.2539387364513875e-06,0.01458051525107946,6.547314114868641e-05,-0.017589340358972548,0.017580595985054976,0.0007883603122929526,11.608263969421387,-8.634710305807311e-07,0.0026748129411852243,2.1476298570632935e-06,-0.003148229233920574,0.003134923148900271
F:\Seminario\Seminario-Clustering\datasets\davi\Al Emadi (2019)\Multiclass_Drone_Audio\unknown\2-87799-A-241.wav,Multiclass_Drone_Audio\unknown\2-87799-A-241.wav,al_emadi,2-87799-A-241,1.0216875,0.02113677812693941,6.8479533195495605,-0.02353863351152239,0.2892522056443048,-0.0059195468202233315,-0.32020301222801206,0.25335665941238394,0.11314985463131147,6.822505474090576,-0.0001375008605657009,0.6714560009139812,-2.8821727028116584e-05,-0.7396543264389037,0.6584611177444458,0.5898665963834286,7.8699212074279785,-0.04264282338093641,1.0874239100188392,-0.00045448620221577585,-1.2712734818458555,0.9821387410163883,0.16478164887339358,8.909481048583984,0.002569215794171078,0.40760283572678246,-0.00013603642582893372,-0.43456000089645386,0.4311513602733612,0.0991293226091383,9.673120498657227,-0.0019428401891038428,0.22378866719695276,4.398053351906128e-05,-0.21998803615570067,0.20840573310852054,0.01193579937578863,10.432012557983398,-0.00011822180060079186,0.05493832826627228,8.027611329453066e-06,-0.04943886026740074,0.04845985397696495
F:\Seminario\Seminario-Clustering\datasets\davi\Al Emadi (2019)\Multiclass_Drone_Audio\unknown\5-221878-A-343.wav,Multiclass_Drone_Audio\unknown\5-221878-A-343.wav,al_emadi,5-221878-A-343,1.0216875,0.9938475567507313,6.6775665283203125,0.00011443740847528494,0.09239860145497748,0.0007093248423188925,-0.08970397114753723,0.07108608335256575,0.0025494314862329016,7.7716217041015625,0.0001690054967221733,0.004676749649158573,8.087995229288936e-05,-0.005554119776934385,0.00595558974891901,0.0016656242929045462,8.928619384765625,-3.4376016008059e-05,0.0026848735921920276,0.0,-0.003386842273175716,0.003426397778093815,0.001362842638207886,9.855718612670898,-9.031540457777905e-06,0.001721169272092384,0.0,-0.0023044541012495756,0.0021419927943497896,0.0003089255236226791,10.731518745422363,-1.4245342361965317e-05,0.0005799152753246552,-6.583024514839053e-06,-0.0007082396536134183,0.0007175446720793843,0.00026561930830070943,9.77578353881836,1.2876720594181318e-06,0.0003805338525526276,0.0,-0.00033942380978260186,0.00034231878235004844
F:\Seminario\Seminario-Clustering\datasets\davi\Al Emadi (2019)\Multiclass_Drone_Audio\unknown\2-102581-B-290.wav,Multiclass_Drone_Audio\unknown\2-102581-B-290.wav,al_emadi,2-102581-B-290,1.0216875,0.09882769862988346,4.916364669799805,-0.0002150065630838565,0.13007894125354597,0.0,-0.04624765664339065,0.03034083694219588,0.7081125572081177,4.021796226501465,-0.0020978392546939346,0.34818616813532494,0.0,-0.03079461008310316,0.01738388761878007,0.15328927310505702,5.896088600158691,-0.0006776020104582912,0.11499570715989439,0.0,-0.022110329568386072,0.01883834376931191,0.0390538644813671,4.8994550704956055,-3.949305731786153e-05,0.041133997038617365,0.0,-0.005593137815594673,0.005958462134003639,0.0007070347788907872,6.180327415466309,1.5347232820291444e-06,0.00391788234218093,0.0,-0.0008035521954298019,0.0007125044125132289,9.571796683919714e-06,10.886043548583984,1.008201018771287e-08,0.0003224965730016252,0.0,-0.0003277865354903042,0.00032713172840885817
F:\Seminario\Seminario-Clustering\datasets\davi\Al Emadi (2019)\Multiclass_Drone_Audio\unknown\4-234879-A-63.wav,Multiclass_Drone_Audio\unknown\4-234879-A-63.wav,al_emadi,4-234879-A-63,1.0216875,0.046478472669692836,7.814779281616211,0.0008604088181881898,0.03225376052580646,0.001715028309263289,-0.04008010625839233,0.04127553179860115,0.04596058742629899,7.492386817932129,-0.0010155800518917139,0.0320688956190642,0.0004819480236619711,-0.03842494189739227,0.03544497042894363,0.5580385674774201,5.935641288757324,-0.0006409079288362777,0.07935821607352875,-0.001252290210686624,-0.040046578645706175,0.03875668458640576,0.31455717170934105,7.144484043121338,1.87505471000145e-05,0.04222401016881925,-5.751484422944486e-05,-0.023035917431116104,0.02396959252655506,0.032171797964526384,8.610428810119629,-5.141854968644185e-05,0.00955879367326888,1.6692589269950986e-05,-0.005981184728443622,0.005781557131558659,0.0027934027527206323,11.387258529663086,1.5743230247613937e-06,0.0019926712191604694,-4.940140570397489e-06,-0.00225751013495028,0.0022643855772912507
F:\Seminario\Seminario-Clustering\datasets\davi\Al Emadi (2019)\Multiclass_Drone_Audio\unknown\1-19501-A-74.wav,Multiclass_Drone_Audio\unknown\1-19501-A-74.wav,al_emadi,1-19501-A-74,0.95975,0.0,-0.0,0.0,0.0,0.0,0.0,0.0,0.0,-0.0,0.0,0.0,0.0,0.0,0.0,0.0,-0.0,0.0,0.0,0.0,0.0,0.0,0.0,-0.0,0.0,0.0,0.0,0.0,0.0,0.0,-0.0,0.0,0.0,0.0,0.0,0.0,0.0,-0.0,0.0,0.0,0.0,0.0,0.0
F:\Seminario\Seminario-Clustering\datasets\davi\Al Emadi (2019)\Multiclass_Drone_Audio\unknown\2-39441-A-191.wav,Multiclass_Drone_Audio\unknown\2-39441-A-191.wav,al_emadi,2-39441-A-191,1.0216875,0.6492100078242063,7.6312031745910645,0.0174832847738739,0.23676218427284537,0.02189839631319046,-0.24419398307800289,0.2885334074497222,0.2321043881233376,7.622433185577393,0.0030577236210913013,0.1419193032511455,-0.000563744455575943,-0.16377753019332886,0.1728480041027069,0.10706654011688614,8.296829223632812,0.0010123797261169705,0.06842975737563645,0.000849148869747296,-0.0754630871117115,0.07757121771574021,0.011039107486859951,9.372915267944336,0.00010329465401979406,0.015572518262007624,4.978012293577194e-05,-0.017137672752141953,0.016983892768621445,0.0004890988708090397,8.285299301147461,-4.433840170741175e-05,0.0023199703174962855,5.7085417211055756e-06,-0.0021065066102892156,0.0020751570817083126,9.085757790088375e-05,8.888910293579102,4.230850719973748e-06,0.0007075115208529692,2.82912515103817e-06,-0.000648099189857021,0.0006703063903842121
F:\Seminario\Seminario-Clustering\datasets\davi\Al Emadi (2019)\Multiclass_Drone_Audio\unknown\5-197121-B-450.wav,Multiclass_Drone_Audio\unknown\5-197121-B-450.wav,al_emadi,5-197121-B-450,1.0216875,0.1642033748960602,7.648818016052246,-0.002600303112200833,0.05533632345730887,-0.001113750971853733,-0.06866222769021987,0.06376800835132598,0.2342897947236443,7.588438034057617,-0.0008413231486265291,0.06616675316990543,-0.0032188997138291597,-0.07524779587984085,0.07872060537338256,0.30411949206037553,8.716047286987305,-0.0004849773715815317,0.05351402193798919,-9.654527821112424e-05,-0.06529668346047401,0.06507532596588135,0.1898156987161184,9.684057235717773,-9.630983111750323e-05,0.029961454692699424,-9.052560199052095e-05,-0.035913750529289246,0.035566117614507675,0.07662139535734293,10.717350006103516,0.00013049998810177934,0.013474595058384966,1.9492697902023792e-05,-0.016174760460853577,0.016584651172161107,0.030950244246458654,11.655471801757812,1.5237404578444888e-05,0.006058833564123817,6.949770613573492e-05,-0.007260684669017792,0.007324243569746614
F:\Seminario\Seminario-Clustering\datasets\davi\Al Emadi (2019)\Multiclass_Drone_Audio\unknown\2-122067-A-450.wav,Multiclass_Drone_Audio\unknown\2-122067-A-450.wav,al_emadi,2-122067-A-450,1.0216875,0.6655793834176197,7.767064571380615,0.016975761908922984,1.0543253868730562,0.04017578065395355,-1.3513566493988036,1.2812681674957276,0.12272320128329187,7.764777183532715,0.00652364274013163,0.4527404327231699,-0.000623021274805069,-0.5230686902999877,0.5629392743110656,0.12111744093637118,8.933659553527832,-0.003053851328446593,0.3192857604817042,0.007501078769564629,-0.4171943724155426,0.40627928972244265,0.04099190736849525,9.864953994750977,0.00018477548667112105,0.1316377620549082,-0.004978740122169256,-0.1612936407327652,0.1643558144569397,0.038215454259799,10.77941608428955,-0.0008986774217395393,0.08996874376924645,-0.002135700546205044,-0.11401097774505616,0.11180261075496674,0.011372612734423025,11.877673149108887,4.7608507851514635e-05,0.03472328707715195,0.00043405046744737774,-0.04367550238966941,0.0442450262606144
F:\Seminario\Seminario-Clustering\datasets\davi\Al Emadi (2019)\Multiclass_Drone_Audio\unknown\3-107123-A-262.wav,Multiclass_Drone_Audio\unknown\3-107123-A-262.wav,al_emadi,3-107123-A-262,0.97525,0.12449946413205992,2.3744051456451416,0.012565320418675143,0.15263316036197258,0.00018621248455019668,-0.03223889879882336,0.036161014810204506,0.027548189949018958,5.777132034301758,-0.0011000907882795041,0.07203236850544517,-0.000263337031356059,-0.05247966945171356,0.055548831820487976,0.6045155647826249,7.218682289123535,-0.0011544850546271433,0.2397146650088767,0.001469931798055768,-0.21286025047302246,0.20907654166221637,0.18177931175695713,8.080548286437988,0.0009567926204208403,0.09313557560691438,0.000507691438542679,-0.0788044013082981,0.08187309876084325,0.05569362374167669,9.413274765014648,-0.0001720549820742906,0.03649630157165208,-1.148962473962456e-05,-0.032607557624578475,0.03198444694280624,0.0059638456376624365,10.141392707824707,1.0024434563047914e-05,0.00844931035739379,-3.918385482393205e-05,-0.0066731886472553015,0.0061833898071199656
F:\Seminario\Seminario-Clustering\datasets\davi\Al Emadi (2019)\Multiclass_Drone_Audio\unknown\3-151080-A-204.wav,Multiclass_Drone_Audio\unknown\3-151080-A-204.wav,al_emadi,3-151080-A-204,0.95975,0.002510796350715508,6.328218936920166,-0.0014273327575717646,0.02623847065316705,-0.0007946146070025861,-0.02241143118590116,0.020393512025475506,0.005654848094667633,6.861809730529785,-0.0016625642143615134,0.039400214171228604,-0.0002664838684722781,-0.04538023807108402,0.042419501394033436,0.13387464094837487,7.6930341720581055,-0.0016284572472053966,0.13622749353673932,-8.39087697386276e-05,-0.1381052181124687,0.13409522622823733,0.3702993441243297,8.53019905090332,0.0001571792175778337,0.16059045263835467,-1.2697772035608068e-05,-0.15626229047775267,0.15714952051639566,0.25467971069557643,9.056928634643555,0.0009481698875888954,0.09427822085869078,-2.597469574538991e-06,-0.07299488335847854,0.08161991238594055,0.2329806597863359,9.276567459106445,7.071410691203596e-05,0.06379796637800735,-3.2548268791288137e-06,-0.03458909094333649,0.03609387129545215
F:\Seminario\Seminario-Clustering\datasets\davi\Al Emadi (2019)\Multiclass_Drone_Audio\unknown\4-172736-A-362.wav,Multiclass_Drone_Audio\unknown\4-172736-A-362.wav,al_emadi,4-172736-A-362,0.97525,0.0537636334539373,7.598873138427734,0.00674391392268233,0.22415751106966095,0.0001481546787545085,-0.2833397835493088,0.2671813368797302,0.12276239034482758,7.989911079406738,0.00960956893804025,0.3387376151347597,0.016465259715914726,-0.4169318825006485,0.46904177963733673,0.3257725706287207,8.76614761352539,0.00023086517440517066,0.3921269738353852,0.0046388693153858185,-0.4847459256649017,0.495119428634644,0.258114692518004,9.720512390136719,-0.0009845146545246091,0.24731067790914196,0.0029039657674729824,-0.31008458137512207,0.3035405486822128,0.1949920642459579,10.76319694519043,-0.0004897337232235822,0.15217061431545115,-0.0007487048860639334,-0.19168656170368195,0.1950956642627716,0.044594648808552434,11.723413467407227,0.00015673745743630398,0.051483891640439275,2.4841981939971447e-05,-0.06325119733810425,0.06449633464217186
F:\Seminario\Seminario-Clustering\datasets\davi\Al Emadi (2019)\Multiclass_Drone_Audio\unknown\3-128512-B-472.wav,Multiclass_Drone_Audio\unknown\3-128512-B-472.wav,al_emadi,3-128512-B-472,0.97525,0.9687398656725904,7.830319881439209,-0.0018262613748741005,1.1152537586443856,0.0607621930539608,-1.4781535267829895,1.3714115023612976,0.01698520754985664,7.973613739013672,0.0028820735333870435,0.14764658587258012,0.002425658516585827,-0.19119681417942047,0.19286581128835678,0.008508447696022147,8.891115188598633,-0.001947030812333265,0.07421822477903167,-0.002351393923163414,-0.09737536311149597,0.09190630167722703,0.0049461262348898275,9.844396591186523,0.00019277307985919367,0.04010816301359551,-0.0004085066029801965,-0.051606070250272744,0.05172108076512813,0.000774860775854578,10.796686172485352,3.363540634645913e-05,0.011238276997577188,9.22628678381443e-05,-0.014120746031403541,0.01408828292042017,4.549207078643883e-05,11.875638961791992,9.61066116101941e-07,0.0019264825185538223,3.30823240801692e-05,-0.002520713838748634,0.002433530753478408
F:\Seminario\Seminario-Clustering\datasets\davi\Al Emadi (2019)\Multiclass_Drone_Audio\unknown\4-160036-B-333.wav,Multiclass_Drone_Audio\unknown\4-160036-B-333.wav,al_emadi,4-160036-B-333,1.0216875,0.9494157750912879,7.817904949188232,-0.0025429464154383295,0.3053099523424966,0.0030300328508019447,-0.39806466102600097,0.3823434293270111,0.038102995292556015,6.876385688781738,-0.00020693633730051346,0.061165268091997335,-0.0007356019923463464,-0.06397303938865662,0.061086194962263106,0.011295210852103124,6.998494625091553,9.923522885904639e-05,0.023639387676405915,2.790766302496195e-07,-0.014651115704327821,0.016572751291096217,0.0010856666309757939,7.8899335861206055,2.5108521863776335e-05,0.005193640003913845,-4.4876825995743275e-05,-0.00297218537889421,0.0029475283809006214,9.861245484830657e-05,9.413814544677734,-2.191809286264578e-06,0.0011080405283972073,3.021792508661747e-06,-0.0009397623594850301,0.0009167241398245098,1.7396782287965623e-06,11.011526107788086,2.09189294760652e-08,0.00010411717847060968,1.5081604942679405e-07,-0.00010713887750171124,0.0001039886788930744
F:\Seminario\Seminario-Clustering\datasets\davi\Al Emadi (2019)\Multiclass_Drone_Audio\unknown\5-127990-A-20.wav,Multiclass_Drone_Audio\unknown\5-127990-A-20.wav,al_emadi,5-127990-A-20,1.0216875,0.09199587365487409,7.786158084869385,-0.0032436869350896324,0.22524934254036474,-0.004525018390268087,-0.26788468956947326,0.26805365681648247,0.3968087240182484,6.648193836212158,0.02141163795280247,0.4673687781099557,0.0037271487526595592,-0.4382755100727081,0.4823466181755065,0.2377234800204749,7.719625949859619,0.0048834664188777506,0.25700825222845636,-0.0033011415507644415,-0.2410999834537506,0.2353682652115823,0.1919999235718901,6.940996170043945,-0.0039932346810736714,0.1636614958644888,-0.00016044918447732925,-0.07128643244504929,0.0689559280872345,0.06294864831138214,8.371258735656738,-0.0010482861848094115,0.06634774516977994,-0.00038204804877750576,-0.036560396850109096,0.03133680745959282,0.018523350423130386,9.960092544555664,4.788211447279197e-05,0.02546498920656222,-4.364963388070464e-06,-0.01806767117232084,0.017888034880161288
F:\Seminario\Seminario-Clustering\datasets\davi\Al Emadi (2019)\Multiclass_Drone_Audio\unknown\5-234335-A-233.wav,Multiclass_Drone_Audio\unknown\5-234335-A-233.wav,al_emadi,5-234335-A-233,1.0216875,0.0790066205969813,7.137346267700195,-0.00031026166806597287,0.009962606371847402,-0.0005341355572454631,-0.008934615366160869,0.009991193935275077,0.022599592788528668,6.903156757354736,-2.242753489799497e-05,0.005330871138062741,-2.28384233196266e-05,-0.0058934462256729605,0.006122843362390995,0.0926221669518628,7.739201545715332,-6.359494662792183e-05,0.007660538517202622,-0.0001266240797122009,-0.0077394319232553235,0.007687368197366595,0.4097406945692149,8.729445457458496,9.387482621517358e-05,0.011418063155123436,4.851502671954222e-05,-0.011577009223401546,0.011423860676586628,0.2617610655771345,9.578426361083984,5.0207360909573246e-05,0.0064603186859144,-1.4632456441177055e-05,-0.006055620778352022,0.0065105553716421185,0.1342698595162778,10.459636688232422,-4.517220363330734e-06,0.0032734121629126546,-1.6381491150241345e-06,-0.003104591998271644,0.003049682499840856
F:\Seminario\Seminario-Clustering\datasets\davi\Al Emadi (2019)\Multiclass_Drone_Audio\unknown\4-194808-A-290.wav,Multiclass_Drone_Audio\unknown\4-194808-A-290.wav,al_emadi,4-194808-A-290,1.0216875,0.3067866724654493,4.572956085205078,0.0010200772363648108,0.3569607805147064,0.00394141860306263,-0.13005665242671965,0.1531620234251022,0.043638125730281634,5.891501426696777,0.0010063659075568187,0.1346247620763987,0.0004491893050726503,-0.09760209172964095,0.10887389779090881,0.14367957532132125,7.100622177124023,0.0020795032231194235,0.17339451950073334,0.0005407426215242594,-0.13060953468084335,0.1586667522788048,0.30657219221680065,7.9820733070373535,0.0007917133610581895,0.17950105930174057,7.058348273858428e-05,-0.13067328929901123,0.13182640075683594,0.1679839214315316,8.79897689819336,-0.0004951640186049072,0.09405777156824686,2.2469539544545114e-05,-0.05522114485502243,0.056941917538642965,0.031339512834615536,9.6570405960083,-3.831883588408174e-05,0.028741530292691275,1.101371890399605e-05,-0.015177990961819886,0.014997696503996856
F:\Seminario\Seminario-Clustering\datasets\davi\Al Emadi (2019)\Multiclass_Drone_Audio\unknown\3-97909-A-492.wav,Multiclass_Drone_Audio\unknown\3-97909-A-492.wav,al_emadi,3-97909-A-492,0.97525,0.2243669110084565,5.851689338684082,-0.025713323266040054,0.4381895888564052,-0.00030511723161907867,-0.3412637561559677,0.2965835630893707,0.18128804996354297,6.620035171508789,0.02308072068192433,0.3938849094409871,0.0030306095723062754,-0.2687882035970688,0.4007144123315811,0.18062852080726494,7.692851543426514,0.027487742067756425,0.2784067901638867,0.006892004050314426,-0.2277957707643509,0.2954981505870823,0.20321943640663187,8.677465438842773,-0.0005177019084116446,0.21025429644862412,0.0008676080033183098,-0.20642687678337096,0.19283384829759595,0.13551092294786873,9.974812507629395,0.0006367574761754726,0.1215428465089392,0.0004296363622415811,-0.13084482252597807,0.13153364956378938,0.07498615886623498,11.105518341064453,-0.00012914563414241474,0.06396543022764838,3.156994171149563e-05,-0.072157371789217,0.0723213367164135
F:\Seminario\Seminario-Clustering\datasets\davi\Al Emadi (2019)\Multiclass_Drone_Audio\unknown\3-203371-A-391.wav,Multiclass_Drone_Audio\unknown\3-203371-A-391.wav,al_emadi,3-203371-A-391,1.0216875,0.9279810200608319,5.684938430786133,-0.0012903590342288034,0.0437128628563735,0.0,-0.0003302751865703612,0.0,0.021013549107284604,4.198199272155762,0.0005336950833138945,0.006559120716213047,0.0,0.0,0.00013429193641059027,0.03638493574256469,4.1965789794921875,0.00010209846708429291,0.006146031681821526,0.0,0.0,0.0,0.007105602836469873,6.682487964630127,8.004552706571519e-05,0.0019233324336542243,0.0,0.0,2.3459062504116446e-05,0.0050214645382859495,7.6001458168029785,-6.249273735052641e-06,0.001145513863095535,0.0,0.0,0.0,0.0024934277145629855,8.60940170288086,-1.4644832603386515e-07,0.000571067340056677,0.0,0.0,0.0
F:\Seminario\Seminario-Clustering\datasets\davi\Al Emadi (2019)\Multiclass_Drone_Audio\unknown\5-203128-B-01.wav,Multiclass_Drone_Audio\unknown\5-203128-B-01.wav,al_emadi,5-203128-B-01,1.0216875,0.0011904724929069632,7.021302700042725,0.00101747149255445,0.023905459659994268,0.002972895046696067,-0.0251168567687273,0.022529204934835425,0.018599574021015784,6.103757858276367,0.0006340820180058281,0.09457409229147302,4.849960532737896e-06,-0.06222190409898758,0.057516975700855254,0.31739853496582154,7.0633087158203125,-0.004264392177841711,0.27729791755836153,-0.0003486390196485445,-0.1904638051986694,0.1455209210515023,0.5968627588373664,7.570525169372559,-0.002180117303024355,0.26949725057573026,3.7852769310120493e-06,-0.11840030550956726,0.11068526655435562,0.0639414830644876,8.478782653808594,3.326524563299025e-05,0.062443113476722815,-4.820185131393373e-05,-0.024394579231739044,0.023598486557602945,0.0020071766184016804,9.961444854736328,-6.90739108318181e-05,0.007826479656570155,-2.111755748046562e-06,-0.0052821103949099776,0.004987911740317942
F:\Seminario\Seminario-Clustering\datasets\davi\Al Emadi (2019)\Multiclass_Drone_Audio\unknown\1-46274-A-180.wav,Multiclass_Drone_Audio\unknown\1-46274-A-180.wav,al_emadi,1-46274-A-180,1.0216875,0.24807319163927935,6.673714637756348,-0.001036035035486364,0.09077585623692551,-0.004644653759896755,-0.08455920219421387,0.08572839498519895,0.6004668828474506,6.319850921630859,-0.0009220831819506262,0.14123553235640496,-0.0004580866370815784,-0.11721021085977554,0.11646796911954878,0.07696616403669898,7.577557563781738,-0.0004737390064672105,0.03589102559625254,-0.00014344385999720544,-0.03726172149181366,0.03430050313472748,0.0275299287497523,8.653631210327148,0.00018213643688520922,0.01521181236762405,4.721737786894664e-05,-0.016142118722200394,0.016044579446315765,0.027824187569204604,9.440644264221191,1.7846215358293053e-05,0.010826352440348299,7.0864916779100895e-06,-0.009494293853640557,0.009619523957371715,0.019139645157614116,10.348388671875,3.4406082997547985e-05,0.006352276618010803,6.695881893392652e-07,-0.005419708462432026,0.005550293670967223
F:\Seminario\Seminario-Clustering\datasets\davi\Al Emadi (2019)\Multiclass_Drone_Audio\unknown\1-59513-A-01.wav,Multiclass_Drone_Audio\unknown\1-59513-A-01.wav,al_emadi,1-59513-A-01,1.0216875,0.01188362520620601,7.733339309692383,-0.0007720585456253694,0.08840783338383645,0.00017055374337360263,-0.11741930842399596,0.1144861876964569,0.6835372732423374,6.615800857543945,0.005039795441373551,0.6705044554357588,0.0009252275340259075,-0.5730108141899108,0.6364454865455623,0.29540326509243764,7.3833208084106445,0.0011813810291076735,0.31289775809624315,0.0002353810123167932,-0.22323123961687086,0.2582625776529312,0.00901184277076274,8.35598087310791,-0.00011282060625581768,0.03872920903325771,2.982480509672314e-05,-0.03398571163415909,0.032596405595541,0.0001571275028320237,9.075674057006836,6.563414428272329e-06,0.0036201036831341655,1.457403413951397e-05,-0.002560563618317246,0.0027735156007111083,6.866185424205058e-06,11.396857261657715,-2.2240109566974043e-06,0.0005353612978925618,-2.8245849534869194e-06,-0.0006128359586000442,0.0006012802536133678
F:\Seminario\Seminario-Clustering\datasets\davi\Al Emadi (2019)\Multiclass_Drone_Audio\unknown\3-87936-B-460.wav,Multiclass_Drone_Audio\unknown\3-87936-B-460.wav,al_emadi,3-87936-B-460,1.0216875,0.08861304857365952,8.079139709472656,-0.01998639389960479,0.09745424312400965,-0.017568066716194153,-0.14654781222343444,0.10434218645095823,0.39972176708456725,7.928736209869385,-0.0010403553095712597,0.21128656659576076,0.008479522541165352,-0.2697365999221802,0.2570296466350555,0.3825422565417359,8.917448043823242,-0.00028093617476717325,0.1467243592897641,-0.0030117855640128255,-0.1854598209261894,0.19311630725860598,0.10582590866787994,9.882218360900879,0.00016871902501702795,0.054688123820020154,0.0005227788351476192,-0.06781908124685287,0.06985922157764435,0.022457673459245226,10.741804122924805,-4.896271112878394e-05,0.0178337137103534,-7.239473052322865e-05,-0.022334663942456243,0.021781620010733607,0.0008393456729121663,11.651605606079102,4.084353946741618e-06,0.00243909201003664,1.8357248336542398e-05,-0.002937102341093123,0.0029373324476182463
F:\Seminario\Seminario-Clustering\datasets\davi\Al Emadi (2019)\Multiclass_Drone_Audio\unknown\5-171653-A-411.wav,Multiclass_Drone_Audio\unknown\5-171653-A-411.wav,al_emadi,5-171653-A-411,1.0216875,0.49198042182198487,8.53254508972168,-0.003655336621380725,1.0580515715914471,-0.32380008697509766,-1.2372786283493042,1.5237587690353394,0.1648168975628523,8.176024436950684,0.024779578805443524,0.6119001672372364,0.0475698858499527,-0.7621119499206542,0.8011615157127379,0.09245227328773181,9.023409843444824,0.006243053388790888,0.32552138941451536,0.005741446511819959,-0.4276278793811798,0.43337915241718294,0.06974372540294929,9.85248851776123,-0.005583900680344575,0.20031813448424823,-0.006131091620773077,-0.26187148690223694,0.24691307544708252,0.0590656753350685,10.885936737060547,-0.003161679835826356,0.13050840852039192,-0.0033462857827544212,-0.17013806700706482,0.1614134669303894,0.1219410065894132,11.834695816040039,-0.00037602761201737013,0.13269934648104012,-0.0016852559056133032,-0.16601928919553757,0.16917037367820742
F:\Seminario\Seminario-Clustering\datasets\davi\Al Emadi (2019)\Multiclass_Drone_Audio\membo_1\Membo_1_047-membo_000_.wav,Multiclass_Drone_Audio\membo_1\Membo_1_047-membo_000_.wav,al_emadi,Membo_1_047-membo_000,1.024,0.7481213162954788,6.025468826293945,0.0012919931700497937,0.3500998462007221,-0.005920173367485404,-0.2757759511470794,0.2559297084808352,0.004368755604453008,6.944314002990723,-0.00011958467579321362,0.026753672234362147,-0.0014553279033862054,-0.028239920176565646,0.028001796826720247,0.016710791108882468,8.855382919311523,-0.00015019801698102573,0.0371420304618247,-0.0014336309395730495,-0.045423815026879304,0.04766990691423415,0.051248608865661203,9.802573204040527,-8.304473546610062e-05,0.04609405986941351,-0.0006444496102631092,-0.058230751752853395,0.05701020956039429,0.07398063542833389,10.63306713104248,0.0004573418654661559,0.03919603742060631,-0.0008137600962072611,-0.04576080814003944,0.047970325499773044,0.10556989269719064,11.445353507995605,1.6568083078374483e-05,0.03312680404224849,4.975243064109236e-05,-0.03835330903530121,0.03750363737344742
F:\Seminario\Seminario-Clustering\datasets\davi\Al Emadi (2019)\Multiclass_Drone_Audio\unknown\1-23222-B-193.wav,Multiclass_Drone_Audio\unknown\1-23222-B-193.wav,al_emadi,1-23222-B-193,1.0216875,0.9122142275005225,6.917715072631836,-0.002723983502659681,0.30347885113365697,0.004711642861366272,-0.30097041130065916,0.27409585714340207,0.06162181818326347,7.938518524169922,0.0013319327350641262,0.07886836175406628,0.003173074685037136,-0.10102211236953736,0.09712014496326445,0.020456871315058245,8.877340316772461,-0.00023732993223939488,0.03226044929797232,-0.0003847546176984906,-0.04074003957211971,0.0416067320853472,0.004549654058659566,9.826509475708008,-2.869661968271895e-05,0.01078166888829355,-0.0002608529757708311,-0.0131907369941473,0.013490158133208752,0.0006130603823876735,10.771138191223145,5.514412722346257e-05,0.0028010946588869494,5.444628186523914e-05,-0.0034027371555566785,0.003534932527691126,0.0005443685601084942,11.891447067260742,-1.1028156564313948e-05,0.0018676546185375869,-1.2796808732673526e-05,-0.0023801153525710105,0.0023556417552754285
F:\Seminario\Seminario-Clustering\datasets\davi\Al Emadi (2019)\Multiclass_Drone_Audio\bebop_1\mixed_40-bebop_004_.wav,Multiclass_Drone_Audio\bebop_1\mixed_40-bebop_004_.wav,al_emadi,mixed_40-bebop_004,0.904,0.3199810331045051,7.371088027954102,0.006047575110468366,0.32097093584822106,0.019082412123680115,-0.3645978718996048,0.35831992626190184,0.07504615478951542,7.766305923461914,-0.015881902197092446,0.15465604680559986,-0.030164399184286594,-0.20057337135076522,0.1967665061354638,0.15258685130861158,8.662389755249023,0.011672244000357367,0.1570087673175467,0.005605268757790327,-0.19444364905357361,0.22270250916481016,0.12983816324680839,9.66806697845459,0.0017975574730912777,0.10293337505253378,-0.0002320104104001075,-0.1262529194355011,0.13414886295795445,0.15561020236116402,10.751517295837402,-0.0004471100961193206,0.07978064622599193,-2.5104382075369358e-05,-0.10274991989135743,0.10310628488659859,0.1669375951893955,11.738592147827148,-0.0002759964430901457,0.0584631917118133,-0.00043285381980240345,-0.07461503520607948,0.0752134881913662
F:\Seminario\Seminario-Clustering\datasets\davi\Al Emadi (2019)\Multiclass_Drone_Audio\unknown\4-197103-A-61.wav,Multiclass_Drone_Audio\unknown\4-197103-A-61.wav,al_emadi,4-197103-A-61,1.0216875,0.6256084293697356,7.545860767364502,-0.029058583535214524,0.5772723288167465,0.02967906929552555,-0.8033604025840758,0.656482696533203,0.05722807241338833,7.256542682647705,-0.020183245249465825,0.1736479176353012,-0.0021510617807507515,-0.29961686730384823,0.18668764531612395,0.26156630498941513,8.61762809753418,0.004228791786760128,0.2652648852495916,0.0007569750305265188,-0.3302752494812012,0.3479977309703827,0.05229980561819011,9.119338035583496,0.00010691534989817238,0.08406776723777404,0.00026770588010549545,-0.0962805300951004,0.10098912566900253,0.002318146278535442,10.210561752319336,6.239399712849338e-05,0.01252872370033429,1.8899329006671906e-05,-0.014658310078084468,0.01538924425840378,0.0009792413307353743,10.619132995605469,-1.969611018708597e-05,0.005760781718535265,5.673733539879322e-06,-0.00539721273817122,0.0053394019138068025
F:\Seminario\Seminario-Clustering\datasets\davi\Al Emadi (2019)\Multiclass_Drone_Audio\unknown\1-260640-C-22.wav,Multiclass_Drone_Audio\unknown\1-260640-C-22.wav,al_emadi,1-260640-C-22,0.97525,0.010445099033788064,6.811628341674805,0.003146916701230258,0.12136053114000393,-0.0004781950556207448,-0.129238098859787,0.11956420540809631,0.03507955432724314,7.205079078674316,-0.03458086200836049,0.21977771435690738,0.00014409614959731698,-0.3697381466627121,0.17444010823965073,0.09644943295503669,8.264524459838867,0.00022856834239934194,0.26204804121578407,-0.00025297608226537704,-0.3155935049057007,0.3320548057556167,0.12953128882837386,9.370004653930664,-0.0023215259868439725,0.215161074006245,-0.002042249427177012,-0.2688230276107788,0.2722922325134277,0.5397436635686123,10.007987976074219,0.0001640533664743391,0.3109424324420958,0.0011761699570342898,-0.34914061427116394,0.34991854429244995,0.18875096128694596,10.967214584350586,-3.6171428181022515e-05,0.13008830883581898,0.00017259761807508767,-0.14029362052679062,0.1439255103468895
F:\Seminario\Seminario-Clustering\datasets\davi\Al Emadi (2019)\Multiclass_Drone_Audio\unknown\2-72677-A-184.wav,Multiclass_Drone_Audio\unknown\2-72677-A-184.wav,al_emadi,2-72677-A-184,0.95975,0.44195350318113613,7.747250556945801,-0.006283651648863881,0.016987731090252946,-0.0068472574930638075,-0.026319678872823715,0.01637326776981354,0.12683967260996545,7.577645301818848,3.109353294020679e-05,0.00970327820837386,0.00033654156140983105,-0.011583136953413486,0.01154384594410658,0.3223060383617658,8.265247344970703,0.0002911694088825318,0.010978599267262665,0.0002230099998996593,-0.011883084569126368,0.012884641997516162,0.07939484342096051,9.372719764709473,-1.7057314008356788e-05,0.003863261699576414,4.26514889113605e-05,-0.004340317565947771,0.004270560853183272,0.013649672164329472,10.482941627502441,-4.545845537712045e-06,0.0011339985787442658,1.1173018720000982e-05,-0.0013656617840752004,0.001334314700216055,0.01585627026184262,11.122687339782715,-1.906766930088326e-06,0.0008646998392984349,-5.38169751962414e-06,-0.0009337056661024689,0.0009497832797933385
F:\Seminario\Seminario-Clustering\datasets\davi\Al Emadi (2019)\Multiclass_Drone_Audio\unknown\3-154439-A-170.wav,Multiclass_Drone_Audio\unknown\3-154439-A-170.wav,al_emadi,3-154439-A-170,1.0216875,0.012142836369388761,6.892580032348633,0.0004026735508245836,0.015143707056111285,-0.00051370810251683,-0.01591973342001438,0.016332678869366644,0.001230070561417319,5.840102195739746,-7.290864141220774e-05,0.004821042587878376,-7.30027531972155e-05,-0.004101253114640712,0.004432815127074718,0.23774028070764455,5.876238822937012,-0.0012924894351439857,0.04756437346011567,2.0788087567780167e-05,-0.016500394977629184,0.017964216135442256,0.28731782808780665,7.107680320739746,-0.0006269308855107823,0.03706343129055072,2.4194494471885264e-05,-0.019627103582024574,0.019677909091114998,0.18607048283836838,8.869010925292969,8.430834571022246e-05,0.02111658590711309,-8.45736576593481e-06,-0.01694010943174362,0.015959254279732712,0.2754985014353743,8.88428783416748,5.471378318348407e-05,0.018177886010234238,2.676454641914461e-06,-0.009191428776830435,0.010283335391432051
F:\Seminario\Seminario-Clustering\datasets\davi\Al Emadi (2019)\Multiclass_Drone_Audio\unknown\4-121532-A-422.wav,Multiclass_Drone_Audio\unknown\4-121532-A-422.wav,al_emadi,4-121532-A-422,0.97525,0.01312587876846262,3.6420705318450928,-0.0048088239890339245,0.0643173150588887,-0.0005596160481218249,-0.0355591606348753,0.03411179035902023,0.4459114052769618,8.006318092346191,0.0019852716685554404,0.375917400188081,0.0033877533860504627,-0.4933725595474243,0.49412602186203003,0.37706240675646796,8.932271957397461,0.0009280124246706525,0.24555104832744284,-0.004854435101151466,-0.30865331888198855,0.3296837866306307,0.15459419525572346,9.967574119567871,-0.0003059666678540131,0.11140473114371875,-0.003976202104240656,-0.14382422864437103,0.1468709871172905,0.00922407877251008,10.870509147644043,-2.0024846528726146e-05,0.019264359996565363,1.0011252015829086e-05,-0.024438187852501868,0.024940503388643266,8.203516987406898e-05,11.533218383789062,-8.837384969108079e-08,0.0012852889853553072,2.1724248654209077e-05,-0.0015575807774439454,0.0015050189103931189
F:\Seminario\Seminario-Clustering\datasets\davi\Al Emadi (2019)\Multiclass_Drone_Audio\unknown\3-155584-A-141.wav,Multiclass_Drone_Audio\unknown\3-155584-A-141.wav,al_emadi,3-155584-A-141,1.0216875,0.7085289777819216,7.928048610687256,-0.0009465743882356388,0.07955621963379743,0.0019287385512143373,-0.10170929878950118,0.10078384280204772,0.07133072221331645,7.856068134307861,0.0002821406670803427,0.025242784056020144,2.2099586203694344e-05,-0.031200473010540006,0.03068634569644928,0.041753954898537296,8.832085609436035,7.8365985528471e-05,0.013709854318647062,0.0003481120365904644,-0.017086870782077313,0.01686645057052374,0.016299079406431174,9.716196060180664,-7.045060671914584e-05,0.006069867613441827,-0.00012709223665297031,-0.007451923564076424,0.007298070937395096,0.08061738516837133,10.57042407989502,1.7759212050371915e-05,0.009556579580283716,7.254350930452347e-05,-0.011790541186928748,0.011498523689806464,0.08146988053142219,10.94771957397461,3.213873496878991e-06,0.006796489904392629,3.6984492908231914e-06,-0.0072073863819241525,0.007273719366639854
F:\Seminario\Seminario-Clustering\datasets\davi\Al Emadi (2019)\Multiclass_Drone_Audio\membo_1\Membo_0_005-membo_002_.wav,Multiclass_Drone_Audio\membo_1\Membo_0_005-membo_002_.wav,al_emadi,Membo_0_005-membo_002,1.024,0.5622840693957887,8.319275856018066,0.0024374952602486772,0.13641213687965975,0.013351214583963156,-0.17068570107221603,0.1686442777514458,0.010237592353835362,7.936309814453125,4.584997872230955e-05,0.01840950099526308,0.0006335079669952393,-0.022975094430148602,0.023008736409246937,0.08031374362655477,8.953919410705566,-4.36500326765055e-05,0.03660166999742323,0.000438047805801034,-0.047616043314337726,0.045560844615101806,0.0826922074167553,9.87646770477295,0.00013042475661644405,0.026318864579753496,0.0002885564463213086,-0.03429021984338761,0.033086011558771174,0.12308224294484262,10.79814338684082,-2.5826538973330687e-05,0.02272718796902009,-0.0005700294568669051,-0.028854478523135184,0.02822271045297385,0.14139014426222332,11.841490745544434,4.145691285473797e-07,0.017232756325998917,1.2961761967744678e-05,-0.02187005989253521,0.02168579213321209
F:\Seminario\Seminario-Clustering\datasets\davi\Al Emadi (2019)\Multiclass_Drone_Audio\unknown\2-106881-A-394.wav,Multiclass_Drone_Audio\unknown\2-106881-A-394.wav,al_emadi,2-106881-A-394,0.95975,0.0,-0.0,0.0,0.0,0.0,0.0,0.0,0.0,-0.0,0.0,0.0,0.0,0.0,0.0,0.0,-0.0,0.0,0.0,0.0,0.0,0.0,0.0,-0.0,0.0,0.0,0.0,0.0,0.0,0.0,-0.0,0.0,0.0,0.0,0.0,0.0,0.0,-0.0,0.0,0.0,0.0,0.0,0.0
F:\Seminario\Seminario-Clustering\datasets\davi\Al Emadi (2019)\Multiclass_Drone_Audio\unknown\5-221528-A-393.wav,Multiclass_Drone_Audio\unknown\5-221528-A-393.wav,al_emadi,5-221528-A-393,1.0216875,0.0,-0.0,0.0,0.0,0.0,0.0,0.0,0.0,-0.0,0.0,0.0,0.0,0.0,0.0,0.0,-0.0,0.0,0.0,0.0,0.0,0.0,0.0,-0.0,0.0,0.0,0.0,0.0,0.0,0.0,-0.0,0.0,0.0,0.0,0.0,0.0,0.0,-0.0,0.0,0.0,0.0,0.0,0.0
F:\Seminario\Seminario-Clustering\datasets\davi\Al Emadi (2019)\Multiclass_Drone_Audio\unknown\3-159348-A-360.wav,Multiclass_Drone_Audio\unknown\3-159348-A-360.wav,al_emadi,3-159348-A-360,1.0216875,0.16572345408486638,7.889233589172363,-0.0011188249087574853,0.09494383237179145,0.004724088590592146,-0.119917993247509,0.11555270701646804,0.14644037153301084,8.054929733276367,0.0049321013405203085,0.08911919844679027,0.006412644870579243,-0.11375436633825302,0.11551908254623411,0.22475562787541634,8.959362030029297,-0.00029307869195178586,0.0784914308849378,-0.0010555320186540484,-0.10027755945920944,0.1005858562886715,0.20333180080816202,9.994373321533203,-0.0005211240451991593,0.05290385915287221,0.0005185359623283148,-0.069630466401577,0.06649364531040192,0.18931415228589418,10.933767318725586,0.00016592607640732632,0.036137215646393744,0.0002310380805283785,-0.04651782065629959,0.046467515081167254,0.07043459341265028,11.964574813842773,-3.1672254657592564e-05,0.015593986706802072,3.312394255772233e-06,-0.020298313722014426,0.0196476211771369
F:\Seminario\Seminario-Clustering\datasets\davi\Al Emadi (2019)\Multiclass_Drone_Audio\unknown\4-181628-A-173.wav,Multiclass_Drone_Audio\unknown\4-181628-A-173.wav,al_emadi,4-181628-A-173,1.0216875,0.28066062860216445,8.342819213867188,-0.000415989447163906,0.02137289233412981,-0.0012000405695289373,-0.028237172216176987,0.027147113159298897,0.008301918604625404,7.667165279388428,-7.19823454658551e-05,0.003675875187426095,-2.0761217456310987e-05,-0.004452462494373322,0.004310774337500332,0.005468865929449018,6.433080673217773,-4.028117161123218e-05,0.002117824291765552,3.4925324143841863e-06,-0.0014672753983177244,0.0014432083698920906,0.3735596089444744,6.361758232116699,-0.000427350082123899,0.012398746994782587,-6.959176971577108e-05,-0.005273934453725815,0.00460150558501482,0.19062661129897077,7.880975723266602,9.262100344171327e-05,0.006272808531750625,2.832793688867241e-05,-0.0031981483101844784,0.0033863799180835485,0.141382366620316,7.847752571105957,3.3869799903167374e-06,0.0038221908472383568,-2.3653578864468727e-06,-0.0015432267566211522,0.0015501024667173631
F:\Seminario\Seminario-Clustering\datasets\davi\Al Emadi (2019)\Multiclass_Drone_Audio\unknown\4-99193-A-41.wav,Multiclass_Drone_Audio\unknown\4-99193-A-41.wav,al_emadi,4-99193-A-41,1.0216875,0.005084010260203952,7.101950168609619,-0.0020670680366242297,0.03731691014633435,-0.0003981704358011484,-0.04189967811107635,0.03801935017108917,0.04204600453833964,6.553983211517334,-0.001404082740281093,0.1074714302450337,-0.0006233425228856504,-0.0945876508951187,0.08573250174522398,0.04099483569843654,7.5462446212768555,0.0007806019172738126,0.07533105634591632,0.0011594666866585612,-0.06175403073430061,0.06863335222005847,0.6707968155140889,7.955081939697266,0.0015100837655482166,0.21595010572396356,-0.00017821480287238955,-0.14804232120513916,0.14937390387058258,0.23629870494776856,8.817071914672852,-8.291896732131018e-05,0.09073210693121579,7.956341141834855e-05,-0.05403859689831731,0.05583642199635518,0.004779629041162409,9.482738494873047,-7.191791449092593e-06,0.009129033589943932,2.4495711841154844e-05,-0.00483744703233242,0.005213595135137441
F:\Seminario\Seminario-Clustering\datasets\davi\Al Emadi (2019)\Multiclass_Drone_Audio\membo_1\Membo_1_000-membo_003_.wav,Multiclass_Drone_Audio\membo_1\Membo_1_000-membo_003_.wav,al_emadi,Membo_1_000-membo_003,1.024,0.9679676673654527,7.55606746673584,-0.009635659140901856,0.5975685129392518,0.003749136463738978,-0.6913515746593475,0.6933859050273896,0.013491698166981028,6.112720966339111,0.00014994954175423256,0.0705579675788973,0.0015681283548474312,-0.059933193027973175,0.06157775856554509,0.0037172268611105727,8.997023582458496,0.0002515546679938963,0.0262884634498446,-0.00040464382618665695,-0.034732461348176,0.033964917436242095,0.004269373610868193,9.96567153930664,0.0002057489137297809,0.01996496292412877,0.0005036915536038578,-0.025302645936608314,0.025441485643386847,0.004954919123716472,10.880908966064453,0.0005154207576630906,0.015215521023391687,0.00011651004024315625,-0.0187221460044384,0.0200131356716156,0.005599114871871081,11.908737182617188,1.525806778748263e-05,0.011449162694589163,2.1486193872988224e-05,-0.0144300633110106,0.014609010424464941
F:\Seminario\Seminario-Clustering\datasets\davi\Al Emadi (2019)\Multiclass_Drone_Audio\unknown\2-134049-A-61.wav,Multiclass_Drone_Audio\unknown\2-134049-A-61.wav,al_emadi,2-134049-A-61,1.0216875,0.04159298136530146,5.591294765472412,0.004253958398355678,0.05978214298921003,0.0005684082861989737,-0.035226251184940334,0.03611650168895721,0.00359385967821486,6.816271781921387,-0.0002870343476998205,0.017614937359479853,-0.0003814547089859843,-0.018437319621443748,0.020497423037886618,0.3150856345241507,7.746854782104492,-0.0008106825645723114,0.11709198044744207,0.0002958795812446624,-0.10868904367089272,0.11314017549157145,0.6260457297297443,8.865921974182129,6.02602751433249e-06,0.1169666526300043,-0.0003831889480352402,-0.1186528354883194,0.1208147332072258,0.01327847992792821,10.062192916870117,8.963825452555545e-06,0.012058548813764981,-1.1364463716745377e-05,-0.014122795127332208,0.013617857173085215,0.0004033147746604554,11.261614799499512,6.392082407275515e-07,0.0014867581679459262,1.7709680832922459e-07,-0.001681492431089282,0.0016594652784988285
F:\Seminario\Seminario-Clustering\datasets\davi\Al Emadi (2019)\Multiclass_Drone_Audio\unknown\2-182508-A-82.wav,Multiclass_Drone_Audio\unknown\2-182508-A-82.wav,al_emadi,2-182508-A-82,0.97525,0.01654379096054785,7.060140609741211,0.00025500371437432945,0.02306921339962182,-0.0006014327518641949,-0.02431507222354412,0.023866132833063602,0.009288418333525963,7.922188758850098,-6.745074997818466e-05,0.01728659207902458,-0.0002607060450827703,-0.023411383852362633,0.02373170666396618,0.03384127966403686,8.654768943786621,-0.00039607264182747303,0.023435124025218093,-0.00045244506327435374,-0.02987014688551426,0.02796125710010529,0.4489247899319948,9.257484436035156,7.419245097233483e-05,0.060487102378100975,-0.00017386386025464162,-0.06899123042821884,0.07226048558950424,0.4726963409943408,10.274066925048828,-2.1076295846080194e-05,0.043939187035427575,-8.093123324215412e-05,-0.052584105730056764,0.05369703397154808,0.018705380115553664,11.035700798034668,5.95984431540237e-07,0.006183745911748525,-6.21051003690809e-06,-0.007036472205072641,0.006751956883817911
F:\Seminario\Seminario-Clustering\datasets\davi\Al Emadi (2019)\Multiclass_Drone_Audio\unknown\4-178402-A-430.wav,Multiclass_Drone_Audio\unknown\4-178402-A-430.wav,al_emadi,4-178402-A-430,1.0216875,0.0006508792843979163,6.812807083129883,0.00042492265822361396,0.009826508819144054,-5.775742465630174e-06,-0.011385141313076018,0.01005396284162998,0.23812832417496835,7.4400482177734375,0.0006608453901906453,0.18812977514422,1.3658809621119872e-05,-0.25876508355140687,0.26602975130081175,0.33586634958337847,8.26791000366211,2.687909840487124e-05,0.15859992677781065,8.20823224785272e-05,-0.18388846665620803,0.20400486141443255,0.2595736523919638,9.302301406860352,-8.428870507661134e-06,0.09880657099997954,3.849720087600872e-05,-0.127951517701149,0.1275513917207718,0.14135729436054237,10.11058235168457,-0.00011098534980805269,0.05161496085075194,-3.276766165072331e-06,-0.06339505314826964,0.06454581916332254,0.024423500204749093,11.08857536315918,2.467131546385621e-06,0.015178147761859957,-5.4803231250843965e-06,-0.018540315330028534,0.018830215930938723
F:\Seminario\Seminario-Clustering\datasets\davi\Al Emadi (2019)\Multiclass_Drone_Audio\unknown\1-9886-A-491.wav,Multiclass_Drone_Audio\unknown\1-9886-A-491.wav,al_emadi,1-9886-A-491,1.0216875,0.05689188751326362,6.499826431274414,-7.550017380533356e-05,0.09597531575721639,0.0013279234990477562,-0.08403372168540954,0.07419150322675704,0.07630562286710288,6.839468002319336,0.0018793223852209607,0.11113495942747718,0.001290547545067966,-0.10984368920326232,0.10652946084737774,0.10795662873456138,7.7228498458862305,-0.004095254269599783,0.09375843883489816,-0.0006456293922383338,-0.09842537119984626,0.08565952554345133,0.09908351568121823,8.933897018432617,0.0006930003821323258,0.06371040536493307,0.0002755507593974471,-0.06751548498868942,0.06805745512247086,0.3916411854400957,10.107433319091797,0.0005397006135622081,0.0896672066202147,0.0002727858372963965,-0.09735842943191528,0.09826192408800134,0.26812115976375817,11.063405990600586,-5.2686581513808986e-05,0.052487994734738995,8.834448817651719e-05,-0.05802629552781582,0.05596521124243737
F:\Seminario\Seminario-Clustering\datasets\davi\Al Emadi (2019)\Multiclass_Drone_Audio\unknown\5-191131-A-402.wav,Multiclass_Drone_Audio\unknown\5-191131-A-402.wav,al_emadi,5-191131-A-402,0.97525,0.6835661560066595,8.019305229187012,-0.003898010127745839,0.5012761541143556,-0.019089524634182453,-0.6474001705646515,0.673203706741333,0.21220025504394346,7.787642478942871,-0.0023503950689055565,0.2792913345845657,-0.013008847367018461,-0.3678913414478302,0.3584727495908737,0.0879451584668253,8.569398880004883,-0.0011035119837561162,0.12771847708027623,-0.0026910218875855207,-0.1490760028362274,0.15481944680213933,0.011307269552952784,9.716168403625488,0.0003446931529909254,0.0324480618608644,-0.00015771191101521254,-0.040361537784338,0.039773000404238694,0.004622830868572683,10.15475845336914,1.8489860839503412e-05,0.014688338805378013,0.00020899309311062098,-0.01588801369071007,0.016007339209318162,0.0003583300610463269,11.625537872314453,-5.317006145083531e-06,0.002893125950982025,-9.800714906305075e-06,-0.0034132766304537654,0.003492710180580616
F:\Seminario\Seminario-Clustering\datasets\davi\Al Emadi (2019)\Multiclass_Drone_Audio\unknown\silence234.wav,Multiclass_Drone_Audio\unknown\silence234.wav,al_emadi,silence234,1.1145,0.0,-0.0,0.0,0.0,0.0,0.0,0.0,0.0,-0.0,0.0,0.0,0.0,0.0,0.0,0.0,-0.0,0.0,0.0,0.0,0.0,0.0,0.0,-0.0,0.0,0.0,0.0,0.0,0.0,0.0,-0.0,0.0,0.0,0.0,0.0,0.0,0.0,-0.0,0.0,0.0,0.0,0.0,0.0
F:\Seminario\Seminario-Clustering\datasets\davi\Al Emadi (2019)\Multiclass_Drone_Audio\unknown\5-177957-C-401.wav,Multiclass_Drone_Audio\unknown\5-177957-C-401.wav,al_emadi,5-177957-C-401,1.0216875,0.9724478661055103,8.127213478088379,0.024528026004790225,1.1685455684884043,0.05723351985216141,-1.555125880241394,1.6560790061950683,0.02117423120815317,7.95278263092041,-0.004793011573518345,0.1724027453967174,0.004027858376502991,-0.23671540021896362,0.21610845327377312,0.004212617382912254,8.743402481079102,-0.0002641982432834587,0.05460647331225144,1.8003396689891815e-05,-0.06484494730830193,0.06345217153429987,0.001009690924401433,9.721080780029297,-0.0001740043940349981,0.01894457652590344,-0.000626755878329277,-0.023168103769421577,0.02249687723815441,0.0003294042418548422,10.677074432373047,2.926340821680822e-05,0.007660063421744233,0.00015963520854711533,-0.009234929829835892,0.009258530661463739,0.0008261901371679946,11.500418663024902,-2.1982985953502297e-05,0.008582362286532797,-6.68112188577652e-05,-0.009832828491926193,0.009979297313839198
F:\Seminario\Seminario-Clustering\datasets\davi\Al Emadi (2019)\Multiclass_Drone_Audio\unknown\5-184871-A-244.wav,Multiclass_Drone_Audio\unknown\5-184871-A-244.wav,al_emadi,5-184871-A-244,0.95975,0.4402364826910688,5.447476387023926,0.002294016754085831,0.2762599551151834,-3.7974923543515615e-05,-0.10618796348571777,0.14576049596071253,0.3355287261822835,5.762435436248779,-0.0157145695041652,0.24067498781687083,-0.00011262394400546327,-0.17548962980508803,0.10253422930836685,0.13654597742381655,6.364747047424316,-0.00031191956043717856,0.10924456081033498,1.0896353160205763e-05,-0.061628079041838646,0.06721131280064599,0.06734595802501014,7.961870193481445,0.00011831083679226612,0.054376805656493075,-1.0381991160102189e-06,-0.042257944494485854,0.042768954485654834,0.013571305091348962,8.247302055358887,4.501551021146027e-05,0.017280686176091728,4.778562470164616e-07,-0.010116368718445299,0.010365852713584896,0.006771550586472035,8.924727439880371,-1.2967176841849742e-05,0.008635872865513166,3.288209882157389e-07,-0.00447514783591032,0.004605355300009257
F:\Seminario\Seminario-Clustering\datasets\davi\Al Emadi (2019)\Multiclass_Drone_Audio\unknown\4-250864-A-82.wav,Multiclass_Drone_Audio\unknown\4-250864-A-82.wav,al_emadi,4-250864-A-82,0.97525,0.03955008747858975,3.307258129119873,-0.005527046704987844,0.06658550760530997,2.363291241636034e-05,-0.026310584507882595,0.02631805557757616,0.019985370516175313,7.863231182098389,0.0015997693955737745,0.04746862524107155,0.000125885519082658,-0.0566639956086874,0.06084609404206276,0.11747254491162742,8.663545608520508,0.0004185090165209624,0.081794409444405,0.0005287647363729775,-0.10001361966133117,0.09580475240945821,0.3703870340179043,9.683490753173828,-0.001576734428147503,0.10289835577992258,-0.000505924952449277,-0.12723981589078903,0.12695461362600324,0.40196638012345737,10.317852973937988,0.0002552541112574926,0.07589419962637092,0.00011899787932634354,-0.08417339026927947,0.08436098843812943,0.050638582952245846,11.517261505126953,-1.8199906762597903e-05,0.01905742355107342,0.00014824340178165585,-0.022039788775146008,0.022026045247912407
F:\Seminario\Seminario-Clustering\datasets\davi\Al Emadi (2019)\Multiclass_Drone_Audio\unknown\3-144128-A-230.wav,Multiclass_Drone_Audio\unknown\3-144128-A-230.wav,al_emadi,3-144128-A-230,1.0216875,0.013306670575175395,7.155512809753418,0.0010093932628785465,0.018947606267115155,-4.881084896624088e-05,-0.019162028282880782,0.019579211249947544,0.08256800738705349,6.702059268951416,-0.0005674887736548917,0.04726173323268752,0.00013261627464089543,-0.042007997632026665,0.03718282207846641,0.34481150883558154,7.625040531158447,0.0009537414530587713,0.06855655250309095,0.00031711974588688463,-0.06673098132014274,0.05784793123602868,0.35953177656615143,8.708106994628906,-8.405398490062169e-05,0.049613962152678076,-5.778597551397979e-05,-0.047297269105911255,0.048714444041252136,0.15638298813051307,9.77949333190918,0.000341155178791935,0.02316037071357262,-1.9179118680767715e-05,-0.022606091201305387,0.023728119581937792,0.04339904850552509,10.582768440246582,5.9605924332009435e-06,0.008632472280043326,-5.777884325652849e-06,-0.008204875979572535,0.008063920307904484
F:\Seminario\Seminario-Clustering\datasets\davi\Al Emadi (2019)\Multiclass_Drone_Audio\unknown\5-234879-B-10.wav,Multiclass_Drone_Audio\unknown\5-234879-B-10.wav,al_emadi,5-234879-B-10,1.0216875,0.0028912827524703133,5.636186122894287,-0.004155156211586587,0.06121683623676456,-0.00038521597161889076,-0.054491131007671355,0.0516108825802803,0.045460924470816545,7.074702262878418,0.0037506148282475302,0.24327152480543812,0.0014765424421057105,-0.25761095285415647,0.26783951520919796,0.42921778480955336,8.582545280456543,-0.003921096503945945,0.5306593460268003,0.002251709229312837,-0.726092791557312,0.6456059992313385,0.4251722101326475,9.74455451965332,0.001209597890420809,0.374287005596511,0.001398664666339755,-0.4976486563682556,0.5022745728492737,0.083554735618555,10.585521697998047,1.2748352341085851e-05,0.11745515536339818,-0.0012515241978690028,-0.1472502440214157,0.15038572549819956,0.013703062215957322,11.298491477966309,1.0065510315442182e-05,0.03365058872845341,-6.957193545531482e-05,-0.03813807852566242,0.03879373148083687
F:\Seminario\Seminario-Clustering\datasets\davi\Al Emadi (2019)\Multiclass_Drone_Audio\unknown\1-39937-A-283.wav,Multiclass_Drone_Audio\unknown\1-39937-A-283.wav,al_emadi,1-39937-A-283,1.0216875,0.9261049932210333,7.793923854827881,-0.0006901541327104791,0.07935076517067534,-0.0001221351558342576,-0.09941724240779877,0.09054497629404068,0.00704391872670951,7.922649383544922,-6.17024964558298e-05,0.0069203388116688205,-6.447173655033112e-05,-0.009127594716846942,0.008768976293504238,0.008299599961125663,8.884775161743164,4.613221300812777e-05,0.005332303043075604,0.0002870034222723916,-0.006620966410264373,0.006571968924254179,0.010114988375760248,9.919336318969727,4.667682086983671e-05,0.0041715148455761806,0.00011129549238830805,-0.005402863025665283,0.005201135296374559,0.028351363786192765,10.9518461227417,1.466975113603207e-05,0.00494407801589644,1.1873780749738216e-06,-0.0063671542331576346,0.006303632818162441,0.020085135929178436,11.905729293823242,5.173718261299854e-06,0.0029439761715894562,-1.554811115056509e-05,-0.0037533311638981103,0.003713100100867451
F:\Seminario\Seminario-Clustering\datasets\davi\Al Emadi (2019)\Multiclass_Drone_Audio\unknown\1-27403-A-282.wav,Multiclass_Drone_Audio\unknown\1-27403-A-282.wav,al_emadi,1-27403-A-282,0.97525,0.8580104010385644,8.024873733520508,0.00037937962630871144,0.8083251302150256,-0.007749201264232397,-1.0727500915527344,1.1157727241516113,0.10764250320591114,7.990238189697266,-0.00037440775157583336,0.28630660689544885,0.0009605803352314979,-0.37665238976478577,0.37074142694473267,0.02842465543209926,8.47178840637207,4.7695227406704886e-05,0.10450847332445337,-0.0023533799685537815,-0.12093573659658433,0.13494324088096624,0.003138821441076954,9.58460521697998,0.0001829827674169881,0.0246062624638948,0.00047472864389419556,-0.030727779679000377,0.03100886177271604,0.001734088304309932,10.398578643798828,4.510260587890978e-05,0.012947680131915884,0.00017293007113039494,-0.015552708506584167,0.014487470872700216,0.001049530578038338,11.489370346069336,2.639266796905781e-05,0.007126248969786736,-1.2757605873048306e-05,-0.008432218804955482,0.008634793572127819
F:\Seminario\Seminario-Clustering\datasets\davi\Al Emadi (2019)\Multiclass_Drone_Audio\unknown\1-34119-A-11.wav,Multiclass_Drone_Audio\unknown\1-34119-A-11.wav,al_emadi,1-34119-A-11,1.0216875,0.018537029845030445,7.418736934661865,-6.817536276552625e-05,0.01651022411225394,0.0,-0.020069356635212896,0.020582050457596777,0.008983905534912856,7.064986228942871,0.0005120695770744691,0.01148253418899039,0.0,-0.012463073059916495,0.013444041460752485,0.22160029124361222,8.548076629638672,0.00020475542768416872,0.040521105825360844,0.0,-0.06097885742783546,0.061339033767580986,0.5263557995612393,9.168610572814941,-9.734215727899571e-05,0.044256400791929745,0.0,-0.05377669632434845,0.052234895527362823,0.17911012391802786,10.236983299255371,6.781948197796368e-06,0.01827508580519283,0.0,-0.021962033584713932,0.023202887922525412,0.04541284989717728,10.700220108032227,-1.266666520923585e-06,0.0065100767112534095,0.0,-0.007078715646639466,0.007022171234712005
F:\Seminario\Seminario-Clustering\datasets\davi\Al Emadi (2019)\Multiclass_Drone_Audio\unknown\5-189795-A-42.wav,Multiclass_Drone_Audio\unknown\5-189795-A-42.wav,al_emadi,5-189795-A-42,0.97525,0.0023268903894126305,7.98341178894043,0.010454522859471316,0.06178922897501389,0.010698047000914812,-0.06995251774787903,0.09127368777990341,0.00023008056270558877,7.353267669677734,-0.0007569347676654879,0.019691246338897826,-0.00037276939838193357,-0.021546343341469765,0.020969283767044544,0.0026595634937361316,8.217289924621582,-0.0010670634755386406,0.04757884930512852,0.00024896333343349397,-0.054803463816642764,0.048143988102674506,0.3509630256768661,7.885011196136475,0.009563832145232855,0.3872457242131287,-0.001982953632250428,-0.21680739372968671,0.17439454048871994,0.6258318147243584,8.855772972106934,0.00019837995516123178,0.3661860173621376,0.00023596629034727812,-0.20231256783008575,0.1985923558473588,0.0179886251529211,8.952452659606934,4.5081714239966234e-05,0.043921704999555285,-5.661009709001519e-05,-0.018315212801098824,0.017464949749410152
F:\Seminario\Seminario-Clustering\datasets\davi\Al Emadi (2019)\Multiclass_Drone_Audio\unknown\2-127109-A-61.wav,Multiclass_Drone_Audio\unknown\2-127109-A-61.wav,al_emadi,2-127109-A-61,1.0216875,0.007394321522566391,5.016254901885986,-0.00011896060992628161,0.02870304855862374,7.78346111474093e-06,-0.00795129332691431,0.0067597707733511895,0.03253841015090369,5.367505073547363,0.0004509496253176937,0.06020999217440429,0.0005117245018482208,-0.012913240306079385,0.013490186631679531,0.8321556235393162,5.984928607940674,0.0009202886389334487,0.21614539448504488,-5.029287422075868e-07,-0.024398090504109855,0.031046578474342845,0.11233360304868512,6.718752861022949,9.597541187721658e-05,0.05627786987078399,0.00010591537284199148,-0.010360226035118103,0.010674269869923592,0.014648773156164807,7.367320537567139,7.919664616374026e-05,0.014385978571605016,7.4319104896858335e-06,-0.003651054948568344,0.0035511887632310424,0.0009292685823638298,9.051244735717773,5.302315889815769e-06,0.0025633766226333572,1.3526459952117875e-05,-0.0015190993435680866,0.0015182508854195476
F:\Seminario\Seminario-Clustering\datasets\davi\Al Emadi (2019)\Multiclass_Drone_Audio\unknown\5-243459-B-144.wav,Multiclass_Drone_Audio\unknown\5-243459-B-144.wav,al_emadi,5-243459-B-144,0.95975,0.011780497709465503,2.003619909286499,-0.003805916721051692,0.042662094198216254,-0.00013057975593255833,-0.001444949093274772,0.001098555943462998,0.00030351778115061197,2.3680810928344727,0.0001742500019563373,0.006872808457747219,-9.182812573271804e-05,-0.002836161898449063,0.0029366593109443786,0.0014930925493546793,7.773655891418457,-1.6293882327389395e-05,0.010826716600918836,-0.00028453877894207835,-0.011242517083883286,0.011898312624543906,0.12959210471644134,9.213035583496094,-0.0006331802023563292,0.07148632287071612,-0.0008741358760744333,-0.08067110329866409,0.07812711596488958,0.6598645425269337,10.506662368774414,0.0011096160512310677,0.11419584959066272,0.00020268323714844882,-0.13015249967575074,0.1413907080888748,0.19696624471665422,11.46961784362793,-3.766981441350391e-06,0.04414183169255406,6.269434379646555e-05,-0.05124353319406509,0.05224771499633794
F:\Seminario\Seminario-Clustering\datasets\davi\Al Emadi (2019)\Multiclass_Drone_Audio\unknown\4-125929-A-402.wav,Multiclass_Drone_Audio\unknown\4-125929-A-402.wav,al_emadi,4-125929-A-402,0.97525,0.6441934362650115,7.920666217803955,-0.006988778145187685,0.6135967891581993,-0.060355132445693016,-0.7620089054107666,0.7763631641864777,0.25825775550508956,7.872217178344727,0.009455191835689719,0.3884196095042876,0.011228543240576982,-0.47979308664798737,0.5223079025745392,0.06317280022617582,8.885894775390625,-0.001222958714731553,0.13649439251170997,0.004407826811075211,-0.17213343679904938,0.1637191474437714,0.020766581642428592,9.668363571166992,0.0017295814298183218,0.05542538803841938,0.0006852787919342518,-0.06414365395903587,0.07222695872187614,0.011090949396818895,10.597517967224121,-9.673794816477672e-05,0.028688255673301254,0.0002545473398640752,-0.03442934602499008,0.034113481640815735,0.0025184769644756785,11.257938385009766,-9.610859609361178e-06,0.009671602761831788,6.31638104096055e-05,-0.010623721405863762,0.01057572290301323
F:\Seminario\Seminario-Clustering\datasets\davi\Al Emadi (2019)\Multiclass_Drone_Audio\unknown\4-157297-A-213.wav,Multiclass_Drone_Audio\unknown\4-157297-A-213.wav,al_emadi,4-157297-A-213,1.0216875,0.20373528507975927,5.851583957672119,-0.004722606846662608,0.29016567383632963,8.488510161441809e-07,-0.17392323911190033,0.1222235560417175,0.08635532350554048,6.3970046043396,0.006765209026484318,0.18881496867425646,1.1971485491812928e-06,-0.1524468421936035,0.19363721907138823,0.06892071079338281,6.9509758949279785,0.0005599651586868354,0.11981346600291906,1.0813433704015551e-07,-0.07713106498122214,0.07362286001443864,0.2081490899259084,7.894642353057861,0.001799745359731395,0.1475455865690434,0.0,-0.08527540415525436,0.09554195404052734,0.22893597456318118,9.05874252319336,0.0009503682219728622,0.10954029260991097,0.0,-0.07407964766025542,0.08159536570310594,0.20390361613222788,9.367204666137695,0.0005104765501842491,0.07313620705276147,0.0,-0.03269450329244136,0.035022979602217674
F:\Seminario\Seminario-Clustering\datasets\davi\Al Emadi (2019)\Multiclass_Drone_Audio\unknown\3-129678-A-130.wav,Multiclass_Drone_Audio\unknown\3-129678-A-130.wav,al_emadi,3-129678-A-130,1.0216875,0.10583338004731058,8.066240310668945,0.00012909300235703028,0.07131351580185737,-0.00814549345523119,-0.08704796284437179,0.09526628106832503,0.012579204203050606,8.073959350585938,0.00027544854110917024,0.02458445237891053,0.0005213423864915967,-0.03229211568832398,0.03187117204070091,0.004143036180913513,9.03445816040039,0.00019033847487468308,0.010013990824879308,0.0002458469243720174,-0.013010497018694877,0.012761964183300735,0.0026090984508245823,9.942221641540527,-9.128487769354599e-05,0.005631839318514678,-0.00027096347184851766,-0.007044478785246611,0.007294471375644207,0.38805261033440286,10.778818130493164,-0.002074714090703615,0.048581806605892466,-0.0007367889047600329,-0.06509842574596404,0.05626052021980286,0.48678267078349785,11.90474796295166,2.557637315931839e-05,0.03852909346469572,-2.786837285384536e-06,-0.04901588335633278,0.0494408518075943
F:\Seminario\Seminario-Clustering\datasets\davi\Al Emadi (2019)\Multiclass_Drone_Audio\unknown\2-92627-A-271.wav,Multiclass_Drone_Audio\unknown\2-92627-A-271.wav,al_emadi,2-92627-A-271,1.0216875,0.03621633897293728,7.219590663909912,-2.989360717577664e-05,0.015100026103644247,7.482978253392503e-05,-0.015094301477074617,0.016932899132370945,0.004082831141899504,6.1108198165893555,0.0001623610907195222,0.005067388110735164,6.749556632712483e-05,-0.004431355930864811,0.004721877165138721,0.06985537499904634,8.286796569824219,-0.0025965223723449404,0.014658260124501523,-0.001451146905310452,-0.01939429435878992,0.013000096287578346,0.5164574500433936,9.299619674682617,-0.00015976980137061354,0.028683865044818107,-0.000442571472376585,-0.032350510358810425,0.03131076321005821,0.2937433642269158,10.206096649169922,0.00010705725058536709,0.0153130779791353,-0.00011434644693508744,-0.016659698262810708,0.0169559769332409,0.07964464061580741,11.15440559387207,5.167402698550917e-05,0.005640874841207799,7.314749382203445e-05,-0.006077576521784067,0.006122699100524188
F:\Seminario\Seminario-Clustering\datasets\davi\Al Emadi (2019)\Multiclass_Drone_Audio\membo_1\mixed_membo_23-membo_001_.wav,Multiclass_Drone_Audio\membo_1\mixed_membo_23-membo_001_.wav,al_emadi,mixed_membo_23-membo_001,1.024,0.938395640551071,8.421919822692871,-0.019398959272523195,0.7545716344105132,-0.08816434815526009,-0.9233977079391479,1.0400577545166017,0.02582461539762841,7.8420915603637695,0.001249186022995183,0.12521209098955313,0.003993305843323469,-0.14933235645294188,0.15612730830907826,0.01568862725226295,8.795141220092773,0.0012850773088948066,0.06926766097247467,0.001229243353009224,-0.08351429924368858,0.08553768694400786,0.009804281202781812,9.807830810546875,0.00034554483657340244,0.03880943761118995,0.00040069129317998886,-0.04818742722272873,0.048884667456150055,0.0053488803593523945,10.895426750183105,-0.00013064270482881826,0.02028977441723717,-0.00036485050804913044,-0.026303044520318508,0.025737741217017177,0.004937955236903327,11.880817413330078,2.1404320298822025e-06,0.013791934747634436,1.3150274753570557e-06,-0.01761229056864977,0.017398841679096222
F:\Seminario\Seminario-Clustering\datasets\davi\Al Emadi (2019)\Multiclass_Drone_Audio\unknown\1-18755-B-40.wav,Multiclass_Drone_Audio\unknown\1-18755-B-40.wav,al_emadi,1-18755-B-40,1.0216875,0.012399647954941308,7.648756980895996,-0.0013358347853529603,0.05560440687347303,-0.0025560539215803146,-0.06390421837568283,0.0631886824965477,0.05266595462651673,6.667951583862305,0.004528505735948094,0.11453959243388219,0.0020361694041639566,-0.09406624734401703,0.11156375408172607,0.0800192834995904,7.096518039703369,-0.0008559776214982759,0.1002943336176896,-0.0002851847093552351,-0.07233126014471053,0.07846799269318581,0.33228395321765375,8.229938507080078,0.00025468049509262236,0.14483871612894106,0.00013426717487163842,-0.12047819048166275,0.1277724951505661,0.46762238305999215,8.772682189941406,0.0007274100094282379,0.1216277039955127,-5.8756271755555645e-05,-0.07428173571825027,0.0741017132997513,0.055008777641305656,9.590736389160156,-5.79289319857781e-06,0.02951249533076662,-4.3319290853105485e-05,-0.016565010510385034,0.015473299380391837
F:\Seminario\Seminario-Clustering\datasets\davi\Al Emadi (2019)\Multiclass_Drone_Audio\unknown\2-106014-A-441.wav,Multiclass_Drone_Audio\unknown\2-106014-A-441.wav,al_emadi,2-106014-A-441,1.0216875,0.6570471222604344,7.971873760223389,0.002775415918576264,0.2821852219486822,0.0036460086703300476,-0.37687688469886776,0.3854050934314728,0.1399984142306552,7.794267177581787,0.000178203904805687,0.1302621253510713,-0.0031899071764200926,-0.15168732404708862,0.17165658473968506,0.06886895559585639,8.927770614624023,0.0006288150824986181,0.06485051087659129,0.0007957767229527235,-0.0835905060172081,0.08388110473752022,0.10727259067843588,9.920073509216309,-5.084383855133373e-05,0.05735906503143008,0.0003286944702267647,-0.07576781511306763,0.07376337051391602,0.023572554737956657,10.928868293762207,-8.820572690806728e-05,0.019033492863940866,0.0002654646523296833,-0.024635339528322215,0.024107264727354055,0.0032403624966614994,11.911901473999023,7.5327382707488e-06,0.004992446654669569,-3.035273402929306e-05,-0.0063976315315812824,0.006340132467448712
F:\Seminario\Seminario-Clustering\datasets\davi\Al Emadi (2019)\Multiclass_Drone_Audio\unknown\5-260011-A-343.wav,Multiclass_Drone_Audio\unknown\5-260011-A-343.wav,al_emadi,5-260011-A-343,1.0216875,0.0,-0.0,0.0,0.0,0.0,0.0,0.0,0.0,-0.0,0.0,0.0,0.0,0.0,0.0,0.0,-0.0,0.0,0.0,0.0,0.0,0.0,0.0,-0.0,0.0,0.0,0.0,0.0,0.0,0.0,-0.0,0.0,0.0,0.0,0.0,0.0,0.0,-0.0,0.0,0.0,0.0,0.0,0.0
F:\Seminario\Seminario-Clustering\datasets\davi\Al Emadi (2019)\Multiclass_Drone_Audio\unknown\1-52290-A-301.wav,Multiclass_Drone_Audio\unknown\1-52290-A-301.wav,al_emadi,1-52290-A-301,1.0216875,0.7151726332919225,6.837246417999268,-0.0019515647116739973,0.07981874221082617,0.0,-0.08495563864707946,0.08077736049890515,0.05837336847938539,4.0327839851379395,-0.0019444750046941778,0.022727563633363118,0.0,-0.011936100386083122,0.007883092202246188,0.08943513485299821,5.57128381729126,-0.00027154167211010735,0.020040497741294395,0.0,-0.005698036542162299,0.0053920959122479,0.12821267780686801,5.603496074676514,-6.102933519066687e-05,0.017005631161865608,0.0,-0.003254333045333624,0.003193923272192478,0.007992726911688229,6.750217437744141,-1.016590216948894e-05,0.003005640285687643,0.0,-0.0012494322843849659,0.001252241292968393,0.0008134586571376442,7.685055732727051,-8.379693286667815e-07,0.0006783545058673034,0.0,-0.00030461395217571405,0.00031091566197574146
F:\Seminario\Seminario-Clustering\datasets\davi\Al Emadi (2019)\Multiclass_Drone_Audio\membo_1\mixed_membo_48-membo_001_.wav,Multiclass_Drone_Audio\membo_1\mixed_membo_48-membo_001_.wav,al_emadi,mixed_membo_48-membo_001,1.024,0.7809032989745199,7.268054962158203,3.243806545819657e-05,0.13209415764660948,-0.0005503314023371786,-0.14355106204748153,0.15480858236551295,0.00464678404575713,7.832530498504639,-0.00013213820946895375,0.010188839172781152,-0.00035346669028513134,-0.012991566117852925,0.013424576073884968,0.012307430542011773,9.011619567871094,-7.952641497876915e-06,0.011771462009217516,0.00023460785450879484,-0.016031474992632865,0.01512912083417177,0.04205313484011511,9.981117248535156,0.00018582023161722896,0.015418723221273254,0.0008258974994532764,-0.020612680166959763,0.019170881807804116,0.0919461549690958,10.834053039550781,7.214981460310898e-05,0.016138058702570048,-6.59338547848165e-05,-0.02003554832190275,0.020602073147892953,0.06814319662850024,11.878934860229492,3.3309429385875176e-06,0.009828719040030461,-7.178680243669078e-05,-0.012496798764914274,0.01226585591211915
F:\Seminario\Seminario-Clustering\datasets\davi\Al Emadi (2019)\Multiclass_Drone_Audio\unknown\1-58277-A-30.wav,Multiclass_Drone_Audio\unknown\1-58277-A-30.wav,al_emadi,1-58277-A-30,1.0216875,0.1452764425500689,8.511781692504883,-0.009774973833133145,0.6548375823669057,0.05853411555290222,-0.8938813686370849,0.7848702311515808,0.22977482573370933,8.170293807983398,-0.0032004305495304526,0.8236303059372979,-0.021326573565602303,-1.1240684986114502,1.1113962173461909,0.3381864842026236,8.76900863647461,0.008581331036578032,0.7092441909125685,0.01840035617351532,-0.8057343482971191,0.9547326982021332,0.2737308550977394,9.77195930480957,-0.0007477997602855851,0.4522166009088667,0.012204360216856003,-0.5893312692642212,0.616597592830658,0.012603332771232736,10.546433448791504,0.00010290488972418027,0.06868934766478078,0.0021990330424159765,-0.08105945736169815,0.07848245948553087,0.00042805964462602314,10.505666732788086,2.7887725585234412e-05,0.008955596736722896,7.993541657924652e-06,-0.008184938039630652,0.007923022471368312
F:\Seminario\Seminario-Clustering\datasets\davi\Al Emadi (2019)\Multiclass_Drone_Audio\unknown\2-118817-A-323.wav,Multiclass_Drone_Audio\unknown\2-118817-A-323.wav,al_emadi,2-118817-A-323,1.0216875,0.8530973806262345,7.854443550109863,0.001574861639859388,0.08139837669361089,-0.001881120610050857,-0.09747575074434281,0.10000246763229369,0.006889381846178005,6.402463912963867,2.57392488271967e-05,0.007316193052297445,1.4713790733367205e-05,-0.006743784993886948,0.007177800312638282,0.000844501784049051,8.423713684082031,-3.874049229814119e-06,0.0018182854670271038,1.4791236026212573e-05,-0.0020531601505354045,0.0020457133185118447,0.002143465571851445,7.643805027008057,5.283044098525581e-06,0.002052841180251163,2.9654183890670538e-05,-0.0014578895643353462,0.001457692589610815,0.01867931113311745,6.089784145355225,6.15041983727646e-05,0.0042893976164106885,-1.2634031008929014e-05,-0.0016631762264296412,0.001698901248164476,0.11834595903856952,7.861536979675293,7.4131932712228335e-06,0.007638961803541786,8.288709068438038e-06,-0.002650153404101729,0.002525472175329924
F:\Seminario\Seminario-Clustering\datasets\davi\Al Emadi (2019)\Multiclass_Drone_Audio\bebop_1\mixed_6-bebop_002_.wav,Multiclass_Drone_Audio\bebop_1\mixed_6-bebop_002_.wav,al_emadi,mixed_6-bebop_002,1.024,0.5477025702860723,7.622453689575195,-0.0006238437468150201,0.2208989488817628,-0.0033982465974986553,-0.2664790570735931,0.26167055368423475,0.010124869955420735,7.837723731994629,-0.004711884742069882,0.029662403246798533,-0.004501287592574954,-0.04246092028915882,0.032707133889198305,0.033141435165230666,8.91162109375,-0.006361896379121742,0.038043578228272895,-0.0060003227554261684,-0.0560921486467123,0.0415276538580656,0.07958490429919457,9.967880249023438,0.005102761355344146,0.04204938601772978,0.005072975531220436,-0.04704251289367676,0.05870567932724954,0.1862846725982235,10.94272232055664,0.0008721323720317525,0.045860297724417486,0.001628468744456768,-0.059639168903231614,0.05986427441239357,0.1431615476958583,11.93794059753418,2.344372257320533e-05,0.028447016037847692,0.0002518793917261064,-0.036661406978964806,0.03609001450240612
F:\Seminario\Seminario-Clustering\datasets\davi\Al Emadi (2019)\Multiclass_Drone_Audio\unknown\5-237315-A-310.wav,Multiclass_Drone_Audio\unknown\5-237315-A-310.wav,al_emadi,5-237315-A-310,1.0216875,0.7817678612089757,6.612031936645508,3.9357480369615934e-05,0.0386929033798859,0.0003368766629137099,-0.028981507942080494,0.03021849915385246,0.05014194084085181,7.441734790802002,0.00031486460863205923,0.009794198107749482,-0.00010309847129974514,-0.010619466938078402,0.011995328217744825,0.012358186593465995,8.676895141601562,-0.00012105482382695892,0.0034511837340253128,-0.0002393552422290668,-0.004150445107370615,0.0040128906723111875,0.012384700427705552,8.85366439819336,9.923762343360816e-05,0.0024478209823857967,3.922538598999381e-05,-0.002556223887950182,0.002786230994388461,0.0720237625123259,6.8069586753845215,-4.152052728137163e-06,0.004182087772706588,-2.1263258531689644e-07,-0.0020816977601498363,0.0021258510649204265,0.07132354841667508,7.443155765533447,7.900756593670795e-07,0.0029442128331185697,9.256201337848324e-06,-0.0013919802149757743,0.0014178507728502155
F:\Seminario\Seminario-Clustering\datasets\davi\Al Emadi (2019)\Multiclass_Drone_Audio\unknown\2-78651-A-441.wav,Multiclass_Drone_Audio\unknown\2-78651-A-441.wav,al_emadi,2-78651-A-441,1.0216875,0.5095091928701442,6.328536033630371,0.0005919912489945776,0.3143441314696164,-0.002367700682953,-0.2466060370206833,0.23254479169845574,0.07521893011326643,6.159458160400391,2.667648351692051e-05,0.1207796234204539,-0.00543566606938839,-0.09976796805858612,0.10169502347707747,0.043185984910205984,6.263774871826172,0.0017152733219509438,0.0649404296792927,0.0002809515281114727,-0.03800676353275776,0.03435108326375484,0.2363712390723256,7.23846435546875,0.000722105139012513,0.10770069743859749,0.0009371004998683929,-0.05436411499977112,0.05565435439348221,0.07339285104764996,7.465508937835693,-0.00014362978839595121,0.04248321012803213,-6.670644506812096e-05,-0.02303366959095001,0.0231179989874363,0.0623218019864078,7.673980236053467,-5.7113104165540106e-05,0.027695507233165297,2.4150809622369707e-05,-0.008684341702610253,0.009059284254908562
F:\Seminario\Seminario-Clustering\datasets\davi\Al Emadi (2019)\Multiclass_Drone_Audio\unknown\4-223125-A-144.wav,Multiclass_Drone_Audio\unknown\4-223125-A-144.wav,al_emadi,4-223125-A-144,0.95975,0.25677939911236847,7.8624653816223145,0.0004937195429744459,0.03905257577102083,0.0008657230064272881,-0.049405403807759284,0.050544516369700435,0.10593919080818728,7.853647232055664,-0.00010551525391762328,0.025085848201986186,6.4875202951952815e-06,-0.03259978219866753,0.03214461393654346,0.046942996231299466,8.857990264892578,0.0006699039413659133,0.011837708554250922,0.0002688769600354135,-0.014779990911483765,0.016028300486505033,0.05624491087255214,9.895633697509766,-0.00030294841581025015,0.009193466784526799,-0.0001984031405299902,-0.011965007707476615,0.011461041308939457,0.20641537424945797,10.79774284362793,0.00019675768992716145,0.012473347924510427,0.00022777548292651772,-0.01538309548050165,0.015770651027560235,0.32767812872613467,11.620962142944336,5.234673706740936e-05,0.01111977469602667,1.5502359019592404e-05,-0.013602284342050552,0.013630523439496759
F:\Seminario\Seminario-Clustering\datasets\davi\Al Emadi (2019)\Multiclass_Drone_Audio\unknown\1-36400-A-234.wav,Multiclass_Drone_Audio\unknown\1-36400-A-234.wav,al_emadi,1-36400-A-234,0.95975,0.0,-0.0,0.0,0.0,0.0,0.0,0.0,0.0,-0.0,0.0,0.0,0.0,0.0,0.0,0.0,-0.0,0.0,0.0,0.0,0.0,0.0,0.0,-0.0,0.0,0.0,0.0,0.0,0.0,0.0,-0.0,0.0,0.0,0.0,0.0,0.0,0.0,-0.0,0.0,0.0,0.0,0.0,0.0
F:\Seminario\Seminario-Clustering\datasets\davi\Al Emadi (2019)\Multiclass_Drone_Audio\unknown\2-104952-B-160.wav,Multiclass_Drone_Audio\unknown\2-104952-B-160.wav,al_emadi,2-104952-B-160,1.0216875,0.45738620627993415,7.955477714538574,-0.0025695900408988946,0.09231434515289967,0.0004896781174466014,-0.12167262732982634,0.11401614397764205,0.4213494897475638,7.914317607879639,0.0012191599976273185,0.08862902750909629,0.002889037597924471,-0.11068722605705261,0.11053271442651748,0.10103693418435715,8.879343032836914,-0.00023807706735187292,0.03080973896658304,0.00040957715827971697,-0.0382965337485075,0.038083945587277415,0.012242089740900871,9.919721603393555,2.5621307787607115e-05,0.007600147173411582,-0.00010547987767495215,-0.009700468741357327,0.009533291682600975,0.005989223579852708,10.875913619995117,3.9548859824762375e-05,0.0037628763687445202,-3.589976404327899e-05,-0.004599078185856342,0.004829519521445039,0.0019960564673913283,11.74863052368164,3.648044182175925e-06,0.0015368842778944482,6.186019163578749e-07,-0.0018745523993857205,0.0018916081055067482
F:\Seminario\Seminario-Clustering\datasets\davi\Al Emadi (2019)\Multiclass_Drone_Audio\unknown\3-103598-A-252.wav,Multiclass_Drone_Audio\unknown\3-103598-A-252.wav,al_emadi,3-103598-A-252,0.97525,0.7683020160408338,7.787084579467773,-0.0037096802528638717,0.12265617040732435,-0.006760607706382871,-0.1513950675725937,0.1472654938697815,0.009541308010967633,6.80695915222168,-0.00015976934012160786,0.013674022018044886,0.0002393414033576846,-0.01306291576474905,0.013359173201024532,0.02070423868256831,7.437710762023926,6.330306695346434e-05,0.014309070416333836,0.0005932007916271687,-0.013667293451726436,0.013364086858928205,0.03896535187208018,7.559751510620117,-0.0002634818960957831,0.01390649909681335,8.638735016575083e-05,-0.011528268549591303,0.011477605067193508,0.07958180889246703,7.853595733642578,0.0001794611765365693,0.014070602176333834,5.004458944313228e-05,-0.009411968104541302,0.009668980538845063,0.08290527650108298,9.159590721130371,-3.365385472889295e-05,0.010161018907308866,-1.9456569134490564e-05,-0.006563583388924599,0.006477418355643749
F:\Seminario\Seminario-Clustering\datasets\davi\Al Emadi (2019)\Multiclass_Drone_Audio\bebop_1\mixed_25-bebop_003_.wav,Multiclass_Drone_Audio\bebop_1\mixed_25-bebop_003_.wav,al_emadi,mixed_25-bebop_003,1.024,0.8373262376130467,7.907897472381592,-0.0034312404266809327,0.4491122365062789,0.02938290499150753,-0.564505660533905,0.5256583333015442,0.04202383645686814,7.898013591766357,-0.007123575703903603,0.10036374147079226,-0.0048950184136629105,-0.14091691225767133,0.12089610472321513,0.020632786572544675,9.022543907165527,-0.0004089283600112048,0.05004336119259527,-0.00039492780342698097,-0.06644014120101928,0.06431217193603515,0.025372126402892235,9.890636444091797,0.001119842740577938,0.039311376983668246,0.0006074104458093643,-0.048395320773124695,0.05219271332025529,0.04359349807690729,10.948957443237305,-0.0002706808002069883,0.036485721082443426,-8.13205842860043e-05,-0.04725091382861137,0.045898650959134105,0.031051514877740966,11.940377235412598,-0.00010449618360522621,0.021784986372637,-7.928865670692176e-05,-0.027660302817821503,0.027697140350937843
F:\Seminario\Seminario-Clustering\datasets\davi\Al Emadi (2019)\Multiclass_Drone_Audio\bebop_1\B_S2_D1_069-bebop_004_.wav,Multiclass_Drone_Audio\bebop_1\B_S2_D1_069-bebop_004_.wav,al_emadi,B_S2_D1_069-bebop_004,0.896,0.19722602706473438,7.2227630615234375,0.004783266761622049,0.17123267864972538,0.00929438229650259,-0.17498667538166046,0.18879126757383347,0.0317151979755127,7.647417068481445,0.0004624795812496654,0.06869067265963089,0.004674054216593504,-0.08235890045762062,0.08674108982086182,0.057664828547408155,8.746894836425781,-0.0004183933019019412,0.0657837825325132,0.0008334434533026069,-0.08716247156262398,0.08356347829103469,0.1743318068657337,9.76021957397461,-0.001994190950278222,0.08105833513371884,-0.003011989640071988,-0.1083425536751747,0.10093372911214829,0.31905351757842043,10.707959175109863,0.0008249640432030772,0.07764551281614332,0.001104047754779458,-0.0976231925189495,0.09737803265452386,0.2200086219681906,11.7478609085083,-6.68592066043237e-05,0.04562003062858648,-0.0007186683942563832,-0.05876430496573448,0.05802307128906254
F:\Seminario\Seminario-Clustering\datasets\davi\Al Emadi (2019)\Multiclass_Drone_Audio\unknown\4-179984-A-380.wav,Multiclass_Drone_Audio\unknown\4-179984-A-380.wav,al_emadi,4-179984-A-380,1.0216875,0.11039392557611853,4.8206658363342285,1.1464657752828433e-05,0.00828548309451276,2.1381621991167776e-05,-0.0019087525084614753,0.0022545063402503725,0.037483034628720026,5.6246819496154785,-5.1999717120128065e-05,0.0048276729782355645,-1.6430511095677502e-05,-0.003257229086011648,0.0028949183411896224,0.031601128791270285,6.281393051147461,7.926746345039815e-05,0.003145749887609593,7.613008165208157e-06,-0.001838029467035085,0.0018666503601707522,0.1550451033452766,6.701344966888428,-6.11786980014409e-06,0.004939411804525713,-1.8850596461561508e-07,-0.0017968800384551287,0.001898529240861535,0.5554172002446788,6.582534313201904,-4.2389544268874704e-05,0.0066177327795331,7.085441211529542e-07,-0.0016003919765353201,0.0016629369929432878,0.11005960741393578,8.078575134277344,1.712687576786825e-06,0.0020841051696801997,-2.0750519524881383e-08,-0.000667608919320628,0.000659141136566177
F:\Seminario\Seminario-Clustering\datasets\davi\Al Emadi (2019)\Multiclass_Drone_Audio\bebop_1\mixed_42-bebop_002_.wav,Multiclass_Drone_Audio\bebop_1\mixed_42-bebop_002_.wav,al_emadi,mixed_42-bebop_002,1.024,0.7527463452315414,7.603588104248047,-0.002889440453705342,0.2897432347825415,-0.008380175568163395,-0.3491237223148346,0.3470484048128129,0.026442112315558514,7.919872760772705,-0.00020070855176667325,0.05430698299946534,0.0012302284594625235,-0.07310829982161522,0.06614800170063972,0.0194950321141731,8.919833183288574,0.0007237919671187996,0.03309257162217741,0.0005829896545037627,-0.038785699382424356,0.04387218803167343,0.051412364424852385,9.960309982299805,-0.0005651060720523842,0.03808836530364639,-0.0007816024590283632,-0.047045979648828506,0.04847580492496492,0.08738425527226248,10.887411117553711,0.0011175166032433308,0.035132691049895075,0.0009593366121407598,-0.04248091466724872,0.04529444612562657,0.0625198906416121,11.927127838134766,3.562050562594488e-05,0.021033897803409907,-0.0001576632639626041,-0.02644540462642908,0.026810294948518276
F:\Seminario\Seminario-Clustering\datasets\davi\Al Emadi (2019)\Multiclass_Drone_Audio\bebop_1\B_S2_D1_107-bebop_000_.wav,Multiclass_Drone_Audio\bebop_1\B_S2_D1_107-bebop_000_.wav,al_emadi,B_S2_D1_107-bebop_000,1.024,0.8335027960011481,7.732693672180176,-0.010707746113005739,1.071202884042009,-0.03160527162253857,-1.3058204174041748,1.3082291245460511,0.07397502039781294,7.248793125152588,0.01186519295666725,0.31892024330881974,0.008436968550086021,-0.31114329397678364,0.3503268867731094,0.02480629592070422,7.870615005493164,0.006154929211136683,0.13104007816515173,0.0015400787815451622,-0.12543689906597139,0.13264681249856947,0.021519155342240522,9.393844604492188,-0.0008750514497803728,0.0865816966114134,0.00021327566355466843,-0.10042759329080582,0.0941284701228142,0.02755723885146594,10.861387252807617,0.00033776816203137634,0.06935159415196887,0.00011443538824096322,-0.08723461329936981,0.08722646534442902,0.018639493486628324,11.921110153198242,-0.00010459542943103289,0.040351174138458235,-0.00015190872363746166,-0.05281633324921131,0.05148579552769661
F:\Seminario\Seminario-Clustering\datasets\davi\Al Emadi (2019)\Multiclass_Drone_Audio\unknown\4-177835-A-244.wav,Multiclass_Drone_Audio\unknown\4-177835-A-244.wav,al_emadi,4-177835-A-244,0.95975,0.0,-0.0,0.0,0.0,0.0,0.0,0.0,0.0,-0.0,0.0,0.0,0.0,0.0,0.0,0.0,-0.0,0.0,0.0,0.0,0.0,0.0,0.0,-0.0,0.0,0.0,0.0,0.0,0.0,0.0,-0.0,0.0,0.0,0.0,0.0,0.0,0.0,-0.0,0.0,0.0,0.0,0.0,0.0
F:\Seminario\Seminario-Clustering\datasets\davi\Al Emadi (2019)\Multiclass_Drone_Audio\unknown\1-72195-A-374.wav,Multiclass_Drone_Audio\unknown\1-72195-A-374.wav,al_emadi,1-72195-A-374,0.95975,0.8417895908985772,7.546652793884277,-0.0009981813081602192,0.0013292768644418782,-0.0010406000656075776,-0.0024301061173900964,0.0005128195043653252,0.09167752465194988,6.163569450378418,6.428702039049879e-07,0.0005485885585949697,-1.3357089756027563e-05,-0.0005244430038146674,0.0005111067323014141,0.0342434910041732,7.814584732055664,5.950376905842828e-07,0.00023805401002757702,-5.337030870578019e-06,-0.0002441950244246982,0.0002529458288336173,0.012800375674605773,9.863032341003418,-1.3185012272438992e-06,0.00010314793193489317,-2.3225770746648777e-06,-0.0001327799371210858,0.00013033588475082073,0.010352656418630259,10.807027816772461,-1.1391050110366612e-06,6.566560016769728e-05,-1.1954739420616534e-06,-8.519341790815815e-05,8.226195641327649e-05,0.00913636135206366,11.797927856445312,-2.389176929628566e-07,4.364841745186439e-05,-1.6784645140432985e-07,-5.5027711641741914e-05,5.5011998847476246e-05
F:\Seminario\Seminario-Clustering\datasets\davi\Al Emadi (2019)\Multiclass_Drone_Audio\unknown\5-251426-B-304.wav,Multiclass_Drone_Audio\unknown\5-251426-B-304.wav,al_emadi,5-251426-B-304,0.95975,0.9259655134717297,7.181619644165039,5.229901213062156e-05,0.0024242209269662715,0.0,-0.0025812759995460506,0.0026728674303740266,0.03546038625412374,7.224101543426514,-1.3759925364032008e-05,0.00047431286297538447,0.0,-0.0005712679703719914,0.0005228930618613959,0.011366466624773468,8.354848861694336,-3.998291168945681e-06,0.00019070645860755096,0.0,-0.0002305719899595715,0.00022484254586743198,0.00817938587056095,9.370454788208008,-6.368058483883402e-07,0.00011468286782086684,0.0,-0.00014484075654763726,0.00013907293614465747,0.00806303109072626,10.544672966003418,-1.1300286789746004e-06,8.060167322482205e-05,0.0,-0.00010680369014153257,0.00010082441294798627,0.010965216688085883,11.539409637451172,-8.524492650864697e-08,6.650539150449689e-05,0.0,-8.479092866764404e-05,8.487638624501415e-05
F:\Seminario\Seminario-Clustering\datasets\davi\Al Emadi (2019)\Multiclass_Drone_Audio\unknown\4-172734-A-360.wav,Multiclass_Drone_Audio\unknown\4-172734-A-360.wav,al_emadi,4-172734-A-360,1.0216875,0.035769187808193124,7.836771011352539,-0.010071556999226754,0.2585854552874777,0.007959773764014244,-0.3505809664726257,0.3134148716926573,0.0876977915331696,8.00193977355957,0.019202795812791943,0.40474808409121327,0.04187793657183647,-0.509225833415985,0.538138496875763,0.3548748818334403,9.010122299194336,0.0010223819770244428,0.5786030529209178,-0.0222072871401906,-0.7312726736068725,0.7710035681724549,0.2906234604231476,9.974695205688477,-0.0060470385376140585,0.3710113529552237,-0.0017238245345652103,-0.4928869605064392,0.4690525531768799,0.1836845749374598,10.95920181274414,-0.001036143904460165,0.20882019287080386,-0.001303370576351881,-0.2706378996372223,0.2682276248931885,0.04735010346458959,11.937410354614258,0.0003537720853619288,0.07500573139549946,-0.00046932080294936895,-0.09574257358908653,0.0963911958038807
F:\Seminario\Seminario-Clustering\datasets\davi\Al Emadi (2019)\Multiclass_Drone_Audio\unknown\4-198965-A-381.wav,Multiclass_Drone_Audio\unknown\4-198965-A-381.wav,al_emadi,4-198965-A-381,1.0216875,0.2475801326598902,5.910297393798828,-0.0006389464757719588,0.02876842467151759,0.00021397766249720007,-0.0160467229783535,0.0188737940043211,0.18862072515488748,5.917707443237305,0.00012431835692283035,0.02511624238388991,7.653085049241781e-05,-0.017060452327132224,0.016506956890225407,0.04610440393146303,5.921540260314941,2.1427503808137895e-05,0.008814552765936555,-0.00019160703232046217,-0.0037088881246745585,0.0034379775868728776,0.2726476995338709,5.549984455108643,0.0004772156278488244,0.015182826221007265,7.496049511246383e-05,-0.0011303855571895838,0.0016062307404354215,0.21245900562464246,6.904497146606445,-0.0001691136284952183,0.009490666734305302,-5.089117257739417e-05,-0.0009087112382985651,0.000723679282236845,0.03258803309524594,7.719417572021484,1.837414816405019e-05,0.0026299280973414267,4.219247784931213e-06,-0.00046275979839265345,0.000480187698849477
F:\Seminario\Seminario-Clustering\datasets\davi\Al Emadi (2019)\Multiclass_Drone_Audio\unknown\3-203375-A-390.wav,Multiclass_Drone_Audio\unknown\3-203375-A-390.wav,al_emadi,3-203375-A-390,1.0216875,0.021048199167442227,5.056257724761963,-3.7151391950264566e-05,0.10151374423035592,-0.0014578524278476834,-0.03409178033471107,0.036464671045541734,0.010492670561191329,5.096153736114502,0.0015185760393564938,0.07165771021796401,0.0002190805971622467,-0.02681799866259098,0.03209713473916053,0.023699838099905935,6.493401050567627,-0.0024093879198967575,0.07642570491310598,-8.775237438385375e-05,-0.04493476413190364,0.039763000234961515,0.07995833826722354,7.768103122711182,0.0019699989474427594,0.0995096174184523,7.217741949716583e-05,-0.05919523909687996,0.06320294737815857,0.2743410927617232,8.637510299682617,-0.0019778954164183806,0.13048955970945955,-9.946757927536964e-06,-0.0730506733059883,0.06518231183290482,0.5904598611425138,9.483850479125977,-4.1966504276125466e-05,0.13544802969286504,-1.5058531516842777e-05,-0.06824799329042434,0.06936225667595863
F:\Seminario\Seminario-Clustering\datasets\davi\Al Emadi (2019)\Multiclass_Drone_Audio\unknown\2-209471-A-252.wav,Multiclass_Drone_Audio\unknown\2-209471-A-252.wav,al_emadi,2-209471-A-252,0.97525,0.38079712438394325,5.961915016174316,-0.058006104463504835,0.2513961075343868,-0.04865037649869919,-0.20874430239200592,0.08521043136715889,0.2885566751148912,5.688521385192871,0.012118975413613953,0.22426297108919774,-0.0007122112438082695,-0.13657823204994202,0.17880155891180038,0.20077867221084655,6.886387825012207,-0.012859966231430459,0.13245265860376063,-0.0014000823721289635,-0.10400660634040833,0.0820560723543168,0.10669450773424564,6.866837024688721,0.00023272660415996207,0.06873505235709697,0.00012512458488345146,-0.0410952229052782,0.04165628775954246,0.01855608556558728,7.855942726135254,-0.0002645382537170162,0.02029086763189167,-0.00016098690684884787,-0.012984317913651464,0.011753700673580175,0.0046169349904860825,9.315990447998047,-2.973188649688076e-05,0.00716102029717038,1.1301148333586752e-05,-0.00506169255822897,0.0048967693001031876
F:\Seminario\Seminario-Clustering\datasets\davi\Al Emadi (2019)\Multiclass_Drone_Audio\unknown\2-102414-G-170.wav,Multiclass_Drone_Audio\unknown\2-102414-G-170.wav,al_emadi,2-102414-G-170,1.0216875,0.022060638713617874,4.211771011352539,-0.00158056965143095,0.032859987243973765,0.001308501698076725,-0.015210357308387755,0.01516843326389789,0.29149574393811695,6.927225112915039,0.013939544741952118,0.11876965807555347,0.00714092655107379,-0.10393998026847838,0.12858394682407379,0.3586760735996778,8.15308666229248,1.715368871549958e-05,0.09416216180871029,0.0014253039262257516,-0.09788934513926505,0.10398182198405266,0.10341216474614567,9.231677055358887,-0.00010542097718749256,0.035829846332163615,-0.0006212510634213686,-0.03823791444301605,0.0399906262755394,0.09655511483682092,9.888898849487305,0.00043764275927047117,0.02450424673799041,0.0005532449577003717,-0.024573464319109915,0.02499659806489945,0.12780026416562082,10.298330307006836,2.40692092634989e-05,0.01994737933464959,-0.00016570065054111183,-0.017446228489279746,0.018087899498641494
F:\Seminario\Seminario-Clustering\datasets\davi\Al Emadi (2019)\Multiclass_Drone_Audio\bebop_1\mixed_32-bebop_000_.wav,Multiclass_Drone_Audio\bebop_1\mixed_32-bebop_000_.wav,al_emadi,mixed_32-bebop_000,1.024,0.2491966641319207,7.716623306274414,-0.0061993325205269055,0.22869086767158736,-0.007460861932486296,-0.26681796610355374,0.251068624854088,0.2564134380557182,7.535750389099121,-0.021673076112235252,0.23104965315579495,-0.005451370496302843,-0.2973966091871261,0.26006532907485963,0.24745080593019655,8.399537086486816,-0.0020404745441208985,0.16181133470967607,-0.0016360906884074211,-0.18287600725889205,0.18030822277069092,0.10359800702829872,9.562830924987793,-0.0007741591224244087,0.07419677586543447,-0.0011221237946301699,-0.08593695312738418,0.08890298157930383,0.09307414975904836,10.808131217956543,-0.0005951605711936809,0.04977652143700866,-0.0002945367305073887,-0.06110196672379971,0.06124985292553904,0.050266935094817465,11.903740882873535,-3.062597979135767e-05,0.02588086623700354,-7.507420377805829e-05,-0.033034734427928925,0.03290124237537384
F:\Seminario\Seminario-Clustering\datasets\davi\Al Emadi (2019)\Multiclass_Drone_Audio\unknown\1-80785-A-74.wav,Multiclass_Drone_Audio\unknown\1-80785-A-74.wav,al_emadi,1-80785-A-74,0.95975,0.9909880449485239,8.038054466247559,-0.005639480430724435,1.4365995142189993,0.0030913231894373894,-1.8503552675247192,1.9345378160476687,0.004347794941231429,7.865801811218262,-0.0025406275020881755,0.09512277555012998,0.0003167258109897375,-0.12472856268286706,0.11880254819989206,0.00200356382686772,8.883468627929688,-0.0033088757057360583,0.04574519980086015,-0.006079221144318581,-0.05905888229608536,0.05707957409322264,0.0014937046480041206,9.468751907348633,5.770487298577112e-05,0.028067604234177986,0.0003211013972759247,-0.03535430505871772,0.03374752402305603,0.000695329428265135,10.680093765258789,0.00022576973148014866,0.013555067128518034,0.00022649578750133514,-0.01686400957405567,0.01681925319135189,0.0004715622071076974,11.76491641998291,1.9405352677184912e-05,0.007898521175337927,7.91577622294426e-06,-0.009881886094808579,0.009867878630757337
F:\Seminario\Seminario-Clustering\datasets\davi\Al Emadi (2019)\Multiclass_Drone_Audio\unknown\1-85362-A-00.wav,Multiclass_Drone_Audio\unknown\1-85362-A-00.wav,al_emadi,1-85362-A-00,1.0216875,0.0017549133810981648,5.908442497253418,-0.0011108390581933154,0.024668396978705737,0.0007378511363640428,-0.019138497114181516,0.01936456114053726,0.09882216870933483,6.639739036560059,0.001791032930649458,0.18529336224875767,-0.003038632683455944,-0.16678143143653867,0.16775829493999472,0.7286028692724559,7.7221903800964355,0.0019183125280214529,0.35715540425987874,0.0018133519915863872,-0.34508096575736996,0.3121172904968263,0.16163901144792317,8.775335311889648,0.00053016945102678,0.11921272170071563,-0.0002550112549215555,-0.11455155909061432,0.12321363389492035,0.008897062817178347,9.437749862670898,-1.7690899332248847e-05,0.01979880281340954,-3.083917545154691e-05,-0.017883886396884915,0.017085558921098715,0.00028397437200964584,10.395978927612305,6.032069317814285e-06,0.002502369350926171,-1.6484365914948285e-05,-0.002055006823502481,0.00213731867261231
F:\Seminario\Seminario-Clustering\datasets\davi\Al Emadi (2019)\Multiclass_Drone_Audio\unknown\5-243773-B-444.wav,Multiclass_Drone_Audio\unknown\5-243773-B-444.wav,al_emadi,5-243773-B-444,0.95975,0.5116386192382306,7.997626304626465,0.0017920819027196677,0.2830442905877558,-0.027909190393984318,-0.3444661974906921,0.3921412378549576,0.08894191161479352,7.888546943664551,0.001585305365924647,0.1180036680237657,0.004140280419960618,-0.15752941370010376,0.14918640553951262,0.18528300011719417,8.844799995422363,0.003263165396667078,0.12089639355662549,0.003629386075772345,-0.1538500815629959,0.15301634520292284,0.12873689686062548,9.801224708557129,0.0007598254203829734,0.0714459265676332,0.0007807790534570813,-0.08895379304885861,0.09048547446727753,0.07178962769758394,10.37171745300293,-0.00042437522904341856,0.037769970138664455,-0.0003409493947401643,-0.04365518614649772,0.043122590333223326,0.013609944471572323,11.525110244750977,5.291066550513405e-05,0.011635308556319874,2.814931212924421e-05,-0.013616420328617096,0.013925834186375155
F:\Seminario\Seminario-Clustering\datasets\davi\Al Emadi (2019)\Multiclass_Drone_Audio\unknown\4-204123-A-392.wav,Multiclass_Drone_Audio\unknown\4-204123-A-392.wav,al_emadi,4-204123-A-392,0.97525,0.0,-0.0,0.0,0.0,0.0,0.0,0.0,0.0,-0.0,0.0,0.0,0.0,0.0,0.0,0.0,-0.0,0.0,0.0,0.0,0.0,0.0,0.0,-0.0,0.0,0.0,0.0,0.0,0.0,0.0,-0.0,0.0,0.0,0.0,0.0,0.0,0.0,-0.0,0.0,0.0,0.0,0.0,0.0
F:\Seminario\Seminario-Clustering\datasets\davi\Al Emadi (2019)\Multiclass_Drone_Audio\unknown\3-103401-B-334.wav,Multiclass_Drone_Audio\unknown\3-103401-B-334.wav,al_emadi,3-103401-B-334,0.95975,0.020510512976820206,4.6734700202941895,0.0024640165438093568,0.04408039414092974,-0.0002210249367635697,-0.03249556273221969,0.030991594120860104,0.0270967352211489,7.609515190124512,0.0008515791109783125,0.050737839805095795,0.0009222037333529443,-0.06023749969899654,0.06315550506114961,0.14602422689362815,8.204645156860352,0.0017902297300784725,0.08362186027371268,0.0013826947542838752,-0.09390932172536849,0.09881943240761758,0.5019601988400014,8.534364700317383,-0.0005059404141254007,0.10990912279508895,-0.0005649800878018141,-0.10420831888914107,0.10426788181066532,0.2606132155315443,8.792648315429688,-7.22088743454073e-05,0.056065310433187805,-6.77605567034334e-05,-0.04151578843593597,0.04125303626060486,0.04379511053685695,9.287434577941895,3.704782705028113e-05,0.01625994586944145,2.7792766559286974e-05,-0.010171959083527325,0.009960924834012997
F:\Seminario\Seminario-Clustering\datasets\davi\Al Emadi (2019)\Multiclass_Drone_Audio\unknown\1-64473-A-451.wav,Multiclass_Drone_Audio\unknown\1-64473-A-451.wav,al_emadi,1-64473-A-451,1.0216875,0.884877841291062,8.136747360229492,0.01991599332720673,2.7967836005710867,0.050606392323970795,-3.463636255264282,4.034408855438232,0.05201664560090436,7.727633476257324,0.014231056414602004,0.677959487870536,0.009957809001207352,-0.8571842789649963,0.7900303840637206,0.026245612052443527,8.581353187561035,-0.008710527812917401,0.3418067709644627,-0.010492697358131409,-0.4101163804531097,0.3811752527952194,0.014081747540821652,9.664775848388672,-0.0015364085535937942,0.1774765939084963,0.001056123524904251,-0.2252306044101715,0.21691110730171204,0.013394918077912826,10.749929428100586,-0.0016180731641934607,0.12252457471220886,-0.0007224678993225098,-0.15642378032207488,0.1509859859943391,0.009383235436855647,11.798946380615234,6.772916561368863e-05,0.07255452302906716,0.0002597719430923462,-0.09234867915511132,0.09381756708025933
F:\Seminario\Seminario-Clustering\datasets\davi\Al Emadi (2019)\Multiclass_Drone_Audio\unknown\2-96033-A-133.wav,Multiclass_Drone_Audio\unknown\2-96033-A-133.wav,al_emadi,2-96033-A-133,1.0216875,0.7980061753413219,7.878162384033203,-0.01022228913611386,0.40467973976623894,-0.01818208023905754,-0.5255726218223572,0.5180025100708008,0.02763015768956041,8.034122467041016,-0.0015449596421796693,0.07530905042221761,-0.0016642548143863678,-0.1028234377503395,0.0924885258078575,0.002082407961027097,8.941940307617188,-0.0003970731243048116,0.014673573201682031,-0.0004851000849157572,-0.019257531128823755,0.017960645258426666,0.0008160435881813509,9.745073318481445,0.0005023814346221844,0.006492441700199546,0.00032363971695303917,-0.0073417979292571545,0.008515555411577225,0.00047987118377703763,8.989252090454102,4.252655732824075e-05,0.0035346023908855973,2.8436072170734406e-05,-0.002752024866640567,0.002846565935760737,0.1709853442361322,10.301005363464355,-8.804836006067813e-06,0.04720482602125125,-0.00010425160871818662,-0.03586970046162605,0.03635569401085378
F:\Seminario\Seminario-Clustering\datasets\davi\Al Emadi (2019)\Multiclass_Drone_Audio\unknown\2-66637-A-202.wav,Multiclass_Drone_Audio\unknown\2-66637-A-202.wav,al_emadi,2-66637-A-202,0.97525,0.003178957257284452,7.586012363433838,9.09220710332926e-05,0.022752478847051266,-0.0018066769698634744,-0.026560780592262745,0.02838975191116333,0.04626783417490751,5.357117652893066,-0.003019182361317836,0.08674941812005682,-0.00013365474296733737,-0.05384870432317257,0.04008517600595951,0.3074821272730076,6.955915451049805,-0.003150770558090028,0.15891999690893327,-0.000244722468778491,-0.11262422055006027,0.10361693054437654,0.20986334294163325,7.759842395782471,-0.0004025730734846026,0.09304404679523073,-8.87117421370931e-05,-0.05978375859558582,0.05571989715099334,0.15364360885107836,8.954877853393555,-0.0004898186553683343,0.056357254701597984,-5.044839417678304e-05,-0.041634885221719736,0.03983322009444238,0.2795641295020888,9.48342514038086,1.911465490430516e-05,0.05378449679152069,-6.83365942677483e-06,-0.028566157445311546,0.02975287474691868
F:\Seminario\Seminario-Clustering\datasets\davi\Al Emadi (2019)\Multiclass_Drone_Audio\unknown\4-172500-A-274.wav,Multiclass_Drone_Audio\unknown\4-172500-A-274.wav,al_emadi,4-172500-A-274,0.95975,0.8284612662409702,7.6840620040893555,0.0002635182847042728,0.0453496826809023,-0.00031898499582894146,-0.05372462756931781,0.05652905441820622,0.0461205527580232,5.522299766540527,-0.0002948091318341808,0.01069615835792186,2.3871209123171866e-05,-0.008189447037875651,0.008085917774587873,0.03777141920365754,8.153955459594727,-0.00034998289329676423,0.006866508592703984,-0.00017882253450807184,-0.007703237282112241,0.006785132177174094,0.028969382948391048,9.169441223144531,1.4754993510956925e-06,0.0042676041405977855,-3.405060851946473e-05,-0.004643599223345518,0.004571428801864386,0.0442538497190831,9.943623542785645,-2.1262727834316702e-05,0.003734011969489882,-6.372638745233417e-05,-0.003923002816736698,0.003814180707558989,0.014423529129874909,11.068503379821777,-2.492786943920462e-06,0.00150818092442252,-1.543366306577809e-05,-0.0016254680580459534,0.0016340583330020312
F:\Seminario\Seminario-Clustering\datasets\davi\Al Emadi (2019)\Multiclass_Drone_Audio\unknown\1-56907-A-461.wav,Multiclass_Drone_Audio\unknown\1-56907-A-461.wav,al_emadi,1-56907-A-461,1.0216875,0.1876806912902604,7.725889205932617,0.002046754446776982,0.14473798503540364,-0.002510388381779194,-0.16863469779491425,0.1842513531446457,0.038256022702858404,8.031190872192383,0.0008475218626117847,0.06534758677592264,0.0016271872445940971,-0.08316337317228317,0.08576154261827468,0.18704012796980096,9.141328811645508,0.0006701771645734394,0.10257448779661907,0.00182422244688496,-0.13161832243204116,0.13645049780607224,0.23375026073958868,9.674263954162598,0.0010626599578617566,0.08125609150756408,0.00048415991477668285,-0.09171926975250244,0.10096517205238342,0.31211061417075875,10.635597229003906,0.00039788956932087886,0.06646996610285802,0.00098889390937984,-0.07930481284856795,0.08111105710268024,0.04116228312673278,11.407586097717285,-1.304113083409943e-06,0.017077567468968373,-5.011819303035736e-05,-0.019177057594060895,0.019016425125300888
F:\Seminario\Seminario-Clustering\datasets\davi\Al Emadi (2019)\Multiclass_Drone_Audio\unknown\2-60795-A-262.wav,Multiclass_Drone_Audio\unknown\2-60795-A-262.wav,al_emadi,2-60795-A-262,0.97525,0.06105343320979317,5.622651100158691,0.00201816789288592,0.09142718117527346,-0.0005390932492446154,-0.06733310595154762,0.07272069528698921,0.11132298634679967,7.450390815734863,0.002871858471529953,0.12345281893253177,0.0019703602883964777,-0.1442384272813797,0.1409193053841591,0.49178359411631506,8.37710952758789,-0.004787840836161287,0.184302267596259,-0.004578016698360443,-0.21978847086429595,0.20488841235637673,0.28601340463772773,9.309408187866211,-6.781223616559216e-05,0.0996216350009221,0.0013758685672655702,-0.1127798967063427,0.11363044902682304,0.04263834948035707,10.45387077331543,-0.0001667538776363762,0.027229348897766032,0.00018388754688203335,-0.033759694546461105,0.03217468410730362,0.007188232209007286,11.586301803588867,-3.7286378508868283e-06,0.007909766134329541,-5.4172181989997625e-05,-0.009596860501915216,0.009603708051145077
F:\Seminario\Seminario-Clustering\datasets\davi\Al Emadi (2019)\Multiclass_Drone_Audio\unknown\3-71964-A-40.wav,Multiclass_Drone_Audio\unknown\3-71964-A-40.wav,al_emadi,3-71964-A-40,1.0216875,0.007430535313740097,7.909848213195801,-0.0003890318205045816,0.02607637471186286,-0.0008385981200262904,-0.03323530480265617,0.03309706971049309,0.00015696944056030432,7.9750752449035645,-0.00012469117957051136,0.003788418214628664,-2.7455389499664307e-05,-0.005078534781932831,0.00479285642504692,0.005409722958170573,6.001656532287598,1.3897481559838215e-05,0.01579566338420636,3.4091675843228586e-05,-0.002719853539019823,0.002870754851028324,0.4753501345521498,6.668642997741699,-0.005752819765712092,0.10477059836019309,-5.076140587334521e-05,-0.00730076665058732,0.006750473752617836,0.503350262781718,7.218691825866699,2.8306841038183988e-05,0.07643343935190215,7.490074494853616e-06,-0.005814878828823566,0.006010349560529002,0.008302374953661205,8.350930213928223,-9.99395710305965e-06,0.006944585595888667,1.5081734545674408e-06,-0.0005962386087048799,0.0006003389775287361
F:\Seminario\Seminario-Clustering\datasets\davi\Al Emadi (2019)\Multiclass_Drone_Audio\unknown\2-59566-A-464.wav,Multiclass_Drone_Audio\unknown\2-59566-A-464.wav,al_emadi,2-59566-A-464,0.95975,0.02083206957420302,2.16054368019104,0.00278562386401078,0.03843055149330214,5.385182885220274e-05,-0.0028991093626245857,0.0028915400383993984,0.008961696709630613,8.11923885345459,-0.0004893411736046517,0.025267485088018817,0.0002663938794285059,-0.03380541056394577,0.032149985060095795,0.2753165036558707,9.10302448272705,-0.0002623072399097314,0.09945695966116323,0.0006841464783065021,-0.1309184417128563,0.13374883830547335,0.27535738839707735,9.849807739257812,-1.8980771696282482e-05,0.07049620406638124,-0.0008312624413520098,-0.08809376806020736,0.08730446845293051,0.2828955913924944,10.376374244689941,0.00010020040614943423,0.05058506210018416,0.0004375036805868149,-0.05757014229893684,0.05689726397395133,0.1366367502707239,10.97249984741211,-9.072604333946927e-06,0.024871663662797795,-3.1065217626746744e-05,-0.02530228327959776,0.025432050041854396
F:\Seminario\Seminario-Clustering\datasets\davi\Al Emadi (2019)\Multiclass_Drone_Audio\unknown\3-144891-A-190.wav,Multiclass_Drone_Audio\unknown\3-144891-A-190.wav,al_emadi,3-144891-A-190,1.0216875,0.485915077741966,6.090745449066162,-0.0057905392220754335,0.42080579491212555,-0.00014818832278251648,-0.27776046991348263,0.2732362031936645,0.37210415135278246,6.3097968101501465,-0.0003032725937359451,0.3682771547899637,-0.0002957915421575308,-0.2632494270801544,0.256776475906372,0.11998701182216732,7.208493709564209,-0.0027774211387172594,0.14842217683808814,-9.220085485139862e-05,-0.10814564749598501,0.10618221312761308,0.020152863744066666,8.36821174621582,-0.0003151215703834259,0.043112209255095534,-0.00032364262733608484,-0.0315869115293026,0.032758161425590515,0.0017717257342524967,9.689517974853516,-2.6796474826388263e-05,0.009049024738961723,3.259361255913973e-05,-0.007824814226478337,0.007763785682618619,6.916960476499102e-05,11.682550430297852,-3.154825183718055e-06,0.0012649084084143203,2.747940015979111e-06,-0.0015444696880877018,0.0014920045621693136
F:\Seminario\Seminario-Clustering\datasets\davi\Al Emadi (2019)\Multiclass_Drone_Audio\membo_1\Membo_1_029-membo_001_.wav,Multiclass_Drone_Audio\membo_1\Membo_1_029-membo_001_.wav,al_emadi,Membo_1_029-membo_001,1.024,0.49211051398377076,8.175768852233887,-0.0030884064545926566,0.13617537247008865,-0.0034649863373488188,-0.17862557917833327,0.17781078517436982,0.005389101383796359,8.018820762634277,0.0002246839768654004,0.01425224080887023,0.00011928653111681342,-0.018183538131415843,0.019344135746359827,0.04420297761935154,9.041051864624023,6.794160658465663e-05,0.028977794517507975,0.00017570826457813382,-0.03825341202318668,0.037639216706156726,0.11009642964275763,9.912023544311523,-0.00038506489022892114,0.03240639008052902,-0.00022601809178013355,-0.04074534997344017,0.040965143591165556,0.18236776186005083,10.895807266235352,-1.0529105669857642e-05,0.02952274735041642,-0.0006182680372148752,-0.037267684191465374,0.03768806532025338,0.1658332155102729,11.893577575683594,-7.121662287670466e-06,0.0199166072616999,0.00018839820404537022,-0.025068344548344612,0.025202306918799877
F:\Seminario\Seminario-Clustering\datasets\davi\Al Emadi (2019)\Multiclass_Drone_Audio\unknown\5-200461-A-111.wav,Multiclass_Drone_Audio\unknown\5-200461-A-111.wav,al_emadi,5-200461-A-111,1.0216875,0.061581099199069976,7.841647148132324,0.003932552710256265,0.10227165747157761,-0.0005731191486120224,-0.1237474113702774,0.13093746900558473,0.08869517598630682,7.702359199523926,0.0009796213798730963,0.12282551630940691,0.004386282060295343,-0.14355467557907103,0.14665900468826293,0.290961739988029,8.858367919921875,-0.0008221449125874607,0.1579172343479289,-0.003478465019725263,-0.20130149126052857,0.21240381598472596,0.3812338944170308,9.63298511505127,-0.0019811722523462878,0.12808464435744435,-0.0013372311368584633,-0.1565925031900406,0.14998577535152435,0.13272406863949057,10.788105010986328,0.00042427404471836333,0.05350278678180208,0.0009072903776541352,-0.06566834747791289,0.06840543001890184,0.04480402177007281,11.831649780273438,-3.937274762595991e-05,0.021992283322720244,-0.0002898344973800704,-0.02714205477386713,0.027271169796586038
F:\Seminario\Seminario-Clustering\datasets\davi\Al Emadi (2019)\Multiclass_Drone_Audio\unknown\4-178402-A-431.wav,Multiclass_Drone_Audio\unknown\4-178402-A-431.wav,al_emadi,4-178402-A-431,1.0216875,0.004146562309494331,2.55439829826355,0.0022589117170758216,0.027704186550639696,-8.876602805685252e-05,-0.009272664226591587,0.010209973156452178,0.16119636108066365,7.98394250869751,-0.0007063951565572155,0.17330623165923253,0.00018070629448629916,-0.26142349243164065,0.26180278062820433,0.36594636766928973,8.603626251220703,0.00025865558934119954,0.1853589437410372,0.0007091227162163705,-0.24019268453121184,0.24808024764060974,0.29991328191752603,9.648345947265625,0.0002553822391132344,0.11891533731173434,-0.0003389459161553532,-0.1489720493555069,0.158536896109581,0.14215755427810667,10.563631057739258,3.320699040437062e-05,0.05795459477094834,3.771331103052944e-05,-0.08003091663122176,0.07507295906543732,0.026639872744919586,11.588136672973633,-3.90557923419374e-07,0.017748692626998904,-7.607632596773328e-06,-0.023470919765532016,0.024423482641577732
F:\Seminario\Seminario-Clustering\datasets\davi\Al Emadi (2019)\Multiclass_Drone_Audio\membo_1\mixed_membo_16-membo_002_.wav,Multiclass_Drone_Audio\membo_1\mixed_membo_16-membo_002_.wav,al_emadi,mixed_membo_16-membo_002,1.024,0.7205775748607691,6.997377872467041,-0.005815965651988966,0.12927493782336197,-0.005005809245631099,-0.11691525280475616,0.1207966975867749,0.11094359578036167,6.337153911590576,0.0010968871432571457,0.0507648187397518,-0.0007167542353272438,-0.03577525317668915,0.03918414004147056,0.07225953249981926,7.812023162841797,0.0004918113427688801,0.029084417877062885,0.0005119640263728797,-0.02683408726006746,0.02903469931334257,0.02654555420956839,9.577245712280273,0.00017222461071564452,0.012492905869097553,0.00020795187447220087,-0.014479599706828593,0.014645210653543473,0.029401259966802325,10.704965591430664,-0.0001408094108239483,0.009305723913573979,-0.00016605956625426188,-0.011328208819031715,0.011023747269064188,0.040272482682679224,11.589273452758789,-1.0639102884310957e-06,0.007705804020396705,-3.3318850910291076e-05,-0.008952324744313955,0.009102424141019583
F:\Seminario\Seminario-Clustering\datasets\davi\Al Emadi (2019)\Multiclass_Drone_Audio\unknown\5-233605-A-393.wav,Multiclass_Drone_Audio\unknown\5-233605-A-393.wav,al_emadi,5-233605-A-393,1.0216875,0.0,-0.0,0.0,0.0,0.0,0.0,0.0,0.0,-0.0,0.0,0.0,0.0,0.0,0.0,0.0,-0.0,0.0,0.0,0.0,0.0,0.0,0.0,-0.0,0.0,0.0,0.0,0.0,0.0,0.0,-0.0,0.0,0.0,0.0,0.0,0.0,0.0,-0.0,0.0,0.0,0.0,0.0,0.0
F:\Seminario\Seminario-Clustering\datasets\davi\Al Emadi (2019)\Multiclass_Drone_Audio\unknown\1-17367-A-101.wav,Multiclass_Drone_Audio\unknown\1-17367-A-101.wav,al_emadi,1-17367-A-101,1.0216875,0.0370057471080635,7.392775058746338,-0.0022419734214439717,0.10352620369291338,0.004765558056533337,-0.12569479644298553,0.11625467538833618,0.00933489835255159,7.900189399719238,-0.0006022431187932594,0.0520047722054605,-0.0010393669363111258,-0.06770901679992676,0.06666673868894576,0.04601910262243669,8.523260116577148,0.001999229236559047,0.08194499749834289,-0.0011324654915370047,-0.09556556344032287,0.10539701879024506,0.3187315699870744,9.909377098083496,0.001753733745516836,0.15286297978543656,0.00441367831081152,-0.18943670392036438,0.19485603272914886,0.436421865817623,10.626480102539062,0.0007658020795224885,0.12662680247536215,-0.00027652335120365024,-0.15003028512001038,0.15430530309677123,0.15248681611225082,11.898187637329102,5.355267930332541e-06,0.05295339297452703,-0.00041497370693832636,-0.06637987941503525,0.06707211583852768
F:\Seminario\Seminario-Clustering\datasets\davi\Al Emadi (2019)\Multiclass_Drone_Audio\unknown\3-233151-A-24.wav,Multiclass_Drone_Audio\unknown\3-233151-A-24.wav,al_emadi,3-233151-A-24,0.95975,0.0,-0.0,0.0,0.0,0.0,0.0,0.0,0.0,-0.0,0.0,0.0,0.0,0.0,0.0,0.0,-0.0,0.0,0.0,0.0,0.0,0.0,0.0,-0.0,0.0,0.0,0.0,0.0,0.0,0.0,-0.0,0.0,0.0,0.0,0.0,0.0,0.0,-0.0,0.0,0.0,0.0,0.0,0.0
F:\Seminario\Seminario-Clustering\datasets\davi\Al Emadi (2019)\Multiclass_Drone_Audio\bebop_1\mixed_49-bebop_003_.wav,Multiclass_Drone_Audio\bebop_1\mixed_49-bebop_003_.wav,al_emadi,mixed_49-bebop_003,1.024,0.34290963901159216,7.277116775512695,-0.0009232048500472537,0.1735923153705701,-0.004176741931587458,-0.18462497591972352,0.17776781618595125,0.02165213594380574,7.62358283996582,0.002567510871001734,0.04354552652801978,0.0012464283499866724,-0.04754683785140514,0.05617449022829533,0.1392018646308503,6.857019901275635,0.0007891747321596897,0.07850714832344159,6.582943024113774e-05,-0.05630364120006561,0.055982454121112815,0.2842152027731138,8.481388092041016,-0.0008039599870146907,0.07949576696135308,0.000157955102622509,-0.061403268575668336,0.06390167921781541,0.1356227454797489,10.794296264648438,-0.001273262943260359,0.03884935168523916,-0.0015720591181889176,-0.04960264302790165,0.0466115925461054,0.07639841216088913,11.962383270263672,0.00010343286238306411,0.020638788189013105,0.00018369598546996713,-0.026222906075417995,0.026760979555547237
F:\Seminario\Seminario-Clustering\datasets\davi\Al Emadi (2019)\Multiclass_Drone_Audio\unknown\3-155130-A-430.wav,Multiclass_Drone_Audio\unknown\3-155130-A-430.wav,al_emadi,3-155130-A-430,1.0216875,0.6358552859746488,7.8693037033081055,-0.00067184779051325,0.059543756364907746,0.0012696913909167051,-0.0663439467549324,0.07535825371742247,0.09225705193679873,7.930427551269531,-0.00015996355022373745,0.022681601906392845,-0.0001844812068156898,-0.02845460437238216,0.029558369144797318,0.1551471026300465,8.89892578125,0.0010061759074074183,0.02085531609640306,0.0014722708729095757,-0.02544220983982086,0.027483439631760122,0.10278691901319248,9.908491134643555,-0.00016534392508720398,0.012042414458526501,-0.0002537366817705333,-0.015368146821856499,0.015673521906137466,0.01124900994323258,10.90893268585205,2.3490700030378342e-06,0.002820360027162865,-2.16209446080029e-05,-0.0035942837130278345,0.0036018995568156244,0.0027046305020808825,11.9420747756958,-3.3856969629547123e-06,0.000978354484618795,-1.3474636944010854e-06,-0.0012361224391497672,0.0012579335947521032
F:\Seminario\Seminario-Clustering\datasets\davi\Al Emadi (2019)\Multiclass_Drone_Audio\unknown\1-40967-A-282.wav,Multiclass_Drone_Audio\unknown\1-40967-A-282.wav,al_emadi,1-40967-A-282,0.97525,0.1892736977717931,7.906439781188965,-0.0004865634294058128,0.008568336232172343,-0.0006561977788805962,-0.011555898003280163,0.010228775907307863,0.04553328938229764,7.729519844055176,-0.00013778008357598259,0.0042070942288554075,-0.0001035106397466734,-0.005429619457572699,0.004720933036878705,0.28829188868789096,8.426328659057617,0.00039768541531679294,0.007513170037609162,0.00030586321372538805,-0.008572397381067276,0.009790645539760591,0.24952578783809326,9.444048881530762,4.7622678413184813e-05,0.004959326072351626,3.332926644361578e-05,-0.006049447692930698,0.006367121916264295,0.13217709191785926,10.406282424926758,-5.288167020108976e-06,0.002555328845830698,5.4914053180255e-06,-0.0032066948246210814,0.0031061592977494005,0.09519824440206578,11.34368896484375,-3.959509300866378e-06,0.0015342285646792202,-4.978751348971855e-07,-0.001867953862529248,0.0018285479745827615
F:\Seminario\Seminario-Clustering\datasets\davi\Al Emadi (2019)\Multiclass_Drone_Audio\unknown\2-104168-A-324.wav,Multiclass_Drone_Audio\unknown\2-104168-A-324.wav,al_emadi,2-104168-A-324,0.95975,0.3495271875285274,7.37963342666626,0.0008731966681956698,0.04667531602320229,0.0,-0.05321513898670673,0.05415026508271694,0.019954534308452215,7.323248386383057,-0.00017925731512821911,0.01115289182584609,0.0,-0.01377976918593049,0.012837544269859792,0.023416349058400496,6.626035690307617,0.0002203386421010178,0.008576524477123796,0.0,-0.005673677893355489,0.00623339219018817,0.04440869246555776,6.234674453735352,-0.00026023291806929046,0.008369817408050003,0.0,-0.0028685068245977163,0.0028925810474902396,0.35723479776398226,5.354818344116211,-9.217222003652311e-05,0.016813373482937974,0.0,-0.0020984983071684836,0.0022387408651411526,0.2054584388750799,6.817834854125977,7.727948647372159e-07,0.009021059048252412,0.0,-0.001304853754118085,0.001295500446576628
F:\Seminario\Seminario-Clustering\datasets\davi\Al Emadi (2019)\Multiclass_Drone_Audio\unknown\2-101676-A-101.wav,Multiclass_Drone_Audio\unknown\2-101676-A-101.wav,al_emadi,2-101676-A-101,1.0216875,0.15010997017304697,7.81039571762085,-0.0007088957898370807,0.09518794406011308,-0.001301331678405404,-0.11961952000856399,0.12305383384227753,0.030666693287037024,7.975240707397461,-0.0035922739502026384,0.04287495310626448,4.4756976421922445e-05,-0.05897924825549125,0.04842948094010353,0.08338558570337866,8.797226905822754,0.00012150699181201895,0.050361483630979066,-0.00040251866448670626,-0.06080342270433902,0.06399807929992678,0.07892993082078817,9.447762489318848,0.0008103920112255922,0.03471303652215374,0.0012642212677747011,-0.0383710153400898,0.04027343913912773,0.27134610769413897,8.688634872436523,-0.0004771575424375059,0.045571153084236204,-0.00038467434933409095,-0.040338218212127686,0.04088222309947015,0.3855617123216102,10.735062599182129,-1.323201070408308e-05,0.038432291142893045,-0.00047000800259411335,-0.03792127333581447,0.03975707702338696
F:\Seminario\Seminario-Clustering\datasets\davi\Al Emadi (2019)\Multiclass_Drone_Audio\membo_1\mixed_membo_38-membo_000_.wav,Multiclass_Drone_Audio\membo_1\mixed_membo_38-membo_000_.wav,al_emadi,mixed_membo_38-membo_000,1.024,0.7463271750787581,7.749728679656982,-0.0014107537761027253,0.11722588754521591,0.0013829039526171982,-0.14351544231176377,0.14206738322973253,0.008832462650044226,7.879300117492676,0.00014244787344068753,0.012752759598666702,0.0003549247048795223,-0.016359037347137926,0.015419136453419927,0.02766761793543807,9.058135032653809,4.662957381210723e-05,0.01602271950986368,0.0006415906245820224,-0.02060495987534523,0.021342102251946927,0.05056994446867129,10.052501678466797,4.008978078356511e-05,0.015350795010493253,-9.358115494251251e-05,-0.019609015434980392,0.02045378722250463,0.07798923768100655,10.85795783996582,-2.3249949350227026e-05,0.013493074030524547,-0.000259853812167421,-0.016853159107267857,0.016978036612272266,0.0886135621860818,11.490760803222656,1.8781825944828155e-05,0.010175140172008632,2.6193767553195357e-05,-0.012235875707119703,0.011915565934032202
F:\Seminario\Seminario-Clustering\datasets\davi\Al Emadi (2019)\Multiclass_Drone_Audio\unknown\5-256512-A-304.wav,Multiclass_Drone_Audio\unknown\5-256512-A-304.wav,al_emadi,5-256512-A-304,0.95975,0.961103628700695,6.180773735046387,-0.03308356444826817,1.6622423147950443,0.0036543328315019608,-1.0594015955924978,0.8053089022636418,0.014467498378492325,4.870882987976074,0.005603056719799676,0.2039050855134727,-0.00017134730296675116,-0.0949289508163929,0.09456048756837848,0.01594854315126455,5.058652400970459,-0.004166342273861081,0.1520074614636403,5.00585520057939e-05,-0.027128720469772813,0.018920295871794238,0.006987657203358872,5.025638103485107,-0.0004377247129485025,0.07133816381495946,1.4132121577858925e-05,-0.004761229082942003,0.006895967572927486,0.0013937450938905733,5.445581912994385,-3.394465225306332e-05,0.02255527602754612,-7.275491952896118e-06,-0.0011708796024322509,0.0011568117886781692,9.892747229872232e-05,6.351755142211914,-5.093106458755359e-06,0.004251342978591791,6.842637958470732e-07,-0.00026089376769959926,0.00027819438837468647
F:\Seminario\Seminario-Clustering\datasets\davi\Al Emadi (2019)\Multiclass_Drone_Audio\unknown\5-261433-A-153.wav,Multiclass_Drone_Audio\unknown\5-261433-A-153.wav,al_emadi,5-261433-A-153,1.0216875,0.0,-0.0,0.0,0.0,0.0,0.0,0.0,0.0,-0.0,0.0,0.0,0.0,0.0,0.0,0.0,-0.0,0.0,0.0,0.0,0.0,0.0,0.0,-0.0,0.0,0.0,0.0,0.0,0.0,0.0,-0.0,0.0,0.0,0.0,0.0,0.0,0.0,-0.0,0.0,0.0,0.0,0.0,0.0
F:\Seminario\Seminario-Clustering\datasets\davi\Al Emadi (2019)\Multiclass_Drone_Audio\unknown\silence215.wav,Multiclass_Drone_Audio\unknown\silence215.wav,al_emadi,silence215,1.1145625,0.0,-0.0,0.0,0.0,0.0,0.0,0.0,0.0,-0.0,0.0,0.0,0.0,0.0,0.0,0.0,-0.0,0.0,0.0,0.0,0.0,0.0,0.0,-0.0,0.0,0.0,0.0,0.0,0.0,0.0,-0.0,0.0,0.0,0.0,0.0,0.0,0.0,-0.0,0.0,0.0,0.0,0.0,0.0
F:\Seminario\Seminario-Clustering\datasets\davi\Al Emadi (2019)\Multiclass_Drone_Audio\unknown\2-39443-B-190.wav,Multiclass_Drone_Audio\unknown\2-39443-B-190.wav,al_emadi,2-39443-B-190,1.0216875,0.1704414101445607,5.360373497009277,0.02125877458180493,0.14136229987303728,0.019936544820666313,-0.08165166825056076,0.11917572021484374,0.18590852489939538,5.706874847412109,0.00742698201776423,0.14911244430874124,0.00023027180577628314,-0.08689882159233091,0.12264011800289154,0.2377238321345074,5.751771926879883,-0.0006598800010411227,0.11983870926824551,-0.00017536569794174284,-0.06620612740516663,0.05686560198664668,0.28905857800893736,6.4527907371521,0.0006684736259830393,0.0936450853884651,-7.607988663949072e-06,-0.0396304652094841,0.03879193216562271,0.1128795125791148,7.372520446777344,-8.741976784770468e-07,0.04142596350531929,-6.138601747807115e-06,-0.016052657365798945,0.01649649739265442,0.0039881422334843465,8.879683494567871,-1.1060434810367292e-06,0.00550868194600231,1.5456098481081426e-06,-0.002692926814779639,0.0026196280959993605
F:\Seminario\Seminario-Clustering\datasets\davi\Al Emadi (2019)\Multiclass_Drone_Audio\unknown\4-146200-A-363.wav,Multiclass_Drone_Audio\unknown\4-146200-A-363.wav,al_emadi,4-146200-A-363,1.0216875,0.053272308856051345,7.713356971740723,-0.024938391780871934,0.41087669181350683,-0.049799226224422455,-0.49854484796524046,0.47562691569328297,0.14421890885813204,8.03941535949707,0.03834951479303757,0.6761966496988039,0.0789010301232338,-0.8859279751777649,0.903678274154663,0.47479371073407056,8.994178771972656,-0.03422565721133634,0.871650210421615,-0.00982136745005846,-1.1071972489356994,1.0739988207817077,0.15450122457961965,9.967317581176758,5.740132726990184e-05,0.3526354958831977,0.007379183545708656,-0.4697135388851166,0.44754883646965027,0.11513663859779624,10.937601089477539,0.0016147661273676703,0.21548478504667515,0.0018885149620473385,-0.2723674178123474,0.2740368306636811,0.05807720837433017,11.965147018432617,-0.00022932082169226765,0.10827326533103965,-0.0005737920291721821,-0.13938483148813247,0.1384739696979523
F:\Seminario\Seminario-Clustering\datasets\davi\Al Emadi (2019)\Multiclass_Drone_Audio\unknown\4-156993-A-194.wav,Multiclass_Drone_Audio\unknown\4-156993-A-194.wav,al_emadi,4-156993-A-194,0.95975,0.6564404073821367,7.046730041503906,0.004400481577279413,0.38055228752843995,0.005388346733525395,-0.38314441740512845,0.40266715288162236,0.24682741175844192,7.3035688400268555,0.002002585582200392,0.2333599945695564,-0.000773061066865921,-0.27066423892974856,0.2627287447452546,0.08106627695815025,7.976814270019531,0.0014824372496947064,0.09494784604738202,-0.0017638106946833432,-0.09920358210802079,0.09676664769649507,0.0137237647092,9.45330810546875,0.00035390898281262274,0.02768955110723355,0.0003258640645071864,-0.03096053749322891,0.032880716770887386,0.0015204834286307062,10.684612274169922,9.703309093850273e-06,0.0065252598583612955,-1.1721858754754066e-06,-0.008088976703584194,0.008005507662892338,0.00042165576344036876,11.810864448547363,1.59493294747381e-06,0.002431069561232945,3.0779046937823296e-06,-0.003104426059871912,0.0031245349673554306
F:\Seminario\Seminario-Clustering\datasets\davi\Al Emadi (2019)\Multiclass_Drone_Audio\unknown\3-181278-A-223.wav,Multiclass_Drone_Audio\unknown\3-181278-A-223.wav,al_emadi,3-181278-A-223,1.0216875,0.12152266430691747,7.892329216003418,-0.0014945594062275023,0.05504036811518872,-0.00458350358530879,-0.0710502102971077,0.06925913840532298,0.2429516752044151,7.686273574829102,0.004759048898829962,0.07770693087335337,0.0030171831604093313,-0.08699519634246826,0.10072683542966841,0.31300825555448525,6.741185188293457,-0.001460365552254003,0.06271017236984057,-0.0012241892400197685,-0.05869698114693165,0.05341093353927137,0.1628505917614324,7.45665168762207,0.0003163041127837131,0.03206174398192093,-3.67651809938252e-05,-0.024212410673499107,0.024921245872974396,0.12816687284549455,6.97511100769043,0.0005544786281739471,0.0201279122879693,-9.224622044712305e-05,-0.011601330339908598,0.011654283851385117,0.03149994032725523,7.537971496582031,1.9325004068373445e-05,0.0070619741844421165,2.1933738025836647e-05,-0.003776034456677735,0.0037489962996914983
F:\Seminario\Seminario-Clustering\datasets\davi\Al Emadi (2019)\Multiclass_Drone_Audio\unknown\4-181599-A-261.wav,Multiclass_Drone_Audio\unknown\4-181599-A-261.wav,al_emadi,4-181599-A-261,1.0216875,0.7486858883583706,8.969015121459961,0.8183347488644036,0.09595758275290013,0.8091741800308228,0.7869813919067383,0.8317851305007935,0.0020396701363809377,5.180154800415039,6.36860394495071e-05,0.04300570114611757,-0.0008615627884864807,-0.030699624866247176,0.03394689559936523,0.021944986834156247,6.6340227127075195,0.0036752197764886234,0.10006600502836191,0.002100860234349966,-0.04691378064453602,0.06464468240737915,0.0943411544740619,7.93084192276001,-0.004497669050415504,0.14706013859139722,7.229764014482498e-05,-0.08093473315238953,0.07034353911876678,0.11667670035293648,9.06707763671875,0.0015367780014100734,0.1158145677905492,0.0002689366228878498,-0.0711565762758255,0.07212140411138536,0.01631159984409383,10.421144485473633,-3.7079994843128907e-06,0.03063761403804141,5.010073073208332e-05,-0.026153135113418102,0.026702285371720792
F:\Seminario\Seminario-Clustering\datasets\davi\Al Emadi (2019)\Multiclass_Drone_Audio\unknown\1-30709-A-231.wav,Multiclass_Drone_Audio\unknown\1-30709-A-231.wav,al_emadi,1-30709-A-231,1.0216875,0.18768976525271514,6.398456573486328,-0.01398171348203878,0.2816912830833022,-0.012029753066599369,-0.2366355776786804,0.20210107862949364,0.03580102304803195,6.272427558898926,0.007347299107924635,0.12295925395149604,0.003288839478045702,-0.09230462610721588,0.08681377023458481,0.36662706386050753,6.4612531661987305,-0.013259962802352745,0.2794966380148515,0.0009145279182121158,-0.1289473980665207,0.1189082264900208,0.23900968474969214,7.675485134124756,-0.00033723956246020615,0.16010138488660125,-0.00027440994745120406,-0.0764855444431305,0.07515516132116318,0.10742372218429545,8.23428726196289,-0.0011107974619518758,0.07597206523368391,-7.454073056578636e-07,-0.02231354638934135,0.020600142329931275,0.06344874090475781,9.343311309814453,5.9644546360993225e-05,0.041310328850083705,1.5593584976159036e-05,-0.008653551433235405,0.008472302928566947
F:\Seminario\Seminario-Clustering\datasets\davi\Al Emadi (2019)\Multiclass_Drone_Audio\bebop_1\B_S2_D1_086-bebop_000_.wav,Multiclass_Drone_Audio\bebop_1\B_S2_D1_086-bebop_000_.wav,al_emadi,B_S2_D1_086-bebop_000,1.024,0.7423960582776504,7.2990498542785645,-0.0018127609192071339,0.5316984184719648,0.0031116033205762506,-0.5683153867721557,0.5801379323005678,0.025600152713152604,7.6563520431518555,0.00048596141591238285,0.09873384418990841,-0.0013207632582634687,-0.11764237582683562,0.11931299567222595,0.011720792737246266,8.908607482910156,-0.001565995395351418,0.04739728474009886,-0.0007343809702433646,-0.06189115457236767,0.058787326142191884,0.05349654606100393,9.95223617553711,-0.0009545707828031032,0.07179104895975451,6.202561780810356e-05,-0.0928629606962204,0.09080350995063784,0.09599350502901734,10.91935920715332,-0.000500040243881944,0.06807115124432372,-0.00039112952072173357,-0.0875213548541069,0.08487497791647912,0.07079294518192948,11.945161819458008,-1.815440221604986e-05,0.04135668279023614,-0.0001587777805980295,-0.05259762145578861,0.053138457238674164
F:\Seminario\Seminario-Clustering\datasets\davi\Al Emadi (2019)\Multiclass_Drone_Audio\bebop_1\B_S2_D1_127-bebop_004_.wav,Multiclass_Drone_Audio\bebop_1\B_S2_D1_127-bebop_004_.wav,al_emadi,B_S2_D1_127-bebop_004,0.896,0.7936867398430426,7.614311218261719,-0.0034959171630601447,0.5521586157219385,0.01315996004268527,-0.6315277516841888,0.67585888504982,0.021177047850066324,7.369097709655762,0.000324553734236887,0.09019405056911665,0.0015709183062426746,-0.10158872231841087,0.10623423382639885,0.015241823032685587,8.681652069091797,0.000501015147454913,0.054343324536645164,-0.0006717583164572716,-0.06516854837536812,0.0685168527066708,0.0453138812972431,9.708770751953125,0.0008092188198001499,0.06641990234240382,0.0007502399384975433,-0.08493318408727646,0.0842130094766617,0.0754244128220266,10.672348022460938,-0.00039906817816945655,0.06066382004416327,0.000702819786965847,-0.07718436568975448,0.07430624440312383,0.049156095154935776,11.645137786865234,-0.0001461685192983894,0.03464934953317448,0.00011131830979138613,-0.043687465414404866,0.04316583834588529
F:\Seminario\Seminario-Clustering\datasets\davi\Al Emadi (2019)\Multiclass_Drone_Audio\unknown\5-234263-A-254.wav,Multiclass_Drone_Audio\unknown\5-234263-A-254.wav,al_emadi,5-234263-A-254,0.95975,0.0,-0.0,0.0,0.0,0.0,0.0,0.0,0.0,-0.0,0.0,0.0,0.0,0.0,0.0,0.0,-0.0,0.0,0.0,0.0,0.0,0.0,0.0,-0.0,0.0,0.0,0.0,0.0,0.0,0.0,-0.0,0.0,0.0,0.0,0.0,0.0,0.0,-0.0,0.0,0.0,0.0,0.0,0.0
F:\Seminario\Seminario-Clustering\datasets\davi\Al Emadi (2019)\Multiclass_Drone_Audio\unknown\5-161270-B-330.wav,Multiclass_Drone_Audio\unknown\5-161270-B-330.wav,al_emadi,5-161270-B-330,1.0216875,0.4665804311072715,7.782540798187256,-0.016319102874144138,0.17601502600553026,-0.010019639506936073,-0.22981114387512205,0.1821837395429611,0.2347186328013007,7.892397403717041,7.523993938185117e-05,0.1253772675428843,0.004242565482854843,-0.165908020734787,0.15276598036289213,0.07446634941868782,8.56061840057373,-0.0003651700709614161,0.050127800321360404,-0.0007968232384882867,-0.056940533220767975,0.05665237121284008,0.09396575664874893,8.941068649291992,-0.0007619475386315945,0.03989803883574255,0.00017238646978512406,-0.04420313239097595,0.03888750821352005,0.11086029366940657,9.38956069946289,-0.00022448141728972118,0.030682042410134044,0.0001829610555432737,-0.024673025682568548,0.023456351831555367,0.019408536354584477,11.002899169921875,6.087014935407417e-06,0.009082417985606587,-3.677763743326068e-06,-0.009289026819169521,0.008987191505730152
F:\Seminario\Seminario-Clustering\datasets\davi\Al Emadi (2019)\Multiclass_Drone_Audio\unknown\4-194981-A-254.wav,Multiclass_Drone_Audio\unknown\4-194981-A-254.wav,al_emadi,4-194981-A-254,0.95975,0.3467733530050176,5.402338027954102,0.0005458891551586662,0.12483723986256133,0.001364643918350339,-0.07413014620542525,0.0661860302090645,0.46016519560211405,4.11883544921875,0.0008905916339975446,0.14380501268048818,-0.0029311724938452244,-0.04659580364823341,0.047385515645146384,0.1363878812029036,5.692468166351318,-0.0017520072839740223,0.055560963259835956,-0.0014143004082143307,-0.029130202159285544,0.0314237028360367,0.04182582214663825,7.621170520782471,0.0005419779671408339,0.02181135841998075,0.00020101761037949473,-0.0156959880143404,0.01761494167149067,0.011672789596360384,9.488764762878418,5.451244566469545e-05,0.008159524209089096,1.6488193068653345e-06,-0.0070236753672361365,0.0073329336941242215,0.003174958446966147,10.614562034606934,8.716956494693607e-07,0.0030106982114437206,-4.067780537297949e-06,-0.002751759928651154,0.0028388301143422745
F:\Seminario\Seminario-Clustering\datasets\davi\Al Emadi (2019)\Multiclass_Drone_Audio\unknown\5-209698-A-380.wav,Multiclass_Drone_Audio\unknown\5-209698-A-380.wav,al_emadi,5-209698-A-380,1.0216875,0.006648786585371778,5.986558437347412,-0.00013227022413335354,0.0023607035516882624,3.5443154047243297e-06,-0.0020080904010683293,0.0020001785364001986,0.00506328808250111,7.618895053863525,5.503364649386731e-06,0.002063315719422158,3.791184280999005e-05,-0.002380522433668375,0.002701263129711151,0.008664513803475356,8.581279754638672,5.2216688332407006e-05,0.001915255578844809,1.3651987501361873e-05,-0.002154904557392001,0.0022652563638985166,0.01401860145211207,9.00700855255127,6.2783738536224e-06,0.0017270353662422442,7.303518486878602e-06,-0.0018149330280721188,0.0018056852277368307,0.5570601227698825,6.68206262588501,-0.00019059887658871033,0.00770427707999119,-1.7846026821644045e-05,-0.0036203702446073295,0.0031846082769334317,0.40854468730665716,7.977040767669678,-4.178771598230996e-05,0.004668887741613302,-8.14386703495984e-06,-0.0018095091916620727,0.0017926483298651879
F:\Seminario\Seminario-Clustering\datasets\davi\Al Emadi (2019)\Multiclass_Drone_Audio\bebop_1\mixed_33-bebop_002_.wav,Multiclass_Drone_Audio\bebop_1\mixed_33-bebop_002_.wav,al_emadi,mixed_33-bebop_002,1.024,0.10504919688647107,7.486194610595703,-0.001452708790916054,0.15073681762600258,0.0043862632010132074,-0.1616146072745323,0.16419792175292972,0.28270338241757104,8.188106536865234,-0.009399750517555872,0.24711246802906248,-0.021784701384603977,-0.32708537876605986,0.32869498431682587,0.11850371013568148,8.931737899780273,-0.004756982064062085,0.11355079299275674,-0.002273400081321597,-0.15220565348863602,0.1341792806982994,0.1275226391003715,9.900712966918945,-0.002145857824020568,0.083519757809693,-0.002756633795797825,-0.1080917254090309,0.1046577215194703,0.19241191189573603,10.938029289245605,0.0010426897708228696,0.07263036011745327,0.002189112245105207,-0.09341560080647468,0.0939845398068428,0.1738091595641689,11.937334060668945,-0.00019744504650432836,0.048840106185701386,-6.320164538919926e-05,-0.0631418228149414,0.06224077008664608
F:\Seminario\Seminario-Clustering\datasets\davi\Al Emadi (2019)\Multiclass_Drone_Audio\unknown\1-72229-A-64.wav,Multiclass_Drone_Audio\unknown\1-72229-A-64.wav,al_emadi,1-72229-A-64,0.95975,0.024311021881662287,3.8163657188415527,0.003942300573055304,0.040859967672819644,0.000241701454797294,-0.0200584776699543,0.021155138686299327,0.08749955782107253,7.896449089050293,0.0006686751628160996,0.07787452386668482,0.000925968517549336,-0.10095377936959267,0.10552305728197098,0.31768504947690673,8.504788398742676,2.1936227846505844e-05,0.10536081253559346,0.0010583247640170157,-0.1282082587480545,0.12193807587027555,0.5095056651974319,9.382808685302734,-0.0003734198058235856,0.09456896931342804,-0.0016517906915396452,-0.11218182444572447,0.11030594110488892,0.054550598730818876,10.522451400756836,-0.0001340673975655579,0.0219059382632327,0.00012133442214690149,-0.026753657311201096,0.025223828479647634,0.006448106892107708,11.66830062866211,-2.057382496432181e-06,0.0053284064620366944,-1.1557582183741033e-05,-0.006534110195934772,0.006587401218712331
F:\Seminario\Seminario-Clustering\datasets\davi\Al Emadi (2019)\Multiclass_Drone_Audio\unknown\5-156698-A-184.wav,Multiclass_Drone_Audio\unknown\5-156698-A-184.wav,al_emadi,5-156698-A-184,0.95975,0.016854421515650787,5.812387466430664,-0.001502131231943361,0.02550122735412354,-0.000542914160178043,-0.016444377787411212,0.013673029653728009,0.4130104797893922,6.163393020629883,-0.0017517446902901178,0.1264431014413748,0.0006922108586877584,-0.09069898501038551,0.08553745523095134,0.350134847586832,7.682046413421631,-0.0018659959280717163,0.08264860390088447,-0.0017825061222538352,-0.0768905110657215,0.07611253634095193,0.0999085221933525,9.301301956176758,0.00017250040861045894,0.03129824645232202,0.00041654182132333517,-0.034415843337774275,0.03492435365915299,0.05840132706227595,10.180292129516602,-1.9698770095084666e-05,0.016940612238138374,-1.5104451449587941e-05,-0.01854003295302391,0.018525618687272052,0.061690401852496565,9.988154411315918,-3.457234109707114e-05,0.012317884233079005,-3.346551238792017e-05,-0.01125662438571453,0.011295661237090833
F:\Seminario\Seminario-Clustering\datasets\davi\Al Emadi (2019)\Multiclass_Drone_Audio\unknown\1-49409-B-80.wav,Multiclass_Drone_Audio\unknown\1-49409-B-80.wav,al_emadi,1-49409-B-80,1.0216875,0.30283076779595663,7.927854537963867,-0.0027310566939431494,0.08251193954483675,-0.0022210408933460712,-0.10999173521995545,0.09673125594854355,0.3016406450265689,7.733700752258301,-6.091329183874505e-05,0.08239471692821722,-0.0024125047493726015,-0.09962854087352752,0.10168374925851821,0.0831106737953319,8.985795974731445,-0.0010261479310817944,0.03068352810941992,-0.0017154874512925744,-0.03978663980960846,0.038938872516155264,0.15746007190016348,9.910414695739746,-0.001533106204593926,0.0299068544569831,-0.0017201559385284781,-0.04055017977952957,0.036621466279029846,0.14824782605928524,10.862431526184082,-2.094208826279077e-05,0.020568911499273042,0.00018260313663631678,-0.026340946182608602,0.025788521021604546,0.006710015422693872,11.79598331451416,4.8897199266064955e-06,0.003095821373099649,4.34371322626248e-05,-0.0038532021222636103,0.00386761729605496
F:\Seminario\Seminario-Clustering\datasets\davi\Al Emadi (2019)\Multiclass_Drone_Audio\unknown\silence271.wav,Multiclass_Drone_Audio\unknown\silence271.wav,al_emadi,silence271,1.1145625,0.0,-0.0,0.0,0.0,0.0,0.0,0.0,0.0,-0.0,0.0,0.0,0.0,0.0,0.0,0.0,-0.0,0.0,0.0,0.0,0.0,0.0,0.0,-0.0,0.0,0.0,0.0,0.0,0.0,0.0,-0.0,0.0,0.0,0.0,0.0,0.0,0.0,-0.0,0.0,0.0,0.0,0.0,0.0
F:\Seminario\Seminario-Clustering\datasets\davi\Al Emadi (2019)\Multiclass_Drone_Audio\unknown\2-184077-A-490.wav,Multiclass_Drone_Audio\unknown\2-184077-A-490.wav,al_emadi,2-184077-A-490,1.0216875,0.33473652645845686,8.053768157958984,-0.0001118814128339793,0.05221649946220345,-0.00010562955867499113,-0.06545761823654175,0.06717591881752014,0.11951713868954322,6.147821426391602,-0.00014871325999272266,0.031200916512660756,-0.0008937808452174067,-0.0261216152459383,0.026780883595347405,0.25835376607661553,7.168081283569336,2.7413899064837115e-05,0.03256338308329994,-4.5359149225987494e-05,-0.02491239570081234,0.025882981903851035,0.1699309849270309,7.988691806793213,-0.00010429910569767223,0.018714903157256615,-0.00018838950200006366,-0.01528269611299038,0.014903433620929718,0.07765260208137635,9.006664276123047,-5.7677448230146416e-05,0.00895548265055942,3.605114761739969e-05,-0.008463038690388202,0.008382138609886172,0.03980898176697717,10.788045883178711,4.6540331241078545e-06,0.00453636127817916,1.7281687178183347e-05,-0.004686212446540594,0.00463234498165548
F:\Seminario\Seminario-Clustering\datasets\davi\Al Emadi (2019)\Multiclass_Drone_Audio\bebop_1\B_S2_D1_109-bebop_004_.wav,Multiclass_Drone_Audio\bebop_1\B_S2_D1_109-bebop_004_.wav,al_emadi,B_S2_D1_109-bebop_004,0.896,0.02302518692827263,7.756199836730957,-0.00044701342599102903,0.04659789260866316,-0.0015355010982602835,-0.058894744142889977,0.062130071222782135,0.11407754220087737,7.792724609375,0.001302016177138093,0.1037171357400546,0.0008530028571840376,-0.1345810443162918,0.1379942074418068,0.08012147196823281,8.682943344116211,-0.000865754513979804,0.06173260870639755,-0.0019062572391703725,-0.08094322085380554,0.07676991671323777,0.18416537215952508,9.749755859375,-0.0016668714024576272,0.06633128405925538,-0.003179296851158142,-0.08432894498109818,0.082372759282589,0.3236738493120094,10.768399238586426,0.0004040577247467905,0.06226794348661544,0.0006049529183655977,-0.07966794967651367,0.08043657690286636,0.27493657743108274,11.76359748840332,2.691791931535255e-05,0.040603466554892866,0.00030231705750338733,-0.05253976285457611,0.05248497836291792
F:\Seminario\Seminario-Clustering\datasets\davi\Al Emadi (2019)\Multiclass_Drone_Audio\unknown\3-146873-A-241.wav,Multiclass_Drone_Audio\unknown\3-146873-A-241.wav,al_emadi,3-146873-A-241,1.0216875,0.5801348615099402,4.562621116638184,0.005622279685014021,0.09677124174991426,0.0,-0.029883321002125735,0.024480722099542617,0.2548482950922854,5.115950584411621,-0.003901168515546316,0.0641286839525263,0.0,-0.03322420120239258,0.01642285548150537,0.09970384837440865,6.376481056213379,-0.0006035788759996193,0.02851920217575381,0.0,-0.009450465720146893,0.006203085929155351,0.05362988581362002,7.193273544311523,2.816818899753977e-05,0.014825763772257985,0.0,-0.004337121732532978,0.0034437463618814945,0.007825694719525978,8.115910530090332,-5.471674488745936e-06,0.00400901249203016,0.0,-0.0008626455208286642,0.0009378093061968711,0.0038574144902197255,9.030655860900879,-2.4962376679907943e-07,0.0019912321111721994,0.0,-0.00030972952081356194,0.0002608109352877364
F:\Seminario\Seminario-Clustering\datasets\davi\Al Emadi (2019)\Multiclass_Drone_Audio\unknown\3-166125-B-232.wav,Multiclass_Drone_Audio\unknown\3-166125-B-232.wav,al_emadi,3-166125-B-232,0.97525,0.3860405299250447,7.794930458068848,-0.00012200904425372432,0.0012433131445362536,-0.00010996997662005015,-0.0016615348868072033,0.0013392643886618316,0.11398211507364682,7.841011047363281,-7.615517276991017e-05,0.0006745486361277788,-7.687839024583809e-05,-0.0009228898561559618,0.000760312657803297,0.09483176834174321,8.75930404663086,-7.183625790703435e-08,0.00043983135036668744,9.169925760943443e-07,-0.0005358927068300545,0.0005578321171924473,0.15425529278495653,7.597478866577148,-2.3360713951505585e-06,0.0003974588961170582,-1.2113514458178543e-06,-0.0003868206142215058,0.0004002637055236846,0.1189371426722798,10.311098098754883,2.5048657985628455e-07,0.00024707160862782286,2.677475549717201e-06,-0.0002872402488719672,0.0002898579463362694,0.13195315120232898,11.198454856872559,-3.8578436765526804e-07,0.0001841113976727514,6.108245997893391e-07,-0.00021568400552496314,0.0002138931886292994
F:\Seminario\Seminario-Clustering\datasets\davi\Al Emadi (2019)\Multiclass_Drone_Audio\unknown\5-192191-A-193.wav,Multiclass_Drone_Audio\unknown\5-192191-A-193.wav,al_emadi,5-192191-A-193,1.0216875,0.8518731029834168,7.640312194824219,-0.00018841796958377595,0.3100443657589092,-0.001801585778594017,-0.3756951034069061,0.3482770442962646,0.10085743826045439,7.685266494750977,-0.004296392617793843,0.10659527911067063,-0.008423603139817715,-0.12957364320755005,0.1225151240825653,0.042638973386235554,8.588363647460938,0.0012228386666941077,0.04922332099335193,0.0017215337720699608,-0.056674075126647946,0.060360933840274814,0.004099629822705936,9.84068489074707,7.084025722133247e-05,0.010819328860881071,-9.866926120594144e-07,-0.013331130146980286,0.013742762617766857,0.00031097016942845736,10.773811340332031,4.0238150128733043e-05,0.002109014653308024,2.24563991650939e-05,-0.0025293205864727495,0.002678273431956768,0.00021988537775889707,11.91490364074707,-7.626588522786074e-07,0.0012548582901216142,1.4209072105586529e-06,-0.0015906516928225754,0.0016020538983866574
F:\Seminario\Seminario-Clustering\datasets\davi\Al Emadi (2019)\Multiclass_Drone_Audio\unknown\1-181071-A-400.wav,Multiclass_Drone_Audio\unknown\1-181071-A-400.wav,al_emadi,1-181071-A-400,1.0216875,0.19585714079311445,7.743744850158691,-0.0038842956909213595,0.2191448993486621,-0.010680906474590302,-0.25296615958213803,0.269906336069107,0.5677136024190417,7.487523078918457,0.02255823164693796,0.37247704634901574,0.01162413228303194,-0.37706635594367977,0.44219511747360196,0.1776914272137952,8.392962455749512,-0.004069326321726656,0.14813728550465544,-0.0023696282878518105,-0.16855188310146332,0.16157002002000814,0.04653412412853279,9.064075469970703,0.000681356572560709,0.053738013644727016,0.0007113100728020072,-0.05464191734790802,0.05858158320188522,0.011022550260262888,9.901150703430176,4.852820859932778e-05,0.01851536362770762,0.00023655779659748077,-0.01808479242026806,0.018139915540814407,0.0011811551852529791,10.880592346191406,5.830141240136421e-07,0.004287888616513718,5.314475856721401e-06,-0.004201970994472504,0.004280761769041419
F:\Seminario\Seminario-Clustering\datasets\davi\Al Emadi (2019)\Multiclass_Drone_Audio\unknown\4-165933-A-453.wav,Multiclass_Drone_Audio\unknown\4-165933-A-453.wav,al_emadi,4-165933-A-453,1.0216875,0.7994229640513584,6.554462432861328,7.140860751070269e-05,0.7354493489584554,0.004523261450231075,-0.6252767443656921,0.5665226817131043,0.1274010353670423,6.883504867553711,-0.0011759349203315026,0.29359417757348355,0.01280792336910963,-0.2767969071865082,0.27733508348464964,0.05710725121018214,8.769245147705078,0.004407260647084275,0.13946280884551013,0.00528401811607182,-0.1710561618208885,0.1744006022810936,0.012515520049489408,9.706865310668945,-0.0002532038085711171,0.046289580743928915,-0.0004886644892394543,-0.05507216602563858,0.05758139491081238,0.00297421576812976,10.74527359008789,9.960714255237982e-05,0.01597368334582192,0.00024526554625481367,-0.019780170544981955,0.019578249007463463,0.0005790135537980625,11.472196578979492,-2.6476753818466073e-06,0.004986190634200661,2.8783688321709633e-06,-0.005674113472923637,0.005670038238167764
F:\Seminario\Seminario-Clustering\datasets\davi\Al Emadi (2019)\Multiclass_Drone_Audio\unknown\1-46272-A-123.wav,Multiclass_Drone_Audio\unknown\1-46272-A-123.wav,al_emadi,1-46272-A-123,1.0216875,0.899540941338232,7.671908855438232,-0.002996251587298392,0.35144578275566374,-0.009985538199543953,-0.4225165009498596,0.4027893424034118,0.03442695562356829,7.435211181640625,0.00016653798058492657,0.06875617387553785,-0.0015991589752957225,-0.07842209637165068,0.08089336752891539,0.0033675860150202746,8.469098091125488,0.0007323133284991802,0.015247116531738015,0.0004868609830737114,-0.01704444121569395,0.018699718825519095,0.004125868618718084,8.518388748168945,-0.0005254269781715324,0.011961995946645789,-0.0005532766226679087,-0.011395365931093693,0.010208912193775177,0.022931178501719593,9.1143159866333,1.9826807490048937e-05,0.01998202178022046,-3.131921403110027e-05,-0.01697182357311249,0.01746475324034691,0.03560746990274176,10.23012638092041,-4.341327728112203e-05,0.017615420734013742,4.9692433094605803e-05,-0.016172303445637224,0.01591268833726645
F:\Seminario\Seminario-Clustering\datasets\davi\Al Emadi (2019)\Multiclass_Drone_Audio\unknown\5-256452-A-51.wav,Multiclass_Drone_Audio\unknown\5-256452-A-51.wav,al_emadi,5-256452-A-51,1.0216875,0.8237997177242116,5.073683738708496,1.6579315868498344e-05,0.007482026778420285,0.0,0.0,0.0,0.08534568195835847,4.6528472900390625,-1.4440211616611701e-05,0.002408199584489146,0.0,0.0,0.0,0.04590435483950138,5.823996067047119,-7.76169883865661e-06,0.0012536987747672455,0.0,0.0,0.0,0.03177794096082141,6.425380706787109,5.334409412116912e-06,0.0007391999468539567,0.0,0.0,0.0,0.009932412932040597,7.675294399261475,1.2777553696490336e-06,0.0002925469462311659,0.0,0.0,0.0,0.003239891585066617,8.599188804626465,1.4281018136048531e-08,0.0001182047308868228,0.0,0.0,0.0
F:\Seminario\Seminario-Clustering\datasets\davi\Al Emadi (2019)\Multiclass_Drone_Audio\unknown\5-172639-A-50.wav,Multiclass_Drone_Audio\unknown\5-172639-A-50.wav,al_emadi,5-172639-A-50,1.0216875,0.016352602257236143,6.077927589416504,-0.002365511510767098,0.10222215499543971,-0.00022408025688491762,-0.08713995367288588,0.08904023915529251,0.019419005820599987,6.920605659484863,-0.0024540684717172198,0.11139763491042834,-1.2356447768979706e-05,-0.13480001688003537,0.14323034584522246,0.10973206779341381,7.963690757751465,0.0007501987905214671,0.18801661228342953,-2.9557657398981974e-05,-0.22498785704374313,0.24239738136529934,0.3841037445677994,8.762269973754883,0.0022875110075789035,0.24927268002329173,-1.3172906392355799e-06,-0.2543381154537201,0.27442342042922974,0.4313364089099639,9.073622703552246,-0.00019706405402679814,0.186998644553502,3.6740966606885195e-06,-0.15869272649288177,0.1541901171207428,0.03905617065098673,9.624762535095215,-3.741205390822706e-05,0.039808206172348405,1.062362571246922e-07,-0.026395380310714242,0.023535726033151152
F:\Seminario\Seminario-Clustering\datasets\davi\Al Emadi (2019)\Multiclass_Drone_Audio\unknown\5-261439-A-153.wav,Multiclass_Drone_Audio\unknown\5-261439-A-153.wav,al_emadi,5-261439-A-153,1.0216875,0.9492403416487117,7.962125778198242,0.0017306450737020276,0.09484654623933003,0.007642512209713459,-0.12372447252273559,0.12283031791448593,0.024051663549027266,7.9341020584106445,-0.0007731085289888773,0.015080241696862673,-0.0009010346839204431,-0.020070748776197432,0.018113453686237332,0.015335764486024868,8.926237106323242,-0.0001702094165912323,0.008557316480074307,-0.00021169375395402312,-0.011513850279152393,0.011096741165965795,0.008411987041594664,9.87971305847168,-6.121127027901878e-05,0.0044917497414598715,-8.80561419762671e-05,-0.005758471786975861,0.005624949932098389,0.001977350918936428,10.280588150024414,-1.951624480495811e-05,0.0015416137987157394,-3.935105632990599e-05,-0.0017558865016326307,0.0016807272564619783,0.0009828923557050103,11.811189651489258,-3.309589219860418e-06,0.0007689795828971979,6.3709812820889056e-06,-0.0009557548735756427,0.000948124215938151
F:\Seminario\Seminario-Clustering\datasets\davi\Al Emadi (2019)\Multiclass_Drone_Audio\unknown\4-152958-A-183.wav,Multiclass_Drone_Audio\unknown\4-152958-A-183.wav,al_emadi,4-152958-A-183,1.0216875,0.7815328561673173,6.96562385559082,-0.004147817713554946,0.02283258632049843,0.0,-0.032104871422052386,0.01849980503320694,0.028347236876995974,6.993999481201172,7.585715259219395e-06,0.004419637294819838,0.0,-0.005225858557969331,0.005420557782053947,0.05341478475934201,8.007148742675781,-1.3994434477913538e-05,0.00430650962267438,0.0,-0.005178507417440414,0.005041903490200639,0.04241858964388851,8.94852066040039,-5.802664017898208e-06,0.0027196302369670903,0.0,-0.0030766103882342577,0.003127235686406493,0.05900960501739812,9.945638656616211,7.836952972328526e-06,0.00227066709460949,0.0,-0.0026872760150581597,0.002693209983408452,0.03527692753505812,10.431262016296387,-8.93312084606035e-07,0.001242044885037657,0.0,-0.0013506204821169376,0.0013039874145761134
F:\Seminario\Seminario-Clustering\datasets\davi\Al Emadi (2019)\Multiclass_Drone_Audio\unknown\5-194930-B-13.wav,Multiclass_Drone_Audio\unknown\5-194930-B-13.wav,al_emadi,5-194930-B-13,1.0216875,0.7018304013026616,7.824289798736572,-0.00020932326622042675,0.0025454901806020486,-0.00018396764062345028,-0.003348829224705696,0.0030915508046746253,0.13864184033780463,7.909081935882568,5.480925211540789e-05,0.0011338593106634913,0.00012597157910931855,-0.0014092376688495279,0.0014333223225548863,0.07101031494430095,8.800361633300781,-9.446849740633854e-06,0.0005766154788058748,-1.6312515072058886e-07,-0.0007261954015120864,0.0006825500866398217,0.03507441061272805,9.811640739440918,-9.137472235115421e-07,0.00028721864550623093,-3.5759421734837815e-06,-0.000346951448591426,0.00035796017618849874,0.032183417528864756,10.474124908447266,3.2845730206366514e-07,0.00019475879770334967,6.334284989861771e-07,-0.0002198407892137766,0.00022609687584917995,0.021259615273639957,10.695109367370605,2.619002867143943e-07,0.00011198386097813975,-2.0031575331813656e-07,-0.00010444819417898543,0.00010547676283749752
F:\Seminario\Seminario-Clustering\datasets\davi\Al Emadi (2019)\Multiclass_Drone_Audio\unknown\1-54084-A-423.wav,Multiclass_Drone_Audio\unknown\1-54084-A-423.wav,al_emadi,1-54084-A-423,1.0216875,0.03846778111662142,4.318044662475586,0.005935678164469507,0.11861538466732778,0.0008464006241410971,-0.06368850320577621,0.06512825936079025,0.1721008823302326,8.42575454711914,-0.0013914680429635594,0.2512004541634851,-0.005000277888029814,-0.3291578531265259,0.3313988208770752,0.7267064093362579,9.215804100036621,-0.00033607301008390283,0.36642063081109033,0.03031101915985346,-0.5420178055763245,0.4784483999013901,0.05952107381063572,9.97757339477539,-2.522516651928192e-06,0.07431419274272945,0.002979004755616188,-0.09678860008716583,0.09114155918359756,0.003154865832193197,10.994141578674316,-1.0925657592573668e-07,0.012111244985072517,-0.0001833245623856783,-0.015654650703072547,0.015700317546725275,4.898757405915969e-05,11.928811073303223,3.9995654568427573e-07,0.0010676738194916407,-4.3411506339907646e-05,-0.0013639379758387804,0.0015098216012120248
F:\Seminario\Seminario-Clustering\datasets\davi\Al Emadi (2019)\Multiclass_Drone_Audio\unknown\exercise_bike009.wav,Multiclass_Drone_Audio\unknown\exercise_bike009.wav,al_emadi,exercise,4.992,0.44400820311317274,8.93079948425293,6.91104668397873e-05,0.10324330714908257,0.0004161936230957508,-0.09108698293566704,0.0942568011581898,0.050057701217722045,9.955575942993164,-0.00018461567843172026,0.03466536717692172,-0.0014851922751404345,-0.04048432037234306,0.042879308387637156,0.05921614091727037,11.17033576965332,0.0008030947216480854,0.026669932811664663,0.0005399857182055712,-0.033312940225005146,0.0348010003566742,0.09659312271670324,12.213571548461914,2.3834399481196277e-05,0.024107495470243136,3.0763359973207116e-05,-0.03066612407565117,0.030775418505072594,0.11419803263529124,13.050111770629883,-0.00010365553292964369,0.018538461617385826,-9.530954048386775e-05,-0.023113649897277353,0.022545384988188744,0.23592679939984038,13.964651107788086,-6.197072187048197e-05,0.018843689353957478,-4.7547478970955126e-05,-0.02293560318648815,0.022622878290712828
F:\Seminario\Seminario-Clustering\datasets\davi\Al Emadi (2019)\Multiclass_Drone_Audio\unknown\3-145719-A-170.wav,Multiclass_Drone_Audio\unknown\3-145719-A-170.wav,al_emadi,3-145719-A-170,1.0216875,0.43189040136216106,6.3158721923828125,-0.00018473396183249995,0.001960372284419546,-2.97424503514776e-05,-0.0020880880765616894,0.0017809898126870394,0.03218382395459003,7.8468017578125,-1.3224553919462077e-05,0.0005373520276952955,1.3058222975814715e-05,-0.0006933893309906125,0.0006257914938032625,0.03707808376237555,7.5710129737854,-3.309170725091445e-06,0.00040952561638950226,-1.0703155112423701e-05,-0.0003857839328702539,0.00039132178353611384,0.03127557666378895,7.492387771606445,-6.576660496969673e-06,0.0002664666233276299,-1.0532958185649477e-06,-0.00019759303540922701,0.00019869660900440067,0.0716150240317923,7.738068580627441,1.1919736303586104e-05,0.0002852710056937617,1.3105324114803807e-06,-0.00014124125882517547,0.0001554282556753606,0.39595709022529213,5.790161609649658,-2.051349057818484e-06,0.0004749541452427086,-1.0583428320387611e-06,-9.202907895087264e-05,9.360741387354211e-05
F:\Seminario\Seminario-Clustering\datasets\davi\Al Emadi (2019)\Multiclass_Drone_Audio\unknown\4-99193-A-43.wav,Multiclass_Drone_Audio\unknown\4-99193-A-43.wav,al_emadi,4-99193-A-43,1.0216875,0.003334653519796196,7.83935022354126,0.0008625569902512968,0.029928136468981383,-0.0018482161685824394,-0.03486595898866653,0.038465081900358196,0.040920274154523574,7.596278190612793,0.0010390987191667784,0.10487755755983799,-0.0011755004525184631,-0.1203246608376503,0.13116767108440397,0.0663710208345103,8.372509002685547,0.002936944491855825,0.0947720936700047,0.004030789597891271,-0.09954279735684395,0.1104604780673981,0.6072234876726108,8.600872039794922,0.0006234477379474017,0.2032392962410354,9.353496716357768e-05,-0.20111146569252014,0.20365029573440552,0.27841569075088163,9.68822193145752,-9.797796671162559e-05,0.09741908330728223,-7.194117642939091e-06,-0.0978961408138275,0.09727963656187066,0.0037348730676774796,10.592477798461914,-3.89759875820358e-06,0.007982383674582216,1.5112733308342285e-05,-0.007372153038159012,0.007434353884309532
F:\Seminario\Seminario-Clustering\datasets\davi\Al Emadi (2019)\Multiclass_Drone_Audio\unknown\1-19898-C-411.wav,Multiclass_Drone_Audio\unknown\1-19898-C-411.wav,al_emadi,1-19898-C-411,1.0216875,0.17026955690798115,6.7939534187316895,-0.000654789319754038,0.30256264170733865,-0.004156318958848715,-0.3424075365066528,0.28178528547286985,0.29131715133626407,7.186182975769043,-0.00789756011875052,0.3956802364322769,0.003086954588070512,-0.5169915676116942,0.4461442172527312,0.15688278020260793,8.221113204956055,0.001766327336979849,0.2061505864836543,0.002147807739675045,-0.22481679022312165,0.23262293934822084,0.1589767654732259,9.211188316345215,-2.1582836707274515e-05,0.14706708694297918,-0.0005082037532702088,-0.16536018252372742,0.16484415531158447,0.11973028027161178,9.962915420532227,0.00022328526195314013,0.09034649414343433,0.00033485819585621357,-0.09348585158586502,0.0961903661489488,0.1028234658083092,10.483295440673828,-0.00012448871355643103,0.059231552873116634,0.00011342123616486788,-0.0541073489934206,0.054169799014925996
F:\Seminario\Seminario-Clustering\datasets\davi\Al Emadi (2019)\Multiclass_Drone_Audio\unknown\5-181977-A-354.wav,Multiclass_Drone_Audio\unknown\5-181977-A-354.wav,al_emadi,5-181977-A-354,0.95975,0.10736053257074776,7.352472305297852,0.0012113413687358367,0.08888198722600563,-0.002352503128349781,-0.0879229798913002,0.1012653723359108,0.3706461922742407,7.561549186706543,-0.004665517018483875,0.16509662186353619,-0.0013941616634838283,-0.1940721809864044,0.18812410533428192,0.2678939928504699,8.19438362121582,-0.005532536589556957,0.09954415590997222,-0.0012833242653869092,-0.11468781754374505,0.09758889600634577,0.1622370600172272,9.350314140319824,-0.0010268922689517976,0.05497941527858789,-0.0025022414047271013,-0.06412042528390884,0.06293444931507111,0.0676996350968982,9.570055961608887,-0.0002833176986503588,0.025145431536780907,3.7482939660549164e-05,-0.026784543320536612,0.02588419802486896,0.024162587190416224,10.30318832397461,-5.71800908974706e-06,0.010628602488320574,-1.5648472981411032e-05,-0.010778553690761328,0.010897002648562193
F:\Seminario\Seminario-Clustering\datasets\davi\Al Emadi (2019)\Multiclass_Drone_Audio\unknown\1-26222-A-102.wav,Multiclass_Drone_Audio\unknown\1-26222-A-102.wav,al_emadi,1-26222-A-102,0.97525,0.2599889349163063,7.845736980438232,0.0013537455325281517,0.1437230312731355,0.007716544205322862,-0.19168134033679962,0.18359524011611938,0.08194429251709166,7.881869316101074,-0.007820230061218852,0.08031161584069316,-0.0050519846845418215,-0.10852238535881042,0.09143025055527687,0.09979991888541333,8.788068771362305,0.002592685178293167,0.06320221070578427,0.0016361920861527324,-0.074844029545784,0.081228019297123,0.14411582468974748,9.769597053527832,-0.0006022898974128533,0.05385566375530431,-0.0009121873299591243,-0.06973204240202903,0.06675409749150274,0.1796508181711919,10.629627227783203,0.0001660265701552145,0.04256950869689178,-0.00038146786391735077,-0.05127591341733932,0.05183952525258064,0.23450021082024933,11.7056884765625,6.657783998944026e-05,0.03440848816495942,0.00013183093687985092,-0.042307233437895775,0.04272736236453056
F:\Seminario\Seminario-Clustering\datasets\davi\Al Emadi (2019)\Multiclass_Drone_Audio\unknown\3-185456-A-290.wav,Multiclass_Drone_Audio\unknown\3-185456-A-290.wav,al_emadi,3-185456-A-290,1.0216875,0.2932370938800511,6.1703362464904785,0.0005353389005729079,0.05858700102034845,8.518245886079967e-05,-0.048035257309675214,0.05333642289042473,0.24762921500420668,4.618933200836182,0.0026078525981,0.05377752617157413,-4.5544933527708054e-05,-0.01714524812996387,0.01878336481750011,0.28492356507056904,5.872028350830078,0.000404217096676573,0.04099379213375974,-7.029738117125817e-05,-0.01900997348129749,0.01834215391427279,0.12634900315504588,7.4807586669921875,5.6475554546364006e-05,0.019346163469074015,-8.83295651874505e-05,-0.010978988371789455,0.01182213518768549,0.041700096127703076,8.090524673461914,3.2224890552789943e-06,0.007867581382124332,1.8921447917819023e-05,-0.00436100112274289,0.004398402385413649,0.006161026762424276,9.040548324584961,4.268200684659997e-06,0.0021394186027975577,4.609973984770477e-07,-0.0012220403528772294,0.0012299793073907495
F:\Seminario\Seminario-Clustering\datasets\davi\Al Emadi (2019)\Multiclass_Drone_Audio\unknown\2-87795-A-243.wav,Multiclass_Drone_Audio\unknown\2-87795-A-243.wav,al_emadi,2-87795-A-243,1.0216875,0.10410253114602153,8.479207992553711,-0.005559429196934243,0.0032201799337217398,-0.005565972533077002,-0.008781860955059529,-0.002513203211128712,0.09163508919293697,7.6127448081970215,4.9844805287714935e-05,0.006027517604856379,-7.773253310006112e-05,-0.006918554566800594,0.006870436668395995,0.2416181086825079,8.502882957458496,-0.00016093288606003908,0.006946015043840291,-5.068064638180658e-06,-0.008419540897011756,0.00795974899083376,0.19862269595472828,9.704368591308594,-2.8795447802628428e-05,0.004464046053458877,-7.602466212119907e-06,-0.005349933169782162,0.005292171612381935,0.34270315967834786,10.820686340332031,-2.591499263120305e-07,0.00415091921823939,-7.910326530691236e-05,-0.005249696318060159,0.005213918630033732,0.02131841534545744,11.82034969329834,-1.1624020450524242e-07,0.000732419666943845,4.841729605686851e-06,-0.0009067184233572333,0.0009067895822227004
F:\Seminario\Seminario-Clustering\datasets\davi\Al Emadi (2019)\Multiclass_Drone_Audio\unknown\2-110417-B-284.wav,Multiclass_Drone_Audio\unknown\2-110417-B-284.wav,al_emadi,2-110417-B-284,0.95975,0.831032765346696,8.045343399047852,-3.163841502920731e-05,0.0011708993657881582,3.50406626239419e-05,-0.0016950862831436098,0.0014628258068114523,0.07336583037812637,7.1873321533203125,-4.491261354807469e-06,0.00034800038683939575,-7.661642484890763e-06,-0.0003512013965519145,0.0003514965006615967,0.07730444375510495,7.280330657958984,-8.437481066809694e-07,0.0002536536048593313,-1.1508677744132e-06,-0.00020888377330265933,0.00020177290571155027,0.010235805939967329,8.888811111450195,2.740974939535933e-07,6.541769701026592e-05,6.137106538517401e-07,-6.151954876258968e-05,6.235032633412632e-05,0.003112040214716878,10.86892318725586,-2.396207166593894e-08,2.5536014955767433e-05,2.4631481210235506e-07,-3.291086250101216e-05,3.287039799033664e-05,0.004949114365388501,11.862133026123047,1.2156345457060927e-07,2.2782390658970216e-05,-3.007738769156276e-08,-2.9159143923607186e-05,2.971011217596243e-05
F:\Seminario\Seminario-Clustering\datasets\davi\Al Emadi (2019)\Multiclass_Drone_Audio\unknown\5-254832-A-154.wav,Multiclass_Drone_Audio\unknown\5-254832-A-154.wav,al_emadi,5-254832-A-154,0.95975,0.2154317724359111,7.2662672996521,-0.00041632745425707323,0.009786446053633853,-0.0012581954943016171,-0.010784969758242368,0.009668731410056353,0.0061157639777927346,7.7131476402282715,-5.1921794469397685e-05,0.0016495789214157177,-3.324839781271294e-05,-0.0021306034410372376,0.0019119576551020147,0.017654079759006666,6.383410453796387,3.0038289593418943e-05,0.001990710421777755,-3.88531043427065e-06,-0.0011826500645838677,0.001334193442016841,0.3702920170050228,6.91605281829834,-4.263739543621086e-06,0.006462549915828934,5.050417257734807e-06,-0.001882266206666827,0.0019347090041264897,0.31878821429863674,5.707452774047852,-4.3271699401368444e-05,0.00424475913682741,3.8339858292602e-06,-0.001022619497962296,0.0011022226186469192,0.07171815252362998,8.368610382080078,2.9142364302853737e-06,0.001424456466715808,7.792652922944399e-08,-0.0004949224239680916,0.000510109739843756
F:\Seminario\Seminario-Clustering\datasets\davi\Al Emadi (2019)\Multiclass_Drone_Audio\unknown\3-164688-A-383.wav,Multiclass_Drone_Audio\unknown\3-164688-A-383.wav,al_emadi,3-164688-A-383,1.0216875,0.005668018537748177,6.98352575302124,-0.003195245137371671,0.0045792918874112834,-0.003034057095646858,-0.006433314085006713,3.947815275751052e-05,0.047892303949886826,3.7071189880371094,1.7837118834492873e-05,0.0162312345531115,1.3127988495398313e-05,-0.0004874692298471927,0.001458709966391325,0.3699817927294188,5.461363792419434,0.0006405902279011482,0.0320174919836589,2.476812369422987e-06,-0.0010312864906154566,0.0018085991498082953,0.4033792892115767,5.834546089172363,0.00035942006470942055,0.023693359671623296,1.5565237845294178e-06,-0.00044581180554814637,0.0004130218585487455,0.14345566963105003,6.709010124206543,2.5379182576399062e-06,0.010003238028653631,2.0752486307173967e-07,-8.454303315374998e-05,7.955099572427579e-05,0.029622925940319487,7.555972576141357,-6.809598538182199e-06,0.0032158225987032225,2.091837814077735e-11,-3.0218981737561987e-05,3.311082618893127e-05
F:\Seminario\Seminario-Clustering\datasets\davi\Al Emadi (2019)\Multiclass_Drone_Audio\unknown\exercise_bike008.wav,Multiclass_Drone_Audio\unknown\exercise_bike008.wav,al_emadi,exercise,4.992,0.3834427497056424,8.914340019226074,-0.00014765309286815227,0.08857279354100708,0.00015906360931694508,-0.08087383657693863,0.07976410239934927,0.06486309512612787,9.639579772949219,-6.428902949051807e-05,0.0364291311958965,-0.00041229993803426623,-0.04169957712292671,0.043359670788049705,0.06804738720281488,11.18527603149414,6.765133174485527e-05,0.02640505808320368,0.0004647497262340039,-0.0334770604968071,0.03378831632435322,0.10255089327015618,12.187362670898438,-0.00030483643269734644,0.022929506006556258,-0.00025872912374325097,-0.029497504234313965,0.028942717239260674,0.12432741346829153,13.067217826843262,0.00011005050078723395,0.017857082252651292,0.00015419305418618023,-0.022076282650232315,0.022124428860843183,0.25676846122696717,13.91546630859375,0.00010023147623099039,0.018147967572777046,9.813928045332432e-05,-0.021592138148844243,0.021684956736862656
F:\Seminario\Seminario-Clustering\datasets\davi\Al Emadi (2019)\Multiclass_Drone_Audio\unknown\4-163609-A-160.wav,Multiclass_Drone_Audio\unknown\4-163609-A-160.wav,al_emadi,4-163609-A-160,1.0216875,0.615922952461514,7.832234859466553,-0.0003273374251195863,0.3727294767327786,-0.0034512337297201157,-0.4648906528949738,0.4470472753047943,0.2931356210069974,7.905945301055908,-0.0005992688853221879,0.2571365641445801,-0.002923127030953765,-0.3206459641456604,0.32358068227767944,0.0824758256756063,8.815760612487793,-0.001995010002972829,0.09679811696007878,0.000308581511490047,-0.1273752436041832,0.11748756095767021,0.007560039217818576,9.773029327392578,-0.00011437144937457563,0.020772415845481434,-6.480241427198052e-05,-0.025095265358686447,0.026003234088420868,0.0008529119839739872,10.688652038574219,-2.550335648243679e-06,0.0049390746485642135,-7.929978892207146e-06,-0.006049585901200772,0.006005498580634595,5.2649654089802195e-05,11.679818153381348,-7.46969336228404e-07,0.0008681373516073227,7.218914106488228e-07,-0.0010334340389817954,0.0010651534306816758
F:\Seminario\Seminario-Clustering\datasets\davi\Al Emadi (2019)\Multiclass_Drone_Audio\unknown\5-180156-B-434.wav,Multiclass_Drone_Audio\unknown\5-180156-B-434.wav,al_emadi,5-180156-B-434,0.95975,0.25424922544192247,8.024201393127441,-0.0012165684769212528,0.5176346502284733,-0.01227929163724184,-0.6650801122188568,0.6843673527240753,0.06076453190595902,7.604345798492432,-0.022168750228688548,0.2520849470601092,-0.021033892408013344,-0.3302830785512924,0.2984236538410187,0.1489810641308285,8.399883270263672,-0.007250708707296559,0.2812472048725426,-0.006691089365631342,-0.32666375041007994,0.29537943303585057,0.2412242831044392,9.185521125793457,0.0033666256434413677,0.2537091088454256,0.003861350240185857,-0.2688871622085571,0.28258902430534366,0.2672200060364531,10.3172607421875,-0.0002101723705402891,0.1890560923179434,0.002190699800848961,-0.22533783018589018,0.2269785702228546,0.027560889380397764,11.342021942138672,-7.192591042466975e-06,0.04295503659659826,-0.00022871722467243671,-0.05173191875219345,0.0517245575785637
F:\Seminario\Seminario-Clustering\datasets\davi\Al Emadi (2019)\Multiclass_Drone_Audio\unknown\2-125875-A-130.wav,Multiclass_Drone_Audio\unknown\2-125875-A-130.wav,al_emadi,2-125875-A-130,1.0216875,0.028438313745580767,7.077495574951172,0.00010997335862954683,0.01244928389580186,0.0002588799688965082,-0.013275675848126412,0.013439784757792948,0.09147561537574432,7.991966247558594,-0.0016651328731240097,0.02226645583734811,-0.001297801616601646,-0.030561382323503493,0.026516433805227273,0.17309840012873798,8.990631103515625,-5.499367681004161e-05,0.021803168731543816,0.00016553464956814423,-0.028117880411446094,0.027781191281974326,0.21368913252328167,9.956441879272461,8.423246512533362e-06,0.017167277504676205,7.687276229262352e-05,-0.0217488631606102,0.022787639871239662,0.43475069372931824,10.904205322265625,4.5400949273614093e-05,0.017333683703841866,0.0001118265645345673,-0.021937092766165733,0.021898203343153,0.05854784449733701,11.896612167358398,2.6329732244993396e-07,0.004500129168426969,2.3513675841968507e-05,-0.005718073341995478,0.005718408105894923
F:\Seminario\Seminario-Clustering\datasets\davi\Al Emadi (2019)\Multiclass_Drone_Audio\unknown\3-93010-A-184.wav,Multiclass_Drone_Audio\unknown\3-93010-A-184.wav,al_emadi,3-93010-A-184,0.95975,0.13204675272140207,7.832103252410889,-0.026023112602682676,0.17076953683385207,-0.023238190449774265,-0.24077440053224564,0.19005101025104526,0.17643991009988771,7.578505516052246,-0.008315119507508333,0.1995046341919107,-0.0022351715597324073,-0.2425656646490097,0.23512745052576067,0.21926744480864002,8.400178909301758,-0.004152926396227861,0.15799406983527428,0.0031569499988108873,-0.18985888212919236,0.1832614228129387,0.1807295422165252,9.692671775817871,0.001890399713738211,0.10168104996567955,0.002678897697478533,-0.12453675270080565,0.1240063175559044,0.17105599042960196,10.742773056030273,-0.0009179772239409131,0.07003659499577453,-0.0004388587549328804,-0.0881702646613121,0.08476754575967788,0.12046035972394302,11.492759704589844,0.0001343002354406811,0.04158378519166245,0.00021265793475322425,-0.0490954902023077,0.04925858676433565
F:\Seminario\Seminario-Clustering\datasets\davi\Al Emadi (2019)\Multiclass_Drone_Audio\unknown\1-62565-A-442.wav,Multiclass_Drone_Audio\unknown\1-62565-A-442.wav,al_emadi,1-62565-A-442,0.97525,0.9813581581810372,7.932125091552734,-0.029985617363690247,1.221062411069508,-0.17030958086252213,-1.4604036808013916,1.8154649138450623,0.01657706469086868,7.22265100479126,-0.0020050922297917668,0.15873553592791387,0.008343318477272987,-0.183660589158535,0.16189223527908325,0.0015325734256300112,7.818595886230469,0.0005161696557634882,0.03428313166663584,0.0012219343334436417,-0.03168642520904541,0.03385178446769719,0.00036177561571784417,9.057199478149414,-4.9691703076002524e-05,0.011803350062844735,5.755398888140917e-05,-0.013187790475785732,0.01319682914763689,0.00010530730522271074,10.366069793701172,8.91003396788992e-05,0.004507321460129734,4.389649257063866e-05,-0.005336004309356213,0.005496639478951693,6.512078152354861e-05,11.452634811401367,2.234310201986976e-06,0.002508078755567873,2.7803995180875063e-05,-0.0029305744683369994,0.0029234932735562325
F:\Seminario\Seminario-Clustering\datasets\davi\Al Emadi (2019)\Multiclass_Drone_Audio\unknown\2-135649-B-452.wav,Multiclass_Drone_Audio\unknown\2-135649-B-452.wav,al_emadi,2-135649-B-452,0.97525,0.5053141792051018,7.9247541427612305,0.00872970594073488,1.0985103971051757,0.02858672384172678,-1.355091154575348,1.425201177597046,0.3065271268585448,7.82498025894165,0.009293950155552011,0.8555511861799835,0.029338553547859192,-1.131644070148468,1.1548107862472534,0.12672284537392264,8.85053539276123,0.0032171790787925525,0.3907634844196055,0.017524320632219315,-0.5057100534439087,0.4942697763442998,0.03370935623024693,9.830034255981445,-0.0005489241749674188,0.1428050888429225,0.001002057979349047,-0.1806056722998619,0.1745628848671913,0.01873330908833515,10.791105270385742,-0.0008754579311527316,0.07535884360650708,0.0009435524116270244,-0.09679702520370484,0.09306593239307405,0.008993183243848723,11.843642234802246,-0.0001313891712727792,0.0369417686116419,9.490035881754011e-05,-0.047641120851039886,0.04684632644057274
F:\Seminario\Seminario-Clustering\datasets\davi\Al Emadi (2019)\Multiclass_Drone_Audio\unknown\2-61311-A-122.wav,Multiclass_Drone_Audio\unknown\2-61311-A-122.wav,al_emadi,2-61311-A-122,0.97525,0.9229471353274513,7.951499938964844,-0.00024184703990261282,0.056334509340129894,0.0006356011144816875,-0.07710704207420349,0.07086729258298874,0.05408291719891308,7.9251227378845215,4.195086785330204e-05,0.013636976636181877,-0.0006562462076544762,-0.017341853119432926,0.01808372139930725,0.012541213821334522,8.76357650756836,-2.3429163336734423e-05,0.0046646436576219495,3.730831667780876e-05,-0.006011615786701441,0.005811496730893855,0.0021961571772527565,8.991345405578613,-1.6201787185700622e-05,0.0013830137788120084,-2.6626934413798153e-05,-0.0015197488479316234,0.0015664758975617585,0.004841992030752853,7.94397497177124,9.885702104119314e-06,0.001453821961057691,8.856644853949547e-06,-0.0009127578581683337,0.0008763045887462795,0.003390584444295508,7.9212493896484375,2.2701153941475415e-06,0.0008607012380739483,-7.163907866925001e-08,-0.000442040225607343,0.00044812225678469986
F:\Seminario\Seminario-Clustering\datasets\davi\Al Emadi (2019)\Multiclass_Drone_Audio\unknown\1-42139-A-380.wav,Multiclass_Drone_Audio\unknown\1-42139-A-380.wav,al_emadi,1-42139-A-380,1.0216875,0.6024027992980494,7.939713954925537,0.005034548890941125,0.21382341531377996,0.004145391751080751,-0.26554216742515563,0.2844728112220764,0.3234670382081431,6.745841026306152,-0.01101410786867113,0.1563407055627091,-0.004656211938709021,-0.14911958575248715,0.12700935602188107,0.06306716648069345,7.989319801330566,0.0005688442119331669,0.049121284480583054,-0.0007200598483905196,-0.04739977084100246,0.04587095640599728,0.005797495457941724,9.204194068908691,-9.458298084400104e-05,0.010554453036932374,-1.2252246960997581e-05,-0.011393729597330093,0.01141531765460968,0.0029934805056939444,9.064420700073242,1.113733812159212e-05,0.00536886149485231,2.9912684112787247e-05,-0.004168259724974632,0.004138091392815115,0.0022720200494783706,8.689682006835938,-1.1171464379987745e-05,0.003308993019472435,9.726427379064262e-06,-0.0017944242688827216,0.0017332818359136583
F:\Seminario\Seminario-Clustering\datasets\davi\Al Emadi (2019)\Multiclass_Drone_Audio\unknown\5-254832-A-151.wav,Multiclass_Drone_Audio\unknown\5-254832-A-151.wav,al_emadi,5-254832-A-151,1.0216875,0.042255066698783324,7.5038981437683105,-0.001090462652655771,0.007898175699689411,-0.0010908535914495587,-0.010415823012590409,0.007318634074181317,0.002905179117269014,7.2550554275512695,2.9487378829757068e-05,0.002090407377072641,-1.681898720562458e-05,-0.002223990950733423,0.0022981273941695686,0.24308785373611352,5.358486175537109,0.0006005586100175085,0.01356153776874965,-5.5630120186833665e-05,-0.0023485541343688963,0.0014824996585957712,0.6443982203310882,6.247517108917236,-5.414230683176217e-05,0.015662572098941337,-7.862166057748254e-06,-0.003088155994191766,0.002423131838440895,0.04885583314193767,7.737510681152344,4.835915569589648e-06,0.0030528689554902414,-3.4056711228913628e-06,-0.0011191013036295772,0.000988098280504346,0.018497846974808316,7.935669898986816,-1.8269800180164362e-06,0.0013289480129742084,5.040601536165923e-06,-0.00048504820733796805,0.0004840127425268294
F:\Seminario\Seminario-Clustering\datasets\davi\Al Emadi (2019)\Multiclass_Drone_Audio\bebop_1\mixed_17-bebop_003_.wav,Multiclass_Drone_Audio\bebop_1\mixed_17-bebop_003_.wav,al_emadi,mixed_17-bebop_003,1.024,0.36159261779279117,7.372532844543457,4.3251140316267716e-05,0.11822420619944746,0.0010800993768498302,-0.13888803124427795,0.12623748481273653,0.05259163842754694,8.117721557617188,0.0005585072359491068,0.045083920051924506,-0.0003396261890884489,-0.05776649415493011,0.06020180508494378,0.04833582517968611,8.992594718933105,-0.0006245104183855533,0.03067630645058663,-0.00020774721633642912,-0.039953806623816486,0.038226901367306707,0.12020624815715146,9.960290908813477,0.001027289573608789,0.03427369610662949,0.0017509316094219685,-0.04248752221465111,0.04416637793183328,0.2320730054243355,10.947552680969238,-0.0009236970314603804,0.03370930692118421,-0.0009149499819613993,-0.04450333379209041,0.04214968904852867,0.1852006650184888,11.909995079040527,-1.2735252164902468e-05,0.0213117213626947,-0.00025795825058594346,-0.026857907883822918,0.027465786784887314
F:\Seminario\Seminario-Clustering\datasets\davi\Al Emadi (2019)\Multiclass_Drone_Audio\unknown\2-110614-B-83.wav,Multiclass_Drone_Audio\unknown\2-110614-B-83.wav,al_emadi,2-110614-B-83,1.0216875,0.16389310691229286,7.69801664352417,0.013178850968703915,0.31746954142795913,0.009903940372169018,-0.3558778166770935,0.3827701389789581,0.07039293014876322,7.058047294616699,-0.007436024838868306,0.2081052528645157,-0.008153539150953293,-0.22096468806266784,0.20813044011592854,0.4182758252534371,8.224716186523438,-0.0002470065245079329,0.3603229472551789,0.0056547303684055805,-0.36913569569587706,0.38331128358840943,0.24206400001061323,9.028417587280273,-0.0018215389540520016,0.19424169164015484,0.005138303153216839,-0.21115420758724213,0.20400281250476837,0.10023877119529441,9.902437210083008,-0.0003498474792249668,0.08848565650445271,-0.0002873566118068993,-0.08911986202001572,0.09095027297735216,0.0051353664795992125,10.886489868164062,1.947918586687117e-05,0.014169059917371296,5.579385833698325e-05,-0.013774302694946526,0.01416799779981375
F:\Seminario\Seminario-Clustering\datasets\davi\Al Emadi (2019)\Multiclass_Drone_Audio\unknown\5-219342-A-382.wav,Multiclass_Drone_Audio\unknown\5-219342-A-382.wav,al_emadi,5-219342-A-382,0.97525,0.0004371929604424065,6.623281955718994,2.0349205034482374e-05,0.0010972869578099965,1.6731428331695497e-06,-0.0010056255268864334,0.0010238054092042148,0.012028813522525352,4.262424945831299,0.00023950678029443167,0.0057516641890325735,8.960851573647233e-06,-0.0009997030138038099,0.0010307931806892157,0.3415532137673361,5.478826999664307,0.0005698433162025156,0.021782264332912193,4.28388830187032e-07,-0.0021651333197951314,0.0024227858521044254,0.28921367308092355,6.66940975189209,0.00040033203192725006,0.014201353173330619,-4.3952991291007493e-07,-0.0014722680090926588,0.0017567879054695354,0.3291390291700158,7.11557674407959,-5.40800824794248e-06,0.010729193795561635,-2.8314575502008665e-06,-0.0008652590331621468,0.000875432079192251,0.027628077498756783,7.90128231048584,3.213887908431e-07,0.0021991771934532734,-6.144171038613422e-08,-0.00020349227997940034,0.0002058350873994641
F:\Seminario\Seminario-Clustering\datasets\davi\Al Emadi (2019)\Multiclass_Drone_Audio\unknown\3-156393-A-354.wav,Multiclass_Drone_Audio\unknown\3-156393-A-354.wav,al_emadi,3-156393-A-354,0.95975,0.9281663782090226,8.05468463897705,0.00953997095073974,0.413847173947481,0.034104131162166595,-0.5879144310951233,0.5703076124191284,0.041770304775686024,7.805117130279541,0.006415248146427597,0.08758189061205943,0.002775867935270071,-0.09877902194857598,0.12587517797946932,0.014558191334057976,8.788825035095215,0.0008286082862047979,0.036800890331957395,0.0009997119195759296,-0.045784558355808254,0.04880767986178401,0.009443674580022455,9.681848526000977,0.0006943924462885611,0.021001230401385355,0.0008686111541464925,-0.025531256943941115,0.026070473715662984,0.0031196201312844265,10.702733993530273,-6.977269045140544e-05,0.008549497147109442,-6.128102540969849e-05,-0.01044646855443716,0.010265254974365234,0.0029418309699265257,11.871232986450195,1.0991569872022968e-06,0.005873866140814264,-4.1873514419421554e-05,-0.007542526070028544,0.007564892340451482
F:\Seminario\Seminario-Clustering\datasets\davi\Al Emadi (2019)\Multiclass_Drone_Audio\unknown\4-196671-B-82.wav,Multiclass_Drone_Audio\unknown\4-196671-B-82.wav,al_emadi,4-196671-B-82,0.97525,0.25788971209390255,7.935020446777344,-0.0037832975104984436,0.07476293133538871,-0.006801871117204428,-0.09944324940443039,0.08718431740999222,0.05623314117494403,7.655959129333496,-0.0008634313320609151,0.03494526316924942,-0.0017207125783897936,-0.03946913033723831,0.04277215339243412,0.05017081482065892,8.931734085083008,0.00020355060720879734,0.0234529751875435,0.0007443394279107451,-0.03039655424654484,0.029458581283688556,0.17758901345981776,9.404726028442383,-0.00044509944889348533,0.0312624627194781,2.50293524004519e-05,-0.03876315169036388,0.03411663584411144,0.41368418999432915,10.097892761230469,-0.0004068761068298731,0.03377899726623459,4.3457490392029285e-05,-0.03470783457159996,0.03584811985492707,0.04443312845634757,10.074344635009766,-2.000640058604569e-06,0.007832576703595122,-7.094073225744069e-06,-0.006164313293993473,0.006578054279088974
F:\Seminario\Seminario-Clustering\datasets\davi\Al Emadi (2019)\Multiclass_Drone_Audio\unknown\2-135649-A-452.wav,Multiclass_Drone_Audio\unknown\2-135649-A-452.wav,al_emadi,2-135649-A-452,0.97525,0.7960920580821731,7.910466194152832,-0.006383238747554471,0.33391406651030864,-4.660442937165499e-05,-0.41941575706005096,0.39166389405727386,0.09938315470102825,7.5630998611450195,-0.010546895883312719,0.11752955666779798,-0.00366236106492579,-0.1509298011660576,0.12747425585985184,0.05827502609544684,8.611835479736328,0.0023779480563882183,0.06414155437948063,0.0018804536666721106,-0.07745581120252609,0.07946360260248193,0.02392459180447012,9.342049598693848,0.00017482026947642732,0.029139450987554927,-0.0003170991549268365,-0.03278410024940967,0.03415308482944964,0.015316681556613074,10.412053108215332,-0.00020567987875740043,0.016504414966496118,-0.00035275076515972614,-0.018704235926270484,0.018350973725318916,0.00700848776026867,11.679640769958496,-2.91766455952421e-05,0.007898928079473339,-7.206771988421679e-05,-0.009666642639786005,0.009688147809356451
F:\Seminario\Seminario-Clustering\datasets\davi\Al Emadi (2019)\Multiclass_Drone_Audio\unknown\1-79220-A-173.wav,Multiclass_Drone_Audio\unknown\1-79220-A-173.wav,al_emadi,1-79220-A-173,1.0216875,0.9998051217750777,6.263084411621094,-0.005466894163756393,1.061017865019042,0.03300406411290169,-0.6786643862724304,0.8778122425079345,7.806242174290832e-05,6.675447463989258,1.1357314548650774e-05,0.009375436307689451,3.188359551131725e-05,-0.009935934096574783,0.009215669706463814,3.43660840402632e-05,8.297988891601562,-1.7985720972946473e-05,0.0044156768118524545,0.00011267600348219275,-0.004927200591191649,0.0047783762216568,4.109851073113885e-05,8.116849899291992,0.00010719546883861724,0.003420357558864821,1.6544945538043976e-05,-0.0026748180389404297,0.003057241439819336,2.5239134667760298e-05,9.409833908081055,-3.0366244865734982e-05,0.001898083274091602,-1.799408346414566e-05,-0.001744486717507243,0.0016611377708613873,1.611207374021168e-05,9.499555587768555,-2.1789717604715795e-06,0.001073014928481468,1.0323477908968925e-05,-0.0009587774868123233,0.0009691049810498953
F:\Seminario\Seminario-Clustering\datasets\davi\Al Emadi (2019)\Multiclass_Drone_Audio\unknown\2-96904-A-271.wav,Multiclass_Drone_Audio\unknown\2-96904-A-271.wav,al_emadi,2-96904-A-271,1.0216875,0.04201851270358511,7.923511505126953,-0.0001943769803838643,0.00600383861630127,-0.0004299187276046723,-0.007521110121160746,0.0072366883978247625,0.022892536256338886,6.922233581542969,4.6120765528696375e-05,0.004433632074084361,3.6371973692439497e-05,-0.004468122869729995,0.00480245491489768,0.032070507643909514,8.348455429077148,-8.286219694904839e-05,0.0037243173455139083,-6.196953472681344e-05,-0.004188548354431987,0.003958622924983502,0.055787540565568595,9.070962905883789,-0.00014127564732652363,0.0034789470296110914,-9.308222797699273e-05,-0.003908185753971338,0.0034273022320121527,0.44415904959301866,8.992555618286133,-4.3346560702050675e-05,0.006954402154990595,6.84945462126052e-06,-0.005620624590665102,0.005332644749432803,0.4030718532375792,10.413734436035156,1.475543529350014e-05,0.004686896667834434,-1.4894449122948572e-06,-0.004158327355980872,0.004348188964650036
F:\Seminario\Seminario-Clustering\datasets\davi\Al Emadi (2019)\Multiclass_Drone_Audio\membo_1\extra_membo_D2_2007.wav,Multiclass_Drone_Audio\membo_1\extra_membo_D2_2007.wav,al_emadi,extra_membo_D2,1.002625,0.8640731032682872,8.012296676635742,-0.0002491673471762196,0.043719863746455985,-0.00035818578908219934,-0.057630148902535434,0.05830414891242981,0.004358512758588257,7.913942337036133,-9.795696849537575e-06,0.003105114270114836,3.959431342082098e-05,-0.0038810218684375286,0.003965679416432976,0.05852735058968789,8.610616683959961,1.3179662580270013e-05,0.008081630089463608,-0.00016505634994246066,-0.009111853316426277,0.009710515849292278,0.0371360241173064,9.785621643066406,-6.146825969989122e-05,0.004561756448674882,-9.096763096749783e-05,-0.005737035255879164,0.005623226985335349,0.019555046803413894,10.738330841064453,-2.0899448642571215e-05,0.0023434566928213214,-2.360518556088209e-05,-0.002890854561701417,0.0028825261630117892,0.016349962462716274,11.732240676879883,5.802821084114703e-06,0.001516101821196808,-4.8769579734653234e-06,-0.001866934052668512,0.0019040860934183002
F:\Seminario\Seminario-Clustering\datasets\davi\Al Emadi (2019)\Multiclass_Drone_Audio\unknown\silence087.wav,Multiclass_Drone_Audio\unknown\silence087.wav,al_emadi,silence087,0.743,0.0,-0.0,0.0,0.0,0.0,0.0,0.0,0.0,-0.0,0.0,0.0,0.0,0.0,0.0,0.0,-0.0,0.0,0.0,0.0,0.0,0.0,0.0,-0.0,0.0,0.0,0.0,0.0,0.0,0.0,-0.0,0.0,0.0,0.0,0.0,0.0,0.0,-0.0,0.0,0.0,0.0,0.0,0.0
F:\Seminario\Seminario-Clustering\datasets\davi\Al Emadi (2019)\Multiclass_Drone_Audio\unknown\2-106486-A-444.wav,Multiclass_Drone_Audio\unknown\2-106486-A-444.wav,al_emadi,2-106486-A-444,0.95975,0.8371913392077827,7.926957130432129,0.0007359838468875721,0.17011452795886425,0.0008794145833235234,-0.21195121258497238,0.21732672452926638,0.0471554152826656,7.864535808563232,0.001274185810886041,0.04035362122033397,0.0029595717787742615,-0.04920002594590187,0.05346574559807778,0.027924802116508458,8.811939239501953,-0.0005473710443165003,0.022052949230796225,3.608246333897114e-05,-0.028637224063277244,0.026294693350791935,0.04507310952942343,9.710128784179688,-3.8326386813657696e-05,0.01986369865830085,-7.214274955913424e-05,-0.02480080761015415,0.025129670649766924,0.03030312637431161,10.78187370300293,-3.3869440200685925e-05,0.011530196148207546,5.5868003983050585e-05,-0.014553684182465077,0.014080049656331538,0.01235220748930827,11.774059295654297,-9.41070871631685e-06,0.005208077723620455,7.332884706556797e-06,-0.006480671465396881,0.0065324704628437775
F:\Seminario\Seminario-Clustering\datasets\davi\Al Emadi (2019)\Multiclass_Drone_Audio\unknown\3-154926-A-403.wav,Multiclass_Drone_Audio\unknown\3-154926-A-403.wav,al_emadi,3-154926-A-403,1.0216875,0.0,-0.0,0.0,0.0,0.0,0.0,0.0,0.0,-0.0,0.0,0.0,0.0,0.0,0.0,0.0,-0.0,0.0,0.0,0.0,0.0,0.0,0.0,-0.0,0.0,0.0,0.0,0.0,0.0,0.0,-0.0,0.0,0.0,0.0,0.0,0.0,0.0,-0.0,0.0,0.0,0.0,0.0,0.0
F:\Seminario\Seminario-Clustering\datasets\davi\Al Emadi (2019)\Multiclass_Drone_Audio\unknown\2-106849-A-470.wav,Multiclass_Drone_Audio\unknown\2-106849-A-470.wav,al_emadi,2-106849-A-470,1.0216875,0.2892208416605895,7.947139739990234,0.006786150338311244,0.6984710461606428,0.018448196351528168,-0.8946136951446533,0.9081940412521362,0.3023712384991313,7.711080551147461,0.03401216867658882,0.7133970904908663,0.024250363931059837,-0.8334489226341247,0.9042794585227965,0.24443103907521332,8.624369621276855,0.027624102114943913,0.45498634393477055,0.007964205695316195,-0.4689298450946808,0.5695805311203004,0.1475685677965243,9.551514625549316,0.0002896948371864474,0.25098721980774585,0.0024469727650284767,-0.29493504762649536,0.2920101583003998,0.016012373507798067,10.586978912353516,5.312312815671492e-05,0.05852542632982554,-0.0013940483331680298,-0.06671124100685119,0.06769384443759918,0.00039593946074359317,11.460624694824219,1.790728032804394e-05,0.006510689294116474,2.8745271265506744e-05,-0.0076992583461105825,0.007634115871042013
F:\Seminario\Seminario-Clustering\datasets\davi\Al Emadi (2019)\Multiclass_Drone_Audio\unknown\1-34495-A-140.wav,Multiclass_Drone_Audio\unknown\1-34495-A-140.wav,al_emadi,1-34495-A-140,1.0216875,0.11871447484761101,7.733778953552246,0.0029967288118347467,0.05504195621009633,0.001751950941979885,-0.06410503536462783,0.06704829186201096,0.03479042614547255,7.9694623947143555,-0.0024966043412285232,0.0297364654067687,-0.0006882468005642295,-0.04293856471776962,0.03438428342342377,0.027424463568007373,9.01181697845459,1.5549029484142558e-05,0.018806966233134045,0.000631794857326895,-0.024506776221096514,0.023976941034197806,0.1685307653279365,9.568347930908203,-0.0004476764950534485,0.03303583867439544,0.00016643432900309563,-0.040174778550863266,0.03919701650738716,0.5313071441141228,9.77652645111084,0.0004908331765942388,0.041523125270594874,0.00016958685591816902,-0.04082571417093277,0.041900607943534854,0.11923272599684978,11.060291290283203,-8.667852290682487e-06,0.013916900271276214,-5.893973138881847e-05,-0.014287958480417728,0.014555532205849889
F:\Seminario\Seminario-Clustering\datasets\davi\Al Emadi (2019)\Multiclass_Drone_Audio\unknown\3-142601-A-213.wav,Multiclass_Drone_Audio\unknown\3-142601-A-213.wav,al_emadi,3-142601-A-213,1.0216875,0.0,-0.0,0.0,0.0,0.0,0.0,0.0,0.0,-0.0,0.0,0.0,0.0,0.0,0.0,0.0,-0.0,0.0,0.0,0.0,0.0,0.0,0.0,-0.0,0.0,0.0,0.0,0.0,0.0,0.0,-0.0,0.0,0.0,0.0,0.0,0.0,0.0,-0.0,0.0,0.0,0.0,0.0,0.0
F:\Seminario\Seminario-Clustering\datasets\davi\Al Emadi (2019)\Multiclass_Drone_Audio\unknown\3-130330-A-220.wav,Multiclass_Drone_Audio\unknown\3-130330-A-220.wav,al_emadi,3-130330-A-220,1.0216875,0.007505106086556621,6.604549407958984,-0.013601056354161646,0.22807268007681283,-0.0041334368288517,-0.2335078775882721,0.18416808843612667,0.017817363568579644,7.175039291381836,-0.007211936941695164,0.3519624227769037,-0.007644553203135729,-0.4101069927215576,0.337741494178772,0.2274904599028491,8.166067123413086,-0.11711409011272515,0.8852060868350332,-0.05030786618590355,-1.1159391283988953,0.7619906961917878,0.30102395633788764,9.433294296264648,0.0028785626847114866,0.7278865769233659,-0.01077357679605484,-0.8670968413352966,0.8536380529403687,0.23916780933669907,10.322403907775879,-0.005073468022861873,0.45925448783155376,-0.004740709438920021,-0.5314841389656066,0.513810980319977,0.2069953047674279,11.202787399291992,-1.3348225678868322e-05,0.3022776872113373,-0.00041278934804722667,-0.33340885043144225,0.3221385031938554
F:\Seminario\Seminario-Clustering\datasets\davi\Al Emadi (2019)\Multiclass_Drone_Audio\unknown\2-262579-A-451.wav,Multiclass_Drone_Audio\unknown\2-262579-A-451.wav,al_emadi,2-262579-A-451,1.0216875,0.23920764049283075,7.802207946777344,0.004897153088446125,0.285856123174078,-0.0077149225398898125,-0.34963501691818233,0.35692715048789975,0.515187818037722,7.89592170715332,0.020867056346109032,0.41905276071408204,0.011839346960186958,-0.4985671281814575,0.5384074449539183,0.17084229775426585,8.883246421813965,0.0007035696372679136,0.17150738026228912,0.0012972373515367508,-0.21611284017562865,0.21227739900350573,0.053813791510338854,9.877765655517578,-0.0003785589430447139,0.06821260486061581,-0.002568507567048073,-0.08649258315563202,0.08861175924539566,0.01717515035167564,10.670855522155762,-0.0002128404456313011,0.027278692786394543,-0.00028243311680853367,-0.03232450857758522,0.03210094049572946,0.0037733018531669374,11.532647132873535,4.718624490576469e-06,0.009045749310893384,-3.642792580649257e-05,-0.010432121623307465,0.010462130326777697
F:\Seminario\Seminario-Clustering\datasets\davi\Al Emadi (2019)\Multiclass_Drone_Audio\unknown\3-119455-A-444.wav,Multiclass_Drone_Audio\unknown\3-119455-A-444.wav,al_emadi,3-119455-A-444,0.95975,0.672638380925372,7.451531410217285,0.0015688100080654696,0.3992469922735975,-0.007759687257930636,-0.4637105882167816,0.47120459675788895,0.0720984295066589,7.439186096191406,-0.017582842148840427,0.12952451363907178,-0.016498906537890434,-0.15713404715061188,0.1250192649662495,0.1194935668168017,8.656135559082031,0.0012512686136823285,0.11947440478293368,-0.0007650848710909486,-0.14595008492469788,0.15487093925476075,0.04956184204216083,9.632539749145508,0.00014230650535041102,0.054537532454897245,-0.0004567046416923404,-0.06643391251564025,0.06557362377643586,0.031150508947924996,10.663036346435547,0.00017755789709631995,0.03060843987937366,0.00022828244254924357,-0.03701229840517044,0.03720106855034828,0.05505727176108161,11.312231063842773,4.451936697060305e-06,0.028789511670316435,0.00027780490927398205,-0.03299067132174969,0.032898843660950666
F:\Seminario\Seminario-Clustering\datasets\davi\Al Emadi (2019)\Multiclass_Drone_Audio\unknown\4-213193-A-290.wav,Multiclass_Drone_Audio\unknown\4-213193-A-290.wav,al_emadi,4-213193-A-290,1.0216875,0.15251572875017871,4.734888553619385,-0.0002578908011987761,0.014187389845589211,-0.00012941673048771918,-0.002822680491954087,0.0010591693222522724,0.540236721859685,3.577393054962158,-0.0007122534379764734,0.026696507847057106,-2.05630567506887e-06,-0.001510701281949877,0.0034474284388124944,0.22814015061073625,4.160536766052246,9.355943033419784e-05,0.01231885379509909,-3.927356601707288e-06,-0.0019614174729213115,0.001732795394491405,0.05601013695055872,6.032740592956543,-4.953723989339924e-05,0.004325363318681833,9.693280844658148e-08,-0.0009947940707206726,0.0007508768467232585,0.017891263203368046,6.308352470397949,-4.2006917879803845e-05,0.0017301041668496685,-1.0057226518256357e-07,-0.0003440936445258556,0.00028282054699957474,0.005205998625473348,6.129295349121094,6.80103340581753e-07,0.0006604330978742562,1.647233318635699e-07,-9.356481023132801e-05,9.37569515372161e-05
F:\Seminario\Seminario-Clustering\datasets\davi\Al Emadi (2019)\Multiclass_Drone_Audio\unknown\5-216213-A-133.wav,Multiclass_Drone_Audio\unknown\5-216213-A-133.wav,al_emadi,5-216213-A-133,1.0216875,0.0053266996858189865,2.4089746475219727,-0.004058855356431575,0.03983412725041134,-0.0001772480900399387,-0.004297082684934139,0.003966886550188064,0.000963987359466673,3.602914810180664,0.00027071863685263864,0.01703138281599251,8.421335951425135e-05,-0.008360174670815467,0.007926783338189126,0.0035413454633259392,2.370621919631958,-0.00010599148312729932,0.02317468050535145,0.00016284477896988392,-0.006774396728724241,0.006556548364460469,0.19677409790870687,8.656906127929688,0.00015445170266258494,0.12242032672045715,-0.00017945803119800985,-0.1109539046883583,0.11658810824155807,0.7740953075419105,9.62216854095459,-7.3536661551927844e-06,0.17188148773451384,3.358789763296954e-05,-0.15961534678935999,0.16071202158927922,0.0192985620407711,10.701140403747559,-2.393520063812624e-06,0.01919957726847189,0.00016417887673014775,-0.01706397235393524,0.017868401110172273
F:\Seminario\Seminario-Clustering\datasets\davi\Al Emadi (2019)\Multiclass_Drone_Audio\unknown\1-34853-A-372.wav,Multiclass_Drone_Audio\unknown\1-34853-A-372.wav,al_emadi,1-34853-A-372,0.97525,0.0012386344632740415,7.724129676818848,-0.0011352654729571735,0.02229795395199963,-0.0024110020603984594,-0.027330806478857994,0.026513402350246906,0.0019415641285528797,7.698942184448242,0.0001677036141758905,0.027952692511261822,0.0008029617019928992,-0.037640662863850594,0.03342118114233017,0.04017013436671551,8.794425964355469,5.1917501390458765e-05,0.09031736103562595,0.000612110598012805,-0.13349564373493195,0.13215559124946594,0.24616033641165638,9.044182777404785,8.473217008519224e-05,0.1584160048206888,-0.0010512833832763135,-0.17202585041522978,0.19558087587356565,0.6194398193522341,10.169259071350098,1.737006355423019e-05,0.177899315224263,0.0003148067044094205,-0.2184404969215393,0.221782597899437,0.09104951127756704,11.046833992004395,-1.5651944938636468e-06,0.048252626542119335,0.0002719012263696641,-0.05787506140768528,0.055218905210494995
F:\Seminario\Seminario-Clustering\datasets\davi\Al Emadi (2019)\Multiclass_Drone_Audio\unknown\2-114609-B-284.wav,Multiclass_Drone_Audio\unknown\2-114609-B-284.wav,al_emadi,2-114609-B-284,0.95975,0.8989803931683752,7.250319004058838,-0.0013393679338583216,0.03161219005201332,-8.941893611336127e-05,-0.03780461512506008,0.03487277552485467,0.08450607666463604,6.794178485870361,-0.00015501740643707843,0.009699680973408495,-0.0001238166805705987,-0.009888233803212642,0.009176258090883495,0.012247749216417626,7.220458030700684,3.080618030290973e-06,0.0026222193279644658,-1.222456558025442e-05,-0.0021252951817587015,0.002038677968084817,0.0023786328190091768,8.554581642150879,-2.1854455599357223e-05,0.000818741905114882,-8.137816621456295e-06,-0.0007360746851190924,0.0006762276752851911,0.0014187129004710783,9.306280136108398,1.9578497612436673e-06,0.0004477893556424263,1.4340148482006043e-06,-0.00036433885688893494,0.0003687367425300181,0.000468435231090913,10.221365928649902,2.0058708456731167e-08,0.00018203985798070137,2.3229222279042006e-06,-0.0001478448393754661,0.00014277459704317163
F:\Seminario\Seminario-Clustering\datasets\davi\Al Emadi (2019)\Multiclass_Drone_Audio\unknown\5-248341-C-63.wav,Multiclass_Drone_Audio\unknown\5-248341-C-63.wav,al_emadi,5-248341-C-63,1.0216875,0.021991097257326835,4.2796950340271,0.0072406994176423805,0.09633574093389341,0.0008938773535192013,-0.03139981180429458,0.032635735720396034,0.0344853081447753,7.371832847595215,0.0026140923424859876,0.12094916287857316,-1.92930456250906e-05,-0.14340624809265137,0.1739146441221237,0.24646040868110858,8.14281940460205,0.00021613366653997501,0.22957557677978613,7.052561704767868e-05,-0.3047459810972214,0.26243784427642824,0.5668843276217149,9.033822059631348,-0.0007464559243350716,0.24673646610031452,-3.0989987862994894e-05,-0.2980599105358124,0.28263533115386963,0.11845749316202736,9.739267349243164,-0.0006472145691603922,0.07983935971514901,1.5867048205109313e-05,-0.0875078871846199,0.08694648146629334,0.011721365133047024,10.787437438964844,5.8040255774223775e-05,0.017767819399941286,9.662808224675246e-07,-0.019447256252169608,0.019384469464421274
F:\Seminario\Seminario-Clustering\datasets\davi\Al Emadi (2019)\Multiclass_Drone_Audio\unknown\5-208810-A-114.wav,Multiclass_Drone_Audio\unknown\5-208810-A-114.wav,al_emadi,5-208810-A-114,0.95975,0.045901743533346244,7.104681968688965,-0.0006220627841684967,0.17774397398188854,0.0,-0.1890482559800148,0.1992701977491379,0.09168282731954736,7.568148136138916,-0.004419826852066584,0.25116535045158245,0.0,-0.2963400185108185,0.30381535887718203,0.24276718411041967,8.576326370239258,-0.009779534002090568,0.2900704607773387,0.0,-0.36964809000492094,0.3246437937021258,0.30107687007162176,9.673920631408691,-0.0014625581479518956,0.22907719743672444,7.653799798390537e-07,-0.2849583327770233,0.27150036096572877,0.21071166899687774,10.639851570129395,-0.0006781760263481185,0.13566992146468962,0.0,-0.16751701831817625,0.16533822417259217,0.10785970596818725,11.637874603271484,5.590946121484128e-05,0.06867286861330851,0.0,-0.0837498739361763,0.08442821279168132
F:\Seminario\Seminario-Clustering\datasets\davi\Al Emadi (2019)\Multiclass_Drone_Audio\unknown\2-82071-A-270.wav,Multiclass_Drone_Audio\unknown\2-82071-A-270.wav,al_emadi,2-82071-A-270,1.0216875,0.3360562609845186,8.007221221923828,0.000776095836935206,0.06247237932113709,0.0003929408558178693,-0.07850042581558228,0.08520549833774566,0.1870161099384338,7.878293037414551,0.0014158526997397423,0.046585911268745,0.0009224974783137441,-0.05605025589466095,0.0583921417593956,0.19555266421930056,8.883358001708984,-0.0007870463866602575,0.03382166117471373,4.404564970172942e-05,-0.04329882934689522,0.04082733690738678,0.13334751975930456,9.74435806274414,-8.211729445039267e-05,0.019797263015373687,-0.0005405496340245008,-0.023745514452457428,0.024986866861581802,0.10167840013026042,10.362478256225586,0.0001991617641620177,0.012235879733774928,8.863233961164951e-05,-0.01362170409411192,0.013786784559488301,0.04634904496818208,11.108050346374512,1.9464416492104643e-06,0.005845155349696263,3.8687794585712254e-05,-0.0062213943805545565,0.00603315611369908
F:\Seminario\Seminario-Clustering\datasets\davi\Al Emadi (2019)\Multiclass_Drone_Audio\unknown\3-95695-A-50.wav,Multiclass_Drone_Audio\unknown\3-95695-A-50.wav,al_emadi,3-95695-A-50,1.0216875,0.002849596109231543,5.116742134094238,0.0034911111190104012,0.03747947316687537,0.0003517062577884644,-0.025566412135958668,0.02957376018166542,0.0026960429706619645,6.766201972961426,0.0010907571740481673,0.036597242246726024,2.475151268299669e-05,-0.03544417321681976,0.036444025486707686,0.11413135346176427,8.447137832641602,0.0010396335943510476,0.16909746640968118,-0.0009979194728657603,-0.21871219277381895,0.2210190907120705,0.48656546472016793,8.35089111328125,-0.00012548956627529294,0.24742820180585837,-0.0001443539367755875,-0.2294267863035202,0.23239929974079132,0.35620227583473296,10.447711944580078,0.00012120711603421573,0.14986104747254633,-8.453912596451119e-05,-0.20534522235393524,0.21115598380565648,0.03755526690344135,11.397488594055176,-2.287411300073385e-05,0.034424942876542304,0.00021364357962738723,-0.051173733174800874,0.04521177373826506
F:\Seminario\Seminario-Clustering\datasets\davi\Al Emadi (2019)\Multiclass_Drone_Audio\unknown\4-164243-A-263.wav,Multiclass_Drone_Audio\unknown\4-164243-A-263.wav,al_emadi,4-164243-A-263,1.0216875,0.05114182129388985,3.7481579780578613,0.011262930112678704,0.19540294514642437,0.0003762007399927825,-0.07210892289876937,0.07307422310113906,0.025613983732924984,7.436222553253174,0.004705329954548809,0.1384366638077856,0.003929902799427509,-0.15809902548789978,0.16826582849025726,0.1492930282350469,8.270979881286621,0.004784391260478709,0.23733395625869255,-0.00020427018171176314,-0.27771967351436616,0.2796449601650238,0.5215177293313427,9.072023391723633,0.0004721242571171275,0.31441131283255214,0.0006107295630499721,-0.35965675115585327,0.36470311880111694,0.22459240660424057,9.820609092712402,0.0017708375069552579,0.14604667458767728,7.176602957770228e-05,-0.14826507568359376,0.15271795988082887,0.02784103080255506,10.79085922241211,-5.1087788960568e-07,0.03638028010712502,-0.00015212000289466232,-0.036871402710676196,0.03751216866075993
F:\Seminario\Seminario-Clustering\datasets\davi\Al Emadi (2019)\Multiclass_Drone_Audio\unknown\4-209536-A-370.wav,Multiclass_Drone_Audio\unknown\4-209536-A-370.wav,al_emadi,4-209536-A-370,1.0216875,0.002574540872282749,3.600322961807251,-0.004030368840814252,0.04921515249589747,-0.0011111658532172441,-0.024887662380933758,0.026863212883472442,0.00048661091304618093,7.462543487548828,-0.00011136794354235448,0.021467696376709013,8.585955947637558e-05,-0.024985213950276374,0.022637536749243733,0.0011121529749511434,8.172065734863281,0.0005093231130726477,0.02303252331493653,-0.0008923342102207243,-0.023146086186170575,0.026044338941574097,0.0013447539774609852,9.063117980957031,-0.00023320047677202583,0.017950889201224368,-8.63305467646569e-06,-0.019348980858922005,0.018885739147663116,0.48407574018686683,11.04986572265625,0.024663290689351244,0.23984783694397296,0.03911210224032402,-0.29458600878715513,0.323074609041214,0.5104062010753921,12.056160926818848,1.2348355197225391e-05,0.1751533502528667,0.00015792518388479948,-0.2259466230869293,0.22738515734672546
F:\Seminario\Seminario-Clustering\datasets\davi\Al Emadi (2019)\Multiclass_Drone_Audio\unknown\5-243459-B-141.wav,Multiclass_Drone_Audio\unknown\5-243459-B-141.wav,al_emadi,5-243459-B-141,1.0216875,0.0001410698109315964,2.65736985206604,-2.5442662173201425e-05,0.0006100640821982456,-7.911121792858467e-05,-0.00021048808412160724,7.32526517822407e-05,4.963273253078661e-05,7.5025434494018555,3.4725999398907193e-07,0.00036217599884535756,3.987762283941265e-06,-0.00043839437421411276,0.00040017030551098276,0.004644965691064965,8.343050003051758,-5.468503657327338e-05,0.002486492248773774,1.5779098248458467e-05,-0.002893505338579416,0.002755260444246233,0.07549942113705232,9.581957817077637,0.00019392052508556112,0.007103079307773543,7.843115599825978e-05,-0.008227339945733547,0.008478863164782524,0.3663882981982893,10.60996150970459,-3.306768372419169e-05,0.011080707018969906,2.653972478583455e-05,-0.013333775848150252,0.013193398155272013,0.553276612430131,11.438389778137207,-5.468211962890022e-07,0.009633122399306455,-2.4100576411001384e-05,-0.010949950292706487,0.011171239428222185
F:\Seminario\Seminario-Clustering\datasets\davi\Al Emadi (2019)\Multiclass_Drone_Audio\unknown\4-156827-A-461.wav,Multiclass_Drone_Audio\unknown\4-156827-A-461.wav,al_emadi,4-156827-A-461,1.0216875,0.01625584007341436,7.5335612297058105,0.0012249306812415865,0.21297504175145163,0.003797809360548854,-0.2566898584365845,0.24560886323451994,0.3200593466418415,8.140565872192383,-0.005422503396739505,0.945016282654735,-0.0001349048689007759,-1.2384693622589111,1.203737473487854,0.2941539942236498,8.90178108215332,-0.016646655702520417,0.6428921297474988,-0.01684643793851137,-0.8398125886917114,0.788500714302063,0.22729002257684994,9.860817909240723,0.008295989657506104,0.40052450431595626,0.01489077229052782,-0.5032068490982056,0.5018582940101624,0.13554174489590667,10.505331039428711,0.00010539652724121646,0.21899312587724729,-0.0015566814690828323,-0.2566175818443298,0.25610916018486035,0.0066990515883377354,11.350111961364746,-6.4345126983759286e-06,0.03444276411708355,0.0001794684212654829,-0.038551514968276024,0.03869643360376359
F:\Seminario\Seminario-Clustering\datasets\davi\Al Emadi (2019)\Multiclass_Drone_Audio\unknown\5-249937-A-220.wav,Multiclass_Drone_Audio\unknown\5-249937-A-220.wav,al_emadi,5-249937-A-220,1.0216875,0.014590491341961592,7.249486446380615,-0.0024882125240249958,0.0721551412183099,-0.0010379233863204718,-0.08066273182630539,0.07572049498558045,0.0555301219886553,7.405667781829834,0.0009589545446248844,0.14084604026562395,0.0028965219389647245,-0.14752329587936402,0.16142478585243225,0.22544262266194498,8.10200309753418,0.0013207104365065584,0.2014485402301902,0.0033025110606104136,-0.21991451531648634,0.22037182599306107,0.40690999544348316,9.05186653137207,0.005775501600456224,0.191709409475266,0.0026864316314458847,-0.20262739062309265,0.2068714052438736,0.2425122332409314,9.686602592468262,0.0009336635111544996,0.1048100153663087,-0.00025136303156614304,-0.10357405394315719,0.10584408789873123,0.055014535323023535,10.849599838256836,0.00010688964127687698,0.035317280448485276,-0.00047627498861402273,-0.037991225719451904,0.03865725584328175
F:\Seminario\Seminario-Clustering\datasets\davi\Al Emadi (2019)\Multiclass_Drone_Audio\unknown\2-106073-A-364.wav,Multiclass_Drone_Audio\unknown\2-106073-A-364.wav,al_emadi,2-106073-A-364,0.95975,0.04138186480908265,7.145727157592773,-0.017842245173209238,0.2753815602026256,-0.005849434994161129,-0.32628308832645414,0.2997488915920258,0.18130265199687473,7.966341018676758,0.010953530877233162,0.5775152500870562,0.008613510057330132,-0.7514603853225708,0.8068680584430695,0.3197507787357431,8.908924102783203,0.0012011151844520153,0.5446486874118464,-0.013494712300598621,-0.6869146466255188,0.7291301846504213,0.19301029619415844,9.853924751281738,0.003317340449945973,0.299897046876872,0.0005866256542503834,-0.3742628455162048,0.3967286944389343,0.14526811331998332,10.862652778625488,-0.0007067409962275209,0.1841972559687354,-0.0001223105937242508,-0.23558976650238037,0.23271332681179044,0.11928629494415775,11.884513854980469,-0.000489259034494812,0.1180874592297289,-5.778379272669554e-05,-0.15523814111948012,0.15253141522407537
F:\Seminario\Seminario-Clustering\datasets\davi\Al Emadi (2019)\Multiclass_Drone_Audio\unknown\3-103051-A-193.wav,Multiclass_Drone_Audio\unknown\3-103051-A-193.wav,al_emadi,3-103051-A-193,1.0216875,0.7982016019801796,7.455925464630127,0.017669339917635148,0.06367147537105652,0.017574602738022804,-0.05444713532924652,0.08827644437551496,0.14281583344690732,7.524831295013428,-0.00020225447472359856,0.027949590510773486,0.00014019256923347712,-0.03337913453578949,0.030028425157070153,0.05348369381570483,8.567269325256348,0.00018616443271683733,0.012140130296354804,-2.485995901224669e-05,-0.013973934855312108,0.014704949874430898,0.005071099634758305,9.642072677612305,5.343607575983978e-06,0.0026494130517528106,1.8469872884452343e-05,-0.003166551236063242,0.003123124595731497,0.0002380309161207856,10.885702133178711,4.691567686825879e-06,0.0004063022109347215,4.808942321687937e-06,-0.0005190974334254861,0.0005275859264656903,0.0001897402063291398,11.927706718444824,2.505186410301532e-07,0.0002566482094230803,-3.5140110412612557e-06,-0.000323746504727751,0.0003278886404586956
F:\Seminario\Seminario-Clustering\datasets\davi\Al Emadi (2019)\Multiclass_Drone_Audio\unknown\5-189237-A-122.wav,Multiclass_Drone_Audio\unknown\5-189237-A-122.wav,al_emadi,5-189237-A-122,0.97525,0.003066979840255395,7.500141143798828,-9.119030410294081e-05,0.001768809780718554,-0.00010172829934163019,-0.0021643617656081915,0.002004856360144913,0.01908129778762315,6.161907196044922,0.00013792068474568594,0.004415646361446945,0.00012606313248397782,-0.004258269909769297,0.004909008275717497,0.03496905293170366,2.1007277965545654,0.00011646281161993398,0.004246633685273301,5.237759069132153e-06,-0.0014436793746426702,0.0014827781124040487,0.06369450305945026,2.3264784812927246,6.779494493477114e-05,0.004061879630414163,6.289064913289621e-08,-0.00043648857390508054,0.0004359150771051645,0.45351902146301293,2.9819650650024414,-0.00027618523413904374,0.007668978004837708,-3.1992894946597517e-06,-0.0001705931150354445,0.0001720984117127955,0.4256691449179546,3.7061681747436523,-2.8975211733411477e-05,0.005259665734706757,-8.932850619203236e-07,-0.00015189818805083632,0.0001510456422693096
F:\Seminario\Seminario-Clustering\datasets\davi\Al Emadi (2019)\Multiclass_Drone_Audio\unknown\1-96950-B-92.wav,Multiclass_Drone_Audio\unknown\1-96950-B-92.wav,al_emadi,1-96950-B-92,0.97525,5.645992885657978e-05,6.490152835845947,0.0001774133013730116,0.003248013271635965,9.685614259069553e-06,-0.0030282181687653065,0.003202485851943493,0.0014032011415689384,6.623800754547119,-0.00032980232821493643,0.016213048406379073,-6.0731119447154924e-05,-0.013752453029155731,0.016395133920013905,0.05140968422802998,8.006392478942871,0.001088552495769577,0.06971530761119092,0.00019249622710049152,-0.07971341013908385,0.08716083467006684,0.6316156975360193,9.031105041503906,0.002269784391616358,0.17314827619842402,-1.9868291019520257e-05,-0.2019327238202095,0.2159125566482544,0.30551821416399244,9.467081069946289,1.610275636013413e-05,0.08525742753061796,-2.3874585167504847e-05,-0.08177394866943359,0.08564291596412658,0.009996743001532716,10.17460823059082,-9.450911764341506e-06,0.01091063934637952,-3.1235144888341893e-06,-0.009155452717095613,0.008987223729491234
F:\Seminario\Seminario-Clustering\datasets\davi\Al Emadi (2019)\Multiclass_Drone_Audio\unknown\5-244459-A-281.wav,Multiclass_Drone_Audio\unknown\5-244459-A-281.wav,al_emadi,5-244459-A-281,1.0216875,0.4732713052203609,7.402587890625,6.419885017584313e-05,0.1587345338640837,-0.0013773725368082523,-0.22001115083694453,0.21177905797958374,0.4874522258463371,7.076376914978027,0.00036444905292406957,0.16109471020829869,0.0003449340583756566,-0.19161301255226135,0.20461610853672005,0.03574193540132525,7.871485710144043,0.00013840041690643367,0.030964647020683106,-0.00012545514618977904,-0.03413986936211586,0.03457973785698414,0.0013246663723871417,9.012553215026855,4.4264997658910076e-05,0.004224221016842832,-5.507367313839495e-05,-0.004591367673128843,0.004470028914511204,0.0012166138682027407,10.104154586791992,6.435594007331984e-06,0.0028658566485696394,3.6836900108028203e-06,-0.003179779695346951,0.0031980364583432674,0.0009932532913868827,11.180974960327148,-2.13077210952627e-06,0.0018319187047173748,1.703661837382242e-06,-0.002123528020456433,0.0020514322677627206
F:\Seminario\Seminario-Clustering\datasets\davi\Al Emadi (2019)\Multiclass_Drone_Audio\unknown\1-28808-A-433.wav,Multiclass_Drone_Audio\unknown\1-28808-A-433.wav,al_emadi,1-28808-A-433,1.0216875,0.3265939913841956,8.111372947692871,-0.002252988739796916,0.5633219611271938,-0.008641165681183338,-0.7479742884635925,0.746190869808197,0.08777589928286428,7.987026214599609,-0.021074467339518843,0.2912795264407116,-0.0118938647210598,-0.39641735553741453,0.3517485201358795,0.15395508753820264,8.808098793029785,0.007337525972047621,0.27444985235135255,-0.009032702073454857,-0.3105879247188568,0.3662241220474243,0.3690573175439909,9.626983642578125,0.0012287488421207264,0.30123138414443834,-0.0010443085338920355,-0.3552016317844391,0.36868101358413696,0.05486662785766023,10.797808647155762,-3.784774877315293e-05,0.08221914834931812,-0.0013202931731939316,-0.10238368660211561,0.10403639227151872,0.007751076393086369,11.872321128845215,-3.0359050494018745e-05,0.02186234658218368,0.00023804407101124525,-0.027618886344134806,0.02719485275447369
F:\Seminario\Seminario-Clustering\datasets\davi\Al Emadi (2019)\Multiclass_Drone_Audio\unknown\2-137162-A-111.wav,Multiclass_Drone_Audio\unknown\2-137162-A-111.wav,al_emadi,2-137162-A-111,1.0216875,0.24984828080828744,7.865349769592285,-0.0033375047923824776,0.15788902876446273,0.000730228959582746,-0.20551406145095824,0.19512483477592468,0.16643776766637108,7.86562442779541,0.00793237719857107,0.12865087603273367,0.002039987128227949,-0.1535906910896301,0.17275620698928834,0.21328765450222315,8.7719144821167,-0.0017984814411797787,0.10356027897877616,-0.0011568698682822287,-0.13449345231056212,0.12579238414764407,0.1879661331737085,9.769942283630371,0.0015518270135922553,0.068887630409245,-0.0014435353223234415,-0.08174625784158707,0.08802803605794907,0.1395111806014332,10.874783515930176,-2.2145820336860977e-05,0.04202212552213993,-0.00017177150584757328,-0.05276906788349151,0.05223650932312012,0.04294898324797661,11.830724716186523,-2.8245966749585483e-05,0.01649478622492674,1.439021434634924e-05,-0.020357955433428287,0.020602138899266723
F:\Seminario\Seminario-Clustering\datasets\davi\Al Emadi (2019)\Multiclass_Drone_Audio\unknown\3-155577-A-144.wav,Multiclass_Drone_Audio\unknown\3-155577-A-144.wav,al_emadi,3-155577-A-144,0.95975,0.13091401876792014,7.634044170379639,-0.0302237895919491,0.17008548399875736,-0.033609967678785324,-0.2251426875591278,0.16403732746839525,0.10983142669900962,7.7669148445129395,-0.002977461713704006,0.15820175256642455,-0.0051508271135389805,-0.20397987365722656,0.1825723916292191,0.0844837812928424,8.534714698791504,0.0003659447742513504,0.09853279121872875,0.0014327896642498672,-0.1188184842467308,0.1137263797223568,0.05907765547891701,9.534021377563477,-0.0012973010620040302,0.05838460799245023,-0.0009363931603729725,-0.07395310401916504,0.07084722369909288,0.2507255130481286,10.287086486816406,0.0003683021921531711,0.0851690531671186,0.00034387828782200813,-0.09628385156393052,0.0954669252038002,0.36496760471318224,11.26078987121582,0.00019305722227691538,0.0726981353952725,0.00020173576194792986,-0.08442960008978843,0.08533334434032441
F:\Seminario\Seminario-Clustering\datasets\davi\Al Emadi (2019)\Multiclass_Drone_Audio\unknown\2-106015-B-440.wav,Multiclass_Drone_Audio\unknown\2-106015-B-440.wav,al_emadi,2-106015-B-440,1.0216875,0.443929523695535,7.985889911651611,0.0076144592924427545,0.3864230846927359,-0.04855514317750931,-0.43304618597030636,0.5545703530311584,0.3728326550278706,7.970361232757568,-0.01480818194694286,0.3538893036468001,-0.01113908365368843,-0.45550484657287593,0.4038463771343229,0.17008637955317762,8.849751472473145,-0.0006617010166434553,0.16981923616802702,0.0016437601298093796,-0.2101695507764816,0.2072023704648018,0.00916053499617748,9.982362747192383,3.081714385189116e-05,0.027928740057157134,-0.00021855882368981838,-0.036472875624895096,0.03701798990368843,0.0034931215691728105,10.352578163146973,4.498953368475696e-05,0.012208352420314447,0.00016809324733912945,-0.013323989510536193,0.01358462627977133,0.0004977851580664253,11.502113342285156,-6.520493442188004e-06,0.0032603976327953118,-1.9611383322626352e-05,-0.0038078261306509374,0.0037713209399953497
F:\Seminario\Seminario-Clustering\datasets\davi\Al Emadi (2019)\Multiclass_Drone_Audio\unknown\2-78562-B-374.wav,Multiclass_Drone_Audio\unknown\2-78562-B-374.wav,al_emadi,2-78562-B-374,0.95975,0.0015993900888457266,3.4207725524902344,0.0011473212248272859,0.06760114103952301,5.910577419854235e-05,-0.01920127496123314,0.018408263102173805,0.000412541976174067,7.11176872253418,0.0004658783194767626,0.034334715845927254,0.0014222078025341034,-0.03871441259980202,0.0389096636325121,0.0035997155566420175,8.849226951599121,0.00034454289080781,0.07201794215489045,-0.0014199840370565653,-0.09173881858587266,0.08923555314540865,0.00570352724287914,9.889864921569824,0.0012880773806715404,0.06423813053741405,0.003246110398322344,-0.0815379649400711,0.0841404065489769,0.10756041491930213,10.942522048950195,-0.0016465034792127065,0.19752053367697678,-0.0030902728904038668,-0.2534771621227264,0.2510524094104767,0.881124410216157,11.905641555786133,-0.00027594344073480283,0.3999729727506108,-0.0018959753215312958,-0.5065857887268066,0.5004857122898104
F:\Seminario\Seminario-Clustering\datasets\davi\Al Emadi (2019)\Multiclass_Drone_Audio\unknown\1-75162-A-90.wav,Multiclass_Drone_Audio\unknown\1-75162-A-90.wav,al_emadi,1-75162-A-90,1.0216875,0.00040587522557387207,5.277670383453369,-0.00030464866113942514,0.009258172407232508,4.9593509174883366e-06,-0.003400314413011074,0.002853051060810684,0.000584917318112214,7.441503524780273,0.00012730731243217335,0.011119436086020056,3.6191289609632804e-07,-0.013558391481637955,0.014001760073006152,0.02669390104731281,8.389986038208008,0.0008907053869728433,0.05331807972620692,8.352720328730356e-07,-0.06328475698828698,0.06923640370368958,0.5616149911739596,9.413414001464844,0.007251325078656417,0.17318243571502903,3.5509610825101845e-06,-0.2026982456445694,0.23060476779937744,0.39464482784200744,10.337227821350098,1.467735760926775e-05,0.10285609290771976,1.0270862276229309e-06,-0.12616889774799347,0.12756272554397585,0.016055487393033988,11.193695068359375,-1.9758607046817574e-05,0.01467693864656442,2.2308286133920774e-06,-0.017547318898141383,0.017207102477550515
F:\Seminario\Seminario-Clustering\datasets\davi\Al Emadi (2019)\Multiclass_Drone_Audio\unknown\2-81190-A-344.wav,Multiclass_Drone_Audio\unknown\2-81190-A-344.wav,al_emadi,2-81190-A-344,0.95975,0.0,-0.0,0.0,0.0,0.0,0.0,0.0,0.0,-0.0,0.0,0.0,0.0,0.0,0.0,0.0,-0.0,0.0,0.0,0.0,0.0,0.0,0.0,-0.0,0.0,0.0,0.0,0.0,0.0,0.0,-0.0,0.0,0.0,0.0,0.0,0.0,0.0,-0.0,0.0,0.0,0.0,0.0,0.0
F:\Seminario\Seminario-Clustering\datasets\davi\Al Emadi (2019)\Multiclass_Drone_Audio\unknown\4-172143-A-130.wav,Multiclass_Drone_Audio\unknown\4-172143-A-130.wav,al_emadi,4-172143-A-130,1.0216875,0.7683909004281196,7.975764751434326,5.465043071201627e-05,0.0592437033280851,0.0028202589601278305,-0.07457438409328461,0.07784164249897002,0.02989306316184311,7.908499717712402,-4.018895370214603e-05,0.011685140363720866,-0.0006768895545974374,-0.014203115925192833,0.015210350789129733,0.011817756756124433,8.950326919555664,-0.00013209051292470726,0.005213682086166953,-0.00022927799727767706,-0.0068670800421386955,0.006467760726809502,0.0097719066520591,9.8933687210083,-1.602782756988963e-05,0.0033607551019409643,-1.0531279258430004e-05,-0.004358167760074139,0.004193868022412062,0.005533302168925246,9.850689888000488,-8.500780177545216e-07,0.0017902193766847513,1.4433899195864797e-06,-0.0016842383425682782,0.0016441487474367024,0.17459307083292852,9.706048965454102,4.237725574187445e-06,0.007114179844498499,-6.470996595453471e-06,-0.0031024478375911713,0.003053027647547425
F:\Seminario\Seminario-Clustering\datasets\davi\Al Emadi (2019)\Multiclass_Drone_Audio\unknown\5-200334-B-14.wav,Multiclass_Drone_Audio\unknown\5-200334-B-14.wav,al_emadi,5-200334-B-14,0.95975,0.0,-0.0,0.0,0.0,0.0,0.0,0.0,0.0,-0.0,0.0,0.0,0.0,0.0,0.0,0.0,-0.0,0.0,0.0,0.0,0.0,0.0,0.0,-0.0,0.0,0.0,0.0,0.0,0.0,0.0,-0.0,0.0,0.0,0.0,0.0,0.0,0.0,-0.0,0.0,0.0,0.0,0.0,0.0
F:\Seminario\Seminario-Clustering\datasets\davi\Al Emadi (2019)\Multiclass_Drone_Audio\unknown\1-54505-A-211.wav,Multiclass_Drone_Audio\unknown\1-54505-A-211.wav,al_emadi,1-54505-A-211,1.0216875,0.036315769506108084,6.030491828918457,-0.0008016412751331386,0.16828000913499339,0.0010354507248848677,-0.09468313455581663,0.0976689800620079,0.057337012179402895,6.365828514099121,0.0026788300367872916,0.21143286711523035,-1.6398003936046734e-05,-0.19172772467136381,0.21167915463447567,0.638156260000066,7.295726776123047,-0.01292053801492559,0.500580332676811,-1.024459743348416e-05,-0.4245845735073088,0.42220402061939255,0.24590898272789782,8.443673133850098,1.3359682367788247e-05,0.22028142594656064,-1.688397787802387e-06,-0.18546783924102783,0.19966450333595276,0.020107370369689626,9.698684692382812,9.990200374743747e-05,0.044589147116754296,-6.459128144342685e-06,-0.04683403000235557,0.04812249019742016,0.0021746052168355985,10.054915428161621,6.382436164158392e-06,0.010373852387767455,1.0064904927276075e-06,-0.009007546864449977,0.009308598656207324
F:\Seminario\Seminario-Clustering\datasets\davi\Al Emadi (2019)\Multiclass_Drone_Audio\unknown\1-137-A-320.wav,Multiclass_Drone_Audio\unknown\1-137-A-320.wav,al_emadi,1-137-A-320,1.0216875,0.1820537031355843,7.931579113006592,0.0012800750403432512,0.022681471817276297,0.0014141013380140066,-0.027856415137648582,0.02910046763718128,0.011409657393293441,4.057365894317627,-5.423336666714856e-06,0.005687194699768856,3.52214919985272e-05,-0.0013631286565214393,0.0018729316536337131,0.0878828104179696,3.7690138816833496,-0.000402509386639421,0.011196922058268813,-8.894821803551167e-06,-0.0010794198489747942,0.001034378749318421,0.15300362866271297,4.669371604919434,0.00014747187436108707,0.010475401554195962,-1.1810698197223246e-06,-0.0005945980665273964,0.0006279728841036558,0.43470370768747685,5.234298229217529,0.0002865333412615551,0.012497045561595975,-3.6943674786016345e-07,-0.00031603343668393756,0.00036134691326879004,0.13094649270296285,6.362250804901123,7.663222952052161e-06,0.004853650700293003,-3.918703441740945e-07,-0.0001409430638886988,0.000128882410353981
F:\Seminario\Seminario-Clustering\datasets\davi\Al Emadi (2019)\Multiclass_Drone_Audio\unknown\5-213836-D-94.wav,Multiclass_Drone_Audio\unknown\5-213836-D-94.wav,al_emadi,5-213836-D-94,0.95975,0.05839174818550619,7.850368499755859,-0.011375943114351268,0.23969804607568856,-0.020863667130470276,-0.312006402015686,0.2792163938283921,0.007928892525813325,7.56883430480957,0.0026047245955255005,0.08838835956782534,0.002746123354882002,-0.10736471563577651,0.10820776149630547,0.04117627145632716,8.86245346069336,-0.0042562572841933245,0.14301474576424494,-0.00833235401660204,-0.18680810928344727,0.18336359411478048,0.5095090802187701,9.633256912231445,-0.00536781889305522,0.35667539591622527,0.001393140759319067,-0.441793167591095,0.4152860879898072,0.3495752541286517,10.212486267089844,0.00019699564663528603,0.20917472785849792,0.00021488312631845474,-0.2323035180568695,0.22435589134693143,0.033418753484931514,11.413506507873535,-3.633658078449614e-05,0.04575568600059992,-0.00026998622342944145,-0.052706317976117134,0.05305477976799012
F:\Seminario\Seminario-Clustering\datasets\davi\Al Emadi (2019)\Multiclass_Drone_Audio\unknown\1-51805-H-330.wav,Multiclass_Drone_Audio\unknown\1-51805-H-330.wav,al_emadi,1-51805-H-330,1.0216875,0.014966810083269892,7.3027496337890625,0.0005737289783871429,0.03555739667808225,-0.0006565445801243186,-0.037480400502681734,0.03964195027947424,0.0350575372786904,7.663169860839844,-0.0009076994515059117,0.05441919760378998,7.802766049280763e-05,-0.06952351033687591,0.06810047775506972,0.04656996208805203,8.56208324432373,-0.00011978352589880848,0.04452852159305749,-0.00024357790243811905,-0.05430972501635552,0.04936528243124486,0.2672621404523547,9.799060821533203,0.0004230865626262448,0.07559353280742726,-0.00019145687110722065,-0.09404164552688599,0.09988614916801453,0.3931894539649579,10.541704177856445,-0.00014666204777939132,0.06490594672555162,0.001602040370926261,-0.081341016292572,0.07674445211887364,0.24295409613267513,11.510099411010742,0.00018003292744011483,0.036094304399045936,0.00014089787873672321,-0.04206710495054722,0.04337067008018494
F:\Seminario\Seminario-Clustering\datasets\davi\Al Emadi (2019)\Multiclass_Drone_Audio\unknown\2-133863-A-112.wav,Multiclass_Drone_Audio\unknown\2-133863-A-112.wav,al_emadi,2-133863-A-112,0.97525,0.06602135400878896,7.549878120422363,0.008147980994357156,0.19561744566102268,0.0046856331173330545,-0.23550857603549957,0.2228831723332405,0.21518012652442858,7.449073791503906,-0.008543935961150113,0.35335881813693965,-0.005663874559104443,-0.457307830452919,0.4190223813056946,0.3528087893624597,8.5599365234375,0.015448631774534642,0.32112460017568617,0.005028625018894672,-0.34941126108169557,0.4282604455947876,0.22568561441186386,9.465826034545898,0.004113791102355116,0.18214509238511586,0.00584600237198174,-0.20572991967201232,0.2223686411976814,0.10286546286317258,10.266703605651855,-0.0006769712913793263,0.08707281672841725,0.0004795147106051445,-0.10061496794223784,0.0979062557220459,0.03743865282928637,11.140177726745605,-7.533955263928851e-06,0.03716451242753303,1.9991304725408554e-05,-0.04192565567791462,0.042545340955257416
F:\Seminario\Seminario-Clustering\datasets\davi\Al Emadi (2019)\Multiclass_Drone_Audio\unknown\5-161270-A-334.wav,Multiclass_Drone_Audio\unknown\5-161270-A-334.wav,al_emadi,5-161270-A-334,0.95975,0.673481803181051,7.762110710144043,-0.010035656972026803,0.08149816610916472,-0.007637647911906242,-0.11724511086940766,0.08807638064026833,0.21432635071001863,7.513295650482178,0.0012384788784760023,0.046305797943380654,0.0023989848559722304,-0.050328797474503514,0.05407556965947151,0.04268726089380667,8.179500579833984,-0.00013284361513105677,0.01467764759140473,5.415735358837992e-05,-0.01703722607344389,0.015956722386181354,0.03534640000602581,7.349565029144287,0.00018652116865197169,0.00946477322818568,-6.029398355167359e-05,-0.006418828573077916,0.007227115798741579,0.028659341341526843,7.728653430938721,-3.533058802939772e-05,0.006034485925026587,-1.5666766557842493e-05,-0.002820658404380083,0.002736831083893773,0.005498843867571026,8.861274719238281,-1.1428166393340756e-05,0.001870050006213322,8.048082236200571e-07,-0.0010562455281615257,0.0010215057642199111
F:\Seminario\Seminario-Clustering\datasets\davi\Al Emadi (2019)\Multiclass_Drone_Audio\unknown\2-69131-B-51.wav,Multiclass_Drone_Audio\unknown\2-69131-B-51.wav,al_emadi,2-69131-B-51,1.0216875,0.01434129176191171,2.8806686401367188,0.018738744425287234,0.15788884945492837,-0.0005617001443170011,-0.019462129101157185,0.023855016008019446,0.0023232286715451126,6.103219032287598,-0.0020704576655345753,0.06396070126574893,-0.00018284370889887214,-0.05740315467119217,0.04977408349514006,0.3054128258682924,8.426416397094727,-0.0016132465181126286,0.5208363245881711,-0.007035212591290474,-0.6151568353176116,0.6484448015689854,0.6436486234832522,9.718517303466797,0.0028571609548655864,0.5358136110828625,-0.008281419053673744,-0.6783567070960999,0.6828617453575134,0.030445808440524122,10.705012321472168,-4.1857599964248864e-05,0.08249377335001594,-0.011159720830619335,-0.09906055331230162,0.1121545284986496,0.0038282217744744496,11.202412605285645,-5.337300464581183e-06,0.020694422882312626,-0.0003013537498190999,-0.022516888007521628,0.023324521817266942
F:\Seminario\Seminario-Clustering\datasets\davi\Al Emadi (2019)\Multiclass_Drone_Audio\unknown\4-161100-A-473.wav,Multiclass_Drone_Audio\unknown\4-161100-A-473.wav,al_emadi,4-161100-A-473,1.0216875,0.22126178660151866,7.828245639801025,0.03272485462787179,1.435041752297171,-0.05555175989866257,-1.7018885850906371,1.9902506828308104,0.23168438794623314,8.080339431762695,0.03347677888208731,1.468452049217414,0.12157715857028961,-1.9059292554855347,1.8925607919692993,0.22866472556609016,9.0415620803833,-0.020426360732939058,1.035629444926004,-0.025512514635920525,-1.3713914155960083,1.3097278237342835,0.1368713613224128,9.817344665527344,-0.003731199440470048,0.5679001406286344,-0.00016129761934280396,-0.7247811555862427,0.693779706954956,0.15039496755940074,10.77730941772461,-0.0058405379047528575,0.42136838808029703,-0.00035510212182998657,-0.524776840209961,0.5120265007019044,0.03112277100434453,11.608480453491211,-5.493907780886675e-05,0.13561990480539424,-0.001400255598127842,-0.16144671738147734,0.16177090704441074
F:\Seminario\Seminario-Clustering\datasets\davi\Al Emadi (2019)\Multiclass_Drone_Audio\unknown\2-92978-A-290.wav,Multiclass_Drone_Audio\unknown\2-92978-A-290.wav,al_emadi,2-92978-A-290,1.0216875,0.05258250463605808,5.798102378845215,0.007247802188062793,0.23924169208002674,0.003984174225479364,-0.11082866191864013,0.10626115351915358,0.24773039737443342,5.063066482543945,0.08090449737190665,0.5131851418481099,0.00013715418754145503,-0.1246708244085312,0.32169454693794236,0.45214050828206165,6.152622222900391,-0.0007029347066192219,0.49821496023407513,-0.0008039767853915691,-0.1592053145170212,0.1713503986597062,0.21317319492679607,7.457087993621826,-4.1951235489152835e-05,0.24242787624387385,1.8094899132847786e-05,-0.07313062250614166,0.07368011772632599,0.03187348022285012,8.398329734802246,-0.00010502961714607715,0.06635786972837285,-3.429743810556829e-05,-0.03133324384689331,0.02943275384604932,0.0024999145578006874,9.244766235351562,-7.307396530826993e-05,0.013147143798110512,2.7698924895958044e-05,-0.007463603420183062,0.007015577191486956
F:\Seminario\Seminario-Clustering\datasets\davi\Al Emadi (2019)\Multiclass_Drone_Audio\bebop_1\mixed_66-bebop_001_.wav,Multiclass_Drone_Audio\bebop_1\mixed_66-bebop_001_.wav,al_emadi,mixed_66-bebop_001,1.024,0.4712452744788731,7.17323112487793,-0.006479862265405245,0.32789327233341425,-0.007383614080026746,-0.34212426841259,0.3440967470407489,0.08377753427120119,7.9081878662109375,0.0016522133216942446,0.1382695631465627,-0.006867252057418227,-0.16633075326681138,0.17634028792381287,0.13159139879651993,9.199043273925781,0.0012779130394861117,0.12301156038097448,0.005826887208968401,-0.16490745395421982,0.16367970407009122,0.03900444938255572,9.966058731079102,-0.0002279772564832239,0.04746151662916105,-0.0005305758677423,-0.06149348765611649,0.06298442482948305,0.08577277182425817,10.965532302856445,0.0005567415179869796,0.049813290540492515,0.0012108637019991875,-0.0636288121342659,0.0649779312312603,0.1886085712465919,12.1498441696167,9.610487337418722e-05,0.05226060874555465,0.0006552630802616477,-0.068386759608984,0.06832162290811539
F:\Seminario\Seminario-Clustering\datasets\davi\Al Emadi (2019)\Multiclass_Drone_Audio\unknown\1-59513-A-04.wav,Multiclass_Drone_Audio\unknown\1-59513-A-04.wav,al_emadi,1-59513-A-04,0.95975,0.0029205691441634594,7.372979640960693,-0.0011092886017918392,0.03900155630627522,-0.0018416037200950086,-0.04217194467782974,0.04490415565669537,0.5346143489712015,5.992857933044434,0.058665354995131654,0.5246208886770459,0.0016221468686126173,-0.20100889801979066,0.4277300179004681,0.37680823496510624,7.212242126464844,0.006866610648569255,0.31459571231113775,0.00047935551265254617,-0.2207831248641014,0.24193060547113432,0.0795836774849202,7.819797039031982,-7.924377788862005e-05,0.1024954790113414,-6.267655408009887e-06,-0.06525827646255491,0.06274490356445313,0.00591547500575497,8.62441349029541,-1.856737309583408e-05,0.019782453620579933,-6.378482794389129e-06,-0.011111067235469818,0.010471567511558526,0.0001576944288536476,9.97756576538086,5.837189878561111e-07,0.0022850974160047257,-1.6230005712714046e-06,-0.0015603346168063582,0.00151623490964994
F:\Seminario\Seminario-Clustering\datasets\davi\Al Emadi (2019)\Multiclass_Drone_Audio\unknown\4-161103-A-471.wav,Multiclass_Drone_Audio\unknown\4-161103-A-471.wav,al_emadi,4-161103-A-471,1.0216875,0.2802096172500373,8.143293380737305,0.024876299049518644,1.067858578713567,0.2408675253391266,-1.530830454826355,1.2843096733093262,0.05401694812786118,7.982532978057861,-0.0026307760675927635,0.4689734045576634,0.0001576421782374382,-0.5998789548873901,0.6223297119140625,0.18257176684211923,8.807256698608398,-0.014009946180525625,0.6118684907779965,-0.009376691188663244,-0.762961584329605,0.7365317106246949,0.2724196121080209,9.602119445800781,0.0028408800330905763,0.5297900587021466,0.0048519643023610115,-0.6336433291435242,0.6064882874488831,0.18312570158293354,10.658620834350586,0.0007229133275244909,0.3074866709885276,0.005806045141071081,-0.3739673554897308,0.3658046960830689,0.02765635408902784,11.52557373046875,-5.138154627394736e-05,0.08453714000441162,-0.0006817375542595983,-0.09876119121909141,0.10054579004645349
F:\Seminario\Seminario-Clustering\datasets\davi\Al Emadi (2019)\Multiclass_Drone_Audio\unknown\4-201800-A-310.wav,Multiclass_Drone_Audio\unknown\4-201800-A-310.wav,al_emadi,4-201800-A-310,1.0216875,0.7060699177552365,4.922014236450195,8.522156099936292e-05,0.0930603398832753,-5.86720170758781e-06,-0.026217822358012195,0.028388016298413258,0.02278013789005146,3.417309522628784,-0.00016974437906732434,0.016714627984577013,-1.3508688425645232e-06,-0.001842988352291286,0.0019095846451818942,0.03610599234761682,4.125412464141846,0.0007107431496219597,0.014921192148191141,3.7990753298799973e-07,-0.0019610991002991796,0.0019784104544669392,0.019049297894834907,5.259542465209961,-0.00015467889456247975,0.007687646248328682,5.094640681546636e-11,-0.0009161604102700949,0.0009467631462030113,0.050336872327814856,5.043125629425049,6.0026016684004456e-05,0.008847832007645417,0.0,-0.0006337260012514889,0.0006383975036442281,0.16565778178444543,6.191117286682129,-1.1904862353626187e-05,0.011355512553461768,0.0,-0.0005677045497577637,0.000564515154110268
F:\Seminario\Seminario-Clustering\datasets\davi\Al Emadi (2019)\Multiclass_Drone_Audio\unknown\1-254507-A-431.wav,Multiclass_Drone_Audio\unknown\1-254507-A-431.wav,al_emadi,1-254507-A-431,1.0216875,0.5820482013151783,7.84330415725708,0.007391856967602535,1.4095481757714363,0.24021711945533752,-2.0797252655029292,1.6129731893539427,0.18591098422210794,7.306931495666504,0.03416325710893309,0.7959013583137693,-0.008321316912770271,-0.7422790646553039,0.9802662849426269,0.05538834845788599,8.071158409118652,0.0008435346055052523,0.3086591120563852,-0.0032018767669796944,-0.34941949546337125,0.3408582001924516,0.03635204526068827,8.63963508605957,0.0004044409374672845,0.177202804772338,0.0017504056449979544,-0.1560998260974884,0.17267726361751556,0.1311078522026919,8.991190910339355,0.00038323092673757977,0.2382226400107303,-0.00021177774760872126,-0.18665980994701384,0.18284645676612854,0.0091925685414476,9.874570846557617,-3.997457844177826e-05,0.044625678458337766,-7.610186003148556e-05,-0.03496739007532597,0.033113250881433486
F:\Seminario\Seminario-Clustering\datasets\davi\Al Emadi (2019)\Multiclass_Drone_Audio\unknown\3-152007-C-202.wav,Multiclass_Drone_Audio\unknown\3-152007-C-202.wav,al_emadi,3-152007-C-202,0.97525,0.13375136324827455,2.4910080432891846,0.02291757924961662,0.2251095104822833,4.6207358536776155e-05,-0.01914155762642622,0.024256962351500988,0.049806650466699534,5.739374160766602,0.008602431182418234,0.1378107092556372,6.21758899796987e-05,-0.04615887254476547,0.061682162806391716,0.6876809544472094,6.233143329620361,-0.0011271402984047434,0.3644510811820232,3.0701667128596455e-05,-0.04003923386335373,0.035431107133627064,0.0791574423169592,6.564060211181641,0.0006382809124693243,0.08760978758782238,2.2499816623167135e-05,-0.021833527088165283,0.026807324588298785,0.043209604243095084,8.06722640991211,-9.558828871203852e-05,0.045823904241097856,-5.573156158789061e-08,-0.023415879905223844,0.022782615572214126,0.006393985277762161,10.71818733215332,3.6748841156415525e-05,0.012470798364579705,-1.7748882328305626e-06,-0.013368281070142984,0.013326018583029509
F:\Seminario\Seminario-Clustering\datasets\davi\Al Emadi (2019)\Multiclass_Drone_Audio\unknown\3-143560-A-470.wav,Multiclass_Drone_Audio\unknown\3-143560-A-470.wav,al_emadi,3-143560-A-470,1.0216875,0.14942501136939307,6.764166831970215,0.004166555461166014,0.07725341741164596,-0.0024372106418013573,-0.08080919981002807,0.08040616512298582,0.23658101539892243,7.629265785217285,-0.004300598356648939,0.09725289188596858,-0.0006047954084351659,-0.1265492409467697,0.10364513546228409,0.28211960403727454,8.551145553588867,0.00039845737837734227,0.07545924114607704,-0.0006830483907833695,-0.08523143306374549,0.08785446509718897,0.2576231718641417,9.716045379638672,2.3552885750510247e-06,0.05110108373297637,-2.344604581594467e-06,-0.060904361307621,0.06147174537181854,0.07235262716622648,10.772814750671387,2.3040734431991934e-05,0.019170191901767112,0.000104122533230111,-0.023700365424156187,0.02352740839123726,0.001898570164041815,11.831380844116211,-1.8330233136090354e-06,0.0021968989915018495,1.6435704310424626e-05,-0.002740726014599204,0.0027119558304548267
F:\Seminario\Seminario-Clustering\datasets\davi\Al Emadi (2019)\Multiclass_Drone_Audio\bebop_1\B_S2_D1_088-bebop_002_.wav,Multiclass_Drone_Audio\bebop_1\B_S2_D1_088-bebop_002_.wav,al_emadi,B_S2_D1_088-bebop_002,1.024,0.830427807281101,7.145471096038818,0.00023723546899138734,0.6289418723936688,-0.013215107377618551,-0.7068325877189635,0.6951852262020112,0.020725450532578942,7.155923366546631,0.0007696672580025804,0.09935701998809542,0.0029695250559598207,-0.10741832703351974,0.1010341249406338,0.010931007266552828,8.999334335327148,0.00012543470757361863,0.05122125392889141,-0.0009937216527760029,-0.06599361896514892,0.06865447387099266,0.03528377466326194,9.891213417053223,0.004182573426257107,0.06508004050797672,0.004964785650372505,-0.07769473046064376,0.08615436404943468,0.058241489639917376,10.926977157592773,-0.0015269478834861946,0.05928374749487771,-0.0010563243995420635,-0.07597287595272065,0.07234918549656869,0.04439047061658791,11.920586585998535,6.931153425344643e-05,0.036627255749654725,0.0003007640189025551,-0.046547796577215195,0.04654773883521557
F:\Seminario\Seminario-Clustering\datasets\davi\Al Emadi (2019)\Multiclass_Drone_Audio\unknown\1-18074-A-61.wav,Multiclass_Drone_Audio\unknown\1-18074-A-61.wav,al_emadi,1-18074-A-61,1.0216875,0.3873327462123649,4.523156642913818,-0.0019285321447738985,0.02442071589436347,-0.0009089685627259314,-0.016386057063937188,0.016921029984951017,0.0693150586664794,3.3987834453582764,-0.0004281503018797604,0.010354023029223015,0.00016942434012889862,-0.003700090479105711,0.003260584594681859,0.4404566109773441,5.425812721252441,-0.0003151639845897274,0.01854044806096269,5.870715176570229e-05,-0.005415884219110011,0.004443711461499336,0.09574903285532325,7.094276428222656,-9.463650892896311e-08,0.006126809287596724,1.269181666430086e-06,-0.0019581790547817945,0.0017736629815772176,0.005335164392429146,8.796244621276855,1.087315165527217e-05,0.0010237137480022661,4.9803193178377114e-06,-0.0007287738611921668,0.0007773251389153303,0.0018113868960591675,11.426651000976562,2.3146465328726316e-06,0.0004220126795453943,5.209131813899148e-06,-0.00048466791049577295,0.00048446451837662617
F:\Seminario\Seminario-Clustering\datasets\davi\Al Emadi (2019)\Multiclass_Drone_Audio\unknown\4-171207-A-124.wav,Multiclass_Drone_Audio\unknown\4-171207-A-124.wav,al_emadi,4-171207-A-124,0.95975,0.9944224600806949,7.9996819496154785,0.004621555314009979,0.7179167652309222,0.01541699143126607,-0.9329157650470733,0.9765971720218659,0.0038793369043365164,7.768741607666016,0.0006888752302715983,0.04483581927526417,-0.00129809626378119,-0.0559769470244646,0.060170708969235424,0.001095730835983452,8.227229118347168,-0.00018493637857739314,0.016919824917873916,-0.0005470543401315808,-0.018014482222497463,0.018649698607623583,0.0002467018530661888,8.710390090942383,-2.0904564816426423e-05,0.005690493939495678,8.099561091512442e-05,-0.005670251138508319,0.00538647547364235,0.00011549929620805524,6.7016706466674805,-4.175892004649208e-05,0.0027561268209922315,-1.6216188669204712e-05,-0.0017168946564197541,0.001667793374508619,0.00024027102971092845,7.941252708435059,3.133549869830173e-06,0.002812683269813857,3.6400306271389127e-06,-0.0014248550869524479,0.0014209141954779627
F:\Seminario\Seminario-Clustering\datasets\davi\Al Emadi (2019)\Multiclass_Drone_Audio\unknown\1-254507-A-432.wav,Multiclass_Drone_Audio\unknown\1-254507-A-432.wav,al_emadi,1-254507-A-432,0.97525,0.9294818148980797,7.932258605957031,0.006676367789740682,0.5394787515743761,0.12690790742635727,-0.8204047083854675,0.6057834923267365,0.056202268245315254,7.696153163909912,-0.0025105687217869526,0.13264359656703073,-0.009183856658637524,-0.15955374389886856,0.17932968586683273,0.008019718430334659,8.754350662231445,0.0009099844188897741,0.035586791007022056,-8.862465620040894e-05,-0.04267556741833687,0.04580227881669999,0.004760956093736417,9.736772537231445,-0.00011111039183337044,0.019433974662145935,-0.00022864254424348474,-0.0246985737234354,0.02461604699492454,0.0013835761562012233,10.691790580749512,-5.9779823537377105e-05,0.007416409773657643,-0.00011471379548311234,-0.009168505854904651,0.008947533182799816,0.00015166617633277982,11.595331192016602,3.3896340913643184e-06,0.0017372297248605527,-4.108005668967962e-06,-0.0020435091573745012,0.0021051011281087995
F:\Seminario\Seminario-Clustering\datasets\davi\Al Emadi (2019)\Multiclass_Drone_Audio\unknown\4-181999-A-360.wav,Multiclass_Drone_Audio\unknown\4-181999-A-360.wav,al_emadi,4-181999-A-360,1.0216875,0.08517212925257078,7.941842079162598,-0.06099690289661891,0.36631387480613126,-0.0600309781730175,-0.5216158747673034,0.3877430438995361,0.12902870204508055,7.918319225311279,-0.011911585912653936,0.45691897101560586,0.0017110314220190048,-0.5821163773536682,0.5586512684822081,0.09890135271260485,8.990596771240234,0.005141304034595061,0.2840132537417694,0.005652634892612696,-0.352727597951889,0.3745876520872116,0.16930355670381264,9.926618576049805,-0.002149301231441441,0.2633679949998151,0.002148629864677787,-0.341352254152298,0.3233109712600708,0.24719465913738506,10.958378791809082,0.0010414918090490774,0.22527929084481177,-0.0014577051624655724,-0.28514035940170285,0.2972356677055359,0.27039960014854614,12.116649627685547,0.00011682130627929832,0.16668886906781422,-0.0009500073792878538,-0.21457644551992416,0.22017096877098083
F:\Seminario\Seminario-Clustering\datasets\davi\Al Emadi (2019)\Multiclass_Drone_Audio\unknown\4-117630-A-251.wav,Multiclass_Drone_Audio\unknown\4-117630-A-251.wav,al_emadi,4-117630-A-251,1.0216875,0.987652267449791,7.940005779266357,0.010098465785060278,0.37257287746598683,-0.030783863738179207,-0.43563882708549495,0.515386426448822,0.0009067910903762096,6.343318939208984,-6.59005571708984e-05,0.01129314501676429,-0.00037774210795760155,-0.009501027688384055,0.010188155993819236,0.0014610338439855698,7.079855918884277,0.0003651117433814187,0.010169138151858407,-2.6874164177570492e-05,-0.007961330749094485,0.008719974476844077,0.003206205304231241,7.318398475646973,0.0002489682238277453,0.010679408529424032,0.0001121709356084466,-0.007336627226322889,0.007848205976188183,0.0053878974686242444,5.695281505584717,-4.979820369533175e-05,0.009802471255029975,-4.452420398592949e-06,-0.004546936973929405,0.004850691463798284,0.0013858048429917643,6.788640022277832,-7.201373400829421e-06,0.0035170532723053866,2.1382002159953117e-06,-0.001856336835771799,0.0018228020519018176
F:\Seminario\Seminario-Clustering\datasets\davi\Al Emadi (2019)\Multiclass_Drone_Audio\unknown\5-209719-A-242.wav,Multiclass_Drone_Audio\unknown\5-209719-A-242.wav,al_emadi,5-209719-A-242,0.97525,0.0,-0.0,0.0,0.0,0.0,0.0,0.0,0.0,-0.0,0.0,0.0,0.0,0.0,0.0,0.0,-0.0,0.0,0.0,0.0,0.0,0.0,0.0,-0.0,0.0,0.0,0.0,0.0,0.0,0.0,-0.0,0.0,0.0,0.0,0.0,0.0,0.0,-0.0,0.0,0.0,0.0,0.0,0.0
F:\Seminario\Seminario-Clustering\datasets\davi\Al Emadi (2019)\Multiclass_Drone_Audio\unknown\1-51805-H-334.wav,Multiclass_Drone_Audio\unknown\1-51805-H-334.wav,al_emadi,1-51805-H-334,0.95975,0.8859323639834717,7.302497386932373,-0.0008782793513061927,0.08944764350370495,0.0025391632225364447,-0.09771226793527603,0.10235307291150095,0.028203534877709373,7.448386192321777,-0.0009317643698672268,0.015933088602286004,-2.30822479352355e-06,-0.021809295937418937,0.018920619785785676,0.020093383216499682,8.348241806030273,-0.0002997658054429984,0.009560375161857527,-4.399244789965451e-05,-0.012270433083176612,0.011694946791976708,0.040306988150617375,9.219822883605957,-7.874674209249537e-05,0.009601391784947429,-4.329625517129898e-05,-0.011412196047604083,0.011554981954395775,0.021355193987068196,10.214601516723633,-2.0584111411110995e-06,0.0049476961756009874,3.1888921512290835e-06,-0.0059171332977712154,0.006045176927000284,0.004108535784633645,11.215978622436523,-3.954271671777457e-06,0.00153533952811638,-2.8834474505856633e-06,-0.0018581685493700205,0.0018335465341806426
F:\Seminario\Seminario-Clustering\datasets\davi\Al Emadi (2019)\Multiclass_Drone_Audio\bebop_1\B_S2_D1_110-bebop_003_.wav,Multiclass_Drone_Audio\bebop_1\B_S2_D1_110-bebop_003_.wav,al_emadi,B_S2_D1_110-bebop_003,1.024,0.6255175565975937,7.614765644073486,-0.009497146640205756,0.4202343353357931,-0.01938855741173029,-0.48239888250827784,0.5027837812900546,0.02698902397587715,8.002852439880371,0.0012550266888306046,0.08730344571164746,0.002804608433507383,-0.11270618885755539,0.1171207487583161,0.022491295634613568,8.949756622314453,-6.611657043731259e-08,0.05657853670187403,0.0016380709130316973,-0.07192164659500122,0.07362454757094382,0.07456592511116242,9.921435356140137,0.00010530645947395245,0.07300425419646503,0.00043902546167373657,-0.09316725432872772,0.09477953761816026,0.14284978930763553,10.933938980102539,-0.00115508459008957,0.07151047667084379,0.000433209293987602,-0.09262679368257522,0.08927962183952333,0.10758640937311766,11.92793083190918,1.518566490548641e-05,0.04390985966626696,0.00020162654982414097,-0.0564506109803915,0.056588683277368546
F:\Seminario\Seminario-Clustering\datasets\davi\Al Emadi (2019)\Multiclass_Drone_Audio\unknown\4-182039-A-301.wav,Multiclass_Drone_Audio\unknown\4-182039-A-301.wav,al_emadi,4-182039-A-301,1.0216875,0.9996602454785448,5.936141490936279,-0.0012330447383846743,0.09159352154065058,0.000715286994818598,-0.06786025464534758,0.053979399800300594,0.00014539301425549843,6.5920820236206055,-2.4674525474068512e-05,0.0011044379334844102,-3.5514443879947066e-05,-0.0009255641372874379,0.0008823226671665906,2.773177746495759e-05,8.438833236694336,-4.9662928168155545e-08,0.0003424773137887339,2.718221367103979e-06,-0.00040432086680084465,0.00040129660919774335,2.8710601571120474e-05,9.93067455291748,1.6577100570238482e-06,0.0002469392387173734,-1.6994599718600512e-06,-0.0003109041426796466,0.0003121569170616567,5.2405348822728234e-05,10.861900329589844,6.779357101668635e-06,0.00023607472735919592,5.201669409871101e-06,-0.0002868558105546981,0.00030258368933573366,8.55137793408673e-05,11.938922882080078,-1.2046371723718293e-06,0.0002134268952288797,7.073722372297198e-07,-0.00027860677510034294,0.0002700744982575998
F:\Seminario\Seminario-Clustering\datasets\davi\Al Emadi (2019)\Multiclass_Drone_Audio\unknown\2-25292-A-220.wav,Multiclass_Drone_Audio\unknown\2-25292-A-220.wav,al_emadi,2-25292-A-220,1.0216875,0.014057709373837941,4.812445640563965,-0.012145469125524219,0.1386210637557471,-0.00030225812224671245,-0.0952241614460945,0.09059012830257414,0.03852349720884473,7.593523025512695,-0.0074602086792634045,0.23023297389460384,-0.007235398516058922,-0.2946281909942627,0.27401020526885983,0.48659732708423103,8.608598709106445,0.00011022782089692784,0.5811423129221297,0.0027831338811665773,-0.7296266853809357,0.7121324241161346,0.23115829370691057,9.38252067565918,0.0019863234779180566,0.28384255758849564,-0.0004876479506492615,-0.31494998931884766,0.34618324041366577,0.21034446867986542,9.974772453308105,-0.00033772144752830974,0.1916726956533123,-0.0007820778992027044,-0.2059366226196289,0.20589320361614238,0.019318703946310294,10.469045639038086,-0.00011847493495933716,0.04109413699386308,-7.041644857963547e-05,-0.04129732102155685,0.0410018477588892
F:\Seminario\Seminario-Clustering\datasets\davi\Al Emadi (2019)\Multiclass_Drone_Audio\unknown\5-234247-A-373.wav,Multiclass_Drone_Audio\unknown\5-234247-A-373.wav,al_emadi,5-234247-A-373,1.0216875,0.00774496703582343,2.1161370277404785,0.0033141604388339167,0.043632124578776535,1.669656194280833e-05,-0.004746636748313904,0.0045292174443602555,0.0016501388964009348,7.509134292602539,0.0007533675453138649,0.020183836584225793,0.0006971585098654032,-0.02237863428890705,0.025562491267919537,0.2658727529440954,8.895639419555664,0.003262866842936277,0.18196084511034202,-0.0022976258769631386,-0.2723572880029678,0.2780511200428009,0.14599888532385397,9.816019058227539,-1.4295137375477394e-05,0.095569958767673,-0.0010924547677859664,-0.13217514753341675,0.1371944546699524,0.5032478812258776,10.664400100708008,-0.00022292176079568847,0.12560267515154672,0.00027967989444732666,-0.18123402893543242,0.17314362525939941,0.07548537457394869,11.569615364074707,-1.0221610246050814e-05,0.03441417081837779,-0.00017896514327730983,-0.04539546668529511,0.048009192943573
F:\Seminario\Seminario-Clustering\datasets\davi\Al Emadi (2019)\Multiclass_Drone_Audio\bebop_1\B_S2_D1_110-bebop_002_.wav,Multiclass_Drone_Audio\bebop_1\B_S2_D1_110-bebop_002_.wav,al_emadi,B_S2_D1_110-bebop_002,1.024,0.8517049397862136,6.842729568481445,0.00046149737989673246,0.7735029877716494,0.0025026999646797776,-0.7656787753105163,0.7888810694217683,0.0239204212118995,7.531517028808594,0.0001906067370257985,0.12962877801545925,-0.0027235830202698708,-0.1475398764014244,0.15157827138900756,0.00842353531234959,8.799570083618164,-0.00023332592329182282,0.0546037605389264,-0.0015178920002654195,-0.06682147905230522,0.06802082434296608,0.02642090935128004,9.920660018920898,6.170741924245608e-05,0.06853097936624045,0.0016868412494659424,-0.08889516443014145,0.0875109270215035,0.05165101831629153,10.91722583770752,-9.604523345843495e-06,0.0678204657483557,-0.0008778437040746212,-0.08406194671988487,0.08713430985808374,0.03787917602196575,11.93191146850586,-9.174057663286086e-07,0.04108832597191496,-0.0009003324084915221,-0.0523695033043623,0.053121352568268776
F:\Seminario\Seminario-Clustering\datasets\davi\Al Emadi (2019)\Multiclass_Drone_Audio\unknown\5-207836-A-292.wav,Multiclass_Drone_Audio\unknown\5-207836-A-292.wav,al_emadi,5-207836-A-292,0.97525,0.08253851863295529,7.600752830505371,0.00035257878384102023,0.01306260938266991,-0.0003759737010113895,-0.015333239454776049,0.014358879532665014,0.12634819835075178,6.552696228027344,-0.00025019061944652594,0.016165615773172864,0.00024278178170789033,-0.015186218079179525,0.014901034533977509,0.07701239015303667,7.778110980987549,4.95663737167158e-05,0.008965974395037308,4.297392661101185e-05,-0.008271637745201588,0.008687245845794679,0.21961692509657454,7.657370567321777,-1.1982891954917357e-05,0.0107282002298687,-1.202108251163736e-05,-0.007643695781007409,0.007225255155935882,0.28901970774992897,7.275826454162598,-8.25351469176118e-05,0.008712104993013097,-4.619550600182265e-05,-0.004092601500451564,0.004060703888535501,0.20546426001675272,6.814986228942871,-9.415788571073294e-06,0.005197012310603224,-1.8009335690294392e-05,-0.001817018142901361,0.0018364112474955618
F:\Seminario\Seminario-Clustering\datasets\davi\Al Emadi (2019)\Multiclass_Drone_Audio\unknown\1-19872-B-364.wav,Multiclass_Drone_Audio\unknown\1-19872-B-364.wav,al_emadi,1-19872-B-364,0.95975,0.17482156691506645,7.9306745529174805,-0.004462682820005404,0.1839256913823188,0.004919187631458044,-0.2589340269565582,0.2346077367663384,0.3938182090224847,8.352288246154785,0.0020145967213406426,0.27612710176067756,0.003588891588151455,-0.3536717355251312,0.3650103062391281,0.15666108531903977,8.723294258117676,-0.003343292728594643,0.12361373015322184,-0.0013448921963572502,-0.1573200285434723,0.1424435377120972,0.11026675727524889,9.902612686157227,3.679222674396606e-05,0.07352990145388688,-0.001556694507598877,-0.09228031784296035,0.09577625542879106,0.10240351080263892,10.871711730957031,-0.000756585944448634,0.05015825857062942,0.00022776611149311066,-0.0671043038368225,0.06294707208871841,0.062028870665521305,11.856878280639648,-6.561055573851146e-05,0.02762111263469471,-0.00025530747370794415,-0.03566464483737945,0.03524967208504678
F:\Seminario\Seminario-Clustering\datasets\davi\Al Emadi (2019)\Multiclass_Drone_Audio\unknown\4-161579-B-404.wav,Multiclass_Drone_Audio\unknown\4-161579-B-404.wav,al_emadi,4-161579-B-404,0.95975,0.5428121548359026,7.637555122375488,0.06146419088434443,0.5176724988560981,0.03667227923870087,-0.540667599439621,0.7047122120857239,0.14982837722577386,7.816015243530273,-0.025473214463582722,0.27269713229845777,-0.023603894747793674,-0.37355388104915616,0.31566299796104436,0.24748595842316956,8.807467460632324,0.0034635123683232046,0.24990555896660574,0.0032909070141613483,-0.31156655550003054,0.3105077207088473,0.047141221969237077,9.665449142456055,0.0014640331469348994,0.07729683118598712,0.00041642412543296814,-0.09437770545482635,0.09810029864311219,0.010815314397194643,10.732643127441406,-0.0004774336740665225,0.026210746347801746,-0.0007153707556426525,-0.03256960511207581,0.031865074485540386,0.0019169731487222853,11.746919631958008,-1.287656441957449e-05,0.007808188797980959,0.00010839139577001333,-0.009801731258630753,0.009718293324112892
F:\Seminario\Seminario-Clustering\datasets\davi\Al Emadi (2019)\Multiclass_Drone_Audio\unknown\3-111102-A-464.wav,Multiclass_Drone_Audio\unknown\3-111102-A-464.wav,al_emadi,3-111102-A-464,0.95975,0.07813700089964341,7.798731327056885,0.0033905184776455424,0.13542228540943965,-0.00854894844815135,-0.15414106994867324,0.18728748410940171,0.1871658591982348,7.815821647644043,0.00025365824241488865,0.20965771255508592,-6.915215635672212e-05,-0.25686071217060086,0.2613648742437363,0.4290239294178841,8.853179931640625,-0.011178547293375907,0.22510024986347796,-0.01077119680121541,-0.2974717944860458,0.2771344631910324,0.2776757794187679,9.772403717041016,-0.0005108755255790044,0.12850867838469385,-0.0007022711215540767,-0.1631753385066986,0.16465603411197668,0.027163216518344482,10.623512268066406,-1.6571591120462753e-05,0.028454444178290524,0.00023754802532494068,-0.03453441634774208,0.03487250804901123,0.0008342145471253075,11.56011962890625,1.0741670495517145e-06,0.0035278448675358717,2.277689054608345e-05,-0.004221725556999445,0.0042953087482601425
F:\Seminario\Seminario-Clustering\datasets\davi\Al Emadi (2019)\Multiclass_Drone_Audio\unknown\2-109759-B-260.wav,Multiclass_Drone_Audio\unknown\2-109759-B-260.wav,al_emadi,2-109759-B-260,1.0216875,0.0077562682072838795,3.7595863342285156,0.0075747129486866795,0.07613373173858075,0.0008321984205394983,-0.02613258436322212,0.029736622422933578,0.01913382071723442,5.32803201675415,0.0005692246924392226,0.12016709828323326,-0.00022519510821439326,-0.05428818613290787,0.053686738759279234,0.40953989393806445,5.97899866104126,-0.02416522236323624,0.3939009895067512,-0.001259844924788922,-0.21223751008510588,0.13445908278226854,0.4872739869479587,7.992224216461182,0.003211849777569798,0.30503733122511906,0.0003871791413985193,-0.197379007935524,0.23187589645385742,0.06320920614782045,9.22244930267334,0.0005060247564378924,0.07777381085771864,0.00022387760691344738,-0.06512117385864258,0.06120779588818556,0.01308682404163806,10.197565078735352,-6.842906461803134e-05,0.025036016539670768,-5.0029575504595414e-05,-0.019589707814157007,0.019343159720301647
F:\Seminario\Seminario-Clustering\datasets\davi\Al Emadi (2019)\Multiclass_Drone_Audio\unknown\4-199261-A-01.wav,Multiclass_Drone_Audio\unknown\4-199261-A-01.wav,al_emadi,4-199261-A-01,1.0216875,0.029188906195547964,1.938149094581604,-0.007941991865320552,0.10140507655248025,0.00011896012438228354,-0.007250699866563082,0.006947678979486227,0.22717627036553678,6.1168670654296875,-0.000780681246587864,0.2837647849201465,-0.00013951084110885859,-0.11539855152368546,0.14475194811820968,0.6355699936442312,6.860962390899658,-0.0006854313054751861,0.33691824465148323,-2.952758950414136e-05,-0.2007833406329155,0.10408480390906338,0.09780179228332919,7.85578727722168,-5.990484365870306e-05,0.09365971125609042,-7.138911314541474e-06,-0.037249818444252014,0.055640481412410736,0.009962032996219124,8.619128227233887,-2.39300402579246e-05,0.021159976694575786,1.5660407370887697e-06,-0.0060467889532446846,0.008263695612549783,0.0003010045151357687,9.693496704101562,3.0961436489013446e-07,0.0026021077900433174,-7.881271812948398e-08,-0.000994784547947347,0.0008633516379632076
F:\Seminario\Seminario-Clustering\datasets\davi\Al Emadi (2019)\Multiclass_Drone_Audio\unknown\4-218199-G-354.wav,Multiclass_Drone_Audio\unknown\4-218199-G-354.wav,al_emadi,4-218199-G-354,0.95975,0.5020138032232323,8.087430000305176,-0.0037189164082281154,0.13551100909259522,-0.009706427808851004,-0.18159352540969848,0.1810330823063851,0.19625605644841027,7.772672653198242,0.0011418116623421245,0.08475246822637798,-0.0037908393424004316,-0.1040404848754406,0.11409897804260255,0.23503331510199887,8.682229042053223,-0.00036140646208261673,0.06585831645654193,-0.0006554187857545912,-0.07911085113883018,0.08089726492762567,0.03010710315926728,9.674931526184082,9.179880276076364e-05,0.016706182238643525,4.4333282858133316e-05,-0.02043551579117775,0.02064013220369816,0.02233935551270047,10.638306617736816,0.0002321776621773662,0.010185080883650362,0.00014649040531367064,-0.012400667928159236,0.01259062699973583,0.014250366554390862,11.582140922546387,-4.646327817150721e-05,0.0057564120509249585,-8.769423584453762e-05,-0.007154566189274192,0.007070721173658976
F:\Seminario\Seminario-Clustering\datasets\davi\Al Emadi (2019)\Multiclass_Drone_Audio\unknown\4-150364-A-463.wav,Multiclass_Drone_Audio\unknown\4-150364-A-463.wav,al_emadi,4-150364-A-463,1.0216875,0.022010104759567176,7.799220085144043,-0.007906154409339849,0.19531026995361986,-0.009025124832987785,-0.254911869764328,0.2336888551712036,0.08215033700526506,7.874319076538086,-0.004189483409115833,0.3776134638509047,-0.001030800398439169,-0.49258720874786377,0.4587660193443298,0.3742908692741188,8.171468734741211,0.005042475822508263,0.5721664117037253,0.0027333105681464076,-0.5751989901065826,0.6257186472415925,0.3483685637549418,9.823982238769531,0.001070821711926134,0.3911904396165951,-0.01111958920955658,-0.49603816866874695,0.49127495288848877,0.15381500443493162,10.643168449401855,0.002404286058078869,0.18399017141750423,0.0016656486550346017,-0.2136248618364334,0.21878909170627595,0.019365120771175522,11.463147163391113,8.01257451497805e-06,0.0461891288556521,0.0001213035429827869,-0.05223518870770931,0.052999745309352905
F:\Seminario\Seminario-Clustering\datasets\davi\Al Emadi (2019)\Multiclass_Drone_Audio\unknown\3-149448-A-174.wav,Multiclass_Drone_Audio\unknown\3-149448-A-174.wav,al_emadi,3-149448-A-174,0.95975,0.0018737899900598846,7.205877304077148,-0.00013181320736765378,0.0026805994615892413,-0.00018107713549397886,-0.0031725941691547626,0.0026789759285748014,0.003730305981363947,6.673871040344238,4.365509192684355e-05,0.003786511193987276,0.00012063916801707819,-0.003627102053724229,0.0037279166048392654,0.04185005845285557,7.057413101196289,-8.501467002231437e-05,0.00900527163921054,-4.150118002144154e-06,-0.0067685168702155355,0.007233017170801764,0.5141215458634638,7.25370979309082,0.0006892546762763846,0.022361021075687965,9.721325477585196e-05,-0.013499414920806883,0.014419379830360415,0.276915999793413,8.30522346496582,-6.165529371569965e-05,0.011623194994231296,-0.00011795610771514475,-0.008351365476846694,0.007901092432439328,0.16150829991884375,8.33806037902832,-0.00022815017247186835,0.006275947399204858,-4.24351082983776e-06,-0.003049118723720312,0.002952278708107774
F:\Seminario\Seminario-Clustering\datasets\davi\Al Emadi (2019)\Multiclass_Drone_Audio\unknown\2-127108-A-383.wav,Multiclass_Drone_Audio\unknown\2-127108-A-383.wav,al_emadi,2-127108-A-383,1.0216875,0.04617535953451018,2.3340744972229004,-0.0006544308783539299,0.006689156477586409,-8.91812305781059e-07,-0.00018949072982650249,0.00017236421699635683,0.003816551725769166,3.63839054107666,7.064299210283717e-05,0.001930989685600096,7.814831405994482e-06,-0.0004894889891147613,0.0005555431591346858,0.16450464633660203,3.73525333404541,-2.772122299676676e-05,0.009005065579848807,-3.4003451219177805e-06,-0.00024050000502029434,0.00027361993270460524,0.26667578873459613,4.160080909729004,-1.820673914348029e-05,0.008125055051796122,-2.2012311546859564e-06,-0.0003233152092434466,0.0002912401978392154,0.4540120452815364,5.324610233306885,-7.284310094130948e-06,0.007504660877063276,-5.5696119716230896e-08,-0.000222806422971189,0.00023562161368317916,0.0648156083869861,6.423280715942383,-1.0035979799711015e-05,0.002005992368933444,6.672371455351822e-08,-7.740393702988511e-05,7.64703712775372e-05
F:\Seminario\Seminario-Clustering\datasets\davi\Al Emadi (2019)\Multiclass_Drone_Audio\unknown\1-13613-A-374.wav,Multiclass_Drone_Audio\unknown\1-13613-A-374.wav,al_emadi,1-13613-A-374,0.95975,0.004736967711512674,6.499321937561035,0.0038279525584495456,0.04650084445763447,-0.0005669145903084427,-0.041686360538005826,0.04801969230175019,0.0036328268622512314,7.460167407989502,-0.00045415407568397625,0.040857585192543046,-0.0009436526743229479,-0.04643695950508117,0.048825844004750256,0.007803647110616658,8.373167991638184,0.0008028368209741244,0.04251290641385666,0.00011313916184008121,-0.04868978895246982,0.05001539103686813,0.07086764163760058,9.882498741149902,0.0018662632302762665,0.09079846481101089,0.0012233159504830837,-0.11453844308853149,0.12138911336660387,0.5067770350852231,9.508136749267578,2.9957729409314373e-05,0.17192829976170787,-0.003420058637857437,-0.15321389436721802,0.1560812950134277,0.4061818815927958,11.809732437133789,9.6856501490186e-05,0.1088955257752867,3.9209844544529915e-05,-0.13716278076171876,0.1390617683529854
F:\Seminario\Seminario-Clustering\datasets\davi\Al Emadi (2019)\Multiclass_Drone_Audio\unknown\5-238926-A-310.wav,Multiclass_Drone_Audio\unknown\5-238926-A-310.wav,al_emadi,5-238926-A-310,1.0216875,0.8318510905519,8.08216667175293,-0.0025354736410117275,0.08554349696678809,-0.0029316165018826723,-0.11553901582956314,0.10639951080083845,0.04786236108232255,8.052510261535645,-4.594967118913024e-06,0.020528250286547953,-0.0011242115870118141,-0.0263047207146883,0.02775813043117523,0.0353487859366886,8.367504119873047,0.00016586073954421259,0.012521867750882154,0.000343994572176598,-0.013921100180596113,0.014484923146665099,0.04793714750931813,7.930609703063965,-4.238772092431126e-05,0.010334469331990118,3.156979801133275e-06,-0.009906090795993805,0.010136873461306095,0.011770652016931508,8.81822395324707,-2.8672908181946926e-05,0.0036249695271659468,1.945218537002802e-05,-0.003350169537588954,0.0032492620870471,0.025229962902839208,5.980131149291992,-1.0483143856034328e-06,0.0037546831293513274,3.36900120601058e-06,-0.0014062241767533123,0.0014254192239604893
F:\Seminario\Seminario-Clustering\datasets\davi\Al Emadi (2019)\Multiclass_Drone_Audio\unknown\2-158746-C-21.wav,Multiclass_Drone_Audio\unknown\2-158746-C-21.wav,al_emadi,2-158746-C-21,1.0216875,0.40401521387697914,7.279908180236816,-0.003338772961457111,0.6258093007349926,0.012777814641594887,-0.73285174369812,0.7151278495788574,0.2671488393770992,6.402622222900391,-0.006127533528896368,0.5088555343444333,-0.0007380498573184013,-0.44280262589454644,0.41062816381454453,0.25426903679682417,7.036086082458496,0.0035431388081492207,0.35240266217647753,0.0009690859296824783,-0.2292723000049591,0.2566110104322435,0.048140030118449376,7.9521965980529785,0.0010559362190298673,0.10866329228384894,0.00011617317795753479,-0.07936429232358932,0.08399295806884766,0.02369004361848418,7.545300483703613,-0.0006970714515570927,0.0539583714828853,-0.00026540522230789065,-0.030599036440253254,0.028656657785177238,0.0027368362121639013,10.43381118774414,1.3830222307763494e-06,0.012975791690741369,-5.502777639776468e-05,-0.012356140092015267,0.012473278585821394
F:\Seminario\Seminario-Clustering\datasets\davi\Al Emadi (2019)\Multiclass_Drone_Audio\unknown\1-69760-A-162.wav,Multiclass_Drone_Audio\unknown\1-69760-A-162.wav,al_emadi,1-69760-A-162,0.97525,0.7252034233758727,7.89847993850708,-0.03592035918676805,1.629357612552871,-0.1050991490483284,-2.181074857711792,2.1829910278320312,0.187705505642804,7.952795028686523,0.03956686588841671,0.8282004298330529,0.0879230685532093,-1.085642397403717,1.086693525314331,0.040632083688150876,8.929600715637207,-0.0007062841932519528,0.2740243615883132,0.0052463095635175705,-0.35886454582214355,0.3506275832653048,0.016996171980254337,9.856966018676758,-0.0011419701995292394,0.12556947788140346,-0.0029122050618752837,-0.15692685097455977,0.16150144338607786,0.012967464634451278,10.693260192871094,-0.000747412806515667,0.07764590396575878,-0.001641131704673171,-0.09495076984167099,0.09674062281847004,0.016495350678466816,11.730892181396484,0.0002667621083767231,0.061957704093858736,0.0008674765704199672,-0.07540950924158096,0.07652980089187622
F:\Seminario\Seminario-Clustering\datasets\davi\Al Emadi (2019)\Multiclass_Drone_Audio\unknown\1-30043-A-262.wav,Multiclass_Drone_Audio\unknown\1-30043-A-262.wav,al_emadi,1-30043-A-262,0.97525,0.18350206953184547,7.816978931427002,-0.005336226345882038,0.12007063272251914,-0.010290240868926048,-0.14980382472276688,0.14615468680858612,0.2661630762437985,7.270414352416992,-0.0014998737429015173,0.14474227683860133,0.0015735941124148667,-0.17715011537075043,0.15043693035840988,0.34069605131719793,8.521795272827148,-0.0016956710509362792,0.1163178230979529,0.0001067004632204771,-0.1442063957452774,0.13749667108058944,0.1639712311138822,9.217981338500977,-0.0005205678218448643,0.05718012983630583,-0.0006050415977369994,-0.06578697338700294,0.061056677252054214,0.04138980341747204,10.226634979248047,0.0001483244097070147,0.020337569184213918,-4.056212492287159e-05,-0.021367936953902246,0.022958713024854662,0.0042777683758038615,11.288142204284668,6.894468056581801e-06,0.004625721881723451,1.4199278666637838e-05,-0.005076209548860788,0.0050450218841433525
F:\Seminario\Seminario-Clustering\datasets\davi\Al Emadi (2019)\Multiclass_Drone_Audio\unknown\2-28314-B-124.wav,Multiclass_Drone_Audio\unknown\2-28314-B-124.wav,al_emadi,2-28314-B-124,0.95975,0.022122241848119957,6.890176296234131,-0.000649377189175971,0.024846338262414513,-0.0019058476900681853,-0.02746722027659416,0.02833308260887862,0.02888321648516508,3.743837833404541,0.0020958426106606897,0.028322595715280303,3.503941115923226e-05,-0.011175402253866196,0.010759455338120462,0.10502082814708166,3.1927237510681152,-0.0002660759676056225,0.038449939045067875,8.648901712149382e-05,-0.005991342151537538,0.005122925154864789,0.2631816834162321,3.450404167175293,-0.00017342055835794205,0.04314092536208027,9.000759746413678e-06,-0.004274578858166933,0.0054093338549137185,0.40205475837602017,4.03479528427124,0.0002255148701586338,0.03774789197181967,1.523527316749096e-05,-0.00467871418222785,0.00453115422278642,0.17873727172738108,5.070685863494873,1.0144245230501538e-05,0.0178064091545154,4.398214514367282e-06,-0.0019973533926531672,0.002007074467837812
F:\Seminario\Seminario-Clustering\datasets\davi\Al Emadi (2019)\Multiclass_Drone_Audio\bebop_1\B_S2_D1_074-bebop_004_.wav,Multiclass_Drone_Audio\bebop_1\B_S2_D1_074-bebop_004_.wav,al_emadi,B_S2_D1_074-bebop_004,0.896,0.3666825948390752,7.354830741882324,-0.005455892872289456,0.2790526020639968,-0.0006571190169779584,-0.33349964022636414,0.3270082026720047,0.019287776397598686,7.726727485656738,-0.0008911654072825944,0.0640063266073051,0.0004646379966288805,-0.08449014276266098,0.07971245795488358,0.045686763137444374,8.600271224975586,-0.0006469592184963661,0.06996788496840851,0.0005567945481743664,-0.08876645490527152,0.08281140923500062,0.1293902935804346,9.712360382080078,-0.002674012693339413,0.08342930727129329,-0.0024093412794172764,-0.10698048174381256,0.10048402845859529,0.25546988994597614,10.704684257507324,-0.0006735974285248304,0.08302610707096816,-0.00011861009988933802,-0.10569754242897034,0.10187767669558524,0.18348268209947094,11.646986961364746,8.70510210151687e-06,0.04978330401762383,-0.0006151511624921113,-0.06254822760820389,0.0620322559028864
F:\Seminario\Seminario-Clustering\datasets\davi\Al Emadi (2019)\Multiclass_Drone_Audio\unknown\3-157187-A-122.wav,Multiclass_Drone_Audio\unknown\3-157187-A-122.wav,al_emadi,3-157187-A-122,0.97525,0.0,-0.0,0.0,0.0,0.0,0.0,0.0,0.0,-0.0,0.0,0.0,0.0,0.0,0.0,0.0,-0.0,0.0,0.0,0.0,0.0,0.0,0.0,-0.0,0.0,0.0,0.0,0.0,0.0,0.0,-0.0,0.0,0.0,0.0,0.0,0.0,0.0,-0.0,0.0,0.0,0.0,0.0,0.0
F:\Seminario\Seminario-Clustering\datasets\davi\Al Emadi (2019)\Multiclass_Drone_Audio\unknown\5-233260-A-230.wav,Multiclass_Drone_Audio\unknown\5-233260-A-230.wav,al_emadi,5-233260-A-230,1.0216875,0.9615676620953935,7.871363639831543,-0.0030040018720756895,0.19544103347295866,-0.01558869518339634,-0.23675095736980437,0.2540202736854553,0.024748726117144237,7.674666881561279,-0.004980760016576172,0.03096029155276851,-0.003170098178088665,-0.0406686894595623,0.03237211257219314,0.008608078886923812,8.604369163513184,0.0009296474743377897,0.013094944179836702,0.0011421248782426119,-0.014335058443248271,0.015785500779747972,0.0042575935464900265,9.00587272644043,-0.00014509990799722747,0.006541137262183108,-0.00012442097067832947,-0.0063902707770466805,0.006272680126130581,0.0007118575641438946,10.307899475097656,5.696421162307618e-06,0.0018938017977053537,-9.419280104339123e-06,-0.002045080065727234,0.002045447798445821,0.00010608178990455624,11.87759780883789,7.806000038504132e-07,0.0005171983784823853,-4.79456502944231e-06,-0.0006398088007699698,0.000652433733921498
F:\Seminario\Seminario-Clustering\datasets\davi\Al Emadi (2019)\Multiclass_Drone_Audio\unknown\3-157695-A-03.wav,Multiclass_Drone_Audio\unknown\3-157695-A-03.wav,al_emadi,3-157695-A-03,1.0216875,0.001421526208226901,6.320603370666504,2.121583115109438e-05,0.01871546712633146,3.4847926144720986e-07,-0.004371976293623442,0.017330078408122056,0.2505216662514723,5.227566242218018,0.010791944669411553,0.24821960238767954,0.0,-0.020216056331992145,0.1178835868835449,0.6240125605583614,5.936243057250977,0.0004690913007588478,0.2783457800496721,0.0,-0.07388836070895195,0.06243371218442917,0.09919887595471481,7.442905426025391,0.0008771599371988381,0.07864130706882226,0.0,-0.018513714894652367,0.011109970510005951,0.023532333356663132,8.21960163116455,3.594266436312092e-05,0.027115550258641714,0.0,-0.005273503810167309,0.004911267478019006,0.001313037670561389,9.056946754455566,-1.2211341186292686e-05,0.004531277583267809,0.0,-0.0009373786742798983,0.0008916639257222419
F:\Seminario\Seminario-Clustering\datasets\davi\Al Emadi (2019)\Multiclass_Drone_Audio\unknown\4-90014-A-420.wav,Multiclass_Drone_Audio\unknown\4-90014-A-420.wav,al_emadi,4-90014-A-420,1.0216875,0.12511838413427864,7.928346633911133,-0.0003544587006268445,0.07541372198056101,-0.0024804244749248028,-0.09743503481149673,0.09654999375343322,0.080941133227784,8.101393699645996,2.9892920985681532e-05,0.06065676017490844,-0.0011712942505255342,-0.07424254566431045,0.08139746338129042,0.46652545565468895,9.260076522827148,9.207002800500508e-05,0.10337063398014407,-0.0013956264592707157,-0.143719781935215,0.14306989759206773,0.29976871496859114,10.091031074523926,2.1518980764099616e-05,0.05872034330288851,0.0003163337241858244,-0.0788271427154541,0.07500754296779633,0.024959237314413775,10.986658096313477,-1.84581045909734e-05,0.011994235819180398,-0.0004125076811760664,-0.015181370265781879,0.015672355517745023,0.002687074700243494,11.963834762573242,-1.4635849923163651e-07,0.002784162721438108,2.4648092221468687e-05,-0.003554847347550094,0.003571427660062909
F:\Seminario\Seminario-Clustering\datasets\davi\Al Emadi (2019)\Multiclass_Drone_Audio\unknown\3-150979-C-403.wav,Multiclass_Drone_Audio\unknown\3-150979-C-403.wav,al_emadi,3-150979-C-403,1.0216875,0.6917317045057575,8.033524513244629,0.01271331790199428,0.5193065759656021,0.0013974355533719063,-0.6460104703903198,0.7147245526313781,0.2589764848432594,7.9662556648254395,-0.0046158840633957485,0.31781140149306647,-0.006865760777145624,-0.41259278059005733,0.39323448538780215,0.04537980317642724,8.842704772949219,0.0012440564973252707,0.09443734927823932,0.002278376603499055,-0.11421631053090095,0.1224879488348961,0.003207154556821171,9.930497169494629,0.00022653343409357972,0.017791423061355314,7.393769919872284e-05,-0.021972794085741043,0.023513255640864372,0.0005945126861706006,10.965445518493652,-7.220265400962758e-06,0.005422856166505057,5.220645107328892e-07,-0.007125071808695793,0.0070954673923552085,0.0001103402315640455,11.918862342834473,-3.422104582141808e-06,0.001652765416024115,-3.616791218519211e-06,-0.002121300110593438,0.002099407021887601
F:\Seminario\Seminario-Clustering\datasets\davi\Al Emadi (2019)\Multiclass_Drone_Audio\unknown\3-122110-A-462.wav,Multiclass_Drone_Audio\unknown\3-122110-A-462.wav,al_emadi,3-122110-A-462,0.97525,0.3533334726882558,7.94028902053833,0.008010048055908672,0.44675867603603076,0.007202672539278865,-0.5476121604442596,0.6350443959236145,0.3776358970640208,7.9100871086120605,-0.0018913885489323988,0.4619376826352203,-0.011426469311118126,-0.5749835968017578,0.625271737575531,0.14484921375264304,8.841773986816406,0.00013524494766298443,0.20322281466697809,0.001783137209713459,-0.2469989091157913,0.2558630466461184,0.10913522536410375,9.702451705932617,-0.00020884978359011482,0.12498755533223059,-0.0015156848821789026,-0.1492333769798279,0.15347639173269273,0.014361847435907885,10.488338470458984,6.128209512817536e-05,0.0320976995730703,7.205386646091938e-05,-0.03761466518044472,0.0377409040927887,0.0006843436950687251,10.788131713867188,-1.3258457193270723e-06,0.004956945119965556,1.7458456568419933e-05,-0.004941274411976337,0.004926248220726848
F:\Seminario\Seminario-Clustering\datasets\davi\Al Emadi (2019)\Multiclass_Drone_Audio\unknown\3-70962-C-42.wav,Multiclass_Drone_Audio\unknown\3-70962-C-42.wav,al_emadi,3-70962-C-42,0.97525,0.011978818913029562,4.033967971801758,0.00499513887406201,0.05057371425253062,0.0010642228298820555,-0.02820914424955845,0.029159022495150566,0.02805074347945178,7.2314300537109375,-0.005560887047625241,0.07756842463829809,-0.0035095588536933064,-0.08928785473108292,0.07798290997743607,0.03697532568426389,8.253957748413086,0.0003436774078549084,0.06342195830100428,0.000545714923646301,-0.06498136669397354,0.06974043250083924,0.4371059402127473,9.421049118041992,0.0015310334863162108,0.1545014167187329,0.0012071712408214808,-0.17343544065952302,0.18041864633560178,0.45056895189467994,10.57005500793457,-0.00038464581227223935,0.11105115895900186,1.0279938578605652e-05,-0.13296434879302976,0.13692874908447267,0.03532021981582751,11.308562278747559,2.110417504073556e-06,0.021997037289584485,0.00018564664060249925,-0.02461562119424343,0.024705884978175163
F:\Seminario\Seminario-Clustering\datasets\davi\Al Emadi (2019)\Multiclass_Drone_Audio\unknown\2-83934-B-52.wav,Multiclass_Drone_Audio\unknown\2-83934-B-52.wav,al_emadi,2-83934-B-52,0.97525,0.06955017279457208,7.284671783447266,-0.0016902861334969085,0.10365602209544938,-0.004757395014166832,-0.10991518944501877,0.10758988931775093,0.009163218696771657,7.950828552246094,-0.00043593608826643414,0.03762686579035399,-9.34392555791419e-05,-0.05422068201005459,0.053924016654491425,0.05991414826871709,8.65748405456543,0.0005300289820756532,0.06834690952504807,-0.0026878677308559418,-0.07944474220275878,0.11484114676713944,0.5506115293777089,9.229704856872559,0.001043130947962837,0.14680787479926946,0.00020271245739422739,-0.17975495755672452,0.18984278738498686,0.27709528819317986,10.062560081481934,-2.1290401680591545e-06,0.07372875106347256,-0.00015496587730012834,-0.08244468569755553,0.09172303527593613,0.03366564266905044,10.423722267150879,-3.7741763750396926e-07,0.01818122655675695,2.3255631276697386e-05,-0.01640225388109684,0.015161020215600729
F:\Seminario\Seminario-Clustering\datasets\davi\Al Emadi (2019)\Multiclass_Drone_Audio\unknown\4-200330-A-60.wav,Multiclass_Drone_Audio\unknown\4-200330-A-60.wav,al_emadi,4-200330-A-60,1.0216875,0.036469312203359285,5.49957275390625,0.006834988346758975,0.06710514464329521,-0.00018025992903858423,-0.038216589391231535,0.04797485023736953,0.02569535899141014,7.825340747833252,0.00041761966805765134,0.056617244821484496,0.0007701768772676587,-0.07072754055261612,0.06553712785243987,0.5948597471389078,8.925272941589355,0.01745067058058763,0.19258833214130755,0.02285352535545826,-0.22432614862918854,0.2526623994112015,0.33251072722850766,9.661443710327148,-0.0002478355333117767,0.10245557770631034,0.0017318546306341887,-0.12497156113386154,0.12398821860551834,0.008180053910978985,10.703872680664062,-0.00010560943797681136,0.011375103526360094,0.00023562274873256683,-0.01421882826834917,0.013219849579036236,0.0022848005268361264,11.758949279785156,-5.340997536744444e-06,0.004253213087270791,4.073212039656937e-05,-0.005271143186837434,0.005261122388765216
F:\Seminario\Seminario-Clustering\datasets\davi\Al Emadi (2019)\Multiclass_Drone_Audio\unknown\3-164688-A-381.wav,Multiclass_Drone_Audio\unknown\3-164688-A-381.wav,al_emadi,3-164688-A-381,1.0216875,0.00420168903030638,7.381583213806152,-0.0037171212602787503,0.004359718101208834,-0.0032004511449486017,-0.007749390788376331,0.0003599146555643526,0.02755438623198795,4.498710632324219,-0.000291822283863986,0.0146687847855616,-2.3108947061700746e-05,-0.0033532519824802853,0.001113528199493884,0.2945693672352021,6.127479553222656,-0.0010768387953032411,0.03403504196191421,4.497416739468463e-06,-0.003110634093172848,0.009985432121902704,0.46948576739243575,6.687380790710449,0.00021098863562991132,0.03046395862290483,5.492674972629175e-07,-0.0054037668742239475,0.0037443211767822504,0.1713168013152334,6.96251106262207,-1.2412059976136868e-05,0.013027085775549748,7.206595000752714e-07,-0.0008287498727440832,0.0007202348788268873,0.03287198879483438,8.236448287963867,-4.40298353013205e-05,0.0040367511634611395,4.441060355020454e-07,-0.00020287955994717776,0.0001839081960497425
F:\Seminario\Seminario-Clustering\datasets\davi\Al Emadi (2019)\Multiclass_Drone_Audio\unknown\1-115521-A-191.wav,Multiclass_Drone_Audio\unknown\1-115521-A-191.wav,al_emadi,1-115521-A-191,1.0216875,0.7734376305997416,5.828469276428223,0.00027233437007057135,0.13387880423326595,3.396917600184679e-05,-0.09946283102035522,0.10006900578737257,0.16799930000058266,6.656923294067383,-0.0009171660050910382,0.06238883563141465,-0.0003597709583118558,-0.05347304344177246,0.05122453346848488,0.04829058148279986,7.589724540710449,-0.0002552221935226591,0.02374495032750075,-0.00037985613744240254,-0.01937615852802992,0.020134243369102484,0.009498208428166245,8.460283279418945,-4.3672869676399876e-05,0.007463015479781025,4.27065824624151e-05,-0.006277075503021479,0.006033192854374647,0.0007679627737493392,9.334056854248047,-9.452263934298367e-07,0.0015022176904658793,4.653440555557609e-06,-0.0011968860868364567,0.0011795648373663428,6.316714960254666e-06,10.309361457824707,1.8822622223413165e-07,9.63840150216386e-05,1.410080585628748e-08,-7.409635072690435e-05,7.439520559273664e-05
F:\Seminario\Seminario-Clustering\datasets\davi\Al Emadi (2019)\Multiclass_Drone_Audio\unknown\1-90797-A-151.wav,Multiclass_Drone_Audio\unknown\1-90797-A-151.wav,al_emadi,1-90797-A-151,1.0216875,0.026581413636831752,4.70544958114624,-8.507063551094274e-05,0.03077827797977871,-1.3728844351135194e-05,-0.0024567740969359867,0.001160000171512365,0.8241544904640039,4.9453301429748535,-2.7771351945336466e-05,0.1713804300722249,0.0,-0.024481133744120594,0.007590107340365647,0.10837622387263982,6.204936981201172,-0.0003209583092713588,0.04411410935023504,0.0,-0.012237965315580367,0.008476116973906767,0.01739090126359092,4.74876070022583,8.378942420174248e-05,0.01252302024265285,0.0,-0.0028263418935239315,0.0028004476334899664,0.012546881583091338,4.243835926055908,-2.8522244655375675e-06,0.007529872388169561,0.0,-0.00045178586151450867,0.00043054218986071755,0.010950089179842271,5.222775459289551,-2.062630259680231e-06,0.0049765209852806426,0.0,-0.000346910409280099,0.00037021859316155325
F:\Seminario\Seminario-Clustering\datasets\davi\Al Emadi (2019)\Multiclass_Drone_Audio\unknown\2-87781-A-100.wav,Multiclass_Drone_Audio\unknown\2-87781-A-100.wav,al_emadi,2-87781-A-100,1.0216875,0.8977233008151142,7.717076778411865,-0.005852208049296759,0.5360217828252666,-0.034807536751031876,-0.6365332961082458,0.6279714465141296,0.015421766067799571,7.818591117858887,0.0028637260465967057,0.0702009633096699,0.003299760166555643,-0.08148171007633209,0.08904830366373062,0.015760723707900253,8.790511131286621,-0.0009009230719739119,0.05041048195117621,0.0001832230482250452,-0.06254850849509239,0.060777450725436215,0.031244789828865478,9.73859977722168,-0.001372277443596334,0.05028808075940005,-0.0013780416920781136,-0.062395647168159485,0.05937730148434639,0.028179612861571144,10.74998664855957,9.25146675485885e-06,0.03381951295534351,9.352478082291782e-05,-0.041973515599966045,0.04112862646579742,0.011669806718749306,11.662940979003906,-2.7627598941923735e-05,0.015396723337119817,7.283990271389484e-05,-0.01863165106624365,0.018510522693395617
F:\Seminario\Seminario-Clustering\datasets\davi\Al Emadi (2019)\Multiclass_Drone_Audio\unknown\3-96606-B-493.wav,Multiclass_Drone_Audio\unknown\3-96606-B-493.wav,al_emadi,3-96606-B-493,1.0216875,0.0010964914458679793,7.376150131225586,-2.8189749420267892e-05,0.011479808299560875,-0.00015787257871124893,-0.012039239145815372,0.012178057618439191,0.00697332257408121,6.790644645690918,-0.0008853249399352375,0.028936769656874015,-0.0002630922244861722,-0.026196267828345294,0.024409427121281625,0.012411413769982779,8.02767276763916,-0.0005084853126797135,0.027411594849321177,-0.0003159960760967806,-0.030233308486640447,0.026576895825564873,0.05302056238438452,9.066130638122559,6.744888338929784e-05,0.040156489392862135,0.0001640274131204933,-0.04280450567603111,0.044762615114450455,0.3582034935208017,9.997268676757812,-0.0011939504172389596,0.07387616625780637,-0.0002750143175944686,-0.08375535905361174,0.07754132598638538,0.5682947163048818,10.72774600982666,0.00019668510565045398,0.06583825712933167,4.8629339289618656e-05,-0.06591532677412032,0.06502768471837045
F:\Seminario\Seminario-Clustering\datasets\davi\Al Emadi (2019)\Multiclass_Drone_Audio\unknown\2-85471-A-344.wav,Multiclass_Drone_Audio\unknown\2-85471-A-344.wav,al_emadi,2-85471-A-344,0.95975,0.8135019163220037,8.056742668151855,-0.0001639255107025359,0.0031374227200419427,-0.0002638781734276563,-0.0043355206493288275,0.003895518044009805,0.008105398222944255,7.846965789794922,-2.6130421627415478e-06,0.0003135868222418456,-7.58788337407168e-06,-0.0003969146520830691,0.0004063222295371816,0.005286318385178938,8.673940658569336,4.0233500270885035e-06,0.00017977358711672935,3.83789983970928e-06,-0.0002294872101629153,0.00022518028126796715,0.011079872915344962,8.457464218139648,5.140985025917865e-06,0.0001844393258619356,2.733657311182469e-06,-0.0001900073461001739,0.00020947564626112581,0.032745997031377094,10.47475814819336,4.330240958416157e-06,0.00022451522479432001,2.222374405391747e-06,-0.00025487556122243403,0.00027235125307925037,0.12928049712315098,11.472996711730957,1.1712954019786215e-06,0.0003156617639712563,-3.490814833639888e-06,-0.00036548406642396004,0.0003769703267607838
F:\Seminario\Seminario-Clustering\datasets\davi\Al Emadi (2019)\Multiclass_Drone_Audio\bebop_1\mixed_11-bebop_000_.wav,Multiclass_Drone_Audio\bebop_1\mixed_11-bebop_000_.wav,al_emadi,mixed_11-bebop_000,1.024,0.7425667287240505,7.890207767486572,-0.0004883528402737843,0.5097034012963607,0.009399968665093184,-0.6840685248374938,0.6392239451408388,0.08837518714257606,7.755929946899414,-0.0007003742028385974,0.17583759027023474,-0.005881026852875948,-0.22685882449150085,0.2011628612875939,0.03599199830096387,8.99936294555664,6.998055346053844e-05,0.07965528876194232,0.002314383746124804,-0.10411221235990524,0.10098161995410919,0.039534754926278254,9.877151489257812,0.000531107350167594,0.059158583811404,-0.0007619713433086872,-0.07264054864645005,0.07565756440162659,0.05071683656372721,10.862805366516113,0.0006324849591386354,0.047423247253399504,0.0002792271552607417,-0.05782828144729137,0.06004516556859017,0.04281449434240416,11.779662132263184,-0.00015112030325487168,0.03082768135110697,0.00034014671109616756,-0.0380035862326622,0.0375398900359869
F:\Seminario\Seminario-Clustering\datasets\davi\Al Emadi (2019)\Multiclass_Drone_Audio\unknown\5-253534-A-261.wav,Multiclass_Drone_Audio\unknown\5-253534-A-261.wav,al_emadi,5-253534-A-261,1.0216875,0.01707466787981222,4.810600280761719,0.00015637532668591966,0.0852787692142941,-0.00012943980982527137,-0.018279904499649998,0.01728040128946304,0.6525744036190874,6.044159412384033,-0.08327277486546994,0.5205881722028555,-0.0007081434014253318,-0.5021165847778319,0.2359238743782042,0.26459321271328023,6.491869926452637,-0.0037030105490787903,0.23826895831178657,0.00030399685783777386,-0.13490803837776183,0.12699280381202707,0.0323592668677916,6.495578765869141,0.0025874346608832895,0.05899951742050292,0.00010016997111961246,-0.020542722195386887,0.026349317282438278,0.026388070728109125,8.11540699005127,0.0009349713275630118,0.037739738481253816,3.6656416341429576e-05,-0.011538835056126111,0.014450708217918875,0.007010378191919436,9.43268871307373,-1.7780324077839465e-06,0.013765638414572387,4.451401764526963e-06,-0.007465237472206354,0.00723033896647394
F:\Seminario\Seminario-Clustering\datasets\davi\Al Emadi (2019)\Multiclass_Drone_Audio\unknown\5-187201-A-40.wav,Multiclass_Drone_Audio\unknown\5-187201-A-40.wav,al_emadi,5-187201-A-40,1.0216875,0.5790632030123277,7.977733135223389,0.03375331541704577,0.32113167144934224,0.029633017256855965,-0.37507526874542235,0.44078941941261285,0.00046852725216414156,7.733613967895508,0.00045619764772260844,0.009173541164117362,0.00014866609126329422,-0.010735752806067466,0.011621625721454618,0.0020167755673450513,6.928683280944824,0.0004236904702780009,0.013520310299260424,0.00023624341702088714,-0.009964371006935833,0.010922722984105349,0.014771358345596203,7.2296600341796875,-7.832303780813527e-05,0.025942691945982328,2.373591996729374e-05,-0.012292726896703243,0.01317538321018219,0.3665152233388088,8.094437599182129,0.00013246460902697918,0.09147750391697797,-0.00024390965700149536,-0.03249723017215728,0.03222258239984513,0.03716491248375806,8.909268379211426,4.888899777247781e-08,0.020607847870108376,1.753342803567648e-05,-0.006859742244705557,0.0068441699258983135
F:\Seminario\Seminario-Clustering\datasets\davi\Al Emadi (2019)\Multiclass_Drone_Audio\unknown\4-188703-C-81.wav,Multiclass_Drone_Audio\unknown\4-188703-C-81.wav,al_emadi,4-188703-C-81,1.0216875,0.5262450308186032,7.775381088256836,-0.0022070719277295994,0.3391535431492545,0.007118759676814079,-0.401655775308609,0.3918610692024231,0.1814461932084071,7.915287017822266,0.0003253049201463028,0.19915209570586703,-0.0027321241796016693,-0.27396755814552304,0.2593022108078003,0.2791325398957235,8.98280143737793,-0.00026576861570186877,0.17534013763566964,-0.0011868569999933243,-0.24942978769540786,0.24449236243963246,0.011906001721156044,9.842578887939453,-0.00016970121200563797,0.025661726327354955,-0.00016206473810598254,-0.03290344029664993,0.03321058675646782,0.0011877670077661425,10.771286964416504,-2.3635520476967572e-05,0.005737679726205232,-4.0934886783361435e-05,-0.007149220164865255,0.007192743849009277,8.24673483440761e-05,11.67730712890625,-2.9254459705868895e-07,0.0010695785102974686,-8.314847946166992e-06,-0.0013060273602604866,0.0013132401043549184
F:\Seminario\Seminario-Clustering\datasets\davi\Al Emadi (2019)\Multiclass_Drone_Audio\unknown\2-73260-A-104.wav,Multiclass_Drone_Audio\unknown\2-73260-A-104.wav,al_emadi,2-73260-A-104,0.95975,0.549146044090012,7.69012975692749,0.00025689964073893353,0.15188925942306553,0.002849179436452687,-0.1912533834576607,0.18002413362264635,0.23920571286886952,7.242648124694824,-0.0010964849228554665,0.1002405773894352,0.004096011631190777,-0.10999617055058479,0.10462398380041124,0.11352638423267133,8.12330436706543,0.0008659198713810703,0.04902715088234376,-0.0007813300762791187,-0.051212798804044724,0.05452615618705751,0.06444200438933144,8.76624870300293,-0.00047485703827032617,0.026179774848127172,-0.0003556264564394951,-0.027434218674898144,0.02619876265525819,0.02302452262366141,9.6831636428833,-0.00010794916309082338,0.011079501387220499,2.489506732672453e-05,-0.011178082413971422,0.010879649966955184,0.01065533179545435,10.375086784362793,-2.359071898957253e-05,0.005332560166772657,2.1555577404797077e-05,-0.0051124244928359985,0.0050075658597052135
F:\Seminario\Seminario-Clustering\datasets\davi\Al Emadi (2019)\Multiclass_Drone_Audio\unknown\1-104089-B-224.wav,Multiclass_Drone_Audio\unknown\1-104089-B-224.wav,al_emadi,1-104089-B-224,0.95975,0.0046913120127506334,6.868999004364014,-0.0003929541973346992,0.02456794941436262,0.0,-0.02539271842688322,0.024904045090079322,0.02533075030624288,6.347023963928223,-0.002500286089580241,0.05704065137668923,0.0,-0.051730192825198175,0.04826580807566643,0.14540458485869107,6.798802375793457,0.002889613396804993,0.09708368532260327,2.031167514360277e-05,-0.0653876505792141,0.07676684409379965,0.5190575433950397,6.8254570960998535,-0.0007010756630857018,0.13006120711280858,0.0,-0.09130442738533019,0.08578007221221931,0.23504410530035258,8.641611099243164,-0.00019337370633091107,0.06196002423107219,0.0,-0.04601791724562645,0.04672411382198333,0.07047170412692311,9.135351181030273,-0.00011365254445844562,0.024002283317114417,0.0,-0.01964694503694773,0.01982738506048918
F:\Seminario\Seminario-Clustering\datasets\davi\Al Emadi (2019)\Multiclass_Drone_Audio\unknown\3-154781-A-323.wav,Multiclass_Drone_Audio\unknown\3-154781-A-323.wav,al_emadi,3-154781-A-323,1.0216875,0.12541414767565065,8.047369003295898,-0.000359982202591187,0.005674688767474576,-6.628908886341378e-05,-0.007939204946160315,0.006767479702830315,0.09626102467436351,8.087360382080078,0.00015706969081471955,0.004979091523400558,0.0002008423034567386,-0.006748491059988737,0.006609952822327614,0.11345126202304325,7.495704650878906,-0.00010758261514903336,0.003837425841614266,-1.632745988899842e-05,-0.0034108742838725448,0.00314366645179689,0.17527749093243977,6.978074073791504,-2.2501997396348543e-05,0.0033813892674074745,-1.618092937860638e-05,-0.0018357340013608336,0.002005178714171052,0.3517415811776916,7.72537899017334,-7.366517565956511e-05,0.0033901040074926013,-1.3620151548821013e-05,-0.0014470137190073728,0.0012569386744871744,0.1378544935168112,8.503992080688477,-1.0348050374388054e-06,0.0015017974153571521,-3.5979746826342307e-07,-0.0005859030585270375,0.0006145677587483079
F:\Seminario\Seminario-Clustering\datasets\davi\Al Emadi (2019)\Multiclass_Drone_Audio\unknown\1-62509-A-453.wav,Multiclass_Drone_Audio\unknown\1-62509-A-453.wav,al_emadi,1-62509-A-453,1.0216875,0.4638387564069238,7.945075988769531,0.0021475416999346144,0.37394634299209295,0.007437251973897219,-0.4669106245040894,0.4976943254470825,0.2918804321796624,7.7251482009887695,0.0006871545496208302,0.2966431073557489,0.003871654160320759,-0.36582117080688475,0.36650844812393185,0.17269653897406684,8.769968032836914,-0.0009610108601706989,0.1619691024670245,-0.001956133753992617,-0.20773845613002778,0.1993751719594002,0.04920359145466483,9.874971389770508,0.0013603408859197757,0.06125268231209221,0.000618581660091877,-0.07574762403964996,0.07881230115890503,0.015883886097642623,10.836929321289062,6.99357744817154e-05,0.02464179646612314,-0.00014224753249436617,-0.030424895137548445,0.030623130872845652,0.006496794887039457,11.724800109863281,-3.997967191505067e-05,0.011149100871955427,9.173410944640636e-06,-0.013589664548635482,0.013637363258749247
F:\Seminario\Seminario-Clustering\datasets\davi\Al Emadi (2019)\Multiclass_Drone_Audio\unknown\2-110417-A-281.wav,Multiclass_Drone_Audio\unknown\2-110417-A-281.wav,al_emadi,2-110417-A-281,1.0216875,0.8562055390823473,6.0322265625,0.000981921414388199,0.05797905180564009,0.0007055914611555636,-0.0388165421783924,0.05388627946376799,0.039608433529255097,5.934131145477295,9.391754017976271e-05,0.012471706533756873,3.135326551273465e-05,-0.010170492529869079,0.010773438215255733,0.06888788189618258,7.041659355163574,9.56555216547607e-06,0.011675639255732907,-1.1055526556447148e-06,-0.009648162964731455,0.010629525966942312,0.016625225759405733,7.369268417358398,-1.462741400178313e-05,0.004064678278520112,4.494359018281102e-06,-0.0032126312144100666,0.002964930608868599,0.004984388175713692,9.773358345031738,2.2955931555910572e-05,0.0015753134224082471,1.3467505368680577e-06,-0.0015920949168503284,0.001680386462248862,0.013688531557095566,10.78887939453125,3.967527905940404e-06,0.001847063792419227,1.6573399079788942e-06,-0.0018933731131255626,0.0018411641707643872
F:\Seminario\Seminario-Clustering\datasets\davi\Al Emadi (2019)\Multiclass_Drone_Audio\unknown\1-62849-A-382.wav,Multiclass_Drone_Audio\unknown\1-62849-A-382.wav,al_emadi,1-62849-A-382,0.97525,0.06848132404509771,4.813066005706787,-3.9713716370398844e-05,0.014640425513722275,9.948540423465602e-06,-0.004567105323076248,0.003859133692458272,0.2528052104088677,4.465377330780029,-9.590612634117094e-05,0.028129352164885126,-2.4960490918601863e-05,-0.003956848056986928,0.0038298035506159067,0.38852280843667936,4.975119113922119,4.212459301106904e-05,0.02477085306462157,3.956796717830002e-06,-0.0016619481146335601,0.002014784701168538,0.10157225796102344,5.047280788421631,-6.889924106748385e-06,0.008974105322670862,-2.6559340540188714e-06,-0.000788830075180158,0.0007526876870542765,0.06170761494623502,5.779092311859131,3.82491317347629e-05,0.004951591273275912,1.192555828311015e-06,-0.00044075986370444297,0.000471545709297061,0.12691078420209675,5.995953559875488,3.9052577998079986e-05,0.00502379540810279,6.252776074688882e-13,-0.00030641251942142844,0.0003303914127172902
F:\Seminario\Seminario-Clustering\datasets\davi\Al Emadi (2019)\Multiclass_Drone_Audio\unknown\5-219242-B-372.wav,Multiclass_Drone_Audio\unknown\5-219242-B-372.wav,al_emadi,5-219242-B-372,0.97525,0.0006670712242285762,7.401114463806152,-4.231511776021263e-05,0.005868559181651965,-0.0005039631214458495,-0.006126979133114219,0.006757169961929321,1.85327744205621e-05,7.829641819000244,-4.751882753801569e-05,0.0009770434282869124,9.712572136777453e-06,-0.0013498800690285861,0.0011377960327081382,2.2481670397575635e-05,8.912092208862305,-0.00014366643903030755,0.0007517001156772159,-0.00011233308032387868,-0.0011537311831489206,0.0007891060085967185,0.009071492692492824,9.050774574279785,-9.782841863640996e-05,0.010892135368680307,-7.26286816643551e-05,-0.013958323094993829,0.012747583631426095,0.2689478153898136,9.789746284484863,-0.000590320929076411,0.04198236469484767,4.708148117060773e-05,-0.05127404257655144,0.04236023724079133,0.7212726062486469,10.369876861572266,-1.3526419878512497e-05,0.04864440831788202,-1.6752710507716984e-07,-0.040269071236252785,0.03389543853700161
F:\Seminario\Seminario-Clustering\datasets\davi\Al Emadi (2019)\Multiclass_Drone_Audio\unknown\2-117625-A-100.wav,Multiclass_Drone_Audio\unknown\2-117625-A-100.wav,al_emadi,2-117625-A-100,1.0216875,0.2023660297193008,7.794047832489014,-0.0048348193445156805,0.3154072400862375,-0.017805833369493484,-0.39328348040580746,0.37215039134025557,0.05038519798111591,7.818053245544434,-0.00028478345691956765,0.15739997714704396,0.007107348181307316,-0.20829319655895231,0.19200592339038847,0.11630349777271784,8.746113777160645,-0.0008260781767674116,0.16975015995862638,-0.001546122133731842,-0.20388708412647244,0.20095256417989732,0.20793759189065708,9.742046356201172,-0.0032921071898901443,0.16081637016219033,0.003966289572417736,-0.2026735246181488,0.19411620497703552,0.23542152175907716,10.712677001953125,0.00023766589726041752,0.12115432713198272,0.0020927356090396643,-0.14828529655933378,0.14813306331634524,0.1875861608771312,11.660074234008789,0.0001911202339901559,0.07650909168901532,-0.0007089779828675091,-0.09086395800113678,0.09343243688344957
F:\Seminario\Seminario-Clustering\datasets\davi\Al Emadi (2019)\Multiclass_Drone_Audio\unknown\1-56380-A-50.wav,Multiclass_Drone_Audio\unknown\1-56380-A-50.wav,al_emadi,1-56380-A-50,1.0216875,0.0033498660100188737,3.200061321258545,0.0010771261611299539,0.014822764007887308,0.0,-0.005847802106291055,0.004229461867362259,0.03492090235649813,6.7739129066467285,0.005160844120137422,0.04770625739296906,0.0,-0.03954482972621917,0.05281796008348463,0.15631159367752953,7.435788154602051,0.001043489533055284,0.07205668065128984,0.0,-0.07214227095246313,0.06766222342848778,0.5510417681156573,9.044778823852539,-0.0006044502445580478,0.09588343561607977,0.0,-0.13079051673412323,0.131122887134552,0.2259445583826738,9.22534465789795,0.00013449729338248657,0.043463108114139545,0.0,-0.03139158785343169,0.03716818913817409,0.028431311457622357,9.852010726928711,1.1068459904562727e-05,0.010907304801806596,0.0,-0.006865509133785961,0.006886693323031068
F:\Seminario\Seminario-Clustering\datasets\davi\Al Emadi (2019)\Multiclass_Drone_Audio\unknown\4-175856-A-432.wav,Multiclass_Drone_Audio\unknown\4-175856-A-432.wav,al_emadi,4-175856-A-432,0.97525,0.05429226384575848,8.02934455871582,0.001118662369751086,0.22769893861808754,-0.0003236974007450044,-0.2905251979827881,0.28791382908821106,0.06838193268989357,7.017082214355469,0.018279333339676435,0.2548907186178744,-0.00038390557165257633,-0.2130148634314537,0.3000776916742325,0.22018600365453866,7.928473472595215,0.002655520588481687,0.3257180016419235,0.002328843344002962,-0.33771851658821106,0.33785178661346443,0.3869677690526074,8.76988410949707,0.0008891928379432359,0.3059618872574398,-0.0010531159932725132,-0.31394191384315484,0.311301627755165,0.2471331742277419,9.447866439819336,-0.0007202576236379942,0.17309246496874203,0.0007190138567239046,-0.15990171432495118,0.15954929292202,0.023038856529459997,10.433100700378418,-2.809572581713715e-05,0.03738988890959509,1.724607136566192e-05,-0.03435669094324112,0.03515654057264328
F:\Seminario\Seminario-Clustering\datasets\davi\Al Emadi (2019)\Multiclass_Drone_Audio\unknown\3-112356-A-180.wav,Multiclass_Drone_Audio\unknown\3-112356-A-180.wav,al_emadi,3-112356-A-180,1.0216875,0.3107785132270613,6.526650428771973,0.03148093174781049,0.8563489382765794,-0.00420007761567831,-0.6120782852172851,0.8000715970993041,0.5467545736773983,6.58365535736084,0.0005804875403457208,1.13661838576798,-0.0006314793135970831,-1.1290664434432984,1.005535578727722,0.07074578088594664,7.180122375488281,0.005949699669963151,0.29016336641033924,-0.000180777205969207,-0.17631398290395736,0.23185004740953452,0.024625489327045287,7.995756149291992,0.0015073833106749887,0.12133282249489255,0.0001112628960981965,-0.08998779207468033,0.08538024127483368,0.025060639562937193,8.496148109436035,0.0007096288772006638,0.08664885728989345,1.720679210848175e-05,-0.047614754736423494,0.04493060111999513,0.022035003319611272,9.621376991271973,4.810020207264498e-05,0.05748242359424911,7.804420874890639e-06,-0.03250502161681652,0.03436945080757142
F:\Seminario\Seminario-Clustering\datasets\davi\Al Emadi (2019)\Multiclass_Drone_Audio\unknown\1-43807-D-470.wav,Multiclass_Drone_Audio\unknown\1-43807-D-470.wav,al_emadi,1-43807-D-470,1.0216875,0.3799726339521218,8.148548126220703,-0.01858959213143254,0.91988046273958,-0.11985103040933609,-1.1192923069000242,1.2369174003601073,0.3612196137161382,7.757388114929199,-0.01595110312886608,0.8969348604591231,0.054579414427280426,-1.2199506044387818,1.015685725212097,0.21268124043543668,8.127114295959473,-0.008792037943613181,0.48854350152071546,0.0032300626626238227,-0.5250930249691009,0.48983333706855803,0.0433602822213027,8.82653522491455,0.0012316924298556974,0.1563426001632779,6.524496711790562e-05,-0.13694916665554047,0.13683314621448517,0.002568842779411914,9.774862289428711,-8.224928366191432e-06,0.026938626472728454,-0.0006783886346966028,-0.026005105301737785,0.026207452267408383,0.00019738689558876062,10.707446098327637,-3.438689093137154e-06,0.00528278671894315,-1.7506303265690804e-05,-0.005168290669098496,0.005197708774358034
F:\Seminario\Seminario-Clustering\datasets\davi\Al Emadi (2019)\Multiclass_Drone_Audio\unknown\4-151242-A-374.wav,Multiclass_Drone_Audio\unknown\4-151242-A-374.wav,al_emadi,4-151242-A-374,0.95975,0.00011708332439568675,6.271328926086426,0.007677780431512489,0.020002042731661812,0.0012191273272037506,-0.0031338251894339917,0.038345529511570935,4.449788504167194e-05,5.384326934814453,-6.921960352212677e-05,0.013207990228235997,-7.565503983641975e-05,-0.006849510315805674,0.0073103538248688,7.196297404814114e-05,6.936606407165527,0.0004984029914934514,0.011915718750712023,-3.336688860144932e-05,-0.009347584471106528,0.01176536986604339,0.01292788759549947,8.539942741394043,0.0019871354886779125,0.11327629910514982,-3.698436921695247e-05,-0.13322942554950712,0.13250707983970758,0.45328116971708354,9.52861213684082,-0.005236665831779781,0.47488910047398414,-2.8649137675529346e-05,-0.5116745710372924,0.4190520703792572,0.5335573985039315,10.530252456665039,5.8609496196033725e-05,0.36453259412350936,-1.432806584489299e-06,-0.39629191160202026,0.3138171166181586
F:\Seminario\Seminario-Clustering\datasets\davi\Al Emadi (2019)\Multiclass_Drone_Audio\unknown\2-70280-A-184.wav,Multiclass_Drone_Audio\unknown\2-70280-A-184.wav,al_emadi,2-70280-A-184,0.95975,0.04342657111097085,7.9986066818237305,-0.020091846957972743,0.027364805181955804,-0.02049937192350626,-0.05236661583185196,0.013849106244742872,0.07944266137047022,5.339822292327881,-0.0006569321196336398,0.045912184541368785,0.0007388769008684903,-0.02867259755730629,0.029117910377681265,0.1408331191182366,7.876828670501709,-0.002097850902790631,0.04335731376742272,-0.0022948021069169044,-0.04535075202584267,0.042218685895204555,0.4466945204970999,8.674068450927734,-0.006650214652063345,0.054387273040395506,-0.004011467099189758,-0.05687346309423447,0.04723082631826405,0.24612444562854965,9.539310455322266,6.516093464422321e-05,0.028792773615174377,-9.300028614234179e-05,-0.026897120103240014,0.026591151952743523,0.043478682274672775,11.495279312133789,2.5806745732379992e-05,0.008561590833078177,-6.221569492481649e-06,-0.010008135344833136,0.010231922380626203
F:\Seminario\Seminario-Clustering\datasets\davi\Al Emadi (2019)\Multiclass_Drone_Audio\unknown\2-86160-A-272.wav,Multiclass_Drone_Audio\unknown\2-86160-A-272.wav,al_emadi,2-86160-A-272,0.97525,0.10115552425922152,7.137996196746826,0.00038980944948214586,0.016476348201890225,-1.5048717614263296e-06,-0.01789339166134596,0.018644561991095543,0.07751597362299786,6.598903656005859,0.0002207572160548279,0.01442555155196244,0.00029927041032351553,-0.01375429704785347,0.01499599078670144,0.44545956141153736,7.290828704833984,0.0011972697743792657,0.024538023100992547,0.0005925812292844057,-0.01984753981232643,0.021613165736198436,0.1629657752803738,8.29854965209961,1.4274729260162495e-05,0.010528584475989138,2.551096258684993e-07,-0.008571029640734196,0.008092943578958511,0.09120517787001477,8.985291481018066,1.351608095966912e-05,0.005575904204212935,4.824176721740514e-05,-0.004813934303820133,0.005028765928000214,0.12169798755585473,9.728020668029785,3.1960802363453646e-06,0.004556756704589233,2.653611318237381e-06,-0.003718832158483565,0.0036901708226650953
F:\Seminario\Seminario-Clustering\datasets\davi\Al Emadi (2019)\Multiclass_Drone_Audio\unknown\5-197118-A-452.wav,Multiclass_Drone_Audio\unknown\5-197118-A-452.wav,al_emadi,5-197118-A-452,0.97525,0.4467847237356304,7.9367241859436035,-0.013205392517838551,0.09145590139354697,-0.016429049894213676,-0.12393149361014366,0.10331977531313896,0.23449408726104343,7.742269039154053,-0.0030203477888848754,0.06687545258662435,-0.0025684917345643044,-0.08648780733346939,0.07699703425168991,0.21545588555840658,8.57925033569336,-0.0002693401510055799,0.045580482789058234,-0.0004849532851949334,-0.05416147261857986,0.05359781980514526,0.060884752671237365,9.666545867919922,0.00020429960513066865,0.017167271070885608,0.0005139248096384108,-0.021171561628580093,0.020779826678335663,0.02987622760278201,10.434142112731934,-0.00010549540968513597,0.008513181903764759,-3.455372643657029e-05,-0.010008683800697327,0.00970195382833481,0.012504323170900227,11.676103591918945,-2.1775701740084953e-05,0.0038966654241497515,-4.6377470425795764e-05,-0.004748522071167827,0.004721911391243339
F:\Seminario\Seminario-Clustering\datasets\davi\Al Emadi (2019)\Multiclass_Drone_Audio\unknown\white_noise006.wav,Multiclass_Drone_Audio\unknown\white_noise006.wav,al_emadi,white,4.992,0.03171519736422809,10.193359375,0.0072018127368570425,0.3334596605479144,0.007826009299606085,-0.41188705563545225,0.4361302286386493,0.03232091982005367,10.250125885009766,0.004430003114650547,0.3366782864715952,0.006009999196976423,-0.42297675013542174,0.44244432151317603,0.060686751667201264,11.23559284210205,0.0043244461039197634,0.32647645168865547,0.005635252688080072,-0.41514191329479216,0.4219389945268632,0.12286658540496398,12.216117858886719,0.002728853054067709,0.3286438032649329,6.912415847182274e-05,-0.4111679196357727,0.4254027307033539,0.2479499107663144,13.249628067016602,0.00029151841961183556,0.33020017264915336,0.0009853985393419862,-0.42444199323654175,0.42837987244129183,0.5044606349772386,14.240055084228516,-0.0007523241340960729,0.33307074309034596,-0.0009491390082985163,-0.42546466886997225,0.42916498184204094
F:\Seminario\Seminario-Clustering\datasets\davi\Al Emadi (2019)\Multiclass_Drone_Audio\unknown\4-125072-B-191.wav,Multiclass_Drone_Audio\unknown\4-125072-B-191.wav,al_emadi,4-125072-B-191,1.0216875,0.7252200903282859,6.103952884674072,-0.002564389942563139,0.47368962477867665,0.0005260005127638578,-0.3400487124919891,0.4179737508296967,0.18296531012867714,6.6272687911987305,-0.006055640888058294,0.23785319844525069,-0.003346383338794112,-0.22391907572746272,0.21873230934143065,0.07588250029785838,7.764801979064941,-0.0001311630832858709,0.10876793707608301,-3.780181577894837e-05,-0.11375129967927933,0.11389603242278101,0.01389609792476325,8.841060638427734,-7.552629234689926e-05,0.03298461898099826,0.00013143103569746017,-0.03476066514849663,0.032989252358675,0.0018473923749372978,10.002771377563477,3.0173841550888895e-05,0.008513438341720324,4.7340523451566696e-05,-0.00936390794813633,0.00891369599848986,0.00018860894547802543,10.80632209777832,-6.226989330888042e-07,0.0019244497126603506,3.321561962366104e-06,-0.0019360564881935715,0.0019343431806191802
F:\Seminario\Seminario-Clustering\datasets\davi\Al Emadi (2019)\Multiclass_Drone_Audio\unknown\1-118559-A-173.wav,Multiclass_Drone_Audio\unknown\1-118559-A-173.wav,al_emadi,1-118559-A-173,1.0216875,0.0013675500533317385,7.6260085105896,-7.768686361043842e-06,0.0008390785861482386,-1.8189561160397716e-05,-0.0009148964076302945,0.0009157764958217737,0.013866558244839632,5.238725662231445,9.871308755986485e-05,0.002670160888278043,2.8257694793865085e-05,-0.0014415414305403826,0.0018381471512839197,0.20104083680095616,7.134127140045166,-0.00022300972073644162,0.007218545766466429,8.539893315173686e-05,-0.005841911444440484,0.00557008539326489,0.1846607094111385,8.42446231842041,0.0003848360092766524,0.004889865873438446,8.3646533312276e-05,-0.0036918185651302338,0.004851427394896746,0.5168277726297714,9.302397727966309,4.817284563265989e-05,0.005808586261589892,2.7930662326980382e-05,-0.0047345846891403195,0.004886998329311611,0.08223657285996254,10.482723236083984,-4.517983734399328e-06,0.001639232845113184,7.895228918641806e-06,-0.0015124347177334129,0.0015074242954142393
F:\Seminario\Seminario-Clustering\datasets\davi\Al Emadi (2019)\Multiclass_Drone_Audio\unknown\5-240671-A-444.wav,Multiclass_Drone_Audio\unknown\5-240671-A-444.wav,al_emadi,5-240671-A-444,0.95975,0.9881163917786426,8.045845031738281,-0.004170637457539923,1.9269322291412385,-0.06285005249083042,-2.6595598220825196,2.537729668617249,0.008003291712473644,7.859894275665283,-0.001301853704747179,0.1734145358964411,-0.004629078786820173,-0.2196905329823494,0.23557812720537188,0.0021530273274209416,8.61866283416748,-0.0002815696003862218,0.06386401022312052,0.0006831362843513489,-0.07550323754549026,0.07701308801770212,0.0010364560423992966,9.46577262878418,0.0009365295704341091,0.03139169133984869,0.0016427654772996902,-0.03540034070611,0.037675885856151586,0.0005172337964993349,10.350067138671875,-7.297714804456617e-05,0.01570593892455254,-8.23531299829483e-05,-0.0183491088449955,0.018169548735022543,0.00017359934256417787,11.294806480407715,8.727740448196878e-06,0.006437389694938979,1.7481623217463493e-05,-0.007206594757735729,0.007335202163085344
F:\Seminario\Seminario-Clustering\datasets\davi\Al Emadi (2019)\Multiclass_Drone_Audio\unknown\5-160614-A-480.wav,Multiclass_Drone_Audio\unknown\5-160614-A-480.wav,al_emadi,5-160614-A-480,1.0216875,0.3130040359895396,7.803295135498047,4.718036254910978e-06,0.04363301168021468,-0.001867532730102539,-0.05343144536018372,0.05536897107958793,0.027937575856318966,7.920570373535156,0.0003131246207421466,0.013031946025933354,0.00022735772654414177,-0.01627606712281704,0.01674349866807461,0.011025251933283298,8.576742172241211,-0.00023598000795917542,0.005808198118344055,-0.0004525045369518921,-0.006799358688294887,0.006549151055514813,0.007025269065718536,7.528545379638672,-6.955933659193574e-05,0.0032875727573603887,-5.2413226512726396e-05,-0.003102920250967145,0.002990933833643794,0.5620019925347886,9.980830192565918,1.1259808686932758e-05,0.020819576785087262,-8.509094186592847e-06,-0.025553816184401508,0.025120236724615098,0.07900587462035107,10.94018840789795,7.236161480254307e-06,0.005522422965005839,-2.884043396989e-06,-0.0066296623554080725,0.006537882983684541
F:\Seminario\Seminario-Clustering\datasets\davi\Al Emadi (2019)\Multiclass_Drone_Audio\bebop_1\B_S2_D1_096-bebop_004_.wav,Multiclass_Drone_Audio\bebop_1\B_S2_D1_096-bebop_004_.wav,al_emadi,B_S2_D1_096-bebop_004,1.024,0.8248055119231745,7.4141693115234375,-0.000677935765662159,0.9725721749238104,0.022348258644342422,-1.1101427912712096,1.0864912509918216,0.10353414418024183,6.782166481018066,0.0020185550276297505,0.34457243598413245,0.006535881664603949,-0.34774973988533014,0.3414329290390016,0.02262674823760143,7.667227268218994,-7.841472299417568e-05,0.11434547182245379,0.0024075268302112818,-0.10066809952259063,0.09601802602410313,0.010039434628738379,9.858377456665039,-0.0010885008886952741,0.053964506143533285,0.0004187203012406826,-0.06761746108531952,0.06644307971000675,0.020734607683872645,10.926461219787598,0.0003681079163145672,0.0549019982833191,-2.1680723875761032e-05,-0.06934727281332015,0.07042624801397324,0.01825955334637117,11.914414405822754,-0.00012298479755081947,0.0364493232235059,-0.0001217316894326359,-0.04692820645868778,0.045678937807679176
F:\Seminario\Seminario-Clustering\datasets\davi\Al Emadi (2019)\Multiclass_Drone_Audio\unknown\2-104476-A-370.wav,Multiclass_Drone_Audio\unknown\2-104476-A-370.wav,al_emadi,2-104476-A-370,1.0216875,0.0011040719396034496,2.2084829807281494,0.0011754470549903684,0.018726861371014033,2.6515226636547595e-07,-0.0003156487131491303,0.0002811805985402315,3.674687138541681e-05,2.87263822555542,-5.5287441126536484e-05,0.003422738055915726,-8.815119372229674e-07,-0.0011630414985120297,0.001145092351362109,0.0002366121762554845,7.813076496124268,-3.127491746836225e-05,0.006165924007666766,-3.4323675208725035e-06,-0.007784208608791232,0.008243555948138238,0.004180527630546522,9.352245330810547,-2.290288939384118e-05,0.018366913922452502,3.129297692794353e-05,-0.022147968411445618,0.023936137557029724,0.06282993632272896,10.389434814453125,-6.184804426522793e-06,0.05040414455106087,-0.0002890907635446638,-0.05947282090783119,0.07242649495601657,0.9316121050594802,11.38955020904541,3.724737571597402e-05,0.1373086244815064,-5.2554169087670743e-05,-0.19732655137777327,0.19136546403169635
F:\Seminario\Seminario-Clustering\datasets\davi\Al Emadi (2019)\Multiclass_Drone_Audio\unknown\3-138114-A-224.wav,Multiclass_Drone_Audio\unknown\3-138114-A-224.wav,al_emadi,3-138114-A-224,0.95975,0.0061335087168848355,4.617732048034668,-0.0061266105293442275,0.055913812558715525,-0.0006945329078007489,-0.033204713463783266,0.029045733436942105,0.026260201033702777,7.136157512664795,0.0014720434077777308,0.11637788575599872,-0.0020639494759961963,-0.11876511126756667,0.12793091833591466,0.16589936173459113,7.196953773498535,0.0006788012742166877,0.20770571443203045,0.001829461194574833,-0.19289695769548415,0.18446218222379698,0.4621318242413259,8.202706336975098,0.0037248365854826086,0.24567347457246813,0.006973824929445982,-0.2168355345726013,0.23030526041984567,0.299030940488347,9.591617584228516,0.0010080029855143783,0.13991513949019557,0.0008475319482386112,-0.13675934374332427,0.13413879573345178,0.040544163785148433,10.032556533813477,-0.00019029597145340157,0.036449132566920686,8.571171201765537e-05,-0.03210973478853703,0.032255887240171456
F:\Seminario\Seminario-Clustering\datasets\davi\Al Emadi (2019)\Multiclass_Drone_Audio\unknown\2-106486-A-440.wav,Multiclass_Drone_Audio\unknown\2-106486-A-440.wav,al_emadi,2-106486-A-440,1.0216875,0.6519480566159389,7.963123798370361,0.0004868999934218723,0.0981539717265247,0.002248460426926613,-0.1268022507429123,0.12833204567432405,0.08625487353059927,7.993675708770752,0.0007169209555265187,0.03569529432915076,-0.0004058654885739088,-0.04656527191400528,0.04704754650592803,0.05199200194603654,8.840519905090332,3.069006224463522e-05,0.01967612276113536,0.000401157361920923,-0.02469617035239935,0.0234585838392377,0.11103470075311968,9.76908016204834,-0.0005344075969710872,0.02036983543391738,-0.000494221574626863,-0.025500167161226273,0.023832686245441437,0.06787745289338538,10.809375762939453,-3.701832922204083e-06,0.01127800409097134,0.00010346525232307613,-0.013783915154635906,0.014216863177716737,0.030892914260920185,11.822546005249023,-1.3810824612437734e-05,0.005382633878567602,4.9724854761734605e-05,-0.006860137544572353,0.006607475643977524
F:\Seminario\Seminario-Clustering\datasets\davi\Al Emadi (2019)\Multiclass_Drone_Audio\unknown\2-69131-A-54.wav,Multiclass_Drone_Audio\unknown\2-69131-A-54.wav,al_emadi,2-69131-A-54,0.95975,0.0420271289946048,2.4146690368652344,0.0016825977823850362,0.017292629523513247,-5.403738578024786e-05,-0.0015446421573869881,0.002124896785244346,0.030057458027658655,3.7732996940612793,-0.00017645094029752667,0.014692211157941311,-3.6408948744792724e-06,-0.002417159383185208,0.002247618208639325,0.4772395235310487,5.288699150085449,-0.0007280760012099751,0.04156388688674238,1.8511278540245257e-05,-0.001592231576796621,0.0015541879110969603,0.4187694035447964,6.0145721435546875,-5.61228188498042e-05,0.02759929513626727,-5.098370820633136e-06,-0.001175212813541293,0.001196905598044396,0.03128626818375424,6.040416240692139,-3.815421490697342e-06,0.005340487225675512,-3.2634306990075856e-07,-0.0003732615616172552,0.0003629118436947462,0.0006202177181371875,6.803126811981201,3.7563288662333194e-07,0.0005319699181829381,2.5560615313224844e-07,-6.971631009946577e-05,6.760688775102611e-05
F:\Seminario\Seminario-Clustering\datasets\davi\Al Emadi (2019)\Multiclass_Drone_Audio\unknown\3-108677-A-181.wav,Multiclass_Drone_Audio\unknown\3-108677-A-181.wav,al_emadi,3-108677-A-181,1.0216875,0.12090974713671161,6.75480318069458,2.7796246103766537e-06,0.02946136099776655,-0.0006250832229852676,-0.028278979286551473,0.02523028664290905,0.4876058140496072,4.577813625335693,-0.00036438373708015225,0.05916274571687954,-4.783676195074804e-05,-0.030993002653121937,0.034973926097154606,0.11395445209034646,6.877610683441162,-0.00016986613600591545,0.020301944432681223,1.9420967873884365e-05,-0.01526797730475664,0.01544666979461909,0.11834557126848298,8.644266128540039,-4.312762108944557e-05,0.014662131952361577,-1.3966680853627622e-05,-0.016105961054563522,0.015402664430439472,0.1015699289938619,9.27468490600586,0.000201983150275815,0.009613281496513627,1.0057578037958592e-05,-0.008131807669997212,0.009218363277614121,0.057614486460989836,10.029731750488281,-2.8134544054682262e-05,0.005123203011647511,1.3779717846773565e-06,-0.004216284584254026,0.004058127151802183
F:\Seminario\Seminario-Clustering\datasets\davi\Al Emadi (2019)\Multiclass_Drone_Audio\unknown\2-108766-A-90.wav,Multiclass_Drone_Audio\unknown\2-108766-A-90.wav,al_emadi,2-108766-A-90,1.0216875,0.01593340297877159,7.7972412109375,-0.013452954913490866,0.12295378581998617,-0.015505393967032433,-0.1579952985048294,0.1380755841732025,0.00634458990039486,7.78184175491333,0.002304418677906461,0.07801609289618032,0.005292304325848818,-0.09639914631843567,0.09709388762712479,0.1569410627617377,7.940123081207275,-0.023025000787812548,0.27458934848663274,-0.008120881393551826,-0.3300079584121704,0.21857816129922872,0.7403685453146529,8.931295394897461,0.0015069461951781743,0.4241249912332029,0.0004388000816106796,-0.4634273052215576,0.4802473783493042,0.07626849709479688,10.068962097167969,0.0001392024499920249,0.09636220428781242,0.0005203047767281532,-0.1191640481352806,0.11494569480419164,0.0041439019496460755,10.717742919921875,-1.9547170207919978e-05,0.01589045514319916,-1.060875365510583e-05,-0.015178896393626929,0.015195363480597735
F:\Seminario\Seminario-Clustering\datasets\davi\Al Emadi (2019)\Multiclass_Drone_Audio\unknown\3-164216-A-61.wav,Multiclass_Drone_Audio\unknown\3-164216-A-61.wav,al_emadi,3-164216-A-61,1.0216875,0.008317447662486216,7.750332832336426,0.008064052139936063,0.012654079462287153,0.004735820461064577,-0.006045803427696228,0.027243779599666593,0.008828971747194953,6.556957244873047,0.0005281530648027423,0.015450655942503815,0.00011013356561306864,-0.014349078200757502,0.012537215091288089,0.3887922231678826,6.567774772644043,6.443881168450795e-05,0.07282309315618307,6.990736073930748e-05,-0.045212696120142934,0.03999061435461046,0.5625325854509704,7.473078727722168,-4.850789509776164e-05,0.062075468593235206,1.5972123946994543e-05,-0.03838108479976654,0.038302693516016006,0.02983716675364959,8.472646713256836,4.234824265717582e-06,0.01012015085416069,7.454784281435423e-06,-0.005953290034085512,0.005651008151471619,0.0016916052178162296,9.42181396484375,1.3031448200225917e-06,0.0017047273323088556,4.007128154626116e-06,-0.0009664421435445547,0.0009751079487614334
F:\Seminario\Seminario-Clustering\datasets\davi\Al Emadi (2019)\Multiclass_Drone_Audio\unknown\2-61311-A-124.wav,Multiclass_Drone_Audio\unknown\2-61311-A-124.wav,al_emadi,2-61311-A-124,0.95975,0.9198010110496153,7.901134014129639,-0.0013427548703296706,0.08063741198364462,0.0010187823791056871,-0.10701262354850768,0.09836343228816988,0.04828697961832989,7.892271995544434,2.7333728063300055e-05,0.01847840001384086,0.000846680486574769,-0.024256577901542186,0.024011526629328733,0.0119214031951464,8.780731201171875,-7.501886526475303e-05,0.0065186401551469144,7.088229176588356e-05,-0.008275069016963243,0.007870711199939252,0.0027999443099607363,9.018104553222656,2.4598438545599237e-06,0.0022392022741696163,-1.4551544154528528e-05,-0.0024860025383532046,0.002420096192508936,0.011256079812754316,7.324311256408691,-2.2653569007225287e-05,0.003178294387775195,-2.6510911993682384e-05,-0.0018807779531925914,0.0016828170511871577,0.00593458201419339,7.9533586502075195,1.419356351517476e-06,0.0016327417815423261,-1.964741386473179e-06,-0.0008095542434602976,0.0008169759414158777
F:\Seminario\Seminario-Clustering\datasets\davi\Al Emadi (2019)\Multiclass_Drone_Audio\unknown\4-165813-B-190.wav,Multiclass_Drone_Audio\unknown\4-165813-B-190.wav,al_emadi,4-165813-B-190,1.0216875,0.7615557510046763,6.723651885986328,-0.03689372403876226,1.1667520239811078,-0.0017269931267946959,-1.1242738246917725,1.0738089799880974,0.19450749258719005,7.205273628234863,0.005126189329905475,0.5899245793928166,0.003567355452105403,-0.6536558628082275,0.6695941567420959,0.03734340767561289,8.370018005371094,0.0014463301182349295,0.18348613212176956,-0.003371829050593078,-0.21498432904481887,0.22154402285814284,0.006154213757246584,9.394749641418457,-0.00011274595664592069,0.05278747002244728,-0.000988781452178955,-0.05919540673494339,0.0622265599668026,0.0004317477566227767,10.243085861206055,-4.1959651880900995e-07,0.009897432644780442,4.6507688239216805e-05,-0.011029008217155934,0.011280773207545287,7.387218651450321e-06,10.121264457702637,-1.2662397575711219e-06,0.0009158933334516608,9.057112038135529e-08,-0.0009228123992215842,0.0008941700449213388
F:\Seminario\Seminario-Clustering\datasets\davi\Al Emadi (2019)\Multiclass_Drone_Audio\unknown\1-13571-A-464.wav,Multiclass_Drone_Audio\unknown\1-13571-A-464.wav,al_emadi,1-13571-A-464,0.95975,0.03825059749254511,6.790474891662598,0.037463683973745915,0.2529059759744224,0.030303508043289185,-0.22486599832773208,0.2878674238920212,0.17980531312444706,7.86899471282959,-0.004181204399487126,0.5542967100460157,0.00012945267371833324,-0.6829683423042298,0.7171960532665254,0.5376506445673364,7.784041881561279,0.0010543592229210349,0.680573739746414,-0.0020172116928733885,-0.6223962008953094,0.6476515412330629,0.19807584081790372,8.608510971069336,-0.0006023920520552403,0.29277722696810904,-0.002287506125867367,-0.2438955664634704,0.2547302365303042,0.043850047770599226,9.495308876037598,-0.0004674056099562134,0.09752033242005345,-0.0012666652910411358,-0.08081806302070617,0.08019494414329524,0.002367556227168553,10.241841316223145,1.2219485250351123e-06,0.016031578934157065,3.749830648303032e-05,-0.012439776677638292,0.01204411257058382
F:\Seminario\Seminario-Clustering\datasets\davi\Al Emadi (2019)\Multiclass_Drone_Audio\membo_1\mixed_membo_60-membo_000_.wav,Multiclass_Drone_Audio\membo_1\mixed_membo_60-membo_000_.wav,al_emadi,mixed_membo_60-membo_000,1.024,0.06564303852246478,7.729628562927246,-0.001101955172802823,0.14083496577090343,-0.002808889839798212,-0.16987404376268386,0.17389757335186007,0.09769689886679722,7.993902206420898,0.005818275917016973,0.17171992456240306,0.016687949188053608,-0.21578452736139295,0.21668048799037942,0.7399322415181877,8.950788497924805,0.0004938699505512978,0.335650098524605,0.0047844331711530685,-0.4455265313386917,0.44055832624435415,0.08260100985186844,9.978599548339844,3.865904655135316e-05,0.07947267485883283,-0.0016233745263889432,-0.10207042694091797,0.10350111275911332,0.009333635708879682,10.899768829345703,0.00016447032836302983,0.01890785630399724,2.9872870072722435e-05,-0.024278153479099274,0.024326003901660443,0.004793175531802218,11.870616912841797,1.6973923453142654e-05,0.009586081762830614,-8.820738003123552e-05,-0.012095075100660324,0.01208092924207449
F:\Seminario\Seminario-Clustering\datasets\davi\Al Emadi (2019)\Multiclass_Drone_Audio\unknown\2-78651-A-440.wav,Multiclass_Drone_Audio\unknown\2-78651-A-440.wav,al_emadi,2-78651-A-440,1.0216875,0.513203877577355,6.36889123916626,-0.002696115833905441,0.29538224364185156,-0.00422879820689559,-0.23446300625801084,0.2359154850244522,0.07023123542498785,5.909151077270508,0.000879806428268437,0.10927192329713523,-0.003143219742923975,-0.09787514954805374,0.09019684642553329,0.04103925713125935,6.185533046722412,0.00025581278060042995,0.05929502881730067,0.001303692872170359,-0.034736899286508555,0.03479343727231026,0.2288967225094926,7.149325370788574,-0.00028330687167303913,0.09923762290344404,-0.00038732599932700396,-0.053528569638729095,0.05111200734972954,0.08793582920295852,7.154280185699463,-0.0003147190437343029,0.04354034810978122,-3.316428046673536e-05,-0.021852106228470797,0.021153874322772027,0.05869307815394671,7.687769889831543,0.00018773962135937346,0.025165119348123256,-2.7913192752748728e-05,-0.008445392083376645,0.008659755159169436
F:\Seminario\Seminario-Clustering\datasets\davi\Al Emadi (2019)\Multiclass_Drone_Audio\membo_1\Membo_1_048-membo_000_.wav,Multiclass_Drone_Audio\membo_1\Membo_1_048-membo_000_.wav,al_emadi,Membo_1_048-membo_000,1.024,0.776939508782829,7.242469310760498,-0.002729342345488616,0.25828882231519573,0.0025255419313907623,-0.2830664932727813,0.26519155204296113,0.0045826854003181245,7.861370086669922,0.0003276097632456535,0.01983522105096363,0.00047796423314139247,-0.024915172718465328,0.026190033555030825,0.021019240438820506,9.002233505249023,0.00010695031901271906,0.03015809243206719,0.0008181978482753038,-0.038425661996006964,0.039380960166454315,0.04176335413619708,9.730768203735352,0.00040932464597598307,0.030122403227251432,0.0013496284373104572,-0.03687958344817162,0.036889384686946886,0.06778601604041065,10.596091270446777,-0.00021976558145349968,0.0271641405158469,-0.0007031015120446682,-0.03245825879275799,0.03193796873092652,0.08790919520142465,11.532829284667969,-1.1921840772120689e-05,0.02188537738858493,0.00016223540296778083,-0.02546783909201622,0.025061930529773235
F:\Seminario\Seminario-Clustering\datasets\davi\Al Emadi (2019)\Multiclass_Drone_Audio\bebop_1\B_S2_D1_102-bebop_002_.wav,Multiclass_Drone_Audio\bebop_1\B_S2_D1_102-bebop_002_.wav,al_emadi,B_S2_D1_102-bebop_002,1.024,0.8015470640622726,7.077664375305176,-0.010891463445463719,0.6804709622110212,-0.009130452293902636,-0.7950578153133392,0.6671257376670844,0.02707076773993728,7.747742652893066,-0.00031990213252496545,0.12506897345229037,-0.0015240118955262005,-0.15177258849143982,0.15405975580215459,0.016044095700064803,8.964054107666016,-9.504813983379466e-05,0.06834704502449905,0.002182460972107947,-0.09141892567276955,0.08554921969771384,0.041319076459274635,9.970003128051758,0.002351070298312499,0.07769141241218167,0.0034384471364319324,-0.10021864175796509,0.10033511817455291,0.06548837781020422,10.937371253967285,-0.0005996915814915181,0.06925806963242517,-0.00011195149272680283,-0.09016665816307068,0.08934445455670358,0.04853061822824645,11.907977104187012,-0.0001242232729778616,0.04218008227457427,-8.819939102977514e-05,-0.05464688315987587,0.0532079990953207
F:\Seminario\Seminario-Clustering\datasets\davi\Al Emadi (2019)\Multiclass_Drone_Audio\unknown\2-91912-B-331.wav,Multiclass_Drone_Audio\unknown\2-91912-B-331.wav,al_emadi,2-91912-B-331,1.0216875,0.6802785873606793,8.119976043701172,-0.0007452297336271621,0.026050412548042832,-0.0020818174816668034,-0.0336026094853878,0.033416956663131714,0.07965389401726843,6.64374303817749,0.0006074881932577288,0.008896973641845921,0.0005684433272108436,-0.007864580303430556,0.00946732703596353,0.06526399919547288,7.723472595214844,0.0001592879571370697,0.0057277346831037515,4.5821594540029764e-05,-0.005212264787405729,0.005397915467619897,0.07691238069501269,7.631134033203125,3.361361871694658e-05,0.004407935240623443,-4.41106385551393e-06,-0.002945043845102191,0.003085792064666748,0.07173826992129562,6.875471591949463,7.612904486145265e-06,0.003013600871816649,-8.903247362468392e-06,-0.0013900685124099252,0.0012929028598591687,0.026152868810271145,6.926050186157227,6.92726165277849e-07,0.0012872668217861689,3.3642500056885183e-06,-0.000495284132193774,0.0004980177385732532
F:\Seminario\Seminario-Clustering\datasets\davi\Al Emadi (2019)\Multiclass_Drone_Audio\unknown\4-164064-B-14.wav,Multiclass_Drone_Audio\unknown\4-164064-B-14.wav,al_emadi,4-164064-B-14,0.95975,0.0,-0.0,0.0,0.0,0.0,0.0,0.0,0.0,-0.0,0.0,0.0,0.0,0.0,0.0,0.0,-0.0,0.0,0.0,0.0,0.0,0.0,0.0,-0.0,0.0,0.0,0.0,0.0,0.0,0.0,-0.0,0.0,0.0,0.0,0.0,0.0,0.0,-0.0,0.0,0.0,0.0,0.0,0.0
F:\Seminario\Seminario-Clustering\datasets\davi\Al Emadi (2019)\Multiclass_Drone_Audio\unknown\2-60791-A-261.wav,Multiclass_Drone_Audio\unknown\2-60791-A-261.wav,al_emadi,2-60791-A-261,1.0216875,0.02825435314043058,7.407432556152344,3.8803032436094075e-05,0.08985525470826893,0.0009062581229954958,-0.09414351135492324,0.0959352970123291,0.13066135084710526,7.870942115783691,-0.02323142349471469,0.19182833594341472,-0.02084328420460224,-0.2646577417850494,0.2224833548069,0.6875825791833836,8.480321884155273,0.0016413830890935094,0.3146461550519916,0.011559657752513885,-0.3616086959838867,0.3803438097238541,0.12841486220134232,9.417314529418945,0.0015607158626363441,0.09635014194104242,0.000515838386490941,-0.10365772247314453,0.11518167704343796,0.021032999119973632,10.136394500732422,0.0002111748379366263,0.027605875974892856,0.0007536844350397587,-0.030585737526416776,0.02860073931515218,0.004053855507764604,11.32650375366211,-1.2582518199682095e-07,0.008574229568130993,1.3372744433581829e-05,-0.009579943493008614,0.009547164663672449
F:\Seminario\Seminario-Clustering\datasets\davi\Al Emadi (2019)\Multiclass_Drone_Audio\membo_1\Membo_2_017-membo_003_.wav,Multiclass_Drone_Audio\membo_1\Membo_2_017-membo_003_.wav,al_emadi,Membo_2_017-membo_003,1.024,0.5236757640053278,8.355974197387695,-0.00032833118692416556,0.10537983661015461,-0.001098615350201726,-0.14255579560995102,0.14032520502805712,0.007879586209999755,8.095573425292969,-5.2188526695737475e-05,0.012926369053223224,-0.0007110078586265445,-0.016185207851231096,0.017516009695827964,0.047072869811605876,9.062941551208496,0.0001868199563947102,0.02242644746424277,-0.0004881838394794613,-0.02808338366448879,0.030835845321416852,0.04322971607975266,9.974273681640625,3.0671776839704174e-06,0.015230540389939269,4.7456560423597693e-05,-0.019291126728057863,0.01931416653096676,0.11834524566695663,10.936837196350098,-0.00021673795062740562,0.01783510120118809,1.8533944967202842e-05,-0.023118015564978122,0.022608551010489465,0.25979681822635725,11.900289535522461,-2.5916752335077128e-06,0.01869588380218858,-5.1572773372754455e-05,-0.023710439912974834,0.0238986574113369
F:\Seminario\Seminario-Clustering\datasets\davi\Al Emadi (2019)\Multiclass_Drone_Audio\unknown\2-209477-A-254.wav,Multiclass_Drone_Audio\unknown\2-209477-A-254.wav,al_emadi,2-209477-A-254,0.95975,0.2462008982889873,6.465667724609375,-0.04837513964105069,0.12356154452683399,-0.04892799071967602,-0.12110704481601715,0.02200987711548808,0.33480725034394204,4.514970302581787,-0.008102290376569487,0.1545278105926853,-0.0008861378883011639,-0.0771974764764309,0.06844222173094751,0.19254574571074218,6.502628326416016,0.0023511863065578827,0.08328591602139829,0.0002303190849488601,-0.050607423484325405,0.05896866619586946,0.12294385987920903,7.047060012817383,-0.0001445444926046243,0.04718737810999519,0.00012490147491917014,-0.02729586251080036,0.025800565257668526,0.047995320274950855,6.9988203048706055,3.119631495395032e-05,0.020872097572036903,-2.802944800350815e-05,-0.009850305691361427,0.010214390233159064,0.0555069255021686,5.8669891357421875,-0.00011669778703258324,0.015879616896196352,2.0149345800746232e-06,-0.005282722553238273,0.0055238511413335896
F:\Seminario\Seminario-Clustering\datasets\davi\Al Emadi (2019)\Multiclass_Drone_Audio\unknown\4-167155-A-323.wav,Multiclass_Drone_Audio\unknown\4-167155-A-323.wav,al_emadi,4-167155-A-323,1.0216875,0.1745656982023176,7.611836910247803,-0.000542324014223492,0.021880489970803635,-0.0005615424015559256,-0.025974870100617407,0.02410490661859512,0.025414512712585637,6.545687198638916,1.9531758635139778e-05,0.008351233781403676,0.00013094296446070075,-0.007799124717712402,0.007782819867134093,0.037088584644892494,7.382142066955566,0.0002907400827310093,0.0071554664924526785,0.00019481248455122113,-0.00556647484190762,0.006646987004205585,0.12700748750524654,6.571791648864746,-0.00036381733863925575,0.009384266462624618,-1.8127058865502477e-05,-0.004423803649842739,0.0045640962198376656,0.49409919577475175,6.719908714294434,8.753857443842205e-06,0.013112355992600752,8.42172812554054e-06,-0.004569448996335267,0.004432200454175474,0.141824521160206,7.928134918212891,1.935280699121714e-07,0.004969889342735802,-1.0955900506814942e-06,-0.0016095414757728577,0.0016206550295464696
F:\Seminario\Seminario-Clustering\datasets\davi\Al Emadi (2019)\Multiclass_Drone_Audio\unknown\5-254832-A-153.wav,Multiclass_Drone_Audio\unknown\5-254832-A-153.wav,al_emadi,5-254832-A-153,1.0216875,0.18560742903891117,7.350755214691162,-0.00024846618575504256,0.00976548089846639,-0.001179515034891665,-0.011044448614120484,0.011765934899449345,0.008075009630326438,7.3389716148376465,-8.796922698953891e-05,0.0020356489062118128,-6.222433876246214e-05,-0.002378684002906084,0.002256204094737768,0.004947582552252423,7.344446659088135,-1.2924528224193107e-05,0.0011320608482068418,-5.457208681036718e-05,-0.0009431436483282596,0.0009783737128600477,0.5891002636022368,6.875876426696777,-4.010127608509932e-06,0.008754511459907922,-5.037964001530781e-07,-0.00240105832926929,0.002654692158102989,0.1722474196409935,7.560529708862305,-8.509293059953008e-06,0.0033509987352782367,1.5045770851429552e-07,-0.0011413847096264362,0.000966220512054861,0.04002229553527971,8.162440299987793,2.3296029545441763e-06,0.0011427381214502057,-7.728190212219488e-07,-0.0004278313717804849,0.00042471521592233333
F:\Seminario\Seminario-Clustering\datasets\davi\Al Emadi (2019)\Multiclass_Drone_Audio\unknown\3-102583-A-493.wav,Multiclass_Drone_Audio\unknown\3-102583-A-493.wav,al_emadi,3-102583-A-493,1.0216875,0.18031999234790802,6.775148391723633,0.00046946279630437316,0.07880072488180133,0.0008020679233595729,-0.07262283265590667,0.06898105591535568,0.14321591018046884,6.008840560913086,-0.0005768014469452252,0.07022584584926157,-0.0007013462018221617,-0.04605969041585922,0.0438996352255344,0.37680462216823685,6.39310884475708,0.0013890373155059862,0.08084908149603691,0.0010713210795074701,-0.03365276604890823,0.041191645711660396,0.20795121576590003,7.847764015197754,-6.40044339474673e-05,0.04256935741119802,-6.628721894230694e-05,-0.026168890297412872,0.024752970784902573,0.07569266804655951,8.874425888061523,0.0003052298081504236,0.018177933354631248,8.619390428066254e-05,-0.010520436242222785,0.011598945781588557,0.0160155914909268,9.966289520263672,5.845075162935332e-06,0.005916261897194057,-7.055441983538913e-06,-0.003943722462281585,0.004147224454209208
F:\Seminario\Seminario-Clustering\datasets\davi\Al Emadi (2019)\Multiclass_Drone_Audio\unknown\2-70366-A-331.wav,Multiclass_Drone_Audio\unknown\2-70366-A-331.wav,al_emadi,2-70366-A-331,1.0216875,0.29077173900023834,4.939836502075195,-0.009128709630258374,0.11972017755401207,0.0,-0.08837886899709702,0.0732154920697212,0.10588820472560154,6.450912952423096,0.00019900492131629723,0.07245565403570643,0.0,-0.06997979879379272,0.06050946861505508,0.3044469714917015,6.889089107513428,0.00024946492670710176,0.08721059306406138,0.0,-0.05705736055970191,0.06141241192817699,0.18857697874495766,8.053549766540527,0.0010360491721836443,0.04862916172105467,0.0,-0.029485194012522697,0.0342697910964489,0.07972306653059147,8.76390266418457,0.0004287125162139646,0.022383361648724842,0.0,-0.010977396741509436,0.012219643406569967,0.030593039506909503,9.745235443115234,-1.1261683256292091e-05,0.009811180919244556,0.0,-0.005421191174536943,0.004885471146553757
F:\Seminario\Seminario-Clustering\datasets\davi\Al Emadi (2019)\Multiclass_Drone_Audio\unknown\4-172377-A-171.wav,Multiclass_Drone_Audio\unknown\4-172377-A-171.wav,al_emadi,4-172377-A-171,1.0216875,0.056897721024914395,7.509916305541992,3.760441080559411e-05,0.0028478404630791487,3.756895239348523e-05,-0.003338175592944026,0.0031692728865891674,0.03699914914402633,6.649181842803955,0.00030392869994820993,0.002276488878912049,0.00015869090566411614,-0.0019073707982897752,0.002438698150217533,0.199793731942384,7.52195405960083,2.7019964331928844e-05,0.0037883580898853382,-4.00920271204086e-05,-0.0033568572020158164,0.0033297744812443852,0.27013387788098864,8.255071640014648,-3.6148063360293446e-05,0.00312152862663719,-1.023478398565203e-05,-0.002741882111877203,0.002589084906503558,0.3093195789491889,9.17624568939209,1.5577053229775066e-05,0.0023646297942121783,4.962911930306291e-07,-0.002053281851112842,0.001972025632858277,0.1268559410584977,10.539186477661133,4.351463392212163e-06,0.0010713170986422175,9.08258289200603e-06,-0.0009737350686918944,0.0009752553305588667
F:\Seminario\Seminario-Clustering\datasets\davi\Al Emadi (2019)\Multiclass_Drone_Audio\unknown\5-223317-A-312.wav,Multiclass_Drone_Audio\unknown\5-223317-A-312.wav,al_emadi,5-223317-A-312,0.97525,0.9654092130626519,8.661123275756836,-0.2203993086492823,0.07900958969637169,-0.22334225475788116,-0.31777244806289673,-0.1132868118584156,0.0008606522928639815,5.516153812408447,0.00011094724381579116,0.0069898283254641105,-3.986107185482979e-05,-0.004809060832485557,0.004856698913499713,0.0005279360649214643,5.014691352844238,-3.713120370397452e-05,0.0038890389568076644,-5.0211790949106216e-05,-0.002434594230726361,0.002101015392690897,0.0005059557435845468,6.105576515197754,0.00010721491447833497,0.002695596325959083,3.531854599714279e-05,-0.0013325577951036392,0.001423455192707479,0.010299784795235047,4.937032699584961,8.351923261407027e-06,0.008616687376234894,1.3964949175715446e-05,-0.00136403595097363,0.001417456800118089,0.022396458040743,5.805722236633301,2.2154656689049847e-05,0.008989224905825932,1.5368132153525949e-06,-0.0008375592296943069,0.0008214974659495056
F:\Seminario\Seminario-Clustering\datasets\davi\Al Emadi (2019)\Multiclass_Drone_Audio\unknown\2-50668-B-411.wav,Multiclass_Drone_Audio\unknown\2-50668-B-411.wav,al_emadi,2-50668-B-411,1.0216875,0.38727309476732175,7.489760875701904,0.012611745493325022,0.4464725684820695,0.008440119214355946,-0.48720395565032953,0.5206667661666868,0.24272609953403496,7.198696136474609,0.0006806923763787011,0.35360366116648706,-0.00523782055824995,-0.345168524980545,0.3723720669746398,0.06287654805156281,8.139711380004883,0.0016917663326857667,0.12774110353656723,0.004096441902220249,-0.13059138506650922,0.13391953855752947,0.05566059228913046,9.585235595703125,0.0007899027778201716,0.08517564169960452,0.001978422049432993,-0.09836763143539429,0.10048239678144455,0.14278022976975763,10.613408088684082,-0.0006779242840522674,0.09657071943631215,-0.0026150329504162073,-0.11717899292707443,0.11486836820840837,0.10868343558819242,11.733186721801758,-9.286690274464225e-05,0.05960745771116167,-0.0004542528768070042,-0.07314953804016112,0.07299670577049257
F:\Seminario\Seminario-Clustering\datasets\davi\Al Emadi (2019)\Multiclass_Drone_Audio\unknown\2-209477-A-250.wav,Multiclass_Drone_Audio\unknown\2-209477-A-250.wav,al_emadi,2-209477-A-250,1.0216875,0.413344585100708,7.020126819610596,-0.04895500111581375,0.09298115134668775,-0.04662543907761574,-0.14135009050369263,0.028515029698610275,0.24814941806767188,6.1495232582092285,0.0019790822263954654,0.08139499793676402,-0.00026867189444601536,-0.05965992137789726,0.07147655636072157,0.19286490378789017,6.552641868591309,-0.0017945713157883113,0.050920372301214725,-0.00032803141220938414,-0.03824776038527489,0.033456989750266085,0.09275276292707434,7.1034135818481445,-0.00027263359564883466,0.025038480034011126,-1.2087635695934296e-05,-0.017964502796530724,0.016769738867878914,0.03228763403075259,8.97821044921875,-0.0001302582304056518,0.010457230327874623,-0.00016689635231159627,-0.009165726229548454,0.008193479850888256,0.02060069608590308,9.131386756896973,1.1008999850274688e-05,0.005909758708273436,-2.211009996244684e-05,-0.004777018120512366,0.004869801457971335
