filepath,relative_path,dataset,group_id,duration_seconds,approx_L4_relative_energy,approx_L4_shannon_entropy,approx_L4_mean,approx_L4_std,approx_L4_median,approx_L4_p10,approx_L4_p90,detail_L4_relative_energy,detail_L4_shannon_entropy,detail_L4_mean,detail_L4_std,detail_L4_median,detail_L4_p10,detail_L4_p90,detail_L3_relative_energy,detail_L3_shannon_entropy,detail_L3_mean,detail_L3_std,detail_L3_median,detail_L3_p10,detail_L3_p90,detail_L2_relative_energy,detail_L2_shannon_entropy,detail_L2_mean,detail_L2_std,detail_L2_median,detail_L2_p10,detail_L2_p90,detail_L1_relative_energy,detail_L1_shannon_entropy,detail_L1_mean,detail_L1_std,detail_L1_median,detail_L1_p10,detail_L1_p90
F:\Seminario\Seminario-Clustering\datasets\davi\Al Emadi (2019)\Multiclass_Drone_Audio\unknown\2-32515-A-42.wav,Multiclass_Drone_Audio\unknown\2-32515-A-42.wav,al_emadi,2-32515-A-42,0.97525,0.0013054361779074339,8.663084030151367,-0.0001065032157328295,0.03230277001816951,-0.0008591562509536743,-0.03966910019516945,0.03841691464185715,0.007729200540139829,7.551525115966797,-0.00109358964244696,0.0785940319442424,-0.0009286566055379808,-0.08253756910562515,0.06962646543979645,0.26065293554423674,8.248491287231445,-0.004391412309829648,0.32322551458582105,-0.0005329346167854965,-0.2523816078901291,0.23799030482769012,0.6990952089145003,9.046972274780273,-0.00020595749036679545,0.3746284888438701,4.1854309529298916e-05,-0.2538478225469589,0.2344881370663643,0.031217218823215712,9.882261276245117,-1.710293906936647e-05,0.05600276217289848,3.008601925102994e-05,-0.03537624850869179,0.03679082393646245
F:\Seminario\Seminario-Clustering\datasets\davi\Al Emadi (2019)\Multiclass_Drone_Audio\unknown\5-213855-A-01.wav,Multiclass_Drone_Audio\unknown\5-213855-A-01.wav,al_emadi,5-213855-A-01,1.0216875,0.007712352684753075,8.869659423828125,-0.0005317045100973665,0.04029819357870567,-0.0008240174502134323,-0.04993053749203682,0.05184098035097124,0.3677986551193975,6.7238616943359375,-0.015329494983425427,0.2778914876236729,-0.0010550235747359693,-0.14606542587280272,0.11607598066329983,0.5856761830819113,7.641374588012695,-0.0001625974131432185,0.24876209803039948,-0.00013874509022571146,-0.11856928318738935,0.11045587211847313,0.0379217432737872,9.072354316711426,1.3039246609793859e-06,0.044792247304456745,9.53632224991452e-05,-0.02809353210031986,0.03090457804501057,0.0008910658401509673,10.117284774780273,-1.2888415849994253e-06,0.004857182062957959,1.7062018741853535e-05,-0.0034203920047730205,0.0036318072583526426
F:\Seminario\Seminario-Clustering\datasets\davi\Al Emadi (2019)\Multiclass_Drone_Audio\unknown\5-213077-A-114.wav,Multiclass_Drone_Audio\unknown\5-213077-A-114.wav,al_emadi,5-213077-A-114,0.95975,0.9669767636366708,8.902235984802246,0.00647689045482078,0.41219193191594344,-1.8863007426261902e-05,-0.5445496737957001,0.5538795590400696,0.014285670184364977,8.739823341369629,0.0014687572713706577,0.05008511903491923,0.0024360045790672302,-0.06266343593597412,0.06644701212644577,0.008880976349481517,9.861296653747559,-0.0003720732386883155,0.02798402841448121,-7.70637416280806e-05,-0.03666945919394493,0.03597220703959465,0.007135049421017016,10.87094497680664,-0.0004181531341045391,0.017746793767152387,-0.0005559640121646225,-0.023046147264540195,0.022512408159673224,0.002721540408465597,11.836474418640137,-1.9748330237740963e-05,0.007755873652936723,-1.5437282854691148e-05,-0.009845026768743992,0.009813759475946426
F:\Seminario\Seminario-Clustering\datasets\davi\Al Emadi (2019)\Multiclass_Drone_Audio\unknown\5-244178-A-320.wav,Multiclass_Drone_Audio\unknown\5-244178-A-320.wav,al_emadi,5-244178-A-320,1.0216875,0.005206739667224916,6.886062145233154,2.447147662961728e-05,0.0021882560263463027,-1.397628784616245e-05,-0.0013607553206384181,0.001521489582955838,0.025588367018437228,5.613877296447754,-6.453183850026249e-05,0.0048509323706127615,-3.459822778495436e-06,-0.002044094866141677,0.001972761214710774,0.14396847127847917,4.746624946594238,-0.00020952000123770076,0.008148133349654299,-2.339355523872655e-05,-0.0026595192030072212,0.002041616383939982,0.683187473009864,5.649182319641113,0.00010823268226286845,0.012563913348514037,8.456133400613908e-06,-0.0029467490734532476,0.003068919619545341,0.14204894902599463,7.569311618804932,1.6469786463369155e-05,0.004052820175864993,-1.6839776435517706e-06,-0.0012171750189736484,0.0012916216161102058
F:\Seminario\Seminario-Clustering\datasets\davi\Al Emadi (2019)\Multiclass_Drone_Audio\membo_1\Membo_0_009-membo_003_.wav,Multiclass_Drone_Audio\membo_1\Membo_0_009-membo_003_.wav,al_emadi,Membo_0_009-membo_003,1.024,0.5384283853475837,9.417095184326172,-0.0004024300216787576,0.08296885821209415,0.0009888545610010624,-0.10708550810813904,0.10835851579904557,0.095301155492804,8.97000503540039,-0.00023195646978458118,0.0349056517120836,0.0010506370454095304,-0.04611704312264919,0.04444059394299984,0.08810797496056737,9.79596996307373,8.864405717652658e-05,0.0237672660191111,-0.0005840657686349005,-0.02884659878909588,0.030835288763046267,0.11680685723408393,10.707291603088379,0.00016413092712269753,0.019366384721269378,0.00023471328313462436,-0.02304784022271633,0.024097558110952377,0.16135562696496097,11.61894702911377,-1.3881641018771622e-05,0.016102462158418058,0.00011495042417664081,-0.019048943370580673,0.01924767643213272
F:\Seminario\Seminario-Clustering\datasets\davi\Al Emadi (2019)\Multiclass_Drone_Audio\unknown\1-91359-B-110.wav,Multiclass_Drone_Audio\unknown\1-91359-B-110.wav,al_emadi,1-91359-B-110,1.0216875,0.6013046648560112,8.926297187805176,-0.008440492155142709,0.2520556377812155,-0.007727473042905331,-0.33167649507522584,0.3049073338508606,0.19151534999846,8.917924880981445,-0.004550192778946375,0.14225654207752167,-0.007563583552837372,-0.17723524272441865,0.17345805019140256,0.14578710633487774,9.929007530212402,0.0014435525163664974,0.08794661553049941,0.001202091109007597,-0.10949972420930862,0.11409275680780412,0.04895627879321673,10.871725082397461,-1.3776878487885013e-05,0.03606827669796709,4.74904227303341e-05,-0.046165050193667415,0.04577841125428677,0.012436600017434343,11.858585357666016,-1.539816707253787e-05,0.012860047913804531,-1.3404060155153275e-06,-0.016124114394187927,0.015777164325118064
F:\Seminario\Seminario-Clustering\datasets\davi\Al Emadi (2019)\Multiclass_Drone_Audio\unknown\2-100786-A-13.wav,Multiclass_Drone_Audio\unknown\2-100786-A-13.wav,al_emadi,2-100786-A-13,1.0216875,0.0,-0.0,0.0,0.0,0.0,0.0,0.0,0.0,-0.0,0.0,0.0,0.0,0.0,0.0,0.0,-0.0,0.0,0.0,0.0,0.0,0.0,0.0,-0.0,0.0,0.0,0.0,0.0,0.0,0.0,-0.0,0.0,0.0,0.0,0.0,0.0
F:\Seminario\Seminario-Clustering\datasets\davi\Al Emadi (2019)\Multiclass_Drone_Audio\unknown\5-253094-A-490.wav,Multiclass_Drone_Audio\unknown\5-253094-A-490.wav,al_emadi,5-253094-A-490,1.0216875,0.13900707340287774,7.822408676147461,0.001808074404891392,0.18146451352520246,-0.00028328760527074337,-0.16310161054134367,0.1789255440235138,0.14565990674480228,7.744215965270996,-0.0006765657321053998,0.18576416479496402,0.0005866236169822514,-0.16797890663146972,0.1779886275529862,0.22167861392084692,9.028718948364258,-0.0026962469544652245,0.16230143497508853,-0.0012559466995298862,-0.17163569629192352,0.1702015191316605,0.3487050394430194,9.954438209533691,-0.002753531715963177,0.14403675027521892,-0.0009266924171242863,-0.15520142763853073,0.1448097124695778,0.14494936648845363,11.038530349731445,-2.710019537565756e-05,0.06570561600101213,-2.763549127848819e-05,-0.07150095105171203,0.07226554155349736
F:\Seminario\Seminario-Clustering\datasets\davi\Al Emadi (2019)\Multiclass_Drone_Audio\unknown\4-119647-B-481.wav,Multiclass_Drone_Audio\unknown\4-119647-B-481.wav,al_emadi,4-119647-B-481,1.0216875,0.4421160117787888,7.736153602600098,-8.634709357334969e-05,0.007824383326693067,-7.930735591799021e-05,-0.007201301259920001,0.006524961907416582,0.04748007683322778,8.172152519226074,-3.267311846440423e-06,0.0025642701862148972,4.497757981880568e-05,-0.002741370303556323,0.002851143968291582,0.13170973491471427,8.728492736816406,-3.623370233028854e-05,0.0030249055050131537,-1.8355276552028954e-05,-0.002972109103575349,0.002932107727974654,0.34309069324954156,9.882076263427734,-3.9492619680770195e-07,0.003454949176158479,1.5091982277226634e-06,-0.0036176317138597366,0.0037364192772656687,0.0356034832237276,10.98594856262207,-3.0013460032500033e-07,0.0007873252965465285,-2.1380537873483263e-06,-0.0008735933108255266,0.0008555138483643532
F:\Seminario\Seminario-Clustering\datasets\davi\Al Emadi (2019)\Multiclass_Drone_Audio\bebop_1\B_S2_D1_122-bebop_003_.wav,Multiclass_Drone_Audio\bebop_1\B_S2_D1_122-bebop_003_.wav,al_emadi,B_S2_D1_122-bebop_003,1.024,0.7105501692526253,8.177522659301758,-0.00032354356580893104,0.322758638209772,0.007597062271088362,-0.353974723815918,0.3346232801675797,0.02631906600720079,8.91143798828125,-0.0009311920587421007,0.062110805250839105,-0.001824115519411862,-0.08070018664002418,0.07791546136140824,0.0662779107651887,9.948749542236328,-0.001019764349061566,0.0697970651270589,-0.0005442957626655698,-0.09098070338368416,0.08755037263035774,0.11526638098328014,10.928693771362305,0.0006793824081930802,0.06514516148512454,-0.0003544391365721822,-0.08440814912319183,0.08296968787908554,0.08158647299170507,11.942222595214844,-0.00024802322564480394,0.038772610792563215,-0.0007327201310545206,-0.04920226782560348,0.04937436655163769
F:\Seminario\Seminario-Clustering\datasets\davi\Al Emadi (2019)\Multiclass_Drone_Audio\unknown\silence002.wav,Multiclass_Drone_Audio\unknown\silence002.wav,al_emadi,silence002,1.1145625,0.0,-0.0,0.0,0.0,0.0,0.0,0.0,0.0,-0.0,0.0,0.0,0.0,0.0,0.0,0.0,-0.0,0.0,0.0,0.0,0.0,0.0,0.0,-0.0,0.0,0.0,0.0,0.0,0.0,0.0,-0.0,0.0,0.0,0.0,0.0,0.0
F:\Seminario\Seminario-Clustering\datasets\davi\Al Emadi (2019)\Multiclass_Drone_Audio\bebop_1\mixed_49-bebop_000_.wav,Multiclass_Drone_Audio\bebop_1\mixed_49-bebop_000_.wav,al_emadi,mixed_49-bebop_000,1.024,0.3872633505007102,7.826777458190918,0.0005976335751344857,0.14337945594670817,-0.0011648107320070267,-0.12138325050473213,0.135722653567791,0.18316831784623527,6.51740026473999,-0.0003521739600878435,0.098607489747748,-0.00036810118763241917,-0.05623741373419761,0.056099604442715674,0.24510817534323848,8.371021270751953,-0.0008568463592113396,0.08077191260175567,-0.0005533424555324018,-0.06417043507099152,0.06277368068695069,0.11675104630020303,10.761673927307129,-0.00011833529845015368,0.03945387576821579,-0.0007108190329745412,-0.047928523272275925,0.047533124685287476,0.06770911000961302,11.887748718261719,9.83707993958629e-05,0.021254482474398935,4.491099389269948e-05,-0.02677333764731883,0.027166046574711798
F:\Seminario\Seminario-Clustering\datasets\davi\Al Emadi (2019)\Multiclass_Drone_Audio\unknown\1-22694-A-200.wav,Multiclass_Drone_Audio\unknown\1-22694-A-200.wav,al_emadi,1-22694-A-200,1.0216875,0.2772986062335506,5.888145446777344,7.667254399148573e-05,0.016325871803960775,0.00016392333782278,-0.009480488859117031,0.009667836502194407,0.28886613259499794,6.203886985778809,0.0002337893183588754,0.016661454166250658,0.00016804543702164665,-0.007861240394413471,0.009092549700289996,0.2983464136782065,7.142501354217529,1.5007614443913181e-05,0.011994799601424005,1.5080520824994892e-05,-0.005557716172188519,0.005224926676601173,0.09859227665862505,8.41711711883545,-1.716999755773762e-05,0.004879269910760444,1.7971021406992804e-05,-0.002578247780911624,0.0025662509026005867,0.03689657083461988,9.056615829467773,2.3809967398082653e-05,0.0021114086832631183,3.079798261751421e-06,-0.0011352521600201725,0.0011545772664248945
F:\Seminario\Seminario-Clustering\datasets\davi\Al Emadi (2019)\Multiclass_Drone_Audio\unknown\1-18527-A-443.wav,Multiclass_Drone_Audio\unknown\1-18527-A-443.wav,al_emadi,1-18527-A-443,1.0216875,0.9553861597395491,9.381061553955078,-0.0017383848720117824,0.3861714794236838,0.0607150848954916,-0.521061646938324,0.47112226486206055,0.02012995279978043,8.912365913391113,0.001121525935534703,0.0560440556695108,0.0009734397754073143,-0.07053152918815613,0.07187409251928331,0.01757792684813065,9.89806079864502,-0.0007726544309023399,0.0370945693335444,-0.0008391148876398802,-0.04855933338403702,0.0463116578757763,0.005744686749502356,10.872013092041016,-0.0003002282186889671,0.015006179655360679,-0.00022833809634903446,-0.019369547627866267,0.018444054387509828,0.001161273863037432,11.792703628540039,5.756677712213005e-06,0.004773772073195957,5.486886948347092e-05,-0.005937888659536839,0.0058500972576439395
F:\Seminario\Seminario-Clustering\datasets\davi\Al Emadi (2019)\Multiclass_Drone_Audio\unknown\4-186935-A-442.wav,Multiclass_Drone_Audio\unknown\4-186935-A-442.wav,al_emadi,4-186935-A-442,0.97525,0.3220323682713952,8.962566375732422,-0.03807933915669438,0.21357441510851388,-0.05808034911751747,-0.29190972447395325,0.2558499276638031,0.11869174597338943,8.773540496826172,-0.0039538444266331765,0.1316465374137759,-0.00635409913957119,-0.16506460309028625,0.16564533114433289,0.35786322327137476,9.670969009399414,-0.003943951549303693,0.16191041133587925,-0.004862073576077819,-0.2045956254005432,0.1884310245513916,0.17905786337293755,10.55502700805664,0.00027479199552363123,0.08106951134190697,6.526130891870707e-05,-0.09784423559904099,0.09704846143722534,0.022354799110903073,11.662511825561523,-5.734402567993842e-06,0.02026414915915411,9.226042311638594e-05,-0.02507652938365936,0.02476221397519112
F:\Seminario\Seminario-Clustering\datasets\davi\Al Emadi (2019)\Multiclass_Drone_Audio\unknown\3-149465-A-223.wav,Multiclass_Drone_Audio\unknown\3-149465-A-223.wav,al_emadi,3-149465-A-223,1.0216875,0.08011193113538935,7.657824993133545,-0.001762123231378344,0.09349529497671732,-0.00371272349730134,-0.09159728437662125,0.09608232453465464,0.3641559615884392,8.146326065063477,-0.0035881499615692666,0.19933871262176264,-0.004533685743808746,-0.2064813271164894,0.20286546349525453,0.4631141462769204,9.201589584350586,0.0002922258823707208,0.15925282665441146,-0.0012232329463586211,-0.1672165185213089,0.16883580088615419,0.08324182547298363,10.028157234191895,-6.200228097064185e-06,0.04777688520731236,0.0002947409520857036,-0.050901223346590994,0.05097891688346864,0.009376135526267412,10.25236701965332,-2.5986385598079574e-05,0.011343017574803785,-6.505695637315512e-06,-0.010854244232177734,0.010965650714933873
F:\Seminario\Seminario-Clustering\datasets\davi\Al Emadi (2019)\Multiclass_Drone_Audio\membo_1\Membo_2_016-membo_000_.wav,Multiclass_Drone_Audio\membo_1\Membo_2_016-membo_000_.wav,al_emadi,Membo_2_016-membo_000,1.024,0.8467011889909807,8.541136741638184,0.0029578078620122223,0.178306799973997,0.011089243926107883,-0.20537727922201157,0.19033287167549137,0.013960923254061244,9.023704528808594,-7.468129178165522e-05,0.022899043389833864,0.0003010182990692556,-0.02970528844743967,0.028805806860327722,0.03782875528534979,9.845109939575195,-0.0003373304737737539,0.026690537453149404,-0.00014727513189427555,-0.033276667818427086,0.03231119625270368,0.0520929234930606,10.79969596862793,-0.0005381588414297783,0.022161423829480213,-0.0008165030158124864,-0.02798348478972912,0.02694995142519474,0.04941620897654766,11.852100372314453,5.454279336996438e-06,0.015273598978415823,-8.51015211082995e-05,-0.01868741698563099,0.01934133656322956
F:\Seminario\Seminario-Clustering\datasets\davi\Al Emadi (2019)\Multiclass_Drone_Audio\unknown\1-54084-A-421.wav,Multiclass_Drone_Audio\unknown\1-54084-A-421.wav,al_emadi,1-54084-A-421,1.0216875,0.16891296661782568,9.068572998046875,-0.0010864750775671655,0.0827573924935896,-0.00028568413108587265,-0.1038345381617546,0.10453046485781671,0.7170380283208334,9.059959411621094,0.00018366638571363676,0.1705232356429304,0.0013168142759241164,-0.2152522623538971,0.22602451294660578,0.10310172076355022,9.947954177856445,-0.00011656289208906973,0.04580046249078958,0.0015301334206014872,-0.060159788280725476,0.056860177963972094,0.010644791595800653,10.967926025390625,1.2430029480323425e-05,0.010413812224207971,-2.5590197765268385e-05,-0.013703718036413192,0.013447312824428084,0.0003024927019900997,11.891633987426758,-4.129154691939763e-07,0.0012418515949636703,3.17636295221746e-05,-0.0016098942141979933,0.0015486601740121845
F:\Seminario\Seminario-Clustering\datasets\davi\Al Emadi (2019)\Multiclass_Drone_Audio\unknown\5-243773-A-442.wav,Multiclass_Drone_Audio\unknown\5-243773-A-442.wav,al_emadi,5-243773-A-442,0.97525,0.3865604523091048,8.893058776855469,0.0014222519026991364,0.082778062086678,0.003528354689478874,-0.10816440731287003,0.10441067814826965,0.33370017284042675,8.72580337524414,-0.0007102414227983946,0.07691841751433433,1.424425863660872e-05,-0.09859907627105713,0.09685176610946655,0.16759987868766005,9.581212997436523,-9.189767572809601e-05,0.038606137105321785,-0.0001731824449962005,-0.046773744747042656,0.04569297470152378,0.09122189317486368,9.977012634277344,0.00012555360150690923,0.02015487600710633,0.00018692841695155948,-0.020023231394588947,0.019742386415600777,0.020917602987944733,11.100711822509766,-1.827414279567149e-05,0.006827678732648091,-5.743466317653656e-06,-0.006999420467764139,0.007151621952652933
F:\Seminario\Seminario-Clustering\datasets\davi\Al Emadi (2019)\Multiclass_Drone_Audio\membo_1\Membo_0_015-membo_002_.wav,Multiclass_Drone_Audio\membo_1\Membo_0_015-membo_002_.wav,al_emadi,Membo_0_015-membo_002,1.024,0.5310946326871414,9.348946571350098,7.774732233866036e-05,0.0797502767581185,-0.004711769986897707,-0.10370156988501548,0.10808034539222719,0.0806438266522717,8.900267601013184,0.00020792104848615318,0.03107579922175877,0.0011055500362999737,-0.03948529176414013,0.03824694640934468,0.0852814591249576,9.863513946533203,-0.00011811482668727339,0.02263008843883092,6.641907384619117e-05,-0.0282575448974967,0.027833333238959312,0.126648956768991,10.730094909667969,0.0004885766357043224,0.0195112403104536,0.0006408337503671646,-0.022655515000224113,0.024247193709015846,0.17633112476663826,11.719152450561523,1.890663205779476e-05,0.016291263586568044,-2.5053923309314996e-06,-0.019516238197684287,0.02002571262419224
F:\Seminario\Seminario-Clustering\datasets\davi\Al Emadi (2019)\Multiclass_Drone_Audio\unknown\1-50688-A-174.wav,Multiclass_Drone_Audio\unknown\1-50688-A-174.wav,al_emadi,1-50688-A-174,0.95975,0.0558780193280688,8.754354476928711,4.21557871242094e-06,0.0004779088020843144,1.7257825675187632e-06,-0.0005575410614255816,0.0006129590619821101,0.051466055123199746,6.231760025024414,2.9903246071368225e-06,0.00045866186735900983,5.323878895069356e-06,-0.0002726524544414133,0.00029011728474870324,0.25810529005126676,4.609278202056885,-1.0698679177693662e-05,0.0007275554556682937,-1.6727160527807428e-06,-0.00013406795915216208,0.00014165070897433914,0.32372907766895764,6.696211814880371,-1.3031676037115386e-06,0.0005766709024143954,-1.6448576900529588e-07,-0.00013653218047693372,0.00013648480235133327,0.310821557828507,7.63662576675415,3.0205983257039587e-07,0.0003997390226014967,-1.2569580576382577e-07,-0.00013870549446437508,0.0001371121034026146
F:\Seminario\Seminario-Clustering\datasets\davi\Al Emadi (2019)\Multiclass_Drone_Audio\bebop_1\mixed_42-bebop_001_.wav,Multiclass_Drone_Audio\bebop_1\mixed_42-bebop_001_.wav,al_emadi,mixed_42-bebop_001,1.024,0.6071383184122638,8.379098892211914,-0.0006223493791411369,0.14682351502196972,8.03826842457056e-05,-0.16056558936834334,0.16900012791156774,0.03167726436123789,8.909565925598145,0.0006298027378258304,0.033531496350057456,-0.0006156302988529205,-0.0396152101457119,0.04381465576589109,0.08220649804326835,9.89445972442627,8.870899988038642e-05,0.0382583289692344,0.00025007122894749045,-0.04763903319835663,0.048808015882968916,0.16316966236513966,10.938210487365723,-0.0011188297014889234,0.0381295994804009,-0.002103994833305478,-0.04918293282389641,0.048181839287281036,0.11580825681809022,11.912481307983398,-2.1749554413482728e-05,0.022733661673842113,0.0001935211184900254,-0.0289333488792181,0.029074195027351382
F:\Seminario\Seminario-Clustering\datasets\davi\Al Emadi (2019)\Multiclass_Drone_Audio\membo_1\mixed_membo_66-membo_001_.wav,Multiclass_Drone_Audio\membo_1\mixed_membo_66-membo_001_.wav,al_emadi,mixed_membo_66-membo_001,1.024,0.34500780957540034,8.768590927124023,-0.0006321622420427869,0.14816808139343085,0.0014290614053606987,-0.17671880424022673,0.17674200534820556,0.20524658559585537,9.202021598815918,-0.002302562157132943,0.11425992410134542,-0.0029571126215159893,-0.15792290717363355,0.14394458383321765,0.04890686369502799,9.966353416442871,0.0007135849157995531,0.039498133449333124,0.0010136077762581408,-0.05083421431481838,0.05123551189899447,0.10209438617969771,11.001901626586914,-0.0001413603898164804,0.040393932774650226,-0.00018075975822284818,-0.05233975872397423,0.051924820989370346,0.2987443549540186,12.21060562133789,0.00014952555508835808,0.04888055350335239,-0.0003568604588508606,-0.06424928456544876,0.0648810312151909
F:\Seminario\Seminario-Clustering\datasets\davi\Al Emadi (2019)\Multiclass_Drone_Audio\unknown\4-99193-A-43.wav,Multiclass_Drone_Audio\unknown\4-99193-A-43.wav,al_emadi,4-99193-A-43,1.0216875,0.04143734143058492,8.607691764831543,0.0006783390410900376,0.0750241153162811,0.001221771351993084,-0.08974579945206643,0.0909207552671433,0.07200690016106448,8.325008392333984,0.0006744592539710853,0.09890076354168757,-0.00032781575282569975,-0.11407630369067191,0.10909382775425913,0.592748508870335,8.527482986450195,-0.0004020697019944034,0.20099378966135276,0.000498363864608109,-0.20318196415901182,0.1963533937931061,0.2867556179838824,9.692804336547852,0.0003266892786357987,0.09892476768600135,-0.00022775970865041018,-0.09590017274022102,0.09891996979713447,0.007051631554133133,10.608841896057129,-3.826507717011811e-06,0.01097405243440719,-1.8393751815892756e-05,-0.010317977517843246,0.010466689616441736
F:\Seminario\Seminario-Clustering\datasets\davi\Al Emadi (2019)\Multiclass_Drone_Audio\bebop_1\B_S2_D1_073-bebop_003_.wav,Multiclass_Drone_Audio\bebop_1\B_S2_D1_073-bebop_003_.wav,al_emadi,B_S2_D1_073-bebop_003,1.024,0.5342767189413581,8.610433578491211,-0.0025034901789995363,0.22119081264671928,-0.002693383488804102,-0.27339663207530973,0.26424697041511536,0.04361093694301735,8.915947914123535,0.0012962786449137534,0.06318559711357001,0.00020809867419302464,-0.07999515756964684,0.08194981515407562,0.09627114929172279,9.954723358154297,0.0008932536048369737,0.06648735085803795,0.0011873198091052473,-0.08288651555776597,0.0835108645260334,0.1855512216288263,10.940963745117188,0.0004702810094363602,0.06532902189292922,0.0013239079853519797,-0.08315840363502502,0.08488890528678894,0.14028997319507544,11.952747344970703,-1.0613242122995647e-05,0.04018548405559994,-0.00034834383404813707,-0.05181880444288254,0.052212335169315345
F:\Seminario\Seminario-Clustering\datasets\davi\Al Emadi (2019)\Multiclass_Drone_Audio\bebop_1\B_S2_D1_120-bebop_000_.wav,Multiclass_Drone_Audio\bebop_1\B_S2_D1_120-bebop_000_.wav,al_emadi,B_S2_D1_120-bebop_000,1.024,0.8721972585855586,8.457602500915527,0.00023932043842754316,0.535840965871385,0.009610053151845932,-0.596913868188858,0.5841502964496612,0.01210907113810182,8.89763069152832,0.0007703281060828673,0.06313231372644974,0.0005834486801177263,-0.07761600837111472,0.08109022155404091,0.02861646540912816,9.924711227416992,-0.0016607085301372686,0.06871130469386429,0.0001022692013066262,-0.09112047255039216,0.08532196432352067,0.049954782282954295,10.927350044250488,-0.0005189225226299205,0.06426532409723114,0.00032260967418551445,-0.08129378408193588,0.08083532005548477,0.037122422584257124,11.932908058166504,-0.00017705114514550196,0.03919101268952463,-0.0002830922603607178,-0.0500573955476284,0.05024467781186104
F:\Seminario\Seminario-Clustering\datasets\davi\Al Emadi (2019)\Multiclass_Drone_Audio\bebop_1\mixed_48-bebop_002_.wav,Multiclass_Drone_Audio\bebop_1\mixed_48-bebop_002_.wav,al_emadi,mixed_48-bebop_002,1.024,0.6113655515051978,8.22592830657959,-0.0008163962054328577,0.1350812454970482,0.000367885222658515,-0.15809133052825927,0.15210005789995198,0.017821303254723513,8.924452781677246,0.0003409632258834905,0.023060821802760905,0.0007850441907066852,-0.029133537225425242,0.02906509004533291,0.08789866530084697,9.967507362365723,-0.0006350303414977868,0.03626564937793831,-0.0013738879351876676,-0.047356678172945976,0.04699092321097852,0.1646404203445935,10.95157527923584,0.0002831171685539501,0.035130179346639895,-8.901697583496571e-07,-0.04469979554414749,0.04583220183849335,0.11827405959463823,11.954549789428711,4.846344832988486e-05,0.021063970335920047,0.0003527848166413605,-0.027065585553646087,0.026616944000124935
F:\Seminario\Seminario-Clustering\datasets\davi\Al Emadi (2019)\Multiclass_Drone_Audio\unknown\2-127108-A-381.wav,Multiclass_Drone_Audio\unknown\2-127108-A-381.wav,al_emadi,2-127108-A-381,1.0216875,0.00276407969615696,5.204169750213623,2.2277378295397893e-05,0.0011437498814104187,4.893473715128493e-07,-0.00026150828052777796,0.0002895327837904917,0.19897031293252274,4.312129497528076,0.0002365055237674595,0.009702939363708038,-2.0500647224253044e-06,-0.0004234427586197853,0.00040267036238219645,0.2236405821069518,4.555814743041992,-2.3769288299933177e-05,0.0072884758560640235,-3.1953936741047073e-07,-0.0003322957025375217,0.00033128139330074213,0.4975785799136649,5.411361217498779,-1.005298651860792e-05,0.007693029053693087,0.0,-0.00021735422633355482,0.00020593056688085205,0.07704644535070361,6.419051647186279,-1.0532483361407427e-05,0.0021414542222533603,0.0,-7.75814478402026e-05,7.620450196554909e-05
F:\Seminario\Seminario-Clustering\datasets\davi\Al Emadi (2019)\Multiclass_Drone_Audio\unknown\silence207.wav,Multiclass_Drone_Audio\unknown\silence207.wav,al_emadi,silence207,0.7430625,0.0,-0.0,0.0,0.0,0.0,0.0,0.0,0.0,-0.0,0.0,0.0,0.0,0.0,0.0,0.0,-0.0,0.0,0.0,0.0,0.0,0.0,0.0,-0.0,0.0,0.0,0.0,0.0,0.0,0.0,-0.0,0.0,0.0,0.0,0.0,0.0
F:\Seminario\Seminario-Clustering\datasets\davi\Al Emadi (2019)\Multiclass_Drone_Audio\unknown\3-146964-A-53.wav,Multiclass_Drone_Audio\unknown\3-146964-A-53.wav,al_emadi,3-146964-A-53,1.0216875,0.7859609228077354,8.820686340332031,-0.00015248398768537993,0.03576844711004336,0.002732127788476646,-0.04861404560506344,0.04104054160416126,0.2031148376147864,8.9110107421875,6.635711155050427e-05,0.018183249855678024,0.00010130962982657366,-0.02247025687247515,0.02304544169455767,0.010458088680580515,9.744205474853516,4.940298487351879e-06,0.002922501149340418,-9.253420284949243e-05,-0.0035651723854243757,0.003699658019468189,0.0003174913423364316,10.53645133972168,-8.0834631923856e-06,0.0003602375253909227,-7.782866305205971e-06,-0.0004283092566765845,0.0004088434099685401,0.00014865955456116117,11.531339645385742,1.0429644434755552e-07,0.00017442127581913846,9.605573723092675e-07,-0.0002028722083196044,0.00020216125994920752
F:\Seminario\Seminario-Clustering\datasets\davi\Al Emadi (2019)\Multiclass_Drone_Audio\membo_1\Membo_0_015-membo_000_.wav,Multiclass_Drone_Audio\membo_1\Membo_0_015-membo_000_.wav,al_emadi,Membo_0_015-membo_000,1.024,0.48796532197378323,9.371416091918945,0.0008527698914760055,0.08130218161516274,0.0010839112510439008,-0.10510569512844085,0.10609473586082459,0.08081690243240566,8.975796699523926,-0.00011352410602889948,0.03308873423238695,-0.0008132104703690857,-0.04370523914694786,0.04294323623180389,0.09987938586702391,9.936756134033203,0.0006275038066621475,0.02604125309402761,0.0013630241737700999,-0.03371950946748257,0.03337666839361191,0.16293170639588936,10.85696792602539,0.0003653524812373052,0.023542677958796478,0.0006857658736407757,-0.030040495097637177,0.03001025877892971,0.16840668333089787,11.854265213012695,1.4235830625274269e-05,0.01693383199310092,7.074719178490341e-05,-0.021690135449171064,0.02129456475377083
F:\Seminario\Seminario-Clustering\datasets\davi\Al Emadi (2019)\Multiclass_Drone_Audio\bebop_1\mixed_12-bebop_001_.wav,Multiclass_Drone_Audio\bebop_1\mixed_12-bebop_001_.wav,al_emadi,mixed_12-bebop_001,1.024,0.8413601118457571,8.879240036010742,0.0036750077315181205,0.3530411634008855,-0.023990515619516373,-0.43121219277381895,0.4723245918750764,0.04758188064963154,9.0282621383667,0.0011435228860790128,0.08395342717127882,0.0032460479997098446,-0.10610096603631973,0.10758640915155412,0.039176206429249925,9.979798316955566,0.00041963351601843576,0.053947878207534376,0.0006081351602915674,-0.0677225388586521,0.07064076513051988,0.04307616028869108,10.951067924499512,-0.00040216963600866464,0.0400339303757952,-0.0001845231745392084,-0.05167260020971298,0.050805531442165375,0.02880564078667039,11.908754348754883,-6.388634216933767e-05,0.02316003153122385,0.0001479131169617176,-0.02953366748988628,0.02895840853452683
F:\Seminario\Seminario-Clustering\datasets\davi\Al Emadi (2019)\Multiclass_Drone_Audio\unknown\1-46938-B-73.wav,Multiclass_Drone_Audio\unknown\1-46938-B-73.wav,al_emadi,1-46938-B-73,1.0216875,0.5639400695996142,8.951631546020508,0.001393153126804966,0.03979056753531443,-0.0015297764912247658,-0.0480208296328783,0.05260614007711411,0.136813586654726,8.793317794799805,0.00047219389313091307,0.0196050678385947,0.0007717942935414612,-0.02470693551003933,0.024392625316977504,0.16724842358760814,9.817206382751465,0.00016164576541714796,0.015357205867453858,9.640635107643902e-05,-0.0190677922219038,0.019287006929516796,0.07966800930533989,10.810381889343262,0.00021371100466459618,0.007497630556354389,0.0002706995728658512,-0.009082049410790206,0.009812463168054819,0.05232991085271184,11.415379524230957,2.4934015076255844e-06,0.0043003534764845495,-3.087996446993202e-05,-0.0049787466414272785,0.0049789889715611945
F:\Seminario\Seminario-Clustering\datasets\davi\Al Emadi (2019)\Multiclass_Drone_Audio\membo_1\mixed_membo_27-membo_000_.wav,Multiclass_Drone_Audio\membo_1\mixed_membo_27-membo_000_.wav,al_emadi,mixed_membo_27-membo_000,1.024,0.9484625689958107,8.654801368713379,-0.0006390780911247418,0.40306896711736717,0.011003939434885979,-0.47454715371131895,0.4730617552995682,0.0400803824975514,6.176388740539551,0.0002673111442031194,0.08285781750210017,-9.574840078130364e-05,-0.05117074958980083,0.05454742945730687,0.0074045490172282204,7.8808746337890625,-2.845681736762309e-05,0.02521954518492467,0.0004830390098504722,-0.02087303064763546,0.020291618257761,0.0023191240411607294,10.7512788772583,5.67021656383122e-05,0.00998845998335728,-6.863451562821865e-05,-0.011798148043453693,0.012298479676246643,0.0017333754482489253,11.851296424865723,-6.5857349058263435e-06,0.006108857900249565,-1.1177980923093855e-05,-0.00768720181658864,0.007698001898825169
F:\Seminario\Seminario-Clustering\datasets\davi\Al Emadi (2019)\Multiclass_Drone_Audio\membo_1\mixed_membo_38-membo_003_.wav,Multiclass_Drone_Audio\membo_1\mixed_membo_38-membo_003_.wav,al_emadi,mixed_membo_38-membo_003,1.024,0.5700375810618971,8.935569763183594,-5.502924215708615e-05,0.059643167681115765,-0.00116681243525818,-0.07290735691785812,0.07631492316722871,0.0544047977496801,9.02466869354248,9.108274655605358e-05,0.018425634083292945,0.0009264112741220742,-0.02463838178664446,0.02314987797290087,0.0957592571659445,10.004734992980957,-7.534241861683992e-05,0.01731066731081422,-0.0009599042823538184,-0.021779512427747248,0.02321702912449837,0.133330267030753,10.957101821899414,-1.499869163018717e-05,0.014455962715277184,-6.589951226487756e-06,-0.01844833791255951,0.01910240203142166,0.14646809699172533,11.91699504852295,-1.0724083020060184e-05,0.010718266913010201,-8.22709480416961e-05,-0.013627956248819828,0.013768744096159937
F:\Seminario\Seminario-Clustering\datasets\davi\Al Emadi (2019)\Multiclass_Drone_Audio\bebop_1\mixed_25-bebop_003_.wav,Multiclass_Drone_Audio\bebop_1\mixed_25-bebop_003_.wav,al_emadi,mixed_25-bebop_003,1.024,0.8780605049063854,8.906719207763672,-0.004876364992244296,0.3250878182578218,0.019291519187390804,-0.4395866096019745,0.3853058874607086,0.02082752130863683,9.028509140014648,0.0008824135286753852,0.05006551301396729,0.0006143069767858833,-0.06295037716627121,0.06403152868151665,0.025777187366556487,9.973012924194336,-0.0013181890650051456,0.03942583217539681,-0.0013883201172575355,-0.05071709677577019,0.05007446818053722,0.04371011103432727,10.929920196533203,2.80547923621011e-05,0.036353973453223574,-0.00045100157149136066,-0.04549618810415268,0.045671772211790085,0.03162467538409403,11.979991912841797,-0.00010760953320653628,0.02187455575507014,0.00017942479462362826,-0.028362414985895156,0.027924732491374026
F:\Seminario\Seminario-Clustering\datasets\davi\Al Emadi (2019)\Multiclass_Drone_Audio\unknown\5-219379-B-112.wav,Multiclass_Drone_Audio\unknown\5-219379-B-112.wav,al_emadi,5-219379-B-112,0.97525,0.142053033893808,8.60797119140625,-0.0023521071138044593,0.09262030581124715,0.0025513172149658203,-0.11793176829814911,0.10527174174785614,0.23972085027270704,8.762231826782227,-0.01135575812860372,0.11982078498556441,-0.010186264291405678,-0.15630817413330078,0.13548950850963593,0.3846791137893762,9.605985641479492,0.0016704687896390076,0.10796136699310191,0.0005941668932791799,-0.12523874640464783,0.13142797350883484,0.19659729671946174,10.604839324951172,0.00028106403472777066,0.054622599913177895,0.0005556050455197692,-0.06697097793221474,0.06575721502304077,0.03694970532464703,11.556957244873047,4.026109479461477e-05,0.016752253834011403,-0.00013108985149301589,-0.019629673287272453,0.019987748935818683
F:\Seminario\Seminario-Clustering\datasets\davi\Al Emadi (2019)\Multiclass_Drone_Audio\unknown\1-30344-A-04.wav,Multiclass_Drone_Audio\unknown\1-30344-A-04.wav,al_emadi,1-30344-A-04,0.95975,0.42140605611133836,6.940228462219238,-0.004310864516586319,0.15400867170221938,7.263824227266014e-05,-0.10809028148651123,0.07966630533337593,0.4748358436056961,6.734423637390137,0.003048251063214678,0.16351633732930562,0.000340689774020575,-0.0724032036960125,0.10156438127160072,0.09664133809695225,7.431105613708496,-3.910304066302125e-05,0.052266013446299525,-1.106315539800562e-05,-0.02294006496667862,0.023951969668269183,0.006589773560126687,7.9950761795043945,1.342834942895008e-05,0.009658207629207504,4.599321982823312e-06,-0.0036330637987703083,0.003909107251092792,0.0005269886258866241,9.023876190185547,1.0452320727236457e-05,0.0019321408737340837,2.6381458155810833e-06,-0.000858836923725903,0.0008421061211265624
F:\Seminario\Seminario-Clustering\datasets\davi\Al Emadi (2019)\Multiclass_Drone_Audio\unknown\4-198841-A-371.wav,Multiclass_Drone_Audio\unknown\4-198841-A-371.wav,al_emadi,4-198841-A-371,1.0216875,0.010015712814041606,8.827078819274902,0.005683080664085512,0.027147307149195363,0.006497086025774479,-0.02671174108982086,0.03920130208134651,0.07172189364679395,8.673018455505371,0.005043820044550553,0.07404917812407152,0.0041787163354456425,-0.08124071732163429,0.0946005962789059,0.1968659871607788,9.436555862426758,0.0012602045048051695,0.08708933332238684,0.0004260407295078039,-0.09388698637485503,0.10166627466678621,0.37131149437508887,10.998851776123047,-0.0007750184997378925,0.08464070191563955,-0.00046061136526986957,-0.11046862751245498,0.10506694689393044,0.3500849120032968,12.07551383972168,-0.0001639359529538586,0.05814120575986425,5.823590618092567e-05,-0.07379328161478042,0.07430897802114488
F:\Seminario\Seminario-Clustering\datasets\davi\Al Emadi (2019)\Multiclass_Drone_Audio\bebop_1\B_S2_D1_103-bebop_001_.wav,Multiclass_Drone_Audio\bebop_1\B_S2_D1_103-bebop_001_.wav,al_emadi,B_S2_D1_103-bebop_001,1.024,0.7526066823147868,8.57850456237793,-0.0022596136838631724,0.34408139968127205,0.005344114266335964,-0.41824288070201876,0.40172899365425113,0.01799431796233759,8.751592636108398,-0.0007695722164251633,0.05319964863211037,-0.002625344437547028,-0.06764144003391266,0.0648404508829117,0.05933463497913491,9.840495109558105,0.0013557301773354158,0.0684027794708725,0.0011572677176445723,-0.08233197405934334,0.08728508725762367,0.09850971340999937,10.7969331741333,0.0016343516118807052,0.062366403985531046,0.0005653022089973092,-0.07474275678396225,0.07919815182685852,0.07155465133374136,11.80724811553955,2.656807020491829e-05,0.03761399588474013,-0.0004986503627151251,-0.04710143283009529,0.04718740209937098
F:\Seminario\Seminario-Clustering\datasets\davi\Al Emadi (2019)\Multiclass_Drone_Audio\membo_1\mixed_membo_10-membo_000_.wav,Multiclass_Drone_Audio\membo_1\mixed_membo_10-membo_000_.wav,al_emadi,mixed_membo_10-membo_000,1.024,0.49853128587845724,8.88140869140625,0.0002714184664406823,0.20884459667329056,0.003921611234545708,-0.2632950097322464,0.25541788041591645,0.24325863676201107,8.933415412902832,-0.0010248760995681136,0.14588170009750204,-0.00028373056557029486,-0.193238964676857,0.1816687718033791,0.14447509705110034,9.897687911987305,-0.0009959737158625522,0.0796082943586026,-0.0032074522459879518,-0.1030619852244854,0.1003671057522297,0.08450503387191732,10.851351737976074,0.00024009104640438202,0.04309091171565792,-0.000751183950342238,-0.0535234697163105,0.05539708584547043,0.02922994643651405,11.869773864746094,8.182997124720918e-05,0.01792796581957239,-9.943748591467738e-05,-0.022373745590448378,0.022954102605581287
F:\Seminario\Seminario-Clustering\datasets\davi\Al Emadi (2019)\Multiclass_Drone_Audio\bebop_1\B_S2_D1_093-bebop_001_.wav,Multiclass_Drone_Audio\bebop_1\B_S2_D1_093-bebop_001_.wav,al_emadi,B_S2_D1_093-bebop_001,1.024,0.4336107428410017,8.295562744140625,0.00011041615479309293,0.18317069498761118,0.003070019418373704,-0.20076608955860137,0.2038351356983185,0.03559598572328324,8.949972152709961,0.0005707920278598853,0.05247843688067748,-0.001679310982581228,-0.06553412154316902,0.0662288412451744,0.12428294873525117,9.94808578491211,-0.0018599781865495377,0.06941836314016615,-0.0018830879125744104,-0.09205810874700546,0.08498444631695752,0.23538146557999867,10.925469398498535,0.0008619649466084718,0.06762863782342257,9.698644862510264e-05,-0.08530200272798538,0.08719664067029953,0.17112885712046524,11.930582046508789,-0.00017803336097404264,0.040795068036027206,-0.00037926164804957807,-0.05146132782101631,0.05130087137222292
F:\Seminario\Seminario-Clustering\datasets\davi\Al Emadi (2019)\Multiclass_Drone_Audio\membo_1\extra_membo_D2_2002.wav,Multiclass_Drone_Audio\membo_1\extra_membo_D2_2002.wav,al_emadi,extra_membo_D2,1.0026875,0.9610742841544074,9.086492538452148,0.000269937687845369,0.03195646193310119,0.0014289291575551033,-0.04248904064297676,0.04258997142314911,0.019151842115485384,8.928689956665039,3.5473741877399944e-06,0.004511290983532196,-2.49986769631505e-05,-0.005565629340708256,0.005808047391474248,0.00958209155993889,9.889256477355957,-1.7166200327432222e-05,0.0022602313073310327,-5.0807284424081445e-06,-0.0029470440931618214,0.002858793130144477,0.0058113214673585906,10.901147842407227,-1.9605741800366823e-06,0.0012456078860906006,1.5656747564207762e-05,-0.0016495478921569884,0.0015439337003044784,0.004380460702809759,11.890615463256836,1.1732199164383066e-06,0.0007650294476692303,6.024707545293495e-06,-0.000961844646371901,0.00097976140677929
F:\Seminario\Seminario-Clustering\datasets\davi\Al Emadi (2019)\Multiclass_Drone_Audio\unknown\2-118817-A-323.wav,Multiclass_Drone_Audio\unknown\2-118817-A-323.wav,al_emadi,2-118817-A-323,1.0216875,0.8578373119725667,8.8114595413208,0.00044750864759082124,0.05757502105997557,-0.0029757885495200753,-0.06923152655363082,0.07119148969650271,0.0009036438654785718,8.45584487915039,3.3487988033323776e-05,0.0018684163523668726,1.2282223906368017e-05,-0.0021712249144911766,0.002070770622231067,0.0022814771748918073,7.617557525634766,4.889198466455914e-05,0.0021026211924399163,-2.6022913516499102e-05,-0.001411058520898223,0.0015220785979181528,0.019230236680532198,6.933084487915039,-2.3247127708605934e-05,0.004320753904588456,-5.694877472706139e-06,-0.0018126897630281744,0.0017428619321435692,0.11974733030653072,7.682936668395996,7.252275437249083e-06,0.007627408846598227,2.247525117127225e-06,-0.002643785532563925,0.002592979464679959
F:\Seminario\Seminario-Clustering\datasets\davi\Al Emadi (2019)\Multiclass_Drone_Audio\membo_1\Membo_1_046-membo_000_.wav,Multiclass_Drone_Audio\membo_1\Membo_1_046-membo_000_.wav,al_emadi,Membo_1_046-membo_000,1.024,0.4729155546052835,9.103729248046875,0.00036961942169706796,0.07304625771236983,-0.0012168290559202433,-0.0890350416302681,0.09413519278168678,0.0509036334098331,9.028982162475586,0.00020344966369256087,0.023964616767515254,-0.0014116418897174299,-0.03124493733048439,0.03219238817691803,0.08388443264236124,9.798286437988281,7.822127256303492e-05,0.02178552379463725,-0.0007137414067983627,-0.02698547653853893,0.027902320958673957,0.1626067053221409,10.746721267700195,0.00014840157217911192,0.0214656623546076,7.697410183027387e-05,-0.026375487446784973,0.026378503069281578,0.22968967402038123,11.684258460998535,2.8158599908782468e-05,0.018047874798801426,-8.43860034365207e-05,-0.021420713886618613,0.021531583741307262
F:\Seminario\Seminario-Clustering\datasets\davi\Al Emadi (2019)\Multiclass_Drone_Audio\membo_1\mixed_membo_1-membo_002_.wav,Multiclass_Drone_Audio\membo_1\mixed_membo_1-membo_002_.wav,al_emadi,mixed_membo_1-membo_002,1.024,0.15866562891487063,9.051165580749512,0.008356176147427301,0.14631802515987583,0.012239992152899504,-0.1852514162659645,0.19356978237628936,0.5148475491150445,8.314425468444824,-0.0007124574337882505,0.263998381541031,0.0038696499541401863,-0.3204280912876129,0.2996591597795488,0.24826262325245832,9.079781532287598,-0.0007567253469566681,0.12981658470043597,-0.0003272020840086043,-0.14296012222766874,0.14590993821620943,0.07017794881955175,10.194266319274902,0.00042798176230792335,0.04884508612872749,-0.0004271141660865396,-0.05449597164988518,0.0558420792222023,0.008046249898074854,11.388293266296387,9.916429698577775e-06,0.01170049415300745,-0.00010492352885194123,-0.013070872426033019,0.01326157320290804
F:\Seminario\Seminario-Clustering\datasets\davi\Al Emadi (2019)\Multiclass_Drone_Audio\unknown\3-104761-B-73.wav,Multiclass_Drone_Audio\unknown\3-104761-B-73.wav,al_emadi,3-104761-B-73,1.0216875,0.9045606601151557,8.977636337280273,-0.011653686961492502,0.1632897352796046,-0.01070386916399002,-0.22470851838588715,0.2020430237054827,0.04118605086873493,8.96776008605957,0.00027550006833866033,0.034930500917940546,0.0007570553570985794,-0.04381632842123508,0.044910876825451876,0.013344596223039911,9.905025482177734,0.00019269062226190831,0.01408253755506305,0.00033128925133496523,-0.017704998329281806,0.018759271129965782,0.015623804307580338,10.776843070983887,-8.3514191612688e-05,0.010783316950959063,-0.00030022500141058117,-0.013677642866969108,0.013537815026938916,0.025284888485489165,11.725927352905273,1.2828486136162955e-06,0.009704503841540806,-4.653177165891975e-05,-0.011972896009683608,0.011928676255047323
F:\Seminario\Seminario-Clustering\datasets\davi\Al Emadi (2019)\Multiclass_Drone_Audio\unknown\4-200330-B-62.wav,Multiclass_Drone_Audio\unknown\4-200330-B-62.wav,al_emadi,4-200330-B-62,0.97525,0.14516557586706083,8.584208488464355,-4.9360961663141793e-05,0.029572920986807593,0.001230042427778244,-0.03814845532178879,0.0343167819082737,0.6515571948766529,7.852283477783203,-0.0013255561091930004,0.06263860306755177,-0.0002054366923402995,-0.07001935690641403,0.06340145319700241,0.18247544774780675,8.937049865722656,-0.000158716125134767,0.023480394906521814,-0.0004930883442284539,-0.02478617522865534,0.023439498618245125,0.013841836170635897,10.265203475952148,-3.570169940833182e-05,0.004576305908534359,-4.813384293811396e-05,-0.005051389103755355,0.005050762556493282,0.006959945337843657,11.808496475219727,7.138578897315946e-06,0.0022956828584329396,-1.4156779798213392e-05,-0.0028423831332474946,0.002912701759487392
F:\Seminario\Seminario-Clustering\datasets\davi\Al Emadi (2019)\Multiclass_Drone_Audio\membo_1\mixed_membo_55-membo_001_.wav,Multiclass_Drone_Audio\membo_1\mixed_membo_55-membo_001_.wav,al_emadi,mixed_membo_55-membo_001,1.024,0.6197041175935062,8.722929000854492,-0.002925120660124202,0.06078642292509894,-0.0013064888771623373,-0.0735384315252304,0.07034608870744705,0.12673458936842744,8.922561645507812,0.0006047838311150751,0.027514355416997798,0.0008505876176059246,-0.034946772083640096,0.035874237120151524,0.10148259580018046,9.894925117492676,0.00014615005865554687,0.017438759278160326,0.00012749419693136588,-0.02203100137412548,0.021770623698830607,0.07296785035625566,10.916155815124512,-0.00010650470963618165,0.010464865957890061,-0.0003947796067222953,-0.013374457135796547,0.013375918380916119,0.07911084688163025,11.799810409545898,1.0959893336161332e-06,0.007708658487204133,9.041628800332546e-06,-0.009506593458354473,0.009515158832073215
F:\Seminario\Seminario-Clustering\datasets\davi\Al Emadi (2019)\Multiclass_Drone_Audio\unknown\4-205526-A-234.wav,Multiclass_Drone_Audio\unknown\4-205526-A-234.wav,al_emadi,4-205526-A-234,0.95975,0.0779686616040587,7.9577178955078125,0.0007495025604446062,0.054749478127000366,0.0006364922737702727,-0.04979926161468029,0.05733847618103027,0.262017650237872,7.594186782836914,-0.0051603052638381705,0.10024234113798994,-0.0010152264148928225,-0.09555093944072723,0.07946313917636871,0.505963956151693,8.577713012695312,0.0004902138678030437,0.09880712830651324,0.0006422199076041579,-0.08607771247625351,0.08522081375122073,0.12071521882357074,9.393808364868164,-0.0008914042293761566,0.0341421242916718,0.00012131305993534625,-0.028697792068123815,0.02526793982833624,0.033334513182805614,10.398177146911621,4.176027445063142e-05,0.01269652946418935,3.1043498893268406e-05,-0.010021877475082874,0.010201051831245422
F:\Seminario\Seminario-Clustering\datasets\davi\Al Emadi (2019)\Multiclass_Drone_Audio\unknown\1-211527-C-202.wav,Multiclass_Drone_Audio\unknown\1-211527-C-202.wav,al_emadi,1-211527-C-202,0.97525,0.0033965058445794014,8.849096298217773,6.100254868623344e-05,0.03834253026484523,-5.758460611104965e-05,-0.04956134781241417,0.049152325838804245,0.022516321689625148,8.862299919128418,0.0018992874033510695,0.09870370947249961,0.001852607005275786,-0.11824078857898712,0.138135626912117,0.11263691505858321,9.62895393371582,-0.0001361388201758483,0.15637071491996254,0.0002244491333840415,-0.20682193338871002,0.18697098642587662,0.7132455477427591,10.468428611755371,0.002223715551178052,0.2784448656090893,0.00060381690855138,-0.33442795276641846,0.3439917266368866,0.14820470966445315,11.382246971130371,-9.48226967953118e-05,0.08979330318107705,-0.00010119503713212907,-0.10648426264524459,0.10614318251609803
F:\Seminario\Seminario-Clustering\datasets\davi\Al Emadi (2019)\Multiclass_Drone_Audio\unknown\5-194899-D-30.wav,Multiclass_Drone_Audio\unknown\5-194899-D-30.wav,al_emadi,5-194899-D-30,1.0216875,0.3281748963555892,7.779207229614258,0.00040587098223332984,0.16732874692073818,-0.0033310772851109505,-0.1446875214576721,0.16615193188190464,0.4855236887244048,7.186588287353516,0.004947433781642843,0.20346795740115042,0.002975102048367262,-0.15092129707336427,0.15646924525499348,0.15759806695064493,7.899425506591797,6.377675477533215e-05,0.08213344469301688,0.0003059775335714221,-0.0725303664803505,0.05671879798173908,0.025001365242157497,9.708117485046387,6.353972462785151e-05,0.02314878056532013,7.121413091226714e-06,-0.02190780136734247,0.022945338301360613,0.003701982727203561,10.957246780395508,-1.2337527952335677e-05,0.006301371596368305,1.6744539607316256e-05,-0.006136301718652248,0.006196242477744823
F:\Seminario\Seminario-Clustering\datasets\davi\Al Emadi (2019)\Multiclass_Drone_Audio\membo_1\Membo_2_013-membo_003_.wav,Multiclass_Drone_Audio\membo_1\Membo_2_013-membo_003_.wav,al_emadi,Membo_2_013-membo_003,1.024,0.6711097486323685,8.630084037780762,-0.00019366830045999326,0.11496511318939771,0.004405787214636803,-0.1408116117119789,0.13442624509334566,0.02579263740216297,9.05573844909668,0.00015908570579271222,0.022537563708057474,-0.0003211501898476854,-0.02783198393881321,0.029235000349581243,0.061287707546817484,10.00560188293457,-6.734824652410975e-05,0.024602166530188825,0.0003366092132637277,-0.0317355539649725,0.03139268532395363,0.09556611995688975,10.974021911621094,-0.00025652578816646906,0.021740292703615046,-0.00023551307094749063,-0.028385315090417862,0.02728988789021969,0.14624378646176125,11.898967742919922,2.4155729539230575e-05,0.01902621552418867,0.00022408987570088357,-0.02387244552373886,0.02415185943245888
F:\Seminario\Seminario-Clustering\datasets\davi\Al Emadi (2019)\Multiclass_Drone_Audio\unknown\2-110417-B-284.wav,Multiclass_Drone_Audio\unknown\2-110417-B-284.wav,al_emadi,2-110417-B-284,0.95975,0.9009629915075997,8.93474292755127,-1.4036790894229328e-05,0.0008591563648284427,4.85567215946503e-05,-0.0012259165523573756,0.0010094877798110247,0.07837734366629406,7.279951572418213,-3.5503009008074587e-06,0.0002534132673588197,-1.8939317669719458e-06,-0.0002034643039223738,0.0001761677849572152,0.012368293819494395,8.775331497192383,-1.0615526704228827e-07,7.131884389920782e-05,-4.56606358056888e-07,-6.304878334049136e-05,6.303718982962894e-05,0.003235223400083842,10.834975242614746,-3.2026809613265094e-07,2.581025382001124e-05,-2.490050974301994e-07,-3.3447257374064064e-05,3.235224430682138e-05,0.0050561476065279845,11.844697952270508,1.2500386741800623e-07,2.2827572052503386e-05,-1.1622574902503402e-07,-2.884595414798241e-05,2.956962816824671e-05
F:\Seminario\Seminario-Clustering\datasets\davi\Al Emadi (2019)\Multiclass_Drone_Audio\bebop_1\mixed_34-bebop_002_.wav,Multiclass_Drone_Audio\bebop_1\mixed_34-bebop_002_.wav,al_emadi,mixed_34-bebop_002,1.024,0.42964364546987793,8.647757530212402,0.00020781227599974106,0.13187503787343235,0.0031381503213196993,-0.1572239890694618,0.1579622656106949,0.16261312576382156,8.855249404907227,0.0014403208867150576,0.08111819434911016,0.0029454949544742703,-0.10218625739216804,0.10213135629892352,0.1674759303445238,9.8579740524292,0.0007856332029966627,0.05829940170986943,0.0014512063353322446,-0.07349968403577804,0.07337677702307702,0.14929937415347408,10.92530632019043,-0.0002743162798422296,0.03895837874370961,-3.595947055146098e-05,-0.049045857042074203,0.05035347118973732,0.09096792426830262,11.930079460144043,-6.382640619014883e-05,0.02151271852514048,-0.0002576915139798075,-0.027409141510725016,0.027253377810120594
F:\Seminario\Seminario-Clustering\datasets\davi\Al Emadi (2019)\Multiclass_Drone_Audio\bebop_1\B_S2_D1_126-bebop_001_.wav,Multiclass_Drone_Audio\bebop_1\B_S2_D1_126-bebop_001_.wav,al_emadi,B_S2_D1_126-bebop_001,1.024,0.8425021123577873,8.49107551574707,0.0018471012197127474,0.5047959187562284,-0.0053039067424833775,-0.5332740545272827,0.5873844623565675,0.011824011757974843,8.933671951293945,-0.0014941987319899161,0.059783326118398684,-0.003418184816837311,-0.07707708179950713,0.07802625969052315,0.03323373530728401,9.927526473999023,-0.00043971776242364294,0.0709958370462878,0.0011035650968551636,-0.09093659371137619,0.09004458114504814,0.06485886623850755,10.952348709106445,7.291052868510332e-05,0.070192613776039,0.0002641238970682025,-0.08933352679014206,0.09167374670505524,0.04758127433844631,11.91219711303711,8.473738659713207e-05,0.04252991857621227,-0.0007241510320454836,-0.0538198284804821,0.05436455085873605
F:\Seminario\Seminario-Clustering\datasets\davi\Al Emadi (2019)\Multiclass_Drone_Audio\unknown\4-184434-A-213.wav,Multiclass_Drone_Audio\unknown\4-184434-A-213.wav,al_emadi,4-184434-A-213,1.0216875,0.03283191729737649,6.268549919128418,2.9558758480335177e-05,0.0025492794145945,-1.3616459909826517e-05,-0.001643976627383381,0.0016231009154580572,0.13743131937152822,4.806304454803467,-2.716528868927437e-05,0.005215974675344818,1.3660032891493756e-06,-0.0004012954741483554,0.0003796234086621553,0.3051080809281358,5.597405433654785,1.7247702984564592e-05,0.005504892325977846,2.0186632809782168e-08,-0.0002275505830766633,0.0002299002633662895,0.4655677717297819,6.180527210235596,3.4991612207356297e-07,0.00481192327148168,-3.7751846093669883e-07,-0.00014261023752624167,0.00013030664122197787,0.059060910673177563,7.081920623779297,3.276369464577422e-06,0.0012124017134969693,-1.391672412864864e-07,-7.858153403503821e-05,7.860439072828742e-05
F:\Seminario\Seminario-Clustering\datasets\davi\Al Emadi (2019)\Multiclass_Drone_Audio\bebop_1\B_S2_D1_083-bebop_001_.wav,Multiclass_Drone_Audio\bebop_1\B_S2_D1_083-bebop_001_.wav,al_emadi,B_S2_D1_083-bebop_001,1.024,0.7763145766456424,8.72264289855957,0.008690781189915408,0.3804890049296813,-0.00029189372435212135,-0.46492872834205623,0.46535224318504337,0.013789819543284487,8.919035911560059,-0.0014359264820192497,0.05070394056345985,-0.0019686748273670673,-0.06552889794111251,0.0631552942097187,0.0528158596628975,9.861472129821777,0.0003414568552208254,0.0702962156448943,0.00041466602124273777,-0.09082994088530541,0.09033767804503441,0.0898758515119683,10.939748764038086,-0.0010690750974974691,0.06488925603225229,-0.001128245610743761,-0.08498222380876541,0.08204670250415802,0.06720389263620728,11.939000129699707,7.739169932686644e-05,0.039698766192972815,0.00037562305806204677,-0.05072961896657944,0.05022550448775292
F:\Seminario\Seminario-Clustering\datasets\davi\Al Emadi (2019)\Multiclass_Drone_Audio\bebop_1\B_S2_D1_132-bebop_003_.wav,Multiclass_Drone_Audio\bebop_1\B_S2_D1_132-bebop_003_.wav,al_emadi,B_S2_D1_132-bebop_003,1.024,0.8394261766323311,8.736598014831543,0.0017326639802421181,0.7671174282475581,0.02419045753777027,-0.9737364709377289,0.8882848680019378,0.02034400226772157,8.824036598205566,0.0008198802786635108,0.11942071764314888,0.00337168388068676,-0.1513292446732521,0.15169276595115663,0.03196223721893072,9.872261047363281,0.0008965706780152495,0.10599689819078373,0.0008870537858456373,-0.13614403158426286,0.13029317259788514,0.059665817481762556,10.875957489013672,-0.0009467415423892116,0.10249194149415031,-0.001343590673059225,-0.13138027489185333,0.12847265601158142,0.048601766399254044,11.883694648742676,-9.261997432516939e-05,0.06543972080322927,0.0002600762527436018,-0.08321329057216643,0.08274975717067719
F:\Seminario\Seminario-Clustering\datasets\davi\Al Emadi (2019)\Multiclass_Drone_Audio\unknown\silence251.wav,Multiclass_Drone_Audio\unknown\silence251.wav,al_emadi,silence251,1.1145625,0.0,-0.0,0.0,0.0,0.0,0.0,0.0,0.0,-0.0,0.0,0.0,0.0,0.0,0.0,0.0,-0.0,0.0,0.0,0.0,0.0,0.0,0.0,-0.0,0.0,0.0,0.0,0.0,0.0,0.0,-0.0,0.0,0.0,0.0,0.0,0.0
F:\Seminario\Seminario-Clustering\datasets\davi\Al Emadi (2019)\Multiclass_Drone_Audio\membo_1\mixed_membo_20-membo_003_.wav,Multiclass_Drone_Audio\membo_1\mixed_membo_20-membo_003_.wav,al_emadi,mixed_membo_20-membo_003,1.024,0.7875733288112199,8.835691452026367,-0.00018433513265618494,0.053565147903201715,0.0004592531768139452,-0.06294079646468162,0.0649507761001587,0.03915176126544881,8.955656051635742,-4.46600442002324e-05,0.011942960216168754,0.0004536818596534431,-0.01594262309372425,0.015481721702963113,0.04994321096380391,9.920276641845703,-2.2657791109677533e-05,0.009552010021478125,0.00019872382836183533,-0.012219854351133107,0.011702522356063127,0.056120416455897146,10.953556060791016,-9.846567547664066e-05,0.007165269300894922,-0.00018572596309240907,-0.009233140386641026,0.009276210330426693,0.06721128250363025,11.953104019165039,7.062997449961467e-06,0.005547588342060843,2.3239816073328257e-05,-0.0070434209890663626,0.007131426129490137
F:\Seminario\Seminario-Clustering\datasets\davi\Al Emadi (2019)\Multiclass_Drone_Audio\bebop_1\B_S2_D1_082-bebop_003_.wav,Multiclass_Drone_Audio\bebop_1\B_S2_D1_082-bebop_003_.wav,al_emadi,B_S2_D1_082-bebop_003,1.024,0.6106100582005101,8.573722839355469,0.0009667508607024996,0.27600124228890593,3.1575094908475876e-05,-0.32046936750411986,0.32056324779987344,0.031614147230136835,8.935768127441406,3.388178398046028e-05,0.06280184567471896,-0.0005426661809906363,-0.0791955329477787,0.07930334731936456,0.08680788710754142,9.892970085144043,0.0004648821965106821,0.07369212248747485,-0.002036541933193803,-0.09065148904919625,0.09427922964096071,0.15805000011169557,10.965431213378906,0.0013686940990052803,0.07035914306166272,0.0006471856031566858,-0.08967974036931992,0.09231946617364883,0.11291790735011611,11.926164627075195,0.0001200832722855718,0.04207804001167242,0.00017879671941045672,-0.054145563393831246,0.05375370830297471
F:\Seminario\Seminario-Clustering\datasets\davi\Al Emadi (2019)\Multiclass_Drone_Audio\unknown\4-185575-A-202.wav,Multiclass_Drone_Audio\unknown\4-185575-A-202.wav,al_emadi,4-185575-A-202,0.97525,0.5221730855772512,7.214437961578369,0.0004868841024327389,0.4423293996325121,-0.0054731834679841995,-0.20349562168121338,0.2199351191520691,0.3470769821420785,8.387650489807129,-0.00010368552298767343,0.3606215757005203,-0.0032748037483543158,-0.4208456873893738,0.4294757544994354,0.08273282854744551,9.625720977783203,-0.0007617419777022139,0.12468659230862437,-0.0032009469578042626,-0.1539902612566948,0.1506343111395836,0.03701793100593612,10.50877571105957,-0.00022383206021232022,0.0590214886577054,-0.0001855426817201078,-0.07010157406330109,0.07061361521482468,0.010999172727288684,11.317232131958008,8.109691251152237e-06,0.022759716746253315,0.00030332713504321873,-0.02662786915898323,0.026004135236144067
F:\Seminario\Seminario-Clustering\datasets\davi\Al Emadi (2019)\Multiclass_Drone_Audio\bebop_1\B_S2_D1_124-bebop_004_.wav,Multiclass_Drone_Audio\bebop_1\B_S2_D1_124-bebop_004_.wav,al_emadi,B_S2_D1_124-bebop_004,0.896,0.6209667166512011,8.422279357910156,-0.003826002417413101,0.2998683185660924,0.006944182328879833,-0.3677350848913193,0.34093014597892757,0.03162969627026799,8.75730037689209,0.0020203806148602435,0.06765278530426387,0.0034055490978062153,-0.08450231626629828,0.08523447960615156,0.09277967150004612,9.743465423583984,0.0013531298797257575,0.08209328189429826,0.002915964461863041,-0.10242075100541115,0.10303079336881638,0.14357880201917686,10.744165420532227,-0.0002924846819760633,0.0722919445736499,-0.00023055938072502613,-0.09153734594583511,0.09165282547473907,0.11104511355930796,11.739938735961914,-1.3049776076557437e-05,0.04497745578701066,-0.00024325193953700364,-0.05769803375005722,0.057637136429548264
F:\Seminario\Seminario-Clustering\datasets\davi\Al Emadi (2019)\Multiclass_Drone_Audio\unknown\3-111102-A-460.wav,Multiclass_Drone_Audio\unknown\3-111102-A-460.wav,al_emadi,3-111102-A-460,1.0216875,0.19270453447141853,8.948932647705078,-0.0012794493173035261,0.21482383845449093,0.008437139447778463,-0.26886819005012513,0.2675470918416977,0.41549945502695734,8.744558334350586,-0.008098626822543037,0.31534524409589687,-0.009458743501454592,-0.39856249690055845,0.3798723131418229,0.3581993027648295,9.135977745056152,-0.00037620111494073976,0.20745860135715277,0.0017575074452906847,-0.2148067772388458,0.206221690773964,0.03177998372981874,10.446362495422363,1.9188978211442827e-05,0.043727008914259104,-0.00010229348845314234,-0.04977054186165333,0.049585815519094474,0.0018167240069759203,11.373931884765625,4.752585628532267e-06,0.007395851297465717,-2.1002255380153656e-05,-0.008322738856077195,0.00824514552950859
F:\Seminario\Seminario-Clustering\datasets\davi\Al Emadi (2019)\Multiclass_Drone_Audio\unknown\4-175845-A-434.wav,Multiclass_Drone_Audio\unknown\4-175845-A-434.wav,al_emadi,4-175845-A-434,0.95975,0.9591999665170795,3.261876344680786,1.291905397861972e-05,0.0001225024403003114,0.0,0.0,0.0,0.005681165866577682,0.7443768382072449,3.194093717413071e-07,9.474667562980852e-06,0.0,0.0,0.0,0.028455521178182577,2.9022650718688965,3.6292787372785115e-09,1.5029631652948647e-05,0.0,0.0,0.0,0.004809032366430168,3.0618679523468018,5.869775203527458e-09,4.372373119632603e-06,0.0,0.0,0.0,0.0018543140717301129,4.431380748748779,-7.82441092293237e-09,1.920700291654582e-06,0.0,0.0,0.0
F:\Seminario\Seminario-Clustering\datasets\davi\Al Emadi (2019)\Multiclass_Drone_Audio\unknown\4-195451-A-444.wav,Multiclass_Drone_Audio\unknown\4-195451-A-444.wav,al_emadi,4-195451-A-444,0.95975,0.49692050407741883,8.907150268554688,-0.00040411938697207665,0.3656294133040931,0.018923109397292137,-0.4829432964324951,0.47667528688907623,0.1496660522585917,8.805621147155762,-0.004056388423857655,0.20061842667615223,-0.0027970944065600634,-0.2508554011583328,0.25047193467617035,0.13506635538953932,9.559953689575195,0.0011071335088897061,0.13502995669193804,0.0038310824893414974,-0.15941017270088195,0.16265700459480287,0.11058074909678212,10.40726089477539,-0.0018123217005239695,0.08644485522331607,-0.0020552275236696005,-0.10220255702733994,0.09835432395339012,0.10776633917766804,10.72254753112793,-0.0001795914684164078,0.06038335899958933,0.0005068316822871566,-0.05772427096962929,0.05689334496855736
F:\Seminario\Seminario-Clustering\datasets\davi\Al Emadi (2019)\Multiclass_Drone_Audio\unknown\1-20545-A-282.wav,Multiclass_Drone_Audio\unknown\1-20545-A-282.wav,al_emadi,1-20545-A-282,0.97525,0.9719019390776193,7.869968891143799,0.0007244087308071478,0.09325663140598435,0.001476627541705966,-0.0749443843960762,0.07749787718057632,0.002996578589969875,7.113837242126465,-0.00016410731796421809,0.005175785323785684,-6.366390152834356e-07,-0.004554326180368662,0.0035958467051386833,0.004641214080657494,8.14889907836914,0.00014182473889395102,0.004561815104261901,-5.522815627045929e-07,-0.0031977762700989842,0.004004382295534015,0.01162272563387167,9.122857093811035,-7.744903414953193e-06,0.005110971739720559,-6.301734174485318e-07,-0.0037767902249470353,0.004145791986957192,0.008837542617881593,10.066618919372559,-2.199701283189789e-06,0.003152791860894139,2.523884177207947e-07,-0.002317695086821913,0.0023452524561435014
F:\Seminario\Seminario-Clustering\datasets\davi\Al Emadi (2019)\Multiclass_Drone_Audio\bebop_1\B_S2_D1_073-bebop_000_.wav,Multiclass_Drone_Audio\bebop_1\B_S2_D1_073-bebop_000_.wav,al_emadi,B_S2_D1_073-bebop_000,1.024,0.3670598091020997,8.458906173706055,-0.0026641788340887977,0.16982747887979002,0.003796087810769677,-0.20261391252279282,0.18754438757896424,0.043752405779977376,8.902932167053223,0.00047041449579410255,0.05863811080826109,-0.0015929033979773521,-0.07111329063773154,0.07510504201054573,0.1582153979902829,9.975624084472656,-0.0011766047944887672,0.07895643402324752,-0.000681696692481637,-0.10131087899208069,0.10012296885252,0.25529914829848116,10.887601852416992,0.0006352996944217323,0.07098621117702568,0.00025190110318362713,-0.08838261663913727,0.08989891409873962,0.1756732388291589,11.933706283569336,0.00010837591371571877,0.04165704249530182,0.0005044168792665005,-0.052276039868593215,0.053650382161140445
F:\Seminario\Seminario-Clustering\datasets\davi\Al Emadi (2019)\Multiclass_Drone_Audio\unknown\1-27165-A-353.wav,Multiclass_Drone_Audio\unknown\1-27165-A-353.wav,al_emadi,1-27165-A-353,1.0216875,0.43652956448250807,9.188043594360352,-0.0009715678866776903,0.23291042100689713,-0.016671525314450264,-0.29486412703990933,0.33372675478458413,0.0336393819974844,9.007617950439453,0.0033761145537576443,0.06456794808783031,0.003019880037754774,-0.0834424264729023,0.08721283897757541,0.16979600759501565,9.888153076171875,0.0011733665993409218,0.10288378642563714,-0.0006678272038698196,-0.1278887778520584,0.132950496673584,0.25680027996488214,10.90411376953125,-0.0022810744776222414,0.08950996602533928,-0.0038613496581092477,-0.11350823640823364,0.11123318821191788,0.10323476596010978,11.933588027954102,1.6146440396318982e-05,0.04016043258592709,0.0003474328259471804,-0.05156506076455116,0.051502591371536253
F:\Seminario\Seminario-Clustering\datasets\davi\Al Emadi (2019)\Multiclass_Drone_Audio\bebop_1\B_S2_D1_075-bebop_001_.wav,Multiclass_Drone_Audio\bebop_1\B_S2_D1_075-bebop_001_.wav,al_emadi,B_S2_D1_075-bebop_001,1.024,0.17677485184217512,8.931888580322266,0.0004778322710619462,0.1089633477406886,-0.0013016634620726109,-0.13768660128116608,0.14171588271856309,0.06189196008408606,9.030414581298828,-0.0011239632514861494,0.06446522547599005,-0.0018803799175657332,-0.08274064883589745,0.08481549844145776,0.17141068686122418,9.942938804626465,0.0006818389158801696,0.07597911569266162,0.00023317705927183852,-0.09705581590533256,0.09539943858981133,0.3476819365737848,10.934185028076172,0.001059399844859269,0.07657687008929799,0.0009033672395162284,-0.09564123302698135,0.09927813708782196,0.24224056463872978,11.93033504486084,0.00010690425336602428,0.0452210565427032,-0.0003318863455206156,-0.057564920932054515,0.0577460415661335
F:\Seminario\Seminario-Clustering\datasets\davi\Al Emadi (2019)\Multiclass_Drone_Audio\membo_1\Membo_0_002-membo_002_.wav,Multiclass_Drone_Audio\membo_1\Membo_0_002-membo_002_.wav,al_emadi,Membo_0_002-membo_002,1.024,0.6467173763945144,9.394906997680664,0.000272822925946404,0.07905613901973971,0.0005246432119747624,-0.10548742488026619,0.10428979769349099,0.06880954374382586,9.142287254333496,-8.479697749615439e-05,0.025787123895656267,0.00023985060397535563,-0.034427100047469135,0.03277384266257286,0.059232503103784515,9.984683990478516,0.0007490513405413253,0.01692600611504415,0.0009432730439584702,-0.02165359165519476,0.022341747395694257,0.08580759552750361,10.938533782958984,0.00011315783070538545,0.014431256557304411,9.255179611500353e-05,-0.018517669290304184,0.0186245609074831,0.1394329812303716,11.900764465332031,-3.527559993255959e-06,0.01301390999308962,6.88220898155123e-05,-0.016306009516119956,0.016381388530135155
F:\Seminario\Seminario-Clustering\datasets\davi\Al Emadi (2019)\Multiclass_Drone_Audio\unknown\5-232272-A-442.wav,Multiclass_Drone_Audio\unknown\5-232272-A-442.wav,al_emadi,5-232272-A-442,0.97525,0.8433208959741443,9.032876968383789,-0.002724977850032995,0.244423025709517,-0.016448283568024635,-0.30945807695388794,0.3198327422142029,0.09692266454637904,8.732976913452148,-0.0008250466423836858,0.08286360424623096,-0.0023221434094011784,-0.10417799651622772,0.10142084211111069,0.034690883163585345,9.850443840026855,-0.0007821611136752505,0.03510125483692926,-0.0011283919448032975,-0.04425916075706482,0.04502014257013798,0.017641849454708904,10.839567184448242,0.0003260475510965124,0.017714935344329476,9.558118472341448e-05,-0.022015930153429508,0.022948081605136395,0.0074237068611824495,11.747306823730469,-1.169098487864326e-05,0.008130751755036652,9.749532910063863e-05,-0.010222578234970569,0.01017662547528744
F:\Seminario\Seminario-Clustering\datasets\davi\Al Emadi (2019)\Multiclass_Drone_Audio\unknown\5-213855-A-00.wav,Multiclass_Drone_Audio\unknown\5-213855-A-00.wav,al_emadi,5-213855-A-00,1.0216875,0.015486398628244443,8.761713981628418,-0.0010258091307833613,0.05060806855905759,0.0003666374832391739,-0.06460700631141662,0.05882530435919763,0.38428307253082933,6.871628761291504,-0.004807442427403452,0.25210439931207723,0.00035923541872762144,-0.1394496500492096,0.14528860449790962,0.540455277341605,7.833009719848633,-0.00042043516448938244,0.21180604190007576,0.00011469872697489336,-0.11803576350212097,0.09953084290027622,0.05794885385207665,9.018439292907715,8.821370376656693e-06,0.04907778219030602,7.276966789504513e-05,-0.02892327234148979,0.03413061760365964,0.001826397647244555,9.997722625732422,-9.205546744916033e-07,0.006163550097377269,2.1518790163099766e-06,-0.003910446539521217,0.0039374303072690995
F:\Seminario\Seminario-Clustering\datasets\davi\Al Emadi (2019)\Multiclass_Drone_Audio\membo_1\extra_membo_D2_2031.wav,Multiclass_Drone_Audio\membo_1\extra_membo_D2_2031.wav,al_emadi,extra_membo_D2,1.002625,0.9022567876277615,8.939887046813965,0.00010233278530169873,0.02728226201124773,0.0011809435673058033,-0.03682344779372215,0.035803113132715225,0.015237274031281388,8.974679946899414,4.8290778415827835e-05,0.0035451263150614643,-5.125836469233036e-05,-0.004568889643996954,0.00464045982807875,0.027762535981102034,9.958309173583984,-7.216773719023857e-06,0.0033898968405242183,-0.00010441079211886972,-0.004246555268764496,0.004482187330722809,0.030628663077686476,10.91303825378418,2.1955363200512437e-05,0.0025198152110781726,7.711914804531261e-06,-0.003298030607402324,0.0032570801209658383,0.02411473928216859,11.891412734985352,-1.5624073419128151e-06,0.001581646921817591,1.1892977454408538e-05,-0.002038051909767091,0.002021476114168763
F:\Seminario\Seminario-Clustering\datasets\davi\Al Emadi (2019)\Multiclass_Drone_Audio\membo_1\mixed_membo_7-membo_002_.wav,Multiclass_Drone_Audio\membo_1\mixed_membo_7-membo_002_.wav,al_emadi,mixed_membo_7-membo_002,1.024,0.755739627012141,9.033641815185547,-0.004320869574467968,0.21756315496689446,-0.002363096922636032,-0.2866417199373245,0.26619641184806825,0.05723560095863754,9.037137985229492,0.0007561393412456224,0.059880217845984955,0.0029574253130704165,-0.07893531695008278,0.07694039940834047,0.06538503082379389,9.966254234313965,0.000560858002609343,0.04532200877376254,0.0008044936112128198,-0.05634162239730358,0.05845792889595032,0.07129576157253346,10.938629150390625,-0.0005099720840681397,0.03349192592612955,-0.0009178926702588797,-0.04328256845474243,0.04296596348285675,0.05034397963289407,11.866325378417969,7.406897353002139e-05,0.019911307466793773,0.00010106014087796211,-0.024708517268300055,0.02506809160113336
F:\Seminario\Seminario-Clustering\datasets\davi\Al Emadi (2019)\Multiclass_Drone_Audio\unknown\3-119120-D-483.wav,Multiclass_Drone_Audio\unknown\3-119120-D-483.wav,al_emadi,3-119120-D-483,1.0216875,0.8093874267416978,3.6934475898742676,0.00023176444314945905,0.17547451050992577,0.0008588421624153852,-0.052237601950764656,0.05415147133171565,0.17717835267152912,2.435513496398926,-0.00012849983580793587,0.08209959572561158,0.00014102501154411584,-0.010447560716420412,0.010206999816000465,0.008557522114062998,6.192624092102051,-0.0002099881062205337,0.012778419420899882,1.33625726448372e-05,-0.006791749410331249,0.00699817044660449,0.004284007784892093,5.822787284851074,-1.4687738022370956e-05,0.006398658384060014,4.419703145686071e-06,-0.003039517160505056,0.003075169515796006,0.0005926906878179847,7.61833381652832,3.5897372880436792e-06,0.0016836383990825577,-3.5237162592238747e-06,-0.0008502212003804743,0.0008412148570641882
F:\Seminario\Seminario-Clustering\datasets\davi\Al Emadi (2019)\Multiclass_Drone_Audio\bebop_1\mixed_7-bebop_002_.wav,Multiclass_Drone_Audio\bebop_1\mixed_7-bebop_002_.wav,al_emadi,mixed_7-bebop_002,1.024,0.752946053886379,8.853986740112305,-0.0070719006100615255,0.26240138302882454,0.003499847836792469,-0.32785063087940214,0.29718534350395204,0.042957427730519866,8.986715316772461,0.0013705805594494873,0.06268407553826562,0.0011232913821004331,-0.07942895293235779,0.0768419586122036,0.06275858659670333,9.924712181091309,-0.00017139438165729445,0.053665429783940594,0.0001279457937926054,-0.06811444982886314,0.06793889254331589,0.08257088498252724,10.94735336303711,-0.0011666753050100257,0.04354850583559181,-0.0019012594129890203,-0.0559924840927124,0.0553133487701416,0.058767046803870474,11.900429725646973,0.00015210782730075382,0.025998331638341955,5.631742533296347e-05,-0.03239046782255173,0.03337366953492165
F:\Seminario\Seminario-Clustering\datasets\davi\Al Emadi (2019)\Multiclass_Drone_Audio\unknown\1-45645-A-311.wav,Multiclass_Drone_Audio\unknown\1-45645-A-311.wav,al_emadi,1-45645-A-311,1.0216875,0.21572262227433062,8.99517822265625,-0.00018267344809336594,0.019450692526512933,0.00015246868861140683,-0.02517109513282776,0.023943143524229556,0.029010007823939477,7.620099067687988,0.000448969211155589,0.007118989137495822,0.00028633240435738117,-0.007092655962333083,0.007541709439828992,0.031145388197916464,8.014289855957031,0.00020116893318924907,0.005231279810446294,0.0001167341397376731,-0.004624305758625269,0.004853444546461106,0.38633377965594784,4.898735523223877,-0.000261268240840071,0.013044557583275216,-3.5236562325735576e-05,-0.0036510044010356064,0.0035112692974507815,0.3377882020478656,6.206852436065674,-0.0001674061524651549,0.008628721328127087,-1.910440914798528e-06,-0.0023599321488291026,0.0023442757781594993
F:\Seminario\Seminario-Clustering\datasets\davi\Al Emadi (2019)\Multiclass_Drone_Audio\membo_1\Membo_1_034-membo_001_.wav,Multiclass_Drone_Audio\membo_1\Membo_1_034-membo_001_.wav,al_emadi,Membo_1_034-membo_001,1.024,0.4457463687090547,9.301298141479492,9.459090855388531e-05,0.05642396345247494,-0.004426388768479228,-0.0738209031522274,0.07468832433223724,0.0915302797129447,8.932615280151367,9.398360553568283e-05,0.02556817700793431,-0.00014350094716064632,-0.033398474007844924,0.033586710691452026,0.10943809046613844,9.921478271484375,-9.073634290478954e-05,0.019797866332871224,0.00020400177163537592,-0.026238018460571767,0.025031730346381665,0.15402763536158143,10.856267929077148,-5.0165093342171356e-06,0.01662238505746915,-0.0004114266484975815,-0.021034909412264824,0.021285375580191612,0.19925762575028078,11.947446823120117,1.0984097849285029e-05,0.013374321179648792,-0.0001114451079047285,-0.017353703454136848,0.016665955260396003
F:\Seminario\Seminario-Clustering\datasets\davi\Al Emadi (2019)\Multiclass_Drone_Audio\unknown\1-61534-A-270.wav,Multiclass_Drone_Audio\unknown\1-61534-A-270.wav,al_emadi,1-61534-A-270,1.0216875,0.06079632722373201,8.790019989013672,1.9318748157696095e-05,0.020384788453061457,4.903681110590696e-05,-0.025691733136773108,0.024565066769719125,0.040163614427883125,7.336794853210449,-0.0012927220381020437,0.016518028257656938,-0.00038299112929962575,-0.016467039287090302,0.014878765214234597,0.22973952087739336,7.683073997497559,0.0014289739829686783,0.028031581575204825,-0.0001817698939703405,-0.02016235142946243,0.021652423590421677,0.41493680444851294,8.812378883361816,0.0004891659354137261,0.026687906342293132,-1.484911990701221e-06,-0.020058113895356656,0.02042126581072808,0.25436373302247856,9.137980461120605,3.970443716417245e-06,0.014784099431255856,-4.321230517234653e-05,-0.010425419732928275,0.010780858807265767
F:\Seminario\Seminario-Clustering\datasets\davi\Al Emadi (2019)\Multiclass_Drone_Audio\bebop_1\mixed_42-bebop_003_.wav,Multiclass_Drone_Audio\bebop_1\mixed_42-bebop_003_.wav,al_emadi,mixed_42-bebop_003,1.024,0.8737669288057134,8.288171768188477,-0.0010117963137267862,0.26123242852678086,-0.0021537456195801497,-0.29789731502532957,0.2959482640028,0.009863527805286798,8.933231353759766,-0.0001450355628955187,0.02775509803175203,-0.00036434028879739344,-0.03499311953783035,0.03492443524301052,0.028796639528129487,9.954277038574219,-0.0007044404991740597,0.03357579234248031,-0.001958862063474953,-0.04452788941562175,0.04289325773715974,0.05019600163024088,10.91029167175293,0.0013573069450798765,0.03134975718590926,0.0012187340762466192,-0.03880458325147629,0.041439518332481384,0.0373769022306295,11.927823066711426,6.110029489491214e-05,0.01915473402596021,6.110663525760174e-05,-0.024471429362893104,0.02429865524172783
F:\Seminario\Seminario-Clustering\datasets\davi\Al Emadi (2019)\Multiclass_Drone_Audio\membo_1\mixed_membo_64-membo_000_.wav,Multiclass_Drone_Audio\membo_1\mixed_membo_64-membo_000_.wav,al_emadi,mixed_membo_64-membo_000,1.024,0.8025956182233489,8.125747680664062,-0.001950825410510766,0.13769145027377058,-0.007402124349027872,-0.14397976398468015,0.137546406686306,0.10572202003846566,6.579104423522949,0.0004412689417107491,0.04997674506724222,-0.0005311106506269425,-0.028100225329399108,0.029051606729626662,0.03425045043984132,9.037811279296875,-0.00023140129149719024,0.02014304174286385,-0.000284274501609616,-0.021522057056427003,0.02101292293518782,0.025520509104715552,10.73387336730957,0.00014054346385359857,0.01230530080651114,8.732778951525688e-05,-0.014906452968716621,0.015111267566680908,0.031911402193628584,11.923063278198242,-1.5584071651812107e-05,0.009734612794236885,0.00011549858027137816,-0.012399479746818542,0.01210445798933506
F:\Seminario\Seminario-Clustering\datasets\davi\Al Emadi (2019)\Multiclass_Drone_Audio\bebop_1\B_S2_D1_124-bebop_001_.wav,Multiclass_Drone_Audio\bebop_1\B_S2_D1_124-bebop_001_.wav,al_emadi,B_S2_D1_124-bebop_001,1.024,0.569613268502915,8.778701782226562,0.0007369966949200602,0.2570290265221075,0.0037467851070687175,-0.31099416613578795,0.3312072187662125,0.03467892559106563,8.89438247680664,0.0006377080961489978,0.06341686919536234,-0.000696723407600075,-0.07689238116145133,0.08180540353059769,0.08586878934936157,9.921395301818848,-0.0007027513575409163,0.07066567661105176,0.0001859301410149783,-0.09011049717664718,0.08924327790737152,0.18512259747995322,10.934494972229004,0.0020020616600704734,0.07340673455740829,0.0025863770861178637,-0.09161871671676636,0.09481468051671982,0.12471641907670453,11.911428451538086,-0.00028671752005698166,0.04263733490216382,-0.0010191535111516714,-0.0537813127040863,0.054866009950637826
F:\Seminario\Seminario-Clustering\datasets\davi\Al Emadi (2019)\Multiclass_Drone_Audio\membo_1\Membo_0_000-membo_004_.wav,Multiclass_Drone_Audio\membo_1\Membo_0_000-membo_004_.wav,al_emadi,Membo_0_000-membo_004,1.024,0.6282437365418387,9.341643333435059,-0.0010504759756002793,0.08388661750606244,-0.004261127207428217,-0.11103236153721809,0.11124246045947075,0.12935836665181016,9.120976448059082,-7.023230176396415e-05,0.0380679218436086,-0.000692926871124655,-0.050581997632980345,0.05319775454699994,0.06724955142518833,9.939542770385742,0.00013141271540650373,0.01943639889262291,-0.0005839465302415192,-0.023988107033073903,0.026606725715100768,0.07446281436486146,10.79568862915039,-0.00012978136470968355,0.014474002348828443,-0.00018330931197851896,-0.018257640302181244,0.017425693571567535,0.10068553101630126,11.752823829650879,-6.874441739981004e-06,0.011906668711207298,6.535847205668688e-06,-0.014566016010940075,0.014571694098412993
F:\Seminario\Seminario-Clustering\datasets\davi\Al Emadi (2019)\Multiclass_Drone_Audio\unknown\4-167077-C-204.wav,Multiclass_Drone_Audio\unknown\4-167077-C-204.wav,al_emadi,4-167077-C-204,0.95975,0.2638426628693916,8.846983909606934,-0.0010556001306256456,0.055073881170760584,-0.004097888711839914,-0.0727231614291668,0.07955640181899071,0.4867036294726133,7.665773868560791,0.000805943338457594,0.0748100629278635,0.00011824385728687048,-0.07557245716452599,0.07952689751982689,0.19072518891365095,8.905099868774414,-6.938305259869334e-05,0.033176398167329334,1.9818602595478296e-05,-0.037083874642848964,0.03666086718440056,0.04705109535970388,9.072246551513672,-7.682618941496413e-05,0.011660717350907394,1.6657862943247892e-05,-0.009395244903862477,0.009022651985287669,0.011677423384640223,9.737910270690918,1.3521834319833143e-06,0.004109662074552659,-5.977854016236961e-06,-0.0028082721401005983,0.002634130185469985
F:\Seminario\Seminario-Clustering\datasets\davi\Al Emadi (2019)\Multiclass_Drone_Audio\unknown\5-160614-F-482.wav,Multiclass_Drone_Audio\unknown\5-160614-F-482.wav,al_emadi,5-160614-F-482,0.97525,0.08471608644178492,6.874050617218018,-0.00022378094874620988,0.02745947121440194,-0.0006651388248428702,-0.02324417419731617,0.023996857926249504,0.07715230056726466,4.333199501037598,0.000309118255122888,0.026204016849912505,1.5723453543614596e-05,-0.012019457295536995,0.012111743912100792,0.38310530983309704,4.8553385734558105,-0.0006335623017036237,0.041350602327308056,-0.00011492083649500273,-0.014178625773638487,0.01556727709248662,0.3701475608930323,6.062915325164795,0.00012134088191125694,0.028765744588912543,-4.9626047257333994e-05,-0.013912444468587637,0.014149636030197144,0.08487874226482107,5.562848091125488,6.370504506088832e-06,0.009744758617456,2.423702426312957e-05,-0.004134654905647039,0.004057041462510825
F:\Seminario\Seminario-Clustering\datasets\davi\Al Emadi (2019)\Multiclass_Drone_Audio\unknown\2-139748-A-152.wav,Multiclass_Drone_Audio\unknown\2-139748-A-152.wav,al_emadi,2-139748-A-152,0.97525,0.48228474958373796,7.133362293243408,-0.00013869762526033303,0.025602840502747835,-0.0005558552220463753,-0.019926264882087708,0.018931491300463676,0.4768025139485725,6.6494646072387695,-3.2045574659774997e-06,0.025457281164949323,3.51451089954935e-05,-0.014744204469025135,0.015330457128584385,0.024814592634560727,7.5878190994262695,-4.098947207404291e-06,0.004112881649979435,-7.418559107463807e-06,-0.0023106690496206284,0.0023284079506993294,0.0026142759515949093,8.204751968383789,-1.7119415999707558e-05,0.0009445295468079407,-2.40182998823002e-06,-0.0005897876690141857,0.0005594088288489729,0.0134838678815339,7.6462178230285645,2.934722533434811e-07,0.0015177422931292421,9.265440894523636e-07,-0.0006175615242682397,0.0006306422757916153
F:\Seminario\Seminario-Clustering\datasets\davi\Al Emadi (2019)\Multiclass_Drone_Audio\unknown\silence123.wav,Multiclass_Drone_Audio\unknown\silence123.wav,al_emadi,silence123,0.743,0.0,-0.0,0.0,0.0,0.0,0.0,0.0,0.0,-0.0,0.0,0.0,0.0,0.0,0.0,0.0,-0.0,0.0,0.0,0.0,0.0,0.0,0.0,-0.0,0.0,0.0,0.0,0.0,0.0,0.0,-0.0,0.0,0.0,0.0,0.0,0.0
F:\Seminario\Seminario-Clustering\datasets\davi\Al Emadi (2019)\Multiclass_Drone_Audio\membo_1\Membo_1_000-membo_001_.wav,Multiclass_Drone_Audio\membo_1\Membo_1_000-membo_001_.wav,al_emadi,Membo_1_000-membo_001,1.024,0.9377397354574718,8.537668228149414,-0.0032138149457468282,0.39908598383434396,-0.00024424726143479347,-0.4866226404905319,0.4553078174591065,0.02457260023103134,7.8105292320251465,-5.492604948247973e-05,0.06460480017967678,0.00031532008142676204,-0.056804273277521126,0.057387787476181985,0.016022967137110204,9.11824893951416,-5.647746220276625e-05,0.0369427086165158,0.0005977862747386098,-0.03691019415855407,0.036026612669229505,0.013396445039775317,9.995218276977539,-0.00015980105639852186,0.023905520900340423,-0.00011245589121244848,-0.022975344210863113,0.022081494331359863,0.008268252134611348,11.17462158203125,-3.140143276987551e-05,0.013285844991571703,5.6205084547400475e-05,-0.013880906626582144,0.013708648644387724
F:\Seminario\Seminario-Clustering\datasets\davi\Al Emadi (2019)\Multiclass_Drone_Audio\membo_1\Membo_1_031-membo_000_.wav,Multiclass_Drone_Audio\membo_1\Membo_1_031-membo_000_.wav,al_emadi,Membo_1_031-membo_000,1.024,0.5345441832338045,9.390533447265625,0.0008953830782771653,0.08091148331292515,-0.0013666930608451366,-0.10622220933437347,0.10663332119584085,0.0755049417945423,9.00105094909668,-4.791132759617063e-05,0.030411097301410908,-0.0006010383658576757,-0.0400050513446331,0.038618807122111326,0.08867689356716305,9.973731994628906,-0.00011373510890406354,0.02333798789750327,-0.0007381283503491431,-0.030769147165119647,0.0299282493069768,0.1315254365409328,10.948700904846191,-9.105451346390066e-05,0.020114956475398776,-0.00018495558470021933,-0.026252659037709236,0.025604505091905594,0.16974854486355734,11.931032180786133,-9.317869056766123e-07,0.016165610471647197,0.00012644927483052015,-0.02082860320806503,0.02070371508598328
F:\Seminario\Seminario-Clustering\datasets\davi\Al Emadi (2019)\Multiclass_Drone_Audio\membo_1\Membo_1_044-membo_002_.wav,Multiclass_Drone_Audio\membo_1\Membo_1_044-membo_002_.wav,al_emadi,Membo_1_044-membo_002,1.024,0.6272331592518441,9.396604537963867,0.0008910920465301759,0.08669362021694574,-0.00046549912076443434,-0.11254672929644585,0.1177964560687542,0.05845915299526763,9.021341323852539,6.976240246445936e-05,0.02646795146842217,-0.0005801724910270423,-0.03433142267167568,0.03446349985897542,0.07424617711109163,9.971864700317383,-0.0002917538786791512,0.021120762428240198,7.598310185130686e-05,-0.02761889360845089,0.02627501729875803,0.09702053627620609,10.91362190246582,0.0004564884786566151,0.017082291997133743,0.00039613607805222273,-0.021733729168772697,0.02259325236082077,0.1430409743655905,11.881936073303223,-5.239692945085162e-07,0.014678102828232028,0.00011302791244816035,-0.01836589053273201,0.018429500609636308
F:\Seminario\Seminario-Clustering\datasets\davi\Al Emadi (2019)\Multiclass_Drone_Audio\unknown\1-47250-B-411.wav,Multiclass_Drone_Audio\unknown\1-47250-B-411.wav,al_emadi,1-47250-B-411,1.0216875,0.5307930700083018,9.03361701965332,-0.002949630816246053,0.44842393918783324,0.000600314699113369,-0.6089183986186981,0.561530339717865,0.20834596312338827,8.769659996032715,0.005304927104886563,0.2808993166431207,-0.003420199383981526,-0.32857671976089475,0.3570866614580155,0.17956468993035918,9.662679672241211,-0.001288894454457944,0.18474004781340708,-0.005288169719278812,-0.21979213356971739,0.22499314546585084,0.05836405535426821,10.556221008300781,0.0002884738580146231,0.07453045637944458,0.0016935445601120591,-0.08765918388962746,0.08497205600142481,0.0229322215836825,11.612527847290039,0.00013624364670165992,0.03304870819421498,0.0005810269503854215,-0.038989728689193724,0.03872440233826637
F:\Seminario\Seminario-Clustering\datasets\davi\Al Emadi (2019)\Multiclass_Drone_Audio\bebop_1\B_S2_D1_129-bebop_002_.wav,Multiclass_Drone_Audio\bebop_1\B_S2_D1_129-bebop_002_.wav,al_emadi,B_S2_D1_129-bebop_002,1.024,0.8232955881292088,8.016332626342773,-0.001210527262171206,0.4074915388789489,-0.00837552547454834,-0.40902832150459284,0.3794890761375429,0.013140270246540145,8.927215576171875,-0.000675036116741661,0.05147631292866752,0.001072210492566228,-0.0691192366182804,0.06414774134755136,0.038733727313987526,9.874545097351074,-0.0005537498881102371,0.06258765345403648,-0.0015455952379852533,-0.07893846780061722,0.07980840429663659,0.06745403394024746,10.90653133392334,-7.459732321249623e-05,0.0584547708760446,0.0004997854121029377,-0.07507089525461197,0.07442380487918854,0.057376380370016106,11.953315734863281,0.00012119414065596594,0.03813740524300496,-0.00031819992000237107,-0.04863601997494697,0.049493280798196794
F:\Seminario\Seminario-Clustering\datasets\davi\Al Emadi (2019)\Multiclass_Drone_Audio\unknown\5-215634-A-174.wav,Multiclass_Drone_Audio\unknown\5-215634-A-174.wav,al_emadi,5-215634-A-174,0.95975,0.9987853727890947,7.474852561950684,0.006912194087306034,0.0234654747635515,0.0,0.0,0.04740644805133343,0.00013472084270531738,6.863914966583252,-1.8305482196539344e-06,0.000284099579465218,0.0,-0.00015931876259855926,0.00012667038390645757,0.00014077092355328097,7.6355109214782715,-2.7367420769570055e-06,0.00020570908004882482,0.0,-9.475330880377441e-05,8.140272111631959e-05,0.00029885547851892435,8.656868934631348,-7.012131289058902e-07,0.0002121227775016396,0.0,-9.973458218155427e-05,8.226010249927701e-05,0.0006402799661277298,9.484033584594727,-4.4691361360955344e-07,0.00021964732870794076,0.0,-8.159659046214074e-05,8.126648026518524e-05
F:\Seminario\Seminario-Clustering\datasets\davi\Al Emadi (2019)\Multiclass_Drone_Audio\membo_1\mixed_membo_47-membo_001_.wav,Multiclass_Drone_Audio\membo_1\mixed_membo_47-membo_001_.wav,al_emadi,mixed_membo_47-membo_001,1.024,0.6533705710656835,9.011327743530273,6.200821654310504e-05,0.3321974188312439,0.00706620211713016,-0.4303554862737656,0.4148276001214981,0.2185966121887485,8.89769172668457,-0.002786056113031521,0.1921288260839176,-0.003004802973009646,-0.24360999315977097,0.24241712540388108,0.07715233494225425,9.930288314819336,0.00022254954746828216,0.08083654658217329,-0.0007422749768011272,-0.10246172621846199,0.10198575630784038,0.03398414039405771,10.882543563842773,-2.925906722613612e-05,0.03796891510590786,-0.0002055754594039172,-0.047165729105472565,0.04792327433824539,0.01689634140925595,11.924492835998535,4.709009684110813e-06,0.018938994679951596,-0.00011096789967268705,-0.024315647780895233,0.023953721299767514
F:\Seminario\Seminario-Clustering\datasets\davi\Al Emadi (2019)\Multiclass_Drone_Audio\unknown\4-163606-A-161.wav,Multiclass_Drone_Audio\unknown\4-163606-A-161.wav,al_emadi,4-163606-A-161,1.0216875,0.9673928825956556,9.02432632446289,9.538006881824495e-05,0.3365930220242467,0.002952304668724537,-0.4458995759487152,0.4387395828962331,0.03105126826478802,8.93975830078125,-0.00031955130017205806,0.06030277318138688,0.00075804308289662,-0.0791403166949749,0.0751451313495636,0.001335842930425754,9.891839981079102,-3.416552998048653e-05,0.008859388269874782,-7.474247831851244e-05,-0.01142164934426546,0.010986221581697467,0.00015144913783615358,10.906646728515625,-3.7313711311404033e-06,0.0021108878954797213,-4.512432496994734e-06,-0.0027115536155179138,0.0026835376862436536,6.855707129453562e-05,11.901224136352539,7.308698320085695e-07,0.0010046834536623032,2.0650913938879967e-06,-0.0012794478330761193,0.0012758267112076285
F:\Seminario\Seminario-Clustering\datasets\davi\Al Emadi (2019)\Multiclass_Drone_Audio\bebop_1\B_S2_D1_074-bebop_004_.wav,Multiclass_Drone_Audio\bebop_1\B_S2_D1_074-bebop_004_.wav,al_emadi,B_S2_D1_074-bebop_004,0.896,0.3816325513341206,8.34246826171875,-0.001422132529187204,0.20187942952989543,0.003996626939624548,-0.23058885335922236,0.23517180383205402,0.0466813440121524,8.647039413452148,0.0013307707776323771,0.0705951193277254,0.0018313495093025267,-0.08758344426751134,0.08684782683849335,0.13018370507752433,9.703584671020508,0.0025490791367489152,0.08347654732928404,0.0012865542666986585,-0.10364230424165724,0.10574489086866376,0.2608766441167108,10.686355590820312,0.00023822408399459867,0.08367823503201494,0.0014894609339535236,-0.1053252175450325,0.10607720911502841,0.1806257554594919,11.68397045135498,1.9958250718612707e-06,0.04925874801384617,-1.74181186594069e-05,-0.06269263476133347,0.061664123088121414
F:\Seminario\Seminario-Clustering\datasets\davi\Al Emadi (2019)\Multiclass_Drone_Audio\bebop_1\B_S2_D1_100-bebop_000_.wav,Multiclass_Drone_Audio\bebop_1\B_S2_D1_100-bebop_000_.wav,al_emadi,B_S2_D1_100-bebop_000,1.024,0.786904119491075,8.71955680847168,-0.002365763360878579,0.43646569670161145,-0.0014762755017727613,-0.5473760724067688,0.5475922822952272,0.015704311904934248,8.832164764404297,0.00029501220871450254,0.06165951000519781,-0.0007292536029126495,-0.07393039837479591,0.07947525829076768,0.04742472019342765,9.974260330200195,0.000524033412989433,0.07587627719450023,-0.0009001838916447014,-0.09628439396619796,0.09790768548846247,0.08758832528702001,10.93339729309082,0.0023055017961041424,0.07294165314513458,0.0019429135136306286,-0.09143442660570145,0.09681834280490875,0.062378523123543174,11.932875633239746,9.56650671389754e-07,0.04356696273068324,0.00022849533706903458,-0.05527690947055816,0.0551348999142647
F:\Seminario\Seminario-Clustering\datasets\davi\Al Emadi (2019)\Multiclass_Drone_Audio\unknown\5-194930-B-12.wav,Multiclass_Drone_Audio\unknown\5-194930-B-12.wav,al_emadi,5-194930-B-12,0.97525,0.09418103812181751,7.228092670440674,0.0009026177125648528,0.09844437384653493,-0.0004441314667928964,-0.07945965975522995,0.08908765017986298,0.5395417325494974,7.62354850769043,0.00036954526154764795,0.2356347988986891,0.00022943384828977287,-0.2650074362754822,0.24844065308570862,0.3321851782105003,8.396050453186035,0.0028968497194167215,0.13090653580323247,-7.024449951131828e-05,-0.12189731374382973,0.12184404209256172,0.03250676689198891,9.404556274414062,0.00019817200750697105,0.028984949570550835,-4.83993881061906e-06,-0.026678812690079212,0.02575294580310583,0.0015852842261958506,10.605865478515625,-4.101188329883507e-06,0.004528234143614056,1.0428266250528395e-07,-0.004681987594813108,0.004756020288914444
F:\Seminario\Seminario-Clustering\datasets\davi\Al Emadi (2019)\Multiclass_Drone_Audio\unknown\5-117250-A-20.wav,Multiclass_Drone_Audio\unknown\5-117250-A-20.wav,al_emadi,5-117250-A-20,1.0216875,0.5632539246195484,8.34079360961914,0.002755064415298872,0.9570994467463795,0.0,-1.2838879585266114,1.1628790974617007,0.18452453551352183,8.228403091430664,-0.006708814466126242,0.5477737812850599,0.0,-0.6890053272247314,0.6098410129547119,0.23097969436951823,9.040267944335938,0.0010381022376362951,0.4341281983882524,0.0,-0.4606066465377807,0.4770011901855471,0.019165995742081755,9.896373748779297,0.00035507333568308974,0.08849071723909073,0.0,-0.09413124918937683,0.09733923599123957,0.0020758497553298202,10.77696704864502,4.425539415592247e-05,0.02060171053939169,0.0,-0.02206512577831745,0.021052632853388816
F:\Seminario\Seminario-Clustering\datasets\davi\Al Emadi (2019)\Multiclass_Drone_Audio\membo_1\mixed_membo_48-membo_002_.wav,Multiclass_Drone_Audio\membo_1\mixed_membo_48-membo_002_.wav,al_emadi,mixed_membo_48-membo_002,1.024,0.673835653674607,8.265423774719238,1.9895460951657407e-05,0.0629188854333517,0.00036628759698942304,-0.061609529703855505,0.07287051677703858,0.027845085205741173,8.97188949584961,-7.209072115003737e-05,0.012790025611045728,-0.0005128192133270204,-0.015988756343722342,0.01610759682953358,0.056036426322811125,9.975149154663086,-6.1016833173882066e-05,0.012848509197192706,-0.00024833736097207293,-0.016689888574182986,0.01654811017215252,0.1245323820221484,10.731518745422363,1.4757811337012183e-05,0.013555597243721774,-0.00012987831723876297,-0.016252348199486732,0.01639675535261631,0.11775045277469229,11.846137046813965,-1.3004737052922092e-05,0.00932457471697124,5.930487532168627e-05,-0.011714167706668378,0.011709200963377955
F:\Seminario\Seminario-Clustering\datasets\davi\Al Emadi (2019)\Multiclass_Drone_Audio\unknown\2-43802-A-424.wav,Multiclass_Drone_Audio\unknown\2-43802-A-424.wav,al_emadi,2-43802-A-424,0.95975,0.7132515344709169,9.105856895446777,0.00395402424741251,0.6098315983730881,-0.004272172227501869,-0.798643171787262,0.8054330050945282,0.13830864320886932,8.369636535644531,-0.005636974911043501,0.26848908437373825,-0.0064277490600943565,-0.3087877035140991,0.29588907957077026,0.12995727662403475,9.398109436035156,-0.0005384564482268285,0.18440358331229195,0.0010124705731868744,-0.20607309639453888,0.20252240598201754,0.014869588695368937,10.769732475280762,6.945659570324717e-05,0.044141136674704144,7.928546983748674e-05,-0.05557886809110642,0.055251400917768485,0.0036129570008100187,11.770625114440918,3.348521147622129e-05,0.015392449539942326,0.00011572102084755898,-0.0192871131002903,0.019405025988817215
F:\Seminario\Seminario-Clustering\datasets\davi\Al Emadi (2019)\Multiclass_Drone_Audio\membo_1\mixed_membo_19-membo_004_.wav,Multiclass_Drone_Audio\membo_1\mixed_membo_19-membo_004_.wav,al_emadi,mixed_membo_19-membo_004,0.904,0.42060409530880005,8.897541046142578,-0.0007780976866582693,0.03517499079143659,-8.025990246096626e-05,-0.045821912586688995,0.04510970525443554,0.05034553389763432,8.841951370239258,1.75716903288628e-05,0.012172604005453232,4.969370365870418e-06,-0.014982880000025034,0.01543254489079118,0.13811868507604624,9.777704238891602,8.463611081169761e-06,0.014280113482522462,-0.00013276555546326563,-0.0180864879861474,0.018654517270624643,0.17277072107594701,10.750511169433594,-3.963100330473363e-05,0.011304264549881045,-1.3398235978456796e-06,-0.014478378929197788,0.014575040899217129,0.21816096464157236,11.72662353515625,4.582743997262937e-06,0.008986557828135741,0.00011275500582996756,-0.011607764661312102,0.011434931308031087
F:\Seminario\Seminario-Clustering\datasets\davi\Al Emadi (2019)\Multiclass_Drone_Audio\unknown\3-143560-A-474.wav,Multiclass_Drone_Audio\unknown\3-143560-A-474.wav,al_emadi,3-143560-A-474,0.95975,0.7986405700957142,8.713726043701172,-0.009152736983360341,0.9171465803466256,-0.008815059438347816,-1.1407501101493835,1.1124470829963684,0.107634398414942,8.730159759521484,-0.004672990910377253,0.33668083836824125,-0.010409935843199492,-0.411568358540535,0.4167722016572952,0.06703900671340332,9.749104499816895,0.00021304027637007175,0.18824411306202574,-0.0008337735198438168,-0.23455489575862884,0.23450493812561043,0.022921630263676593,10.721961975097656,-0.00026579964614030396,0.07789360379126128,-4.691662616096437e-05,-0.09447527676820755,0.09636796042323116,0.003764394512263877,11.620594024658203,-2.3603445848251456e-05,0.02233118135584075,8.672161493450403e-05,-0.02712572179734707,0.027134938165545464
F:\Seminario\Seminario-Clustering\datasets\davi\Al Emadi (2019)\Multiclass_Drone_Audio\unknown\4-204612-A-311.wav,Multiclass_Drone_Audio\unknown\4-204612-A-311.wav,al_emadi,4-204612-A-311,1.0216875,0.006866663821727797,5.220472812652588,0.0001332689431057114,0.011385019703547912,-1.3618853699881583e-05,-0.006423300690948963,0.006640393193811181,0.1202730778915035,2.9522383213043213,0.0023535852666250216,0.047593152942476964,1.7481125723861624e-05,-0.001865325507242232,0.001438377250451596,0.3083972782995009,3.37650203704834,-1.133684844120866e-05,0.054046989570973335,-1.1308540706522763e-05,-0.0013392884284257889,0.0012386385817080745,0.13977173404178556,4.621635913848877,0.0009186960560393012,0.025730750418791803,3.2417290185549064e-07,-0.0005630919942632316,0.0005546306842006745,0.42469124594548224,4.659602165222168,-2.86245886656959e-05,0.031748756091756695,-1.1916445146198384e-06,-0.0005099547677673399,0.0004942588740959786
F:\Seminario\Seminario-Clustering\datasets\davi\Al Emadi (2019)\Multiclass_Drone_Audio\unknown\3-124795-A-283.wav,Multiclass_Drone_Audio\unknown\3-124795-A-283.wav,al_emadi,3-124795-A-283,1.0216875,0.0,-0.0,0.0,0.0,0.0,0.0,0.0,0.0,-0.0,0.0,0.0,0.0,0.0,0.0,0.0,-0.0,0.0,0.0,0.0,0.0,0.0,0.0,-0.0,0.0,0.0,0.0,0.0,0.0,0.0,-0.0,0.0,0.0,0.0,0.0,0.0
F:\Seminario\Seminario-Clustering\datasets\davi\Al Emadi (2019)\Multiclass_Drone_Audio\unknown\4-186938-A-443.wav,Multiclass_Drone_Audio\unknown\4-186938-A-443.wav,al_emadi,4-186938-A-443,1.0216875,0.0,-0.0,0.0,0.0,0.0,0.0,0.0,0.0,-0.0,0.0,0.0,0.0,0.0,0.0,0.0,-0.0,0.0,0.0,0.0,0.0,0.0,0.0,-0.0,0.0,0.0,0.0,0.0,0.0,0.0,-0.0,0.0,0.0,0.0,0.0,0.0
F:\Seminario\Seminario-Clustering\datasets\davi\Al Emadi (2019)\Multiclass_Drone_Audio\bebop_1\B_S2_D1_084-bebop_004_.wav,Multiclass_Drone_Audio\bebop_1\B_S2_D1_084-bebop_004_.wav,al_emadi,B_S2_D1_084-bebop_004,0.896,0.8197430784017121,8.468489646911621,-0.002350683416964738,0.48109499135780714,0.0018003055592998862,-0.5614405274391174,0.5571952283382415,0.02047822656463176,8.792134284973145,-2.8506518153684365e-05,0.0760402077157052,0.0031675894279032946,-0.09718888103961944,0.09681813120841978,0.03975093371212171,9.791107177734375,0.0005278070657024548,0.0750357951159757,0.0008182630990631878,-0.0971055306494236,0.09735885486006736,0.07020579767441922,10.730266571044922,-0.0009922585371372726,0.07057603413057711,-0.0015615572920069098,-0.09011223763227463,0.08702850937843326,0.049821963647115254,11.738652229309082,-5.0311587249145606e-05,0.04206497691176149,-0.00031072343699634075,-0.05366329476237297,0.05374501645565033
F:\Seminario\Seminario-Clustering\datasets\davi\Al Emadi (2019)\Multiclass_Drone_Audio\unknown\5-182012-A-360.wav,Multiclass_Drone_Audio\unknown\5-182012-A-360.wav,al_emadi,5-182012-A-360,1.0216875,0.3660675369702263,8.929823875427246,-0.016193463292212048,0.3719128823019412,-0.019920228980481625,-0.5034870982170105,0.44635303914546975,0.14470718112598271,8.841294288635254,-0.006508009075828111,0.23396397259715138,0.007983993738889694,-0.3116490006446838,0.26952632963657386,0.06746408603332281,9.852108001708984,-0.0015750186412342155,0.11318574668621857,-0.006084536202251911,-0.145150887966156,0.1436292558908463,0.16559457242084585,10.990816116333008,0.0009611329621923741,0.12549052941185243,0.003134410362690687,-0.1631156772375107,0.15903316289186478,0.2561666234496223,11.935648918151855,-0.0009045830858858477,0.11041247654128342,0.002574362326413393,-0.14552147984504699,0.1387068331241609
F:\Seminario\Seminario-Clustering\datasets\davi\Al Emadi (2019)\Multiclass_Drone_Audio\unknown\1-30709-A-230.wav,Multiclass_Drone_Audio\unknown\1-30709-A-230.wav,al_emadi,1-30709-A-230,1.0216875,0.10835921340160146,8.815423965454102,0.0018292010491369618,0.17905068342021535,0.0025582080706954002,-0.22033513635396956,0.21838432252407075,0.3749177390281441,8.610076904296875,0.03143217791212045,0.3315821583049732,0.008066865149885416,-0.37163259387016295,0.4658222973346711,0.3698805574043396,9.618324279785156,0.00042289474778000734,0.23432647399458317,-0.0007724711904302239,-0.2845477044582367,0.28323122859001165,0.11725298289512934,10.373391151428223,-0.000928134505965027,0.09335443829297589,-0.00015181361231952906,-0.10737641155719757,0.10635031312704087,0.02958950727078542,11.401754379272461,-5.163174930187224e-05,0.03317673316433089,-1.448171678930521e-05,-0.03814982324838638,0.03850336521863938
F:\Seminario\Seminario-Clustering\datasets\davi\Al Emadi (2019)\Multiclass_Drone_Audio\unknown\3-125548-A-322.wav,Multiclass_Drone_Audio\unknown\3-125548-A-322.wav,al_emadi,3-125548-A-322,0.97525,0.037382585836877855,8.52902603149414,0.0001948835596597354,0.004673831731790361,1.7249520169571042e-05,-0.005313238129019737,0.005879397504031658,0.13039446695588508,6.8333892822265625,0.00015076689370195748,0.00873535387700625,3.217678749933839e-05,-0.005639222916215658,0.006154912523925304,0.4291431693458748,6.090576171875,0.0007158253911510319,0.01120164606276442,5.545891690417193e-05,-0.005731882993131876,0.006681107683107257,0.29195889840970524,7.733554840087891,-6.872260713610083e-05,0.00655120142489452,9.096648909689975e-07,-0.003393739345483482,0.0031698313541710377,0.11112087945165702,7.999605655670166,5.810482115192547e-06,0.0028593055614478265,1.9279468688182533e-06,-0.0012672441545873879,0.0012914906255900864
F:\Seminario\Seminario-Clustering\datasets\davi\Al Emadi (2019)\Multiclass_Drone_Audio\unknown\2-28314-A-120.wav,Multiclass_Drone_Audio\unknown\2-28314-A-120.wav,al_emadi,2-28314-A-120,1.0216875,0.8004408322873845,8.67943000793457,5.916579779833628e-05,0.042006868437126615,0.0004880033084191382,-0.05118540897965431,0.048068917915225065,0.026788308134054754,8.52096939086914,-3.2428800293977906e-05,0.007684664180463092,0.000180647628440056,-0.009226660616695881,0.00881926864385605,0.021149319855259963,7.880304336547852,-3.493332847932077e-05,0.004836359264730636,-2.6325924409320578e-05,-0.0044107939116656775,0.00442581195384264,0.05241329989336971,4.2427144050598145,-0.0001248370813542691,0.005386280784430777,-5.6986322306329384e-05,-0.0027055853279307485,0.002690128749236465,0.0992082398299311,6.99522590637207,2.9117256743747027e-05,0.00524351884830973,6.098991434555501e-06,-0.0022656409535557033,0.0023503953590989115
F:\Seminario\Seminario-Clustering\datasets\davi\Al Emadi (2019)\Multiclass_Drone_Audio\unknown\5-51149-A-254.wav,Multiclass_Drone_Audio\unknown\5-51149-A-254.wav,al_emadi,5-51149-A-254,0.95975,0.0,-0.0,0.0,0.0,0.0,0.0,0.0,0.0,-0.0,0.0,0.0,0.0,0.0,0.0,0.0,-0.0,0.0,0.0,0.0,0.0,0.0,0.0,-0.0,0.0,0.0,0.0,0.0,0.0,0.0,-0.0,0.0,0.0,0.0,0.0,0.0
F:\Seminario\Seminario-Clustering\datasets\davi\Al Emadi (2019)\Multiclass_Drone_Audio\bebop_1\B_S2_D1_096-bebop_003_.wav,Multiclass_Drone_Audio\bebop_1\B_S2_D1_096-bebop_003_.wav,al_emadi,B_S2_D1_096-bebop_003,1.024,0.9323690240749738,8.46987247467041,0.0014424458817461306,0.8539819880005952,-0.0012487620115280151,-0.981006783246994,0.9825858294963837,0.031637373455598576,7.165801048278809,0.0013495067552690512,0.157303962489042,-0.003643099684268236,-0.1135917104780674,0.11449916362762454,0.011265610801549066,9.078838348388672,-0.0005860368135936572,0.06647131916695491,0.00021739979274570942,-0.07279387637972831,0.06949134320020675,0.012793508093138489,10.88576889038086,-0.0002821678603408213,0.050132236994180346,-0.0004847599193453789,-0.06356316059827805,0.06429941207170486,0.01193448357474012,11.931011199951172,0.00010926088977832679,0.03425304171172351,-0.00014689838280901313,-0.04377069771289825,0.04362129569053651
F:\Seminario\Seminario-Clustering\datasets\davi\Al Emadi (2019)\Multiclass_Drone_Audio\membo_1\mixed_membo_53-membo_004_.wav,Multiclass_Drone_Audio\membo_1\mixed_membo_53-membo_004_.wav,al_emadi,mixed_membo_53-membo_004,0.904,0.7252496336751145,8.755050659179688,-0.0031966969645889167,0.16737598915719348,-0.019187499769032,-0.2084212929010391,0.2175032451748848,0.10838460310987394,8.787996292114258,-0.0005160578232000142,0.06471405125832211,0.00014624380855821073,-0.08541157990694045,0.08123337477445602,0.036060071484161675,9.724588394165039,-0.0005598373596169888,0.02643300618270745,-0.0009835801902227104,-0.033339984714984894,0.0324414685368538,0.05882969339701237,10.99515151977539,-2.1528087235456453e-05,0.023901938826280666,0.0002469055471010506,-0.03154902905225754,0.030642854049801826,0.0714759983338375,11.80983829498291,1.150955186684377e-05,0.01863846127234341,-0.0005994519451633096,-0.023638327047228812,0.024823986738920223
F:\Seminario\Seminario-Clustering\datasets\davi\Al Emadi (2019)\Multiclass_Drone_Audio\bebop_1\B_S2_D1_069-bebop_001_.wav,Multiclass_Drone_Audio\bebop_1\B_S2_D1_069-bebop_001_.wav,al_emadi,B_S2_D1_069-bebop_001,1.024,0.12783930855802733,8.606474876403809,0.0006882993365384783,0.08643068483802528,0.00021196925081312656,-0.09888876304030418,0.10153945162892342,0.05993191484493897,8.958684921264648,0.0015301676964369214,0.0591607071761351,0.003696771338582039,-0.07370274290442466,0.07602747082710268,0.21063529057009045,9.979755401611328,-2.6071917459433544e-05,0.07856578382917595,-0.00012337056250544265,-0.09938771724700927,0.10109312161803247,0.3476595903221617,10.945375442504883,0.0009756825381067964,0.07142657707006357,0.0011994396336376667,-0.09193556755781174,0.09288110584020615,0.25393389570478153,11.931679725646973,0.00011982556460967913,0.04318692768056691,-0.00013315826072357595,-0.05438515916466713,0.05540244951844216
F:\Seminario\Seminario-Clustering\datasets\davi\Al Emadi (2019)\Multiclass_Drone_Audio\unknown\2-209474-A-252.wav,Multiclass_Drone_Audio\unknown\2-209474-A-252.wav,al_emadi,2-209474-A-252,0.97525,0.5893739593345523,7.812885284423828,-0.034294739509643145,0.28353720000366095,-0.031987760215997696,-0.3481457233428955,0.24138855934143066,0.22089970137505877,7.186214447021484,0.0012079907819914947,0.17484594316428892,0.0006356046069413424,-0.15012523531913757,0.14833968877792358,0.15345960813538223,7.470722198486328,0.0004166223296808818,0.1032076593419236,0.0007207200396806002,-0.06783756613731384,0.07116511091589928,0.028702280334201993,8.890798568725586,0.00017403003737805875,0.03158554319453088,-4.273554986866657e-05,-0.024573583155870438,0.02528491336852312,0.0075644508208047335,10.576604843139648,-6.891820781811388e-05,0.011470894159588766,4.057828482473269e-05,-0.01081620566546917,0.010528262332081796
F:\Seminario\Seminario-Clustering\datasets\davi\Al Emadi (2019)\Multiclass_Drone_Audio\unknown\3-154926-A-404.wav,Multiclass_Drone_Audio\unknown\3-154926-A-404.wav,al_emadi,3-154926-A-404,0.95975,0.0,-0.0,0.0,0.0,0.0,0.0,0.0,0.0,-0.0,0.0,0.0,0.0,0.0,0.0,0.0,-0.0,0.0,0.0,0.0,0.0,0.0,0.0,-0.0,0.0,0.0,0.0,0.0,0.0,0.0,-0.0,0.0,0.0,0.0,0.0,0.0
F:\Seminario\Seminario-Clustering\datasets\davi\Al Emadi (2019)\Multiclass_Drone_Audio\membo_1\mixed_membo_45-membo_000_.wav,Multiclass_Drone_Audio\membo_1\mixed_membo_45-membo_000_.wav,al_emadi,mixed_membo_45-membo_000,1.024,0.16388627213159182,9.275793075561523,-7.567399574751125e-05,0.028885193098105003,0.0005366614204831421,-0.0382463913410902,0.03772321008145809,0.06903078054127076,8.895977020263672,-0.00016230066238085342,0.01874608599394126,-0.00013495836174115539,-0.023559576645493508,0.023179267719388007,0.2107416907935813,9.99990177154541,0.0003860489508413579,0.023192039775247246,0.000719766627298668,-0.030193938501179216,0.030248840712010863,0.23958696011878497,10.89097785949707,0.00034999513516178977,0.017499432362419614,0.00031507143285125494,-0.022310389205813408,0.022670725360512733,0.31675429641477115,11.801031112670898,-5.521367643448949e-06,0.014236749403384482,-0.0001971804304048419,-0.017271817475557328,0.017568947747349743
F:\Seminario\Seminario-Clustering\datasets\davi\Al Emadi (2019)\Multiclass_Drone_Audio\unknown\silence274.wav,Multiclass_Drone_Audio\unknown\silence274.wav,al_emadi,silence274,1.1145625,0.0,-0.0,0.0,0.0,0.0,0.0,0.0,0.0,-0.0,0.0,0.0,0.0,0.0,0.0,0.0,-0.0,0.0,0.0,0.0,0.0,0.0,0.0,-0.0,0.0,0.0,0.0,0.0,0.0,0.0,-0.0,0.0,0.0,0.0,0.0,0.0
F:\Seminario\Seminario-Clustering\datasets\davi\Al Emadi (2019)\Multiclass_Drone_Audio\membo_1\Membo_0_016-membo_004_.wav,Multiclass_Drone_Audio\membo_1\Membo_0_016-membo_004_.wav,al_emadi,Membo_0_016-membo_004,1.024,0.6320434485986568,9.441980361938477,0.0008812155876335805,0.08107961529157115,0.0005461736582219601,-0.1039789892733097,0.10659096017479897,0.04452689847537524,9.001319885253906,7.684420335368769e-05,0.02152148828629819,-0.00020490972383413464,-0.027636568434536456,0.02808475438505411,0.06426579355784014,9.82645034790039,-0.00012319527002168978,0.01830890357332059,5.570854409597814e-05,-0.02283083014190197,0.022611245885491373,0.11847614500411797,10.658892631530762,-2.9997832105878603e-06,0.017593531975040634,-1.8251648725708947e-05,-0.021318688988685608,0.02111329697072506,0.14068771436400984,11.755263328552246,1.6768992454555586e-05,0.013562374501193632,0.000148229009937495,-0.01658347025513649,0.016402709856629373
F:\Seminario\Seminario-Clustering\datasets\davi\Al Emadi (2019)\Multiclass_Drone_Audio\unknown\3-161500-A-174.wav,Multiclass_Drone_Audio\unknown\3-161500-A-174.wav,al_emadi,3-161500-A-174,0.95975,0.22291967978473504,8.62804126739502,-0.0010336181248912267,0.08174330419549762,-0.0018868424813263118,-0.10142851620912552,0.09745407104492188,0.34473941949710724,7.5703558921813965,0.001230479773185151,0.10165444578214039,7.733601159998216e-05,-0.10050656646490097,0.10386188328266144,0.1955539905547102,9.245080947875977,0.00019065723310348687,0.054239610940246534,0.0008168424828909338,-0.06196711212396622,0.06087162420153621,0.1374075855580363,9.863683700561523,-0.00013196747713512655,0.032174461945214894,1.7304191715084016e-06,-0.03366395048797131,0.03410740643739701,0.09937932460541121,8.914512634277344,-0.00010501292582022779,0.01935682110906741,6.820193084422499e-05,-0.014219262637197971,0.013739889487624168
F:\Seminario\Seminario-Clustering\datasets\davi\Al Emadi (2019)\Multiclass_Drone_Audio\membo_1\Membo_0_005-membo_000_.wav,Multiclass_Drone_Audio\membo_1\Membo_0_005-membo_000_.wav,al_emadi,Membo_0_005-membo_000,1.024,0.8503183605086432,8.421097755432129,-0.0015720794886097456,0.16675181982562245,-0.002189924940466881,-0.1841024100780487,0.18423345834016802,0.01732714328369529,9.009275436401367,3.5551240983039356e-05,0.023804665958298995,-0.0005666349607054144,-0.030792029574513435,0.030431415885686878,0.02986402108947941,9.729093551635742,-7.6964324310582e-06,0.022130518303925983,-1.9147846614941955e-05,-0.026654628105461597,0.02704038359224797,0.04708874886721902,10.643142700195312,3.052645524215965e-05,0.019666671964463263,0.00018504334730096161,-0.023859571665525436,0.023540806025266647,0.055401726250963096,11.6690092086792,1.6188458952619275e-05,0.015090534727141862,-4.767283098772168e-05,-0.017926114052534102,0.01796975173056126
F:\Seminario\Seminario-Clustering\datasets\davi\Al Emadi (2019)\Multiclass_Drone_Audio\bebop_1\B_S2_D1_122-bebop_000_.wav,Multiclass_Drone_Audio\bebop_1\B_S2_D1_122-bebop_000_.wav,al_emadi,B_S2_D1_122-bebop_000,1.024,0.5320174597490008,8.261775970458984,-6.487526291149479e-05,0.22828308575529815,0.0007641990669071674,-0.24544017910957336,0.2425419181585312,0.031734860719076545,8.980403900146484,-0.0016079986581688484,0.05573120243768314,-0.00014618806017097086,-0.07765275314450264,0.0707639180123806,0.10546625051895642,9.945137023925781,-0.0030346587290523753,0.07191170656959534,-0.002681492129340768,-0.09361045956611633,0.08703846484422685,0.18902290168114172,10.9517822265625,0.000173705397755697,0.06819308493541601,0.0013190878089517355,-0.08951408416032791,0.0862107127904892,0.14175852733182445,11.910940170288086,0.0001322927050384083,0.04177604835721057,0.0007890939596109092,-0.05294709950685501,0.05365251600742341
F:\Seminario\Seminario-Clustering\datasets\davi\Al Emadi (2019)\Multiclass_Drone_Audio\unknown\4-165791-A-451.wav,Multiclass_Drone_Audio\unknown\4-165791-A-451.wav,al_emadi,4-165791-A-451,1.0216875,0.6818028723812952,8.77692699432373,0.005042054767426872,0.5154379346096511,-0.0010083895176649094,-0.6262016654014587,0.6341587841510777,0.2759067393066547,8.721572875976562,0.004566466677793508,0.3278738493807382,-0.007418351713567972,-0.37202537059783936,0.39330803453922275,0.030270397510895934,9.813060760498047,3.9188653880808906e-05,0.07693116819492271,0.0013119128998368979,-0.09618050903081893,0.09469534009695053,0.009896899496744417,10.196054458618164,0.00016937124489506508,0.031127169404510012,0.00012444818275980651,-0.03321103788912296,0.032551313191652304,0.0021230913044097094,11.20848560333252,7.872065027112327e-06,0.010198857187040318,3.2928772270679474e-05,-0.010823941230773926,0.01092602945864202
F:\Seminario\Seminario-Clustering\datasets\davi\Al Emadi (2019)\Multiclass_Drone_Audio\unknown\1-16746-A-151.wav,Multiclass_Drone_Audio\unknown\1-16746-A-151.wav,al_emadi,1-16746-A-151,1.0216875,0.9594373118520642,5.97472620010376,5.58682939115814e-08,0.00030271221166440265,0.0,-4.375311036710627e-05,1.5229074733724785e-06,0.012814570232011777,6.180305004119873,7.614368410628998e-07,3.4976050525072175e-05,0.0,-5.38002318535291e-06,4.563417815006707e-06,0.007080252779610507,7.175459861755371,2.6829432458572015e-07,1.841728150537602e-05,0.0,-1.8506546894059253e-06,2.025496451096843e-06,0.013024378417544814,8.145686149597168,3.8725814575076085e-08,1.767778444873809e-05,0.0,-1.8303963656762782e-06,4.6513660549862983e-07,0.007643486718768778,9.448123931884766,-3.289387728960128e-08,9.579975331175023e-06,0.0,-1.3465842130243944e-08,3.7873842302360825e-07
F:\Seminario\Seminario-Clustering\datasets\davi\Al Emadi (2019)\Multiclass_Drone_Audio\membo_1\Membo_0_005-membo_002_.wav,Multiclass_Drone_Audio\membo_1\Membo_0_005-membo_002_.wav,al_emadi,Membo_0_005-membo_002,1.024,0.572254165694926,9.279541969299316,0.0008857642733311118,0.09758317100180537,0.006022701971232891,-0.12640802264213563,0.12320147752761841,0.07857012139242912,8.963895797729492,7.544855207986949e-05,0.03615980443074519,-4.6435248805209994e-05,-0.04660810492932796,0.04730335399508477,0.08255689712438086,9.856234550476074,-0.0001900365037982218,0.026247142252773272,-0.0006223743839655071,-0.03357787989079952,0.03345335721969605,0.11613356167446473,10.838098526000977,0.00012261126447589413,0.02203150701920146,1.6440550098195672e-05,-0.02748272567987442,0.027579542249441147,0.1504852541137992,11.831619262695312,-2.356736440072461e-06,0.01774146294464812,0.00010898114123847336,-0.022415269538760184,0.02239457257091999
F:\Seminario\Seminario-Clustering\datasets\davi\Al Emadi (2019)\Multiclass_Drone_Audio\unknown\1-208757-B-20.wav,Multiclass_Drone_Audio\unknown\1-208757-B-20.wav,al_emadi,1-208757-B-20,1.0216875,0.37671646117272245,7.8320417404174805,0.0006216844468620327,0.4177461930364745,-0.007321964018046856,-0.4050982654094696,0.408427640795708,0.3610092667303716,7.976231098175049,-0.004040428600421244,0.40892500965492057,-0.001204503874760121,-0.4268190026283264,0.43123874068260215,0.15529239639513637,8.542267799377441,-0.00027980446473630796,0.1899791293296186,0.0005511065246537328,-0.1884103387594223,0.1863491415977478,0.08140612362771776,9.652580261230469,-0.0003448098362642541,0.097333030086073,-0.0003889696818077937,-0.09548429548740386,0.09168637171387674,0.025575752074051817,11.003622055053711,-3.053129300234566e-05,0.03859395805080081,0.00010493031004443765,-0.04085135832428932,0.040385841578245193
F:\Seminario\Seminario-Clustering\datasets\davi\Al Emadi (2019)\Multiclass_Drone_Audio\unknown\3-170383-A-384.wav,Multiclass_Drone_Audio\unknown\3-170383-A-384.wav,al_emadi,3-170383-A-384,0.95975,0.9890557045924571,8.235150337219238,-0.006522381565755081,0.12096380905780339,4.180269024800509e-05,-0.15776079148054123,0.13514018058776855,0.0041910260304502105,5.68488073348999,-1.2185898889410532e-05,0.007885607343341575,-1.3981825759401545e-06,-0.0018562088953331113,0.0018074811669066548,0.0019315167987552623,6.5504841804504395,4.8909817600030114e-05,0.0037919430133494724,-1.2731354217976332e-05,-0.0008733582217246293,0.0009567885193973784,0.0025266838018731352,6.767874717712402,-8.512726766635604e-06,0.0030693481272793905,-7.953458407428116e-07,-0.0004865192662691697,0.00048075881495606213,0.0022950687764643025,7.336496353149414,1.2204044485371187e-05,0.0020694048566480727,1.5294572222046554e-06,-0.00028089439729228616,0.00028062501223757863
F:\Seminario\Seminario-Clustering\datasets\davi\Al Emadi (2019)\Multiclass_Drone_Audio\unknown\3-103051-A-191.wav,Multiclass_Drone_Audio\unknown\3-103051-A-191.wav,al_emadi,3-103051-A-191,1.0216875,0.9628920270960344,8.201823234558105,0.013074584590322754,0.1047777822300013,0.015346269123256207,-0.11145610362291336,0.12881144881248474,0.03453429761236282,8.106074333190918,3.7100582333688865e-06,0.019996816257909243,-3.562170240911655e-05,-0.023136789351701735,0.02323094699531794,0.002439826535476545,9.23729419708252,-8.542074144980326e-06,0.0037647788937170412,2.954146475531161e-05,-0.004596887528896331,0.004385874513536692,8.87915851474556e-05,10.760711669921875,-4.6593453556699266e-07,0.0005082179400958194,-8.996485121315345e-07,-0.0006255995773244649,0.0006320979679003359,4.505717097882958e-05,11.89661693572998,2.954597955697234e-07,0.00025610423955255206,2.2092717699706554e-06,-0.0003271073801442981,0.00032280415762215854
F:\Seminario\Seminario-Clustering\datasets\davi\Al Emadi (2019)\Multiclass_Drone_Audio\unknown\4-119647-C-483.wav,Multiclass_Drone_Audio\unknown\4-119647-C-483.wav,al_emadi,4-119647-C-483,1.0216875,0.7097583999040347,4.738496780395508,-3.69124820337908e-05,0.140542207231229,0.00017172348452731967,-0.036561370640993116,0.0393432766199112,0.25730976959589247,4.608790397644043,-0.0018521097664593903,0.08460101983676899,-4.845508374273777e-05,-0.016005132161080834,0.01310294251888992,0.026167973159584683,5.349314212799072,-0.00037977639106759505,0.019110690454505617,-1.4797367839491926e-05,-0.005184545461088419,0.004639369901269676,0.00587896417752384,6.3203558921813965,-3.0559173691293624e-05,0.0064109996144741015,1.8591116486277315e-06,-0.002280726353637874,0.0024169361917302013,0.0008848931629643622,8.661865234375,-3.6442021561619573e-06,0.0017595254727861638,-4.1602379496907815e-07,-0.0009342667181044817,0.0009680213173851377
F:\Seminario\Seminario-Clustering\datasets\davi\Al Emadi (2019)\Multiclass_Drone_Audio\membo_1\Membo_0_001-membo_002_.wav,Multiclass_Drone_Audio\membo_1\Membo_0_001-membo_002_.wav,al_emadi,Membo_0_001-membo_002,1.024,0.4304517316408565,9.387582778930664,0.00022065059340658407,0.08026486333604053,-0.0011490960605442524,-0.10431161671876907,0.10772539004683496,0.07702238774951935,8.971057891845703,-0.0001932927245416597,0.03395207576936516,-0.0017662406316958368,-0.04181549847126007,0.043226038292050364,0.10449616689172665,9.930078506469727,-2.021621778109061e-05,0.028004856096393336,-0.0003150853008264676,-0.0358381487429142,0.03488257564604282,0.16341174571475797,10.893115997314453,0.00018982368139716828,0.024783777974728992,-0.0005989427445456386,-0.03121435083448887,0.03186392784118652,0.22461796800313957,11.910174369812012,-6.916335813295652e-06,0.020555650541879068,-6.292897160165012e-05,-0.025893085822463035,0.026080840826034547
F:\Seminario\Seminario-Clustering\datasets\davi\Al Emadi (2019)\Multiclass_Drone_Audio\unknown\4-163609-B-164.wav,Multiclass_Drone_Audio\unknown\4-163609-B-164.wav,al_emadi,4-163609-B-164,0.95975,0.9671815849054214,8.615696907043457,-0.00018236570758745074,0.16716022535666408,0.0019687311723828316,-0.20145907998085022,0.21017950773239136,0.02968451204859194,8.500365257263184,-1.520098418534365e-05,0.029284924318365994,0.0002596434496808797,-0.035377293825149536,0.03386687487363815,0.0027528259528435857,9.34939956665039,5.8536158055188014e-05,0.006317178136673053,-3.629212733358145e-05,-0.006632344983518124,0.007303799595683815,0.0003362575384368906,10.651662826538086,-7.353961431889333e-06,0.0015624541761783757,-3.310226202302147e-05,-0.001887954818084836,0.001890895562246442,4.481955470621926e-05,11.838350296020508,-3.139148308990626e-07,0.0004035454898084431,-4.669360350817442e-06,-0.0005094052758067846,0.0005160154541954398
F:\Seminario\Seminario-Clustering\datasets\davi\Al Emadi (2019)\Multiclass_Drone_Audio\unknown\1-76831-C-422.wav,Multiclass_Drone_Audio\unknown\1-76831-C-422.wav,al_emadi,1-76831-C-422,0.97525,0.008799472332915908,7.182125091552734,-0.003948182576534383,0.15668101416490715,-0.002312600612640381,-0.1252385377883911,0.11625242233276367,0.31361907784429904,7.749602317810059,-0.0001533730089651168,0.9356795188071624,-0.003996875137090683,-0.8830574154853821,0.9533228278160095,0.5689778003259006,9.847282409667969,0.0012650092189287832,0.8925307650992187,-0.005748890805989504,-1.1361806988716125,1.1302419900894165,0.10546320039194244,10.240586280822754,0.0005002658819944035,0.27192180908443797,0.004240941256284714,-0.29776132106781006,0.2903049886226654,0.0031404491049419675,11.764775276184082,-4.561964305815994e-06,0.03319478205329355,-0.00033832970075309277,-0.041188066452741624,0.04134946689009668
F:\Seminario\Seminario-Clustering\datasets\davi\Al Emadi (2019)\Multiclass_Drone_Audio\bebop_1\mixed_63-bebop_004_.wav,Multiclass_Drone_Audio\bebop_1\mixed_63-bebop_004_.wav,al_emadi,mixed_63-bebop_004,0.904,0.4662209629182481,8.837717056274414,-2.878216878193748e-05,0.21351160814008002,0.005961170885711908,-0.2657543122768402,0.26388826668262483,0.08862503911209767,8.788665771484375,-0.004386104145373543,0.09298678395705608,-0.006820121547207236,-0.11992671489715576,0.11661697700619698,0.08886548325790007,9.779685974121094,0.001658912982733968,0.06600199800523475,0.001558790449053049,-0.08556094765663147,0.08831755816936494,0.13190964761931892,10.681339263916016,0.001164279102959027,0.05692191314802023,0.0011448819423094392,-0.07075431197881699,0.07208885997533798,0.22437886709243524,11.189037322998047,0.000203054863632711,0.05253089074850236,-0.0003766847075894475,-0.05918823927640915,0.05970040932297708
F:\Seminario\Seminario-Clustering\datasets\davi\Al Emadi (2019)\Multiclass_Drone_Audio\bebop_1\mixed_38-bebop_003_.wav,Multiclass_Drone_Audio\bebop_1\mixed_38-bebop_003_.wav,al_emadi,mixed_38-bebop_003,1.024,0.7441204588267799,7.917087554931641,-0.002239414754219679,0.21717620165689847,-0.003416410880163312,-0.24309998899698257,0.19567149877548223,0.02135857379568428,8.957803726196289,0.0022788606535895386,0.036725297761972524,0.002011083997786045,-0.04254861250519752,0.04827929884195329,0.05297252777781186,9.929616928100586,-0.0006207591761467537,0.04103058771554919,-0.0012188069522380829,-0.05285615511238575,0.05305590145289898,0.10831024978895587,10.963642120361328,-0.00021110297823320683,0.04152566528549773,-0.000831243465654552,-0.05281546339392662,0.054037563502788544,0.0732381898107681,11.939534187316895,1.7049571453743753e-05,0.02415608251081153,-0.00020632956875488162,-0.03105983957648277,0.030636274069547657
F:\Seminario\Seminario-Clustering\datasets\davi\Al Emadi (2019)\Multiclass_Drone_Audio\bebop_1\mixed_14-bebop_001_.wav,Multiclass_Drone_Audio\bebop_1\mixed_14-bebop_001_.wav,al_emadi,mixed_14-bebop_001,1.024,0.433943909717663,8.985671997070312,0.0001461797389054888,0.10558834280708031,-0.0005762712098658085,-0.13651710599660874,0.13838352411985397,0.07275312091575425,8.95101547241211,3.429104229864818e-05,0.043233985661191326,-0.000644038780592382,-0.05706126876175403,0.05466147474944592,0.1305940648148001,9.970687866210938,-0.0022393781679745685,0.040957319045761574,-0.002538025612011552,-0.05563902966678142,0.049052694439888,0.21091235751427925,10.956710815429688,-0.0004102025434253426,0.03688905087545207,-0.0006291397148743272,-0.04764414206147194,0.04757942631840706,0.15179654703750342,11.934475898742676,3.6228106959405867e-06,0.02213984859917469,7.62245908845216e-05,-0.02843193933367729,0.028554541990160942
F:\Seminario\Seminario-Clustering\datasets\davi\Al Emadi (2019)\Multiclass_Drone_Audio\bebop_1\mixed_64-bebop_000_.wav,Multiclass_Drone_Audio\bebop_1\mixed_64-bebop_000_.wav,al_emadi,mixed_64-bebop_000,1.024,0.1634807125994112,8.14854907989502,0.0005467278107512489,0.05712821653059219,0.0007468003313988447,-0.06136963069438934,0.06104824580252171,0.16820389169245983,7.780302047729492,0.0005558761815990189,0.05794758259638376,1.999687810894102e-05,-0.05531353391706943,0.05729158483445645,0.2231811973355114,9.85696792602539,-0.0008226552385426042,0.04726271943294531,0.0006082889449317008,-0.06134784407913685,0.059745385125279445,0.2705991393942105,10.958349227905273,0.0004544394173221883,0.036833344414707654,0.0007060935022309422,-0.04666203260421753,0.04719967767596245,0.1745350589784071,11.925416946411133,-5.348952676676645e-05,0.02092769095381953,2.8866343200206757e-06,-0.027002932876348494,0.026631658151745802
F:\Seminario\Seminario-Clustering\datasets\davi\Al Emadi (2019)\Multiclass_Drone_Audio\bebop_1\B_S2_D1_125-bebop_001_.wav,Multiclass_Drone_Audio\bebop_1\B_S2_D1_125-bebop_001_.wav,al_emadi,B_S2_D1_125-bebop_001,1.024,0.8669101336612528,8.65682315826416,0.002613200191905704,0.5307203356879586,-0.010084280744194984,-0.608781349658966,0.6366133570671082,0.010935217846455899,8.886625289916992,0.00016206312140232875,0.05960683594582665,0.0011374064488336444,-0.07661236599087715,0.07322920188307763,0.027856158534462445,9.914481163024902,0.0033975562937051,0.06728371891581478,0.005137002328410745,-0.08172457441687583,0.08816890940070153,0.053762326071396534,10.901543617248535,-0.0012103374391633306,0.06622533942221462,-0.0020303153432905674,-0.08488886058330536,0.0844840258359909,0.04053616388643237,11.913683891296387,0.00011542149381553331,0.04068625045856425,-0.0001944496325450018,-0.050968293100595474,0.05118707492947579
F:\Seminario\Seminario-Clustering\datasets\davi\Al Emadi (2019)\Multiclass_Drone_Audio\bebop_1\mixed_45-bebop_000_.wav,Multiclass_Drone_Audio\bebop_1\mixed_45-bebop_000_.wav,al_emadi,mixed_45-bebop_000,1.024,0.5281832796405972,8.533036231994629,-0.0005565482339238549,0.11883223577413439,-0.0032616127282381058,-0.13651927262544633,0.14463942497968674,0.040471149841737324,8.956137657165527,-0.0002299278278160361,0.03289340961239374,0.0010480968048796058,-0.041277194395661354,0.04204940348863603,0.10830229686032686,9.954401016235352,-0.0013573227708686226,0.03808099030619739,-0.0009253723837900907,-0.049638948589563366,0.04658944606781006,0.18183779890471077,10.907684326171875,0.0002541029464563572,0.03494226361000886,-0.000498657813295722,-0.043087828904390335,0.04594714939594269,0.14120547475262782,11.939842224121094,-5.285980175007161e-05,0.02178288267534942,0.00011258832091698423,-0.02792866304516792,0.027517940476536752
F:\Seminario\Seminario-Clustering\datasets\davi\Al Emadi (2019)\Multiclass_Drone_Audio\bebop_1\B_S2_D1_104-bebop_003_.wav,Multiclass_Drone_Audio\bebop_1\B_S2_D1_104-bebop_003_.wav,al_emadi,B_S2_D1_104-bebop_003,1.024,0.5650544522524537,7.642064094543457,0.004779802338283473,0.263411382377585,0.006626496557146311,-0.21799295544624328,0.22976002991199498,0.03793260311231752,8.928498268127441,0.0009093727872116961,0.06825408654175923,0.002164384350180626,-0.08744650185108185,0.08020517453551293,0.09155792032865749,9.944128036499023,-0.00057161065804291,0.07509562647652387,-0.0023662165040150285,-0.09415694698691368,0.09456080719828608,0.17642294617518897,10.940138816833496,-0.0018698950322046607,0.07375179229426682,-0.0023948359303176403,-0.09552492201328278,0.09310410916805267,0.12903207813138234,11.930424690246582,-8.160546861802821e-05,0.044632697423831795,0.00035481544909998775,-0.057716318964958185,0.056652231514453893
F:\Seminario\Seminario-Clustering\datasets\davi\Al Emadi (2019)\Multiclass_Drone_Audio\unknown\4-171396-A-244.wav,Multiclass_Drone_Audio\unknown\4-171396-A-244.wav,al_emadi,4-171396-A-244,0.95975,0.531335987049967,4.430150985717773,-0.0004302060818150027,0.04517061913112504,-0.0003915295674232766,-0.002694436814635992,0.0015902143786661327,0.2132910103680131,5.271100997924805,0.00011911988587041527,0.02862026320049659,5.066117410024162e-06,-0.005765998270362616,0.005132229765877128,0.09978421833170793,5.361739635467529,-0.00023287847456905986,0.01386545026725306,-2.260952669530525e-06,-0.0017622278537601228,0.0017413417110219622,0.12664768685137962,6.028262615203857,5.909592265202981e-06,0.01105570789687404,-2.1991246512698126e-07,-0.0007367349637206643,0.0007229868730064485,0.02894109739893242,6.909506320953369,9.129111334549171e-07,0.0037387658450508342,-6.230550297914306e-08,-0.00025257631205022335,0.00022690187324769795
F:\Seminario\Seminario-Clustering\datasets\davi\Al Emadi (2019)\Multiclass_Drone_Audio\membo_1\mixed_membo_48-membo_003_.wav,Multiclass_Drone_Audio\membo_1\mixed_membo_48-membo_003_.wav,al_emadi,mixed_membo_48-membo_003,1.024,0.7028059503346791,8.951774597167969,0.0005306576422864381,0.06563153197740237,0.0024367189034819603,-0.08306764885783195,0.08291285037994385,0.034502421439744996,8.938709259033203,-0.0001547671869330479,0.01454150038608403,0.00019740156130865216,-0.01919363681226969,0.018104332871735098,0.05535182370577824,9.966084480285645,-2.9157527183331485e-06,0.013043477292934808,-0.00024408561876043677,-0.01653545331209898,0.017051155120134363,0.11724863847902649,10.783284187316895,-6.188534189166675e-05,0.013434826159318307,5.898578820051625e-06,-0.016877280548214912,0.016409840434789658,0.09009116604077125,11.881902694702148,6.159582118305367e-06,0.008330942431777016,-0.00013518246123567224,-0.010316993296146392,0.010516214370727542
F:\Seminario\Seminario-Clustering\datasets\davi\Al Emadi (2019)\Multiclass_Drone_Audio\unknown\4-210593-A-291.wav,Multiclass_Drone_Audio\unknown\4-210593-A-291.wav,al_emadi,4-210593-A-291,1.0216875,0.8995373285754885,5.503334045410156,-0.003924412352483333,0.04668019822834705,-0.0032413234002888203,-0.0290228171274066,0.019262830354273328,0.032983513740089114,6.18654727935791,1.4896215393509424e-05,0.008970162164599905,0.00012488285210565664,-0.00686720279045403,0.006841612793505196,0.01180385042507192,8.79119873046875,2.586671938920444e-05,0.0038008420151883155,-4.0611877921037376e-05,-0.003751624887809157,0.00386263132095337,0.04108426532310101,5.769179821014404,0.00019336979566112695,0.005014137824351113,-3.321869735373184e-05,-0.0021818200359120963,0.0022466875147074466,0.01459104193624943,7.310749053955078,1.0717750602425252e-06,0.002115412699440639,3.884269972331822e-07,-0.0012289249571040273,0.0012210970977321268
F:\Seminario\Seminario-Clustering\datasets\davi\Al Emadi (2019)\Multiclass_Drone_Audio\unknown\5-238492-A-234.wav,Multiclass_Drone_Audio\unknown\5-238492-A-234.wav,al_emadi,5-238492-A-234,0.95975,0.0,-0.0,0.0,0.0,0.0,0.0,0.0,0.0,-0.0,0.0,0.0,0.0,0.0,0.0,0.0,-0.0,0.0,0.0,0.0,0.0,0.0,0.0,-0.0,0.0,0.0,0.0,0.0,0.0,0.0,-0.0,0.0,0.0,0.0,0.0,0.0
F:\Seminario\Seminario-Clustering\datasets\davi\Al Emadi (2019)\Multiclass_Drone_Audio\unknown\silence199.wav,Multiclass_Drone_Audio\unknown\silence199.wav,al_emadi,silence199,1.1145625,0.0,-0.0,0.0,0.0,0.0,0.0,0.0,0.0,-0.0,0.0,0.0,0.0,0.0,0.0,0.0,-0.0,0.0,0.0,0.0,0.0,0.0,0.0,-0.0,0.0,0.0,0.0,0.0,0.0,0.0,-0.0,0.0,0.0,0.0,0.0,0.0
F:\Seminario\Seminario-Clustering\datasets\davi\Al Emadi (2019)\Multiclass_Drone_Audio\bebop_1\mixed_1-bebop_000_.wav,Multiclass_Drone_Audio\bebop_1\mixed_1-bebop_000_.wav,al_emadi,mixed_1-bebop_000,1.024,0.29980958108681155,9.059616088867188,0.0069547181524046995,0.1696965644116118,0.016210470348596573,-0.22088577449321747,0.22781550884246826,0.38083824981125053,8.696292877197266,0.0006769686319935362,0.19141777397103876,0.005859134951606393,-0.24433663636445999,0.23346058130264283,0.17054654198263391,9.569547653198242,0.0006172203327864208,0.09070777606076466,2.571090590208769e-06,-0.10563200637698172,0.11025897115468981,0.10894531118597763,10.789241790771484,0.0004163158946870068,0.05130721195077102,0.00040408768109045923,-0.06210929900407791,0.06426103413105011,0.03986031593332639,11.952791213989258,5.297576720452222e-05,0.021954722287348055,0.00014616269618272781,-0.027948060259222984,0.027617783471941954
F:\Seminario\Seminario-Clustering\datasets\davi\Al Emadi (2019)\Multiclass_Drone_Audio\unknown\3-143933-A-384.wav,Multiclass_Drone_Audio\unknown\3-143933-A-384.wav,al_emadi,3-143933-A-384,0.95975,0.26724495895122524,8.722766876220703,-0.00044375248006444984,0.019473968940343363,-0.0006008885975461453,-0.0242952648550272,0.022980730049312115,0.0342887415042723,5.603735446929932,-0.0004956789948636418,0.006959683794262392,4.5491855416912585e-05,-0.0030411668121814728,0.0029061746317893267,0.138905357676295,5.231061935424805,0.00011123253126680101,0.00994759217973809,-6.79748336551711e-06,-0.0011210351716727017,0.0010992933763191116,0.46000616137690203,5.628964424133301,-0.00018231705900438797,0.012809941311399708,9.94772562989965e-07,-0.0006598020263481885,0.0006381827115546912,0.09955478049130544,6.875975608825684,8.411500923306147e-06,0.004216210747928138,-3.745313733816147e-06,-0.0004342227184679359,0.00043292989721521735
F:\Seminario\Seminario-Clustering\datasets\davi\Al Emadi (2019)\Multiclass_Drone_Audio\membo_1\Membo_0_002-membo_003_.wav,Multiclass_Drone_Audio\membo_1\Membo_0_002-membo_003_.wav,al_emadi,Membo_0_002-membo_003,1.024,0.6255188126027051,9.460596084594727,-0.00030316990027113737,0.08639089989456959,0.0008720656624063849,-0.11334418281912803,0.11338991820812225,0.043536266683455435,9.128783226013184,7.998773138204395e-05,0.022791525143698425,-2.3650325601920485e-05,-0.03088420145213604,0.03013748489320278,0.04979147440349085,9.820714950561523,3.864634973574552e-05,0.017260178728246547,-1.0056577593786642e-05,-0.020885059982538222,0.021514823287725453,0.10695444755350594,10.856735229492188,-9.403019871972514e-05,0.017902663255157724,-0.0003230333386454731,-0.022608863189816475,0.02228768914937973,0.1741989987568426,11.840042114257812,7.306158986555256e-06,0.01616282986844314,-2.392186434008181e-05,-0.020020017772912978,0.020401404798030858
F:\Seminario\Seminario-Clustering\datasets\davi\Al Emadi (2019)\Multiclass_Drone_Audio\unknown\5-253094-A-492.wav,Multiclass_Drone_Audio\unknown\5-253094-A-492.wav,al_emadi,5-253094-A-492,0.97525,0.14871523729598932,7.641960144042969,-0.0007545669809592343,0.2130486165520249,0.0020094611681997776,-0.20243804156780243,0.19072948396205902,0.12216803156871346,7.789170742034912,-0.004740733048416035,0.19304191173887011,0.0003058053262066096,-0.2110568881034851,0.1833852082490921,0.24299887998999112,8.90060806274414,0.0007090839312742105,0.19286482098219054,-0.0002384549006819725,-0.19645429402589798,0.20605000108480453,0.3360838278632143,9.81242561340332,-0.0010614265920398745,0.16050420874786717,0.00031099341867957264,-0.17076029628515244,0.16227179020643234,0.1500340232820918,10.723400115966797,1.1854510543563149e-05,0.07586590439199725,-5.839447840116918e-05,-0.07422744631767272,0.07378542572259907
F:\Seminario\Seminario-Clustering\datasets\davi\Al Emadi (2019)\Multiclass_Drone_Audio\bebop_1\mixed_65-bebop_000_.wav,Multiclass_Drone_Audio\bebop_1\mixed_65-bebop_000_.wav,al_emadi,mixed_65-bebop_000,1.024,0.5785479813509176,6.74887752532959,-0.0015847845237534856,0.12885820323191183,-0.0008133184164762497,-0.11431585997343063,0.11619407385587693,0.060170568224531915,7.348391532897949,-0.00015830324005699508,0.0415589062404271,-0.0004567886353470385,-0.039426857978105544,0.038654085248708725,0.09446824248890719,9.731256484985352,0.0006539245746525806,0.036869582261830174,0.0003406567557249218,-0.04344836622476578,0.047601805999875076,0.14808814455474217,10.899404525756836,-0.00010223736440134473,0.03267435077780784,-0.0003687577263917774,-0.04189867153763771,0.04189775884151459,0.11872506338090115,11.85303020477295,-6.911174903422998e-06,0.02069619614705257,9.095901987166144e-07,-0.026236066967248915,0.025759115815162662
F:\Seminario\Seminario-Clustering\datasets\davi\Al Emadi (2019)\Multiclass_Drone_Audio\unknown\5-184871-A-240.wav,Multiclass_Drone_Audio\unknown\5-184871-A-240.wav,al_emadi,5-184871-A-240,1.0216875,0.37769872672448374,7.212684631347656,0.00021783260075933846,0.5327284172855443,-2.081750972138252e-05,-0.38252036571502684,0.36962813735008265,0.210076459349515,7.178064346313477,-0.0003937894489093228,0.39730276789521424,-1.2172878541605314e-05,-0.35488376021385193,0.3461406856775286,0.2758622276807627,8.464399337768555,-0.0029211594755231603,0.3224682766653264,3.765115252463147e-06,-0.29678850173950194,0.26755174398422243,0.07222733555703724,9.647607803344727,0.003750772145884602,0.11670473502843628,6.3017737375048455e-06,-0.10561790987849234,0.1191098049283028,0.0641352506882013,10.217926025390625,-0.0002450761451913754,0.07783571168895885,2.0463908185774926e-06,-0.05968254953622818,0.06110276877880097
F:\Seminario\Seminario-Clustering\datasets\davi\Al Emadi (2019)\Multiclass_Drone_Audio\membo_1\Membo_0_003-membo_002_.wav,Multiclass_Drone_Audio\membo_1\Membo_0_003-membo_002_.wav,al_emadi,Membo_0_003-membo_002,1.024,0.4129779926652651,9.106013298034668,-0.0007145045121715775,0.1013735297323225,-0.0003058707807213068,-0.1266220837831497,0.12502467334270478,0.05161788196805944,8.9876708984375,-0.0003139557564140578,0.035838954900616116,0.000267375900875777,-0.04579753428697586,0.04803834259510041,0.1252779751312282,9.960877418518066,-0.0007570033624067428,0.03953193372426003,-0.000998336763586849,-0.052569340169429775,0.05008733794093132,0.19658490018005026,10.866674423217773,0.00034482591871400395,0.03505094263060019,0.0011579106794670224,-0.04414748772978783,0.04396890103816986,0.213541250055397,11.871932983398438,-1.348669859682266e-05,0.025843830900553734,0.0001101712987292558,-0.03217779770493507,0.03212805539369583
F:\Seminario\Seminario-Clustering\datasets\davi\Al Emadi (2019)\Multiclass_Drone_Audio\unknown\2-184077-A-494.wav,Multiclass_Drone_Audio\unknown\2-184077-A-494.wav,al_emadi,2-184077-A-494,0.95975,0.6717453264061307,8.419130325317383,-7.10743773481799e-05,0.04518329410858409,0.0013617999502457678,-0.05208594352006912,0.05152423679828644,0.22015154900949285,6.815523147583008,0.0004027936407307059,0.025863321992068276,-0.00014168969937600195,-0.01962965540587902,0.021234112791717052,0.07032798801724699,7.7033491134643555,0.00010326944285638588,0.010355994472884987,7.822187035344541e-05,-0.008181768655776977,0.008530981652438641,0.025336405851543644,9.353652954101562,1.3099842798918409e-05,0.004398894669475535,-1.234037790709408e-05,-0.003980919206514955,0.00411414606496692,0.012438730715585844,10.818239212036133,2.6198352997071947e-06,0.0021804368638448065,1.5071789675857872e-05,-0.002264968352392316,0.0022116510663181543
F:\Seminario\Seminario-Clustering\datasets\davi\Al Emadi (2019)\Multiclass_Drone_Audio\membo_1\mixed_membo_43-membo_004_.wav,Multiclass_Drone_Audio\membo_1\mixed_membo_43-membo_004_.wav,al_emadi,mixed_membo_43-membo_004,0.904,0.5386133072371982,8.51400375366211,0.00043286874616559556,0.05022091812607947,0.0008037241641432047,-0.05821671672165393,0.05803572461009027,0.1805307244639161,8.714933395385742,-0.0008238308058775306,0.02906453823220014,-0.00097161706071347,-0.037075945734977724,0.036272031068801884,0.11450409369785093,9.759822845458984,0.00014253560788178923,0.016400550027272948,0.0002425115671940148,-0.020887081511318684,0.021034900099039078,0.09452126694606104,10.762887954711914,-3.268429925190885e-05,0.010547058829914314,-9.151624544756487e-05,-0.013822506181895733,0.013316893950104713,0.07183060765497368,11.621938705444336,6.4053052988704024e-06,0.006504564580347211,1.4321965863928199e-05,-0.008098741434514523,0.008175123296678069
F:\Seminario\Seminario-Clustering\datasets\davi\Al Emadi (2019)\Multiclass_Drone_Audio\membo_1\Membo_1_000-membo_000_.wav,Multiclass_Drone_Audio\membo_1\Membo_1_000-membo_000_.wav,al_emadi,Membo_1_000-membo_000,1.024,0.7925078030846461,7.431995868682861,-0.0006589353097562036,0.24368735588980966,-0.0010127282002940774,-0.18113292902708053,0.1575120031833649,0.06699768836735458,8.215330123901367,0.0012547990272315536,0.07084261658216748,3.645950346253812e-05,-0.08599776849150657,0.0879389762878418,0.041217190693058244,9.223037719726562,-0.00042915312589194004,0.03935179545458311,1.1031050235033035e-05,-0.04968316741287708,0.04820284284651279,0.05778566345395314,10.132535934448242,0.000272303327864355,0.03297628606520596,1.7233833204954863e-06,-0.038134388625621796,0.03976881876587868,0.04149165440098793,11.067474365234375,3.2258016641150374e-05,0.01976772730994276,2.483322168700397e-05,-0.023232117295265198,0.02294660098850727
F:\Seminario\Seminario-Clustering\datasets\davi\Al Emadi (2019)\Multiclass_Drone_Audio\unknown\1-115920-A-222.wav,Multiclass_Drone_Audio\unknown\1-115920-A-222.wav,al_emadi,1-115920-A-222,0.97525,0.028987742069610228,8.198610305786133,0.0008039304876054954,0.019466499975191936,0.0006243384559638798,-0.02050931379199028,0.02693197689950466,0.17279076923479525,6.244352340698242,0.0049758784561873505,0.04730660127246967,4.950175934936851e-05,-0.029268745332956314,0.036248452961444855,0.41164889752419637,7.658390998840332,0.0002553126351875569,0.051994696478634486,-5.632944157696329e-05,-0.038089463487267494,0.04180399142205715,0.29452588772007365,8.142648696899414,-0.00013924781273103086,0.03112264356784986,3.415167157072574e-06,-0.022565774619579315,0.022105751559138298,0.09204670345132451,7.122105598449707,-0.00013943973498704924,0.012307646329361,-3.0596493161283433e-06,-0.00645729536190629,0.00632388694211841
F:\Seminario\Seminario-Clustering\datasets\davi\Al Emadi (2019)\Multiclass_Drone_Audio\bebop_1\B_S2_D1_099-bebop_004_.wav,Multiclass_Drone_Audio\bebop_1\B_S2_D1_099-bebop_004_.wav,al_emadi,B_S2_D1_099-bebop_004,0.896,0.879547429579805,8.428377151489258,0.004277660710191945,0.5991378154905039,-0.001041011419147253,-0.7049667596817016,0.7422417759895324,0.010707801651804504,8.650007247924805,-0.0009375372797662719,0.06610201001877845,0.0002664986241143197,-0.08668255805969238,0.08114892467856406,0.027304882328357732,9.65674114227295,-0.004901916713401255,0.07461075900707169,-0.00444616680033505,-0.09735154658555983,0.08690730184316635,0.04793765712644705,10.730552673339844,-3.05544510887903e-05,0.07012341753593851,-0.000398199656046927,-0.08985035270452499,0.08982295095920567,0.03450222931358564,11.76024341583252,-2.9668434491356893e-05,0.04208671822006843,0.00010683387517929077,-0.05517273396253586,0.053966909646987915
F:\Seminario\Seminario-Clustering\datasets\davi\Al Emadi (2019)\Multiclass_Drone_Audio\unknown\4-213193-A-290.wav,Multiclass_Drone_Audio\unknown\4-213193-A-290.wav,al_emadi,4-213193-A-290,1.0216875,0.6324098402116399,5.091360569000244,-0.00010416430770679646,0.02051904478628971,-9.188662806991488e-05,-0.0017929706024006008,0.0025666875531896987,0.2994964741597545,4.452256202697754,-0.00013568528725247707,0.01412014804410755,9.852451512415428e-07,-0.0017518686130642885,0.0017349362373352082,0.043728112756346284,6.362975597381592,5.13384677466357e-05,0.0038214677550130957,-8.853263011587842e-07,-0.000884065288119018,0.0010110973380506043,0.020085189560468047,6.151254653930664,-7.063365515042904e-06,0.001832849985973734,-3.2184516385314055e-07,-0.00034716992231551556,0.0003309081948827953,0.004280383311791211,7.038539409637451,6.566698149295523e-07,0.0005985550386622553,-6.267003982429742e-08,-9.690979204606265e-05,0.00010129917645826949
F:\Seminario\Seminario-Clustering\datasets\davi\Al Emadi (2019)\Multiclass_Drone_Audio\unknown\2-64963-A-153.wav,Multiclass_Drone_Audio\unknown\2-64963-A-153.wav,al_emadi,2-64963-A-153,1.0216875,0.008455475602970103,8.643303871154785,-6.281681388286115e-05,0.004857813253493271,-5.067368329036981e-05,-0.005905927391722798,0.0056768200360238635,0.013436795562246886,8.185928344726562,6.62956876712572e-05,0.006123934016737105,7.938443377497606e-05,-0.0067643609829247,0.006568211736157538,0.33301568647334734,6.972515106201172,0.0004751491776541177,0.021590409209195312,6.075242708902806e-05,-0.009486761875450611,0.009631056152284148,0.6032163515355986,7.796145915985107,1.8836118098605484e-05,0.020567107254932968,-2.4039238724071765e-06,-0.006200652336701749,0.006060885498300196,0.04187569082583704,8.056432723999023,-1.2397432516266577e-06,0.0038334395430211126,-1.4930144516256405e-06,-0.0009581779944710433,0.0009938289411365994
F:\Seminario\Seminario-Clustering\datasets\davi\Al Emadi (2019)\Multiclass_Drone_Audio\unknown\1-28005-A-180.wav,Multiclass_Drone_Audio\unknown\1-28005-A-180.wav,al_emadi,1-28005-A-180,1.0216875,0.28129317275752763,8.297628402709961,0.0011042014347816952,0.4900022803655255,0.008069418370723724,-0.578542846441269,0.544700849056244,0.21782154389006675,8.147110939025879,-0.01584208593641522,0.4309002297179626,-0.008611324708908796,-0.498764020204544,0.4356564074754717,0.29398589173886597,9.30582332611084,-0.008003957631215752,0.3547299908703759,-0.0038552703335881233,-0.41342889070510863,0.396967089176178,0.14786737815794218,10.130025863647461,-0.0002824871846593797,0.17806723637948346,-0.0012872825027443469,-0.20348692834377288,0.19633535295724872,0.059032013455597464,10.814177513122559,1.1928235359242593e-05,0.07959081786383952,0.0003736113430932164,-0.0813865765929222,0.07907224446535123
F:\Seminario\Seminario-Clustering\datasets\davi\Al Emadi (2019)\Multiclass_Drone_Audio\unknown\5-198891-A-80.wav,Multiclass_Drone_Audio\unknown\5-198891-A-80.wav,al_emadi,5-198891-A-80,1.0216875,0.26024021773450595,7.511688232421875,8.161450699108774e-05,0.01989313073187536,-2.01505608856678e-05,-0.015888639353215692,0.01673418935388329,0.2715105521754022,7.517972946166992,0.0003864286131785195,0.02031582196946142,0.00018738548533292487,-0.01726836021989584,0.018342044949531573,0.21457099829184598,8.69271469116211,2.082462308762128e-05,0.012794700700476962,8.786428952589631e-05,-0.011174939200282097,0.011066740006208421,0.1961365981981761,9.56787109375,-0.00011546947799330797,0.008655437584021443,-9.210388270730618e-06,-0.008225401770323515,0.007502200501039626,0.057541633600069766,10.425875663757324,3.176138724735227e-06,0.0033167293335853135,-6.808486432419159e-07,-0.0027894587256014347,0.0027198362629860663
F:\Seminario\Seminario-Clustering\datasets\davi\Al Emadi (2019)\Multiclass_Drone_Audio\unknown\1-115545-C-481.wav,Multiclass_Drone_Audio\unknown\1-115545-C-481.wav,al_emadi,1-115545-C-481,1.0216875,0.3846398366704303,7.752992630004883,-0.0007023683660582128,0.04834016125182075,-0.0018633792642503977,-0.047753831371665,0.04685007259249688,0.38130285492222615,6.393731117248535,-0.0009392992669250137,0.04812593166153968,-1.3721655705012381e-06,-0.03367396332323551,0.03218003511428838,0.21661946599488166,7.496937274932861,0.0002655934971514375,0.02569673444084354,-5.368005076888949e-06,-0.016819489002227784,0.016556904837489138,0.01668356572323193,9.228099822998047,1.4781043489786757e-05,0.005046591356819774,-5.42914385732729e-05,-0.004240159317851066,0.004222799185663462,0.000754276689230029,9.932290077209473,-1.3854773260824866e-08,0.0007590872770484904,-2.10615280593629e-06,-0.0005859356373548507,0.0005859636468812826
F:\Seminario\Seminario-Clustering\datasets\davi\Al Emadi (2019)\Multiclass_Drone_Audio\unknown\1-5996-A-63.wav,Multiclass_Drone_Audio\unknown\1-5996-A-63.wav,al_emadi,1-5996-A-63,1.0216875,0.015139426955319824,8.244461059570312,0.00012324980892927716,0.058146004149500066,0.0004790734965354204,-0.06351986303925514,0.0593830343335867,0.1239792209447905,7.567975044250488,0.0010754163809368548,0.16639163739054574,0.0002917373785749078,-0.14633273482322692,0.1519658759236336,0.5813793449346957,7.213714599609375,0.013876597135434045,0.25484648316890385,-0.00011041670222766697,-0.09247556179761886,0.09365496039390565,0.24076179947776688,7.6078643798828125,-0.0011562364833162997,0.11621632859958916,-0.00020990757184335962,-0.03205426186323166,0.030966178700327876,0.038740207687427086,8.515243530273438,4.496626068264093e-05,0.032979665179205815,7.29160092305392e-06,-0.005943435523658991,0.006251911446452145
F:\Seminario\Seminario-Clustering\datasets\davi\Al Emadi (2019)\Multiclass_Drone_Audio\unknown\3-130998-A-281.wav,Multiclass_Drone_Audio\unknown\3-130998-A-281.wav,al_emadi,3-130998-A-281,1.0216875,0.9886566435985639,8.06940746307373,-0.004141132094524076,0.29543812842205314,-0.004903844092041254,-0.3264921844005585,0.3060048252344133,0.00573745436384147,8.31833553314209,-2.340412133412163e-05,0.022508463396728975,4.931535113428254e-05,-0.02549784742295742,0.02278477810323239,0.0019244972118807123,9.556746482849121,-1.3402965333040147e-05,0.009233582241578442,-6.111239781603217e-05,-0.0100284231826663,0.010655362531542782,0.0016774891045876652,10.505077362060547,-4.2918827965720065e-05,0.006100062812932684,3.847987682092935e-05,-0.007102438015863299,0.007023012451827528,0.002003915721126316,11.483429908752441,1.243613993111388e-05,0.004716547863106387,-1.129903830587864e-05,-0.005378623027354479,0.005451626982539893
F:\Seminario\Seminario-Clustering\datasets\davi\Al Emadi (2019)\Multiclass_Drone_Audio\membo_1\extra_membo_D2_2055.wav,Multiclass_Drone_Audio\membo_1\extra_membo_D2_2055.wav,al_emadi,extra_membo_D2,1.002625,0.8301613781060305,9.121420860290527,1.5111586156996231e-05,0.02780493463086425,0.0003653888707049191,-0.0362998217344284,0.03687358126044274,0.02628203443041789,9.023685455322266,-2.179286013768891e-05,0.004947274057432994,-0.00018047288176603615,-0.006344035267829894,0.006662513967603446,0.048922619299907065,9.908834457397461,-2.1716063313149063e-07,0.004781179997332328,1.2820062693208456e-05,-0.006165297236293554,0.0060632419772446156,0.05352591811188234,10.931718826293945,-1.2480746226857204e-05,0.003539344787067429,-7.236369856400415e-05,-0.004530610330402851,0.0046130575239658345,0.04110805005176219,11.906864166259766,5.608340685046448e-08,0.0021940891102038085,3.496160206850618e-05,-0.002816126006655395,0.0028294432442635296
F:\Seminario\Seminario-Clustering\datasets\davi\Al Emadi (2019)\Multiclass_Drone_Audio\unknown\4-218199-E-352.wav,Multiclass_Drone_Audio\unknown\4-218199-E-352.wav,al_emadi,4-218199-E-352,0.97525,0.3355787934945626,8.822872161865234,-0.003896403385356646,0.05610080170473342,-0.002700595650821924,-0.07718570530414581,0.06606430560350418,0.41840623888108563,8.695695877075195,0.0011319176185148447,0.06278346551692583,0.001491970382630825,-0.07575304806232452,0.07723113894462585,0.21245665662849153,9.692112922668457,-5.1335721979473936e-05,0.031688483135348486,-0.0003340297262184322,-0.038104236125946045,0.03872886672616005,0.02580702794908693,10.70655632019043,-3.050751028595806e-05,0.007815393442008902,-1.6114921891130507e-05,-0.009529450442641973,0.009531167801469564,0.007751283046773338,11.702581405639648,1.812369992503014e-06,0.003030062314172814,2.37396452575922e-05,-0.0036841986235231156,0.0037220880854874857
F:\Seminario\Seminario-Clustering\datasets\davi\Al Emadi (2019)\Multiclass_Drone_Audio\membo_1\mixed_membo_61-membo_000_.wav,Multiclass_Drone_Audio\membo_1\mixed_membo_61-membo_000_.wav,al_emadi,mixed_membo_61-membo_000,1.024,0.1381973100329028,8.22205924987793,0.0007470737099511892,0.08276310006137633,-0.0022796523990109563,-0.08515515625476837,0.08745123594999314,0.13644479045211835,8.613344192504883,0.0018236418211017736,0.08221978368704094,-0.00024317397037521005,-0.10275041237473488,0.11004415079951287,0.511658162391515,9.467560768127441,-0.0013620778656558532,0.11276681638324329,-0.0005185038462514058,-0.14237885773181916,0.1386140674352646,0.1637747041124218,10.0224609375,0.00048234966573653537,0.0451520014015143,-2.9350165277719498e-05,-0.048254337161779404,0.046795155853033066,0.04992503301104202,10.78819465637207,7.314014349882852e-05,0.017636168958806177,-0.00017227795615326613,-0.017180700600147248,0.01680051572620869
F:\Seminario\Seminario-Clustering\datasets\davi\Al Emadi (2019)\Multiclass_Drone_Audio\membo_1\Membo_0_038-membo_003_.wav,Multiclass_Drone_Audio\membo_1\Membo_0_038-membo_003_.wav,al_emadi,Membo_0_038-membo_003,1.024,0.7318062026479879,8.889074325561523,-0.0007410227955438794,0.1083485864748432,-0.0018609862308949232,-0.12815379500389099,0.12463070675730706,0.03831704754753405,8.961433410644531,-0.00027488408106135075,0.024791608095177862,-0.001097572734579444,-0.0316611971706152,0.033907275274395944,0.046588458332090646,9.959924697875977,2.2874148182953848e-05,0.01935943353716804,5.352188600227237e-05,-0.024686684645712376,0.024302658997476103,0.07564247868304995,10.936803817749023,-0.00030122548750577947,0.017455300470546393,1.5067053027451038e-05,-0.02304345741868019,0.02194659225642681,0.10764581278933749,11.90719223022461,1.2815695683425121e-05,0.01473254984950215,0.00018732505850493908,-0.018809817731380463,0.01860121712088585
F:\Seminario\Seminario-Clustering\datasets\davi\Al Emadi (2019)\Multiclass_Drone_Audio\membo_1\Membo_0_000-membo_000_.wav,Multiclass_Drone_Audio\membo_1\Membo_0_000-membo_000_.wav,al_emadi,Membo_0_000-membo_000,1.024,0.6799370338518343,9.421686172485352,0.00020952623911672135,0.08186430993963599,-0.0025252827908843756,-0.10611537918448448,0.10960534662008287,0.13395427505592267,8.799797058105469,-4.938959540489573e-05,0.03633620434836174,-0.00012538411829154938,-0.04720043167471886,0.04873520508408547,0.0562316138035383,9.735455513000488,-6.204468098885601e-05,0.016671217304654293,-1.2560027244035155e-05,-0.022304371930658817,0.02116893194615841,0.06661332888914479,10.610902786254883,9.815553008756051e-05,0.012841131019582099,-1.1814991012215614e-05,-0.01609553024172783,0.016556575894355774,0.06326374839955991,11.624579429626465,-1.1035043061882339e-06,0.008852853129376085,9.933748515322804e-06,-0.011258036457002163,0.011473805457353594
F:\Seminario\Seminario-Clustering\datasets\davi\Al Emadi (2019)\Multiclass_Drone_Audio\membo_1\mixed_membo_62-membo_003_.wav,Multiclass_Drone_Audio\membo_1\mixed_membo_62-membo_003_.wav,al_emadi,mixed_membo_62-membo_003,1.024,0.8971172887935996,8.930349349975586,0.0006598200059599849,0.24133314148864293,0.003005580510944128,-0.3056090742349625,0.30289677381515506,0.07907620145824083,8.82204532623291,-0.00012736185278644044,0.07164999912202302,0.0011002547689713538,-0.0891363076865673,0.08635996431112289,0.011029956024154311,9.910123825073242,0.00017514968787390466,0.018948756080201558,0.0004217216046527028,-0.024644600041210652,0.024419614113867283,0.006390097917984022,10.960471153259277,-7.672163475379159e-05,0.010207260195441369,-7.406898657791317e-05,-0.013369916006922722,0.0129841985180974,0.006386455806021131,11.924477577209473,-9.583912197996387e-06,0.007218844404126067,-1.9777362467721105e-06,-0.009213399700820446,0.00906740911304951
F:\Seminario\Seminario-Clustering\datasets\davi\Al Emadi (2019)\Multiclass_Drone_Audio\bebop_1\B_S2_D1_110-bebop_003_.wav,Multiclass_Drone_Audio\bebop_1\B_S2_D1_110-bebop_003_.wav,al_emadi,B_S2_D1_110-bebop_003,1.024,0.645054027744907,8.616822242736816,-0.0017009340199524339,0.30029220860879785,-0.016454595141112804,-0.3445240050554275,0.37451010644435884,0.023709789650115002,8.943442344665527,-0.0002885872866049662,0.05757200790320266,0.0027025415329262614,-0.07404555454850197,0.07068806514143944,0.07574431300923909,9.916879653930664,-0.00021774879831411742,0.07286927487800605,0.0016226285952143371,-0.09412293583154678,0.09408837109804155,0.1441600814280672,10.967667579650879,0.0012704500423032828,0.07113444681754832,0.0018679131753742695,-0.09067702293395996,0.09200023859739304,0.11133178816767167,11.928601264953613,1.714169339876613e-06,0.04422895678620511,0.00037931965198367834,-0.056614287197589874,0.05591129064559937
F:\Seminario\Seminario-Clustering\datasets\davi\Al Emadi (2019)\Multiclass_Drone_Audio\unknown\3-68630-C-404.wav,Multiclass_Drone_Audio\unknown\3-68630-C-404.wav,al_emadi,3-68630-C-404,0.95975,0.33980192313501867,8.759111404418945,-0.00297545344379825,0.1917411585653793,0.0024880198761820793,-0.2546940743923187,0.2434098944067955,0.3163891174255558,8.652480125427246,-0.004160284808755893,0.18499316147631353,0.00027157689328305423,-0.2469225600361824,0.22119353711605072,0.26784431743609,9.557025909423828,0.0017858096201187484,0.12059283477151697,-0.0021280967630445957,-0.1409379094839096,0.14870986342430118,0.07160078850155578,10.645663261413574,0.00021475041337588012,0.044127096459986144,0.0005009910382796079,-0.05489844605326653,0.05463159233331681,0.004363853501779751,11.648965835571289,-3.215036039053054e-06,0.007706717465089434,-1.7007470887620002e-05,-0.009536633267998695,0.009559329599142075
F:\Seminario\Seminario-Clustering\datasets\davi\Al Emadi (2019)\Multiclass_Drone_Audio\membo_1\Membo_0_041-membo_002_.wav,Multiclass_Drone_Audio\membo_1\Membo_0_041-membo_002_.wav,al_emadi,Membo_0_041-membo_002,1.024,0.3139947042928616,9.243326187133789,-0.0006494544376958234,0.06941087763951334,-0.0023125442676246166,-0.0896731324493885,0.09222064688801766,0.02535112087811668,9.006948471069336,3.416958319823466e-05,0.019723470390747552,-9.614569717086852e-05,-0.02531566098332405,0.025438759662210948,0.11436490230698858,10.006908416748047,8.271555012530564e-05,0.029665281645969842,-0.0007865708612371236,-0.037145671993494035,0.038661475479602816,0.2478816053304785,10.870550155639648,0.000405633991265899,0.030906074931521706,-5.518750913324766e-05,-0.037623319774866104,0.03951958194375038,0.29840766719155465,11.871898651123047,1.8869957165162242e-05,0.023990227972846067,-5.2265822887420654e-06,-0.029683136194944382,0.030302824079990395
F:\Seminario\Seminario-Clustering\datasets\davi\Al Emadi (2019)\Multiclass_Drone_Audio\membo_1\mixed_membo_54-membo_003_.wav,Multiclass_Drone_Audio\membo_1\mixed_membo_54-membo_003_.wav,al_emadi,mixed_membo_54-membo_003,1.024,0.6406966019950517,9.048864364624023,-0.007682487638599411,0.25524101712277913,-0.030589181929826736,-0.3252743571996689,0.3395471304655075,0.10453297553311183,8.763599395751953,-0.0006471811590865436,0.10314281829478246,-0.003108724136836827,-0.12363566607236862,0.12165641412138942,0.0462867464701189,9.581733703613281,-0.00045284343756126156,0.04860139879341282,-0.00020730707910843194,-0.058394768834114076,0.05533054284751417,0.02738696068118577,10.999731063842773,0.00010862817116696663,0.0264583585425757,0.0007958179339766502,-0.034935176372528076,0.03385039418935776,0.18109671532053176,12.20157241821289,-5.913663753112318e-06,0.04813049235571583,0.0004657575045712292,-0.06416045129299164,0.06532527953386308
F:\Seminario\Seminario-Clustering\datasets\davi\Al Emadi (2019)\Multiclass_Drone_Audio\membo_1\mixed_membo_40-membo_003_.wav,Multiclass_Drone_Audio\membo_1\mixed_membo_40-membo_003_.wav,al_emadi,mixed_membo_40-membo_003,1.024,0.5420030859371551,8.905071258544922,-0.00047227028165084935,0.3940158955690414,-0.03125327080488205,-0.47724154889583587,0.526874840259552,0.08449302292011662,8.76941967010498,-0.0010079315233437651,0.15556592527258514,0.017072205431759357,-0.22328330427408216,0.17323717325925828,0.09083875320877483,9.84765625,0.0016692828119023065,0.11421437830556473,0.0011152351507917047,-0.13798235654830932,0.14751354157924654,0.12757092954776744,10.804880142211914,0.0004384120523498283,0.09579838679077965,0.00046778377145528793,-0.11991601437330246,0.11993037909269333,0.1550942083861861,11.796564102172852,0.0002411527741730456,0.07472274612219326,0.0010052379220724106,-0.09194649904966354,0.0909387290477753
F:\Seminario\Seminario-Clustering\datasets\davi\Al Emadi (2019)\Multiclass_Drone_Audio\membo_1\Membo_0_006-membo_004_.wav,Multiclass_Drone_Audio\membo_1\Membo_0_006-membo_004_.wav,al_emadi,Membo_0_006-membo_004,0.896,0.6603919690123836,8.38348388671875,-0.0007688190239252411,0.1508849798502235,8.101051207631826e-05,-0.169200225174427,0.18073150515556333,0.025574680216513306,8.78512954711914,-0.00023707747859508626,0.029692175283439003,-0.0008308133692480624,-0.0387547954916954,0.0374696984887123,0.07611584857006087,9.720943450927734,-0.0002848040286548828,0.03628134351958256,-0.0008316808380186558,-0.04529074989259243,0.04620514288544654,0.11883991846581571,10.640210151672363,-0.00011527475595361883,0.03208822259366228,-4.09331260016188e-05,-0.04045271649956703,0.03965783715248109,0.11907758373522648,11.535446166992188,-4.898049562214975e-06,0.02272370513627654,0.00036343440297059715,-0.027913235127925873,0.027623912319540977
F:\Seminario\Seminario-Clustering\datasets\davi\Al Emadi (2019)\Multiclass_Drone_Audio\unknown\5-263831-A-64.wav,Multiclass_Drone_Audio\unknown\5-263831-A-64.wav,al_emadi,5-263831-A-64,0.95975,0.01842216293173448,8.629961013793945,-0.0006842869966614829,0.07928285638729551,0.0036936248652637005,-0.09642918780446053,0.0907357670366764,0.09130037217584182,7.669027328491211,0.003152141721727142,0.17647865103918894,-0.0015492928796447814,-0.15658381581306458,0.14504949748516083,0.5665400586953869,8.162460327148438,0.002330785132755598,0.31145944327084985,0.0006549744866788387,-0.1912168651819229,0.23512359857559215,0.2782323179370343,9.064201354980469,0.0017233791147250991,0.1544538651942046,0.0005166979099158198,-0.09761984050273893,0.10305026322603242,0.04550508826000244,9.756937026977539,-4.687934367412176e-05,0.04419107597902072,3.2825220841914415e-05,-0.021891511976718903,0.020645268261432648
F:\Seminario\Seminario-Clustering\datasets\davi\Al Emadi (2019)\Multiclass_Drone_Audio\unknown\5-250258-A-493.wav,Multiclass_Drone_Audio\unknown\5-250258-A-493.wav,al_emadi,5-250258-A-493,1.0216875,0.4574027811265278,6.634039402008057,0.0001280832912440861,0.07811832767950648,7.54545908421278e-07,-0.03962730690836906,0.03073563966900112,0.14942901083534793,6.290928363800049,0.0002962425412825734,0.04464902553422865,9.332708577858284e-05,-0.014975446742027998,0.012420123349875238,0.17137629657469083,7.071259021759033,-0.0002040980333080851,0.03386859447233859,-2.9130998882465065e-05,-0.008343266695737836,0.009059697203338147,0.17610780659257677,8.019661903381348,-9.851420304918582e-05,0.02429509423711316,7.770598585921107e-06,-0.0044761823490262025,0.0048665894195437445,0.04568410487085665,9.202144622802734,-1.0173948199680883e-05,0.008753584457635508,1.8900078430306166e-05,-0.0024233547039330004,0.002396342111751442
F:\Seminario\Seminario-Clustering\datasets\davi\Al Emadi (2019)\Multiclass_Drone_Audio\membo_1\mixed_membo_1-membo_000_.wav,Multiclass_Drone_Audio\membo_1\mixed_membo_1-membo_000_.wav,al_emadi,mixed_membo_1-membo_000,1.024,0.2968532440222894,9.082176208496094,0.007824597080030199,0.15562895219168915,0.012539852410554886,-0.19667384177446365,0.212669874727726,0.444594107792789,8.632177352905273,0.00027539755019372855,0.1906993021272539,0.007209007628262043,-0.2343932434916496,0.2294388219714165,0.16494774491388933,9.361587524414062,0.0003309499494498029,0.08225376550321979,0.0005309012485668063,-0.09302015900611876,0.09491064622998238,0.08173405792106,10.341278076171875,-0.00013012038319811016,0.04097705875198417,0.00031456409487873316,-0.04610379412770271,0.04637377709150314,0.011870845349972254,11.767609596252441,-8.053772360897016e-06,0.011047208613446777,-1.997244544327259e-05,-0.01367687415331602,0.013557984121143821
F:\Seminario\Seminario-Clustering\datasets\davi\Al Emadi (2019)\Multiclass_Drone_Audio\unknown\4-197454-B-283.wav,Multiclass_Drone_Audio\unknown\4-197454-B-283.wav,al_emadi,4-197454-B-283,1.0216875,0.7874714706434491,6.532682418823242,-0.0004005338787429618,0.194433771188396,-0.0007536647608503699,-0.12117987275123596,0.057607585936784785,0.1385103591289466,4.975747585296631,-0.000760185754909618,0.08154126910804824,-0.00021092691167723387,-0.021308985166251657,0.018799721077084598,0.04405130015707623,5.895872592926025,0.0001551546798503448,0.03257281109079883,3.4017029975075275e-06,-0.008355627954006194,0.008298004791140559,0.019859223085472742,7.579570770263672,8.895155910108295e-05,0.01547597125147882,-1.1352494766470045e-06,-0.0041624717880040405,0.004769127070903778,0.010107646985055304,8.716456413269043,5.634424806317332e-06,0.007810515521680876,3.0667015380458906e-06,-0.002208210062235593,0.002332596434280292
F:\Seminario\Seminario-Clustering\datasets\davi\Al Emadi (2019)\Multiclass_Drone_Audio\membo_1\mixed_membo_63-membo_003_.wav,Multiclass_Drone_Audio\membo_1\mixed_membo_63-membo_003_.wav,al_emadi,mixed_membo_63-membo_003,1.024,0.5986289885899891,8.979989051818848,0.0015176022664906042,0.22550550676075334,-7.227528840303421e-05,-0.2893329501152039,0.2870310127735138,0.08582427624588816,8.972164154052734,-0.0001935366070117277,0.08538706099778563,0.001230530848260969,-0.10712483748793601,0.1115908645093441,0.05827981034082765,9.866787910461426,-0.00030209950416030574,0.04982617965659289,-0.000987849140074104,-0.062467958405613894,0.061571068689227106,0.09843457222197506,10.631386756896973,-0.0014252357456558168,0.045806334591228105,-0.00047816114965826273,-0.05590718239545822,0.052379924803972244,0.15883235260132,11.591455459594727,0.00021359182077245058,0.041180905303874325,-0.00011630807421170175,-0.04736571460962295,0.04982013553380967
F:\Seminario\Seminario-Clustering\datasets\davi\Al Emadi (2019)\Multiclass_Drone_Audio\unknown\2-82274-B-51.wav,Multiclass_Drone_Audio\unknown\2-82274-B-51.wav,al_emadi,2-82274-B-51,1.0216875,0.041375132048248636,8.707597732543945,-0.00037652013281741677,0.024071215588944313,-0.0010947771952487528,-0.029247381351888178,0.028946078382432464,0.011325132256143632,7.416545391082764,-8.291797621849678e-05,0.012594869569676247,-0.00010751463560154662,-0.008426227606832981,0.009015291836112738,0.41715857151520347,7.543891906738281,0.0010459693151617356,0.05413480290624859,5.9609097661450505e-05,-0.013209398649632931,0.017723705247044568,0.47330079258865776,8.124067306518555,3.572766837850726e-05,0.04081113227338627,-2.8396781999617815e-05,-0.008875946700572967,0.0076791825238615285,0.056840371591746486,8.694710731506348,1.4254122770557222e-06,0.01000482363190636,1.2778918971889652e-06,-0.0014226529747247696,0.001327734440565112
F:\Seminario\Seminario-Clustering\datasets\davi\Al Emadi (2019)\Multiclass_Drone_Audio\unknown\2-118459-A-324.wav,Multiclass_Drone_Audio\unknown\2-118459-A-324.wav,al_emadi,2-118459-A-324,0.95975,0.5082708545720628,8.086406707763672,-0.0026450769637863672,0.14408197487282254,-0.0041433461010456085,-0.14233316481113434,0.1506342962384224,0.08544191104549409,6.598576545715332,-0.001397943530031904,0.059067570041602256,-0.0012631689896807075,-0.04246244393289089,0.03994595259428024,0.15580724813172625,6.826682090759277,-0.00030551279674272065,0.05651918527204501,-0.0001261183642782271,-0.03559885025024414,0.03428461253643042,0.1603837862722232,8.207783699035645,-1.0215409251179454e-05,0.04058002404760345,-0.0001209546135214623,-0.025510590709745883,0.025499791838228706,0.09009619997849364,8.825033187866211,-0.00019746014561238648,0.021515420728343088,3.1552794098388404e-05,-0.01312466524541378,0.012667428702116013
F:\Seminario\Seminario-Clustering\datasets\davi\Al Emadi (2019)\Multiclass_Drone_Audio\bebop_1\B_S2_D1_079-bebop_001_.wav,Multiclass_Drone_Audio\bebop_1\B_S2_D1_079-bebop_001_.wav,al_emadi,B_S2_D1_079-bebop_001,1.024,0.8155928662495481,8.667900085449219,0.005363016367157541,0.6795088227625384,0.004266242031008005,-0.8321250319480896,0.8389456152915955,0.019721576724499614,8.869940757751465,-0.0010221496126919677,0.10566287255491628,-0.00034530111588537693,-0.1347000017762184,0.13391463309526444,0.03529766134519912,9.924837112426758,-0.0012370469246990071,0.10009908350788455,-0.0010057699400931597,-0.12722727358341218,0.1238012790679932,0.07073924278718507,10.951501846313477,0.0005921906914273688,0.100292459628507,0.0016004531644284725,-0.129554882645607,0.12977562844753265,0.05864865289356813,11.910128593444824,-0.00011603561254117929,0.06460176198561582,0.0006583200301975012,-0.08110595196485519,0.08146690726280212
F:\Seminario\Seminario-Clustering\datasets\davi\Al Emadi (2019)\Multiclass_Drone_Audio\membo_1\Membo_2_015-membo_001_.wav,Multiclass_Drone_Audio\membo_1\Membo_2_015-membo_001_.wav,al_emadi,Membo_2_015-membo_001,1.024,0.7925891792459863,8.28666877746582,-0.001329010237320281,0.13838031445435844,0.0029648123309016228,-0.16589791327714917,0.14200152456760406,0.013178584453768552,8.974027633666992,-0.00011660981650952503,0.01784413014178833,0.0004389717214507982,-0.02395529896020889,0.023031372390687466,0.027255474102817392,9.9791259765625,-0.0007707605174283665,0.018156183195843965,-0.00033190607791766524,-0.023970536701381207,0.02244541682302952,0.06804596111982276,10.872122764587402,0.0002552457861309068,0.02031940175296595,4.847219679504633e-05,-0.024751950055360794,0.026111295446753502,0.09893080107760507,11.859420776367188,-1.3939867586964573e-06,0.017333257666848637,0.0001504372776253149,-0.022228319570422168,0.021680165827274323
F:\Seminario\Seminario-Clustering\datasets\davi\Al Emadi (2019)\Multiclass_Drone_Audio\membo_1\Membo_0_015-membo_001_.wav,Multiclass_Drone_Audio\membo_1\Membo_0_015-membo_001_.wav,al_emadi,Membo_0_015-membo_001,1.024,0.7124613974726948,9.281790733337402,-0.0002120233391800407,0.07996890682066939,-0.0025990483118221164,-0.10634388625621796,0.10323947444558144,0.1195596254791887,8.958642959594727,-3.7566742642773583e-05,0.03275925292264359,-0.00030168522789608687,-0.04328036867082119,0.041946944594383244,0.051101224000204115,9.926557540893555,-0.00010763733282364713,0.015165792682264898,-0.0006971509428694844,-0.019245225377380847,0.02010612227022648,0.05308147391530897,10.97778034210205,0.00016380368490384673,0.010938015206964006,0.00029587169410660863,-0.014207287691533566,0.014176095835864544,0.06379627913260338,11.954029083251953,-1.4362143548552557e-05,0.008483658532419922,-5.323474761098623e-05,-0.01078045330941677,0.010913664288818837
F:\Seminario\Seminario-Clustering\datasets\davi\Al Emadi (2019)\Multiclass_Drone_Audio\unknown\2-125520-A-433.wav,Multiclass_Drone_Audio\unknown\2-125520-A-433.wav,al_emadi,2-125520-A-433,1.0216875,0.11078268429582319,7.54420804977417,-0.0005325838139137196,0.03438247096094859,-9.725408017402515e-05,-0.035336538776755334,0.03055880144238473,0.40860676969631643,7.340140342712402,-0.004432389322544309,0.06589092169420502,-0.0001665212621446699,-0.05208059027791023,0.05335558578372006,0.4120324831842238,8.476324081420898,0.00026631979041479606,0.04697183748478626,-2.6513600914768176e-06,-0.041412522643804545,0.04111482203006746,0.06342926160922448,9.344217300415039,2.857166888397302e-05,0.013041446144223269,2.6692517849369324e-06,-0.010522152110934256,0.010982874594628813,0.005148801214412128,10.296911239624023,-1.6892200916164922e-06,0.0026284865087697635,6.020270575390896e-07,-0.0021481172181665896,0.0021639446727931507
F:\Seminario\Seminario-Clustering\datasets\davi\Al Emadi (2019)\Multiclass_Drone_Audio\unknown\4-144468-B-270.wav,Multiclass_Drone_Audio\unknown\4-144468-B-270.wav,al_emadi,4-144468-B-270,1.0216875,0.016220159594992276,8.90842342376709,-6.504106338852509e-05,0.005777636955686776,0.00011837066267617047,-0.007376454537734389,0.006831754278391604,0.04419932193514581,7.363094806671143,0.00010495453459506941,0.00953743801129548,-0.00010587052383925766,-0.00808733208104968,0.008213444240391258,0.21818665394341247,8.461868286132812,-0.00032951116299919666,0.015006700559347736,5.4765885579399765e-05,-0.013948575034737587,0.012268918193876748,0.23597177225517246,9.756399154663086,3.13864843395229e-05,0.011046055772940285,-7.351262320298702e-05,-0.010886712931096554,0.010830371733754876,0.485422092271277,9.995061874389648,1.7178917132053482e-05,0.011207506686734302,6.900627340655774e-05,-0.009293814934790133,0.009254578873515131
F:\Seminario\Seminario-Clustering\datasets\davi\Al Emadi (2019)\Multiclass_Drone_Audio\unknown\3-144827-B-114.wav,Multiclass_Drone_Audio\unknown\3-144827-B-114.wav,al_emadi,3-144827-B-114,0.95975,0.2507523229661331,8.696401596069336,0.0008471499403984927,0.3185085359606396,-0.007306650280952454,-0.38998734951019287,0.40843823552131653,0.3510635516840594,8.687442779541016,0.009999434996948733,0.3767385882805661,0.008573985658586025,-0.45036429166793823,0.47808240354061127,0.3283317673326177,9.77706241607666,-0.0013312224386707431,0.2581808398917477,-0.00016668392345309258,-0.32268527150154114,0.3177419424057009,0.05507056600466628,10.782464981079102,0.00027979311160343474,0.07482620741131492,-0.0001370090467389673,-0.0947369672358036,0.09343420490622521,0.014781792012523496,11.788797378540039,-0.00010562989966599859,0.027424588513179658,-0.00017875735647976398,-0.034836187958717346,0.03376065567135811
F:\Seminario\Seminario-Clustering\datasets\davi\Al Emadi (2019)\Multiclass_Drone_Audio\unknown\5-253094-C-491.wav,Multiclass_Drone_Audio\unknown\5-253094-C-491.wav,al_emadi,5-253094-C-491,1.0216875,0.26394982799194316,7.7520856857299805,-0.00026803084113272743,0.1531602193862745,0.0006042392924427986,-0.1571353793144226,0.1529534935951234,0.13559108789215202,7.37725830078125,-0.000818786227194355,0.10977146453869548,-0.00017784790543373674,-0.10073678940534592,0.1036778509616852,0.19458092601020463,8.711784362792969,0.0010748730830515646,0.09313925295906464,0.0010455951560288668,-0.08740980476140976,0.09298045784235001,0.26822601320149975,9.851510047912598,-0.00021379952688678207,0.07738619072790791,-0.00039748806739225984,-0.07904134839773178,0.07661834135651588,0.13765214490420044,10.666038513183594,-2.155597919902401e-05,0.03921723237848518,-0.0001773455587681383,-0.03780185729265213,0.03746200203895574
F:\Seminario\Seminario-Clustering\datasets\davi\Al Emadi (2019)\Multiclass_Drone_Audio\unknown\4-147657-A-460.wav,Multiclass_Drone_Audio\unknown\4-147657-A-460.wav,al_emadi,4-147657-A-460,1.0216875,0.6566567956141018,8.860747337341309,0.00405432879045997,0.2571037732692816,-0.001100191380828619,-0.3155744314193725,0.34987253248691585,0.2645728724306554,8.884654998779297,-0.0013556129101832336,0.16321156124917133,-0.007162592140957713,-0.20770832747220994,0.20045004189014462,0.06793300642767224,9.88570785522461,-0.0005286614155306368,0.058578944189918075,0.0010612605838105083,-0.07412265986204147,0.07416616380214693,0.010074625987518253,10.872872352600098,-4.179607407145354e-05,0.015963750851772665,-7.216700032586232e-05,-0.020073335990309714,0.019643599167466164,0.0007626995400522193,11.94368839263916,-2.5573480499093896e-06,0.003107201174585888,1.011529820971191e-05,-0.0039398431777954105,0.003941374085843565
F:\Seminario\Seminario-Clustering\datasets\davi\Al Emadi (2019)\Multiclass_Drone_Audio\bebop_1\B_S2_D1_082-bebop_004_.wav,Multiclass_Drone_Audio\bebop_1\B_S2_D1_082-bebop_004_.wav,al_emadi,B_S2_D1_082-bebop_004,0.896,0.7162150654250303,8.356158256530762,0.002259997548569023,0.337255936653045,0.007219855673611164,-0.3947372823953629,0.3917998760938643,0.019437480550170985,8.667381286621094,-0.00021773228750467618,0.055560261743227785,-0.0014653882826678455,-0.06951785460114479,0.0739278957247734,0.050223684444692544,9.803622245788574,-0.000509879063561782,0.06325519979022429,-7.298492710106075e-05,-0.08037892580032348,0.08179044649004936,0.1200293511807577,10.75271224975586,0.002082088760530221,0.06918490385815294,0.001650153542868793,-0.08682025969028473,0.09283611029386521,0.09409441839934847,11.756997108459473,0.00017758420117805864,0.04335501365590396,-7.70307524362579e-05,-0.05549592897295952,0.05531856045126915
F:\Seminario\Seminario-Clustering\datasets\davi\Al Emadi (2019)\Multiclass_Drone_Audio\bebop_1\B_S2_D1_068-bebop_004_.wav,Multiclass_Drone_Audio\bebop_1\B_S2_D1_068-bebop_004_.wav,al_emadi,B_S2_D1_068-bebop_004,0.896,0.2702530360999349,8.765691757202148,-0.0002859239962092392,0.12201798489287284,-0.002618539147078991,-0.1550460249185562,0.15423214733600615,0.062475498762503086,8.77151107788086,-0.0011825199994816653,0.05865518030641646,-0.004246531054377556,-0.07656873762607574,0.07999997958540916,0.15820986600019943,9.785398483276367,-0.0007437381470468189,0.06612070474080876,0.0007786871574353427,-0.08484516069293022,0.08361282721161842,0.300626745169656,10.747697830200195,-1.545655075817476e-05,0.0645163936772214,-0.0015081434976309538,-0.08292495459318161,0.08363200575113298,0.20843485396770664,11.759979248046875,0.00013758353530963894,0.03800454085927119,0.0004328016366343945,-0.0484132319688797,0.04854341968894005
F:\Seminario\Seminario-Clustering\datasets\davi\Al Emadi (2019)\Multiclass_Drone_Audio\membo_1\mixed_membo_65-membo_000_.wav,Multiclass_Drone_Audio\membo_1\mixed_membo_65-membo_000_.wav,al_emadi,mixed_membo_65-membo_000,1.024,0.8524220225290002,5.991847038269043,-0.0005070041039465809,0.11846590468410968,-0.0036919127451255918,-0.07953999638557434,0.08252306133508683,0.06730712277196556,5.574189186096191,-9.78203633635133e-06,0.0332889809336035,6.670480070170015e-05,-0.018942214548587796,0.018434171006083487,0.027090026865161102,7.653637409210205,6.574054971465863e-05,0.014955086696612066,1.7048630979843438e-05,-0.011995887104421853,0.011369081772863866,0.02392945844314504,9.787353515625,6.724069426100631e-05,0.009947186540588047,5.0169561291113496e-05,-0.010375063866376877,0.0105429133400321,0.029251369390728064,10.421666145324707,-3.829139602667672e-06,0.007780136031863674,-1.0081937944050878e-05,-0.007700200472027062,0.007860756851732731
F:\Seminario\Seminario-Clustering\datasets\davi\Al Emadi (2019)\Multiclass_Drone_Audio\membo_1\mixed_membo_35-membo_003_.wav,Multiclass_Drone_Audio\membo_1\mixed_membo_35-membo_003_.wav,al_emadi,mixed_membo_35-membo_003,1.024,0.4204610179972282,8.698592185974121,-0.0005146524797700056,0.19671041975617126,-0.004553941078484058,-0.23842319548130034,0.24289042949676515,0.29289162151091686,8.75537109375,-0.0010231357884991155,0.16417651688120943,-0.0019537326297722757,-0.19354832023382187,0.20664010494947435,0.20301694260123843,9.636362075805664,-0.0008935860830216107,0.09679034280409235,0.0005225910863373429,-0.11937675252556801,0.11471259444952012,0.06731144807965223,10.688652038574219,-6.825958952251552e-05,0.039444235825597265,-0.0005318888579495251,-0.047803737223148346,0.04909898340702057,0.016318969810964305,11.86571979522705,4.664127572218429e-06,0.013739042370433387,5.405590854934417e-05,-0.01742199696600437,0.01702425032854081
F:\Seminario\Seminario-Clustering\datasets\davi\Al Emadi (2019)\Multiclass_Drone_Audio\bebop_1\B_S2_D1_094-bebop_002_.wav,Multiclass_Drone_Audio\bebop_1\B_S2_D1_094-bebop_002_.wav,al_emadi,B_S2_D1_094-bebop_002,1.024,0.7954934508634244,7.730481147766113,0.0010862126184663582,0.4127756608969924,0.009784606285393238,-0.42615464031696315,0.4025232166051865,0.010703703380572057,8.683755874633789,0.0012056816909552634,0.04786593876906738,0.0019274338847026229,-0.056038224324584,0.0594756368547678,0.036300414679381374,9.8684663772583,0.0013270820152439461,0.06242712640528739,0.00011480065586511046,-0.07388639673590659,0.08116635605692864,0.08348459487759372,10.880435943603516,0.0015984406641246062,0.06699626959986148,0.001981249777600169,-0.08195727318525314,0.08677362650632858,0.0740178361990285,11.887687683105469,-0.00019682562753438549,0.04463806652316653,0.00027639581821858883,-0.05594706982374191,0.05574377477169037
F:\Seminario\Seminario-Clustering\datasets\davi\Al Emadi (2019)\Multiclass_Drone_Audio\unknown\5-213802-A-122.wav,Multiclass_Drone_Audio\unknown\5-213802-A-122.wav,al_emadi,5-213802-A-122,0.97525,0.9856791367933215,8.727076530456543,0.007905695574105576,0.6519605401205701,0.03318474441766739,-0.8536209464073181,0.7759510278701782,0.0035051857491817007,8.38188362121582,0.00042295833297451685,0.03887901671312393,0.0003949507954530418,-0.041593726724386215,0.04463513195514679,0.0017170912981563967,9.886787414550781,-9.957822513479e-05,0.0192719845761837,0.0002276902087032795,-0.024988815188407898,0.02383901458233595,0.003642642853691672,10.840734481811523,-5.157334834198615e-05,0.019863723218131308,0.00015757116489112377,-0.02576812356710434,0.025304355658590794,0.005455943305648728,11.860601425170898,-0.0003325075352075077,0.01719440757921495,-0.00030112103559076786,-0.022209376469254492,0.021528702229261402
F:\Seminario\Seminario-Clustering\datasets\davi\Al Emadi (2019)\Multiclass_Drone_Audio\bebop_1\mixed_10-bebop_000_.wav,Multiclass_Drone_Audio\bebop_1\mixed_10-bebop_000_.wav,al_emadi,mixed_10-bebop_000,1.024,0.6536312559530458,8.478069305419922,-0.0013330533503762728,0.324757205746595,0.01265700627118349,-0.36164200901985166,0.38181912899017334,0.1354004600520882,8.936633110046387,-0.002621648529204269,0.14778753665677882,-0.0011801302316598594,-0.18537171185016632,0.18527555018663408,0.09527919203274902,9.897032737731934,-0.0010175139513262344,0.08779793803031996,-0.0012659358326345682,-0.11457166597247123,0.11165138632059099,0.07639103110595534,10.909170150756836,0.0005179322038835536,0.055638082288073785,0.0005237393197603524,-0.06974165886640549,0.07120217382907867,0.03929806085616156,11.925292015075684,0.00017321948699674172,0.02823043460160317,0.0004738562274724245,-0.03647093996405601,0.035856254398822784
F:\Seminario\Seminario-Clustering\datasets\davi\Al Emadi (2019)\Multiclass_Drone_Audio\bebop_1\B_S2_D1_082-bebop_001_.wav,Multiclass_Drone_Audio\bebop_1\B_S2_D1_082-bebop_001_.wav,al_emadi,B_S2_D1_082-bebop_001,1.024,0.47408840927796314,8.633087158203125,-1.1872992064188985e-05,0.21736572467425452,0.0012873774394392967,-0.2524398446083069,0.25808007419109347,0.036941756214352334,8.984230995178223,0.0004722501581322257,0.0606746163519479,0.002381891245022416,-0.0767397977411747,0.08000052645802498,0.10350063178789215,9.940226554870605,-0.0007265067386048498,0.07191660276918439,-0.0002557840052759275,-0.09167654737830162,0.09118647053837776,0.22336343050006624,10.939042091369629,4.7771632740194814e-05,0.07477236087873833,-1.71203282661736e-05,-0.09412754327058792,0.0964515283703804,0.1621057722197261,11.92645263671875,-5.678658396489475e-05,0.04506137458037502,9.301691898144782e-05,-0.058351293206214905,0.057761438935995106
F:\Seminario\Seminario-Clustering\datasets\davi\Al Emadi (2019)\Multiclass_Drone_Audio\unknown\2-107351-B-202.wav,Multiclass_Drone_Audio\unknown\2-107351-B-202.wav,al_emadi,2-107351-B-202,0.97525,0.001446523010804875,8.452393531799316,-0.0074891558477240185,0.04269752707277043,-0.008489168249070644,-0.06142592430114746,0.04766690731048584,0.0660468817009988,7.357475757598877,0.010204330885986105,0.29274023698572615,0.0016455544391646981,-0.20570684969425201,0.24097546935081482,0.3728769024819933,9.282011032104492,-0.03565292194050848,0.49160197391181965,-0.0022880921605974436,-0.7135231196880341,0.5848039090633392,0.5091410721312745,9.86838150024414,-0.0019599874604066723,0.4075701576996972,-0.000250021941610612,-0.4509042650461197,0.4482402503490448,0.050488620674928555,10.5955228805542,4.126965309719204e-05,0.09079558322227291,-3.2078009098768234e-05,-0.08908714950084685,0.09429755061864858
F:\Seminario\Seminario-Clustering\datasets\davi\Al Emadi (2019)\Multiclass_Drone_Audio\unknown\5-191497-A-333.wav,Multiclass_Drone_Audio\unknown\5-191497-A-333.wav,al_emadi,5-191497-A-333,1.0216875,0.10384245420870597,8.617921829223633,-0.00015211514702813286,0.0515284567278549,0.0004324603360146284,-0.06293557733297347,0.06334325149655345,0.21385025892461235,8.684467315673828,-0.0005189000664680939,0.07394447787311637,-0.00017619739810470492,-0.09424087405204773,0.09360034093260769,0.5414400174092607,9.567832946777344,-0.0009918862535118012,0.0833357884332856,0.0002552682999521494,-0.10880632549524306,0.10720031261444092,0.11870848947311657,10.460840225219727,7.04135648473739e-05,0.027614028900026226,-5.087881436338648e-05,-0.0334956094622612,0.034346939623355874,0.0221587799843044,11.132410049438477,-1.3611981733763235e-05,0.008439825434605275,1.4043514966033399e-05,-0.009621869213879107,0.009693907015025616
F:\Seminario\Seminario-Clustering\datasets\davi\Al Emadi (2019)\Multiclass_Drone_Audio\unknown\3-154378-A-300.wav,Multiclass_Drone_Audio\unknown\3-154378-A-300.wav,al_emadi,3-154378-A-300,1.0216875,0.35772528390586067,6.524476051330566,0.00011893749526451498,0.17033657281478154,0.0,-0.11134884357452392,0.11656597182154678,0.5282665281180201,5.788172245025635,-0.00020910184584223835,0.2069948345008949,0.0,-0.08352696448564528,0.06917622610926631,0.10942548014021392,6.948364734649658,0.00014594647515313528,0.06672936056081456,0.0,-0.023617463931441308,0.025985540822148327,0.004384153902476248,7.529921531677246,-3.428684086555262e-05,0.00945152662457344,0.0,-0.0038187579251825806,0.0036173355067148807,0.0001985539334290873,9.501351356506348,-3.6565072526467665e-06,0.0014228874976773618,0.0,-0.0009618085226975381,0.0009139917092397814
F:\Seminario\Seminario-Clustering\datasets\davi\Al Emadi (2019)\Multiclass_Drone_Audio\unknown\2-96063-A-373.wav,Multiclass_Drone_Audio\unknown\2-96063-A-373.wav,al_emadi,2-96063-A-373,1.0216875,0.017795621124605605,9.035924911499023,-8.818075994941485e-05,0.01286942649003107,-0.0006060586019884795,-0.016345622949302197,0.01740835309028626,0.00035836381677871806,8.408243179321289,-2.5471618159242985e-05,0.0018261340288323153,-3.8302427128655836e-05,-0.002070654067210853,0.0020167241338640463,0.050490331204356725,8.70683479309082,-0.00013612677424939485,0.015354137401394735,-4.660316335503012e-06,-0.016639792919158933,0.01426383797079327,0.46863735864154504,9.61003303527832,-9.26449688009715e-05,0.03310231095443635,5.048897037340794e-06,-0.035426507517695424,0.03245889097452166,0.4627183252127139,10.744513511657715,-1.5643269309087616e-06,0.0232686250500643,-5.380505172070116e-06,-0.025032897666096687,0.025318741053342836
F:\Seminario\Seminario-Clustering\datasets\davi\Al Emadi (2019)\Multiclass_Drone_Audio\unknown\1-56311-A-101.wav,Multiclass_Drone_Audio\unknown\1-56311-A-101.wav,al_emadi,1-56311-A-101,1.0216875,0.1813100707095639,8.931528091430664,0.0011386814640911027,0.19551362447338588,0.002722378820180893,-0.26544992327690126,0.2405070364475252,0.16634530862551358,8.91545295715332,0.0008051149953760982,0.1872728014500432,-0.0007288687629625201,-0.24620388150215147,0.22941435575485236,0.13585790769585157,9.93595027923584,-0.0008558172440786313,0.1198754923295489,-0.0010674470104277134,-0.15257292091846467,0.1494558364152909,0.25641578516142505,10.827659606933594,-0.004031336085544205,0.11647012931764035,-0.00466357939876616,-0.15129436254501344,0.1382701396942139,0.2600709278076459,11.770647048950195,0.00011053455978986558,0.08302683567933149,8.03256407380104e-05,-0.10095814615488052,0.10099630355834963
F:\Seminario\Seminario-Clustering\datasets\davi\Al Emadi (2019)\Multiclass_Drone_Audio\bebop_1\mixed_31-bebop_001_.wav,Multiclass_Drone_Audio\bebop_1\mixed_31-bebop_001_.wav,al_emadi,mixed_31-bebop_001,1.024,0.8063968152679346,8.680034637451172,-0.012855599355517697,0.42164168428336135,-0.0011320896446704865,-0.5384933412075043,0.4842534810304642,0.12288996895399852,8.634254455566406,0.004767940779715591,0.1646065117018936,0.0016551276785321534,-0.18753971755504606,0.20164626240730288,0.035623150460045015,9.674492835998535,0.000748555356420816,0.06278047488880728,0.0001771434908732772,-0.07459537237882614,0.07793489843606949,0.02264271013885696,10.857852935791016,-0.0011102549366006763,0.035407513785396215,-0.0007400257745757699,-0.04569637030363083,0.04318404942750931,0.012447355179164923,11.861056327819824,7.024461142300435e-06,0.01858033541902664,0.0003968406526837498,-0.02374303117394447,0.023292209953069687
F:\Seminario\Seminario-Clustering\datasets\davi\Al Emadi (2019)\Multiclass_Drone_Audio\unknown\1-17970-A-41.wav,Multiclass_Drone_Audio\unknown\1-17970-A-41.wav,al_emadi,1-17970-A-41,1.0216875,0.0218097284469296,8.252120971679688,0.0010838965366228488,0.14358789181372456,-0.0004847496747970581,-0.14601911306381227,0.15196290165185927,0.0394100969028186,7.597353935241699,0.00032127743553150997,0.1930226242455569,-0.0009282634127885103,-0.1663782700896263,0.15537987947464,0.7286280048613518,8.131707191467285,0.0007223812290244604,0.587872653856223,0.00036704784724861383,-0.37400100231170647,0.33419716358184814,0.1995605898654157,9.368273735046387,0.00028091552645982654,0.21770621727361383,-8.128043555188924e-05,-0.1625390827655792,0.16890121549367906,0.01059157992348428,9.230098724365234,6.41406511770731e-05,0.035480054657555535,-4.178285598754883e-05,-0.02032928317785263,0.01956405863165856
F:\Seminario\Seminario-Clustering\datasets\davi\Al Emadi (2019)\Multiclass_Drone_Audio\membo_1\mixed_membo_12-membo_003_.wav,Multiclass_Drone_Audio\membo_1\mixed_membo_12-membo_003_.wav,al_emadi,mixed_membo_12-membo_003,1.024,0.8867540659173029,8.930414199829102,-0.0039301193350907955,0.3353059910805387,-0.04465618170797825,-0.40409952104091645,0.4541562169790268,0.04965394585970561,9.00540542602539,0.0010532298640718739,0.07934291902978025,0.00021957681747153401,-0.10310919433832168,0.10367468819022178,0.031040037606073594,9.942049980163574,-0.00010612026771914555,0.04442708384314627,0.0008765918901190162,-0.057495638355612756,0.05547287240624429,0.02118529925418117,10.886674880981445,0.0001313080800082855,0.025974968383868577,3.709294833242893e-05,-0.03248810023069382,0.033008452504873276,0.011366651362736704,11.84862995147705,-5.136946892223792e-05,0.013459433123095058,-0.0001178943130071275,-0.016886703297495843,0.016801223158836365
F:\Seminario\Seminario-Clustering\datasets\davi\Al Emadi (2019)\Multiclass_Drone_Audio\unknown\4-123680-A-184.wav,Multiclass_Drone_Audio\unknown\4-123680-A-184.wav,al_emadi,4-123680-A-184,0.95975,0.04738895514801307,8.518111228942871,0.0007097706787758671,0.09907919617079956,0.0010638353414833546,-0.11490824818611145,0.12001971527934074,0.14407142634251358,8.57625961303711,0.002571460204908777,0.17274116716579258,-0.0008279554022010416,-0.20721707493066788,0.21192818880081177,0.3872123107607929,9.74107551574707,-0.00029933838580444743,0.2006329788060961,-0.002031759126111865,-0.24306899309158325,0.24976442456245435,0.2892433130922707,10.608354568481445,0.0006225728374205333,0.12270944520435575,0.0013269782066345215,-0.14876632988452912,0.1486792474985123,0.13208399465640977,11.676252365112305,-1.7595564899365932e-05,0.05866239614533207,-0.00013886881060898304,-0.0720214992761612,0.07203399389982224
F:\Seminario\Seminario-Clustering\datasets\davi\Al Emadi (2019)\Multiclass_Drone_Audio\bebop_1\mixed_9-bebop_000_.wav,Multiclass_Drone_Audio\bebop_1\mixed_9-bebop_000_.wav,al_emadi,mixed_9-bebop_000,1.024,0.34344660147400075,8.814706802368164,-0.0006304049380666133,0.2663728895926881,-0.005065759643912315,-0.32862871289253237,0.3226064622402191,0.2663831097711762,8.973172187805176,0.0017597468247684059,0.2345863591022911,-0.004504578188061714,-0.3023494601249695,0.29724323451519014,0.2590110535578358,9.938268661499023,0.0020782931114614062,0.16379634340806454,0.004046960035338998,-0.208807472884655,0.2095952019095421,0.10324505264018752,10.892892837524414,-0.0005088200150817595,0.07319130371090096,-0.0006173721048980951,-0.09064856916666031,0.09346587210893631,0.027914182556799734,11.930760383605957,-2.88089337140632e-05,0.02692266027576833,-0.00036504038143903017,-0.034277239441871644,0.03447830975055695
F:\Seminario\Seminario-Clustering\datasets\davi\Al Emadi (2019)\Multiclass_Drone_Audio\bebop_1\B_S2_D1_099-bebop_003_.wav,Multiclass_Drone_Audio\bebop_1\B_S2_D1_099-bebop_003_.wav,al_emadi,B_S2_D1_099-bebop_003,1.024,0.9170580828600434,8.48594856262207,-0.00012640864814369423,0.7411290042256565,-0.0010399594902992249,-0.8249518871307373,0.8563903927803043,0.010129849090421448,8.4821138381958,-0.0002795823104905634,0.0778922214209381,0.0028185024857521057,-0.0919442944228649,0.09050748646259309,0.018622170694769808,9.871040344238281,-0.000989780860600273,0.07478093474067264,-0.0011043892009183764,-0.09257330149412155,0.09061561822891236,0.03181540230038685,10.87744140625,0.0006667575847151251,0.06917794473689254,0.0011205151677131653,-0.08884941041469574,0.08827938139438629,0.022374495054378503,11.923534393310547,0.00010367391400413942,0.04104069853157208,0.0007995443884283304,-0.052054686844348906,0.052366789430379874
F:\Seminario\Seminario-Clustering\datasets\davi\Al Emadi (2019)\Multiclass_Drone_Audio\unknown\3-51731-B-421.wav,Multiclass_Drone_Audio\unknown\3-51731-B-421.wav,al_emadi,3-51731-B-421,1.0216875,0.23359244665487008,8.896201133728027,0.01216117128302209,0.5716912712266112,-0.01053893193602562,-0.7067221224308013,0.7727730274200448,0.27030463439867064,8.86899471282959,0.0013487978053826418,0.6151147096869298,-0.004281096858903766,-0.763715785741806,0.7820260047912603,0.35700956217367186,9.865032196044922,-0.0003341524005540737,0.5007210014416558,0.005358931142836809,-0.6389562964439393,0.6109988570213318,0.12512839615089422,10.843964576721191,0.0017906078874583712,0.2097593178450341,-0.001432324934285134,-0.2594590485095978,0.2631011575460434,0.01396496062189318,11.709537506103516,7.040672540791153e-05,0.0495734761627701,0.0003969678655266762,-0.059276641905307764,0.06023745834827425
F:\Seminario\Seminario-Clustering\datasets\davi\Al Emadi (2019)\Multiclass_Drone_Audio\unknown\1-101336-A-301.wav,Multiclass_Drone_Audio\unknown\1-101336-A-301.wav,al_emadi,1-101336-A-301,1.0216875,0.9315526848065114,6.479933738708496,-0.004400265984092694,0.4721386957015994,-0.017287219874560833,-0.19827915281057357,0.22197230160236392,0.06069153853272248,5.257701396942139,0.0006596469497796785,0.12051533090205516,0.00010384997221990488,-0.04167932830750942,0.04676237329840665,0.006699731559942412,5.318117618560791,-0.000104358314523146,0.02836195097262325,-3.5605196899268776e-05,-0.008050114102661609,0.008392544090747833,0.0009740031381657249,4.894983291625977,2.359261723592849e-05,0.00765229319156499,-9.698305802885443e-06,-0.0024668437428772448,0.0024021827150136235,8.204196265795983e-05,5.219173431396484,1.8710221223116738e-06,0.0015710934760777239,-1.6325666365446523e-06,-0.0005762030370533467,0.000579287123400718
F:\Seminario\Seminario-Clustering\datasets\davi\Al Emadi (2019)\Multiclass_Drone_Audio\unknown\pink_noise004.wav,Multiclass_Drone_Audio\unknown\pink_noise004.wav,al_emadi,pink,4.992,0.7289557425769962,11.293850898742676,0.03863726829222607,1.019036898215092,0.04816775768995285,-1.2814789414405823,1.3461030244827272,0.06695447053049106,11.237113952636719,0.00042896325891890957,0.3090584649200305,0.003285009879618883,-0.4007516205310821,0.3930548995733263,0.06793080673412608,12.247085571289062,-0.0033753128417229675,0.22016537959873925,-0.0043972262647002935,-0.28430825769901275,0.2821609735488892,0.06653736449462777,13.224771499633789,0.0006570615420033902,0.1541191479247843,-0.0001708068884909153,-0.19635530710220336,0.1970312237739563,0.06962161566375884,14.232993125915527,-0.0003887260008187027,0.11148597383735517,-0.0011385080870240927,-0.1423863559961319,0.14358327090740206
F:\Seminario\Seminario-Clustering\datasets\davi\Al Emadi (2019)\Multiclass_Drone_Audio\membo_1\Membo_0_041-membo_000_.wav,Multiclass_Drone_Audio\membo_1\Membo_0_041-membo_000_.wav,al_emadi,Membo_0_041-membo_000,1.024,0.6968594545852245,9.333064079284668,-0.00013019743576663935,0.09521632665912236,-0.001262788602616638,-0.11881735175848006,0.12448292821645739,0.04802396146483419,8.996017456054688,-8.781313377961481e-05,0.024995712868037676,-0.0005368658457882702,-0.03288556523621082,0.03275249488651753,0.05647140103604162,9.914087295532227,-7.829137680430451e-05,0.01919412289108774,-0.000332439158228226,-0.024228500761091707,0.024985140003263958,0.09827128075509477,10.5897216796875,-6.064891723310836e-06,0.017919513906057286,-9.889970533549786e-05,-0.021058985963463783,0.02099408023059368,0.10037390215880494,11.671174049377441,-3.452155782915619e-05,0.012811269405308452,-0.00010697993275243789,-0.015446074120700358,0.015523080527782443
F:\Seminario\Seminario-Clustering\datasets\davi\Al Emadi (2019)\Multiclass_Drone_Audio\unknown\2-32834-A-42.wav,Multiclass_Drone_Audio\unknown\2-32834-A-42.wav,al_emadi,2-32834-A-42,0.97525,0.035123140266654015,8.459588050842285,7.566041004569644e-05,0.1770011023323003,3.037974238395691e-05,-0.20725244283676147,0.19693809747695923,0.06718014382545293,7.100982666015625,0.01138136711550229,0.24452873422983587,0.0006851273356005549,-0.14981035888195038,0.19913114607334137,0.3997453030995127,8.393205642700195,-0.0004379637736202147,0.42288364966102704,5.183291796129197e-05,-0.3695830702781677,0.35444754362106323,0.47728190313653324,9.35963249206543,-0.00027166076489641645,0.32699044875871675,-0.00025219860253855586,-0.2773468345403671,0.2764079123735428,0.020669509671847126,10.282093048095703,4.0944164012460913e-05,0.048138474823261695,-2.05499236471951e-06,-0.04041268676519394,0.04112801477313044
F:\Seminario\Seminario-Clustering\datasets\davi\Al Emadi (2019)\Multiclass_Drone_Audio\bebop_1\mixed_27-bebop_000_.wav,Multiclass_Drone_Audio\bebop_1\mixed_27-bebop_000_.wav,al_emadi,mixed_27-bebop_000,1.024,0.5087563608723913,8.758674621582031,-0.001355226454664094,0.11022393622691479,0.0015376961673609912,-0.14174272269010543,0.12594608217477798,0.04842571137106402,8.996036529541016,5.304657997398466e-05,0.034008798428901386,-0.0014090107870288193,-0.04304108135402202,0.04410496130585671,0.11241862464424698,9.979467391967773,0.00037885805086492077,0.0366917301406821,-5.2285948186181486e-05,-0.04606804177165031,0.0482014000415802,0.18483707135081093,10.915020942687988,0.0002404866670828923,0.03329743167869065,-0.00038088762084953487,-0.04141334071755409,0.042871858924627304,0.14556223176148683,11.921829223632812,5.744660383447933e-05,0.02090357914925916,0.0001705839385977015,-0.02649548426270485,0.026551526412367823
F:\Seminario\Seminario-Clustering\datasets\davi\Al Emadi (2019)\Multiclass_Drone_Audio\unknown\2-151079-A-200.wav,Multiclass_Drone_Audio\unknown\2-151079-A-200.wav,al_emadi,2-151079-A-200,1.0216875,0.009529996365903229,7.993437767028809,0.00044407255388785003,0.010458464898885092,-0.00013726978795602918,-0.009816575422883033,0.009966110903769735,0.20926616477520238,7.413280010223389,-0.0006080771234617162,0.04904885190778646,-0.00011185317271156237,-0.03844973780214787,0.03563120104372509,0.4801152117611311,8.429898262023926,-0.00048748152353430467,0.05262503517754826,-3.1414929253514856e-05,-0.045070153474807736,0.04070493951439859,0.24875078561670722,8.88278865814209,1.6019612449323258e-05,0.02680548193269168,-2.8084077712264843e-06,-0.017968518659472466,0.01742096822708845,0.05233784148105607,9.764016151428223,-2.217577742433201e-05,0.008697987577592723,-2.1007717805332504e-06,-0.005730671342462301,0.0054213703610003
F:\Seminario\Seminario-Clustering\datasets\davi\Al Emadi (2019)\Multiclass_Drone_Audio\unknown\1-52323-A-240.wav,Multiclass_Drone_Audio\unknown\1-52323-A-240.wav,al_emadi,1-52323-A-240,1.0216875,0.6439198842038378,7.351446628570557,-0.00036971708926179103,0.09863594571599076,0.0001475614117225632,-0.08040947392582891,0.09370148330926911,0.12571630559238284,7.69399356842041,-0.0005250958589020456,0.04357994030654946,-2.2137553060019854e-05,-0.047137769684195516,0.03857838548719884,0.13640789842561235,7.928927898406982,-0.0009217292469227854,0.032143205697188905,3.388927325431723e-07,-0.02426474690437317,0.020884114131331448,0.07552511318993195,9.17018985748291,-0.0002585108203123037,0.016929578864942715,-9.437043217985774e-07,-0.014481195900589227,0.013438882492482663,0.01843079858823507,10.384848594665527,1.4112207600913629e-05,0.005916879808750364,1.1774000086006708e-06,-0.0051064473576843735,0.005219039320945746
F:\Seminario\Seminario-Clustering\datasets\davi\Al Emadi (2019)\Multiclass_Drone_Audio\membo_1\mixed_membo_63-membo_004_.wav,Multiclass_Drone_Audio\membo_1\mixed_membo_63-membo_004_.wav,al_emadi,mixed_membo_63-membo_004,0.904,0.5719522738172449,8.628731727600098,0.001774363654184636,0.22785762388397918,-0.0028493348509073257,-0.27107591331005093,0.28855602145195014,0.08274892636198851,8.814175605773926,-0.00533626826512333,0.08650741577832141,-0.006408085348084569,-0.11718280985951422,0.1059403330087662,0.056943500807781586,9.741724014282227,0.0004953099968064065,0.05092141179473812,0.00019687338499352336,-0.0657431073486805,0.06455862894654275,0.08209286194397912,10.484628677368164,0.0006976579999430229,0.043271258647748445,0.000511796330101788,-0.05158894509077072,0.052190881222486496,0.20626243706900588,11.058921813964844,6.455466030236352e-05,0.048529738072840535,-0.0003591360873542726,-0.053576234728097916,0.05337189063429835
F:\Seminario\Seminario-Clustering\datasets\davi\Al Emadi (2019)\Multiclass_Drone_Audio\unknown\4-196672-A-83.wav,Multiclass_Drone_Audio\unknown\4-196672-A-83.wav,al_emadi,4-196672-A-83,1.0216875,0.1260721484107392,7.687734127044678,0.00023215395320978755,0.02497060816393624,0.0002492903731763363,-0.022662606462836264,0.024234906770288948,0.07212922144356312,8.512845993041992,0.00010395853292961503,0.01888806035459773,0.0003157603496219963,-0.021494722180068492,0.022175770998001103,0.06377300997436025,9.794670104980469,-9.794986491610732e-05,0.01257966852753555,0.00020459234656300396,-0.01567334160208702,0.015349020622670654,0.16121072615981313,10.717138290405273,2.36405040532066e-05,0.014153486487666718,0.00016711088392185047,-0.017172577790915966,0.017197203636169434,0.5768148940115243,11.761491775512695,1.1430914614977054e-05,0.018938956178660003,2.021605905611068e-05,-0.023370445892214774,0.0231876090168953
F:\Seminario\Seminario-Clustering\datasets\davi\Al Emadi (2019)\Multiclass_Drone_Audio\unknown\5-180156-B-431.wav,Multiclass_Drone_Audio\unknown\5-180156-B-431.wav,al_emadi,5-180156-B-431,1.0216875,0.40788161696460734,8.647279739379883,0.006938270652840631,0.7035545876629783,0.007896577473729849,-0.8376097798347473,0.8622126221656801,0.042755845394098733,8.75879955291748,0.00462669825735357,0.2277508399818169,0.006705254316329956,-0.27624342441558836,0.289702767133713,0.07713847057109688,9.82670783996582,0.001182969654879586,0.2167237346810948,0.0025267433375120163,-0.2719144284725189,0.2646308898925781,0.33831218886841036,10.420745849609375,-0.0008722149516355801,0.32117208651968093,8.283292117994279e-05,-0.4233048617839813,0.417095497250557,0.13391187820178665,11.400662422180176,-5.2685592384988205e-05,0.1429423522314218,-0.0006267896387726068,-0.18516260385513306,0.19345244765281702
F:\Seminario\Seminario-Clustering\datasets\davi\Al Emadi (2019)\Multiclass_Drone_Audio\bebop_1\B_S2_D1_118-bebop_001_.wav,Multiclass_Drone_Audio\bebop_1\B_S2_D1_118-bebop_001_.wav,al_emadi,B_S2_D1_118-bebop_001,1.024,0.4151620927522565,7.68009090423584,-0.0006531592753480722,0.19896244976015426,-0.0006088502705097198,-0.1904391825199127,0.17972616106271744,0.08181855063386165,8.92779541015625,-0.0013030628403886085,0.08831678268378401,-0.001917289919219911,-0.11250547766685486,0.11509929522871971,0.1148225752321267,9.935709953308105,-0.00015347930019377472,0.07409616368423168,-0.001761526451446116,-0.09412721544504166,0.09737590178847313,0.22454870745031633,10.931906700134277,-0.0012547489412501676,0.07332128057819486,0.0005202183965593576,-0.09543884545564651,0.09088879078626633,0.1636480739314388,11.902650833129883,4.320297193438749e-06,0.04428576912186904,0.00016278272960335016,-0.056319291889667514,0.05532105788588525
F:\Seminario\Seminario-Clustering\datasets\davi\Al Emadi (2019)\Multiclass_Drone_Audio\unknown\3-158056-A-310.wav,Multiclass_Drone_Audio\unknown\3-158056-A-310.wav,al_emadi,3-158056-A-310,1.0216875,0.08386223864715997,5.248791694641113,-8.780162985336054e-05,0.0024493815457934894,-0.00011541213098098524,-0.0006019108521286398,0.0005744017893448474,0.019198020398773795,4.334867477416992,6.217418957260644e-05,0.0011710326831305972,1.6619101188553032e-06,-0.000243495860195253,0.0002442910175886937,0.04661363434949444,5.5418219566345215,1.1171479511810547e-05,0.001294249301288394,-1.8306516267330153e-06,-0.0002588060859125107,0.00022714814404025676,0.22034870982211685,4.692227840423584,-3.0368531149287054e-05,0.001991065496995456,2.03875281101773e-07,-0.00023218940332299097,0.0002272292826091871,0.6299773967824549,4.8517961502075195,-4.2926512353557054e-07,0.0023818482104900683,2.2053309294278733e-06,-0.00027289741556160154,0.00027131998213008083
F:\Seminario\Seminario-Clustering\datasets\davi\Al Emadi (2019)\Multiclass_Drone_Audio\bebop_1\mixed_63-bebop_002_.wav,Multiclass_Drone_Audio\bebop_1\mixed_63-bebop_002_.wav,al_emadi,mixed_63-bebop_002,1.024,0.6521385667993287,8.902193069458008,0.000517777699832488,0.29465705364407796,0.0095816096290946,-0.36212189197540284,0.36142430603504183,0.0702034699860561,8.757086753845215,-0.0013135081116399429,0.09666889703328685,-0.0023089030291885138,-0.1227948360145092,0.11550239697098733,0.0534915621356283,9.925853729248047,-0.0008526323956951246,0.059753640176642205,-0.0007554158801212907,-0.07610410377383232,0.07403425350785256,0.08007905463855874,10.870938301086426,0.00015703395223405696,0.05174623513920411,-0.00017851265147328377,-0.06438522040843964,0.06638163328170776,0.14408734644042814,11.56649398803711,-2.4360646406545736e-05,0.04910260692965631,-4.5129796490073204e-05,-0.05833727568387984,0.05623044967651367
F:\Seminario\Seminario-Clustering\datasets\davi\Al Emadi (2019)\Multiclass_Drone_Audio\unknown\3-134699-A-163.wav,Multiclass_Drone_Audio\unknown\3-134699-A-163.wav,al_emadi,3-134699-A-163,1.0216875,0.9657744016180068,8.714821815490723,0.0004368389572527854,0.5083261361170159,-0.00828574737533927,-0.5798285901546478,0.6630587339401248,0.019900317598470645,8.970538139343262,-0.0024210052100551074,0.07292821589149873,-0.003627171739935875,-0.09680984765291215,0.09258180633187299,0.004551635576180325,9.87847900390625,-6.264951799938472e-05,0.024717963513213422,-0.00017722509801387787,-0.03170482292771339,0.03160019293427468,0.003909175407379979,9.68531608581543,-8.840049463265643e-05,0.016209500331634968,-0.00015521777095273137,-0.015570946875959635,0.015418114699423313,0.00586446979996225,9.5668306350708,-3.6142599683002566e-06,0.014044901327332467,2.2337917471304536e-05,-0.009384185075759888,0.00947891101241112
F:\Seminario\Seminario-Clustering\datasets\davi\Al Emadi (2019)\Multiclass_Drone_Audio\membo_1\Membo_0_006-membo_000_.wav,Multiclass_Drone_Audio\membo_1\Membo_0_006-membo_000_.wav,al_emadi,Membo_0_006-membo_000,1.024,0.6272651327682858,8.672286987304688,0.00036844780331803036,0.10235209618945,0.0036899270489811897,-0.11480768024921417,0.11462047249078754,0.038116965208809715,9.011407852172852,-0.00024275533480284898,0.025229754789477855,-0.00011804263340309262,-0.03256756067276001,0.03176287822425366,0.07113383922749722,9.940794944763184,0.0003809364615789072,0.02440493192179153,0.00023591204080730677,-0.030554020963609218,0.031974403932690625,0.11541442234255705,10.681842803955078,0.0001344698626617657,0.022002379517698886,0.00010155915515497327,-0.026716137304902077,0.02677479200065136,0.14806964045285018,11.784000396728516,-2.3294597570591194e-06,0.017629951884278943,-2.8995797038078308e-05,-0.02174168936908245,0.022308541834354406
F:\Seminario\Seminario-Clustering\datasets\davi\Al Emadi (2019)\Multiclass_Drone_Audio\unknown\2-141681-A-360.wav,Multiclass_Drone_Audio\unknown\2-141681-A-360.wav,al_emadi,2-141681-A-360,1.0216875,0.3583850448381095,8.905694961547852,0.0002835643154311679,0.2613127720508129,0.0008453354239463806,-0.3378022789955139,0.3343882948160172,0.3929528554020625,8.94355583190918,-0.006563072575875449,0.2735465463986425,-0.008610786404460669,-0.37312827706336976,0.3403690218925477,0.1558313142174867,9.92453384399414,-0.001387887814989495,0.12204242513365407,-0.0016442558262497187,-0.1544552832841873,0.1567607492208481,0.0485764043432313,10.906486511230469,9.822677298659393e-05,0.04821991941566141,7.320445001823828e-05,-0.06071025133132934,0.06131013035774232,0.04425438119910998,11.904172897338867,3.446875598834413e-05,0.03255842680646357,-0.0003200031351298094,-0.040674657374620435,0.04163288921117783
F:\Seminario\Seminario-Clustering\datasets\davi\Al Emadi (2019)\Multiclass_Drone_Audio\unknown\4-146200-A-364.wav,Multiclass_Drone_Audio\unknown\4-146200-A-364.wav,al_emadi,4-146200-A-364,0.95975,0.1949063796418373,8.927608489990234,-0.044238884429067496,0.5601665369855493,-0.0457682479172945,-0.7515444755554199,0.6887572407722473,0.42341652609940883,8.955326080322266,-0.03186114325131339,0.8275925760251299,-0.020930291153490543,-1.1176178455352783,1.0402444005012512,0.16423500927883336,9.879980087280273,-0.008349382556345942,0.36529769418439273,-0.012140929698944092,-0.483241993188858,0.4569438338279725,0.14161869516675174,10.884048461914062,0.0026440982633615813,0.2400961110145143,-0.0017969139153137803,-0.30913634300231935,0.3227186918258668,0.07582338981316881,11.823235511779785,0.0017835267107854523,0.12427702231646524,0.002659951336681843,-0.15892185270786285,0.16153106093406677
F:\Seminario\Seminario-Clustering\datasets\davi\Al Emadi (2019)\Multiclass_Drone_Audio\membo_1\Membo_1_030-membo_003_.wav,Multiclass_Drone_Audio\membo_1\Membo_1_030-membo_003_.wav,al_emadi,Membo_1_030-membo_003,1.024,0.637302346674837,8.788381576538086,-3.132784323206226e-05,0.11293528270361859,0.0011217392748221755,-0.13845701813697814,0.1437964692711831,0.0410805242175365,9.005226135253906,0.0001783909900306082,0.028672560982312148,-0.0016486337990500033,-0.035550717264413834,0.037740714848041534,0.08768253491287706,10.013111114501953,-0.0003426651986878199,0.02966216663961088,-0.00014425034169107676,-0.03958816789090633,0.03722491189837456,0.11568705658609046,10.951791763305664,-0.0001406992687606779,0.024113797418848365,0.00024103649775497615,-0.03179744631052017,0.030163908377289772,0.11824753760865898,11.820488929748535,-3.1728052710828044e-05,0.017246316740866068,-9.459802822675556e-05,-0.021360981091856957,0.021475257351994514
F:\Seminario\Seminario-Clustering\datasets\davi\Al Emadi (2019)\Multiclass_Drone_Audio\unknown\1-36400-A-232.wav,Multiclass_Drone_Audio\unknown\1-36400-A-232.wav,al_emadi,1-36400-A-232,0.97525,0.0,-0.0,0.0,0.0,0.0,0.0,0.0,0.0,-0.0,0.0,0.0,0.0,0.0,0.0,0.0,-0.0,0.0,0.0,0.0,0.0,0.0,0.0,-0.0,0.0,0.0,0.0,0.0,0.0,0.0,-0.0,0.0,0.0,0.0,0.0,0.0
F:\Seminario\Seminario-Clustering\datasets\davi\Al Emadi (2019)\Multiclass_Drone_Audio\membo_1\mixed_membo_59-membo_002_.wav,Multiclass_Drone_Audio\membo_1\mixed_membo_59-membo_002_.wav,al_emadi,mixed_membo_59-membo_002,1.024,0.8728599920506651,8.905843734741211,-0.0008218399317397112,0.09417335713354805,-0.002326912130229175,-0.11802713274955749,0.12585267424583435,0.04375833139153161,8.970043182373047,-0.0002710117333530769,0.021084669891956242,-0.00042852183105424047,-0.027281655929982662,0.0267924252897501,0.020805123034057984,9.89279842376709,-5.924358910888011e-05,0.010296002816524602,-1.7503352864878252e-05,-0.013091383781284095,0.012807330116629602,0.027870499278833193,10.869851112365723,-8.788506444472064e-05,0.008433247071820645,-2.0176084944978356e-05,-0.01066464465111494,0.010727222077548504,0.03470605424491212,11.882287979125977,5.121403211056557e-06,0.006657618678566557,4.8330737627111375e-05,-0.008541510440409184,0.008334563672542573
F:\Seminario\Seminario-Clustering\datasets\davi\Al Emadi (2019)\Multiclass_Drone_Audio\unknown\1-29680-A-210.wav,Multiclass_Drone_Audio\unknown\1-29680-A-210.wav,al_emadi,1-29680-A-210,1.0216875,0.3905926372151821,6.937783718109131,-6.362136605452681e-05,0.16023271857613913,3.581651981221512e-05,-0.10773307383060456,0.10948997437953954,0.22734475352716194,5.794347286224365,0.005069967874738184,0.12213998578602095,2.0430624317668844e-05,-0.06833397969603539,0.06836532577872281,0.17255708566209513,7.734416484832764,0.00022622862223442786,0.07543610208437135,-3.45383432431845e-06,-0.053819533437490456,0.04894858002662661,0.11832510773862406,9.329416275024414,-0.00012753697153851924,0.044203292646553455,1.0060877684736624e-05,-0.03834597952663898,0.03831070885062222,0.09118041585693677,9.261587142944336,-0.00012665765347015482,0.027449533695548783,-1.2406053429003805e-06,-0.019435682520270347,0.018388006091117872
F:\Seminario\Seminario-Clustering\datasets\davi\Al Emadi (2019)\Multiclass_Drone_Audio\bebop_1\B_S2_D1_094-bebop_000_.wav,Multiclass_Drone_Audio\bebop_1\B_S2_D1_094-bebop_000_.wav,al_emadi,B_S2_D1_094-bebop_000,1.024,0.6505172295835161,8.06991958618164,0.0007366300422644008,0.303225260213796,0.0024801488034427166,-0.32183125913143157,0.3144276082515719,0.02153199758084931,8.997016906738281,-0.0011643749579871457,0.0551547185413594,-0.00030404693097807467,-0.07296133115887642,0.06932492703199387,0.06026653735042733,9.958795547485352,-0.0005427550521015871,0.065354998417393,-0.0013097404153086245,-0.08636198714375495,0.08432658910751344,0.13705181456346846,10.979757308959961,-0.00025109504664271243,0.06975102467793119,-3.6885030567646027e-05,-0.09033463895320892,0.08986281603574753,0.13063242092173877,11.930147171020508,4.773593939718767e-05,0.04817333157870728,-0.0006724278791807592,-0.06143209114670753,0.06212473064661029
F:\Seminario\Seminario-Clustering\datasets\davi\Al Emadi (2019)\Multiclass_Drone_Audio\bebop_1\mixed_48-bebop_003_.wav,Multiclass_Drone_Audio\bebop_1\mixed_48-bebop_003_.wav,al_emadi,mixed_48-bebop_003,1.024,0.6551770715606745,8.565638542175293,0.0002249689457951638,0.1438230207072609,0.002989749424159527,-0.17392869889736173,0.16312198191881183,0.024062997455829058,8.901744842529297,0.0005467970383585797,0.027557446977243362,0.0010124073596671224,-0.03399670384824276,0.034116489440202714,0.07077670129162661,9.922815322875977,-0.0013184888510316677,0.033448450837455866,-0.0005193011602386832,-0.04429443441331386,0.04111301302909851,0.14304204213879604,10.95926284790039,-6.533309790232895e-05,0.033678626615479344,-0.0002744992671068758,-0.0427669957280159,0.043395671993494034,0.10694118755307383,11.94771671295166,5.422025395118258e-06,0.020599952297392726,0.0001940656511578709,-0.0266916885972023,0.02644678838551045
F:\Seminario\Seminario-Clustering\datasets\davi\Al Emadi (2019)\Multiclass_Drone_Audio\bebop_1\mixed_59-bebop_002_.wav,Multiclass_Drone_Audio\bebop_1\mixed_59-bebop_002_.wav,al_emadi,mixed_59-bebop_002,1.024,0.48213400058422834,8.879109382629395,-0.0007457460032649411,0.09108657429411529,-0.0017725438810884953,-0.1150215208530426,0.11695469915866852,0.04859723467236609,8.913005828857422,-0.001072709371072457,0.02889960072789856,-0.001914497697725892,-0.037894904240965845,0.03489986658096314,0.10920889142878848,9.991734504699707,0.0004544259843997682,0.030696218264746146,8.187372077372856e-05,-0.039605353772640225,0.03957134447991848,0.20722100602889296,10.930861473083496,-0.0010065128159475025,0.02991092996579827,-0.0007832458941265941,-0.038849543780088425,0.0368681475520134,0.15283886728572416,11.935188293457031,4.9852371817376424e-05,0.018182117573984382,0.0001019290357362479,-0.02340242452919483,0.023075390979647642
F:\Seminario\Seminario-Clustering\datasets\davi\Al Emadi (2019)\Multiclass_Drone_Audio\unknown\5-177034-A-180.wav,Multiclass_Drone_Audio\unknown\5-177034-A-180.wav,al_emadi,5-177034-A-180,1.0216875,0.9848166981988478,8.977684020996094,-0.0004572333751561379,0.023390031610213996,0.00021855393424630165,-0.03209465108811855,0.029462938010692597,0.007733166103146522,8.93729019165039,6.729599687967897e-05,0.002071981020189946,0.0001375316860503517,-0.0026433384511619805,0.0026706581935286534,0.0028238369333458482,9.902112007141113,-1.0942366580483917e-05,0.0008872549087183612,-6.8066437961533666e-06,-0.0011438899673521519,0.0011523882392793896,0.0021918772149855164,10.920675277709961,3.899151522435032e-06,0.0005531744564841978,3.2663037927704863e-06,-0.0007143744267523288,0.0007086190860718489,0.0024344215496743616,11.931386947631836,2.8138053129621026e-06,0.00041240448361072493,2.2871900000609457e-06,-0.0005308102001436055,0.0005316780880093575
F:\Seminario\Seminario-Clustering\datasets\davi\Al Emadi (2019)\Multiclass_Drone_Audio\bebop_1\B_S2_D1_102-bebop_002_.wav,Multiclass_Drone_Audio\bebop_1\B_S2_D1_102-bebop_002_.wav,al_emadi,B_S2_D1_102-bebop_002,1.024,0.8270513531914475,8.110559463500977,-0.004640502168896418,0.4903358775431568,-0.0111179668456316,-0.5382779717445374,0.529870343208313,0.01674888760594145,8.936386108398438,-0.00023389228289603318,0.06978104031265595,-0.0012875264510512352,-0.08422439694404601,0.09035659208893776,0.04155103205066159,9.950183868408203,-0.0026157285674158195,0.0777876728535389,-0.0030407814774662256,-0.10411637127399445,0.09695176258683205,0.06708421258635003,10.949846267700195,-0.0013842787726356981,0.06997546559560419,-0.0031540594063699245,-0.08951149135828018,0.08967914432287216,0.04756451456559937,11.922189712524414,-0.0001283421871199655,0.04168986578189457,-0.00040531865670345724,-0.0532353326678276,0.052681056410074235
F:\Seminario\Seminario-Clustering\datasets\davi\Al Emadi (2019)\Multiclass_Drone_Audio\membo_1\Membo_0_001-membo_004_.wav,Multiclass_Drone_Audio\membo_1\Membo_0_001-membo_004_.wav,al_emadi,Membo_0_001-membo_004,0.896,0.673815938223113,9.210311889648438,-0.0008141853660241827,0.08277047037905627,-0.002739072311669588,-0.10849303752183914,0.10888852924108504,0.14316450312126408,8.982151985168457,3.792105009069485e-05,0.03815427813951777,0.001802167040295899,-0.05160771943628788,0.048742254823446254,0.0547834483020538,9.759204864501953,0.0005007342244528863,0.016709520439997145,0.0001868501421995461,-0.02054902371019125,0.022562180645763874,0.0592369353485013,10.730274200439453,0.0002098620254429267,0.012301992022692006,0.00036900959094054997,-0.015861329808831214,0.015874489769339563,0.0689991750050678,11.77362060546875,-3.174901497927551e-05,0.009394175380797199,-5.281360790831968e-05,-0.012076664716005325,0.012011847458779812
F:\Seminario\Seminario-Clustering\datasets\davi\Al Emadi (2019)\Multiclass_Drone_Audio\bebop_1\B_S2_D1_114-bebop_000_.wav,Multiclass_Drone_Audio\bebop_1\B_S2_D1_114-bebop_000_.wav,al_emadi,B_S2_D1_114-bebop_000,1.024,0.08636281439652747,8.962852478027344,0.0007001481467102952,0.06368479021102882,0.0016943757655099034,-0.0781237058341503,0.08389285057783127,0.04506976215770135,9.000221252441406,0.0014178942875270912,0.045986976859755814,0.0014241220778785646,-0.056555230915546414,0.062327173724770556,0.19531681188584404,9.9602689743042,-0.0009614138325577618,0.06781771183335981,-0.0009179776243399829,-0.08638278618454934,0.08475236147642136,0.3804560096456232,10.921479225158691,0.0019011026540275433,0.0669652606515643,0.00024363177362829447,-0.08143676817417145,0.08746183663606644,0.29279460191430395,11.957524299621582,0.00011518597385497755,0.041574071606134855,0.00034638764918781817,-0.05279618725180626,0.05304557606577875
F:\Seminario\Seminario-Clustering\datasets\davi\Al Emadi (2019)\Multiclass_Drone_Audio\bebop_1\B_S2_D1_118-bebop_004_.wav,Multiclass_Drone_Audio\bebop_1\B_S2_D1_118-bebop_004_.wav,al_emadi,B_S2_D1_118-bebop_004,0.896,0.7718001863449044,7.884518146514893,-0.0025819654305059745,0.3638779198552927,-0.00860552303493023,-0.3861142098903656,0.3735202759504317,0.01721634439602632,8.669463157653809,-0.0014525453946664165,0.05432872419203652,0.000558140454813838,-0.07142644077539444,0.0650543816387653,0.04546074119560122,9.687102317810059,0.000556905130509083,0.06254947197110707,0.0021175582660362124,-0.07949605733156204,0.0776335000991821,0.09390705463099414,10.73514175415039,-0.0011024544661852377,0.06362307185408506,-0.003277032170444727,-0.07936160862445832,0.08250154852867136,0.07161567343247394,11.737762451171875,-6.328027099081094e-05,0.03931253637869449,-0.0005490882322192192,-0.051079198718070984,0.05036371573805809
F:\Seminario\Seminario-Clustering\datasets\davi\Al Emadi (2019)\Multiclass_Drone_Audio\unknown\3-147965-A-122.wav,Multiclass_Drone_Audio\unknown\3-147965-A-122.wav,al_emadi,3-147965-A-122,0.97525,0.9069213988856891,8.60620403289795,0.0001661325707579759,0.0938153429861776,0.0009428402408957481,-0.11379414051771164,0.11672938615083694,0.014270688594288962,8.353866577148438,-0.00037646090880855295,0.011762235785046388,-0.00015713917673565447,-0.013657746836543083,0.013213098980486393,0.013770803908527788,9.424942016601562,-5.6109454668695266e-05,0.008186707268461872,-0.00020950083853676915,-0.009269541129469872,0.00979570858180523,0.022535291794171713,10.69466781616211,-0.0001514697745224894,0.007409672189678416,-0.00023982259153854102,-0.009266461711376905,0.009075655601918697,0.04250181681732241,11.57200813293457,-3.201687737172058e-05,0.007200078431769936,4.454194277059287e-05,-0.008650436811149121,0.008404671587049961
F:\Seminario\Seminario-Clustering\datasets\davi\Al Emadi (2019)\Multiclass_Drone_Audio\unknown\2-59321-A-493.wav,Multiclass_Drone_Audio\unknown\2-59321-A-493.wav,al_emadi,2-59321-A-493,1.0216875,0.39509911867187913,8.235855102539062,-0.002071531787097947,0.4367647354190242,-0.00845122104510665,-0.490673142671585,0.4909859120845796,0.3512132894718721,7.984041213989258,0.003582899033020392,0.41178305459267284,-0.0006472042296081781,-0.41810832023620603,0.4859266310930252,0.1227726550464618,8.79035758972168,-0.00289309633042497,0.17243074751075307,0.0005751692224293947,-0.18292227983474732,0.17523131370544434,0.06677199957158345,9.527681350708008,0.0006908829711858033,0.08999379369317771,-0.00023858045460656285,-0.08377716243267057,0.08539831340312957,0.06414293723820354,10.611469268798828,9.176604488309144e-05,0.06239832319855212,0.00010509678395465016,-0.059909331053495406,0.060331785678863596
F:\Seminario\Seminario-Clustering\datasets\davi\Al Emadi (2019)\Multiclass_Drone_Audio\membo_1\Membo_2_017-membo_003_.wav,Multiclass_Drone_Audio\membo_1\Membo_2_017-membo_003_.wav,al_emadi,Membo_2_017-membo_003,1.024,0.5235338136242396,9.34100341796875,0.0006037102189385197,0.07415825611503087,0.00014145896420814097,-0.09846526682376862,0.09880396202206614,0.04672905049852656,9.093822479248047,-2.5342397947877066e-05,0.02215617052753502,-0.0004042663495056331,-0.027848231606185436,0.02962803114205599,0.04476647757512184,9.963315963745117,-7.533095567682717e-05,0.015356461332020071,4.319172876421362e-05,-0.020439198613166808,0.019708379171788696,0.1256052510076292,10.93008804321289,-8.406828638916941e-05,0.01820432159993344,-0.00033407058799639344,-0.0232461616396904,0.022917428985238075,0.2593654072944829,11.916805267333984,-4.845974708997796e-06,0.018505535684506053,-0.00015730700397398323,-0.023472742736339567,0.023590708151459694
F:\Seminario\Seminario-Clustering\datasets\davi\Al Emadi (2019)\Multiclass_Drone_Audio\bebop_1\B_S2_D1_088-bebop_003_.wav,Multiclass_Drone_Audio\bebop_1\B_S2_D1_088-bebop_003_.wav,al_emadi,B_S2_D1_088-bebop_003,1.024,0.6945245329712888,8.221010208129883,0.0012856575676230984,0.3288265068467762,0.009512812364846468,-0.36339816153049465,0.35656779110431674,0.028650576199681727,8.803792953491211,-8.11709189116141e-05,0.06678711702720545,0.0002844505070243031,-0.08355602398514747,0.08180319294333459,0.06278959733772416,9.961155891418457,0.0005950207227960949,0.07001206689147632,9.971726103685796e-05,-0.0890926755964756,0.09114661440253258,0.11616878880645956,10.930526733398438,-0.0012441072675612073,0.06738617168289057,-0.0019585727714002132,-0.08880863338708878,0.08383632451295853,0.09786650468484578,11.923192024230957,-0.0001548611010191678,0.043760752844981654,-0.00045293179573491216,-0.055331402271986005,0.055924558639526376
F:\Seminario\Seminario-Clustering\datasets\davi\Al Emadi (2019)\Multiclass_Drone_Audio\membo_1\Membo_0_039-membo_001_.wav,Multiclass_Drone_Audio\membo_1\Membo_0_039-membo_001_.wav,al_emadi,Membo_0_039-membo_001,1.024,0.4079804873472787,9.323525428771973,-3.355822109988014e-05,0.06191151156624215,0.0021401207195594907,-0.08278586491942405,0.08291736841201784,0.05059969051718394,8.904040336608887,-0.00017462070861512578,0.02180277434611406,0.0011514671496115625,-0.030584228597581385,0.02624337859451771,0.14837134248438438,9.767328262329102,-2.095590750624054e-05,0.026439000000298807,-0.0002682199119590223,-0.03149574436247349,0.03288245387375355,0.19626688104711015,10.655122756958008,-5.609479137286584e-05,0.021520260244307327,-0.000381636229576543,-0.0256287083029747,0.0260307714343071,0.19678159860404282,11.67476749420166,-8.441322414349234e-06,0.015243618159523731,-5.862436955794692e-05,-0.01835045926272869,0.018491524085402493
F:\Seminario\Seminario-Clustering\datasets\davi\Al Emadi (2019)\Multiclass_Drone_Audio\bebop_1\B_S2_D1_103-bebop_002_.wav,Multiclass_Drone_Audio\bebop_1\B_S2_D1_103-bebop_002_.wav,al_emadi,B_S2_D1_103-bebop_002,1.024,0.7095825088097173,8.22215461730957,-0.0007117096832003987,0.3433584001417783,-0.004646722227334976,-0.3806921511888504,0.3432648926973344,0.025540890984376764,8.923348426818848,0.001318199736251523,0.06512927376060897,-0.0034803462913259864,-0.07572030872106553,0.08701791688799858,0.07236551970967912,9.88547134399414,-0.0012705407092477986,0.07763780421353313,-0.0017194863758049905,-0.1000609613955021,0.10042856261134148,0.10720437220017326,10.891998291015625,0.0006131582693948239,0.06688194230089069,0.0024530834052711725,-0.08653265237808228,0.08483299612998962,0.08530670829605358,11.866257667541504,-0.0001083760295344032,0.0422067038862574,-0.000231260055443272,-0.053077823668718334,0.053225208073854446
F:\Seminario\Seminario-Clustering\datasets\davi\Al Emadi (2019)\Multiclass_Drone_Audio\bebop_1\mixed_2-bebop_002_.wav,Multiclass_Drone_Audio\bebop_1\mixed_2-bebop_002_.wav,al_emadi,mixed_2-bebop_002,1.024,0.021636684100730892,8.87802505493164,-0.0009624353674968288,0.07435893387002078,-0.0009178838226944208,-0.09685062989592552,0.0922032728791237,0.24329655578841536,8.309174537658691,-0.001078599533919489,0.24936649152434165,-2.0900959498248994e-05,-0.2907679587602615,0.25568587779998786,0.6294062453551538,8.789756774902344,0.00016579071302458864,0.284025941586062,0.0008798573107924312,-0.2810575276613235,0.27423307895660415,0.08702683309228848,10.23857593536377,-0.0004818914814537394,0.07474213062264967,-0.00011331017594784498,-0.07916954159736633,0.07814980298280716,0.018633681663411537,11.864567756652832,8.374329179070369e-05,0.02446611999989615,5.155010148882866e-05,-0.030726957321166988,0.03063531927764418
F:\Seminario\Seminario-Clustering\datasets\davi\Al Emadi (2019)\Multiclass_Drone_Audio\membo_1\Membo_0_003-membo_001_.wav,Multiclass_Drone_Audio\membo_1\Membo_0_003-membo_001_.wav,al_emadi,Membo_0_003-membo_001,1.024,0.34440121005695273,9.175612449645996,0.0005315844810486419,0.08351842897624936,-0.001728213857859373,-0.10237947925925255,0.10623851120471954,0.07693767098596072,9.03974723815918,-0.0005272892704719533,0.03947203686043797,-0.0016211681067943573,-0.05154867321252823,0.05064035020768643,0.14655327091234355,9.997550964355469,0.0005221153454328665,0.03857759479500533,0.00032746748183853924,-0.05034967437386512,0.051012806594371796,0.21993056197450517,10.867881774902344,-0.00010727771390213567,0.033448224522872744,-0.00010972638847306371,-0.041861604899168015,0.041990187019109726,0.21217728607023784,11.785406112670898,-1.3341691073541921e-05,0.023240865008271595,-1.7859540093922988e-05,-0.028956555575132364,0.02901593632996083
F:\Seminario\Seminario-Clustering\datasets\davi\Al Emadi (2019)\Multiclass_Drone_Audio\bebop_1\mixed_35-bebop_003_.wav,Multiclass_Drone_Audio\bebop_1\mixed_35-bebop_003_.wav,al_emadi,mixed_35-bebop_003,1.024,0.41609207450903596,8.764442443847656,-0.000236201761019172,0.2097027998386383,-0.013275590725243092,-0.24672468900680541,0.2575656056404114,0.25782640970595744,8.732503890991211,-0.0009382281326394962,0.1650693592531793,0.00023394549498334527,-0.19984962493181227,0.19924735128879548,0.19281354525131303,9.744226455688477,-0.001230711644620985,0.10107988860811157,-0.00038710249646101147,-0.1262393832206726,0.1258411705493927,0.09586115057786504,10.852376937866211,9.257011125096142e-05,0.05044337038103902,0.00013829494128003716,-0.06309442222118378,0.06316973268985748,0.03740681995582853,11.929430961608887,0.00013632680411580404,0.022290571253548868,8.817308116704226e-05,-0.02811950109899044,0.02841634899377823
F:\Seminario\Seminario-Clustering\datasets\davi\Al Emadi (2019)\Multiclass_Drone_Audio\unknown\1-17092-A-274.wav,Multiclass_Drone_Audio\unknown\1-17092-A-274.wav,al_emadi,1-17092-A-274,0.95975,0.2235336521934714,8.766276359558105,0.0004891491705427857,0.018619184121830515,0.0020340702030807734,-0.024640175513923168,0.02268668543547392,0.04651057455008585,7.243109226226807,-0.000454529668944736,0.00848383986634488,-0.0003038405702682212,-0.008739877492189407,0.007350635714828968,0.21746661514952456,7.656048774719238,-0.00019938561505539412,0.01301240310237967,-0.0001275681279366836,-0.010917768254876137,0.010323156416416172,0.3344055049458355,9.943812370300293,0.00012637064869224757,0.011419471407086266,0.00027171724650543183,-0.012039135023951531,0.012170342821627857,0.17808365316108268,11.203474044799805,-1.5733221965005732e-05,0.005895615808294969,6.138579919934273e-06,-0.006651921663433313,0.0065611195750534534
F:\Seminario\Seminario-Clustering\datasets\davi\Al Emadi (2019)\Multiclass_Drone_Audio\unknown\4-140034-A-462.wav,Multiclass_Drone_Audio\unknown\4-140034-A-462.wav,al_emadi,4-140034-A-462,0.97525,0.4496200911389434,8.578531265258789,-0.000703583714809975,0.02381227344362761,-0.0006024281028658152,-0.028516290709376335,0.026520047336816788,0.2508929274393269,8.610335350036621,0.0005110768105272345,0.017788221973424462,0.0004290045762900263,-0.02123102732002735,0.021697992458939552,0.17666691941931445,9.744987487792969,-7.805677666746954e-05,0.010575072802172934,-0.00017945074068848044,-0.012964103370904922,0.013274473138153553,0.11523159635563304,10.443367004394531,8.079455633613704e-06,0.0060439559478086035,1.458265251130797e-05,-0.006904382724314928,0.006967765977606177,0.00758846564678218,11.190099716186523,-5.709442459954448e-07,0.001097216867423001,-5.104865522298496e-06,-0.001187462150119245,0.0012285458855330954
F:\Seminario\Seminario-Clustering\datasets\davi\Al Emadi (2019)\Multiclass_Drone_Audio\unknown\5-244310-A-252.wav,Multiclass_Drone_Audio\unknown\5-244310-A-252.wav,al_emadi,5-244310-A-252,0.97525,0.9569957684935818,8.171680450439453,0.0009057897222693535,0.2612946493748655,0.015998197719454765,-0.32097098231315613,0.2246553897857666,0.01926146307038144,5.703606605529785,0.0003724795346883829,0.03706814483359012,0.0001542000100016594,-0.025670791044831276,0.024951353669166565,0.007813479875644893,7.671969413757324,-0.00013171875704323172,0.016720026988567893,-0.0005076275556348264,-0.013827444985508919,0.014438001438975334,0.007439581993760545,7.600449562072754,-1.396729297988582e-05,0.011545704972640488,-0.00010408236994408071,-0.006743497680872679,0.006482989061623812,0.008489706566631264,7.87451696395874,-6.714737583228466e-06,0.008725139517469236,1.0400362953078002e-05,-0.0040097741410136225,0.004024458583444358
F:\Seminario\Seminario-Clustering\datasets\davi\Al Emadi (2019)\Multiclass_Drone_Audio\membo_1\mixed_membo_0-membo_004_.wav,Multiclass_Drone_Audio\membo_1\mixed_membo_0-membo_004_.wav,al_emadi,mixed_membo_0-membo_004,0.904,0.935987909785416,8.665895462036133,0.00011792615552402132,0.1478678218787731,-0.004640594590455294,-0.17817398607730864,0.18324594497680666,0.015533602996255941,8.817314147949219,0.00010912641556677664,0.019048802510371346,0.0007416714797727764,-0.023863373324275017,0.023505820892751217,0.01270388422684578,9.69278335571289,-4.372537341874371e-05,0.012201303655438612,-0.00013334187678992748,-0.015186789259314536,0.015413491055369377,0.01785080393299985,10.59245491027832,-0.00010528708659590846,0.010236489875403827,-0.0002573929959908128,-0.012576993554830551,0.012529541738331318,0.017923799058482466,11.448152542114258,2.864478778550181e-06,0.007256966553075916,3.9303326047956944e-05,-0.00858903806656599,0.008584903925657274
F:\Seminario\Seminario-Clustering\datasets\davi\Al Emadi (2019)\Multiclass_Drone_Audio\membo_1\mixed_membo_35-membo_001_.wav,Multiclass_Drone_Audio\membo_1\mixed_membo_35-membo_001_.wav,al_emadi,mixed_membo_35-membo_001,1.024,0.32942054982373964,9.04214096069336,-0.002719838518504668,0.265418636966411,-0.00882337149232626,-0.34504381716251376,0.3500139057636261,0.3598872727494027,8.995973587036133,-0.0031171451425586728,0.2774180372045584,-0.00195769511628896,-0.3640436142683029,0.3502097636461258,0.22395054589773014,9.985036849975586,-7.867784595965773e-05,0.1549791490797531,-0.00016588321886956692,-0.19370255768299102,0.19922738075256352,0.07343364346462325,10.942323684692383,0.0003355605618256537,0.06280495788060438,-0.0005087750032544136,-0.08032742142677307,0.08000785857439041,0.013307988064504266,11.88780689239502,1.7219786656700255e-05,0.018913811023656947,-5.141267320141196e-05,-0.023739630356431,0.023856066912412644
F:\Seminario\Seminario-Clustering\datasets\davi\Al Emadi (2019)\Multiclass_Drone_Audio\unknown\3-154926-B-404.wav,Multiclass_Drone_Audio\unknown\3-154926-B-404.wav,al_emadi,3-154926-B-404,0.95975,0.7060800171549355,8.717676162719727,-0.00011967470475104223,0.20946336707559715,-0.005216256715357304,-0.2494623214006424,0.2603776305913925,0.18528504901951615,8.397768020629883,-0.00018182901563011997,0.10730025018213667,0.0008079691033344716,-0.12337299063801765,0.12416431307792664,0.09282182496999872,9.214902877807617,-0.0004170064720046985,0.053798033403481785,0.00035466253757476807,-0.061281718313694,0.05831369161605838,0.014856521877146327,10.153993606567383,6.151270286612276e-05,0.015231163669475902,-2.7286121621727943e-05,-0.016504414193332196,0.01741713043302299,0.0009565869784032613,10.99463176727295,4.494557731210215e-07,0.002734154740693393,1.0951804142678156e-05,-0.0029402479995042086,0.002958237426355481
F:\Seminario\Seminario-Clustering\datasets\davi\Al Emadi (2019)\Multiclass_Drone_Audio\unknown\5-185908-A-182.wav,Multiclass_Drone_Audio\unknown\5-185908-A-182.wav,al_emadi,5-185908-A-182,0.97525,0.13878302513397306,8.442644119262695,-0.00023048675572072421,0.08549546765570053,0.0006720889359712601,-0.10410209000110626,0.09847389161586761,0.2494784170620234,8.479743957519531,0.002750287101536165,0.11459559880028164,0.001516813412308693,-0.12909415364265442,0.13898061215877533,0.19925552621905643,9.680259704589844,-0.0012907440363951331,0.07253756855934215,-0.000986426428426057,-0.08996650949120522,0.08957767114043236,0.26272845930713584,10.616945266723633,-0.00018706670313137948,0.05895168733763689,-3.5769167880062014e-05,-0.07189697027206421,0.07097112759947777,0.14975457227781125,11.613224029541016,-3.583021290342411e-05,0.03148576784915172,-0.0002649496018420905,-0.03790584057569503,0.03832292333245279
F:\Seminario\Seminario-Clustering\datasets\davi\Al Emadi (2019)\Multiclass_Drone_Audio\unknown\1-7973-A-70.wav,Multiclass_Drone_Audio\unknown\1-7973-A-70.wav,al_emadi,1-7973-A-70,1.0216875,0.44519120591017075,5.3493757247924805,0.0003552620624009339,0.06744075436154265,0.0001330311206402257,-0.0064457678236067295,0.006738522602245212,0.325420135968704,4.855515956878662,-8.763641373107976e-05,0.057660300939215516,1.3412410226010252e-05,-0.004173511359840631,0.0038874807534739386,0.14332084844995668,5.9199910163879395,-0.0005392213372432702,0.027098765299815704,3.497689976939e-05,-0.002788088237866759,0.0027780456934124237,0.052063017837945424,6.1019158363342285,-0.00017338471846164638,0.01155845338065903,-1.2559507922560442e-05,-0.0023183829383924604,0.00224458109587431,0.03400479183322317,7.1119866371154785,-2.6732538745645424e-05,0.006608779294432656,-1.1136058674310334e-05,-0.0016749021597206593,0.001757246698252857
F:\Seminario\Seminario-Clustering\datasets\davi\Al Emadi (2019)\Multiclass_Drone_Audio\bebop_1\mixed_14-bebop_000_.wav,Multiclass_Drone_Audio\bebop_1\mixed_14-bebop_000_.wav,al_emadi,mixed_14-bebop_000,1.024,0.39313287294374927,8.96696662902832,-0.0006742316431555789,0.09545726618989187,-0.008996902499347925,-0.11824447959661483,0.12511205822229385,0.058147616897959116,8.960533142089844,-0.001044997967368792,0.03669780696250592,-0.0019484891090542078,-0.04689533486962318,0.0460191484540701,0.14684454114688425,9.905890464782715,0.00010282244248454098,0.04131388962366919,0.0016734637320041656,-0.05244954042136669,0.052937263250350974,0.23756689728753883,10.95734977722168,0.0002460533887904362,0.03718838692480528,0.0002723052748478949,-0.04751565679907799,0.047300923615694046,0.16430807172386852,11.940091133117676,-0.00010132839373684226,0.021878577407062928,-6.523667252622545e-05,-0.028143248334527016,0.02753413878381252
F:\Seminario\Seminario-Clustering\datasets\davi\Al Emadi (2019)\Multiclass_Drone_Audio\unknown\3-151269-A-353.wav,Multiclass_Drone_Audio\unknown\3-151269-A-353.wav,al_emadi,3-151269-A-353,1.0216875,0.6927815811549572,9.0758056640625,-0.010806469582854715,0.3392214423427193,-3.2803043723106384e-05,-0.45912053287029264,0.42224979698657994,0.14171133813161385,8.78779411315918,-0.008154173382475939,0.15328302430315915,-0.010081443469971418,-0.18917530179023742,0.17965655028820046,0.11672061619691416,9.92090892791748,-0.0013927724063231405,0.09866462607352686,0.002464500954374671,-0.13069447576999665,0.12182935029268266,0.03978723252094914,10.9468355178833,0.00019977572734678723,0.04076625319347071,0.000435419351560995,-0.05160165131092071,0.05172537975013256,0.008999231995565583,11.93465805053711,-2.0383231153050115e-05,0.013715359232507135,-0.00015386473387479782,-0.017421755567193033,0.01768739856779576
F:\Seminario\Seminario-Clustering\datasets\davi\Al Emadi (2019)\Multiclass_Drone_Audio\membo_1\mixed_membo_14-membo_001_.wav,Multiclass_Drone_Audio\membo_1\mixed_membo_14-membo_001_.wav,al_emadi,mixed_membo_14-membo_001,1.024,0.8858869423988537,9.027795791625977,-0.0007951182060088347,0.1039556526313998,-0.005232444731518626,-0.13195370584726335,0.13939881175756458,0.07347301882278469,8.87532901763916,0.000147243033703507,0.029938521861873353,0.0006082761974539608,-0.03809699192643166,0.03790396936237812,0.017842138084857753,9.944931030273438,0.0001016215512488718,0.010447032711613109,7.369382728938945e-05,-0.013306888006627559,0.013722103834152222,0.01023171432916278,10.940216064453125,-1.4082708237264708e-05,0.00559909985070656,9.566269000060856e-06,-0.007177727296948433,0.007093462161719799,0.012566186364341066,11.911251068115234,3.1189477136725127e-07,0.0043895251008422564,-3.9420032408088446e-05,-0.00562983276322484,0.005529613699764014
F:\Seminario\Seminario-Clustering\datasets\davi\Al Emadi (2019)\Multiclass_Drone_Audio\bebop_1\mixed_45-bebop_002_.wav,Multiclass_Drone_Audio\bebop_1\mixed_45-bebop_002_.wav,al_emadi,mixed_45-bebop_002,1.024,0.767555289896284,8.488424301147461,0.00021844836278565372,0.19334579340035946,0.0034275820944458246,-0.22869116812944412,0.2197588548064232,0.017147756358556074,8.936779022216797,-0.0002801685385491916,0.028897709047025915,0.0008647391223348677,-0.03745752722024918,0.035856574028730395,0.05256522305210763,9.885711669921875,0.0005067870706705102,0.03582650061912687,-0.0001994796039070934,-0.04385657422244549,0.046732437238097196,0.09378652282119015,10.908053398132324,4.387675894762295e-06,0.03387069581973237,0.00029838690534234047,-0.04318339750170708,0.0424826480448246,0.06894520787186223,11.907227516174316,-8.227766755058603e-05,0.02054342571047886,-0.0002977766562253237,-0.026090693846344947,0.02613740041851998
F:\Seminario\Seminario-Clustering\datasets\davi\Al Emadi (2019)\Multiclass_Drone_Audio\membo_1\extra_membo_D2_2054.wav,Multiclass_Drone_Audio\membo_1\extra_membo_D2_2054.wav,al_emadi,extra_membo_D2,1.0026875,0.810749144360168,8.996110916137695,-0.00010797444841066676,0.027486078399235725,0.0019715481903403997,-0.03628248125314712,0.035525864362716694,0.036311917464586924,8.993008613586426,8.731494296659248e-05,0.0058163231861487,-1.3535900507122278e-05,-0.007193778362125158,0.007733896095305683,0.04772110626351983,9.926370620727539,-1.5735936080256579e-06,0.004723540426930637,-7.570223533548415e-05,-0.006028979551047087,0.00597792025655508,0.05701680289861629,10.928078651428223,-2.1351244493097876e-05,0.003653554789811325,8.862567483447492e-06,-0.004732124041765928,0.004735708702355623,0.048201029013108986,11.882772445678711,1.0951357564913011e-06,0.0023764245894486746,9.628027328290045e-06,-0.0030311062466353176,0.0029942381195724012
F:\Seminario\Seminario-Clustering\datasets\davi\Al Emadi (2019)\Multiclass_Drone_Audio\membo_1\extra_membo_D2_2041.wav,Multiclass_Drone_Audio\membo_1\extra_membo_D2_2041.wav,al_emadi,extra_membo_D2,1.002625,0.837473165944872,9.121065139770508,5.928620530098097e-05,0.025514925922216443,-0.00011888646986335516,-0.03493117317557335,0.03299843296408655,0.021748460281516207,8.947549819946289,-3.2718129964437264e-05,0.004111596939536534,0.0001279017742490396,-0.005318319331854581,0.0052687639370560665,0.04199469293901176,9.843231201171875,1.608843688667275e-05,0.004047094559660068,-0.00020420397049747407,-0.004901989828795195,0.005248056259006262,0.05966809879546437,10.896722793579102,1.7382593385893784e-05,0.003414116300054763,-3.174718585796654e-07,-0.004327603615820408,0.004386154655367135,0.039115582039135684,11.831046104431152,-2.314291711624274e-06,0.0019553961371004025,5.163655259821098e-06,-0.0024574985029175876,0.0024391136132180685
F:\Seminario\Seminario-Clustering\datasets\davi\Al Emadi (2019)\Multiclass_Drone_Audio\unknown\4-181035-A-384.wav,Multiclass_Drone_Audio\unknown\4-181035-A-384.wav,al_emadi,4-181035-A-384,0.95975,0.09119626294375814,6.322230339050293,-2.257948189654593e-05,0.022965101773563888,1.2474164577724878e-05,-0.006291217636317015,0.00558017217554152,0.27968935653972204,5.297635555267334,0.0032883298479763545,0.040083119782072824,-2.4482360458932817e-06,-0.0012545417994260788,0.0025794683024287224,0.42037844860331014,6.5162153244018555,-0.00016624872340872723,0.03492758703286795,5.052635856372945e-07,-0.001733628683723509,0.0008181371260434411,0.19548498875381273,7.0874810218811035,2.5608461775998125e-05,0.016855172009742243,1.4084798749536276e-07,-0.0005339463765267282,0.0006543212686665359,0.013250943159396913,7.825948715209961,1.0603586174508923e-06,0.003104439004462965,3.2341040423489176e-07,-0.00015733794134575874,0.0001634307554922998
F:\Seminario\Seminario-Clustering\datasets\davi\Al Emadi (2019)\Multiclass_Drone_Audio\unknown\3-103051-B-192.wav,Multiclass_Drone_Audio\unknown\3-103051-B-192.wav,al_emadi,3-103051-B-192,0.97525,0.9903933452610941,9.257688522338867,0.01405004350785128,0.010070543766451476,0.014476336538791656,0.0011682596523314714,0.026326583698391914,0.0036222649806825903,8.888570785522461,2.5127329853261338e-05,0.0010451179330629638,2.054199285339564e-05,-0.0012659956701099873,0.001329626771621406,0.0018284996782818503,9.894879341125488,-1.2869820376393713e-05,0.000525857622312745,1.9368180801393464e-06,-0.0007052968139760196,0.0006510890962090343,0.002067666851342695,10.889488220214844,-3.55383117908522e-07,0.0003958304271852046,-3.0586270440835506e-06,-0.0005063895951025188,0.0005167113558854908,0.0020882232285987672,11.881715774536133,-4.343770280479024e-07,0.00028140814375442056,-1.9838398657157086e-06,-0.0003646805416792631,0.0003591336775571108
F:\Seminario\Seminario-Clustering\datasets\davi\Al Emadi (2019)\Multiclass_Drone_Audio\membo_1\mixed_membo_24-membo_001_.wav,Multiclass_Drone_Audio\membo_1\mixed_membo_24-membo_001_.wav,al_emadi,mixed_membo_24-membo_001,1.024,0.6273912419453866,8.872977256774902,-0.0009222908327536821,0.08678299058814486,-0.0016677426174283028,-0.11057210564613341,0.1077390491962433,0.07333105975192512,8.780057907104492,0.0006063305826598294,0.0296649206553769,0.0002565532922744751,-0.035628284141421315,0.03691906370222569,0.07890318515027424,9.940387725830078,1.1902934633398985e-05,0.02179493276944747,-0.0005726171075366437,-0.028089307993650437,0.02761941868811846,0.10604172060445491,10.842294692993164,-0.00037631968951503357,0.017877460838430087,-0.00029849365819245577,-0.023248303681612015,0.022091666236519814,0.11433279254795903,11.8521089553833,-7.997807405378057e-06,0.013134676000970277,-0.00013651305926032364,-0.01650748625397682,0.016608220338821415
F:\Seminario\Seminario-Clustering\datasets\davi\Al Emadi (2019)\Multiclass_Drone_Audio\unknown\5-253101-C-493.wav,Multiclass_Drone_Audio\unknown\5-253101-C-493.wav,al_emadi,5-253101-C-493,1.0216875,0.4697669876180859,8.459020614624023,0.0022000162205423304,0.5290645549292505,0.008627686649560928,-0.6284702837467193,0.6398346960544586,0.20133971591747066,8.297727584838867,-0.004948728387019822,0.3463311488297483,-0.002589094452559948,-0.3897288054227829,0.40081403553485884,0.12014569577815075,9.158656120300293,-0.002753535262702463,0.18949815896954908,-0.0049873897805809975,-0.2196903496980667,0.20427792370319367,0.10060066869338694,10.235668182373047,0.0009229445754432787,0.12271228529481727,-0.0003577197785489261,-0.13772693127393723,0.14298359304666525,0.1081469319929058,11.20386028289795,0.00023138286649823585,0.09000702067045929,2.6708294171839952e-06,-0.1034942626953125,0.10084886252880106
F:\Seminario\Seminario-Clustering\datasets\davi\Al Emadi (2019)\Multiclass_Drone_Audio\membo_1\mixed_membo_32-membo_004_.wav,Multiclass_Drone_Audio\membo_1\mixed_membo_32-membo_004_.wav,al_emadi,mixed_membo_32-membo_004,0.904,0.7124181579535102,8.459993362426758,-0.0018489743419155315,0.24424608712072768,-0.006280357949435711,-0.2869842857122421,0.287072166800499,0.19596720143641577,8.29593276977539,0.004002662292495498,0.12804191372755233,0.004113764734938741,-0.15380371361970901,0.14995917826890948,0.059883055639846375,8.740509033203125,-0.0005245297961123134,0.050153685206321484,-0.0007182001718319952,-0.04952157288789749,0.04957193955779076,0.020555637284812925,10.494696617126465,-4.734684888499042e-05,0.020799042453373048,-0.0003537805168889463,-0.025624440982937813,0.02462560310959816,0.011175947685414786,11.606212615966797,4.642854910494735e-05,0.01084956157659331,0.00011897325748577714,-0.013190620206296444,0.01317146383225918
F:\Seminario\Seminario-Clustering\datasets\davi\Al Emadi (2019)\Multiclass_Drone_Audio\membo_1\mixed_membo_17-membo_004_.wav,Multiclass_Drone_Audio\membo_1\mixed_membo_17-membo_004_.wav,al_emadi,mixed_membo_17-membo_004,0.904,0.0670027980360799,8.638872146606445,-2.138036357969263e-07,1.581688281729856e-05,4.214216460241005e-07,-1.9991966837551445e-05,1.9770614198932893e-05,0.0607676232871397,8.827363014221191,4.774922004692194e-07,1.5056774838238028e-05,2.8411849228859865e-07,-1.8531774549046533e-05,1.9963436898251533e-05,0.12680608453899544,9.785465240478516,1.4982947492957754e-07,1.5412237673113088e-05,1.6274475456157234e-07,-1.9401239296712446e-05,1.9407908257562668e-05,0.2583280147266659,10.70468521118164,1.4858407193906207e-07,1.556992493384459e-05,-1.4901161193847656e-07,-1.9328079361002892e-05,1.9806235286523588e-05,0.487095479411119,11.518110275268555,1.760352983684056e-07,1.5124923055217417e-05,0.0,-2.0874180336249992e-05,2.1048155758762732e-05
F:\Seminario\Seminario-Clustering\datasets\davi\Al Emadi (2019)\Multiclass_Drone_Audio\bebop_1\B_S2_D1_071-bebop_004_.wav,Multiclass_Drone_Audio\bebop_1\B_S2_D1_071-bebop_004_.wav,al_emadi,B_S2_D1_071-bebop_004,0.896,0.8321562818360211,7.896841049194336,-0.00023779457748894416,0.48023359594214265,-0.011764340102672577,-0.4811225861310959,0.5201324939727783,0.015075872046950059,8.745256423950195,0.0011797136280408435,0.06462774816207663,0.00013961154036223888,-0.07809477970004082,0.0880008891224861,0.03777377105198746,9.749853134155273,0.002680256077391691,0.07241966251566277,0.00032300036400556564,-0.09114043042063713,0.09598108381032944,0.06569391461748952,10.717741966247559,0.0009836044759116023,0.06763684302915793,0.00018554239068180323,-0.08436244875192642,0.08735360056161881,0.04930016044755189,11.69536018371582,-2.9045537101659284e-05,0.041456021667303326,-0.00015702343080192804,-0.052059631794691086,0.05264659225940704
F:\Seminario\Seminario-Clustering\datasets\davi\Al Emadi (2019)\Multiclass_Drone_Audio\unknown\5-171118-A-260.wav,Multiclass_Drone_Audio\unknown\5-171118-A-260.wav,al_emadi,5-171118-A-260,1.0216875,0.24731836891070932,8.392500877380371,0.00012363019253939015,0.10037436416128089,0.00117293291259557,-0.10914786979556083,0.1051695965230465,0.4227505475324456,8.300004959106445,-0.00043087393474169005,0.1312304739161061,0.0005273397837299854,-0.14537575840950012,0.1346779003739357,0.25822983644726677,9.287217140197754,-0.0013425571435633269,0.07263560298064381,-0.0011440594680607319,-0.08069736808538437,0.07857024967670441,0.062360928027693524,10.199970245361328,-0.0001774032185167265,0.02526208739547208,-7.866815576562658e-05,-0.027306727692484857,0.02715620230883361,0.009340319081884782,11.090949058532715,1.5561394308004724e-05,0.006916306694711398,-2.8047332307323813e-05,-0.007191681675612926,0.007231373246759179
F:\Seminario\Seminario-Clustering\datasets\davi\Al Emadi (2019)\Multiclass_Drone_Audio\membo_1\mixed_membo_6-membo_002_.wav,Multiclass_Drone_Audio\membo_1\mixed_membo_6-membo_002_.wav,al_emadi,mixed_membo_6-membo_002,1.024,0.7827722425247725,8.935575485229492,-0.0022651091076148835,0.09319872490751092,-0.001541010511573404,-0.12740907520055772,0.1156615547835827,0.029727111679519337,8.887372970581055,9.496943225227387e-05,0.018167321536504712,0.0005062534764874727,-0.022707940265536308,0.022498959489166737,0.043935795164642924,9.830000877380371,-5.9020353887606945e-06,0.0156404082851187,-0.00032278013532049954,-0.01949510108679533,0.019065528549253943,0.07155391689700297,10.865011215209961,0.00011462806436309073,0.014125265181865437,-0.000220534362597391,-0.017827751114964485,0.018154505640268326,0.07201093373406228,11.855145454406738,-6.925423492679392e-06,0.010024523373378775,4.4076659833081067e-05,-0.012749752029776573,0.012411490082740784
F:\Seminario\Seminario-Clustering\datasets\davi\Al Emadi (2019)\Multiclass_Drone_Audio\unknown\3-129264-A-92.wav,Multiclass_Drone_Audio\unknown\3-129264-A-92.wav,al_emadi,3-129264-A-92,0.97525,0.24973193934103632,8.902238845825195,-0.002309093577929684,0.16390876518527195,-0.005897852126508951,-0.20897577702999115,0.20559290051460266,0.12113631143776486,8.764932632446289,0.0013763566184470907,0.11415996818827547,0.001951104262843728,-0.14567773044109344,0.1374988704919815,0.33564441354169217,9.28821086883545,0.007492477028236492,0.1343767039409405,0.004139334196224809,-0.141811303794384,0.1658681333065033,0.2790953522935406,10.043810844421387,-0.0007560621898696457,0.08684332591559396,-0.0006318654050119221,-0.09591536223888397,0.09470086544752121,0.014391983385966027,11.136750221252441,2.513177215422345e-05,0.013951339324412554,7.110257865861058e-05,-0.01540571078658104,0.015493371896445758
F:\Seminario\Seminario-Clustering\datasets\davi\Al Emadi (2019)\Multiclass_Drone_Audio\bebop_1\B_S2_D1_085-bebop_000_.wav,Multiclass_Drone_Audio\bebop_1\B_S2_D1_085-bebop_000_.wav,al_emadi,B_S2_D1_085-bebop_000,1.024,0.7650489124500381,8.30675220489502,0.0077024196170595955,0.41806364889791947,0.003008670173585415,-0.4767677515745163,0.5105797588825226,0.027281874649975012,8.929468154907227,0.0032365548589438635,0.07889390610814091,0.0027033447986468673,-0.09845050200819969,0.10566423237323762,0.050091123332898155,9.992897033691406,0.00034914156007990804,0.07576448190732311,-0.001802118495106697,-0.09364371448755264,0.09998832941055298,0.09361714337442002,10.95526123046875,0.00036175319231220596,0.07330230482206046,0.001261686789803207,-0.09593035280704498,0.09268456697463989,0.0639609461926687,11.931121826171875,-8.703893338890645e-05,0.042861974902367345,-0.000118667958304286,-0.05414808839559555,0.05444188192486764
F:\Seminario\Seminario-Clustering\datasets\davi\Al Emadi (2019)\Multiclass_Drone_Audio\bebop_1\mixed_52-bebop_000_.wav,Multiclass_Drone_Audio\bebop_1\mixed_52-bebop_000_.wav,al_emadi,mixed_52-bebop_000,1.024,0.7422149502773737,8.71401596069336,-0.0007992584517144245,0.1906690249909785,-0.004001447465270758,-0.22216524630784987,0.23729117959737778,0.0432734197468991,8.736795425415039,-0.0003679666348387718,0.04603793637541594,-0.0006443970778491348,-0.05398827791213989,0.057726554200053216,0.05130533327082199,9.939704895019531,-0.00012582440170111564,0.0354989929013231,-0.00013398242299444973,-0.045501016080379486,0.044750040397047997,0.0911992560413103,10.942184448242188,-0.00021165881018556624,0.03349498753385042,-0.00011424586409702897,-0.0432317890226841,0.042852599173784256,0.07200704066359485,11.928247451782227,-5.335294614261746e-05,0.021054713811191516,9.611807763576508e-05,-0.02691361233592033,0.026793373003602034
F:\Seminario\Seminario-Clustering\datasets\davi\Al Emadi (2019)\Multiclass_Drone_Audio\unknown\3-134699-B-162.wav,Multiclass_Drone_Audio\unknown\3-134699-B-162.wav,al_emadi,3-134699-B-162,0.97525,0.9933459420731003,7.6144490242004395,0.008674369098202806,1.089882043115941,0.002579733729362488,-0.7536796927452087,0.9051192402839661,0.005019240015515748,8.878392219543457,-0.0014178125846610763,0.07746209306159514,-0.003511287271976471,-0.09881763160228729,0.09956099838018417,0.0011071072218427468,9.858068466186523,-1.3446266571743555e-05,0.025768423400283787,5.735456943511963e-05,-0.03267786093056202,0.033937688916921616,0.0003356427193694427,10.808856964111328,-0.00011702761610275344,0.010039694102239805,-5.254041752777994e-05,-0.012868147809058428,0.012709667440503836,0.00019206797017177555,11.70257568359375,1.966271609386213e-06,0.005373020352447834,-3.009103238582611e-06,-0.006701826211065053,0.006638794764876369
F:\Seminario\Seminario-Clustering\datasets\davi\Al Emadi (2019)\Multiclass_Drone_Audio\bebop_1\B_S2_D1_102-bebop_001_.wav,Multiclass_Drone_Audio\bebop_1\B_S2_D1_102-bebop_001_.wav,al_emadi,B_S2_D1_102-bebop_001,1.024,0.7897482593030045,8.38318157196045,0.004563660986350795,0.42342740384159666,0.00847830343991518,-0.4404772400856018,0.49771152734756474,0.015171085508029147,8.979769706726074,-0.0006530121200236501,0.05868691487635662,0.0013821892207488418,-0.07899999320507049,0.07305034995079042,0.050500724508083225,9.915098190307617,-0.0032242102051603682,0.0757589745141265,-0.0034007414942607284,-0.09792532250285148,0.09245847389101983,0.08234061275332538,10.94179916381836,0.0007967845877249898,0.06851903538391967,-0.0004996164934709668,-0.08510424196720123,0.08854229003190994,0.06223931792755771,11.927095413208008,5.637002583107865e-05,0.04214402210132592,-0.00038015434984117746,-0.05327774807810783,0.053475720435380944
F:\Seminario\Seminario-Clustering\datasets\davi\Al Emadi (2019)\Multiclass_Drone_Audio\unknown\1-19872-A-360.wav,Multiclass_Drone_Audio\unknown\1-19872-A-360.wav,al_emadi,1-19872-A-360,1.0216875,0.7084973890008078,9.21579360961914,-0.00748285344744768,0.3814858726025367,-0.01652225386351347,-0.5097360730171203,0.5034609556198121,0.08218108253178728,9.009072303771973,-0.0009909254933185585,0.12994697527340612,0.0004343063337728381,-0.17372694313526155,0.17178042083978662,0.10116388813893518,10.002102851867676,4.877688409300387e-05,0.10212478540465567,-0.0011713267304003239,-0.13367970883846284,0.1337977945804596,0.0733028870935206,10.950685501098633,0.00036233305140522594,0.061514090820379695,0.0021480476716533303,-0.07803396210074424,0.07905601486563683,0.0348547532349491,11.92640495300293,0.00017572108120416543,0.03000654361310547,2.271737321279943e-05,-0.03790745362639427,0.03866309002041818
F:\Seminario\Seminario-Clustering\datasets\davi\Al Emadi (2019)\Multiclass_Drone_Audio\unknown\3-146873-A-242.wav,Multiclass_Drone_Audio\unknown\3-146873-A-242.wav,al_emadi,3-146873-A-242,0.97525,0.0,-0.0,0.0,0.0,0.0,0.0,0.0,0.0,-0.0,0.0,0.0,0.0,0.0,0.0,0.0,-0.0,0.0,0.0,0.0,0.0,0.0,0.0,-0.0,0.0,0.0,0.0,0.0,0.0,0.0,-0.0,0.0,0.0,0.0,0.0,0.0
F:\Seminario\Seminario-Clustering\datasets\davi\Al Emadi (2019)\Multiclass_Drone_Audio\unknown\4-167077-C-203.wav,Multiclass_Drone_Audio\unknown\4-167077-C-203.wav,al_emadi,4-167077-C-203,1.0216875,0.18494205927247132,7.730639457702637,-2.6419917753893815e-05,0.053941314122486296,-2.31795370382315e-05,-0.045657438412308696,0.05125099644064908,0.558593497061791,7.6875810623168945,-0.004167389366551279,0.09365309174341538,-0.0001299119758186862,-0.10186520814895629,0.09533800333738345,0.20539982925621678,8.303268432617188,0.00012455026617479357,0.040264957811531124,1.0396626748843119e-05,-0.033563551306724546,0.03554449379444124,0.04658967024614465,8.338608741760254,4.113071207728652e-06,0.013569918928615156,-3.826479542112793e-06,-0.007337690331041813,0.0071371936239302165,0.0044749441633763236,8.990494728088379,1.0896641007006444e-05,0.0029750494294677114,-5.408855940913782e-07,-0.001462649181485176,0.0014172423165291553
F:\Seminario\Seminario-Clustering\datasets\davi\Al Emadi (2019)\Multiclass_Drone_Audio\bebop_1\B_S2_D1_082-bebop_000_.wav,Multiclass_Drone_Audio\bebop_1\B_S2_D1_082-bebop_000_.wav,al_emadi,B_S2_D1_082-bebop_000,1.024,0.5592525042662179,8.594549179077148,-0.0023578691169691894,0.25566455295963186,-0.004275481216609478,-0.29444759488105776,0.2954117864370346,0.0396276250412617,8.941601753234863,0.0008026131719816477,0.06805403071210184,0.001659808389376849,-0.08546182960271835,0.09041921272873879,0.08837136180131633,9.960750579833984,0.0008994752721935649,0.0719656525340885,0.00014397030463442206,-0.0906221754848957,0.0942063219845295,0.17871598202602462,10.906078338623047,0.0010970842482848752,0.07242535408685565,0.003619059454649687,-0.09309519082307816,0.0894847884774208,0.13403252686517952,11.938724517822266,-0.00015268924766312632,0.04437431725347838,-0.0003618050250224769,-0.05734762176871299,0.05650141015648843
F:\Seminario\Seminario-Clustering\datasets\davi\Al Emadi (2019)\Multiclass_Drone_Audio\membo_1\mixed_membo_52-membo_003_.wav,Multiclass_Drone_Audio\membo_1\mixed_membo_52-membo_003_.wav,al_emadi,mixed_membo_52-membo_003,1.024,0.8368423412049525,8.65743350982666,-0.001389951269296043,0.13625551141642933,-0.004145345650613308,-0.1609343260526657,0.1561198353767395,0.04827705541607209,8.885894775390625,0.00014958923063902138,0.03272809574873745,0.00014172832015901804,-0.04216142855584622,0.039930129796266554,0.035426553111283426,9.842960357666016,0.00014640500485221355,0.019852989211269986,-0.00015831043856451288,-0.025266105122864247,0.02589195352047682,0.03675982549033258,10.890885353088379,6.244840249283523e-05,0.014312358351008142,0.00013104965910315514,-0.018076542764902115,0.017881715670228004,0.042694224777359416,11.892189979553223,2.5619511844708497e-05,0.010911447673430566,2.0809238776564598e-07,-0.013470694795250891,0.01380852907896042
F:\Seminario\Seminario-Clustering\datasets\davi\Al Emadi (2019)\Multiclass_Drone_Audio\bebop_1\B_S2_D1_111-bebop_001_.wav,Multiclass_Drone_Audio\bebop_1\B_S2_D1_111-bebop_001_.wav,al_emadi,B_S2_D1_111-bebop_001,1.024,0.6885537963428701,8.077760696411133,0.0005204914775179718,0.29054424227715986,-0.004164987243711948,-0.2854465454816818,0.3121200650930405,0.018525508170664905,8.832708358764648,0.0003738015449325581,0.047655797442446954,-0.001321772753726691,-0.058916262909770006,0.06108325533568859,0.0674573000625947,9.912412643432617,-0.0026796133964824783,0.06434289448178525,-0.0011203829199075699,-0.08353738635778427,0.07723455131053925,0.12511775095408648,10.94068717956543,0.0004944241163052582,0.062067384897458805,0.00037604570388793945,-0.07854896783828735,0.0796646699309349,0.10034564446978383,11.935892105102539,-0.00010143983106998897,0.03932203581640121,-2.5888148229569197e-06,-0.05043594688177109,0.0499125123023987
F:\Seminario\Seminario-Clustering\datasets\davi\Al Emadi (2019)\Multiclass_Drone_Audio\unknown\5-141683-A-351.wav,Multiclass_Drone_Audio\unknown\5-141683-A-351.wav,al_emadi,5-141683-A-351,1.0216875,0.9492270435257755,8.897008895874023,-0.0004979059261977419,0.15427006641081292,0.00297101610340178,-0.1954348623752594,0.19443070292472844,0.04201594267937789,8.970261573791504,0.00039254968607480456,0.0324544430054285,0.0002652725379448384,-0.04075016528367996,0.04091670066118242,0.0052435139079345505,9.839707374572754,-8.625390854915385e-05,0.008121030976695856,-5.5517703003715724e-05,-0.010322410985827446,0.010013197734951974,0.0021770293997348017,10.974842071533203,-3.845018858011608e-05,0.003702852191413772,-3.8665501051582396e-05,-0.004854119848459959,0.004786133673042059,0.0013364704871773072,11.931838989257812,-3.2127251539064183e-06,0.0020524737021766284,1.566446735523641e-05,-0.002621404454112053,0.002620012126863005
F:\Seminario\Seminario-Clustering\datasets\davi\Al Emadi (2019)\Multiclass_Drone_Audio\membo_1\Membo_0_010-membo_002_.wav,Multiclass_Drone_Audio\membo_1\Membo_0_010-membo_002_.wav,al_emadi,Membo_0_010-membo_002,1.024,0.6408251449793538,9.402938842773438,-0.0007335544064261236,0.07988309530882279,-0.0004071183502674103,-0.10685331672430039,0.10493366569280625,0.10397025515758467,8.953384399414062,-6.504377411809543e-05,0.032177855179443646,-0.0002154985850211233,-0.04071420542895794,0.04087503217160702,0.06068027739627767,9.929251670837402,-0.00010630868264617539,0.017407543424499284,-0.00016883529315236956,-0.021919087506830692,0.021684190817177297,0.08739911584121722,10.733481407165527,8.85257060510456e-08,0.014785317825152322,9.928224608302116e-05,-0.017876822501420975,0.017913473770022392,0.1071252066255666,11.701238632202148,-8.034346901828423e-08,0.011579595752176833,0.00012678015627898276,-0.014108018577098846,0.013991750776767732
F:\Seminario\Seminario-Clustering\datasets\davi\Al Emadi (2019)\Multiclass_Drone_Audio\membo_1\Membo_0_004-membo_003_.wav,Multiclass_Drone_Audio\membo_1\Membo_0_004-membo_003_.wav,al_emadi,Membo_0_004-membo_003,1.024,0.7292310219150253,8.865507125854492,0.000576893119870468,0.10437704985652806,-0.0017164619639515877,-0.12896840572357177,0.12444334104657173,0.06509526262302022,9.042174339294434,5.4380950052856275e-05,0.031185528513125043,-0.0004253571678418666,-0.0409616157412529,0.04212477579712868,0.05176526830837427,9.969986915588379,-3.0292595536809663e-05,0.0196931962268163,-0.00012778498057741672,-0.02566524185240269,0.025525947660207753,0.07623357080757119,10.768911361694336,0.00036347484411978907,0.016909300413797693,0.00047204276779666543,-0.02022530324757099,0.02062244713306427,0.07767487634600899,11.896966934204102,-2.131671975117462e-06,0.012077122443613149,1.6860009054653347e-05,-0.015045089647173882,0.015254379063844681
F:\Seminario\Seminario-Clustering\datasets\davi\Al Emadi (2019)\Multiclass_Drone_Audio\bebop_1\B_S2_D1_085-bebop_003_.wav,Multiclass_Drone_Audio\bebop_1\B_S2_D1_085-bebop_003_.wav,al_emadi,B_S2_D1_085-bebop_003,1.024,0.6688918991530097,8.267114639282227,-0.00023594915152536433,0.3182543466575038,-0.013721820898354053,-0.325998717546463,0.33711737096309663,0.025076571544749314,8.931035995483398,9.968521966919918e-05,0.061621180694825965,-0.002349337446503341,-0.07777813747525215,0.08135051652789116,0.08157298130415026,9.875727653503418,-0.002240455532876118,0.07867052071634704,-0.003003259305842221,-0.10124864131212234,0.09784019514918327,0.132982918411405,10.895767211914062,0.0014285143241312393,0.07110178830258924,0.004014682024717331,-0.08807794749736786,0.09005558490753174,0.0914756295866857,11.914883613586426,9.034876163861112e-06,0.041724709561043155,-4.1043327655643225e-05,-0.053471869230270384,0.052630262076854714
F:\Seminario\Seminario-Clustering\datasets\davi\Al Emadi (2019)\Multiclass_Drone_Audio\unknown\3-151080-A-201.wav,Multiclass_Drone_Audio\unknown\3-151080-A-201.wav,al_emadi,3-151080-A-201,1.0216875,0.038933724005534305,5.255376815795898,-0.0035651993931929992,0.06911469438078094,0.00015619630721630529,-0.049029164388775824,0.05092753246426583,0.1872218095114061,8.483314514160156,0.0012556608593148868,0.15175668475794957,0.00029036116029601544,-0.19089422672986983,0.18975875675678258,0.5053638823630641,9.444329261779785,0.0012426539923181075,0.1766043479977115,2.4404369469266385e-05,-0.23280123472213746,0.22928352952003483,0.1965934327222758,9.631078720092773,0.0007811935780125179,0.07794278013909059,2.248090652301471e-06,-0.07842156663537023,0.07540672346949578,0.07188715139771969,9.939617156982422,9.599912557096403e-05,0.03334324416726534,-2.2179654024512274e-06,-0.02605428397655487,0.025157839432358754
F:\Seminario\Seminario-Clustering\datasets\davi\Al Emadi (2019)\Multiclass_Drone_Audio\unknown\5-257839-A-140.wav,Multiclass_Drone_Audio\unknown\5-257839-A-140.wav,al_emadi,5-257839-A-140,1.0216875,0.7102691118652469,9.01172161102295,0.003422286414057977,0.17347148435397713,0.00395395839586854,-0.22794366478919983,0.22474938929080973,0.0015559661006974493,8.555500984191895,2.75452202984362e-05,0.008120797841930143,0.000175545435922686,-0.010045435000211,0.009449583385139708,0.004612277993584428,8.351161003112793,-0.0003125889268266136,0.009898468710698488,-0.00015309196896851063,-0.008350587449967861,0.006566127017140389,0.15913770644161773,9.997798919677734,0.00010422724773279172,0.04116376125654353,0.00010998720972565934,-0.037678870186209676,0.03947342187166216,0.12442493759885348,11.517580032348633,-1.739319776069908e-06,0.025748646889505438,-0.00015383021673187613,-0.03283324539661407,0.032218703627586366
F:\Seminario\Seminario-Clustering\datasets\davi\Al Emadi (2019)\Multiclass_Drone_Audio\unknown\4-218199-E-350.wav,Multiclass_Drone_Audio\unknown\4-218199-E-350.wav,al_emadi,4-218199-E-350,1.0216875,0.3611119150985373,8.92595100402832,-0.00393448936450499,0.050223295490479665,-0.00299246096983552,-0.0670477271080017,0.061190015822649026,0.39022265974171794,8.826507568359375,-0.0014275451860214395,0.052348916764572685,-0.003221580176614225,-0.06251150593161584,0.06453659757971765,0.19461627207799118,9.825112342834473,0.0004003043291828831,0.02619252201401662,0.0004297180275898427,-0.03199529573321342,0.033127871155738835,0.04483751283718926,10.391131401062012,-5.5618838596736445e-06,0.00889738354904331,3.5699042200576514e-05,-0.010025472659617663,0.010109085310250522,0.009211640244564374,11.767123222351074,5.13805534434797e-06,0.0028528584628308906,-3.9336009649559855e-06,-0.0035004936158657073,0.00354365073144436
F:\Seminario\Seminario-Clustering\datasets\davi\Al Emadi (2019)\Multiclass_Drone_Audio\unknown\1-46040-A-142.wav,Multiclass_Drone_Audio\unknown\1-46040-A-142.wav,al_emadi,1-46040-A-142,0.97525,0.04256306128971151,8.865158081054688,-0.00010576827255959141,0.009183944904384095,0.00020179018611088395,-0.012223731726408005,0.011381223797798157,0.4164781035959832,7.086730003356934,-0.00017963025075987872,0.028729577611135145,-2.1808238670928404e-05,-0.016620030626654625,0.016790052875876427,0.2387823547494585,8.399779319763184,-8.848797187779838e-06,0.015406101532698915,-0.00017330025002593175,-0.012620058376342058,0.012658789288252592,0.12265330607513385,10.553647994995117,4.1291624492806125e-06,0.007813571335075238,-0.00014893460320308805,-0.009343850426375866,0.009435790590941906,0.17952317428971296,11.09010124206543,-2.281330386951378e-06,0.006687285979953685,-2.3688240617047995e-05,-0.0070991432294249535,0.007003963086754084
F:\Seminario\Seminario-Clustering\datasets\davi\Al Emadi (2019)\Multiclass_Drone_Audio\membo_1\extra_membo_D2_2022.wav,Multiclass_Drone_Audio\membo_1\extra_membo_D2_2022.wav,al_emadi,extra_membo_D2,1.0026875,0.9292349875857137,8.839672088623047,-0.00040558466128624214,0.0323945502942605,-0.0012247501872479916,-0.041764325648546215,0.03965125530958177,0.014196080439414312,8.881196975708008,-3.509767423532439e-05,0.004004153953786774,1.0768824722617865e-05,-0.005102667026221752,0.0049074468202888995,0.020551178150829838,9.863225936889648,-2.8611403500149455e-05,0.003412603784447534,-4.3953197746304795e-05,-0.0043289391323924065,0.004298378713428974,0.01838465965551707,10.939912796020508,2.424639193173586e-06,0.00228412306220928,3.526434738887474e-06,-0.002928025205619633,0.002971170120872557,0.01763309416852515,11.920463562011719,2.4320411197878795e-06,0.0015824501601939848,2.1168829334783368e-05,-0.0020450888667255637,0.0020097495056688786
F:\Seminario\Seminario-Clustering\datasets\davi\Al Emadi (2019)\Multiclass_Drone_Audio\membo_1\Membo_1_043-membo_003_.wav,Multiclass_Drone_Audio\membo_1\Membo_1_043-membo_003_.wav,al_emadi,Membo_1_043-membo_003,1.024,0.6622379972274487,9.421405792236328,-0.00014818678677841588,0.0829383237428904,-0.002237003413029015,-0.10551754832267761,0.10898146256804467,0.058448840843287865,8.960575103759766,4.636539268935805e-05,0.024639737075491823,0.0002247241063741967,-0.03146680891513824,0.03007885217666626,0.07391803927673082,9.93663501739502,0.00026089110693928557,0.019620230203302974,0.000819293491076678,-0.024518854171037673,0.024733082577586177,0.08057266486127503,10.826757431030273,-6.339227724889002e-05,0.014498141192944252,-0.00010328745702281594,-0.018136966973543167,0.01800175942480564,0.12482245779125757,11.808500289916992,1.1293209062564193e-05,0.012765540411269509,4.963967148796655e-05,-0.01571386493742466,0.0157163605093956
F:\Seminario\Seminario-Clustering\datasets\davi\Al Emadi (2019)\Multiclass_Drone_Audio\membo_1\Membo_2_019-membo_001_.wav,Multiclass_Drone_Audio\membo_1\Membo_2_019-membo_001_.wav,al_emadi,Membo_2_019-membo_001,1.024,0.7083573051248339,8.592512130737305,0.0016033504406912523,0.11561584002779145,-0.001759917475283146,-0.1302803009748459,0.13296572268009185,0.024158451686867848,8.916271209716797,2.5748772609801465e-05,0.02135340508771534,-0.00012892737868241966,-0.027352959103882312,0.028399341180920603,0.05576994291472824,9.945120811462402,-3.812424950055667e-05,0.022974750081221407,-0.00024128715449478477,-0.029608020372688768,0.030151599645614625,0.10014078617664811,10.92983341217041,1.3726549023362428e-05,0.021787733617136183,-0.00020543867140077055,-0.02765294350683689,0.028321199119091034,0.11157351409692189,11.89941120147705,2.7966305391048364e-06,0.0162688780083276,0.0002826321288011968,-0.02072620429098606,0.020358048751950283
F:\Seminario\Seminario-Clustering\datasets\davi\Al Emadi (2019)\Multiclass_Drone_Audio\unknown\5-221950-A-220.wav,Multiclass_Drone_Audio\unknown\5-221950-A-220.wav,al_emadi,5-221950-A-220,1.0216875,0.027551903812339327,7.692020893096924,-0.00037116565179491954,0.012843014687728346,0.0005294429429341108,-0.01296874089166522,0.012808818649500613,0.09667429913339491,3.605874538421631,-0.001402022546064069,0.024026462839416545,-2.796057378873229e-05,-0.0037020361516624687,0.0034903539810329683,0.5203233877468832,3.8304195404052734,-0.0008145209091884456,0.03954053687057143,5.279010110825766e-06,-0.0033965765964239832,0.00353876855224371,0.32557421364264527,5.54251766204834,8.819631888452857e-05,0.022137203508389776,1.6145777408382855e-05,-0.0016686638002283872,0.0017703142366372049,0.02987619566473722,6.267154693603516,4.464171708465659e-06,0.0047438885140168125,-3.040273441001773e-06,-0.00044141707476228473,0.00039479879778809847
F:\Seminario\Seminario-Clustering\datasets\davi\Al Emadi (2019)\Multiclass_Drone_Audio\membo_1\extra_membo_D2_2042.wav,Multiclass_Drone_Audio\membo_1\extra_membo_D2_2042.wav,al_emadi,extra_membo_D2,1.0026875,0.9271023245070061,9.016877174377441,5.8639803154826004e-05,0.027059038908729422,0.0018029328202828765,-0.0362144373357296,0.03267909139394761,0.01669631118755116,8.868390083312988,-3.7362119763146034e-05,0.003631088461620329,5.588227941188961e-05,-0.004696313571184873,0.004625121783465149,0.01827706934169805,9.894657135009766,3.619401843214161e-05,0.0026909343927196444,7.154667400754988e-07,-0.0032983231358230114,0.003476165933534503,0.02206589754941984,10.84603500366211,-6.552724760675199e-06,0.0020924589461558925,4.09800122724846e-05,-0.002668243134394288,0.0025901731569319963,0.01585839741432477,11.827616691589355,5.744484674621256e-06,0.0012548670074265915,-2.886372385546565e-06,-0.0015563414199277756,0.0015941843856126072
F:\Seminario\Seminario-Clustering\datasets\davi\Al Emadi (2019)\Multiclass_Drone_Audio\bebop_1\mixed_3-bebop_000_.wav,Multiclass_Drone_Audio\bebop_1\mixed_3-bebop_000_.wav,al_emadi,mixed_3-bebop_000,1.024,0.09602436556603233,8.054498672485352,0.006062996444333056,0.07343024108909108,0.0035774963907897472,-0.07246696725487708,0.08053162768483162,0.09041546716226712,7.629489898681641,-0.004717694463838995,0.07134005536263907,-0.0012514443951658905,-0.07933625057339667,0.059032700583338746,0.3641218121079058,7.860528945922852,-0.004688148670960332,0.1014935730846713,-0.0037163742817938328,-0.08829210251569748,0.06719241216778757,0.376626868614676,9.215887069702148,-0.0006260567341063202,0.07312621332078574,-0.0009211230790242553,-0.05822973698377609,0.05856619030237198,0.07281148654911879,11.779805183410645,5.990877422672411e-05,0.02274585208532036,-6.053633842384443e-05,-0.027912387996912,0.028318097814917568
F:\Seminario\Seminario-Clustering\datasets\davi\Al Emadi (2019)\Multiclass_Drone_Audio\bebop_1\B_S2_D1_121-bebop_004_.wav,Multiclass_Drone_Audio\bebop_1\B_S2_D1_121-bebop_004_.wav,al_emadi,B_S2_D1_121-bebop_004,0.896,0.5392746460705706,7.931911468505859,0.001413502063041557,0.24475134741476587,0.009390357881784439,-0.25788818299770355,0.2668611854314803,0.03222455630855318,8.752885818481445,-0.0008757895722733852,0.05982383707864153,0.001953546016011387,-0.07663958966732025,0.07608189210295677,0.1022212410269897,9.820079803466797,0.001279209352770351,0.07546471614956297,0.002089604444336146,-0.0979419969022274,0.09959048181772232,0.18346043721051622,10.776756286621094,0.002091285802649908,0.07153681066469178,0.002206182572990656,-0.08857001066207885,0.09195845872163773,0.14281911938337025,11.734506607055664,-0.00028364757080280914,0.044670947567908875,-0.00038414914160966873,-0.0572645403444767,0.05664796382188797
F:\Seminario\Seminario-Clustering\datasets\davi\Al Emadi (2019)\Multiclass_Drone_Audio\unknown\4-200330-A-61.wav,Multiclass_Drone_Audio\unknown\4-200330-A-61.wav,al_emadi,4-200330-A-61,1.0216875,0.2739996080853784,8.434405326843262,0.0003773457212609163,0.06658064426676365,-0.002321964828297496,-0.06915962621569634,0.08021046072244649,0.45407964180555666,8.591300010681152,-0.0004332735536173611,0.08571176954554835,0.0014717260492034256,-0.1063277505338192,0.10440338402986528,0.25642871396807654,9.620492935180664,-0.0003112600122025285,0.04562246960803377,-0.000710554828401655,-0.057566326856613156,0.05808952152729035,0.011623415971458764,10.313333511352539,-4.593474034131275e-06,0.006873461914850995,-4.6660250518471e-05,-0.007748973509296774,0.007947287615388633,0.0038686201695296153,11.78403091430664,-5.430148734565723e-06,0.002805154509757269,-3.31983610522002e-05,-0.0034518700558692217,0.0035324143245816235
F:\Seminario\Seminario-Clustering\datasets\davi\Al Emadi (2019)\Multiclass_Drone_Audio\membo_1\mixed_membo_61-membo_002_.wav,Multiclass_Drone_Audio\membo_1\mixed_membo_61-membo_002_.wav,al_emadi,mixed_membo_61-membo_002,1.024,0.30666902491146353,8.243057250976562,-0.0005698151134284556,0.10813970172745192,9.024795144796371e-05,-0.12004950046539306,0.11646500602364541,0.1602082804912451,8.802009582519531,0.00040647118650173354,0.07816149187650352,0.0003251235029892996,-0.10060492530465126,0.1040984220802784,0.34987030847388584,9.72476577758789,0.00012210391131717692,0.08179517606610756,1.702432200545445e-06,-0.10382820814847946,0.10839726328849793,0.10345001105169273,10.085439682006836,0.00016723558140182648,0.031476694367062893,3.0605071515310556e-05,-0.03507184982299805,0.03276689350605011,0.07980237507171278,10.196742057800293,-2.0729759470457376e-05,0.01955726057707474,-0.00037041507312096655,-0.016353949159383773,0.015639897808432585
F:\Seminario\Seminario-Clustering\datasets\davi\Al Emadi (2019)\Multiclass_Drone_Audio\membo_1\extra_membo_D2_2028.wav,Multiclass_Drone_Audio\membo_1\extra_membo_D2_2028.wav,al_emadi,extra_membo_D2,1.002625,0.8951066288042859,8.852096557617188,0.0002891175163971173,0.030951226717733826,-0.0013344177277758718,-0.039066445082426064,0.03818320259451867,0.016655961752366034,8.963983535766602,-5.53633859891911e-05,0.004221890436695771,-0.00011926354636671022,-0.005272613000124693,0.005513833928853274,0.02989032584703139,9.901947975158691,2.5923050428396934e-05,0.004006408429719699,6.760939140804112e-05,-0.0050653680227696896,0.005147200543433428,0.0326570691920261,10.853357315063477,-2.7576286520524495e-05,0.002963684941523117,-4.367895962786861e-05,-0.0037399375811219215,0.0036440688185393802,0.025690014404290577,11.891714096069336,2.7743318967945867e-06,0.0018594787946658287,3.974814262619475e-06,-0.002330718748271465,0.00238312822766602
F:\Seminario\Seminario-Clustering\datasets\davi\Al Emadi (2019)\Multiclass_Drone_Audio\membo_1\mixed_membo_2-membo_004_.wav,Multiclass_Drone_Audio\membo_1\mixed_membo_2-membo_004_.wav,al_emadi,mixed_membo_2-membo_004,0.904,0.10415692938751997,8.851398468017578,1.9282630419583767e-05,0.04804105842758894,-0.00021813809871673584,-0.06249568499624729,0.06255252249538899,0.316791132023338,8.504358291625977,-0.0003480395420510731,0.08378210956526162,-0.0015855890233069658,-0.09902937486767768,0.10348379984498025,0.505642006649323,8.713863372802734,1.504945421873519e-05,0.074970798263597,-2.21747686737217e-05,-0.06901337206363678,0.07175925597548485,0.051286864756336335,10.333175659179688,9.30190603092365e-05,0.016899406442146995,-4.24889731220901e-05,-0.019380303099751472,0.01946157030761242,0.022123067183482732,11.62615966796875,5.453512812357601e-06,0.007852221190462897,-8.477683877572417e-06,-0.009888791665434837,0.009721978567540646
F:\Seminario\Seminario-Clustering\datasets\davi\Al Emadi (2019)\Multiclass_Drone_Audio\unknown\5-253534-A-260.wav,Multiclass_Drone_Audio\unknown\5-253534-A-260.wav,al_emadi,5-253534-A-260,1.0216875,0.41974315941473506,8.299707412719727,0.0026649890181808713,0.3821757940487339,0.0001407098607160151,-0.4834500044584274,0.4953749597072604,0.5241410781884922,8.07172966003418,0.0031746789230016653,0.4270650547990365,-0.0013263350119814277,-0.5064406394958496,0.5143388688564301,0.035539325086001654,8.720497131347656,0.000147665016437997,0.07877008511576308,0.00022591307060793042,-0.079213647544384,0.07435569912195207,0.009617214752658454,9.55948257446289,0.0004052832615865375,0.028992983096051767,0.00015550143143627793,-0.027699412778019905,0.027574293687939646,0.010959222558112616,10.340923309326172,-3.584573204794471e-07,0.021896331335830615,4.672328941524029e-05,-0.019359783083200455,0.018669532984495172
F:\Seminario\Seminario-Clustering\datasets\davi\Al Emadi (2019)\Multiclass_Drone_Audio\unknown\4-204777-A-390.wav,Multiclass_Drone_Audio\unknown\4-204777-A-390.wav,al_emadi,4-204777-A-390,1.0216875,0.028492112570727996,6.884573459625244,0.0018654991060955417,0.17772901328593727,-0.00013438070891425014,-0.1367486983537674,0.1364809900522232,0.034440879558864455,6.141448020935059,0.0037952360417578927,0.19537775899949206,-0.00014270828251028433,-0.11564087569713592,0.12886306643486023,0.10450434641589952,7.530337333679199,-0.016834907311479075,0.24052014009252595,-0.00016082986257970333,-0.22043025493621823,0.16343847811222081,0.4362844303807111,9.698707580566406,-0.00041615163343739593,0.34860467535143025,6.39741301711183e-06,-0.35955781936645503,0.35600207746028917,0.396278231073797,10.845303535461426,-0.0019286363518182398,0.23502007498465388,-2.9758612072328106e-05,-0.25615164637565613,0.25217025876045246
F:\Seminario\Seminario-Clustering\datasets\davi\Al Emadi (2019)\Multiclass_Drone_Audio\membo_1\mixed_membo_2-membo_002_.wav,Multiclass_Drone_Audio\membo_1\mixed_membo_2-membo_002_.wav,al_emadi,mixed_membo_2-membo_002,1.024,0.022028779441868054,8.991657257080078,-0.0011598632970454116,0.07344146161260265,-0.0027783364057540894,-0.09583304449915886,0.09184828028082849,0.25106543254635394,8.288768768310547,-0.000957719768958112,0.2479650546194481,-0.0033968548523262143,-0.28576408624649047,0.2560313016176224,0.6502557441219214,8.738990783691406,0.00019593815027039904,0.28259252235881166,0.000523599301232025,-0.2808438390493393,0.26951453089714067,0.06988314467179571,9.76626968383789,-6.675759301115957e-05,0.06556317966874405,-5.6204735301434994e-05,-0.05855915695428848,0.059021394699811935,0.00676689921806081,11.375418663024902,2.292490255797648e-05,0.014432405172883305,6.426344043575227e-05,-0.0162846814841032,0.01669050455093384
F:\Seminario\Seminario-Clustering\datasets\davi\Al Emadi (2019)\Multiclass_Drone_Audio\unknown\2-108763-A-94.wav,Multiclass_Drone_Audio\unknown\2-108763-A-94.wav,al_emadi,2-108763-A-94,0.95975,0.3461591327130367,8.831607818603516,0.0002773396506197905,0.08361353816703684,0.0021015561651438475,-0.10721378400921822,0.10654383525252342,0.3064575293369648,8.895264625549316,-0.00016518493081605945,0.07867291851382548,0.0013313512317836285,-0.10237487033009529,0.09684588387608528,0.2447445805830356,9.767098426818848,-0.0012053743329627875,0.04979016912770873,-0.0019118166528642178,-0.06252014935016632,0.06162123009562498,0.07995368713293308,10.725597381591797,-0.0004240285948052759,0.020140069676225628,-0.00040050111419986933,-0.025542879104614256,0.025397397577762625,0.022685070234029804,11.809215545654297,3.300022850929863e-05,0.007590785898418157,9.66184597928077e-05,-0.00959044974297285,0.00975733995437622
F:\Seminario\Seminario-Clustering\datasets\davi\Al Emadi (2019)\Multiclass_Drone_Audio\unknown\1-61212-A-321.wav,Multiclass_Drone_Audio\unknown\1-61212-A-321.wav,al_emadi,1-61212-A-321,1.0216875,0.08808553729142168,5.5588765144348145,-0.00014107728368335548,0.022010420346649226,-0.00015802064444869757,-0.009472202695906162,0.009426443930715324,0.29822972884570964,4.99051570892334,0.001825062837129569,0.04045936083117749,5.2292354666860774e-05,-0.007328085973858833,0.010309315752238044,0.3638923333084493,5.805477142333984,0.00022898723771880996,0.031687331458354555,-3.879066753142979e-06,-0.00698029613122344,0.006464734580367811,0.17438711851864117,6.854933738708496,-6.632717128891098e-05,0.015522688507047088,-8.181765224435367e-06,-0.003586096665821969,0.003185214940458537,0.07540528203577823,7.724037170410156,2.0470229947320273e-06,0.007220800743421125,1.7626771295908839e-06,-0.0014081624569371343,0.0014455551980063345
F:\Seminario\Seminario-Clustering\datasets\davi\Al Emadi (2019)\Multiclass_Drone_Audio\unknown\2-32515-C-42.wav,Multiclass_Drone_Audio\unknown\2-32515-C-42.wav,al_emadi,2-32515-C-42,0.97525,0.05726081490140498,8.674402236938477,-0.0005837748291824871,0.2071123863000693,0.0012003779411315918,-0.2544829547405243,0.25550130009651184,0.06261781345010578,6.522965431213379,0.014558339154255927,0.21609496298291964,0.00015987698861863464,-0.11439897119998932,0.14336808025836945,0.29795611383295806,8.006391525268555,0.014076073900511833,0.3342878556777426,0.00048324218369089067,-0.18604006618261337,0.2603129744529724,0.5580053407929196,8.81514835357666,0.00038353081714880336,0.3240158801236441,0.00019989805878140032,-0.18003128468990326,0.18893859535455704,0.024159917022611516,9.773757934570312,3.77224147776804e-06,0.04769521477240013,2.58116633631289e-05,-0.026272341981530188,0.026616580411791803
F:\Seminario\Seminario-Clustering\datasets\davi\Al Emadi (2019)\Multiclass_Drone_Audio\unknown\3-141684-A-214.wav,Multiclass_Drone_Audio\unknown\3-141684-A-214.wav,al_emadi,3-141684-A-214,0.95975,0.583970601192469,6.821507453918457,-0.00011521864320265031,0.24246232144062477,0.00012860930291935802,-0.11579938605427742,0.17910758405923843,0.2620517307203771,6.545192241668701,0.004099484514807245,0.1623693179345748,0.00023853294260334224,-0.08398493006825447,0.08644597604870796,0.09711130217175834,7.673455715179443,0.000481728574660491,0.07004008070964242,0.00011484670540085062,-0.03648962527513504,0.044481097906827985,0.0293555695485962,8.823097229003906,0.00018443813619261663,0.027250910207542202,-8.053361852944363e-06,-0.016860787570476533,0.01751557812094689,0.027510796366799328,9.855881690979004,4.038156025058569e-05,0.018662897357127287,-1.5523028196184896e-07,-0.01155872642993927,0.011891775764524937
F:\Seminario\Seminario-Clustering\datasets\davi\Al Emadi (2019)\Multiclass_Drone_Audio\unknown\2-65750-A-12.wav,Multiclass_Drone_Audio\unknown\2-65750-A-12.wav,al_emadi,2-65750-A-12,0.97525,0.0,-0.0,0.0,0.0,0.0,0.0,0.0,0.0,-0.0,0.0,0.0,0.0,0.0,0.0,0.0,-0.0,0.0,0.0,0.0,0.0,0.0,0.0,-0.0,0.0,0.0,0.0,0.0,0.0,0.0,-0.0,0.0,0.0,0.0,0.0,0.0
F:\Seminario\Seminario-Clustering\datasets\davi\Al Emadi (2019)\Multiclass_Drone_Audio\unknown\5-215658-A-120.wav,Multiclass_Drone_Audio\unknown\5-215658-A-120.wav,al_emadi,5-215658-A-120,1.0216875,0.9684540139928445,7.614306449890137,0.0006914088270346796,0.18675290308891188,0.0038567031733691692,-0.18425111025571822,0.17945992052555085,0.008252815766951587,6.414621353149414,5.879090382259943e-05,0.01723968697975308,-0.00016849800886120647,-0.01229722611606121,0.013205838855355992,0.00806137815373131,2.4897615909576416,-0.00022416798716286626,0.012066634055454946,3.408989869058132e-05,-0.00266125975176692,0.0026152506936341527,0.012393615422251023,3.8755438327789307,-5.132435193221377e-06,0.01058908735557182,-9.441428119316697e-06,-0.0023113613948225974,0.0022514118580147626,0.002838176664221566,5.63853120803833,6.538189628209324e-06,0.0035846716385100194,-7.855036528781056e-06,-0.0010238817427307366,0.001058437372557819
F:\Seminario\Seminario-Clustering\datasets\davi\Al Emadi (2019)\Multiclass_Drone_Audio\unknown\5-215658-B-121.wav,Multiclass_Drone_Audio\unknown\5-215658-B-121.wav,al_emadi,5-215658-B-121,1.0216875,0.9916509224363705,8.782435417175293,0.0019093966301791515,0.4634593606935299,0.0017098840326070786,-0.5559224903583526,0.5545763552188876,0.004784555185551832,8.582999229431152,2.841718562499073e-05,0.03219263568337914,0.00012716796481981874,-0.03687728829681873,0.038419320806860925,0.0006026141949723673,8.55419635772705,4.16207777358057e-05,0.008092364280419624,-5.126907490193844e-05,-0.00759968888014555,0.007476132456213237,0.001588654947563737,8.818685531616211,-2.6542774115310778e-05,0.00929774627839972,3.183557419106364e-05,-0.007227984443306923,0.007224383996799588,0.0013732532355415343,8.847445487976074,2.0437814827827577e-05,0.006115167502385299,7.136899512261152e-06,-0.00405298862606287,0.0040668275207281146
F:\Seminario\Seminario-Clustering\datasets\davi\Al Emadi (2019)\Multiclass_Drone_Audio\membo_1\mixed_membo_25-membo_003_.wav,Multiclass_Drone_Audio\membo_1\mixed_membo_25-membo_003_.wav,al_emadi,mixed_membo_25-membo_003,1.024,0.9584027580681275,8.868354797363281,-0.0046322026113681134,0.30672430017508356,0.018733179196715355,-0.38861959874629975,0.38186900317668915,0.018552786969415185,9.01538372039795,2.2949193981792598e-07,0.042680377789354434,0.0012988117523491383,-0.0575117651373148,0.054985839501023294,0.0067763229874728045,9.990217208862305,-0.0003040215576540058,0.018263287815676557,-0.0004152492037974298,-0.023894421197474,0.022851668670773505,0.007672420124113384,10.964864730834961,0.00020154971506992157,0.013753618748922523,0.00015026709297671914,-0.0174870565533638,0.01768794283270836,0.008595711850871164,11.940156936645508,-3.615883330609908e-06,0.010299323757656591,1.0964955436065793e-05,-0.01318941656500101,0.01315002962946892
F:\Seminario\Seminario-Clustering\datasets\davi\Al Emadi (2019)\Multiclass_Drone_Audio\membo_1\Membo_1_031-membo_001_.wav,Multiclass_Drone_Audio\membo_1\Membo_1_031-membo_001_.wav,al_emadi,Membo_1_031-membo_001,1.024,0.5001471120336388,9.262397766113281,-0.0005132403712972854,0.0797702257809613,0.000650683999992907,-0.10400336906313896,0.09929413795471193,0.067130406974423,9.044412612915039,2.8610469528148405e-06,0.02922540539897007,-9.328388841822743e-05,-0.03803274482488632,0.03894815556704999,0.09039903251085434,9.934770584106445,0.00017389604469508812,0.024015400048767954,0.0001603762648301199,-0.030014174990355965,0.0312585424631834,0.13929497909835684,10.891963005065918,-0.00023711432398572702,0.021096720135369396,-0.00016669370234012604,-0.02671007066965103,0.027297286316752434,0.203028469382727,11.935385704040527,-7.142916074416289e-06,0.01801870128363796,-3.9208331145346165e-05,-0.023361767083406447,0.02294485457241536
F:\Seminario\Seminario-Clustering\datasets\davi\Al Emadi (2019)\Multiclass_Drone_Audio\bebop_1\mixed_14-bebop_002_.wav,Multiclass_Drone_Audio\bebop_1\mixed_14-bebop_002_.wav,al_emadi,mixed_14-bebop_002,1.024,0.6967149763775369,8.170164108276367,0.0005805902791693264,0.18186217020994982,-0.0012646671384572983,-0.18959572464227675,0.19417323172092438,0.03999110060983852,8.898609161376953,-6.714407393092276e-05,0.04357106536929304,0.000575022742850706,-0.05545394904911518,0.05537710003554821,0.062174492835341676,9.907868385314941,0.0007993139663143907,0.03846340942766923,0.00010470205234014429,-0.04634023606777191,0.04974279180169106,0.11284958410069375,10.86676025390625,-0.00045273067268905847,0.03667816921607982,-0.00022857217118144035,-0.04695015028119087,0.04525773599743843,0.08826984607658915,11.889243125915527,9.260882667247081e-05,0.022949001730229113,0.00015206326497718692,-0.029124649241566658,0.028977780416607857
F:\Seminario\Seminario-Clustering\datasets\davi\Al Emadi (2019)\Multiclass_Drone_Audio\membo_1\Membo_2_028-membo_003_.wav,Multiclass_Drone_Audio\membo_1\Membo_2_028-membo_003_.wav,al_emadi,Membo_2_028-membo_003,1.024,0.9565611624061716,8.40951156616211,-0.010999734995511441,0.5146529305979186,-0.009668885730206966,-0.5926591932773589,0.5975756347179413,0.011043174914436083,7.590122699737549,-0.000884481633389459,0.05530299939397483,-0.0003846707404591143,-0.05424626506865025,0.04997903667390348,0.00861155922232998,8.344400405883789,-0.0005443038850288862,0.034583005760955125,-0.000981451477855444,-0.03504936099052429,0.03342853039503098,0.01114509152033668,10.431591987609863,-0.00047036513939506216,0.027842667137748783,-0.00043130177073180676,-0.032707761973142624,0.03187087923288345,0.01263901193672563,11.717177391052246,7.243081930850913e-06,0.020977701778856717,3.124668728560209e-05,-0.026037397980690002,0.025381688773632057
F:\Seminario\Seminario-Clustering\datasets\davi\Al Emadi (2019)\Multiclass_Drone_Audio\unknown\5-256452-A-50.wav,Multiclass_Drone_Audio\unknown\5-256452-A-50.wav,al_emadi,5-256452-A-50,1.0216875,0.013309170262797263,8.943357467651367,-0.0013031903972553908,0.1123545994704824,0.00010851980186998844,-0.15099824070930482,0.15085045248270038,0.18179057795000314,8.317315101623535,4.030817363228638e-05,0.41526970002465335,-0.0002822600945364684,-0.4072187036275864,0.4468881756067277,0.6542117412685232,8.939412117004395,0.0005772112127430812,0.5579934580045776,-0.00031104692607186735,-0.7128125548362731,0.7004108428955081,0.13416153192974783,9.484314918518066,-3.219320985654379e-05,0.17880814727549366,0.0003170516574755311,-0.16112840473651885,0.18642214834690096,0.016526978588928532,10.510208129882812,-1.374715127078934e-05,0.044395692628377344,2.4809914975776337e-05,-0.04094410166144371,0.04401395469903948
F:\Seminario\Seminario-Clustering\datasets\davi\Al Emadi (2019)\Multiclass_Drone_Audio\bebop_1\mixed_43-bebop_004_.wav,Multiclass_Drone_Audio\bebop_1\mixed_43-bebop_004_.wav,al_emadi,mixed_43-bebop_004,0.904,0.6490824900926058,8.389289855957031,-0.0014160238082935154,0.1488868637886808,-0.005302990786731243,-0.17063602805137634,0.17834301739931108,0.03296859361663894,8.745148658752441,-0.001017876702938408,0.03354103045255933,-6.24203821644187e-05,-0.04448630809783936,0.04222141690552235,0.07718431250452296,9.762516021728516,2.755063899661555e-05,0.03636574830579234,0.000732837215764448,-0.04822588823735714,0.04627010449767113,0.13493656860556483,10.724008560180664,-0.0004312150537520812,0.034030042423551884,-0.00033665879163891077,-0.04375689849257469,0.04250173270702362,0.10582803518066751,11.727664947509766,-1.0500136103264475e-06,0.021321996374812364,-0.00032904933323152363,-0.026871408894658087,0.027350646629929542
F:\Seminario\Seminario-Clustering\datasets\davi\Al Emadi (2019)\Multiclass_Drone_Audio\bebop_1\mixed_33-bebop_003_.wav,Multiclass_Drone_Audio\bebop_1\mixed_33-bebop_003_.wav,al_emadi,mixed_33-bebop_003,1.024,0.43786482507434293,9.089595794677734,-0.0017137111137503558,0.21136391338023855,-0.0069011542946100235,-0.2769856959581375,0.2841710358858109,0.13738280053753196,8.920425415039062,0.0010257374224573988,0.11839270885195176,-0.000567867886275053,-0.14734847247600555,0.1557410165667534,0.12389370324403372,9.970279693603516,-0.0005352236697566016,0.07961745177476649,-0.0021625407971441746,-0.10269979760050772,0.10265317335724833,0.15865004454932552,10.935532569885254,0.0010537269409985576,0.06375431362642765,0.0007592049660161138,-0.0799061581492424,0.08210437744855881,0.14220862659476585,11.947802543640137,-0.0002278067849955693,0.04270473272602379,-0.0011092252098023891,-0.05385987386107444,0.055721310526132585
F:\Seminario\Seminario-Clustering\datasets\davi\Al Emadi (2019)\Multiclass_Drone_Audio\bebop_1\mixed_0-bebop_004_.wav,Multiclass_Drone_Audio\bebop_1\mixed_0-bebop_004_.wav,al_emadi,mixed_0-bebop_004,1.024,0.7219045375878654,8.699590682983398,-6.620119737226118e-05,0.17188240594134835,-0.0013761701993644238,-0.20122913420200347,0.2192347332835198,0.026639600329863487,8.95863151550293,0.0012062991945552234,0.03299631336858828,0.0011135549866594374,-0.040001485124230386,0.044459820911288264,0.061513745885240126,9.951557159423828,0.0006669325881046262,0.03552381051142014,0.00020367277465993538,-0.04454856403172016,0.04636168368160725,0.10954063202514848,10.997550964355469,-0.0002620746419903357,0.03355364293712506,3.4030177630484104e-05,-0.04276427626609802,0.0426824651658535,0.08040148417188248,11.95083999633789,1.1445173160660608e-05,0.020336100652568332,-5.1915005315095186e-05,-0.025990954414010045,0.026129319518804553
F:\Seminario\Seminario-Clustering\datasets\davi\Al Emadi (2019)\Multiclass_Drone_Audio\membo_1\Membo_0_004-membo_001_.wav,Multiclass_Drone_Audio\membo_1\Membo_0_004-membo_001_.wav,al_emadi,Membo_0_004-membo_001,1.024,0.5217989812939396,8.785012245178223,-0.0005690163918612615,0.10109165146509562,0.00030897845863364637,-0.1151904121041298,0.12283052429556847,0.055935313654296576,9.004020690917969,5.0327291121470146e-05,0.033098864828111065,9.739669621922076e-05,-0.04224236495792866,0.04258809946477414,0.10031344983679855,9.898038864135742,-0.0012325249126280417,0.031364145549754495,-0.0002766509132925421,-0.04152080602943897,0.037545718997716915,0.15217487290993062,10.81954574584961,0.00010850777074052546,0.02735976374293102,0.0001523312967037782,-0.034395720809698105,0.0343194454908371,0.1697773823050346,11.728133201599121,-4.113528762715048e-06,0.020443468715434395,0.0001455379242543131,-0.02509986087679863,0.024660914763808266
F:\Seminario\Seminario-Clustering\datasets\davi\Al Emadi (2019)\Multiclass_Drone_Audio\unknown\exercise_bike007.wav,Multiclass_Drone_Audio\unknown\exercise_bike007.wav,al_emadi,exercise,4.992,0.2999407768871042,10.617570877075195,-1.2078048039351453e-05,0.04874661672879699,-0.00021735322661697865,-0.05517201721668243,0.055462761595845234,0.0815135976763364,11.185932159423828,-0.0003778320712647482,0.02540936196202592,-0.0003882216406054795,-0.03216843381524086,0.03266679011285305,0.12336299177564881,12.20468807220459,4.769010394294593e-05,0.022112281535051,4.026631359010935e-05,-0.028501625917851926,0.02834647595882416,0.15773533841388274,13.096166610717773,1.082685017212151e-05,0.01768347589580183,-2.4092354578897357e-05,-0.022065804898738862,0.021880466118454935,0.3374472952470279,13.913049697875977,4.305187080790572e-05,0.01829060410179741,6.983218190725893e-05,-0.021914276108145715,0.021753184869885454
F:\Seminario\Seminario-Clustering\datasets\davi\Al Emadi (2019)\Multiclass_Drone_Audio\unknown\2-166644-A-21.wav,Multiclass_Drone_Audio\unknown\2-166644-A-21.wav,al_emadi,2-166644-A-21,1.0216875,0.49748448982195076,8.102824211120605,-0.0004255804337437921,0.3250343549796744,-0.005490339593961835,-0.3609160751104355,0.36935395300388335,0.2827689326393907,7.3855109214782715,0.0023971076516318135,0.24503883968443363,-0.003139568376354873,-0.19576941281557084,0.19604319930076605,0.16637096344394536,8.396838188171387,-0.0005531806980264602,0.13313751930494075,-0.0012068727519363165,-0.10979624390602112,0.1148033916950226,0.036648010477287996,9.191295623779297,0.00013873099502885035,0.044217243224746704,-0.00020942428091075271,-0.038553636893630026,0.03955126106739045,0.01672760361742522,9.763240814208984,6.806115982665339e-05,0.02113265380566114,6.916202255524695e-05,-0.016564550623297692,0.016643429547548296
F:\Seminario\Seminario-Clustering\datasets\davi\Al Emadi (2019)\Multiclass_Drone_Audio\unknown\2-52789-A-44.wav,Multiclass_Drone_Audio\unknown\2-52789-A-44.wav,al_emadi,2-52789-A-44,0.95975,0.9143961072657046,8.712616920471191,0.003392642546603244,0.117302858075698,-0.0018043462769128382,-0.13932471722364426,0.14978883415460587,0.021335568497317086,8.09103012084961,-0.0005992991123103231,0.017915635638109165,-0.00036782743700314313,-0.018888925202190876,0.018354390747845173,0.05318436406558004,8.861336708068848,0.0002233145100649676,0.020047545575136834,0.0002544160233810544,-0.02040529139339924,0.02055478319525719,0.010382298855863193,9.004606246948242,-1.88939438028931e-05,0.006268514318673904,-1.9248647731728852e-05,-0.004906856874004006,0.005005903774872429,0.0007016613155350829,10.529424667358398,2.461911028840457e-07,0.0011528329990081292,1.0619733075145632e-06,-0.0010591282043606043,0.0010634829523041844
F:\Seminario\Seminario-Clustering\datasets\davi\Al Emadi (2019)\Multiclass_Drone_Audio\membo_1\mixed_membo_52-membo_001_.wav,Multiclass_Drone_Audio\membo_1\mixed_membo_52-membo_001_.wav,al_emadi,mixed_membo_52-membo_001,1.024,0.8475427878847989,8.440101623535156,-0.0007205167500464951,0.1566246261262,0.001541600562632084,-0.18447633683681489,0.1692717492580414,0.06876082068085786,8.091633796691895,0.0009933098743309988,0.044601210344298675,0.000860999571159482,-0.04551948606967926,0.04829231537878514,0.026326101009034965,9.828121185302734,0.0005730838852406533,0.01953928899139722,0.0005489759496413171,-0.02366721015423536,0.0250058026984334,0.026981331475723413,10.89849853515625,-0.00026923652157274523,0.014002609218594808,-0.00023820233764126897,-0.018058130517601967,0.01736832968890667,0.030388958949584943,11.893586158752441,-7.688081386554367e-07,0.010514433010209382,0.0001564123813295737,-0.013511402904987332,0.013383322954177856
F:\Seminario\Seminario-Clustering\datasets\davi\Al Emadi (2019)\Multiclass_Drone_Audio\membo_1\Membo_1_047-membo_004_.wav,Multiclass_Drone_Audio\membo_1\Membo_1_047-membo_004_.wav,al_emadi,Membo_1_047-membo_004,0.896,0.7237590318557746,8.258020401000977,-0.004302338975148189,0.1566677217133962,-0.006260080961510539,-0.17884482890367506,0.17412964701652522,0.028492853707492563,8.737104415893555,-0.0001254779873324838,0.031096441821977145,-0.00024216384917963296,-0.03993117585778236,0.038922184705734234,0.05573655832495804,9.697484970092773,-5.100232680318867e-05,0.030805208534305937,-0.000909238588064909,-0.03817163035273552,0.03814461454749107,0.07818374920924956,10.64323616027832,2.2674404101403585e-05,0.02582384256802678,-9.003235754789785e-05,-0.03200786784291267,0.03238280266523362,0.11382780690252528,11.577322006225586,1.4957834152271549e-05,0.02204366278715335,-9.926830534823239e-05,-0.02670011855661869,0.02771506831049919
F:\Seminario\Seminario-Clustering\datasets\davi\Al Emadi (2019)\Multiclass_Drone_Audio\unknown\2-65750-A-11.wav,Multiclass_Drone_Audio\unknown\2-65750-A-11.wav,al_emadi,2-65750-A-11,1.0216875,0.01879831277915593,5.965154647827148,0.0069548940611954815,0.12814534067994757,0.0,-0.10768416300415992,0.10958186909556393,0.04099989012260569,8.837721824645996,-0.00020887657575640545,0.18952790991132454,0.0,-0.291875758767128,0.24000547528266913,0.806835941583786,9.98188304901123,0.0005753319199285158,0.5955250815582513,0.0,-0.829954206943512,0.8336089134216309,0.1297455855185604,10.872756958007812,1.7555958822276208e-05,0.16898848856531531,0.0,-0.23538708090782165,0.23334700763225558,0.0036202699958919056,10.7219877243042,4.362868586772676e-06,0.019968806090664964,0.0,-0.0209323201328516,0.01978696994483472
F:\Seminario\Seminario-Clustering\datasets\davi\Al Emadi (2019)\Multiclass_Drone_Audio\bebop_1\B_S2_D1_070-bebop_003_.wav,Multiclass_Drone_Audio\bebop_1\B_S2_D1_070-bebop_003_.wav,al_emadi,B_S2_D1_070-bebop_003,1.024,0.3035638258567709,8.788961410522461,-0.0007342386421141694,0.1368195517880004,0.002033039927482605,-0.17370970249176027,0.1707057684659958,0.06494328222309684,8.964847564697266,0.00024789498369571144,0.06328389083856933,0.0016606986755505204,-0.0828079678118229,0.08060125336050987,0.1489918720198419,9.963129043579102,-0.00032609484093617413,0.06787722208767663,-0.00015156753943301737,-0.08837846964597702,0.08851864114403726,0.28261409083265804,10.882469177246094,-7.553405339377815e-05,0.06616064656201606,-0.000982849858701229,-0.08146033436059952,0.08306767791509628,0.19988692906763236,11.927071571350098,-3.805345812734458e-05,0.03936094528153477,3.718474181368947e-05,-0.05011002570390701,0.05082674846053124
F:\Seminario\Seminario-Clustering\datasets\davi\Al Emadi (2019)\Multiclass_Drone_Audio\unknown\2-119161-C-83.wav,Multiclass_Drone_Audio\unknown\2-119161-C-83.wav,al_emadi,2-119161-C-83,1.0216875,0.3940983238798798,4.267880439758301,-4.33919999536461e-06,6.480717749456422e-05,0.0,0.0,0.0,0.22469428950903686,4.16481876373291,-1.5247314592079913e-06,4.902054905168073e-05,0.0,0.0,0.0,0.2691341132283442,5.175194263458252,-5.034919065087185e-07,3.801578813338438e-05,0.0,0.0,0.0,0.09491639324877277,5.638895511627197,-6.24000693584169e-08,1.5976740702485625e-05,0.0,0.0,0.0,0.017156880133966365,7.64752721786499,7.588799703525477e-08,4.804593980207462e-06,0.0,0.0,0.0
F:\Seminario\Seminario-Clustering\datasets\davi\Al Emadi (2019)\Multiclass_Drone_Audio\membo_1\Membo_0_012-membo_004_.wav,Multiclass_Drone_Audio\membo_1\Membo_0_012-membo_004_.wav,al_emadi,Membo_0_012-membo_004,0.896,0.9765389223171788,8.485904693603516,-0.0006963947844410732,0.39880671682818297,-0.015985149890184402,-0.47830272018909453,0.4610857814550398,0.005547245747781095,7.511934280395508,1.1510889863124542e-05,0.03005778853845736,0.0008202041499316692,-0.031402691081166265,0.02993947602808475,0.00411256458819819,9.641361236572266,-0.0003001663779800831,0.018328414714453234,-0.0007660869741812348,-0.022904885560274126,0.022786370851099483,0.006131836212661255,10.378402709960938,0.00016656213710460256,0.015841859379565205,-6.331935583148152e-05,-0.017976581305265426,0.019134679436683656,0.007669431134180672,11.463743209838867,-1.097569292366613e-05,0.012534677723578786,7.39219831302762e-05,-0.015005219727754593,0.014924420975148678
F:\Seminario\Seminario-Clustering\datasets\davi\Al Emadi (2019)\Multiclass_Drone_Audio\unknown\2-139748-B-150.wav,Multiclass_Drone_Audio\unknown\2-139748-B-150.wav,al_emadi,2-139748-B-150,1.0216875,0.4888022479553707,7.221175193786621,-9.087531660411214e-05,0.023776997981895694,-9.01729945326224e-05,-0.016470135562121867,0.017033234611153608,0.4804769180719004,6.3235697746276855,-3.455983797908835e-05,0.02357378948655957,-0.00012334962229942903,-0.010497788619250058,0.011597076617181304,0.026102901834827656,7.314945220947266,-1.11591231341449e-06,0.003891916793245032,9.433872037334368e-06,-0.0016991773387417194,0.001701335259713233,0.0021231782991043098,7.928472995758057,-1.3544426778519674e-06,0.0007854434385181165,2.638936621224275e-06,-0.0003837766358628868,0.0004113889823202044,0.002494753838796944,7.380159854888916,7.266899672738844e-07,0.0006022914227197806,1.1488718882901594e-06,-0.00017140751588158308,0.0001699776650639251
F:\Seminario\Seminario-Clustering\datasets\davi\Al Emadi (2019)\Multiclass_Drone_Audio\unknown\2-141563-A-394.wav,Multiclass_Drone_Audio\unknown\2-141563-A-394.wav,al_emadi,2-141563-A-394,0.95975,0.0,-0.0,0.0,0.0,0.0,0.0,0.0,0.0,-0.0,0.0,0.0,0.0,0.0,0.0,0.0,-0.0,0.0,0.0,0.0,0.0,0.0,0.0,-0.0,0.0,0.0,0.0,0.0,0.0,0.0,-0.0,0.0,0.0,0.0,0.0,0.0
F:\Seminario\Seminario-Clustering\datasets\davi\Al Emadi (2019)\Multiclass_Drone_Audio\bebop_1\mixed_6-bebop_002_.wav,Multiclass_Drone_Audio\bebop_1\mixed_6-bebop_002_.wav,al_emadi,mixed_6-bebop_002,1.024,0.5580710489113991,8.648098945617676,-0.00029374645668018645,0.1583657234834563,-0.0016145756817422807,-0.1908100426197052,0.19516486525535584,0.029087706462997336,9.008259773254395,0.004424243972035468,0.035883583355904615,0.00379453890491277,-0.04245480671525002,0.050290689617395405,0.0826723389210815,9.977495193481445,-0.004886201790996674,0.04288595051637873,-0.005487401504069567,-0.0600109688937664,0.04988626912236214,0.18317230961344932,10.942876815795898,-0.0011670945580414475,0.04545458904129679,-0.001825240207836032,-0.05955220013856888,0.05706474184989929,0.14699659609107266,11.938735008239746,2.2244828705779745e-05,0.028814749947099556,-0.00020546145970001817,-0.036927851289510726,0.03696712106466294
F:\Seminario\Seminario-Clustering\datasets\davi\Al Emadi (2019)\Multiclass_Drone_Audio\membo_1\mixed_membo_42-membo_003_.wav,Multiclass_Drone_Audio\membo_1\mixed_membo_42-membo_003_.wav,al_emadi,mixed_membo_42-membo_003,1.024,0.7440392449768753,8.022424697875977,0.00011957937097674218,0.08465797376516541,0.00020351028069853783,-0.0789207950234413,0.0859415858983994,0.021357852771386722,8.723856925964355,-4.7929614691348584e-05,0.014343222615124098,-0.000188937658094801,-0.018000666610896585,0.016937128826975824,0.06822089618493839,10.011177062988281,7.09443550148311e-05,0.018152821968881596,-0.0004989542358089238,-0.023247094266116618,0.02362541258335114,0.07587544547051298,10.924978256225586,5.140107839765213e-06,0.013548608873051482,3.898044815286994e-05,-0.01692965440452099,0.017231112346053123,0.0905065605962866,11.85225772857666,2.6853290268005075e-05,0.010467744227762466,0.0002429922897135839,-0.013216427527368063,0.01319971531629563
F:\Seminario\Seminario-Clustering\datasets\davi\Al Emadi (2019)\Multiclass_Drone_Audio\unknown\2-67422-A-182.wav,Multiclass_Drone_Audio\unknown\2-67422-A-182.wav,al_emadi,2-67422-A-182,0.97525,0.323367101749377,7.787532329559326,-0.01681285636322943,0.3603745067465555,-0.024476321414113045,-0.3844028115272522,0.33496037125587463,0.12774496432525306,8.549208641052246,0.005343119223075459,0.22668854408967748,0.012100821360945702,-0.25721195340156555,0.27662867307662964,0.18612176937779157,9.628488540649414,-0.004532096915419658,0.19377965961399335,0.0015090000815689564,-0.2397318109869957,0.2258865237236023,0.20102222103281173,10.370647430419922,-0.0007577346857815158,0.14254846573461044,-0.004160354612395167,-0.1596672385931015,0.16381645947694778,0.16174394351476665,11.41666030883789,-5.700976397025695e-05,0.09045659751827656,-0.0010409019887447357,-0.10372712910175323,0.10346454530954363
F:\Seminario\Seminario-Clustering\datasets\davi\Al Emadi (2019)\Multiclass_Drone_Audio\unknown\2-78781-A-470.wav,Multiclass_Drone_Audio\unknown\2-78781-A-470.wav,al_emadi,2-78781-A-470,1.0216875,0.65203483238422,8.978591918945312,-0.0042452825394600395,0.17147143490886804,-0.008565600495785475,-0.22893057018518448,0.22024230211973198,0.18382519555613702,8.690062522888184,-0.0016645561081390368,0.09105827352024046,0.0009555992437526584,-0.11039757058024406,0.11169306784868242,0.13945445058751854,9.82516860961914,-0.00035330819028471505,0.056185289214898175,0.0005425799172371626,-0.07053879797458648,0.0704947978258133,0.02355407246642171,10.659140586853027,7.912853465258553e-05,0.01633977620735052,0.00039752270095050335,-0.01971347965300083,0.019422969408333306,0.001131449005702732,11.580947875976562,3.635663485174128e-07,0.002533415885930275,6.224712706170976e-06,-0.0029181218706071377,0.0029808734543621566
F:\Seminario\Seminario-Clustering\datasets\davi\Al Emadi (2019)\Multiclass_Drone_Audio\unknown\5-250026-A-303.wav,Multiclass_Drone_Audio\unknown\5-250026-A-303.wav,al_emadi,5-250026-A-303,1.0216875,0.8008830489355658,4.240708351135254,-6.882705087444461e-05,0.058153130407126455,-1.2913533282699063e-06,-0.0009555221942719073,0.0011125956429168598,0.17486986012951206,4.58732795715332,-0.00028694681338068426,0.027172031939004408,1.1358933988958597e-06,-0.00020755711157107722,0.0001715489488560709,0.023130228437917132,4.826376914978027,1.830259421216781e-05,0.007000078590752472,-4.122754049262767e-08,-5.0195736548630514e-05,5.7969445333583324e-05,0.0011002038333554369,5.2427473068237305,-1.736372415903518e-07,0.0010803244609423556,0.0,-2.8483441747084724e-05,2.7640183543553575e-05,1.6658663649542675e-05,7.091214656829834,7.84937258067586e-08,9.403907431208075e-05,0.0,-2.1815385480294935e-05,2.1815385480294935e-05
F:\Seminario\Seminario-Clustering\datasets\davi\Al Emadi (2019)\Multiclass_Drone_Audio\unknown\silence258.wav,Multiclass_Drone_Audio\unknown\silence258.wav,al_emadi,silence258,1.1145625,0.0,-0.0,0.0,0.0,0.0,0.0,0.0,0.0,-0.0,0.0,0.0,0.0,0.0,0.0,0.0,-0.0,0.0,0.0,0.0,0.0,0.0,0.0,-0.0,0.0,0.0,0.0,0.0,0.0,0.0,-0.0,0.0,0.0,0.0,0.0,0.0
F:\Seminario\Seminario-Clustering\datasets\davi\Al Emadi (2019)\Multiclass_Drone_Audio\membo_1\Membo_0_007-membo_002_.wav,Multiclass_Drone_Audio\membo_1\Membo_0_007-membo_002_.wav,al_emadi,Membo_0_007-membo_002,1.024,0.7563604256336137,8.995028495788574,0.000604817944407029,0.09938371767474499,-0.001790591049939394,-0.11692908704280854,0.12369007617235184,0.033838854206463105,8.938142776489258,0.0001588315286620484,0.021021046083503643,-0.00013592341565527022,-0.026420255564153193,0.027900493144989016,0.060058535900491004,9.949909210205078,9.688812805371547e-05,0.019831678474142994,-0.00013905037485528737,-0.025908521376550198,0.025562862679362308,0.06403131800489385,10.906600952148438,0.0002745472869314863,0.014489416913774691,4.342582542449236e-05,-0.01796184666454792,0.018885411322116852,0.08571086625453835,11.815446853637695,-1.1056827332527855e-06,0.011860991194937687,3.0786992283537984e-05,-0.01470480691641569,0.014709942974150184
F:\Seminario\Seminario-Clustering\datasets\davi\Al Emadi (2019)\Multiclass_Drone_Audio\membo_1\mixed_membo_61-membo_004_.wav,Multiclass_Drone_Audio\membo_1\mixed_membo_61-membo_004_.wav,al_emadi,mixed_membo_61-membo_004,0.904,0.23264584121500312,8.247444152832031,-0.0006782049526509082,0.09443276838571148,-0.00042967963963747025,-0.1035401940345764,0.11048869192600252,0.07759442516087628,8.042661666870117,-0.003227050809201191,0.05444273667546669,-0.0009208759292960167,-0.062409221753478045,0.051035692170262346,0.22417459198808798,9.479021072387695,0.0008008044265424206,0.06565219085706836,-0.001262592209968716,-0.0793495923280716,0.0834982216358185,0.2971021026431396,10.257787704467773,-0.0011398032519449423,0.053486845653467646,-0.0005904703866690397,-0.06673096120357513,0.061416544020175934,0.16848303899289305,10.17628288269043,-0.0001418385322216342,0.0285010219137168,-4.132406320422888e-05,-0.024519805610179902,0.02460697442293169
F:\Seminario\Seminario-Clustering\datasets\davi\Al Emadi (2019)\Multiclass_Drone_Audio\bebop_1\mixed_2-bebop_004_.wav,Multiclass_Drone_Audio\bebop_1\mixed_2-bebop_004_.wav,al_emadi,mixed_2-bebop_004,0.904,0.1515809827195226,8.512739181518555,0.00036457439278160314,0.07454140621507073,3.896420821547508e-05,-0.08395323529839516,0.08942222595214845,0.2070244196472661,8.510539054870605,-0.00020232357397857172,0.08711441447151604,-0.001338623813353479,-0.1043149322271347,0.11046688929200174,0.3671832099856894,9.096400260925293,-3.14899645358131e-05,0.08217199947454668,-6.494385888800025e-05,-0.08506655395030975,0.08953006491065027,0.1670844438166316,10.737802505493164,-1.788207283746685e-05,0.039233298978280776,5.026906728744507e-05,-0.04983291029930115,0.04942362755537033,0.10712694383089032,11.740839004516602,2.0054730072573442e-05,0.022224450302661722,-0.0003711645258590579,-0.02841296978294849,0.028424296900630006
F:\Seminario\Seminario-Clustering\datasets\davi\Al Emadi (2019)\Multiclass_Drone_Audio\bebop_1\B_S2_D1_119-bebop_000_.wav,Multiclass_Drone_Audio\bebop_1\B_S2_D1_119-bebop_000_.wav,al_emadi,B_S2_D1_119-bebop_000,1.024,0.7814804983074723,8.36632251739502,0.0031511912349265667,0.4369653914721552,0.010561786592006683,-0.4871271014213562,0.4839967668056489,0.014367066492801093,8.90478229522705,0.0006063569382621988,0.05924621105084052,0.0004923867527395487,-0.07532898411154747,0.07443433254957205,0.052729104659261616,9.90415096282959,-0.0009400296607791576,0.0803735531765753,-0.0014193120296113193,-0.10211985781788825,0.10319016426801682,0.08877734703371294,10.90163803100586,0.0009730649703067653,0.07380509698075711,-0.0009151709964498878,-0.09371381998062134,0.09463515132665634,0.06264598350675205,11.946736335754395,-4.028646183122085e-05,0.04386214340254446,-0.0002714558504521847,-0.05622020810842514,0.056196662783622744
F:\Seminario\Seminario-Clustering\datasets\davi\Al Emadi (2019)\Multiclass_Drone_Audio\membo_1\mixed_membo_29-membo_004_.wav,Multiclass_Drone_Audio\membo_1\mixed_membo_29-membo_004_.wav,al_emadi,mixed_membo_29-membo_004,0.904,0.599471694193681,8.750322341918945,0.0004895711294631218,0.25669760582625023,0.004786615259945393,-0.32627505958080294,0.325722873210907,0.22831624585969398,8.56521224975586,-0.009314639475241375,0.15814471120756782,-0.004810443380847573,-0.19504550248384475,0.1821655869483948,0.09673548684526999,9.583700180053711,0.00016249868412778837,0.07303519239703454,0.0007867568056099117,-0.08886172100901603,0.09025188758969308,0.05577793075088936,10.640098571777344,0.00031718473044826316,0.03925199500705407,-0.0006260433583520353,-0.04829174652695656,0.05019155517220497,0.01969864235046567,11.690629005432129,1.7759886011489332e-05,0.016502798529340265,1.9469123799353838e-05,-0.0207992747426033,0.021151240542531015
F:\Seminario\Seminario-Clustering\datasets\davi\Al Emadi (2019)\Multiclass_Drone_Audio\membo_1\mixed_membo_12-membo_004_.wav,Multiclass_Drone_Audio\membo_1\mixed_membo_12-membo_004_.wav,al_emadi,mixed_membo_12-membo_004,0.904,0.8832642066990791,8.749815940856934,-0.005006772061748491,0.3402628346711669,-0.04624479450285435,-0.4239543884992599,0.44668886661529544,0.05009613240824959,8.802962303161621,0.0002827108430210501,0.08104302947345074,4.080883809365332e-05,-0.10181177258491515,0.102305256575346,0.03244947914493331,9.826711654663086,6.100544660482159e-05,0.0461978482767177,0.0001906812540255487,-0.059121180325746536,0.061861279979348184,0.021295520165999,10.726701736450195,0.0002948060218374239,0.026487433031943848,0.00036295619793236256,-0.033554669469594955,0.03387358784675598,0.012894661581738926,11.68835163116455,-2.5839368972257805e-05,0.01458216247779416,0.00015300855739042163,-0.018683388084173202,0.01829882524907589
F:\Seminario\Seminario-Clustering\datasets\davi\Al Emadi (2019)\Multiclass_Drone_Audio\unknown\4-194808-A-294.wav,Multiclass_Drone_Audio\unknown\4-194808-A-294.wav,al_emadi,4-194808-A-294,0.95975,0.0,-0.0,0.0,0.0,0.0,0.0,0.0,0.0,-0.0,0.0,0.0,0.0,0.0,0.0,0.0,-0.0,0.0,0.0,0.0,0.0,0.0,0.0,-0.0,0.0,0.0,0.0,0.0,0.0,0.0,-0.0,0.0,0.0,0.0,0.0,0.0
F:\Seminario\Seminario-Clustering\datasets\davi\Al Emadi (2019)\Multiclass_Drone_Audio\unknown\1-56234-A-93.wav,Multiclass_Drone_Audio\unknown\1-56234-A-93.wav,al_emadi,1-56234-A-93,1.0216875,0.051930980521779184,7.731106758117676,-0.0001860633851913728,0.006487847596405806,0.0,-0.00736188511364162,0.006890649907290937,0.05333270238628382,8.011383056640625,7.411034381670805e-05,0.006577110236387051,0.0,-0.00734312254935503,0.00774533064104617,0.2214069853852534,8.681001663208008,-1.7826236334844027e-05,0.009492626284064859,0.0,-0.009749921597540378,0.009523940086364747,0.12801475168854168,9.752079010009766,-3.4350893003208775e-05,0.0051075759483370006,0.0,-0.0055394608993083235,0.005428095068782569,0.5453145800181419,10.471329689025879,5.521298678419239e-07,0.007457427132571825,0.0,-0.006910158786922693,0.006750586070120335
F:\Seminario\Seminario-Clustering\datasets\davi\Al Emadi (2019)\Multiclass_Drone_Audio\bebop_1\mixed_66-bebop_003_.wav,Multiclass_Drone_Audio\bebop_1\mixed_66-bebop_003_.wav,al_emadi,mixed_66-bebop_003,1.024,0.580313459506228,8.49698543548584,0.0011083602102798888,0.26748344110483635,0.014666655100882053,-0.3106629908084869,0.30079462826251985,0.13301993435551396,9.170106887817383,-0.0016844102477053524,0.1280531024276503,0.005370754282921553,-0.17388725578784942,0.16059536188840867,0.044934060193910344,9.953757286071777,-0.0002648669368395978,0.05270721229391754,0.00119396869558841,-0.06724214255809784,0.06544953882694245,0.07759343973581738,10.96320629119873,-0.0008989706508297594,0.04900975314595241,-0.0009949107188731432,-0.06324830651283264,0.06143493205308914,0.16413910620853028,12.13364028930664,-0.00010656421302379944,0.050433433025994144,5.918845999985933e-05,-0.06681783348321915,0.06546741724014285
F:\Seminario\Seminario-Clustering\datasets\davi\Al Emadi (2019)\Multiclass_Drone_Audio\unknown\1-79711-A-320.wav,Multiclass_Drone_Audio\unknown\1-79711-A-320.wav,al_emadi,1-79711-A-320,1.0216875,0.31215297416204496,8.626380920410156,0.0011724740432023618,0.07539638373605663,-0.000423519843025133,-0.08840889260172843,0.09558494165539745,0.03940743920054496,5.492790222167969,0.0006583962261277375,0.02678411037945416,-3.235591429984197e-05,-0.012114585191011428,0.013013437297195236,0.18732866500835296,4.999760627746582,-0.0002418094212173941,0.04137514831963981,0.00013188537559472024,-0.013385343737900254,0.013870044983923436,0.29338974993053313,5.103417873382568,9.876937608652742e-05,0.03664113484593835,-9.178473919746466e-05,-0.007992315106093884,0.007446377864107491,0.16772117169852396,6.7583112716674805,-1.1021756111456268e-05,0.019598044168272127,1.06271036202088e-05,-0.00577408205717802,0.005790781788527966
F:\Seminario\Seminario-Clustering\datasets\davi\Al Emadi (2019)\Multiclass_Drone_Audio\bebop_1\B_S2_D1_116-bebop_002_.wav,Multiclass_Drone_Audio\bebop_1\B_S2_D1_116-bebop_002_.wav,al_emadi,B_S2_D1_116-bebop_002,1.024,0.7954814965908328,8.584227561950684,0.002041536392598838,0.40131289474252857,-0.0075971707701683044,-0.4602346748113632,0.47348410487175,0.013876603945157441,9.006219863891602,-0.0008306144300714877,0.05299830037536233,0.0001286995247937739,-0.07097922042012214,0.06645095124840737,0.04510198110124424,9.915925025939941,-0.0005018661012370893,0.06766715634571441,0.0012738372315652668,-0.08572965860366821,0.08322833999991416,0.0817007371960137,10.896635055541992,-0.0004016180693580295,0.0644543096252553,-0.0016100422944873571,-0.08182787895202637,0.08140907436609268,0.06383918116675188,11.912997245788574,5.805139790282427e-05,0.0403051936056051,0.00035840971395373344,-0.0510576881468296,0.05070333331823349
F:\Seminario\Seminario-Clustering\datasets\davi\Al Emadi (2019)\Multiclass_Drone_Audio\membo_1\mixed_membo_46-membo_001_.wav,Multiclass_Drone_Audio\membo_1\mixed_membo_46-membo_001_.wav,al_emadi,mixed_membo_46-membo_001,1.024,0.8491849039967456,9.015861511230469,0.009255043758097494,0.6190319610958737,-0.029812168329954147,-0.8102709472179412,0.838270902633667,0.12649771195896098,8.839277267456055,-0.0006307950293084661,0.23894629045666474,-0.006004212656989694,-0.2940678894519806,0.2979784041643143,0.0190641838928416,9.671985626220703,0.0002461612725210083,0.06568783259276487,0.00019530783174559474,-0.07885794267058373,0.07991547286510467,0.002504668128272882,10.878328323364258,-5.4830066663127575e-05,0.01685027485833207,-0.00016501778736710548,-0.021151550114154816,0.021291790530085564,0.0027485320231789324,11.875553131103516,2.5213182901127163e-06,0.012486910276202204,0.0002910991897806525,-0.015988531336188317,0.01541570406407118
F:\Seminario\Seminario-Clustering\datasets\davi\Al Emadi (2019)\Multiclass_Drone_Audio\unknown\5-205589-A-173.wav,Multiclass_Drone_Audio\unknown\5-205589-A-173.wav,al_emadi,5-205589-A-173,1.0216875,0.04605344303293041,8.324163436889648,-0.00012983554658359497,0.015886478552792023,-7.200136315077543e-05,-0.01666345037519932,0.018060173094272616,0.4273390213018967,7.825359344482422,-0.0018812836264603386,0.04835807231271922,-0.0022222426487132907,-0.045198891311883926,0.045572549104690566,0.3202453646525224,8.54195785522461,5.965816813977054e-05,0.029674077120481382,-8.812982559902593e-05,-0.027677861601114274,0.026753044500947,0.08131826942767494,9.238594055175781,5.8113623758341945e-05,0.010581015063257357,-8.86914313014131e-05,-0.00860778260976076,0.008567504771053792,0.12504390158497555,8.852327346801758,-9.19723535803755e-05,0.009281551380656821,-1.7197817214764655e-05,-0.005318763107061386,0.005163451377302414
F:\Seminario\Seminario-Clustering\datasets\davi\Al Emadi (2019)\Multiclass_Drone_Audio\bebop_1\B_S2_D1_093-bebop_003_.wav,Multiclass_Drone_Audio\bebop_1\B_S2_D1_093-bebop_003_.wav,al_emadi,B_S2_D1_093-bebop_003,1.024,0.6936304507313424,8.351031303405762,-0.002608764583914025,0.2843614207453618,-0.011832425370812416,-0.3190451115369797,0.32951803505420696,0.023715759730076762,8.883634567260742,8.305018424119764e-05,0.05258269401893758,-0.001130169432144612,-0.0670619636774063,0.06912171393632889,0.062251633208317704,9.857402801513672,-0.0009475711454193451,0.06032051595122954,-0.0005040989490225911,-0.0748358815908432,0.07631883025169374,0.11614609506384464,10.939126968383789,-0.00042724067725818466,0.058316201811149666,-0.0010253125801682472,-0.07364973425865173,0.07427940517663956,0.10425606126641845,11.954050064086914,0.00014047705024793913,0.03908560436314007,-4.6127475798130035e-05,-0.049705059826374055,0.050339866429567344
F:\Seminario\Seminario-Clustering\datasets\davi\Al Emadi (2019)\Multiclass_Drone_Audio\membo_1\Membo_2_020-membo_002_.wav,Multiclass_Drone_Audio\membo_1\Membo_2_020-membo_002_.wav,al_emadi,Membo_2_020-membo_002,1.024,0.9665027570001492,8.569276809692383,-0.002313462795703265,0.2736884305651284,0.002315879799425602,-0.3370288908481598,0.3225060343742371,0.008873157187705106,9.023950576782227,-9.19200317228882e-05,0.026224476249576953,-0.0007310685468837619,-0.03375955335795879,0.03446453660726547,0.005309629832591962,9.94033432006836,4.1310657128342994e-05,0.014365445962123911,9.417603723704815e-05,-0.018562547862529755,0.018437003530561928,0.007963029709303172,10.947755813598633,0.00022108663240563616,0.012448436536090025,0.0005020154640078545,-0.015874728560447693,0.015978939831256866,0.011351426270250545,11.919402122497559,-8.809924150628942e-06,0.010515734169135206,-3.0161812901496887e-05,-0.013323459401726722,0.013298307918012143
F:\Seminario\Seminario-Clustering\datasets\davi\Al Emadi (2019)\Multiclass_Drone_Audio\bebop_1\mixed_32-bebop_004_.wav,Multiclass_Drone_Audio\bebop_1\mixed_32-bebop_004_.wav,al_emadi,mixed_32-bebop_004,1.024,0.5800848914365344,8.566901206970215,-0.0031334113517269783,0.21218651087489548,0.0035256422124803066,-0.2631098061800003,0.22969230562448506,0.19440074561628706,8.377328872680664,0.0033169373375130816,0.12280327004994471,0.003048932063393295,-0.13632301092147828,0.1440057456493378,0.09039194888027256,9.413366317749023,0.0012169048260991936,0.059307715074010434,0.00010509532876312733,-0.0658370941877365,0.06938502341508868,0.08014895628210883,10.900934219360352,-0.0005091103372482914,0.039528103009653474,-0.0013644874561578035,-0.0505911186337471,0.04926644638180733,0.0549734577847971,11.93903923034668,-2.736565856771391e-05,0.023160060344728655,-0.00011008232831954956,-0.029672998189926147,0.029808110371232033
F:\Seminario\Seminario-Clustering\datasets\davi\Al Emadi (2019)\Multiclass_Drone_Audio\membo_1\mixed_membo_59-membo_004_.wav,Multiclass_Drone_Audio\membo_1\mixed_membo_59-membo_004_.wav,al_emadi,mixed_membo_59-membo_004,0.904,0.838546898460953,8.750465393066406,0.0003172757008092498,0.08644011420898677,0.0040094435680657625,-0.11388557776808739,0.11130712404847146,0.0561049806072722,8.826878547668457,3.023447436414874e-05,0.02235912997230697,-0.0005427635041996837,-0.028698627837002277,0.028214845992624762,0.02187203182753413,9.76272201538086,-9.014088131154681e-05,0.009887424307057215,3.1098927138373256e-05,-0.013081301935017109,0.012549326103180648,0.0358774726203904,10.66455364227295,-0.00019344573410162502,0.008961295139669357,-1.3977027265354991e-05,-0.011325589381158352,0.010869891382753849,0.04759861648385024,11.63692855834961,1.3191299893247948e-05,0.00730386022357337,-6.438801938202232e-05,-0.009069395065307618,0.009191949851810937
F:\Seminario\Seminario-Clustering\datasets\davi\Al Emadi (2019)\Multiclass_Drone_Audio\membo_1\mixed_membo_42-membo_001_.wav,Multiclass_Drone_Audio\membo_1\mixed_membo_42-membo_001_.wav,al_emadi,mixed_membo_42-membo_001,1.024,0.9410471478198316,8.642313003540039,-0.0002446201360938184,0.16609710550364942,0.0013043099315837026,-0.20140900313854218,0.17959728091955188,0.007225857666006267,8.67933464050293,0.00010458517400604375,0.014554267096483935,0.00024219258921220899,-0.01781687084585428,0.017323311977088453,0.012490885074370467,9.902233123779297,-0.00012667778529818039,0.013550423232209967,-1.794793934095651e-05,-0.01743578240275383,0.01660317983478308,0.018878558789805048,10.805414199829102,-1.4934774059076437e-05,0.01179002347861182,9.569770190864801e-05,-0.014796407893300056,0.014652937650680542,0.020357550649986678,11.76927375793457,-6.064486057465456e-06,0.008660912067145974,2.4915789254009724e-07,-0.010583626106381416,0.010846826620399952
F:\Seminario\Seminario-Clustering\datasets\davi\Al Emadi (2019)\Multiclass_Drone_Audio\membo_1\mixed_membo_49-membo_000_.wav,Multiclass_Drone_Audio\membo_1\mixed_membo_49-membo_000_.wav,al_emadi,mixed_membo_49-membo_000,1.024,0.06844802768305001,6.19425630569458,-0.00042118307376335246,0.03858939667894842,-9.95675909507554e-05,-0.015065783262252807,0.01548760635778309,0.4036321443849268,5.843808174133301,-2.602568060468099e-05,0.09371438232652549,-9.642390068620443e-07,-0.008542791102081537,0.008526136353611945,0.4654597713435357,7.141931533813477,-0.00038353586341877653,0.07126340496655875,-8.467960469715763e-06,-0.0075742436107248045,0.0066537274979055,0.05955140941820606,7.850475311279297,-5.821003398729816e-05,0.018039765435006398,-2.9717793950112537e-06,-0.0022874767892062664,0.0019778739660978317,0.0029086471702814243,9.034560203552246,3.2516438067578813e-06,0.0028203482570865654,7.77592504164204e-07,-0.00032641345169395205,0.0003217608958948406
F:\Seminario\Seminario-Clustering\datasets\davi\Al Emadi (2019)\Multiclass_Drone_Audio\bebop_1\mixed_29-bebop_004_.wav,Multiclass_Drone_Audio\bebop_1\mixed_29-bebop_004_.wav,al_emadi,mixed_29-bebop_004,0.904,0.4496361749166075,8.61191177368164,-0.00045755674990896996,0.20927985162797433,-0.005736468825489283,-0.24931826293468473,0.25911150276660927,0.2596231704029282,8.5770263671875,-0.008810980724820682,0.15878224515450645,-0.010698804166167974,-0.1965532153844833,0.18858561366796495,0.1350173068690231,9.661014556884766,0.0002520947138326553,0.08122552393808698,0.00014655746053904295,-0.10165871828794479,0.10456983670592308,0.10603948029993994,10.72108268737793,0.000214505437969556,0.05094883019085027,0.0006451192311942577,-0.06388451904058456,0.06449093669652939,0.049683867511501285,11.71868896484375,-1.2123072169425542e-05,0.02467214538859447,-0.00012068520300090313,-0.03153280317783356,0.031301100552082066
F:\Seminario\Seminario-Clustering\datasets\davi\Al Emadi (2019)\Multiclass_Drone_Audio\membo_1\mixed_membo_1-membo_004_.wav,Multiclass_Drone_Audio\membo_1\mixed_membo_1-membo_004_.wav,al_emadi,mixed_membo_1-membo_004,0.904,0.2007909679281534,8.728694915771484,0.006586555282938407,0.2110965660081354,0.022353973239660263,-0.25754373669624325,0.25472328662872323,0.5309343492912805,7.713898181915283,0.0006087309249118994,0.3434314584220952,0.004317005397751927,-0.3278533071279526,0.32948999106884,0.2156694728234155,8.567578315734863,-0.0004109669509445201,0.15502981749804137,-0.0021526183700188994,-0.14451113790273665,0.13804441541433343,0.04809974132267772,9.522581100463867,-4.224837538263151e-05,0.05182007205889138,0.0009456928819417953,-0.04514225944876671,0.04690989479422569,0.004505468634472844,11.007923126220703,6.59047165104692e-06,0.011219970497599166,0.0001013583387248218,-0.011933784559369087,0.011989923566579823
F:\Seminario\Seminario-Clustering\datasets\davi\Al Emadi (2019)\Multiclass_Drone_Audio\unknown\2-91912-B-331.wav,Multiclass_Drone_Audio\unknown\2-91912-B-331.wav,al_emadi,2-91912-B-331,1.0216875,0.7529368261189181,9.03862190246582,-0.0003567152124549763,0.019308646796711494,-0.0013909914996474981,-0.02476884163916111,0.024274926446378232,0.06854742072105564,7.518250942230225,-4.714327103211529e-05,0.005826771684392855,6.711668538628146e-05,-0.0051468936260789635,0.005386945977807048,0.07804628069990575,7.8752899169921875,-3.0082047564457233e-05,0.004403907746616239,4.989837179891765e-06,-0.0033312132582068443,0.0030080110765993598,0.06969410857573555,6.9956865310668945,-1.9379520831192765e-05,0.002944855829682452,-1.4277684385888278e-05,-0.0013852264499291777,0.001347370562143624,0.030775363884385006,6.956302642822266,8.61102302675826e-07,0.001384355788380747,2.0984170987503603e-06,-0.0005047456594184041,0.0005144923808984474
F:\Seminario\Seminario-Clustering\datasets\davi\Al Emadi (2019)\Multiclass_Drone_Audio\bebop_1\mixed_20-bebop_002_.wav,Multiclass_Drone_Audio\bebop_1\mixed_20-bebop_002_.wav,al_emadi,mixed_20-bebop_002,1.024,0.6716358893395312,8.580820083618164,0.0006993694827683921,0.16876668336413647,0.004000021144747734,-0.2017807587981224,0.1952927500009537,0.025471444967402956,9.00162410736084,-0.000597053762125213,0.03286083591296476,-0.0003194937598891556,-0.0434772253036499,0.04263473153114319,0.0788212894552457,9.891084671020508,-0.0001267941199255991,0.040941294258848904,-0.0016424557543359697,-0.05041551440954208,0.0517679050564766,0.1319664429468292,10.970528602600098,-0.001109196654913749,0.03747475621450233,-0.00107032828964293,-0.04891924187541008,0.04732745513319969,0.0921049332909909,11.934846878051758,7.062238350590966e-05,0.02215679175523916,2.2118896595202386e-05,-0.028122061118483543,0.028717564418911937
F:\Seminario\Seminario-Clustering\datasets\davi\Al Emadi (2019)\Multiclass_Drone_Audio\membo_1\extra_membo_D2_2023.wav,Multiclass_Drone_Audio\membo_1\extra_membo_D2_2023.wav,al_emadi,extra_membo_D2,1.002625,0.9323539405979416,8.900976181030273,-0.0001915139122641109,0.030473022586406107,0.0010018444154411554,-0.03915012404322624,0.03700454011559487,0.015169536996251459,8.963523864746094,6.093139722208355e-06,0.003887042853473393,3.478045982774347e-05,-0.0050772326067090034,0.004915693402290346,0.017866133005370172,9.929325103759766,1.2484751313138277e-05,0.002988028649394197,-5.2180708735249937e-05,-0.003703316440805793,0.003778948914259672,0.017506649268964555,10.887084007263184,3.1240669820158105e-05,0.0020930984936755985,2.6434459869051352e-05,-0.0026115301065146924,0.002644435036927461,0.01710374013147219,11.855036735534668,-5.513532711933582e-06,0.001463613086987931,9.666797268437222e-06,-0.0018549402127973735,0.0018233976210467516
F:\Seminario\Seminario-Clustering\datasets\davi\Al Emadi (2019)\Multiclass_Drone_Audio\bebop_1\mixed_58-bebop_004_.wav,Multiclass_Drone_Audio\bebop_1\mixed_58-bebop_004_.wav,al_emadi,mixed_58-bebop_004,0.904,0.21787290781807422,8.781982421875,-0.0019887424708640838,0.054329393119559186,-0.0018381543923169374,-0.07186474576592446,0.06777404323220254,0.05690746425928301,8.654136657714844,0.00016069620946687033,0.027784421407477812,-0.00026585086015984416,-0.03291521109640598,0.03484302908182144,0.1566564912681871,9.76004695892334,0.001605778816751723,0.032611774139865914,0.0021183660719543695,-0.04037481881678104,0.043735969066619876,0.30693683939737126,10.764968872070312,-2.670403326526734e-05,0.03234854832662013,0.00021585715876426548,-0.04058656468987465,0.04113675653934479,0.2616262972570844,11.755090713500977,-8.171238135771513e-05,0.02112821879053506,-0.00019238103413954377,-0.02704961709678173,0.026946911588311213
F:\Seminario\Seminario-Clustering\datasets\davi\Al Emadi (2019)\Multiclass_Drone_Audio\bebop_1\B_S2_D1_127-bebop_002_.wav,Multiclass_Drone_Audio\bebop_1\B_S2_D1_127-bebop_002_.wav,al_emadi,B_S2_D1_127-bebop_002,1.024,0.7278033507190863,8.453540802001953,-0.0008402113134755744,0.3627226877343708,-0.009043445810675621,-0.38204529881477356,0.42359150648117067,0.029125647157620616,8.859702110290527,-0.0012103952730223718,0.07255146835312883,-0.0032099869567900896,-0.09336650148034095,0.08766184002161027,0.055667479633395286,9.878103256225586,0.0005217612585751226,0.07103564378472137,0.0005312142020557076,-0.08795569464564323,0.0899071864783764,0.10706166287610702,10.921319007873535,0.00019012229156004678,0.06972009352120241,0.0008530799532309175,-0.08804205805063248,0.08786741644144058,0.08034185961379071,11.93232536315918,7.645857890174611e-05,0.04272511584124634,0.00010778446448966861,-0.054517677426338194,0.05479651764035225
F:\Seminario\Seminario-Clustering\datasets\davi\Al Emadi (2019)\Multiclass_Drone_Audio\unknown\4-189332-A-370.wav,Multiclass_Drone_Audio\unknown\4-189332-A-370.wav,al_emadi,4-189332-A-370,1.0216875,0.011073620283697759,2.647062301635742,-0.008562531463442536,0.05280004051797408,-0.0045500516425818205,-0.0071480465587228535,-0.0021797050721943374,0.005447505565284559,1.28271484375,-0.00018407578108821653,0.03751629746354959,-4.605455615092069e-06,-0.0010290765203535557,0.0008876980748027572,0.44170097785181156,8.658397674560547,0.0023336461520991458,0.23927396904917592,3.064221527893096e-05,-0.2461810618638992,0.2512436091899872,0.5083364210988348,9.694324493408203,0.00016615463181010286,0.1816479613076096,-7.030109259176243e-07,-0.19956261962652197,0.19626619666814826,0.03344147520037132,10.372588157653809,-3.2442074836970414e-05,0.03295857243570827,-7.270627975231037e-07,-0.02099032998085022,0.02155922390520574
F:\Seminario\Seminario-Clustering\datasets\davi\Al Emadi (2019)\Multiclass_Drone_Audio\bebop_1\mixed_24-bebop_004_.wav,Multiclass_Drone_Audio\bebop_1\mixed_24-bebop_004_.wav,al_emadi,mixed_24-bebop_004,0.904,0.6830123600798773,8.234208106994629,0.0014487529838723796,0.1665577567362885,-0.0026112960185855627,-0.18370496183633805,0.1929780766367913,0.02824700533469809,8.736526489257812,-0.0016320806623028416,0.033833623613770694,-0.0032127941958606243,-0.04442108012735844,0.04163581281900407,0.071613770787794,9.775118827819824,-0.00016591709781393958,0.03819998962465184,-3.100968024227768e-05,-0.04984804168343544,0.047597385570406915,0.12313513568844688,10.746790885925293,0.0007792078663071746,0.035445371658612626,0.0015429912600666285,-0.04444783926010132,0.04574195668101311,0.0939917281091837,11.750137329101562,-3.697189088377335e-05,0.021913544976210304,-0.00017642488819546998,-0.0276922270655632,0.028354305401444447
F:\Seminario\Seminario-Clustering\datasets\davi\Al Emadi (2019)\Multiclass_Drone_Audio\membo_1\Membo_0_017-membo_004_.wav,Multiclass_Drone_Audio\membo_1\Membo_0_017-membo_004_.wav,al_emadi,Membo_0_017-membo_004,0.896,0.5906403173756084,9.183526992797852,0.00013739378795548117,0.0784102099062802,-0.0009471275843679905,-0.10339635536074637,0.10527117922902107,0.15815999005974596,8.934128761291504,-7.083754272286898e-06,0.04057514145040648,-8.637996506877244e-05,-0.05412929579615593,0.05285866782069206,0.06775350518792399,9.771638870239258,-0.00042223660435022664,0.018805140712409785,-0.00026864079700317234,-0.024638077802956102,0.02374256607145071,0.07737536563129993,10.60043716430664,-1.3584120309579907e-06,0.014227533454596,9.779672836884856e-05,-0.017484477162361144,0.01745679415762425,0.10607082174542175,11.626750946044922,-1.2312802652879176e-05,0.011784817535870169,-5.197126301936805e-05,-0.014568189159035683,0.014507321640849113
F:\Seminario\Seminario-Clustering\datasets\davi\Al Emadi (2019)\Multiclass_Drone_Audio\unknown\5-200461-A-111.wav,Multiclass_Drone_Audio\unknown\5-200461-A-111.wav,al_emadi,5-200461-A-111,1.0216875,0.14455122940001874,8.883828163146973,0.0007644272986926312,0.11119879570464057,-0.0030466653406620026,-0.13611862510442735,0.13936965614557273,0.29727484691195427,8.863483428955078,-0.0038297467467335237,0.15942382977419797,-0.004831101279705763,-0.20251242071390152,0.19370408207178116,0.3735023415583677,9.741694450378418,0.002017331321320595,0.12659499509680613,-0.00013203901471570134,-0.14869170486927033,0.1561860978603363,0.13805377960587487,10.804161071777344,0.0008924084269780754,0.054462056616569714,0.0004097569908481091,-0.0666887030005455,0.0679044581949711,0.046617802523784405,11.818193435668945,-3.789188930640307e-05,0.022391039338845575,0.000284805049886927,-0.028321044519543648,0.027666934579610846
F:\Seminario\Seminario-Clustering\datasets\davi\Al Emadi (2019)\Multiclass_Drone_Audio\bebop_1\mixed_4-bebop_000_.wav,Multiclass_Drone_Audio\bebop_1\mixed_4-bebop_000_.wav,al_emadi,mixed_4-bebop_000,1.024,0.17384422002769376,8.65681266784668,-0.00035519990544467805,0.08982773339945774,0.0007645119912922382,-0.11280707269906998,0.1104493834078312,0.053257320034826104,8.95964241027832,0.0005966120757681354,0.049715531662159876,0.0002658100565895438,-0.06489787027239799,0.06338261067867279,0.2109168458238624,9.913660049438477,0.0010644431710929588,0.07005797618304403,0.0018321661045774817,-0.08947499617934226,0.08970032185316087,0.3638344454958165,10.875875473022461,-6.079457479358647e-05,0.06512671060661607,-0.0011586815817281604,-0.08051621913909912,0.08380887657403946,0.19814716861780124,11.899419784545898,-7.781721145788488e-05,0.03399935183129527,0.00010341266170144081,-0.043309785425662994,0.04250790774822237
F:\Seminario\Seminario-Clustering\datasets\davi\Al Emadi (2019)\Multiclass_Drone_Audio\unknown\5-179294-A-463.wav,Multiclass_Drone_Audio\unknown\5-179294-A-463.wav,al_emadi,5-179294-A-463,1.0216875,0.2875848767296259,8.976900100708008,-0.00020445554933043247,0.09122606834621803,-0.002557543572038412,-0.11777347549796104,0.11942371726036073,0.47680707900347274,8.99792194366455,-0.00030769635803733886,0.11746456642498145,-0.0011878395453095436,-0.15523166060447693,0.14734166711568839,0.17186723056823058,9.794313430786133,0.0005552688423741205,0.049949635477382674,-0.00020282261539250612,-0.061188478767871854,0.06177749037742615,0.05805584996473308,10.637413024902344,-1.5058502739736957e-05,0.020544171745907627,-7.738047133898363e-05,-0.02447997648268938,0.02432433944195509,0.005684963733937714,11.72748851776123,-1.88439231437901e-05,0.004547751309907278,2.4877081159502268e-05,-0.005537269450724125,0.005498376954346898
F:\Seminario\Seminario-Clustering\datasets\davi\Al Emadi (2019)\Multiclass_Drone_Audio\bebop_1\B_S2_D1_072-bebop_004_.wav,Multiclass_Drone_Audio\bebop_1\B_S2_D1_072-bebop_004_.wav,al_emadi,B_S2_D1_072-bebop_004,0.896,0.5700397340318356,8.167716026306152,0.0010106270503512937,0.2455402372848923,0.0028398986905813217,-0.28131509125232695,0.26081254482269284,0.03944571659739436,8.66645622253418,-0.0022034177317479193,0.06455365770180439,-0.005149987060576677,-0.07659084796905517,0.08229609131813044,0.09016053118659476,9.737947463989258,-0.0005824323886834775,0.06916319231269434,-0.003290977911092341,-0.08756046742200851,0.08687162324786184,0.17832862906437874,10.730705261230469,0.003090423544381287,0.06878011375965362,0.0033528865315020084,-0.08346978724002838,0.09112308174371721,0.12202538911979657,11.731180191040039,-6.951044606863871e-05,0.040291334561509,0.0005211798707023263,-0.051764242351055145,0.05048855021595955
F:\Seminario\Seminario-Clustering\datasets\davi\Al Emadi (2019)\Multiclass_Drone_Audio\bebop_1\mixed_1-bebop_004_.wav,Multiclass_Drone_Audio\bebop_1\mixed_1-bebop_004_.wav,al_emadi,mixed_1-bebop_004,0.904,0.19387424169391654,8.735269546508789,0.005756302192745792,0.21195798768518392,0.018580062314867973,-0.25833036601543424,0.2707108080387116,0.5093941242966245,7.7392754554748535,0.0008776776888535696,0.34369669486916204,-0.0010404346394352615,-0.33849211931228634,0.31424261629581457,0.21465454214486682,8.687259674072266,-0.00011286414200944473,0.15802354744314728,-0.0025881376350298524,-0.15127480924129486,0.14548906087875368,0.06433644201280753,10.162042617797852,-0.00020601526186150775,0.06123254661187575,0.001056011999025941,-0.06925485283136368,0.06410860270261765,0.017740649851784654,11.654836654663086,2.2710495166094045e-05,0.022747610827601718,-8.704548235982656e-05,-0.028311068564653395,0.02832084707915784
F:\Seminario\Seminario-Clustering\datasets\davi\Al Emadi (2019)\Multiclass_Drone_Audio\bebop_1\mixed_19-bebop_004_.wav,Multiclass_Drone_Audio\bebop_1\mixed_19-bebop_004_.wav,al_emadi,mixed_19-bebop_004,0.904,0.7816319364373969,8.419551849365234,0.001385995430128927,0.2173169447415957,0.00027235817105975,-0.2595253050327301,0.2607703596353531,0.017330292751948053,8.7528076171875,0.00017123370606256415,0.03235922778326706,0.00038003901136107743,-0.04008573479950428,0.04090256541967392,0.05375230856357397,9.717260360717773,0.0012241289612738243,0.040346150242435784,0.000672664464218542,-0.049698610231280325,0.05294687524437905,0.08780065418917397,10.728793144226074,8.253516952513053e-05,0.036513667951419,2.5562203518347815e-05,-0.04640614613890648,0.04720565304160118,0.05948480805790707,11.71867561340332,0.00016210211309490517,0.02126146142626038,4.551158053800464e-05,-0.027387384697794913,0.02717349417507649
F:\Seminario\Seminario-Clustering\datasets\davi\Al Emadi (2019)\Multiclass_Drone_Audio\unknown\1-59102-A-130.wav,Multiclass_Drone_Audio\unknown\1-59102-A-130.wav,al_emadi,1-59102-A-130,1.0216875,0.0038524940014993854,7.964572906494141,0.003315652559725693,0.004322443814625168,0.002016469952650368,7.836700533516706e-05,0.0083312712609768,0.0008190712461545452,7.519323825836182,-8.269973447766368e-05,0.002510526886030969,-7.382655894616619e-05,-0.002436675480566919,0.002105059335008264,0.0013222088575174091,8.659112930297852,-2.0874689976533116e-05,0.002260458932543809,-6.177541945362464e-05,-0.0020611938554793595,0.002063418179750443,0.0014614228181156431,9.76319694519043,-4.0740665326874573e-05,0.0016812362760491833,-3.60881876986241e-05,-0.001892515900544822,0.0018631082260981205,0.992544803076713,11.758298873901367,-0.00011916463688767704,0.03100351555475976,-0.00038742140168324113,-0.037540196627378467,0.03829736635088921
F:\Seminario\Seminario-Clustering\datasets\davi\Al Emadi (2019)\Multiclass_Drone_Audio\membo_1\mixed_membo_14-membo_002_.wav,Multiclass_Drone_Audio\membo_1\mixed_membo_14-membo_002_.wav,al_emadi,mixed_membo_14-membo_002,1.024,0.8880728481716139,8.988525390625,0.00047941040716730784,0.11518456153033511,-0.0022818315774202347,-0.15140025466680526,0.15290143191814423,0.07321355199553839,8.62862777709961,-0.0003122731416827538,0.03307121170062385,-7.360622112173587e-05,-0.03957279622554779,0.03955996520817281,0.018205097848632817,9.758746147155762,-7.782658839988749e-05,0.011678283150719013,-1.4037737855687737e-05,-0.014857020042836665,0.013933795876801014,0.009285873388808886,10.984931945800781,2.1857232724263505e-06,0.00590280997306783,9.804966975934803e-05,-0.007545880973339081,0.007624010555446148,0.011222628595405971,11.92017936706543,7.208478958043014e-06,0.004590548983972765,0.00013070210115984082,-0.0058966087177395815,0.005757513921707869
F:\Seminario\Seminario-Clustering\datasets\davi\Al Emadi (2019)\Multiclass_Drone_Audio\bebop_1\mixed_35-bebop_001_.wav,Multiclass_Drone_Audio\bebop_1\mixed_35-bebop_001_.wav,al_emadi,mixed_35-bebop_001,1.024,0.4368928613472312,8.818424224853516,-0.00174434983885838,0.3450351606338892,-0.004712387453764677,-0.4230133891105652,0.43050633966922774,0.2863984260196118,9.00804615020752,-0.003000427680361329,0.2793455058622765,0.0001986520946957171,-0.36111787557601926,0.35282351672649387,0.18539618869118119,9.959835052490234,-0.0003921003991143076,0.15916548824661797,0.0004061183426529169,-0.2064405009150505,0.2048081129789353,0.07230349832177305,10.953828811645508,0.0005652070351817217,0.07034298294469285,-0.00017946725711226463,-0.08941342681646347,0.09117383509874344,0.01900902562020277,11.939397811889648,0.00016889308431997847,0.02551502255009848,3.6366796848597005e-05,-0.03221077993512153,0.03287664279341698
F:\Seminario\Seminario-Clustering\datasets\davi\Al Emadi (2019)\Multiclass_Drone_Audio\unknown\2-104105-A-193.wav,Multiclass_Drone_Audio\unknown\2-104105-A-193.wav,al_emadi,2-104105-A-193,1.0216875,0.9810005607814402,7.551492691040039,-0.0007653021269952624,0.6193455244603867,0.0066834676545113325,-0.5695857346057892,0.5571683168411257,0.016811694484975853,8.470258712768555,0.000604794450188717,0.08107600292103956,0.00031987257534638047,-0.09184417277574539,0.09027850404381756,0.0021059030169514334,8.747467041015625,9.116677288340997e-06,0.02032560110051712,0.00021463475422933698,-0.02055958807468414,0.020697448775172232,6.913619895033889e-05,9.478630065917969,-9.087482199939637e-06,0.002606018692077135,1.0670395568013191e-05,-0.002648772485554218,0.0025520716793835173,1.2705517682180326e-05,11.620499610900879,-2.4418577910266957e-06,0.0007903006616921773,6.5393251134082675e-06,-0.0009523952845484019,0.000939409201964736
F:\Seminario\Seminario-Clustering\datasets\davi\Al Emadi (2019)\Multiclass_Drone_Audio\unknown\3-167096-A-310.wav,Multiclass_Drone_Audio\unknown\3-167096-A-310.wav,al_emadi,3-167096-A-310,1.0216875,0.6329704974959103,8.843616485595703,-7.00609998885997e-05,0.01428859901956341,-6.644811946898699e-05,-0.01746190246194601,0.018167641945183277,0.06182457059347829,8.427669525146484,-0.00011470049211654834,0.004464166308624605,2.6518100639805198e-05,-0.005607312638312578,0.005254749674350024,0.06942440013414884,6.7964067459106445,0.0001967539006204422,0.0033460717865585452,0.00010774964903248474,-0.0024105287622660397,0.002650347771123052,0.10056473542322115,5.265765190124512,1.688036797558716e-05,0.002854612325615213,1.5825356967980042e-05,-0.0009553494630381465,0.0009621232689823956,0.13521579635324146,5.074921607971191,1.2540954673017738e-05,0.0023415861993339756,7.961894880281761e-06,-0.0004350509203504771,0.0004420000070240349
F:\Seminario\Seminario-Clustering\datasets\davi\Al Emadi (2019)\Multiclass_Drone_Audio\bebop_1\B_S2_D1_097-bebop_003_.wav,Multiclass_Drone_Audio\bebop_1\B_S2_D1_097-bebop_003_.wav,al_emadi,B_S2_D1_097-bebop_003,1.024,0.898695645785752,8.55809211730957,0.0016683574123941,0.5877827696967362,-0.0021444886224344373,-0.6780971765518189,0.6642970621585849,0.00793505578242565,8.846146583557129,-0.0007367578001118726,0.05522664400642226,-0.0009264958498533815,-0.0647468090057373,0.06782856211066246,0.021800465812482874,9.916015625,0.0010921297704193042,0.064818944141758,0.002483589225448668,-0.08252634704113007,0.08140858784317974,0.040528058095770494,10.88671875,-0.0009775193879725782,0.06254763284316779,0.00037611881271004677,-0.0815122053027153,0.07598024606704712,0.031040774523568977,11.909703254699707,-4.7388557471673595e-05,0.03872775885385199,-0.0002751349238678813,-0.04867354780435562,0.049293707311153415
F:\Seminario\Seminario-Clustering\datasets\davi\Al Emadi (2019)\Multiclass_Drone_Audio\bebop_1\mixed_53-bebop_003_.wav,Multiclass_Drone_Audio\bebop_1\mixed_53-bebop_003_.wav,al_emadi,mixed_53-bebop_003,1.024,0.7286145484886556,8.905044555664062,-0.0039008689983815715,0.24326059786086773,-0.005945498123764992,-0.30369270145893096,0.30763465762138376,0.06379612855200872,8.832770347595215,4.651785968888768e-05,0.07199059335323964,0.0017132482025772333,-0.09253820478916168,0.0925058871507645,0.05365026107778666,9.974146842956543,0.00012326389381413992,0.04674998765224994,-0.0014291080296970904,-0.059229493141174316,0.06214959919452668,0.08324869059918462,10.987725257873535,-0.0007981414207557041,0.04120592407267829,-0.00043688988080248237,-0.052651405334472656,0.05247575044631958,0.07069037128236438,11.914962768554688,-1.8409523034233616e-05,0.026865989677762568,-0.00022247903689276427,-0.03421866297721863,0.03429123982787133
F:\Seminario\Seminario-Clustering\datasets\davi\Al Emadi (2019)\Multiclass_Drone_Audio\unknown\1-49409-A-80.wav,Multiclass_Drone_Audio\unknown\1-49409-A-80.wav,al_emadi,1-49409-A-80,1.0216875,0.0568739716550587,8.87504768371582,5.927346175688714e-05,0.04971071204481846,0.0006668514688499272,-0.06426998898386956,0.062023262307047855,0.0865572416133035,9.082898139953613,0.0003279743908197508,0.06132520402623308,0.002792040351778269,-0.08074539005756379,0.0794443927705288,0.21298285016337076,9.825298309326172,-0.0010897813140810775,0.06812960192293074,-0.000119433956569992,-0.08735818117856979,0.08527372181415559,0.5587204214157416,9.699816703796387,-0.00017093482928122103,0.07809415182558416,-0.0006268167053349316,-0.0712535835802555,0.0760924063622952,0.08486551515252544,10.226613998413086,-2.0187787348906236e-06,0.021530727058599937,-9.416714601684362e-05,-0.017421482503414153,0.017883940041065218
F:\Seminario\Seminario-Clustering\datasets\davi\Al Emadi (2019)\Multiclass_Drone_Audio\bebop_1\mixed_46-bebop_000_.wav,Multiclass_Drone_Audio\bebop_1\mixed_46-bebop_000_.wav,al_emadi,mixed_46-bebop_000,1.024,0.8828730292312248,8.999610900878906,0.009485843491930407,0.48650698154570515,0.012528870720416307,-0.6025648295879364,0.6355997323989868,0.07333655019241588,8.89150619506836,0.0012296365220235317,0.14023810080359259,0.004968621302396059,-0.17947949916124342,0.17474689036607743,0.01610298369023894,9.966299057006836,-0.0003637828515917258,0.04653511631398524,-0.0009633137960918248,-0.06091040186583995,0.058342987298965455,0.015338136056087914,10.901559829711914,-0.0003723466975206336,0.032140555683450166,-0.0007241595885716379,-0.04079141840338707,0.04007479175925255,0.012349300830032517,11.921514511108398,-6.02058989292109e-05,0.02040261923296648,-0.00015036393597256392,-0.026188911870121952,0.02581611014902592
F:\Seminario\Seminario-Clustering\datasets\davi\Al Emadi (2019)\Multiclass_Drone_Audio\bebop_1\mixed_64-bebop_004_.wav,Multiclass_Drone_Audio\bebop_1\mixed_64-bebop_004_.wav,al_emadi,mixed_64-bebop_004,1.024,0.2457740121450298,8.947895050048828,8.973523915645856e-06,0.05604119055940679,-0.0032413022127002478,-0.06936190873384475,0.07193306311964989,0.04076705451496471,8.973026275634766,-0.00035102442496069664,0.022821421028645247,-0.0005899160169064999,-0.029927723854780198,0.030148768611252312,0.16236536099916346,9.97410774230957,-0.0007987518340685918,0.03224565969475622,-0.00031052825215738267,-0.04158787280321121,0.04064165949821473,0.2983371813237306,10.900506019592285,0.0006971337631998492,0.030935459034803825,0.00041237083496525884,-0.038534101098775864,0.039823152124881744,0.25275639101711145,11.92612075805664,-8.175023104230869e-05,0.020147956922954333,-2.0619452698156238e-05,-0.025818808004260063,0.025734936818480495
F:\Seminario\Seminario-Clustering\datasets\davi\Al Emadi (2019)\Multiclass_Drone_Audio\unknown\3-159445-A-454.wav,Multiclass_Drone_Audio\unknown\3-159445-A-454.wav,al_emadi,3-159445-A-454,0.95975,0.46380741290804534,8.616598129272461,-0.0011634624960367602,0.38611202645553777,-0.012131929397583008,-0.47414880990982056,0.48402562737464905,0.3334241584255629,8.700679779052734,-0.002961299090991356,0.3273612209467581,0.0020235999254509807,-0.4064149260520935,0.3874972313642502,0.1628468155481325,9.651911735534668,-0.0006834792685029762,0.1620710467504164,-0.0008151249494403601,-0.1960805058479309,0.1921336799860002,0.032873430345916325,10.395792961120605,-0.0002926533542838733,0.0515298454073852,-0.0003239480429328978,-0.05904020592570305,0.05992666184902192,0.007048182772342986,11.413470268249512,-1.0271126292263387e-05,0.016879696623271493,4.643877036869526e-05,-0.01911116950213909,0.01937485858798027
F:\Seminario\Seminario-Clustering\datasets\davi\Al Emadi (2019)\Multiclass_Drone_Audio\unknown\4-197103-A-60.wav,Multiclass_Drone_Audio\unknown\4-197103-A-60.wav,al_emadi,4-197103-A-60,1.0216875,0.9210324088314125,8.771015167236328,0.014780778715981293,0.35453109232071917,0.019712424837052822,-0.4048365473747253,0.4562807738780976,0.06636920654777659,7.4795684814453125,0.0006718215192258761,0.09525033194869846,-2.498622052371502e-06,-0.07225282341241837,0.08074832484126111,0.011971118539975838,8.222291946411133,0.0001473436846024524,0.028653731742108238,-3.269615990575403e-05,-0.021845915541052818,0.023842484131455424,0.000582319254976508,9.019417762756348,1.7496622132445895e-05,0.004471981381643215,7.06073478795588e-06,-0.0030601884471252554,0.003453824482858182,4.494682585862175e-05,10.105560302734375,5.405259976323996e-07,0.0008789071334108528,-1.377076841890812e-06,-0.000621050177142024,0.0006208810489624742
F:\Seminario\Seminario-Clustering\datasets\davi\Al Emadi (2019)\Multiclass_Drone_Audio\bebop_1\B_S2_D1_109-bebop_001_.wav,Multiclass_Drone_Audio\bebop_1\B_S2_D1_109-bebop_001_.wav,al_emadi,B_S2_D1_109-bebop_001,1.024,0.30266982215310223,8.428722381591797,-0.00034520819068895384,0.14442660854009912,-0.001676690997555852,-0.15736743807792664,0.16345107108354576,0.05623078117958003,8.927496910095215,0.0009594194157596099,0.062244268131681525,-8.580973371863365e-06,-0.07801863998174667,0.08087711334228516,0.15776099433882046,9.898200988769531,-0.000709814720132711,0.07383495813850029,0.0004029411938972771,-0.09358113929629326,0.09230506047606468,0.28763069254672846,10.93016242980957,0.0016862016390868917,0.07053930659349314,0.002223624847829342,-0.08957911282777786,0.0888078436255455,0.1957077097817688,11.934433937072754,-0.00011055693118743154,0.04117280231059163,-6.933909025974572e-05,-0.053153555095195766,0.05252540260553361
F:\Seminario\Seminario-Clustering\datasets\davi\Al Emadi (2019)\Multiclass_Drone_Audio\unknown\3-197408-B-81.wav,Multiclass_Drone_Audio\unknown\3-197408-B-81.wav,al_emadi,3-197408-B-81,1.0216875,0.06815372043229932,7.331984996795654,-0.005441962800457292,0.2184791710408304,0.00048194067494478077,-0.22426403760910033,0.2156868726015091,0.19546784527741223,8.261765480041504,-0.003850160966127212,0.3700957557349974,-0.0026527903974056244,-0.4096175491809845,0.39505038857460034,0.49428558944441986,7.825392246246338,0.006002850828197111,0.41684007592903183,0.0013176720822229981,-0.24928454160690305,0.2526558339595795,0.21703458433962422,9.761629104614258,0.0004970438066437655,0.19547524842069625,-0.0008391439914703369,-0.1849616914987564,0.18674348145723343,0.0250582605062444,11.163627624511719,9.179689076342045e-05,0.0469866093240389,3.853102680295706e-05,-0.050001828372478484,0.050414019078016306
F:\Seminario\Seminario-Clustering\datasets\davi\Al Emadi (2019)\Multiclass_Drone_Audio\unknown\4-183882-A-283.wav,Multiclass_Drone_Audio\unknown\4-183882-A-283.wav,al_emadi,4-183882-A-283,1.0216875,0.912876165241209,8.587911605834961,-0.002255794040191509,0.0826609661217396,-0.001470436342060566,-0.09958511665463447,0.09837749376893044,0.05152225186460137,7.890480041503906,0.00022567567696211885,0.019643775177897983,0.00023091319599188864,-0.018796207942068575,0.020554979518055922,0.023251352600367713,9.369397163391113,0.00012023592929629168,0.009346951056047322,-4.182790871709585e-05,-0.010614004358649252,0.010949357971549039,0.005036952853572018,10.196298599243164,4.8970394590969905e-05,0.0030783212676329733,4.690932473749854e-05,-0.003265187842771411,0.003368576709181071,0.007313277440249951,10.379623413085938,-2.363348295727992e-06,0.002624288735384149,-7.886381354182959e-06,-0.0022562169935554264,0.0023173227906227115
F:\Seminario\Seminario-Clustering\datasets\davi\Al Emadi (2019)\Multiclass_Drone_Audio\bebop_1\B_S2_D1_110-bebop_000_.wav,Multiclass_Drone_Audio\bebop_1\B_S2_D1_110-bebop_000_.wav,al_emadi,B_S2_D1_110-bebop_000,1.024,0.1045385017450168,9.014740943908691,0.00015090717368949097,0.07400466520771197,-0.001138006104156375,-0.09500715211033821,0.09501520320773127,0.07079591656475434,8.811161041259766,-0.0007278046726692215,0.06089686591135356,-0.0007236681412905455,-0.0740536943078041,0.07565462663769722,0.19111910188541664,9.928220748901367,0.00034484703000192826,0.07085771661581669,0.0019506955286487937,-0.0940813086926937,0.09027700126171118,0.3387630094214166,10.936580657958984,-0.00018369069878861624,0.06676393681271284,0.00033451683702878654,-0.08461520075798035,0.08566273748874664,0.2947834703833956,11.920072555541992,0.0001446492054080335,0.04405702978408598,0.0007649016915820539,-0.056294868141412734,0.05562000647187233
F:\Seminario\Seminario-Clustering\datasets\davi\Al Emadi (2019)\Multiclass_Drone_Audio\bebop_1\B_S2_D1_130-bebop_003_.wav,Multiclass_Drone_Audio\bebop_1\B_S2_D1_130-bebop_003_.wav,al_emadi,B_S2_D1_130-bebop_003,1.024,0.7016548395078734,7.417485237121582,0.004204790574923447,0.32345585847378916,-0.0023764523211866617,-0.2867512583732605,0.2755666494369507,0.021608937479147574,8.950716018676758,-0.0004941615006757575,0.056766249236149036,1.214079384226352e-05,-0.0743020512163639,0.07045402452349664,0.06622350502947688,9.910677909851074,0.0023106127190664497,0.07033641065451174,0.00042400351958349347,-0.08548812344670295,0.09388511925935746,0.12041650496637113,10.928483963012695,-0.00020413626071623866,0.06715907090398732,-8.019327651709318e-05,-0.08551756292581558,0.08630906045436859,0.090096213017131,11.919961929321289,-3.0057797919208202e-05,0.04109483413841457,-0.00012363419227767736,-0.052435813099145884,0.05289643034338954
F:\Seminario\Seminario-Clustering\datasets\davi\Al Emadi (2019)\Multiclass_Drone_Audio\unknown\2-70366-A-331.wav,Multiclass_Drone_Audio\unknown\2-70366-A-331.wav,al_emadi,2-70366-A-331,1.0216875,0.3700625682562538,6.581530570983887,-0.005396426440475529,0.094184847906227,0.0,-0.08093665167689323,0.05936960801482214,0.3149211478837219,6.86796760559082,-0.0013077312262451503,0.08701758638478231,0.0,-0.05369760394096375,0.04412982016801834,0.19973045666597022,7.974520683288574,-0.00112025557235978,0.049078328896222975,0.0,-0.03561962097883224,0.028973392769694333,0.08104809839996892,8.87633228302002,0.00042825967237724617,0.022124525672679453,0.0,-0.011904312670230862,0.014463885687291624,0.03423772879408517,9.775757789611816,-1.1844211411910053e-05,0.010174355164844159,0.0,-0.005859084520488977,0.005610705260187393
F:\Seminario\Seminario-Clustering\datasets\davi\Al Emadi (2019)\Multiclass_Drone_Audio\bebop_1\B_S2_D1_129-bebop_004_.wav,Multiclass_Drone_Audio\bebop_1\B_S2_D1_129-bebop_004_.wav,al_emadi,B_S2_D1_129-bebop_004,0.896,0.8220691367617344,7.935006141662598,0.002618643520513504,0.4647457451450975,-0.0015301993116736412,-0.4977529883384704,0.49841336905956257,0.012000994896064801,8.769372940063477,-0.0006987963374105267,0.05614914589896847,0.0011041108518838882,-0.07109179869294166,0.07149688303470611,0.038059739080085794,9.670196533203125,0.0019667780979417855,0.07080142236857792,0.0017995574744418263,-0.08589330911636353,0.08911473080515861,0.07472007824235984,10.739557266235352,-0.00013771319324860722,0.07024291487996101,-0.0009365798905491829,-0.08877931386232377,0.08868642896413807,0.05315005101975514,11.742979049682617,0.0002872184489612862,0.04191053619846083,9.704637341201305e-05,-0.052957598119974136,0.05455854907631874
F:\Seminario\Seminario-Clustering\datasets\davi\Al Emadi (2019)\Multiclass_Drone_Audio\unknown\3-134699-A-161.wav,Multiclass_Drone_Audio\unknown\3-134699-A-161.wav,al_emadi,3-134699-A-161,1.0216875,0.9617620565823717,8.521699905395508,0.0013109739167830483,0.16991057724871358,0.0008560179558116943,-0.1993726447224617,0.19283862113952638,0.026702646725390116,8.92686939239502,-0.0003653212665835693,0.028310042872282164,-0.0006760292453691363,-0.036288376152515414,0.03525994047522546,0.0059964945738258755,9.87049388885498,7.890086840311967e-05,0.009502958693401295,0.0001932953018695116,-0.01220823209732771,0.012058142945170403,0.0024235558007392423,10.23095703125,-2.7847421233362064e-05,0.004275092964784629,3.499339800328016e-05,-0.004603204084560274,0.004553959518671036,0.003115246317673093,9.811213493347168,2.2358203865190325e-06,0.0034288240492761366,-1.7818485503084958e-05,-0.002398733515292406,0.0023914769291877767
F:\Seminario\Seminario-Clustering\datasets\davi\Al Emadi (2019)\Multiclass_Drone_Audio\bebop_1\B_S2_D1_127-bebop_004_.wav,Multiclass_Drone_Audio\bebop_1\B_S2_D1_127-bebop_004_.wav,al_emadi,B_S2_D1_127-bebop_004,0.896,0.8134558265263685,8.580245971679688,-0.0017409224642395246,0.39660003773184255,-0.005213474854826927,-0.48689217567443843,0.4945601910352706,0.015808680629523866,8.814948081970215,-0.00034936550746392047,0.05528777184168009,-0.0022872587433084846,-0.06994994208216666,0.074219162017107,0.04525639998568417,9.679289817810059,-0.0010039124956228048,0.06625040063811001,6.029545693309046e-05,-0.0836766704916954,0.08249879404902458,0.07303382000141392,10.684761047363281,-4.920688585490331e-05,0.05957558838830273,-0.0011532020289450884,-0.07472865134477616,0.0751920610666275,0.05244527285700952,11.672103881835938,-0.00015100012297240498,0.03571516242400995,-0.0006136203883215785,-0.045162949711084366,0.044461268931627274
F:\Seminario\Seminario-Clustering\datasets\davi\Al Emadi (2019)\Multiclass_Drone_Audio\membo_1\Membo_2_010-membo_003_.wav,Multiclass_Drone_Audio\membo_1\Membo_2_010-membo_003_.wav,al_emadi,Membo_2_010-membo_003,1.024,0.3564048865174965,9.402351379394531,0.0005501570976246035,0.06672784289502817,-0.0031165662221610546,-0.08593193888664245,0.08880125507712365,0.04766874912938021,8.922350883483887,-5.873579774063207e-05,0.02440425952644103,-0.0008070659823715687,-0.02930046450346708,0.032978620007634164,0.15450810662094844,9.944591522216797,-2.481576054707372e-06,0.03111315260925991,0.0006084850756451488,-0.03943790793418884,0.0404466737061739,0.18650232993198657,10.940079689025879,-4.4396103859842994e-05,0.024191629819220888,0.00016222280100919306,-0.031174026429653168,0.030547862872481346,0.25491592780018824,11.883024215698242,-1.3616079392780727e-05,0.020007484869392505,6.730924360454082e-05,-0.025142860040068625,0.02522222101688385
F:\Seminario\Seminario-Clustering\datasets\davi\Al Emadi (2019)\Multiclass_Drone_Audio\membo_1\Membo_0_041-membo_001_.wav,Multiclass_Drone_Audio\membo_1\Membo_0_041-membo_001_.wav,al_emadi,Membo_0_041-membo_001,1.024,0.3816009159572459,9.40385627746582,0.0006243325438456682,0.07503858639459117,0.0005434637423604727,-0.09799299165606498,0.10001502260565757,0.033814240481725384,8.986649513244629,0.00035360423011368466,0.022335226833497156,1.4875971828587353e-05,-0.028876429237425325,0.028515806980431088,0.09860633503213255,9.994962692260742,-0.00014718341924911666,0.027012161145097722,0.00047385225479956716,-0.03402373418211937,0.03507711552083492,0.22409045578971645,10.955634117126465,8.006436566330454e-05,0.028818986592624007,-0.000994672765955329,-0.03615230694413185,0.038422174751758575,0.2618880527391797,11.978231430053711,3.8397940203304275e-05,0.02203922285970863,0.0004493352316785604,-0.028659382462501524,0.028303681313991556
F:\Seminario\Seminario-Clustering\datasets\davi\Al Emadi (2019)\Multiclass_Drone_Audio\unknown\3-104958-A-120.wav,Multiclass_Drone_Audio\unknown\3-104958-A-120.wav,al_emadi,3-104958-A-120,1.0216875,0.5212845458079189,5.250741481781006,0.0006985587591034947,0.025045498341840274,0.0003922794130630791,-0.009310347866266966,0.011014048662036664,0.17385480714304405,3.4384803771972656,-0.0001106808211474741,0.014469108379526537,-5.026597136748023e-05,-0.003255943162366748,0.003592547471635045,0.11852880608878008,4.1200761795043945,0.00018342193808747293,0.008460511259395568,3.338223905302584e-05,-0.001496590324677527,0.0016723476350307472,0.0671191499080125,5.345646858215332,-3.34257412847235e-05,0.004506103173256426,6.517543170048157e-06,-0.000999491778202355,0.0010245745535939932,0.11921269105224447,6.615337371826172,-5.504820873386461e-05,0.004248009378975505,-4.194649591227062e-06,-0.001050177589058876,0.0010274179046973588
F:\Seminario\Seminario-Clustering\datasets\davi\Al Emadi (2019)\Multiclass_Drone_Audio\unknown\4-181708-A-320.wav,Multiclass_Drone_Audio\unknown\4-181708-A-320.wav,al_emadi,4-181708-A-320,1.0216875,0.05728016540406735,6.92296028137207,-0.0001032550526643976,0.016663702920401587,-0.00011871897731907666,-0.01145219337195158,0.011281379312276855,0.2260329936847978,4.696591377258301,0.0009515772024108058,0.033089036706494664,0.0001126241622841917,-0.007511435635387897,0.011865125317126513,0.29740564480536913,6.243078231811523,0.00024260109124452778,0.026894299766368444,-3.3633114071562886e-06,-0.009792722947895526,0.009226990677416327,0.3109805909908558,7.025769233703613,-0.000175480383550534,0.019460564982747505,2.8499354812083766e-05,-0.005513610038906335,0.005801734328269962,0.10830060511490995,8.12388801574707,-1.9514829832086493e-05,0.008124403748365979,1.0853837011381984e-06,-0.0023107502609491346,0.0022009743377566344
F:\Seminario\Seminario-Clustering\datasets\davi\Al Emadi (2019)\Multiclass_Drone_Audio\bebop_1\mixed_46-bebop_001_.wav,Multiclass_Drone_Audio\bebop_1\mixed_46-bebop_001_.wav,al_emadi,mixed_46-bebop_001,1.024,0.8517626658728521,8.951480865478516,0.0070226620828497755,0.6573414914930754,-0.03279256634414196,-0.8731688559055328,0.8891900897026063,0.11310415463029835,8.869579315185547,-4.720542460083238e-05,0.23954980154643266,0.0001906873658299446,-0.2915075719356537,0.2984313249588013,0.02148577566852449,9.709470748901367,0.0019405918151663686,0.07390958949409686,0.0014636017149314284,-0.08666699007153511,0.09498600587248802,0.00787869582689852,10.924527168273926,-0.0004903726481340446,0.03168147621520977,-0.00035109161399304867,-0.04120901599526405,0.04031917080283165,0.005768708001426578,11.937294960021973,0.0001284209928100149,0.01917918743776509,0.00010800242307595909,-0.024179697409272193,0.02465334534645081
F:\Seminario\Seminario-Clustering\datasets\davi\Al Emadi (2019)\Multiclass_Drone_Audio\membo_1\mixed_membo_7-membo_000_.wav,Multiclass_Drone_Audio\membo_1\mixed_membo_7-membo_000_.wav,al_emadi,mixed_membo_7-membo_000,1.024,0.6898160289739458,9.190762519836426,-0.002764243954901122,0.19424001749088585,-0.006391885690391064,-0.25478602349758145,0.25238153934478763,0.08168235684504613,9.007100105285645,-0.00043639914128133686,0.06684530610764536,0.002360908198170364,-0.08626643270254135,0.08880037218332291,0.10179750333803866,10.001474380493164,9.556137554623761e-05,0.05284480394855675,-9.346196748083457e-06,-0.06912122070789337,0.06761654019355776,0.07995587157297085,10.95817756652832,0.00039124768599918915,0.0331424556707632,0.0006955816061235964,-0.04244605079293251,0.043393321335315704,0.04674823926999855,11.94094467163086,8.496911386733953e-05,0.017928250384067018,0.00015870455536060035,-0.02268215790390968,0.022908175364136696
F:\Seminario\Seminario-Clustering\datasets\davi\Al Emadi (2019)\Multiclass_Drone_Audio\unknown\5-219342-A-381.wav,Multiclass_Drone_Audio\unknown\5-219342-A-381.wav,al_emadi,5-219342-A-381,1.0216875,0.04129986889206936,4.812223434448242,-7.806665905055004e-07,0.011031386654824473,-6.430472240026575e-06,-0.0011056200950406493,0.0011402593110688031,0.29847457587929904,4.965255260467529,0.0008954054862361724,0.029642264948718997,2.179321199946571e-06,-0.0023507542908191683,0.0022909158840775535,0.2993671783094914,6.046767711639404,0.0002996291619208379,0.021034847924614648,4.229954129186808e-07,-0.0013571774587035177,0.0014881164534017448,0.32561773008590766,6.955753326416016,1.2211527206637852e-05,0.015525242680983263,9.800408520277415e-07,-0.0009090766310691833,0.0008934423967730254,0.035240646833232595,7.886745452880859,-2.4423299278617795e-06,0.0036130764826837283,-4.1950443119276315e-09,-0.00022914299042895437,0.000230726445442997
F:\Seminario\Seminario-Clustering\datasets\davi\Al Emadi (2019)\Multiclass_Drone_Audio\unknown\3-180147-A-303.wav,Multiclass_Drone_Audio\unknown\3-180147-A-303.wav,al_emadi,3-180147-A-303,1.0216875,0.9083675574004046,7.997137546539307,5.237782096688668e-05,0.08350452139510288,0.0007110053556971252,-0.0948887400329113,0.08119626641273503,0.07210887008060052,6.134934425354004,0.0005961331262466959,0.023519829192277658,8.402874300372787e-06,-0.007645064871758221,0.009536577388644222,0.017767009407435478,6.5867509841918945,9.194215557797168e-05,0.008271517332050839,-8.976785466074944e-07,-0.0014693150063976644,0.0014009504811838271,0.0016029005550860288,7.294787883758545,2.7382927816098723e-06,0.001758169590793002,2.566572220530361e-06,-0.00022736913670087233,0.0002479471557307989,0.0001536625564733649,8.8624267578125,1.1135236786098992e-06,0.0003850889302811075,7.17871216693311e-07,-0.00011438090878073125,0.00011578275589272384
F:\Seminario\Seminario-Clustering\datasets\davi\Al Emadi (2019)\Multiclass_Drone_Audio\unknown\1-17565-A-123.wav,Multiclass_Drone_Audio\unknown\1-17565-A-123.wav,al_emadi,1-17565-A-123,1.0216875,0.2802950744819169,8.737110137939453,0.00022914192775411147,0.04569587533608462,-0.001683082606177777,-0.05558724328875542,0.05565947741270068,0.06595077549908449,5.603754997253418,-0.0010513911692770213,0.0221409152165101,-0.00016187787696253508,-0.010048431437462568,0.008724092319607735,0.10284179453817488,5.696736812591553,0.00038431839195730556,0.019602057672066745,6.206404941622168e-05,-0.005643132608383894,0.006263631395995619,0.28388744203484395,6.218084812164307,-0.00041059555089597416,0.023046641265729122,-2.2307363906293176e-05,-0.006288715638220309,0.006010251026600601,0.26702491344597984,6.548928260803223,6.161312942464146e-05,0.015814186823787435,2.2323656594380736e-06,-0.004126304574310779,0.004205888044089083
F:\Seminario\Seminario-Clustering\datasets\davi\Al Emadi (2019)\Multiclass_Drone_Audio\unknown\4-165606-A-453.wav,Multiclass_Drone_Audio\unknown\4-165606-A-453.wav,al_emadi,4-165606-A-453,1.0216875,0.9329620462360394,8.950092315673828,0.007257427424119952,0.5656204647846241,0.006107817403972149,-0.7490561902523041,0.7557586610317235,0.04929196766262293,8.935760498046875,0.0007010126354037838,0.1300201438049079,0.006088258000090718,-0.1715634286403656,0.16040203124284752,0.011957921348864673,9.87162971496582,-0.00042526831707177185,0.045358971311078924,-0.00033239484764635563,-0.05739581063389778,0.0542771339416504,0.004633226340449926,10.83010482788086,0.00012623435977089856,0.01997978028724785,0.0001283144811168313,-0.02494925111532211,0.02499045226722956,0.001154838412023079,11.79945182800293,-9.49270757526168e-06,0.007056488659340785,-3.2137089874595404e-05,-0.008687131479382515,0.008789809420704843
F:\Seminario\Seminario-Clustering\datasets\davi\Al Emadi (2019)\Multiclass_Drone_Audio\unknown\4-218304-A-250.wav,Multiclass_Drone_Audio\unknown\4-218304-A-250.wav,al_emadi,4-218304-A-250,1.0216875,0.0693823170190581,6.996526718139648,-0.00019591943996619606,0.015271996425928866,-0.00017554639634909108,-0.010260826349258423,0.01115036113187671,0.3188387901899609,5.202418804168701,-8.137115554982938e-05,0.03274095895581892,5.193105425860267e-05,-0.00625432482920587,0.007518826192244903,0.4767302104739516,5.856410026550293,-4.810800221485309e-05,0.028357533292224638,1.9676443116622977e-05,-0.006962391640990972,0.006689216289669278,0.10199386209472892,7.510832786560059,1.429101904639343e-05,0.009281590795928068,6.163940270198509e-06,-0.003360957489348948,0.0035306679084897044,0.03305482022230048,8.599207878112793,3.1124080577063483e-05,0.0037377397531196286,1.8237105905427597e-06,-0.0016379788285121322,0.0017245846567675478
F:\Seminario\Seminario-Clustering\datasets\davi\Al Emadi (2019)\Multiclass_Drone_Audio\membo_1\extra_membo_D2_2039.wav,Multiclass_Drone_Audio\membo_1\extra_membo_D2_2039.wav,al_emadi,extra_membo_D2,1.002625,0.9184795321544141,8.93890380859375,-0.00021778002242122502,0.02766312607011943,-0.0009471551165916026,-0.035701335221529004,0.037064428627491,0.01933898952877767,9.005022048950195,5.398018588092754e-05,0.004013816964245451,0.0002331696159671992,-0.005313979089260101,0.005268098600208762,0.017428711303660787,9.977981567382812,-3.45904274526523e-05,0.00269908450100674,3.406796895433217e-05,-0.003513511037454009,0.003513260278850794,0.023587286443155657,10.898920059204102,-1.2667655088762047e-05,0.0022223615804017357,-5.193473771214485e-05,-0.0027833506930619476,0.002839022502303123,0.021165480569991773,11.89167594909668,-3.5985787383208356e-06,0.001489165186824293,1.7055517673725262e-06,-0.0019021258340217173,0.0018861641758121548
F:\Seminario\Seminario-Clustering\datasets\davi\Al Emadi (2019)\Multiclass_Drone_Audio\bebop_1\B_S2_D1_107-bebop_004_.wav,Multiclass_Drone_Audio\bebop_1\B_S2_D1_107-bebop_004_.wav,al_emadi,B_S2_D1_107-bebop_004,0.896,0.12310829069999511,8.818727493286133,-0.0006370283725868679,0.07185303215762044,0.0016961507499217987,-0.09531080275774002,0.08803845793008805,0.06013912976487946,8.795084953308105,0.00030031296110749676,0.05022145897230084,0.0017556507955305278,-0.06305430084466933,0.06246086694300174,0.18345307590891677,9.784543991088867,-0.0003911920433654346,0.06212706551456742,-0.0020714924903586507,-0.0804874174296856,0.07919164821505545,0.35343266993781003,10.748514175415039,0.0001659411274945016,0.06103610491564251,-0.0004720483848359436,-0.07775913625955581,0.07840100526809694,0.27986683368839865,11.734525680541992,0.0001067656455315652,0.03842429961122867,-6.910465890541673e-05,-0.048550065606832504,0.04874773323535919
F:\Seminario\Seminario-Clustering\datasets\davi\Al Emadi (2019)\Multiclass_Drone_Audio\unknown\1-56380-B-53.wav,Multiclass_Drone_Audio\unknown\1-56380-B-53.wav,al_emadi,1-56380-B-53,1.0216875,0.021464504688441393,6.421968460083008,0.0002751329822826506,0.010046125680511615,0.0,-0.0038564107147976757,0.004037184175103909,0.05771172286269265,6.839534282684326,0.0011409515441631836,0.01643953646898331,0.0,-0.0016059265937656162,0.006562240794301036,0.5082589818201967,7.498289108276367,0.0001337117163825266,0.03463903893590125,0.0,-0.002071441197767853,0.0030274434015154896,0.31326225478016295,7.977039813995361,3.299690001223344e-05,0.019243458474665926,0.0,-0.002297555957920848,0.0012618612381629648,0.09930253584850632,8.879399299621582,1.0511960424843542e-06,0.007664444840621014,0.0,-0.0013582817744463682,0.0011703783180564674
F:\Seminario\Seminario-Clustering\datasets\davi\Al Emadi (2019)\Multiclass_Drone_Audio\unknown\5-234263-A-253.wav,Multiclass_Drone_Audio\unknown\5-234263-A-253.wav,al_emadi,5-234263-A-253,1.0216875,0.0,-0.0,0.0,0.0,0.0,0.0,0.0,0.0,-0.0,0.0,0.0,0.0,0.0,0.0,0.0,-0.0,0.0,0.0,0.0,0.0,0.0,0.0,-0.0,0.0,0.0,0.0,0.0,0.0,0.0,-0.0,0.0,0.0,0.0,0.0,0.0
F:\Seminario\Seminario-Clustering\datasets\davi\Al Emadi (2019)\Multiclass_Drone_Audio\unknown\3-177082-A-222.wav,Multiclass_Drone_Audio\unknown\3-177082-A-222.wav,al_emadi,3-177082-A-222,0.97525,0.10604663682087785,8.19198226928711,-0.0002481922066782836,0.15432262179720818,-0.0019984599202871323,-0.18018168210983276,0.17858771979808807,0.3288728105651677,8.296638488769531,-0.006580245295904052,0.2716866706408735,-0.017531052231788635,-0.3147704601287842,0.3139227330684662,0.3618377087670116,9.334344863891602,0.0009586289131550041,0.2018755770341688,0.0051388253923505545,-0.2352938875555992,0.22784482687711716,0.18283961294193088,10.28309440612793,-0.00012885453263303042,0.10155116243656905,-0.0003228025452699512,-0.11317873001098633,0.11646046862006187,0.02040323090501196,11.08570671081543,8.870699345748716e-05,0.0239980667577541,-0.00029914022888988256,-0.02640736065804958,0.026778692007064824
F:\Seminario\Seminario-Clustering\datasets\davi\Al Emadi (2019)\Multiclass_Drone_Audio\unknown\4-172500-D-273.wav,Multiclass_Drone_Audio\unknown\4-172500-D-273.wav,al_emadi,4-172500-D-273,1.0216875,0.7835442749603965,8.338765144348145,-0.00022419139270678413,0.04147166545866815,-0.0013688274193555117,-0.04364794604480267,0.04591739848256114,0.03234540241675503,8.439807891845703,-0.00020808553537776276,0.008423641511614436,7.291782094398513e-05,-0.009448387008160352,0.008728820923715831,0.05722226714306298,9.46728515625,0.00025458409120270346,0.007934338401921029,0.00028466328512877226,-0.009190109372138976,0.009751901030540466,0.11587653201584554,9.964561462402344,-3.153491106251993e-05,0.007993724587682459,-3.3895208616741e-05,-0.00811731070280075,0.008111292589455843,0.01101152346394,11.243243217468262,2.1425687641899503e-06,0.0017432071104532317,1.6447949747089297e-05,-0.0018784476909786461,0.0019077376928180463
F:\Seminario\Seminario-Clustering\datasets\davi\Al Emadi (2019)\Multiclass_Drone_Audio\membo_1\Membo_1_030-membo_004_.wav,Multiclass_Drone_Audio\membo_1\Membo_1_030-membo_004_.wav,al_emadi,Membo_1_030-membo_004,0.896,0.37660833701238516,9.090293884277344,-0.00030860309194806474,0.0700283010694754,-0.002045394852757454,-0.09126737266778946,0.09011640697717667,0.05893441634388292,8.820901870727539,-0.0002600259277035179,0.027701175983050316,-0.0015799172106198967,-0.035197564214468,0.03694158084690571,0.11905661015618041,9.792057037353516,-3.7062162115840173e-05,0.027888017942413093,0.00040256523061543703,-0.037397184967994684,0.03554914966225624,0.19889216483704314,10.742801666259766,-6.790621813728108e-05,0.02551271525052743,0.0005627389764413238,-0.03281389772891998,0.0319724887609482,0.2465084716505084,11.74612808227539,1.5322965119608126e-05,0.020093798623122924,-0.00017351473798044026,-0.02566755935549736,0.025962429121136665
F:\Seminario\Seminario-Clustering\datasets\davi\Al Emadi (2019)\Multiclass_Drone_Audio\unknown\3-146972-A-50.wav,Multiclass_Drone_Audio\unknown\3-146972-A-50.wav,al_emadi,3-146972-A-50,1.0216875,0.6405319578197217,7.394350051879883,-0.0006433435828299968,0.32717978250762736,0.0005236660945229232,-0.2781465232372284,0.25546866953372965,0.01735072595796426,6.752695560455322,0.0012088532669902081,0.053835190346503047,0.0010540414950810373,-0.04840215146541595,0.048414373397827164,0.09873151602225816,8.243392944335938,0.0036840212628066783,0.0909105116122875,-0.00044055806938558817,-0.06133279651403427,0.07130405455827715,0.20981450641246688,8.669957160949707,5.859563647015864e-05,0.09385627550351591,-0.0001166836627817247,-0.05193743258714676,0.05508161261677743,0.033571293787588996,9.184060096740723,0.00013968779072452968,0.026557946672898992,-1.9924991647712886e-05,-0.01573021449148655,0.014714241214096547
F:\Seminario\Seminario-Clustering\datasets\davi\Al Emadi (2019)\Multiclass_Drone_Audio\unknown\1-208757-E-23.wav,Multiclass_Drone_Audio\unknown\1-208757-E-23.wav,al_emadi,1-208757-E-23,1.0216875,0.6924388067642833,8.201207160949707,0.0003442693447806521,0.32818095684232235,0.0039597926661372185,-0.3305171996355057,0.35810229480266603,0.18156102800160526,7.669489860534668,-0.0011261521527409582,0.16804456738381493,-0.0012298360234126449,-0.14417785704135894,0.15245487987995177,0.08825040049776152,8.558683395385742,0.0009621917020348039,0.08298080352373338,-0.0002733166329562664,-0.07272537946701049,0.08041232079267503,0.029161244833074425,9.477924346923828,-0.0002545707807111021,0.03375532724169793,-0.0004287092888262123,-0.030335356667637824,0.030445094034075745,0.008588519903275532,10.420145988464355,7.791935427334641e-07,0.012959302834806181,4.436013841768727e-05,-0.011618504486978053,0.011527404002845295
F:\Seminario\Seminario-Clustering\datasets\davi\Al Emadi (2019)\Multiclass_Drone_Audio\unknown\1-172649-F-403.wav,Multiclass_Drone_Audio\unknown\1-172649-F-403.wav,al_emadi,1-172649-F-403,1.0216875,0.6974679206767156,8.82608413696289,-0.007666069672693016,0.5943349183469787,0.0902370773255825,-0.885411387681961,0.6639906823635103,0.1480547759149633,8.785861015319824,-0.0047926337055948925,0.27381040095901604,0.0015633262228220701,-0.3472442030906677,0.32041006088256835,0.11544130119812011,9.8601655960083,-0.0007244750805565721,0.17128035782978251,0.0020840398501604795,-0.21832578480243683,0.21636532247066498,0.022233533700711173,10.83765697479248,-8.750314679005791e-05,0.05319094118013091,-0.0008834399050101638,-0.0665023110806942,0.06647228375077248,0.01680246850948978,11.802495956420898,-2.9340045144091834e-05,0.032710801805528704,0.00035882051452063024,-0.04063674658536911,0.04063102751970291
F:\Seminario\Seminario-Clustering\datasets\davi\Al Emadi (2019)\Multiclass_Drone_Audio\unknown\2-70052-A-423.wav,Multiclass_Drone_Audio\unknown\2-70052-A-423.wav,al_emadi,2-70052-A-423,1.0216875,0.012855914246920364,3.356978416442871,0.01304252091899391,0.18242653566579634,0.0011430811136960983,-0.059377945959568024,0.06656649485230448,0.27970824085647655,9.164350509643555,0.010099407403565878,0.8530329646570691,0.019051088951528072,-1.13191214799881,1.1233698844909672,0.6529865508745131,10.199755668640137,0.0018686175571591855,0.9232523456348484,0.003206276800483465,-1.23202064037323,1.2220490455627442,0.04883988879942335,10.99526596069336,-1.7673634188404473e-06,0.17867330984808458,0.002736970316618681,-0.22858432978391646,0.2273516952991486,0.005609405222666618,11.820412635803223,0.00010483729295389771,0.04283514986743233,-0.0004017706960439682,-0.0528091087937355,0.05350427255034448
F:\Seminario\Seminario-Clustering\datasets\davi\Al Emadi (2019)\Multiclass_Drone_Audio\unknown\1-23094-B-150.wav,Multiclass_Drone_Audio\unknown\1-23094-B-150.wav,al_emadi,1-23094-B-150,1.0216875,0.10830384525340558,8.984630584716797,-1.826423535382571e-05,0.005153436692680315,1.3292883522808552e-05,-0.006824440835043788,0.006634394312277438,0.12171481205309281,8.916138648986816,8.958921690120922e-05,0.005462495037039451,9.951612082659267e-05,-0.006976713612675666,0.0069871665444225075,0.3178632503486439,7.2644476890563965,0.00011987988276172737,0.0062523550438175245,-2.446253529342357e-05,-0.0027658399660140274,0.0028909718617796914,0.4288159530660496,7.740352153778076,3.0129625313788862e-06,0.005139748696838035,6.151683919597417e-06,-0.0015436444198712704,0.001519795192871243,0.023302139278808157,9.710484504699707,2.7626844769333933e-06,0.0008475647509816149,4.546946001937613e-06,-0.0006089174305088819,0.0006255014217458668
F:\Seminario\Seminario-Clustering\datasets\davi\Al Emadi (2019)\Multiclass_Drone_Audio\membo_1\mixed_membo_0-membo_000_.wav,Multiclass_Drone_Audio\membo_1\mixed_membo_0-membo_000_.wav,al_emadi,mixed_membo_0-membo_000,1.024,0.6590202009845422,8.832225799560547,-0.002264616312459111,0.45725987842307364,0.008615716826170683,-0.5929993033409119,0.5669203341007233,0.03489652173081211,8.80626106262207,0.0003409644279140726,0.10522231694638369,-0.00139356660656631,-0.1336485594511032,0.13092631995677947,0.0367327116965452,9.829666137695312,-0.0026499490163822003,0.07640167415627143,-0.0027270534774288535,-0.09887165576219559,0.09227570891380311,0.11502052745670521,10.841279983520508,0.00014815472802024636,0.09573702686349346,-0.002307527232915163,-0.12001620978116989,0.12126210331916809,0.15433003813139534,11.687877655029297,-0.000162972679553282,0.07844901230290936,-0.00042305304668843746,-0.09458950757980344,0.09513736367225648
F:\Seminario\Seminario-Clustering\datasets\davi\Al Emadi (2019)\Multiclass_Drone_Audio\bebop_1\B_S2_D1_109-bebop_003_.wav,Multiclass_Drone_Audio\bebop_1\B_S2_D1_109-bebop_003_.wav,al_emadi,B_S2_D1_109-bebop_003,1.024,0.0705976974028538,8.768056869506836,-0.001186667277773806,0.06091699699022405,-0.0011311399284750223,-0.07793039083480835,0.07770956456661227,0.07230382658540949,8.98132610321045,-0.0012201975292308047,0.06164831086054199,-0.0037421872839331627,-0.07888114899396896,0.08137580081820489,0.2118544959377817,9.96485424041748,0.0003618939620067031,0.07474079940703034,0.0012289920705370605,-0.09642671719193459,0.09560199528932573,0.3599873720230884,10.922589302062988,0.0015890102412273904,0.06893306632369942,0.0004030041163787246,-0.08684612810611725,0.09159473329782486,0.2852566080508666,11.962425231933594,1.2300130371001501e-05,0.04341977716269611,-3.868149360641837e-05,-0.055536933988332746,0.05550995692610741
F:\Seminario\Seminario-Clustering\datasets\davi\Al Emadi (2019)\Multiclass_Drone_Audio\unknown\5-257839-A-142.wav,Multiclass_Drone_Audio\unknown\5-257839-A-142.wav,al_emadi,5-257839-A-142,0.97525,0.4206281870518958,8.882479667663574,0.0024604135301869805,0.14853169185065773,0.008763737976551056,-0.1988435685634613,0.18853187561035156,0.0030083028027962423,8.091264724731445,0.0002072228482693826,0.012561202151087204,0.00010034017032012343,-0.012543770484626293,0.013403711840510368,0.02772892499338391,8.292573928833008,-0.0006808895191663325,0.027002755899320954,-0.0003173554432578385,-0.021601646207273006,0.020012235268950462,0.4033503188449923,9.36294937133789,-6.351215882815517e-05,0.07290191520677121,-1.6789657820481807e-05,-0.06487984582781792,0.06260993704199791,0.14528426630693173,10.415267944335938,1.0158694364750758e-05,0.030951865245118216,-2.8942449716851115e-05,-0.026290318742394448,0.026223563402891167
F:\Seminario\Seminario-Clustering\datasets\davi\Al Emadi (2019)\Multiclass_Drone_Audio\membo_1\Membo_1_000-membo_003_.wav,Multiclass_Drone_Audio\membo_1\Membo_1_000-membo_003_.wav,al_emadi,Membo_1_000-membo_003,1.024,0.981281549670371,8.546943664550781,-0.0032768815606651664,0.42549517713648566,-0.0024982092436403036,-0.4949999213218689,0.49076637327671063,0.003762330016160128,9.021446228027344,-0.00011012107050509726,0.02634725442466109,-0.0008995959942694753,-0.03404351770877838,0.03398252502083778,0.0042509834103178976,9.938638687133789,-0.0001873342250071388,0.01983144784838887,0.000638282363070175,-0.026264703087508678,0.02445711977779865,0.005166274957119818,10.954263687133789,-3.297273957141478e-05,0.015472916740068562,-1.313304528594017e-05,-0.02000836655497551,0.01986972987651825,0.00553886194603116,11.940443992614746,1.4976260777888308e-05,0.011333517964688827,3.821693826466799e-05,-0.01455457229167223,0.01444773245602847
F:\Seminario\Seminario-Clustering\datasets\davi\Al Emadi (2019)\Multiclass_Drone_Audio\unknown\3-51731-A-423.wav,Multiclass_Drone_Audio\unknown\3-51731-A-423.wav,al_emadi,3-51731-A-423,1.0216875,0.6239509018617594,9.048852920532227,-0.0038845804499567337,0.1801152858835171,-0.019414277747273445,-0.22324491739273072,0.25147128701210025,0.08321600020311398,8.856975555419922,0.00011788966372683427,0.06579290776482992,0.001317099726293236,-0.08225683197379112,0.07979648038744927,0.16665351931325223,10.015275955200195,-1.472301393467342e-05,0.06594914797808232,0.0002746777608990669,-0.08666077703237532,0.08529514223337174,0.11821640661723264,10.977643966674805,-1.0957000716243446e-05,0.03930465225376454,-0.00048697699094191194,-0.05184058882296085,0.05136503428220749,0.0079631720046417,12.006319046020508,2.299516349999062e-06,0.007216372601142645,-7.090703002177179e-05,-0.009245059452950954,0.009473291411995889
F:\Seminario\Seminario-Clustering\datasets\davi\Al Emadi (2019)\Multiclass_Drone_Audio\membo_1\Membo_0_002-membo_000_.wav,Multiclass_Drone_Audio\membo_1\Membo_0_002-membo_000_.wav,al_emadi,Membo_0_002-membo_000,1.024,0.5713908001494683,9.455184936523438,-0.0001684001183535144,0.0811208874360257,0.0005792244337499142,-0.10678769871592521,0.10717891305685044,0.11008049953253089,8.953125,-0.00021665135228405118,0.03560525929767515,-0.00022893145796842873,-0.047434476390481,0.044669253006577495,0.07229800461345523,9.790817260742188,-1.3947005353574645e-05,0.020433767643563024,-0.00039067870238795877,-0.02513842973858118,0.025235722586512566,0.11256376947769735,10.579047203063965,-0.00016193105822657407,0.018043573677034908,-0.00024281867081299424,-0.020944442600011826,0.020154913887381554,0.1336669262268482,11.642694473266602,-2.861281462572217e-06,0.013909870877781713,-5.7242694310843945e-05,-0.016571762040257454,0.01657409295439721
F:\Seminario\Seminario-Clustering\datasets\davi\Al Emadi (2019)\Multiclass_Drone_Audio\membo_1\Membo_1_044-membo_003_.wav,Multiclass_Drone_Audio\membo_1\Membo_1_044-membo_003_.wav,al_emadi,Membo_1_044-membo_003,1.024,0.40643127652571054,9.33784294128418,-0.0007327633884450583,0.07805262892342499,-0.002018534578382969,-0.10112020373344421,0.10291633978486062,0.04686018208688616,8.998305320739746,-7.646743409353697e-05,0.02650411381096548,-0.0003680026566144079,-0.03371339775621891,0.03465561494231224,0.09327756908499545,9.82062816619873,6.29707838635656e-05,0.026480054388789115,-0.00033474220253992826,-0.03229079768061638,0.033508410304784776,0.2092871338387627,10.833616256713867,7.473757080840796e-05,0.028070913691767722,1.8050457583740354e-05,-0.034435078501701355,0.036018501967191696,0.24414383846364518,11.93742561340332,-1.9130138256122562e-05,0.021447662155015347,2.4183420464396477e-05,-0.027451710775494576,0.027295727282762527
F:\Seminario\Seminario-Clustering\datasets\davi\Al Emadi (2019)\Multiclass_Drone_Audio\bebop_1\B_S2_D1_080-bebop_000_.wav,Multiclass_Drone_Audio\bebop_1\B_S2_D1_080-bebop_000_.wav,al_emadi,B_S2_D1_080-bebop_000,1.024,0.9305096816341851,8.586469650268555,0.0001556064716531235,0.7681956168840616,-0.02257385104894638,-0.8665612280368805,0.9210692167282105,0.01348508676710652,8.488456726074219,4.6554299690805885e-05,0.09247794897817083,0.0011356878094375134,-0.10628552883863449,0.1066785976290703,0.0143790856772602,9.912551879882812,0.0015941739738291989,0.06760436109701766,0.0014702794724144042,-0.08353631049394607,0.08558155670762063,0.02278061776912249,10.91385269165039,0.00031446900997495733,0.06023680559857832,-0.0012085791677236557,-0.0754576176404953,0.0779896154999733,0.018845528152325642,11.905145645141602,-5.7645791579474584e-05,0.03875780478139965,-0.00026837599580176175,-0.04907168671488762,0.0488171897828579
F:\Seminario\Seminario-Clustering\datasets\davi\Al Emadi (2019)\Multiclass_Drone_Audio\bebop_1\B_S2_D1_091-bebop_000_.wav,Multiclass_Drone_Audio\bebop_1\B_S2_D1_091-bebop_000_.wav,al_emadi,B_S2_D1_091-bebop_000,1.024,0.7664221174747369,8.298110961914062,0.001812503960896826,0.3901310614899771,0.0023347781971096992,-0.4293798923492431,0.4562929719686509,0.013606675926792143,8.945676803588867,-0.0003284189615000799,0.05198146913130546,-0.00041045877151191235,-0.06478564217686653,0.06889355853199959,0.04803252358858762,9.915102005004883,-0.00043554159569710006,0.06916058915133476,-0.0011957123642787337,-0.08831876888871193,0.08439784646034242,0.09611857041056765,10.900559425354004,-2.0858558577591437e-05,0.0692402405149294,-0.0007115674670785666,-0.08616617321968079,0.08679293096065521,0.07582011259931576,11.880558013916016,1.343063085763718e-05,0.04350283103784875,-0.0002223645569756627,-0.05501140281558037,0.05514108166098597
F:\Seminario\Seminario-Clustering\datasets\davi\Al Emadi (2019)\Multiclass_Drone_Audio\unknown\3-108677-A-180.wav,Multiclass_Drone_Audio\unknown\3-108677-A-180.wav,al_emadi,3-108677-A-180,1.0216875,0.9781945399877832,8.91319751739502,-0.00036970877873050847,0.009765268380377405,-0.0005738057370763272,-0.011516023986041546,0.011680323258042337,0.007312376583834078,8.280937194824219,-2.600475285103997e-05,0.0008445124376462604,-1.6276277165161446e-05,-0.0009276954515371472,0.0008519901661202312,0.008431600107325396,7.265071868896484,1.118438428290577e-06,0.0006426322267664568,4.870045813731849e-06,-0.0005280042882077396,0.0005066874553449453,0.0035028239592127123,9.48539924621582,3.832708805821321e-07,0.00029310290510346435,1.5416935639223084e-06,-0.00030263403023127465,0.00030257456528488553,0.0025586593618446693,11.886493682861328,-8.200661971201834e-07,0.00017720816425621113,-2.273807695019059e-06,-0.00022371531813405454,0.00022569219290744514
F:\Seminario\Seminario-Clustering\datasets\davi\Al Emadi (2019)\Multiclass_Drone_Audio\membo_1\mixed_membo_28-membo_000_.wav,Multiclass_Drone_Audio\membo_1\mixed_membo_28-membo_000_.wav,al_emadi,mixed_membo_28-membo_000,1.024,0.9614858780724228,8.99848747253418,0.0031806841976398112,0.45762886561110766,0.012510878033936024,-0.5791532397270203,0.5731064856052399,0.020927815812280804,8.38225269317627,-0.0006869055778613241,0.06751369871448915,-0.0010362972971051931,-0.07748372703790664,0.07276897132396698,0.008810061316405831,9.79446792602539,0.000832142269898781,0.03101015808438393,0.0012379282852634788,-0.03774681463837624,0.03859443366527559,0.00571390514672118,10.844411849975586,0.00015133308650186358,0.017679776311822562,-0.00011743200593627989,-0.022499049082398415,0.022542467340826988,0.0030623396521694307,11.82939338684082,1.9700840231536333e-06,0.009156368178841853,3.6925775930285454e-05,-0.011507519893348216,0.011421436816453934
F:\Seminario\Seminario-Clustering\datasets\davi\Al Emadi (2019)\Multiclass_Drone_Audio\membo_1\Membo_0_009-membo_000_.wav,Multiclass_Drone_Audio\membo_1\Membo_0_009-membo_000_.wav,al_emadi,Membo_0_009-membo_000,1.024,0.5672673766445923,9.417452812194824,0.0009091525410925879,0.08202952253986365,0.0018356002401560545,-0.10773295238614082,0.109903035312891,0.10667227539432976,9.05146598815918,-2.3117636865032024e-05,0.03557366509550041,-0.0001045913522830233,-0.04678837358951568,0.04780297577381134,0.0793800391745914,9.841087341308594,0.00045524108099040216,0.02172609452671295,0.0010987900895997882,-0.02705474477261305,0.02713669165968896,0.10591155967317525,10.674494743347168,-0.00022835281037653717,0.017762841932356607,7.247162284329534e-05,-0.022156214341521263,0.021057860925793648,0.1407687491133113,11.715275764465332,-3.0356017217490948e-06,0.0144877243119348,-6.125171785242856e-05,-0.017727963998913764,0.017470921203494073
F:\Seminario\Seminario-Clustering\datasets\davi\Al Emadi (2019)\Multiclass_Drone_Audio\membo_1\Membo_1_032-membo_002_.wav,Multiclass_Drone_Audio\membo_1\Membo_1_032-membo_002_.wav,al_emadi,Membo_1_032-membo_002,1.024,0.2547887843764051,9.048368453979492,0.0002107755447459832,0.05805975950852625,-0.0029803120996803045,-0.07268126010894775,0.07660949975252151,0.057615795302985995,9.07447338104248,9.599528173708076e-05,0.02760934368374098,-4.3011932575609535e-05,-0.037528660520911215,0.034193015098571776,0.11536399674004132,10.033529281616211,-2.124516222616449e-06,0.027665688722265977,-0.000852895580464974,-0.03562849760055542,0.036690437048673634,0.24072547889199666,10.896081924438477,-0.0001374914208042214,0.028282484667730968,-4.2462648707441986e-05,-0.035719677805900574,0.035318657755851746,0.3315059446885709,11.862995147705078,2.841689069996161e-06,0.02347889951837598,0.000256214349064976,-0.02936531789600849,0.029397466778755196
F:\Seminario\Seminario-Clustering\datasets\davi\Al Emadi (2019)\Multiclass_Drone_Audio\membo_1\mixed_membo_60-membo_003_.wav,Multiclass_Drone_Audio\membo_1\mixed_membo_60-membo_003_.wav,al_emadi,mixed_membo_60-membo_003,1.024,0.42789684283074003,9.24705696105957,-0.0003285944588410044,0.29932985212751756,-0.0031010527163743973,-0.37897450923919673,0.38619357943534854,0.4416790992116827,9.126667022705078,0.0018404423458121934,0.30410685933613585,-0.03063925262540579,-0.36820851266384125,0.45821272134780894,0.11726232484562045,10.195722579956055,-5.981662358722297e-05,0.11096303803032373,0.004125919425860047,-0.15115104466676713,0.14500537514686584,0.00902798522269194,10.936908721923828,8.939562950725446e-05,0.021789449606261214,-0.00012661103392019868,-0.027610471472144127,0.027960173785686493,0.0041337478892648875,11.858466148376465,4.831543065925896e-06,0.010430300642349963,-0.00020094045612495393,-0.013081347569823265,0.013242420181632047
F:\Seminario\Seminario-Clustering\datasets\davi\Al Emadi (2019)\Multiclass_Drone_Audio\membo_1\mixed_membo_55-membo_004_.wav,Multiclass_Drone_Audio\membo_1\mixed_membo_55-membo_004_.wav,al_emadi,mixed_membo_55-membo_004,0.904,0.4533245671147544,8.935394287109375,-0.0012509420527539287,0.048494779324408634,-8.299070759676397e-05,-0.06563226580619812,0.05984561741352083,0.14681168543935014,8.687278747558594,0.00026335311410078717,0.02760548146097162,-0.0010673339711502194,-0.034540430083870886,0.03644939810037614,0.1253190525125479,9.744489669799805,0.00015518021932134861,0.01806464189849814,-0.0001128374678955879,-0.022381293959915637,0.0230459189042449,0.11860765404034598,10.756253242492676,7.92526511253094e-06,0.012439344290984781,-0.00013848136586602777,-0.015895236283540726,0.0163006242364645,0.15593704089300156,11.757837295532227,8.927286303794924e-06,0.010090453623918305,9.673512977315113e-05,-0.013051212951540946,0.012756211683154106
F:\Seminario\Seminario-Clustering\datasets\davi\Al Emadi (2019)\Multiclass_Drone_Audio\membo_1\Membo_2_017-membo_001_.wav,Multiclass_Drone_Audio\membo_1\Membo_2_017-membo_001_.wav,al_emadi,Membo_2_017-membo_001,1.024,0.44673608170954154,9.386682510375977,0.0005264348743225728,0.06968495527126245,-0.0008478573872707784,-0.09116298407316208,0.09274118542671203,0.03583318972508366,9.016111373901367,-1.7153320149394222e-05,0.019736424019874205,-2.5513039872748777e-05,-0.024869871884584425,0.026205476187169556,0.07388787113292333,9.860952377319336,0.0001436022032514936,0.020068723144180328,0.0001085415860870853,-0.025344536080956458,0.024777209199965,0.17791802611846694,10.886860847473145,9.392616164518446e-06,0.022039896609032845,-0.00017705961363390088,-0.02749592438340187,0.0274830162525177,0.2656248313139845,11.919832229614258,-1.3922988367686019e-05,0.01905040617733137,-0.00035162424319423735,-0.02366865612566471,0.024214421957731252
F:\Seminario\Seminario-Clustering\datasets\davi\Al Emadi (2019)\Multiclass_Drone_Audio\bebop_1\mixed_12-bebop_002_.wav,Multiclass_Drone_Audio\bebop_1\mixed_12-bebop_002_.wav,al_emadi,mixed_12-bebop_002,1.024,0.8495970969870343,8.808744430541992,-0.0007973571753274035,0.37245430739264096,-0.025952608324587345,-0.4477555751800537,0.4825186163187028,0.046212892910024304,8.917192459106445,0.00025215907151205014,0.0868654848509007,0.0011402206146158278,-0.11363389268517493,0.10697921961545952,0.038857406808299584,9.950288772583008,-8.993623827249918e-05,0.05640560051635938,-0.001298810646403581,-0.07235166579484939,0.07147049605846405,0.03990745457617468,10.940364837646484,-0.00042315113386061495,0.04045241728486235,-1.4419900253415108e-05,-0.05332331359386444,0.05166967585682869,0.025425148718467037,11.932016372680664,-5.3613289137507404e-05,0.022842423182053703,-7.688513142056763e-05,-0.029080516099929808,0.029176487028598787
F:\Seminario\Seminario-Clustering\datasets\davi\Al Emadi (2019)\Multiclass_Drone_Audio\bebop_1\mixed_53-bebop_004_.wav,Multiclass_Drone_Audio\bebop_1\mixed_53-bebop_004_.wav,al_emadi,mixed_53-bebop_004,0.904,0.7151777003758729,8.702613830566406,-0.004329312572020342,0.2308152825628467,-0.00966605357825756,-0.2940380543470383,0.2941279709339142,0.06699934844203391,8.791065216064453,-0.0014551057398401119,0.07064430527202888,-0.005549185443669558,-0.09043906927108765,0.08976073116064073,0.04838241910126628,9.683612823486328,0.0003390765431792195,0.042527124381159354,-0.0008441338432021439,-0.05185969807207584,0.05395539104938508,0.08679301987765112,10.683683395385742,-9.155198913890942e-05,0.04031639459537846,-0.0005705455550923944,-0.05095897987484932,0.050687868148088455,0.08264751220317583,11.778945922851562,9.018154824795407e-06,0.027832374571455216,-1.7139245755970478e-07,-0.036000479757785794,0.03553335145115854
F:\Seminario\Seminario-Clustering\datasets\davi\Al Emadi (2019)\Multiclass_Drone_Audio\membo_1\extra_membo_D2_2024.wav,Multiclass_Drone_Audio\membo_1\extra_membo_D2_2024.wav,al_emadi,extra_membo_D2,0.981375,0.9219549358457916,8.855697631835938,-8.245074461363331e-06,0.025734688350967073,0.0008203062461689115,-0.033022984862327576,0.03342029675841331,0.024111412963724998,8.992816925048828,-1.0156332761257863e-05,0.004161732242284204,-8.638804138172418e-05,-0.005394086334854364,0.0054928330704569804,0.019022112153533517,9.836429595947266,4.9751500841389905e-06,0.0026178135366477164,4.4240236093173735e-05,-0.0034127308521419764,0.003283026814460754,0.017266648253063628,10.853349685668945,-2.1682429261986485e-05,0.0017648087559321312,1.7174814274767414e-05,-0.002221508347429335,0.002248385129496455,0.017644890783886244,11.907615661621094,2.9428460717379143e-06,0.0012620760283086566,-9.64024366112426e-07,-0.0016315966146066784,0.0016337338718585667
F:\Seminario\Seminario-Clustering\datasets\davi\Al Emadi (2019)\Multiclass_Drone_Audio\unknown\4-180453-A-171.wav,Multiclass_Drone_Audio\unknown\4-180453-A-171.wav,al_emadi,4-180453-A-171,1.0216875,0.1913798185676775,7.476384162902832,4.55127018848108e-05,0.012764501930398445,-0.00048470793990418315,-0.01094788396731019,0.012133626732975246,0.24187621097714704,7.249621391296387,-0.00032526318081808057,0.01434642038213732,0.0003676740307128057,-0.012601645942777396,0.010917127039283518,0.434389800660356,8.288190841674805,-0.00022909233564455376,0.013619542627682285,-2.1253814338706434e-05,-0.012578914873301983,0.011607315763831139,0.07424133012254538,9.815996170043945,-2.571192385414378e-05,0.0039847507207261415,-2.494849104550667e-05,-0.003930809255689382,0.003951552510261536,0.05811283967227407,9.765913963317871,-8.255475760040022e-06,0.002493973337857871,6.3469178712693974e-06,-0.00192000693641603,0.001883251941762865
F:\Seminario\Seminario-Clustering\datasets\davi\Al Emadi (2019)\Multiclass_Drone_Audio\unknown\3-172881-A-484.wav,Multiclass_Drone_Audio\unknown\3-172881-A-484.wav,al_emadi,3-172881-A-484,0.95975,0.4952368968828138,5.790337562561035,-4.372860474452207e-05,0.07911086131539402,0.0004589686868712306,-0.04109226167201996,0.04056786186993122,0.26550835596311073,5.4392242431640625,0.001005957006183612,0.057916626548017956,-0.0007116126362234354,-0.030764160677790642,0.029441661201417446,0.1938743358715574,5.326461315155029,-0.0003040921426027244,0.03506280987818483,-0.000167254387633875,-0.013486099243164063,0.01302837170660496,0.037152080176097974,7.322676658630371,-3.026572341031634e-06,0.010862207088109185,-3.366814235050697e-05,-0.0058908518869429825,0.006034919153898957,0.00822833110642009,6.742654323577881,-3.009142048376885e-07,0.00361630677382935,1.0117419151356444e-05,-0.0015548146329820156,0.0015207757242023945
F:\Seminario\Seminario-Clustering\datasets\davi\Al Emadi (2019)\Multiclass_Drone_Audio\bebop_1\mixed_42-bebop_000_.wav,Multiclass_Drone_Audio\bebop_1\mixed_42-bebop_000_.wav,al_emadi,mixed_42-bebop_000,1.024,0.7417117217705747,8.170207977294922,-0.00047047330152460385,0.19373838215732223,-0.0031857669819146395,-0.18983412832021712,0.20745176523923875,0.023035546621049025,8.954751968383789,-0.0008415674307277354,0.03413238776735525,-0.000850148790050298,-0.04470397271215915,0.04277682304382324,0.0605328999419686,9.887346267700195,0.0008182088420542016,0.03918491237272867,0.0019361855229362845,-0.04754749238491058,0.0502983283251524,0.09924924194857239,10.894993782043457,-0.0003365723248523325,0.035515440200353486,-0.00014644954353570938,-0.04572493955492973,0.04493878781795502,0.07547058971783531,11.920151710510254,3.287593138584531e-05,0.021909471446380543,-6.334856152534485e-05,-0.02771069891750812,0.028311050683259967
F:\Seminario\Seminario-Clustering\datasets\davi\Al Emadi (2019)\Multiclass_Drone_Audio\unknown\3-197435-B-223.wav,Multiclass_Drone_Audio\unknown\3-197435-B-223.wav,al_emadi,3-197435-B-223,1.0216875,0.05116462771059118,2.931551933288574,-0.00012035673038122936,0.03135952443285756,-2.9297701075847726e-05,-0.0021998236887156956,0.002430274453945467,0.1138953735642057,4.244730472564697,0.0017644219259592537,0.046755399244191136,-3.49376671238133e-06,-0.004507187893614173,0.00496173077262938,0.41159227772328033,4.428531646728516,0.0012585916990832536,0.06298835371740323,-1.8088336446453468e-06,-0.0057088260538876055,0.004890826903283597,0.34109932800466625,5.300403118133545,6.253298306546813e-05,0.04058414507277681,1.373549594063661e-06,-0.00313563731033355,0.0030375387286767394,0.08224839299725653,5.687854290008545,5.653440812095499e-05,0.014097676405048762,0.0,-0.00080693633062765,0.0008932762895710778
F:\Seminario\Seminario-Clustering\datasets\davi\Al Emadi (2019)\Multiclass_Drone_Audio\unknown\running_tap011.wav,Multiclass_Drone_Audio\unknown\running_tap011.wav,al_emadi,running,4.992,0.058521551339654906,11.240274429321289,-0.0006054889497568174,0.066531557213361,-0.00024026248138397932,-0.08597625568509101,0.08445904478430748,0.03815061540045891,11.13882064819336,3.7135786990112045e-05,0.05372030033828161,-0.0004074926837347448,-0.06653827056288719,0.06771470308303834,0.06281006083256495,11.93527603149414,-0.00035989269014677843,0.04875351317254043,-9.112093175644986e-05,-0.058718162775039676,0.05837366804480556,0.2960582366368297,13.065959930419922,0.00013913482573250257,0.07486038499001073,-0.00012647753464989364,-0.09160183221101761,0.0931063413619995,0.5444595357904916,14.022321701049805,9.56235944394514e-05,0.07179094755702328,-0.00015159220492932945,-0.08704357892274857,0.08810550272464755
F:\Seminario\Seminario-Clustering\datasets\davi\Al Emadi (2019)\Multiclass_Drone_Audio\unknown\1-97392-A-04.wav,Multiclass_Drone_Audio\unknown\1-97392-A-04.wav,al_emadi,1-97392-A-04,0.95975,0.0,-0.0,0.0,0.0,0.0,0.0,0.0,0.0,-0.0,0.0,0.0,0.0,0.0,0.0,0.0,-0.0,0.0,0.0,0.0,0.0,0.0,0.0,-0.0,0.0,0.0,0.0,0.0,0.0,0.0,-0.0,0.0,0.0,0.0,0.0,0.0
F:\Seminario\Seminario-Clustering\datasets\davi\Al Emadi (2019)\Multiclass_Drone_Audio\unknown\3-154781-A-323.wav,Multiclass_Drone_Audio\unknown\3-154781-A-323.wav,al_emadi,3-154781-A-323,1.0216875,0.22309935063571246,8.792723655700684,-0.00031798785935474377,0.005404788129436748,-0.00015061451267683879,-0.006925782328471542,0.006277360673993828,0.1271237940853779,7.446730136871338,0.00019874920479989302,0.004082057972024668,6.070010567782447e-05,-0.0033074958249926564,0.003798968694172801,0.159293280562576,7.132657051086426,2.622891329011771e-05,0.0032403355466600753,3.225062391720712e-05,-0.0019521248061209913,0.0019676685333251953,0.33770693943586266,7.733628273010254,2.082941560657955e-05,0.0033386445436519316,6.385430424415972e-06,-0.0014018484158441421,0.001376279105897993,0.15277663528047097,8.173519134521484,-2.3019023521303567e-06,0.0015885740472774373,4.136363713769242e-07,-0.000608803448267281,0.0006184316123835743
F:\Seminario\Seminario-Clustering\datasets\davi\Al Emadi (2019)\Multiclass_Drone_Audio\unknown\1-196660-A-84.wav,Multiclass_Drone_Audio\unknown\1-196660-A-84.wav,al_emadi,1-196660-A-84,0.95975,0.22578122356155328,8.816435813903809,-0.0017593460324785324,0.14036128792421335,0.003736042999662459,-0.18374567478895187,0.17397601902484894,0.5112154912390907,8.71945571899414,0.0022186780860207686,0.21121055050920348,0.0051991320215165615,-0.26071910560131073,0.2869540601968765,0.15210373081914635,9.683362007141113,-6.844852926276092e-05,0.08161698324692661,-0.0002004790585488081,-0.10006294995546341,0.10210164189338687,0.10491462595433729,10.531890869140625,8.838252790504098e-05,0.047968013335486094,-5.469347524922341e-05,-0.05674745552241802,0.05758593082427979,0.005984928425872374,11.426292419433594,-2.3145278589361227e-06,0.008104882503300215,2.9157265089452267e-05,-0.009271842427551746,0.009414950385689735
F:\Seminario\Seminario-Clustering\datasets\davi\Al Emadi (2019)\Multiclass_Drone_Audio\unknown\4-204115-A-393.wav,Multiclass_Drone_Audio\unknown\4-204115-A-393.wav,al_emadi,4-204115-A-393,1.0216875,0.0,-0.0,0.0,0.0,0.0,0.0,0.0,0.0,-0.0,0.0,0.0,0.0,0.0,0.0,0.0,-0.0,0.0,0.0,0.0,0.0,0.0,0.0,-0.0,0.0,0.0,0.0,0.0,0.0,0.0,-0.0,0.0,0.0,0.0,0.0,0.0
F:\Seminario\Seminario-Clustering\datasets\davi\Al Emadi (2019)\Multiclass_Drone_Audio\bebop_1\mixed_26-bebop_002_.wav,Multiclass_Drone_Audio\bebop_1\mixed_26-bebop_002_.wav,al_emadi,mixed_26-bebop_002,1.024,0.9345474295796314,9.27919864654541,0.008897546347845526,0.5213035519530118,0.0653066448867321,-0.7202552437782288,0.664770793914795,0.010935807192492127,8.948786735534668,0.00011425078835211766,0.056399826505148264,-0.00042669952381402254,-0.07074227333068847,0.07222165018320084,0.012613124673045786,9.956789016723633,-0.0003991137341202392,0.042890802743888366,-0.0010544074466452003,-0.056185552105307575,0.05510489009320737,0.022323651163091485,10.929165840148926,-0.0015452795655059432,0.04035444771487923,-0.0017682057805359364,-0.05286398157477379,0.05010173097252846,0.019579987391739172,11.928568840026855,5.204105587551016e-05,0.026754864244435895,0.00040317222010344267,-0.034025166928768155,0.03371979743242265
F:\Seminario\Seminario-Clustering\datasets\davi\Al Emadi (2019)\Multiclass_Drone_Audio\unknown\2-87794-A-243.wav,Multiclass_Drone_Audio\unknown\2-87794-A-243.wav,al_emadi,2-87794-A-243,1.0216875,0.27328709964950776,7.110154628753662,-0.0017556732910145058,0.011404752381732285,0.0,-0.01250294828787446,0.003957578167319304,0.20397947122406876,7.045178413391113,-0.0005300791867443081,0.009954986966053023,0.0,-0.008385978545993565,0.005666969949379575,0.2369847642002299,7.955753326416016,3.2016067644124846e-05,0.007611043701227215,0.0,-0.005619525071233511,0.00440870225429535,0.26886897764749323,9.077177047729492,-6.026570318437658e-06,0.005736686478335578,0.0,-0.003961750306189059,0.003837226447649303,0.016879687278700328,10.056999206542969,-1.5238500816201406e-08,0.0010168198536656913,0.0,-0.0006969738285988569,0.0007036847644485534
F:\Seminario\Seminario-Clustering\datasets\davi\Al Emadi (2019)\Multiclass_Drone_Audio\unknown\5-216131-A-322.wav,Multiclass_Drone_Audio\unknown\5-216131-A-322.wav,al_emadi,5-216131-A-322,0.97525,0.040907967400936204,8.147932052612305,9.697181099301174e-05,0.009836389688589601,0.0005921272095292807,-0.01126464456319809,0.010055562481284142,0.045965236326349336,4.407111644744873,-0.0009379825670830736,0.010384924269209788,-3.2349991670344025e-05,-0.002803751267492771,0.0017598116537556052,0.21914055206808006,5.849644660949707,0.0003892319893738583,0.016118987497885828,-1.132498073275201e-05,-0.002895122626796365,0.0029772425768896937,0.5209686469349271,5.7814178466796875,9.141821004422288e-05,0.01759224111527274,-7.236321835080162e-07,-0.0020957429660484195,0.0021723665995523334,0.17301759726970736,6.975171089172363,0.00012315822830991213,0.007171037631876904,7.189100870164111e-07,-0.0007998478715308009,0.0009570969967171555
F:\Seminario\Seminario-Clustering\datasets\davi\Al Emadi (2019)\Multiclass_Drone_Audio\unknown\5-201172-A-461.wav,Multiclass_Drone_Audio\unknown\5-201172-A-461.wav,al_emadi,5-201172-A-461,1.0216875,0.2746608751785816,8.833894729614258,-0.002598041099594029,0.21717447249959843,0.005306157283484936,-0.2864238083362579,0.2675422459840775,0.4135880102428989,9.016855239868164,-0.003232245784092528,0.2664977009009126,-0.006449840031564236,-0.35545189082622525,0.34128483831882483,0.22216235065828632,9.702790260314941,-8.906986816204892e-05,0.1383573233528096,-0.000447122729383409,-0.1684157907962799,0.16886334121227264,0.0766796466531974,10.423097610473633,0.0007554410715349144,0.057513894959273476,6.46955450065434e-05,-0.06623712480068206,0.066972653567791,0.012909117267035742,11.291337013244629,7.221838279773733e-06,0.016695108527790884,-8.864665869623423e-05,-0.017897334694862366,0.01821110248565674
F:\Seminario\Seminario-Clustering\datasets\davi\Al Emadi (2019)\Multiclass_Drone_Audio\unknown\5-251426-A-302.wav,Multiclass_Drone_Audio\unknown\5-251426-A-302.wav,al_emadi,5-251426-A-302,0.97525,0.9414494646815852,8.845381736755371,-7.859564297498493e-06,0.0010508790850410085,-2.0552557543851435e-05,-0.0012868010671809316,0.001371082034893334,0.01285129461766663,8.726875305175781,2.7160179925936104e-06,0.00012275340735748644,4.937245194014395e-06,-0.00015217973850667477,0.00014468493463937193,0.008862361822496846,9.857637405395508,-1.0199323435756352e-06,7.220177743459501e-05,-3.1436345580004854e-06,-9.28931767703034e-05,9.338304880657233e-05,0.013771975267965612,10.857294082641602,-9.73747864706079e-07,6.369160034621741e-05,-1.0760953728095046e-07,-8.365639223484322e-05,8.031729885260575e-05,0.02306490361028572,11.856794357299805,-3.3375366950969805e-07,5.8315386068437256e-05,-1.288867679249961e-07,-7.494314777432009e-05,7.439194014295936e-05
F:\Seminario\Seminario-Clustering\datasets\davi\Al Emadi (2019)\Multiclass_Drone_Audio\membo_1\mixed_membo_60-membo_004_.wav,Multiclass_Drone_Audio\membo_1\mixed_membo_60-membo_004_.wav,al_emadi,mixed_membo_60-membo_004,0.904,0.512864015072403,9.025348663330078,0.000836485753265711,0.2566990498620643,0.001607649028301239,-0.32858909368515016,0.328498786687851,0.3711664747443451,8.83867359161377,-0.0004980160387496434,0.218377905549723,-0.022728651762008667,-0.2605065435171127,0.3189998209476471,0.09235781944417112,9.897970199584961,-0.0006515616108106653,0.07715229483993953,-0.009711168240755796,-0.09482203871011734,0.10798640176653863,0.014943850240110223,10.763734817504883,0.00028017608195552807,0.02196482861536997,0.00022131839068606496,-0.02809673175215721,0.028158962726593018,0.008667840498970595,11.534778594970703,2.783045908825169e-06,0.011835383284986819,4.1973195038735867e-05,-0.014512360468506812,0.014111529663205148
F:\Seminario\Seminario-Clustering\datasets\davi\Al Emadi (2019)\Multiclass_Drone_Audio\bebop_1\mixed_57-bebop_001_.wav,Multiclass_Drone_Audio\bebop_1\mixed_57-bebop_001_.wav,al_emadi,mixed_57-bebop_001,1.024,0.6659619247797786,7.778019428253174,-0.0021216504396735104,0.14531675291619256,-0.0040217796340584755,-0.1384091556072235,0.1431260958313942,0.044909638607745876,8.950481414794922,-0.0007528438919746018,0.0377329374797485,-0.0010294769890606403,-0.047865718975663184,0.04811410419642926,0.06964320618285784,9.86817741394043,0.0007664690479072139,0.033272072163394936,0.0002749899576883763,-0.041677869483828546,0.04334753006696701,0.12311689905775067,10.920804023742676,-0.0010065636736209047,0.0313000757183071,-0.001286915154196322,-0.04031532630324364,0.03973369300365448,0.09636833137186707,11.913118362426758,-8.257322514420384e-05,0.019599487484983736,-0.00015584513312205672,-0.025489060953259465,0.024739972501993182
F:\Seminario\Seminario-Clustering\datasets\davi\Al Emadi (2019)\Multiclass_Drone_Audio\bebop_1\B_S2_D1_070-bebop_000_.wav,Multiclass_Drone_Audio\bebop_1\B_S2_D1_070-bebop_000_.wav,al_emadi,B_S2_D1_070-bebop_000,1.024,0.43052913562111056,8.327116012573242,-0.001050420553486758,0.19730976908874437,-0.0020627635531127453,-0.21723446547985076,0.2022116854786874,0.04704706703300853,8.894424438476562,-0.0006130926399175258,0.06522296565740206,-0.0020458197104744613,-0.08634385615587234,0.0802224569022656,0.12113971685912228,9.901518821716309,-0.0014028075918727106,0.07410326548750455,-0.0015253443852998316,-0.09575610160827637,0.09372266978025437,0.22701621335506286,10.916399002075195,-0.0019366969913320892,0.07177903642123387,-0.002773604355752468,-0.09328394383192062,0.08946976810693741,0.17426786713169573,11.897283554077148,-9.9000902863236e-05,0.044504627451918445,-0.0007250101771205664,-0.05599006339907646,0.05592748373746872
F:\Seminario\Seminario-Clustering\datasets\davi\Al Emadi (2019)\Multiclass_Drone_Audio\unknown\4-212728-A-340.wav,Multiclass_Drone_Audio\unknown\4-212728-A-340.wav,al_emadi,4-212728-A-340,1.0216875,0.050789889136046415,6.383921146392822,-0.0010184946009538867,0.04991258435909753,-0.001010649953968823,-0.03432644307613373,0.025406712479889404,0.037554586160019825,3.9698314666748047,-0.0010947311216202504,0.042914302736398686,-2.8228045266587287e-05,-0.006372282141819596,0.005399064207449556,0.13420189624361314,4.4466376304626465,6.866920708230267e-05,0.057479954208655516,-2.2382240786100738e-05,-0.009416098706424235,0.00951859634369612,0.2504697616039838,6.105863571166992,0.0007359534171210723,0.05556228911229881,1.3284639862831682e-05,-0.012157287355512377,0.01528441356495023,0.5269838668563368,8.023722648620605,7.019203459559828e-07,0.05701774659259631,1.0029352779383771e-05,-0.02014184035360813,0.02129686549305921
F:\Seminario\Seminario-Clustering\datasets\davi\Al Emadi (2019)\Multiclass_Drone_Audio\unknown\2-118964-A-03.wav,Multiclass_Drone_Audio\unknown\2-118964-A-03.wav,al_emadi,2-118964-A-03,1.0216875,0.0,-0.0,0.0,0.0,0.0,0.0,0.0,0.0,-0.0,0.0,0.0,0.0,0.0,0.0,0.0,-0.0,0.0,0.0,0.0,0.0,0.0,0.0,-0.0,0.0,0.0,0.0,0.0,0.0,0.0,-0.0,0.0,0.0,0.0,0.0,0.0
F:\Seminario\Seminario-Clustering\datasets\davi\Al Emadi (2019)\Multiclass_Drone_Audio\unknown\4-183882-B-281.wav,Multiclass_Drone_Audio\unknown\4-183882-B-281.wav,al_emadi,4-183882-B-281,1.0216875,0.8237601109195138,8.42531681060791,-0.0036592560480321586,0.23654674497883815,0.01354774134233594,-0.334196725487709,0.27291750609874754,0.1579726995104136,8.280292510986328,0.00010444721281296888,0.10359991103507148,-9.62469493970275e-06,-0.1323930189013481,0.1318427428603173,0.008431044969167951,8.925911903381348,-0.0012055239908754655,0.016909624302300436,-0.0001091923622880131,-0.02005774490535259,0.015495618991553786,0.004143032590659409,9.76407241821289,-7.205212492436913e-05,0.008408926337822246,-5.54858343093656e-06,-0.008575764764100314,0.00814322279766202,0.005693112010245152,10.94953441619873,-1.2299285621054125e-05,0.0069733634703197924,-2.591527663753368e-05,-0.007453897595405578,0.007507260888814926
F:\Seminario\Seminario-Clustering\datasets\davi\Al Emadi (2019)\Multiclass_Drone_Audio\membo_1\Membo_1_046-membo_004_.wav,Multiclass_Drone_Audio\membo_1\Membo_1_046-membo_004_.wav,al_emadi,Membo_1_046-membo_004,0.896,0.9619964825359891,7.266265392303467,0.0007711529531443859,0.3879916847227182,0.015547342598438263,-0.28126308321952814,0.34152991473674743,0.006431630101531719,7.80778694152832,0.00022488599443062728,0.0317238686371172,0.000249479096964933,-0.034207238256931304,0.03432614058256149,0.007793552349270989,9.366270065307617,-0.0002237704661066822,0.024734031152432216,0.0002240373578388244,-0.03019196055829525,0.029731693491339677,0.010001847863489214,10.182427406311035,0.00025358316796469406,0.0198315970216974,0.0001905831741169095,-0.021296685189008714,0.022299258038401607,0.013776487149718995,11.14140510559082,4.674884428905827e-05,0.016467111723007088,0.00023081916151568294,-0.018365155905485153,0.017992990091443062
F:\Seminario\Seminario-Clustering\datasets\davi\Al Emadi (2019)\Multiclass_Drone_Audio\membo_1\Membo_0_011-membo_003_.wav,Multiclass_Drone_Audio\membo_1\Membo_0_011-membo_003_.wav,al_emadi,Membo_0_011-membo_003,1.024,0.744537937882431,9.044696807861328,0.0003099220660198661,0.09113780502358157,-0.000860951840877533,-0.11601910293102265,0.1169009268283844,0.08894654078091994,8.976653099060059,-9.825544719347217e-05,0.03150069134992577,0.0005478583625517786,-0.03977292291820049,0.03892941027879715,0.05499048204838172,9.909255981445312,-2.0638704210730742e-05,0.017539593397785023,0.0002116796822519973,-0.02244435977190733,0.022222164086997512,0.0494893024498169,10.95639419555664,-8.090134221819634e-05,0.011775431086456963,-1.438066828995943e-05,-0.01539380382746458,0.015199792571365833,0.06203573683845052,11.95577335357666,1.975929713173185e-05,0.009326566771406596,9.783566929399967e-05,-0.012168139219284058,0.011891820281744004
F:\Seminario\Seminario-Clustering\datasets\davi\Al Emadi (2019)\Multiclass_Drone_Audio\bebop_1\B_S2_D1_075-bebop_004_.wav,Multiclass_Drone_Audio\bebop_1\B_S2_D1_075-bebop_004_.wav,al_emadi,B_S2_D1_075-bebop_004,0.896,0.23667274936185279,8.692153930664062,-0.00019701020564974808,0.1183679065704929,-0.005787579342722893,-0.15120139718055725,0.14813463538885113,0.052152966017126504,8.769765853881836,0.0003369893779513011,0.05556380430264135,0.0029186761239543557,-0.06919908002018928,0.07164994850754736,0.15722680892463992,9.615863800048828,0.0025097283029740826,0.06828716000404725,0.0015313185867853463,-0.08302507698535919,0.08834033086895943,0.31905779691537256,10.741065979003906,-0.001431675358621267,0.06888392566684864,-0.0020290245302021503,-0.08939910382032394,0.08663505762815481,0.23488967878100825,11.725639343261719,-6.427418826300482e-05,0.041822048688389485,0.00034604992833919823,-0.05364766716957092,0.05300859361886978
F:\Seminario\Seminario-Clustering\datasets\davi\Al Emadi (2019)\Multiclass_Drone_Audio\bebop_1\mixed_54-bebop_003_.wav,Multiclass_Drone_Audio\bebop_1\mixed_54-bebop_003_.wav,al_emadi,mixed_54-bebop_003,1.024,0.6779305107756846,8.867758750915527,-0.00763660262935587,0.3409240829443915,-0.01006738469004631,-0.4243108302354813,0.41138130724430083,0.06622796389844644,8.837892532348633,-0.0036424988593671075,0.10652240972888914,-0.007128728553652763,-0.1395394027233124,0.12603161931037907,0.05106012824542537,9.851886749267578,0.0009605957656672443,0.066265539516381,0.0016763634630478919,-0.08119819834828376,0.08360049799084664,0.061425795098140765,10.893982887268066,-0.0010539232568204575,0.05143183050766291,-0.0010042402427643538,-0.06573961675167084,0.06492029130458832,0.14335560198230285,12.083752632141113,-0.00013752013799047427,0.05559351839207505,7.921550422906876e-05,-0.07230982929468155,0.07283871322870254
F:\Seminario\Seminario-Clustering\datasets\davi\Al Emadi (2019)\Multiclass_Drone_Audio\unknown\3-151557-A-284.wav,Multiclass_Drone_Audio\unknown\3-151557-A-284.wav,al_emadi,3-151557-A-284,0.95975,0.7483380559515557,8.795563697814941,-0.002097205136133518,0.019895515256767703,-0.002496898523531854,-0.0252770334482193,0.023181728087365627,0.09923925795345173,8.685813903808594,-8.895604992035006e-05,0.007284758859106259,-2.26000884140376e-05,-0.009109529666602612,0.008779255207628012,0.09625191377423742,9.451187133789062,3.819627471135131e-05,0.005082430077140691,0.00013828559895046055,-0.0060263703577220435,0.005971794761717322,0.032790345624442,10.813984870910645,2.9915190885791705e-05,0.002099092477285846,2.4801291147014126e-05,-0.0026083567645400763,0.002676931861788035,0.02338042669631319,11.834754943847656,-3.853128461741188e-06,0.0012540350165099585,9.113635314861313e-06,-0.0016133126337081194,0.0015763035044074059
F:\Seminario\Seminario-Clustering\datasets\davi\Al Emadi (2019)\Multiclass_Drone_Audio\unknown\4-136381-A-94.wav,Multiclass_Drone_Audio\unknown\4-136381-A-94.wav,al_emadi,4-136381-A-94,0.95975,0.0,-0.0,0.0,0.0,0.0,0.0,0.0,0.0,-0.0,0.0,0.0,0.0,0.0,0.0,0.0,-0.0,0.0,0.0,0.0,0.0,0.0,0.0,-0.0,0.0,0.0,0.0,0.0,0.0,0.0,-0.0,0.0,0.0,0.0,0.0,0.0
F:\Seminario\Seminario-Clustering\datasets\davi\Al Emadi (2019)\Multiclass_Drone_Audio\membo_1\extra_membo_D2_2029.wav,Multiclass_Drone_Audio\membo_1\extra_membo_D2_2029.wav,al_emadi,extra_membo_D2,1.0026875,0.9261433898539739,8.982688903808594,-0.00011559806368267579,0.030738480838078293,-0.0007811727118678391,-0.03960981220006942,0.03695207759737969,0.014745460303465583,8.994640350341797,3.745444811382391e-05,0.0038784236918615925,9.366104495711625e-05,-0.004984781425446272,0.005068464856594802,0.020019135480376666,9.91256332397461,3.129392179072793e-05,0.0032010156531044483,-5.154969767318107e-05,-0.004031948279589415,0.004225126467645168,0.02032686841186137,10.913063049316406,4.860768324152266e-06,0.002282597549298579,4.440749398781918e-05,-0.0029460317455232143,0.00292888970579952,0.018765145950322425,11.901142120361328,5.195086646508741e-06,0.0015514684822992941,-8.802919182926416e-06,-0.001954456744715571,0.001995212305337191
F:\Seminario\Seminario-Clustering\datasets\davi\Al Emadi (2019)\Multiclass_Drone_Audio\bebop_1\mixed_60-bebop_003_.wav,Multiclass_Drone_Audio\bebop_1\mixed_60-bebop_003_.wav,al_emadi,mixed_60-bebop_003,1.024,0.41091606412972936,9.22494888305664,-0.00026497721889065306,0.2996309612810257,0.002715175971388817,-0.37659872472286227,0.3919095903635025,0.4234467477021966,9.134235382080078,0.0013642832999642106,0.3041622640390855,-0.03247709572315216,-0.3706629782915115,0.45087443292140966,0.12186784691519514,10.14799976348877,-0.0002704243469387547,0.11555056833086956,0.0016474589938297868,-0.15527163296937943,0.15130892992019654,0.025590988372863593,10.947633743286133,0.0002988062277747946,0.03747259488341927,0.0006995319854468107,-0.04747244715690613,0.047486286610364914,0.01817835288001529,11.92345905303955,-8.759520122371706e-05,0.022342325504864088,-0.00013321888400241733,-0.02864854224026203,0.028474357351660737
F:\Seminario\Seminario-Clustering\datasets\davi\Al Emadi (2019)\Multiclass_Drone_Audio\bebop_1\mixed_13-bebop_004_.wav,Multiclass_Drone_Audio\bebop_1\mixed_13-bebop_004_.wav,al_emadi,mixed_13-bebop_004,0.904,0.5002843508737408,7.761391639709473,-0.00034773273580288,0.11682083375209577,0.0002471290063112974,-0.11247223392128944,0.11436676010489465,0.03624996900773567,8.794246673583984,-0.00037509526426239955,0.03144392035830437,-0.0012854580418206751,-0.0411284901201725,0.039296929910779,0.10731595263939248,9.709295272827148,-0.0009301351866533848,0.03831069186279223,-0.00136577186640352,-0.050132759287953375,0.04836003556847573,0.2273189989694793,10.638056755065918,1.6646539705074837e-05,0.03947644478349345,-0.00020937644876539707,-0.04927854612469673,0.04938971623778343,0.12883072850965177,11.735828399658203,4.3675868824204304e-05,0.02102441813990617,0.00037437910214066505,-0.026805413514375685,0.026558063551783574
F:\Seminario\Seminario-Clustering\datasets\davi\Al Emadi (2019)\Multiclass_Drone_Audio\membo_1\extra_membo_D2_2007.wav,Multiclass_Drone_Audio\membo_1\extra_membo_D2_2007.wav,al_emadi,extra_membo_D2,1.002625,0.8676690942047434,8.981498718261719,9.59686932409675e-05,0.031030039869242042,-0.0007353411638177931,-0.04051393717527389,0.04111542925238609,0.05763821049285516,8.583246231079102,3.1705131439502026e-05,0.007997590930319716,-0.00012238886847626418,-0.009265756234526634,0.009270702488720419,0.038037923454312596,9.739011764526367,5.3443408754384225e-05,0.004601781575206833,3.043303149752319e-05,-0.005600066855549812,0.005828316789120436,0.020343710981646317,10.741308212280273,7.6596909482438e-06,0.002381897196298072,4.047846596222371e-05,-0.002924152137711644,0.002880684239789843,0.016311060866442573,11.757074356079102,5.76555971405415e-06,0.001508673952114028,1.2002001312794164e-05,-0.001884434395469725,0.001877234352286905
F:\Seminario\Seminario-Clustering\datasets\davi\Al Emadi (2019)\Multiclass_Drone_Audio\unknown\1-101404-A-344.wav,Multiclass_Drone_Audio\unknown\1-101404-A-344.wav,al_emadi,1-101404-A-344,0.95975,0.6231008612857936,8.980428695678711,-0.00020105254367555736,0.0022510817306230276,-0.00022234312928048894,-0.0031476420117542148,0.0027699823258444667,0.040953802933357084,8.627418518066406,2.2499659161953986e-05,0.000578970996680177,1.3198402029956924e-05,-0.000678809970850125,0.0007128457655198872,0.07681785402072923,9.50613021850586,-5.886629922835189e-06,0.0005621055279247961,-3.2752182050899137e-06,-0.0006609549280256033,0.0006567527074366809,0.12019195333945014,10.366178512573242,3.6616103512194317e-06,0.0004975768744800238,3.5433699849818368e-06,-0.0005737748986575752,0.0005559501412790269,0.13893552842066997,11.19919204711914,-3.5132864298644335e-07,0.0003784631028452065,1.6507260625076015e-06,-0.00041427367250435054,0.00040604002424515784
F:\Seminario\Seminario-Clustering\datasets\davi\Al Emadi (2019)\Multiclass_Drone_Audio\membo_1\Membo_2_016-membo_003_.wav,Multiclass_Drone_Audio\membo_1\Membo_2_016-membo_003_.wav,al_emadi,Membo_2_016-membo_003,1.024,0.5084969231163717,9.303459167480469,0.0011207536935102132,0.07216394114898385,0.0010515860049054027,-0.09564039632678031,0.09826047569513321,0.07740809312879893,8.980237007141113,0.00023505299673381812,0.02815830439301152,7.941592775750905e-05,-0.036299833655357355,0.03828753903508186,0.09299533687254552,9.779587745666504,0.0005086458335189532,0.021850420065191063,0.0008448853914160281,-0.026126726530492306,0.02708036154508591,0.1327844228762107,10.699198722839355,0.0002603838265471687,0.01848130577904614,-0.00012404844164848328,-0.021601596847176552,0.022328892722725868,0.18831522400607306,11.740266799926758,1.0455650881184888e-05,0.015570953726230375,0.00019018238526768982,-0.018851080164313316,0.019043241813778877
F:\Seminario\Seminario-Clustering\datasets\davi\Al Emadi (2019)\Multiclass_Drone_Audio\membo_1\Membo_2_011-membo_001_.wav,Multiclass_Drone_Audio\membo_1\Membo_2_011-membo_001_.wav,al_emadi,Membo_2_011-membo_001,1.024,0.562174365616668,9.122934341430664,-0.0005037171675742251,0.08030864761222282,-0.002350403810851276,-0.10456487163901329,0.09822958037257196,0.028030482324208548,8.98879623413086,-5.200845846347963e-05,0.017932828984279035,-0.00034559768391773105,-0.02295399773865938,0.02302388232201338,0.056097962143184826,9.935684204101562,-8.901172282736242e-05,0.01796478157519939,0.0002219351299572736,-0.023316022008657455,0.022820171900093555,0.1299772178657679,10.92915153503418,-0.0001543730399036334,0.01935213397769537,-0.0002732124412432313,-0.024824829772114754,0.02411118894815445,0.2237199720501707,11.92874813079834,2.9999421204593646e-05,0.0179610304215097,7.625087164342403e-06,-0.02330649718642235,0.022535134851932526
F:\Seminario\Seminario-Clustering\datasets\davi\Al Emadi (2019)\Multiclass_Drone_Audio\bebop_1\mixed_52-bebop_001_.wav,Multiclass_Drone_Audio\bebop_1\mixed_52-bebop_001_.wav,al_emadi,mixed_52-bebop_001,1.024,0.7301937492704549,8.470693588256836,-0.0023498892677875543,0.1990998383124523,-0.004984297789633274,-0.2334817886352539,0.2180857360363007,0.05179918928728955,8.568425178527832,0.0006410435701944205,0.05302880536123326,-0.00016535355825908482,-0.06296994239091873,0.06167488396167755,0.052709320501809355,9.936211585998535,0.000940373241423324,0.03787131317096351,0.0010921165812760592,-0.04692890867590904,0.049580192565917974,0.09301669420854813,10.953411102294922,-8.636779005507425e-05,0.03561516823729084,0.00025063601788133383,-0.04676082730293274,0.04477535933256149,0.07228104673189806,11.939165115356445,2.3677927790590507e-06,0.022209481957962164,0.00012706889538094401,-0.02839658036828041,0.02847252897918225
F:\Seminario\Seminario-Clustering\datasets\davi\Al Emadi (2019)\Multiclass_Drone_Audio\unknown\2-82274-A-53.wav,Multiclass_Drone_Audio\unknown\2-82274-A-53.wav,al_emadi,2-82274-A-53,1.0216875,0.9724450494058746,8.674168586730957,-0.0005166150903232316,0.03345486538064524,-0.00012265500845387578,-0.04059433676302433,0.03888724744319917,0.013935863983287847,8.62179183959961,1.1569868271633873e-05,0.0040053792822166935,0.00013995282643008977,-0.004663890181109309,0.004497330449521542,0.007381973475549428,9.501077651977539,-6.938617441084743e-05,0.002063692572717522,-2.560587745392695e-06,-0.0025352385360747575,0.0022978009656071663,0.005078448815278081,10.433073997497559,8.021939136680892e-06,0.001211890189972649,2.1361869585234672e-05,-0.001398639567196369,0.0013684215606190266,0.0011586643200100456,11.910402297973633,2.7403491229953097e-07,0.00040950273892875435,2.679036697372794e-06,-0.000510075141210109,0.000511324766557664
F:\Seminario\Seminario-Clustering\datasets\davi\Al Emadi (2019)\Multiclass_Drone_Audio\bebop_1\mixed_56-bebop_004_.wav,Multiclass_Drone_Audio\bebop_1\mixed_56-bebop_004_.wav,al_emadi,mixed_56-bebop_004,0.904,0.5744525453935182,8.243202209472656,-0.0023192812118085697,0.15709148976200726,0.0058008660562336445,-0.1802201762795448,0.16805000454187397,0.08106487718082443,8.111343383789062,0.0018805208707427872,0.05898868171456858,0.00041111817699857056,-0.0615960743278265,0.06697619855403901,0.09302547701122936,9.728887557983398,-0.0003710702626354086,0.04477761860124663,0.0005683886993210763,-0.056168840080499646,0.05595435015857221,0.14467736011944252,10.738643646240234,-0.001043140582089397,0.03951193711553106,-0.0008681132458150387,-0.05146116018295288,0.048290252685546875,0.10677974029498548,11.692273139953613,-4.760904694439453e-05,0.02402248386350474,-7.588089647470042e-05,-0.03055641613900661,0.02965880371630192
F:\Seminario\Seminario-Clustering\datasets\davi\Al Emadi (2019)\Multiclass_Drone_Audio\membo_1\Membo_0_034-membo_002_.wav,Multiclass_Drone_Audio\membo_1\Membo_0_034-membo_002_.wav,al_emadi,Membo_0_034-membo_002,1.024,0.5850608632884484,8.667003631591797,-0.00037514171567327314,0.1062351201283286,-0.002238739747554064,-0.11709755584597588,0.11673933714628222,0.028195197024034137,8.961127281188965,0.00013668331522036806,0.02332117388733356,6.67212952976115e-05,-0.029267222620546818,0.03037099409848452,0.07975099648892355,9.976353645324707,-1.0892640281366157e-05,0.027775169930734,0.00031663206755183637,-0.035786290839314464,0.036360625922679905,0.1254232912394741,10.88737678527832,-2.8320549962503015e-05,0.024650903734250273,5.6553384638391435e-05,-0.031232306733727455,0.03162933886051178,0.18156965195911984,11.865015983581543,1.3971751461663575e-06,0.02098147794094277,8.99035221664235e-05,-0.026639294251799582,0.026392545178532602
F:\Seminario\Seminario-Clustering\datasets\davi\Al Emadi (2019)\Multiclass_Drone_Audio\unknown\4-165813-A-191.wav,Multiclass_Drone_Audio\unknown\4-165813-A-191.wav,al_emadi,4-165813-A-191,1.0216875,0.7517200892515556,8.758914947509766,-6.375665645520946e-05,0.09366084855100992,-0.0007978752255439758,-0.11667407602071762,0.11270997971296311,0.18134560444520004,8.690079689025879,0.00046929688771186914,0.046000336831763564,0.00021631001436617225,-0.05260535292327404,0.05677468925714494,0.05625516938836043,9.699371337890625,-0.000446817937391914,0.018142838809359976,-0.0003885049372911453,-0.02241591140627861,0.021729607507586485,0.01036908322873878,10.639780044555664,-2.674627328367325e-06,0.005513520324899226,1.9832965335808694e-05,-0.006564230611547828,0.006612390326336027,0.00031005368614514663,11.661178588867188,-4.717891498408765e-07,0.0006744472663125572,1.586122380103916e-06,-0.0008109782822430133,0.0008151500369422144
F:\Seminario\Seminario-Clustering\datasets\davi\Al Emadi (2019)\Multiclass_Drone_Audio\unknown\3-156393-A-353.wav,Multiclass_Drone_Audio\unknown\3-156393-A-353.wav,al_emadi,3-156393-A-353,1.0216875,0.9559386970796072,9.111712455749512,-0.0005381086544298607,0.22729897033807006,-0.025630674324929714,-0.2797296762466431,0.32865727841854103,0.02117550582354571,8.806962966918945,-0.00044724915766860234,0.033826932156499914,-0.0009867874905467033,-0.041468361392617226,0.04184305407106877,0.012310004856575468,9.888813018798828,0.00011615748792487206,0.018269622850851108,0.0005042418488301337,-0.023321839794516564,0.022857975587248804,0.0049185415940960694,10.892831802368164,3.123675643649542e-05,0.008171982706669079,0.00029437459306791425,-0.01060249963775277,0.01023591160774231,0.005657250646175573,11.974879264831543,1.6237898800355823e-06,0.006199917841419893,-5.09953242726624e-05,-0.007854197546839714,0.008004393428564072
F:\Seminario\Seminario-Clustering\datasets\davi\Al Emadi (2019)\Multiclass_Drone_Audio\unknown\1-211527-C-203.wav,Multiclass_Drone_Audio\unknown\1-211527-C-203.wav,al_emadi,1-211527-C-203,1.0216875,0.01764757480930395,7.654800891876221,0.000936608034066479,0.022676308144043384,-0.0003473716205917299,-0.02320641614496708,0.023558454960584677,0.07062023966321741,8.619877815246582,-0.0014670410830948982,0.04537719967650864,-0.0003745552385225892,-0.06126057058572769,0.05630090162158013,0.13657357104524492,9.522789001464844,0.000500205375410827,0.04471793006600165,-9.155592124443501e-05,-0.05597702190279961,0.060289020836353305,0.5568675771688208,10.298718452453613,0.0004666649189375622,0.06389885498637415,-7.678499969188124e-06,-0.07435665130615235,0.07672233879566194,0.21829103731341284,11.086174964904785,1.7687096190269693e-05,0.028302015797534778,3.4233271435368806e-05,-0.031973960995674136,0.03187405318021775
F:\Seminario\Seminario-Clustering\datasets\davi\Al Emadi (2019)\Multiclass_Drone_Audio\unknown\2-93030-A-214.wav,Multiclass_Drone_Audio\unknown\2-93030-A-214.wav,al_emadi,2-93030-A-214,0.95975,0.14426162904199225,5.860114574432373,5.890995130527095e-06,0.019734622829692114,-1.4490584362647496e-05,-0.0030619092285633087,0.00223178428132087,0.0780989506578974,5.743128776550293,0.00047467941161752374,0.014512553781755356,1.5031082511995919e-05,-0.0012897158158011734,0.003356221248395741,0.11093892707575843,7.14493465423584,-0.00017069171044808726,0.012258194782458919,1.3631816727865953e-05,-0.0023018119391053915,0.0020490992814302454,0.2811491370759425,8.255110740661621,0.0005342678274698944,0.013800457587164899,3.5143345940014115e-06,-0.0023163825972005716,0.004914049198851,0.3855513561484094,9.296525955200195,-4.856860756330278e-06,0.011441269011481136,-1.2359578249743208e-06,-0.0034550197888165712,0.003039891365915537
F:\Seminario\Seminario-Clustering\datasets\davi\Al Emadi (2019)\Multiclass_Drone_Audio\unknown\5-213836-C-94.wav,Multiclass_Drone_Audio\unknown\5-213836-C-94.wav,al_emadi,5-213836-C-94,0.95975,0.6769633983400469,8.86523723602295,-0.0015597136861858717,0.17028416164336602,-0.0006103377090767026,-0.22523193061351776,0.2112160474061966,0.05499652755109226,8.876543045043945,-0.0025808104317766416,0.04846884898801412,-0.0017096208757720888,-0.06447530537843704,0.05919572524726391,0.1782948378675603,9.504678726196289,0.0003601440392863973,0.06190776223611725,-0.00020747992675751448,-0.07341923117637635,0.07137649208307267,0.08200877141773062,10.415677070617676,5.195867863172579e-05,0.029712296828686847,0.00012087578943464905,-0.03337980471551418,0.03437606617808343,0.007736464823569807,10.975574493408203,3.2078896252888918e-06,0.0064559592979261445,2.99790408462286e-05,-0.006713156588375568,0.006653783842921257
F:\Seminario\Seminario-Clustering\datasets\davi\Al Emadi (2019)\Multiclass_Drone_Audio\unknown\3-100018-A-183.wav,Multiclass_Drone_Audio\unknown\3-100018-A-183.wav,al_emadi,3-100018-A-183,1.0216875,0.8866543572020379,8.172710418701172,0.0016214411867898435,0.6080777368645206,-0.010983642190694809,-0.6979952573776245,0.7149045586585999,0.0759404868131666,8.058156967163086,0.0003238506622805898,0.17795878978991042,0.002569470088928938,-0.19296225160360336,0.17988331019878395,0.017283400488775056,8.735280990600586,-0.0008560318146892966,0.060128397776040725,-0.0010428798850625753,-0.05907979160547256,0.061445613205432896,0.012806584596458032,9.78999137878418,-0.00036327553399192303,0.036627520629065116,7.870217086747289e-05,-0.034793677553534505,0.03414181396365166,0.007315170899562407,10.540070533752441,1.1268450721516602e-05,0.019583720346061727,-5.085719749331474e-05,-0.01878764033317566,0.01883049085736275
F:\Seminario\Seminario-Clustering\datasets\davi\Al Emadi (2019)\Multiclass_Drone_Audio\bebop_1\B_S2_D1_108-bebop_004_.wav,Multiclass_Drone_Audio\bebop_1\B_S2_D1_108-bebop_004_.wav,al_emadi,B_S2_D1_108-bebop_004,0.896,0.5719832066298747,6.058862686157227,0.0020011100296484525,0.24824057880801242,0.0006425618194043636,-0.14555927664041518,0.1471538960933685,0.036777255267240204,8.596517562866211,0.0015481884849795704,0.06292938626314958,0.0017007080605253577,-0.0751710407435894,0.08127603977918625,0.09063694305424216,9.686630249023438,-0.0011899729600416168,0.06998315509575362,-0.002693881979212165,-0.09151834324002266,0.08587175607681273,0.16401567280072074,10.753044128417969,0.00012848144055581083,0.06664286244023257,-0.0002764345845207572,-0.08439728170633316,0.08582937866449358,0.13658692224792215,11.721467971801758,0.0001765205397448847,0.04302387738075002,-0.0006703133694827557,-0.05396471172571182,0.055633965879678726
F:\Seminario\Seminario-Clustering\datasets\davi\Al Emadi (2019)\Multiclass_Drone_Audio\bebop_1\B_S2_D1_123-bebop_004_.wav,Multiclass_Drone_Audio\bebop_1\B_S2_D1_123-bebop_004_.wav,al_emadi,B_S2_D1_123-bebop_004,0.896,0.7046549862621001,8.44410514831543,0.0035193690458651295,0.34946674222134444,-0.0055251403246074915,-0.3905918300151825,0.40005136430263516,0.02792937347199302,8.798577308654785,0.003151313309929955,0.06950631982497361,0.003216624609194696,-0.08527951240539551,0.09013270661234855,0.06190816973711322,9.688346862792969,0.0011284946187831385,0.07336190822830793,0.001118934655096382,-0.09001385197043418,0.0933848962187767,0.11711602107960431,10.736265182495117,-0.0025183650725078225,0.07138290174193482,-0.002389515982940793,-0.09384067058563232,0.08840971291065217,0.08839144944918932,11.74804401397705,-0.0001426986671369797,0.043899123124642794,-8.958473335951567e-05,-0.05557728186249733,0.05618547648191452
F:\Seminario\Seminario-Clustering\datasets\davi\Al Emadi (2019)\Multiclass_Drone_Audio\membo_1\Membo_0_040-membo_003_.wav,Multiclass_Drone_Audio\membo_1\Membo_0_040-membo_003_.wav,al_emadi,Membo_0_040-membo_003,1.024,0.2567556459636882,9.354145050048828,-0.0002517160154524196,0.06683166470660222,-0.001932348939590156,-0.08617945462465286,0.08935801014304162,0.04913769651948006,9.105062484741211,-0.0002877424798003913,0.02923558170454752,0.000147198312333785,-0.03774517104029655,0.03712341897189618,0.1340781073280931,9.960668563842773,-0.00013525343417456287,0.034199464548963394,0.0004699667915701866,-0.04421658031642437,0.044143228232860564,0.24446220858644357,10.928576469421387,-4.5171136672892735e-05,0.03268169287746389,0.00034287950256839395,-0.04116290435194969,0.04245477169752121,0.3155663416022951,11.915456771850586,4.548893408219673e-08,0.026267263952741378,0.00021756486967206,-0.033491792529821394,0.033298338204622274
F:\Seminario\Seminario-Clustering\datasets\davi\Al Emadi (2019)\Multiclass_Drone_Audio\unknown\5-235956-A-474.wav,Multiclass_Drone_Audio\unknown\5-235956-A-474.wav,al_emadi,5-235956-A-474,0.95975,0.6922852015951576,8.79153823852539,-0.007043158449425399,0.5630352926900751,-0.005827363580465317,-0.7127013206481934,0.6675992906093597,0.21162981398049588,8.795463562011719,0.0017682446331252378,0.3113210571459974,0.01014949195086956,-0.38893090188503265,0.39325322210788727,0.08139826178070114,9.626457214355469,0.001039541353284103,0.136771398508662,-0.0015173647552728653,-0.16498700380325318,0.17459093630313877,0.014098340279546392,10.571549415588379,5.245920275133268e-05,0.040281681191974505,0.00037448678631335497,-0.04882167875766754,0.04907203204929832,0.000588382364098998,11.515230178833008,1.217334278039365e-06,0.005821522390986136,1.1804921086877584e-05,-0.00682090874761343,0.006868758238852024
F:\Seminario\Seminario-Clustering\datasets\davi\Al Emadi (2019)\Multiclass_Drone_Audio\bebop_1\B_S2_D1_105-bebop_002_.wav,Multiclass_Drone_Audio\bebop_1\B_S2_D1_105-bebop_002_.wav,al_emadi,B_S2_D1_105-bebop_002,1.024,0.894931164035752,8.755119323730469,-0.009239692895930912,0.6230025991447055,0.006912750657647848,-0.8127763748168945,0.7767670273780823,0.01342009556060924,8.81574535369873,-0.0005169081996145287,0.07629755924560136,-0.002093023620545864,-0.0968464933335781,0.09189131036400795,0.02384952600420254,9.863414764404297,-0.0026535895470737913,0.07197905385420354,-0.005699465051293373,-0.08977373167872428,0.08831071853637695,0.03928741750449706,10.930830001831055,-6.295387637956461e-05,0.06542489771577716,-1.3707089237868786e-05,-0.08291113376617432,0.08391086757183075,0.028511796894939198,11.916145324707031,0.00011838478643836111,0.03942732146091293,-5.865795537829399e-05,-0.04972994178533554,0.050325381010770796
F:\Seminario\Seminario-Clustering\datasets\davi\Al Emadi (2019)\Multiclass_Drone_Audio\bebop_1\B_S2_D1_073-bebop_001_.wav,Multiclass_Drone_Audio\bebop_1\B_S2_D1_073-bebop_001_.wav,al_emadi,B_S2_D1_073-bebop_001,1.024,0.822582542675555,8.139350891113281,0.0010722959486460222,0.4742962922759371,-0.001258921343833208,-0.5007482886314392,0.5104259550571443,0.014638161577454767,8.853214263916016,0.0007102199652030481,0.06326696435959858,0.0026750058168545365,-0.07950086891651154,0.07646176144480707,0.03712329027145018,9.978683471679688,0.00029819484325654044,0.07135081154887109,0.0008875430794432759,-0.08813992142677307,0.08974505364894868,0.07336743160687564,10.888126373291016,0.0016823073640288091,0.07096831520366954,0.0023070513270795345,-0.08772571384906769,0.09262511879205704,0.05228857386866449,11.913381576538086,-5.950418720455117e-06,0.042394411171625374,0.00010845251381397247,-0.05432010665535927,0.05336783975362778
F:\Seminario\Seminario-Clustering\datasets\davi\Al Emadi (2019)\Multiclass_Drone_Audio\membo_1\mixed_membo_33-membo_003_.wav,Multiclass_Drone_Audio\membo_1\mixed_membo_33-membo_003_.wav,al_emadi,mixed_membo_33-membo_003,1.024,0.4895150711394251,9.1111478805542,-0.0019521492103892334,0.2164572867975143,-0.014855452813208103,-0.2746487081050873,0.29183865785598756,0.14382443694461522,8.938741683959961,0.0010781245260359268,0.11732885013996272,0.0005793162272311747,-0.14186666160821915,0.1557928487658501,0.11594352713773917,9.961877822875977,-0.0018319065981478129,0.07457915982000342,-0.001927175559103489,-0.09613607674837112,0.09657740592956543,0.1282942827828118,10.955320358276367,0.00022658603112733365,0.05553676648991941,0.0014772424474358559,-0.07221698015928268,0.0706496611237526,0.12242268199540872,11.95412540435791,-0.00026659103476769767,0.03837703510902754,-0.00038891303120180964,-0.049780366569757456,0.04925922453403473
F:\Seminario\Seminario-Clustering\datasets\davi\Al Emadi (2019)\Multiclass_Drone_Audio\bebop_1\B_S2_D1_068-bebop_002_.wav,Multiclass_Drone_Audio\bebop_1\B_S2_D1_068-bebop_002_.wav,al_emadi,B_S2_D1_068-bebop_002,1.024,0.756910083263499,7.1369524002075195,-0.004215277742325482,0.37991527160807037,0.001197615172713995,-0.30890114605426783,0.2794206380844117,0.019185696090228455,8.943429946899414,-0.0010605339820014123,0.060480218073842504,-3.9143196772783995e-05,-0.07953762859106063,0.07820225432515145,0.058936689186249926,9.86032485961914,-0.0005371204384031525,0.07507433189061086,-0.0007136562198866159,-0.09572160020470619,0.09504333287477493,0.09493273699247592,10.924637794494629,-1.9515590961932044e-05,0.06743308633486501,0.0010554863838478923,-0.08773583918809891,0.08454445749521255,0.07003479446754675,11.932355880737305,2.329363028108028e-05,0.04097248633925205,-9.889001375995576e-05,-0.05293234661221504,0.052634847909212114
F:\Seminario\Seminario-Clustering\datasets\davi\Al Emadi (2019)\Multiclass_Drone_Audio\membo_1\Membo_1_001-membo_002_.wav,Multiclass_Drone_Audio\membo_1\Membo_1_001-membo_002_.wav,al_emadi,Membo_1_001-membo_002,1.024,0.31952742072383394,9.356169700622559,0.0006167997529241935,0.06224280975583887,-0.0006211446598172188,-0.07954992949962617,0.08411955386400223,0.04668613628849177,8.776695251464844,0.00011899868875896802,0.023792768624168365,-0.00025573212769813836,-0.02819350566715002,0.031132692843675612,0.14827626633424815,9.928735733032227,-0.0001397102048891131,0.030026585551393807,0.0008048067684285343,-0.03871407285332679,0.03789969943463802,0.2487080672400335,10.825922012329102,0.0003285467110234055,0.027519728519669887,0.0007522365194745362,-0.0339333675801754,0.034586332738399506,0.2368021094133926,11.829293251037598,1.3534206128370243e-05,0.01899735969858204,0.00018968485528603196,-0.023795736208558082,0.02371968068182469
F:\Seminario\Seminario-Clustering\datasets\davi\Al Emadi (2019)\Multiclass_Drone_Audio\unknown\1-17565-A-120.wav,Multiclass_Drone_Audio\unknown\1-17565-A-120.wav,al_emadi,1-17565-A-120,1.0216875,0.3398276359732287,8.84544849395752,0.0009247694605998134,0.053183211239139674,0.003120778943412006,-0.06869130954146385,0.06653643995523456,0.05374500036047947,4.911744117736816,-0.00029056005217167793,0.021151390209008313,-6.624723027925938e-07,-0.008935491833835841,0.00881479186937214,0.16884906210311676,4.241180419921875,-0.000285070449418669,0.02655588319588319,3.9493472286267206e-05,-0.0062042949721217155,0.006540429126471283,0.2986130062906235,5.284351348876953,-0.00010966670393055679,0.024991354074270503,-6.971506081754342e-06,-0.00554343033581972,0.00545621286146343,0.13896529527255164,6.353139400482178,-6.015704866974848e-05,0.012060301907455842,-1.3948934793006629e-05,-0.0029175508301705123,0.0029682680033147344
F:\Seminario\Seminario-Clustering\datasets\davi\Al Emadi (2019)\Multiclass_Drone_Audio\unknown\5-216370-A-411.wav,Multiclass_Drone_Audio\unknown\5-216370-A-411.wav,al_emadi,5-216370-A-411,1.0216875,0.45872153010522365,8.036684036254883,0.004494574047232786,0.43834139068618966,0.011389779392629862,-0.3787898987531662,0.4676122844219209,0.0853409878810745,8.54829216003418,0.004137037041078861,0.18903211817530008,0.011782406829297543,-0.2257629930973053,0.216226188838482,0.06128679837436972,9.549982070922852,-0.0009337403136004388,0.11348934529784563,-0.00030460068956017494,-0.1297810196876526,0.1252629041671753,0.15562220317561595,10.60171890258789,-0.0015274107870559904,0.12796592459585096,-0.0011859152000397444,-0.15546407252550123,0.15035900771617894,0.23902848046371614,11.616491317749023,-4.017349056618525e-05,0.11219799787662263,0.0006918808212503791,-0.1373680591583252,0.13353872895240787
F:\Seminario\Seminario-Clustering\datasets\davi\Al Emadi (2019)\Multiclass_Drone_Audio\unknown\1-54747-A-460.wav,Multiclass_Drone_Audio\unknown\1-54747-A-460.wav,al_emadi,1-54747-A-460,1.0216875,0.48782907480384363,9.00912094116211,-0.0007357811754576659,0.36716581549694166,-0.007918321527540684,-0.4644091546535492,0.49001486599445354,0.3604981447364068,8.916565895080566,-0.0015117501800246574,0.31562821084937587,-0.0035847220569849014,-0.39849166870117186,0.3995662063360214,0.13095273265695426,9.947397232055664,0.0006308610551598995,0.13474336272908854,-0.0001119246007874608,-0.17069118916988374,0.17326095402240754,0.019699233264682092,10.83427619934082,-3.6571696012022335e-05,0.036981325641260415,-0.00010829407256096601,-0.04568909890949726,0.04568211920559406,0.001020814538113213,11.80827808380127,8.361106573593469e-07,0.005955281037031586,-5.0527509301900864e-05,-0.007337728142738342,0.007396616507321606
F:\Seminario\Seminario-Clustering\datasets\davi\Al Emadi (2019)\Multiclass_Drone_Audio\bebop_1\B_S2_D1_084-bebop_001_.wav,Multiclass_Drone_Audio\bebop_1\B_S2_D1_084-bebop_001_.wav,al_emadi,B_S2_D1_084-bebop_001,1.024,0.8922095036248266,8.574596405029297,0.006484287800222129,0.5625594285295494,0.01185463834553957,-0.6722014129161834,0.6492965400218965,0.01023149479243915,8.913973808288574,-0.0008141576596739186,0.06024121407988952,0.0011456579086370766,-0.07897649928927422,0.07197733148932457,0.022364875881575094,9.937067985534668,-0.00033392974498233744,0.06307531131749673,0.0008543801086489111,-0.08068944215774536,0.07956214249134064,0.04274328945318531,10.953804016113281,-4.8015153665742566e-05,0.06171225474668112,-0.00016931886784732342,-0.07947329431772232,0.07938087731599808,0.032450836247973784,11.93547534942627,8.972598756652137e-05,0.038038178774959616,0.00038631714414805174,-0.048140975832939144,0.048872577399015425
F:\Seminario\Seminario-Clustering\datasets\davi\Al Emadi (2019)\Multiclass_Drone_Audio\membo_1\mixed_membo_26-membo_002_.wav,Multiclass_Drone_Audio\membo_1\mixed_membo_26-membo_002_.wav,al_emadi,mixed_membo_26-membo_002,1.024,0.9778664484404913,9.064993858337402,0.007484816965077398,0.56588873451267,0.02700460236519575,-0.734915268421173,0.7348781883716583,0.008405740643414752,8.679920196533203,0.0004797814447812519,0.0524685533643036,0.0012941125314682722,-0.06186045706272125,0.0650409184396267,0.0039046676497330323,9.914105415344238,-1.3840267473370192e-05,0.025324426459248126,0.0007067718543112278,-0.03203290291130543,0.031705766543745996,0.004528371984128651,10.912839889526367,-0.00013328465272990296,0.01930028274491365,-0.00046082003973424435,-0.024858707562088966,0.025049708783626556,0.005294771282232228,11.961793899536133,-1.826916407010887e-05,0.014763748569925596,-8.923234418034554e-05,-0.018889456987380978,0.01867343857884407
F:\Seminario\Seminario-Clustering\datasets\davi\Al Emadi (2019)\Multiclass_Drone_Audio\bebop_1\B_S2_D1_075-bebop_002_.wav,Multiclass_Drone_Audio\bebop_1\B_S2_D1_075-bebop_002_.wav,al_emadi,B_S2_D1_075-bebop_002,1.024,0.3294534657564694,7.886687278747559,-0.0008729872065460653,0.16249430544651638,-0.002976628136821091,-0.14781188815832136,0.16002185940742494,0.04891119661859836,8.918254852294922,-0.0001890455601506333,0.06261084078225332,0.0025961375795304775,-0.08011825606226922,0.07663214579224588,0.15927554199881427,9.95405387878418,-0.00039867619801520806,0.08000827780067755,-0.00017135089728981256,-0.10453340113162994,0.10136560425162319,0.26503348084838174,10.92177963256836,0.0022247783315911722,0.073007912428971,0.003871822962537408,-0.09280485659837723,0.09415704756975174,0.19732631477773624,11.89353084564209,-1.6197852272719464e-05,0.044584510881153644,-6.4477528212592e-05,-0.05609561055898665,0.05630438551306725
F:\Seminario\Seminario-Clustering\datasets\davi\Al Emadi (2019)\Multiclass_Drone_Audio\membo_1\mixed_membo_22-membo_003_.wav,Multiclass_Drone_Audio\membo_1\mixed_membo_22-membo_003_.wav,al_emadi,mixed_membo_22-membo_003,1.024,0.4659847113942801,9.0997896194458,0.0003898751088678023,0.031836157466895734,-0.0003981807385571301,-0.04000258073210716,0.041012033075094226,0.05481870716460839,8.986090660095215,4.2525635369193236e-05,0.01092014618988636,-0.0007425338844768703,-0.013400827907025814,0.014416408631950617,0.12176686424824243,9.867269515991211,-6.450279920920832e-05,0.01152506849895595,-9.084941120818257e-05,-0.01441283356398344,0.014143933262676002,0.15695407082441953,10.849642753601074,-0.0002662891657524473,0.009256520112167568,-0.00022489888942800462,-0.012138251215219498,0.01123955100774765,0.20047564636844956,11.807083129882812,-2.6507826784557534e-06,0.007403588287888494,4.805934804608114e-05,-0.009308341890573502,0.009270067699253561
F:\Seminario\Seminario-Clustering\datasets\davi\Al Emadi (2019)\Multiclass_Drone_Audio\membo_1\mixed_membo_60-membo_002_.wav,Multiclass_Drone_Audio\membo_1\mixed_membo_60-membo_002_.wav,al_emadi,mixed_membo_60-membo_002,1.024,0.41266601035403944,9.156122207641602,-0.0008240026254568574,0.2851368696399872,-0.008060792461037636,-0.363293319940567,0.37371081709861753,0.4405786401312896,9.099714279174805,-0.00045129872917297107,0.2946232818489766,-0.03538224659860134,-0.3698892712593079,0.42578167617321017,0.1293201867037799,10.081960678100586,-0.0006860099695213711,0.1130314796046634,0.00956249563023448,-0.16026395112276076,0.1406186491250992,0.012479340081544504,10.986711502075195,0.00031138294249592426,0.024847991828862312,-0.0007974657928571105,-0.03121909685432911,0.03375963866710663,0.004955822729346571,11.86703872680664,-7.0142264379973955e-06,0.01107790827981768,-8.608982898294926e-05,-0.01378222107887268,0.013889070786535741
F:\Seminario\Seminario-Clustering\datasets\davi\Al Emadi (2019)\Multiclass_Drone_Audio\unknown\5-195518-A-72.wav,Multiclass_Drone_Audio\unknown\5-195518-A-72.wav,al_emadi,5-195518-A-72,0.97525,0.8498970166767997,8.161966323852539,0.0013283618788019385,0.24417862265934207,0.0004470115527510643,-0.2562599778175354,0.2583284080028534,0.0743183437411706,8.730527877807617,-0.000491628322166948,0.07220526502334894,-0.0009679259383119643,-0.09125617146492004,0.09353666752576828,0.029174504835758914,9.732553482055664,0.0001163444287087523,0.03203906880230966,0.0008331055578310043,-0.04074746370315552,0.03956138528883457,0.014755803776931293,10.510971069335938,0.00010548251494507474,0.016123950854867133,-0.00010332885722164065,-0.01871452573686838,0.019250516779720783,0.03185433096933942,10.992588996887207,8.702162699781366e-05,0.016759357638620406,3.895343979820609e-05,-0.017455383762717245,0.01735419370234014
F:\Seminario\Seminario-Clustering\datasets\davi\Al Emadi (2019)\Multiclass_Drone_Audio\unknown\4-158653-A-323.wav,Multiclass_Drone_Audio\unknown\4-158653-A-323.wav,al_emadi,4-158653-A-323,1.0216875,0.013742833189084395,7.732742786407471,-0.0011680252714063235,0.0076141526891581315,-0.001289846666622907,-0.00797134693711996,0.005760886799544103,0.03382562023218831,6.304186820983887,-0.00039559936355831426,0.012078813326358125,-1.3799979569739662e-05,-0.0054310401901602745,0.00662782546132803,0.19121124819967253,5.927783012390137,-4.736263506023482e-05,0.02035238444796762,3.0871779017616063e-06,-0.005818584840744733,0.00670456262305379,0.6422911083100223,6.481367111206055,-0.00021872025709001653,0.02639453328020235,1.1008462024619803e-05,-0.0053572973236441605,0.005606207344681024,0.11892919006903241,7.880871295928955,-9.359352106446374e-06,0.008034848230316015,2.9143957362975925e-06,-0.001897739293053746,0.0019654121249914184
F:\Seminario\Seminario-Clustering\datasets\davi\Al Emadi (2019)\Multiclass_Drone_Audio\unknown\3-143933-A-382.wav,Multiclass_Drone_Audio\unknown\3-143933-A-382.wav,al_emadi,3-143933-A-382,0.97525,0.34107964685587744,8.32406997680664,0.0006793773637609376,0.0218013035218898,0.0002647395012900233,-0.023575451225042343,0.023841822519898415,0.03357988006803574,4.42929220199585,3.957734512372624e-05,0.0068438049552814175,6.831105565652251e-07,-0.001954232342541218,0.0019112834706902504,0.14204322926469626,4.525887966156006,1.1630758135019917e-05,0.009968398263498657,1.47114287756267e-05,-0.0009450604557059705,0.0009732391044963151,0.36652332541521393,6.076511383056641,-0.00014156902357665563,0.01133054066072373,-8.780796633800492e-06,-0.000620009028352797,0.0006321656110230833,0.11677391839617661,7.035701274871826,8.848165555489903e-06,0.00452465499017942,-1.6503217921126634e-06,-0.0004330331634264439,0.00043710402096621705
F:\Seminario\Seminario-Clustering\datasets\davi\Al Emadi (2019)\Multiclass_Drone_Audio\bebop_1\B_S2_D1_075-bebop_003_.wav,Multiclass_Drone_Audio\bebop_1\B_S2_D1_075-bebop_003_.wav,al_emadi,B_S2_D1_075-bebop_003,1.024,0.28922414027684945,8.611539840698242,0.0021665388216418257,0.14762602431090815,0.0057646166533231735,-0.16767543852329253,0.16805696934461603,0.0539114179591196,8.982734680175781,-0.0011323247342517383,0.06373298654345587,-0.0022796241100877523,-0.08087610751390457,0.07877679020166398,0.17107699628844372,9.887076377868652,-0.0023166787882681838,0.08037598496794252,-0.0006054418918211013,-0.10590112954378128,0.0995069339871407,0.27847646375722457,10.923213958740234,-3.120840322098828e-05,0.07260396782987939,0.0020231660455465317,-0.09594207257032394,0.09163123369216919,0.20731098171836262,11.920536041259766,3.304480256605382e-05,0.04431467816235647,-0.00030921713914722204,-0.057106669992208474,0.05723789632320404
F:\Seminario\Seminario-Clustering\datasets\davi\Al Emadi (2019)\Multiclass_Drone_Audio\membo_1\mixed_membo_53-membo_003_.wav,Multiclass_Drone_Audio\membo_1\mixed_membo_53-membo_003_.wav,al_emadi,mixed_membo_53-membo_003,1.024,0.7128147116358639,8.924365997314453,-0.004681394163528186,0.15811313023757637,-0.005685343639925122,-0.2090139716863632,0.1982584446668625,0.11803812525910731,8.870577812194824,0.00048770925540983387,0.06436778373351087,-0.0004637634119717404,-0.08015878573060035,0.07816201075911522,0.04446425830236904,9.947527885437012,-0.0006030564850507174,0.027970026906205536,-0.0006940611056052148,-0.03546561412513256,0.03507382385432721,0.05745027247989195,11.057916641235352,-9.598188193211656e-05,0.022505346483337855,-8.891487959772348e-05,-0.029560541734099388,0.029678834602236748,0.0672326323227679,11.850001335144043,2.3020198841494664e-05,0.01722279674454926,-7.316196570172906e-05,-0.0214642982929945,0.02144160158932209
F:\Seminario\Seminario-Clustering\datasets\davi\Al Emadi (2019)\Multiclass_Drone_Audio\unknown\2-109371-D-164.wav,Multiclass_Drone_Audio\unknown\2-109371-D-164.wav,al_emadi,2-109371-D-164,0.95975,0.961663116820913,8.807356834411621,0.01140852120809072,0.4281152325442502,0.0152326300740242,-0.5373953282833099,0.5442613065242767,0.027027919849447597,8.873464584350586,0.0002893904423125196,0.07179697357564163,0.00014071135956328362,-0.0929146260023117,0.09240162372589111,0.0092278259718988,9.859332084655762,-0.00020858849434321141,0.029717724390134908,0.00017682946054264903,-0.038947978615760805,0.03702610805630684,0.001963260615649287,10.795492172241211,1.261918203626361e-05,0.009700381999536744,-5.2458548452705145e-05,-0.012485715094953775,0.01200300641357899,0.00011787674209134978,11.813521385192871,1.5319482852105726e-06,0.0016815001584604783,1.123140100389719e-05,-0.0021263910457491875,0.0021432884968817234
F:\Seminario\Seminario-Clustering\datasets\davi\Al Emadi (2019)\Multiclass_Drone_Audio\unknown\2-83667-A-342.wav,Multiclass_Drone_Audio\unknown\2-83667-A-342.wav,al_emadi,2-83667-A-342,0.97525,0.21791448108833586,7.239863872528076,-0.00023065024424841766,0.09190234400638836,0.0004793349653482437,-0.07219570130109787,0.07085390388965607,0.14671015124164427,5.9078803062438965,-0.0015220041196688531,0.07539221847788333,-0.0005929152248427272,-0.033628400415182114,0.03155363351106644,0.26988455531334754,3.969667673110962,0.0012428313516317214,0.07242025265713009,-5.9182966651860625e-06,-0.012283101677894592,0.012316102162003517,0.28930106891742047,5.00706672668457,-7.242560030739327e-05,0.0530674082001635,1.3211341865826398e-05,-0.005630891537293792,0.005599898053333163,0.07618974343925189,5.7709431648254395,-6.8488778309072655e-06,0.019265540296627044,-9.12183168111369e-06,-0.0035007722210139034,0.003520971443504097
F:\Seminario\Seminario-Clustering\datasets\davi\Al Emadi (2019)\Multiclass_Drone_Audio\unknown\1-7057-A-120.wav,Multiclass_Drone_Audio\unknown\1-7057-A-120.wav,al_emadi,1-7057-A-120,1.0216875,0.7789575405134047,8.686893463134766,-3.6615470606844565e-05,0.02209910915691063,0.00022097481996752322,-0.027198557555675507,0.02656824178993703,0.04620391866529569,6.891141891479492,6.376672185430731e-05,0.005381797704990179,5.615785630652681e-05,-0.004391046706587076,0.0044142351485788826,0.01713049613574285,6.470213413238525,5.53091111603209e-05,0.002320628818504039,1.4213925169315189e-05,-0.0016771780792623758,0.0017818261403590443,0.07991580519232382,3.674076557159424,0.0001027725865997269,0.0035463469921171507,-1.0475527233211324e-05,-0.0010322895250283182,0.0010402368963696063,0.07779223949323298,6.038712501525879,-1.4328355437426874e-05,0.0024761611108280023,-4.757728675031103e-06,-0.0009383071330375969,0.000947167351841927
F:\Seminario\Seminario-Clustering\datasets\davi\Al Emadi (2019)\Multiclass_Drone_Audio\unknown\4-161579-A-404.wav,Multiclass_Drone_Audio\unknown\4-161579-A-404.wav,al_emadi,4-161579-A-404,0.95975,0.8249332019412642,8.244438171386719,-0.009170307125124934,0.2514562598990429,-0.0058341361582279205,-0.28944458067417145,0.2780812233686447,0.13611528699400002,8.356002807617188,0.00028052409485611085,0.10221001914042473,0.002954933326691389,-0.12329626455903053,0.11497367545962334,0.02412026848214485,9.551218032836914,3.126284161237879e-05,0.030479349364889906,2.7904403395950794e-05,-0.035850632935762405,0.036976135522127175,0.012162175801856976,10.451826095581055,-5.001742465916535e-05,0.01531587686884797,-7.674326479900628e-05,-0.017977230437099933,0.018190605565905574,0.0026690667807339878,11.50044059753418,-9.22566344394812e-06,0.0050757514704032735,1.2219144991831854e-05,-0.006065158173441887,0.006007786840200424
F:\Seminario\Seminario-Clustering\datasets\davi\Al Emadi (2019)\Multiclass_Drone_Audio\membo_1\extra_membo_D2_2018.wav,Multiclass_Drone_Audio\membo_1\extra_membo_D2_2018.wav,al_emadi,extra_membo_D2,1.0026875,0.9264208829177362,8.859109878540039,0.0003818097546324226,0.034176606986885134,0.0006458857096731663,-0.04226284176111221,0.04492217004299164,0.014751545707002203,8.931245803833008,-4.8209657021114006e-05,0.004312642662156042,-7.516155164921656e-06,-0.005646953824907541,0.005565626267343761,0.020457871551246704,9.869392395019531,1.8606755600776234e-05,0.003597624410436758,7.050807471387088e-05,-0.004614282865077257,0.00456361984834075,0.02216028300496011,10.786545753479004,-6.99297116669465e-05,0.002648725479741206,-5.732880890718661e-05,-0.003403674578294158,0.0031788405030965805,0.016209416819054818,11.71097183227539,-7.261660620403357e-06,0.001603076163539553,-1.5474462998099625e-05,-0.001977624604478478,0.0019671665038913494
F:\Seminario\Seminario-Clustering\datasets\davi\Al Emadi (2019)\Multiclass_Drone_Audio\unknown\4-195305-A-310.wav,Multiclass_Drone_Audio\unknown\4-195305-A-310.wav,al_emadi,4-195305-A-310,1.0216875,0.0950991889604793,5.174800395965576,2.8142143729110455e-06,0.018166748797191525,-3.608738916227594e-05,-0.0046491180546581745,0.0043795079924166215,0.07705689724507482,5.393173694610596,-0.0003059557558353597,0.01635002977317593,1.4876032764732372e-05,-0.0028837365098297596,0.0031866125529632096,0.054050041902833516,5.545578956604004,0.00014252295823464033,0.00969986136021397,-1.0680733794288244e-05,-0.0011288653593510389,0.0010665262117981911,0.07029638213746842,6.202442169189453,-0.00012297792552038505,0.007827633151195345,-3.318247536299168e-06,-0.0005755493650212883,0.0005584633618127555,0.703497489754144,6.7827348709106445,2.150083713851733e-06,0.017519417195287424,1.5340938261942938e-06,-0.0009742307825945316,0.0010317092062905441
F:\Seminario\Seminario-Clustering\datasets\davi\Al Emadi (2019)\Multiclass_Drone_Audio\unknown\4-161105-A-472.wav,Multiclass_Drone_Audio\unknown\4-161105-A-472.wav,al_emadi,4-161105-A-472,0.97525,0.6119766969823667,8.882123947143555,-0.000452595907329913,0.17625467237924392,-0.014059316366910934,-0.21254587173461914,0.23834148049354553,0.29251593806200893,8.875814437866211,0.0016332982781390156,0.12184575278659945,0.00014252556138671935,-0.15551131963729858,0.15825791656970978,0.07847334987036063,9.788400650024414,-0.00025130013115063656,0.044697058721737175,0.0008231449173763394,-0.055485550314188004,0.05558012053370476,0.015553467517484168,10.544541358947754,1.1161597552842804e-05,0.014081745698091125,-2.365857653785497e-06,-0.016680282540619373,0.01660238392651081,0.0014805475677796165,11.34097957611084,4.968610457877214e-06,0.0030735006939523035,1.6469391994178295e-05,-0.0034165717661380763,0.0034686107188463228
F:\Seminario\Seminario-Clustering\datasets\davi\Al Emadi (2019)\Multiclass_Drone_Audio\membo_1\mixed_membo_3-membo_000_.wav,Multiclass_Drone_Audio\membo_1\mixed_membo_3-membo_000_.wav,al_emadi,mixed_membo_3-membo_000,1.024,0.07503969236399545,8.839226722717285,0.006562832588763926,0.058271077689662276,0.0059416277799755335,-0.060145141929388045,0.0793768048286438,0.10447172805226698,7.498605251312256,-0.004576943870277813,0.0690385619014079,-0.0004833931307075545,-0.07293757200241088,0.05856638774275784,0.4123967446226338,7.400485992431641,-0.004088001057922385,0.09726069183294624,-0.0011301151826046407,-0.07678241804242134,0.05476096272468569,0.38348640962699476,8.397649765014648,0.00018935852144148126,0.0664341795364544,0.00012823774886783212,-0.036512892693281174,0.03694481402635574,0.024605425334109025,10.47274112701416,1.9176309637295205e-06,0.011904309164598097,5.821347440360114e-05,-0.010181143321096897,0.010626140795648102
F:\Seminario\Seminario-Clustering\datasets\davi\Al Emadi (2019)\Multiclass_Drone_Audio\unknown\2-110614-B-84.wav,Multiclass_Drone_Audio\unknown\2-110614-B-84.wav,al_emadi,2-110614-B-84,0.95975,0.18653207726195714,8.786446571350098,0.00955050780657702,0.3458781911083197,-0.0071692438796162605,-0.4132617563009262,0.4265538156032562,0.31967624086487284,8.509037017822266,0.00039899737504744753,0.45296736707588775,0.007006488740444183,-0.6247972548007965,0.5771099627017975,0.34577887068679874,8.784411430358887,0.002422861634374161,0.33371281175138195,0.00011607662599999458,-0.31848127841949464,0.33671069145202676,0.14233140785322065,9.83633041381836,-2.1231137616760954e-05,0.15151622516840318,-0.0010719714919105172,-0.14051954001188277,0.14276337176561368,0.005681403333150635,10.734920501708984,2.123514311748248e-06,0.021415065477132497,6.113620474934578e-05,-0.02021193504333496,0.020501980558037758
F:\Seminario\Seminario-Clustering\datasets\davi\Al Emadi (2019)\Multiclass_Drone_Audio\membo_1\extra_membo_D2_2049.wav,Multiclass_Drone_Audio\membo_1\extra_membo_D2_2049.wav,al_emadi,extra_membo_D2,1.002625,0.9325531131331679,9.05354118347168,4.033355545929824e-05,0.026314734425004455,9.224529640050605e-05,-0.036092077195644376,0.034479425847530366,0.021299787718136096,8.987997055053711,-3.82511272593774e-06,0.003976950458356684,0.00017987031606025994,-0.00513716796413064,0.00500542912632227,0.015481509232477946,9.998533248901367,-3.354120934883402e-05,0.002401411386477526,-5.555733514484018e-05,-0.003069645259529352,0.003101479262113571,0.018825275818066797,10.932865142822266,9.348744236173922e-06,0.0018742642054219087,6.566668162122369e-06,-0.002377789281308651,0.002391341049224138,0.011840314098151247,11.909125328063965,-5.174238071029382e-07,0.0010514639945349152,5.05121897731442e-06,-0.0013565846718847751,0.0013584017404355108
F:\Seminario\Seminario-Clustering\datasets\davi\Al Emadi (2019)\Multiclass_Drone_Audio\bebop_1\B_S2_D1_079-bebop_003_.wav,Multiclass_Drone_Audio\bebop_1\B_S2_D1_079-bebop_003_.wav,al_emadi,B_S2_D1_079-bebop_003,1.024,0.9353458157636215,8.692784309387207,0.0027415810505525,0.8426493477683902,0.04807394556701183,-1.042789888381958,0.9435912907123571,0.01218644585258632,8.509804725646973,0.001455128179677735,0.09617272154405523,0.002873521647416055,-0.11010958179831505,0.11932979151606561,0.014308873269291176,9.851381301879883,-0.0006538711208097754,0.07380183535375312,0.0009235305478796363,-0.09195217415690422,0.08785414397716523,0.021788595919316218,10.927513122558594,-0.0012949176665413566,0.06444122164906287,-0.0014280022587627172,-0.08376980572938919,0.08097484707832336,0.016370269195184743,11.911853790283203,-0.0001609823554390415,0.03952132923195485,0.00014961836859583855,-0.05063549801707268,0.05006507560610771
F:\Seminario\Seminario-Clustering\datasets\davi\Al Emadi (2019)\Multiclass_Drone_Audio\membo_1\extra_membo_D2_2044.wav,Multiclass_Drone_Audio\membo_1\extra_membo_D2_2044.wav,al_emadi,extra_membo_D2,1.002625,0.937819277638862,8.951215744018555,-8.32180251269089e-05,0.027417566179787876,0.0011708842357620597,-0.034711786359548566,0.035733522474765786,0.02464969357099761,9.010765075683594,-2.015580968144793e-05,0.004445008827352736,8.695118594914675e-06,-0.005825682822614908,0.00577712254598737,0.012913345941858678,9.872207641601562,3.792514009740288e-05,0.0022786106561243184,1.9368279026821256e-05,-0.0028175446204841137,0.002940437290817499,0.01468111187828425,10.912694931030273,5.290391491506403e-06,0.0017196955255896049,-4.811961844097823e-06,-0.0021995111368596555,0.0022327713668346405,0.009936570969997546,11.903970718383789,-3.2678267507446857e-06,0.0010007772850178559,-1.1437532521085814e-06,-0.001265427889302373,0.001259310368914157
F:\Seminario\Seminario-Clustering\datasets\davi\Al Emadi (2019)\Multiclass_Drone_Audio\unknown\4-172500-B-273.wav,Multiclass_Drone_Audio\unknown\4-172500-B-273.wav,al_emadi,4-172500-B-273,1.0216875,0.5962409154912173,8.868657112121582,-0.0006643507533035411,0.04618484094500793,-0.002569881617091596,-0.05791576132178307,0.056408751755952835,0.051196598363385665,7.7131524085998535,-0.00020520248017773251,0.013533312395282495,-0.00017003075481625274,-0.012778534647077322,0.012070337310433398,0.2206776566741521,8.781420707702637,-3.67773394350357e-05,0.019903868698988702,0.0001586899015819654,-0.019558211788535118,0.018204871565103534,0.10581500235760928,9.789298057556152,-0.00010385140452370016,0.009752393593560647,3.0373541903827572e-06,-0.00975962383672595,0.009860975295305252,0.0260698271136357,11.040432929992676,-3.154609551297001e-05,0.003424393720157285,-2.871306787710637e-05,-0.0035340202040970324,0.0035887544043362147
F:\Seminario\Seminario-Clustering\datasets\davi\Al Emadi (2019)\Multiclass_Drone_Audio\bebop_1\mixed_38-bebop_002_.wav,Multiclass_Drone_Audio\bebop_1\mixed_38-bebop_002_.wav,al_emadi,mixed_38-bebop_002,1.024,0.5458073005955524,8.3883056640625,0.002808332021825142,0.12826397913278206,0.0008903965353965759,-0.1352055251598358,0.14166558533906937,0.031551134646662655,8.893627166748047,-0.0012430979038398821,0.030820780479747262,-0.00011747409007512033,-0.041293596103787425,0.03650665767490864,0.09430467424234756,9.94434928894043,0.0001902961761544392,0.037763181958585086,0.0005365976539906114,-0.04626416228711605,0.04848654009401799,0.18659185174463916,10.943830490112305,-0.00046574374793005515,0.03759030350159514,-0.00015650177374482155,-0.04882252961397171,0.04623771831393242,0.14174503877079828,11.89598560333252,-1.2662525802556915e-05,0.023178593278290773,0.00019628636073321104,-0.02927139364182949,0.029722758010029802
F:\Seminario\Seminario-Clustering\datasets\davi\Al Emadi (2019)\Multiclass_Drone_Audio\bebop_1\B_S2_D1_081-bebop_003_.wav,Multiclass_Drone_Audio\bebop_1\B_S2_D1_081-bebop_003_.wav,al_emadi,B_S2_D1_081-bebop_003,1.024,0.6560509928000571,8.353361129760742,0.002085603911257846,0.31420294367790313,-0.012117918115109205,-0.33241799771785735,0.354749521613121,0.026886672900265217,8.98649787902832,-0.00011063980524093636,0.0636090471317124,0.00234548794105649,-0.08209725320339202,0.08051590099930764,0.07591815604302514,9.917293548583984,-0.0023393450814352904,0.07565449268021059,-0.0033338458742946386,-0.09941957518458366,0.09371865391731264,0.1397378667092035,10.932750701904297,0.00016464155580628398,0.0726742744776862,-0.0005712797865271568,-0.09176886081695557,0.09460388123989105,0.10140631154744906,11.942166328430176,0.00019990997811932234,0.04379485855878638,0.00041596568189561367,-0.05654939115047454,0.05667673200368882
F:\Seminario\Seminario-Clustering\datasets\davi\Al Emadi (2019)\Multiclass_Drone_Audio\unknown\5-203739-A-103.wav,Multiclass_Drone_Audio\unknown\5-203739-A-103.wav,al_emadi,5-203739-A-103,1.0216875,0.25990682357750167,8.909879684448242,-0.0001547337341636912,0.12796327395634316,0.0020310236141085625,-0.16319442838430404,0.16255548745393758,0.11215434143258565,8.205034255981445,-0.0002998809316236316,0.08405859251588098,-0.0027665492380037904,-0.10044433176517487,0.09197423532605176,0.13095061360998927,9.605857849121094,0.0009143890740780325,0.06432981934684813,0.0020545776933431625,-0.07721084356307983,0.07789583653211594,0.22831449744618149,10.641871452331543,0.0009903650324084587,0.060105386061094244,0.0006444005994126201,-0.07055994495749474,0.07362076640129091,0.26867372393374195,11.354365348815918,3.666289203824827e-05,0.04613057418430926,-0.00015007215552031994,-0.052064813673496246,0.05218105688691142
F:\Seminario\Seminario-Clustering\datasets\davi\Al Emadi (2019)\Multiclass_Drone_Audio\bebop_1\mixed_28-bebop_000_.wav,Multiclass_Drone_Audio\bebop_1\mixed_28-bebop_000_.wav,al_emadi,mixed_28-bebop_000,1.024,0.8698670856603189,9.186599731445312,-0.0008140318954670893,0.33254509174463254,0.011067746672779322,-0.43504703640937803,0.4472678363323212,0.02549417703228074,8.96705436706543,0.0007914039662087481,0.056925116812988265,0.0006446978659369051,-0.06921429857611656,0.07297424823045731,0.028649533131232665,9.945003509521484,0.000341149951276227,0.04273549489100471,-0.0001273200032301247,-0.054194278270006176,0.05514642558991909,0.046240634597735454,10.956803321838379,0.0007955087792579452,0.038416511556035454,0.0010318204294890165,-0.04842014238238335,0.049482252448797226,0.02974856957843226,11.928398132324219,-2.3353993181854343e-05,0.02180230103099146,-0.0001467759720981121,-0.028040627017617226,0.02791837342083455
F:\Seminario\Seminario-Clustering\datasets\davi\Al Emadi (2019)\Multiclass_Drone_Audio\membo_1\mixed_membo_15-membo_003_.wav,Multiclass_Drone_Audio\membo_1\mixed_membo_15-membo_003_.wav,al_emadi,mixed_membo_15-membo_003,1.024,0.9650212544896009,9.088735580444336,0.0003091795424799643,0.2759473315132533,0.0029663965106010437,-0.36482977867126465,0.36213729977607734,0.015133670063513753,8.799205780029297,-0.00018610838366654313,0.03455603227823932,-0.00014223821926862001,-0.044601782038807866,0.043313413485884675,0.00506564993245385,9.870372772216797,-0.00012544706690480762,0.014157186502786244,-7.16192189429421e-05,-0.01793696451932192,0.017765370942652226,0.006098671942203617,10.891029357910156,7.802110677910748e-05,0.0109935628556392,0.0002756491885520518,-0.01391327939927578,0.013853254728019238,0.0086807535722279,11.913338661193848,6.712946953458153e-06,0.009278564036857556,0.00015944227925501764,-0.011835783906280994,0.011799417436122898
F:\Seminario\Seminario-Clustering\datasets\davi\Al Emadi (2019)\Multiclass_Drone_Audio\unknown\4-192068-A-311.wav,Multiclass_Drone_Audio\unknown\4-192068-A-311.wav,al_emadi,4-192068-A-311,1.0216875,0.027245221309933208,7.556282997131348,-9.753210032045432e-05,0.010772488082700734,1.6344200957973953e-05,-0.009871913772076368,0.009279149491339926,0.009286039164298255,5.918356895446777,0.0001761868257589391,0.006286854620355642,-1.4539528365276055e-05,-0.0020489819813519715,0.0026126599404960936,0.0019486316970997763,6.395287036895752,2.6165031911100696e-05,0.0020405320181993746,-6.914189725648612e-06,-0.0007959255017340182,0.0007681322866119448,0.21217767765394527,5.6478753089904785,-0.00023247493538699297,0.015066609911122701,5.552522225116263e-06,-0.0019380028010345992,0.00216998711694032,0.7493424301747235,5.992867469787598,5.7108101485609476e-05,0.020032105988576212,5.747298928326927e-06,-0.0019310370786115526,0.002006675535812974
F:\Seminario\Seminario-Clustering\datasets\davi\Al Emadi (2019)\Multiclass_Drone_Audio\unknown\5-188796-A-454.wav,Multiclass_Drone_Audio\unknown\5-188796-A-454.wav,al_emadi,5-188796-A-454,0.95975,0.46289952273338036,8.853120803833008,1.2092105273010814e-06,0.5336652206462729,-0.02092560287564993,-0.66387739777565,0.674678236246109,0.39785358889100014,8.347217559814453,0.004391967911754328,0.4947320588814161,0.009827546775341034,-0.5532949268817902,0.5568310618400574,0.11595437969031558,9.110942840576172,-0.0008418399739599266,0.18920734928763686,-0.0020320219919085503,-0.20226625204086304,0.20310604572296145,0.020448559851961024,9.35163688659668,-0.00013447473045121385,0.056227985362777136,-0.0012895617401227355,-0.05131829828023911,0.05147117041051389,0.0028439488333428975,10.057129859924316,-9.89445027917521e-07,0.014834267557169446,-5.659647285938263e-06,-0.012572549283504486,0.012571953237056732
F:\Seminario\Seminario-Clustering\datasets\davi\Al Emadi (2019)\Multiclass_Drone_Audio\membo_1\mixed_membo_66-membo_003_.wav,Multiclass_Drone_Audio\membo_1\mixed_membo_66-membo_003_.wav,al_emadi,mixed_membo_66-membo_003,1.024,0.2828777116682291,8.769013404846191,0.0013657574787130128,0.12955768893431122,-0.0017555169761180878,-0.15105402916669844,0.15252859443426134,0.2613078965656093,9.201614379882812,-0.001249461738196048,0.12452093717138225,0.0016045470838434994,-0.1700044795870781,0.1564120277762413,0.05546604680841878,9.965438842773438,-0.0001305768123719961,0.04062727673311577,0.00046594187733717263,-0.05427490025758743,0.050592535734176644,0.10386345225898466,11.037315368652344,-0.0005018057479309779,0.03934211712741202,0.00035448791459202766,-0.05131959915161133,0.04964948073029518,0.2964848926987581,12.201881408691406,1.0356488627682214e-05,0.04702549454802534,0.00034076799056492746,-0.06183147951960563,0.06142235398292542
F:\Seminario\Seminario-Clustering\datasets\davi\Al Emadi (2019)\Multiclass_Drone_Audio\membo_1\Membo_1_044-membo_001_.wav,Multiclass_Drone_Audio\membo_1\Membo_1_044-membo_001_.wav,al_emadi,Membo_1_044-membo_001,1.024,0.4253468697814132,9.292899131774902,0.00016031506645393747,0.06680312458653921,-0.001812953152693808,-0.08446159660816192,0.09128192141652108,0.06996521387956774,9.058696746826172,-0.00017560492504220816,0.027093079489807333,-0.0008475219365209341,-0.034628627449274064,0.03592845685780048,0.12617256649248695,9.871597290039062,0.0002289367070900897,0.025763813065604386,9.411872088094242e-05,-0.032159538194537166,0.03252623453736305,0.19020719056560303,10.853031158447266,0.00026825800215245433,0.02238630676414547,-4.075406468473375e-05,-0.027346672490239143,0.028044214472174644,0.1883081592809291,11.867417335510254,-8.043882571000766e-06,0.015758143221760956,-4.76714049000293e-05,-0.019644954428076743,0.019835469126701363
F:\Seminario\Seminario-Clustering\datasets\davi\Al Emadi (2019)\Multiclass_Drone_Audio\unknown\2-103427-A-33.wav,Multiclass_Drone_Audio\unknown\2-103427-A-33.wav,al_emadi,2-103427-A-33,1.0216875,0.0,-0.0,0.0,0.0,0.0,0.0,0.0,0.0,-0.0,0.0,0.0,0.0,0.0,0.0,0.0,-0.0,0.0,0.0,0.0,0.0,0.0,0.0,-0.0,0.0,0.0,0.0,0.0,0.0,0.0,-0.0,0.0,0.0,0.0,0.0,0.0
F:\Seminario\Seminario-Clustering\datasets\davi\Al Emadi (2019)\Multiclass_Drone_Audio\unknown\5-207836-C-294.wav,Multiclass_Drone_Audio\unknown\5-207836-C-294.wav,al_emadi,5-207836-C-294,0.95975,0.28667950084814486,5.481113910675049,-0.00034999912531176816,0.1209892747232388,-0.000589043804211542,-0.05069432407617569,0.05013137124478817,0.2832615357987975,5.76030969619751,0.000838801750244748,0.12026344174949122,0.0001810934700188227,-0.05810622498393059,0.05381344445049763,0.11072690972573994,7.038398265838623,-0.000312890428033931,0.053265092423502323,8.260578033514321e-05,-0.029196342825889586,0.03051667995750906,0.1516859769720973,7.210769176483154,-0.00029558691150605485,0.044117431324062595,6.30088870821055e-05,-0.020775093138217925,0.020403429307043634,0.1676460766552204,7.0167083740234375,-0.00011968802862397401,0.03281133396787955,2.5884073693305254e-06,-0.010739969089627266,0.010958578437566757
F:\Seminario\Seminario-Clustering\datasets\davi\Al Emadi (2019)\Multiclass_Drone_Audio\bebop_1\B_S2_D1_109-bebop_002_.wav,Multiclass_Drone_Audio\bebop_1\B_S2_D1_109-bebop_002_.wav,al_emadi,B_S2_D1_109-bebop_002,1.024,0.10853047969962516,8.958660125732422,0.0010892285848967732,0.07907964605562882,0.0028771385550498962,-0.10159220173954962,0.09742088466882706,0.0617038570078802,8.918147087097168,0.0001221778315896885,0.05963281168700073,0.001664612500462681,-0.07572538554668426,0.07440008223056795,0.1983463568590505,9.938821792602539,-0.000471717138711101,0.075709802786333,-0.0017268944648094475,-0.09477960616350174,0.09863830953836443,0.3745274471323616,10.987996101379395,-0.0007430953433711553,0.07362468868490821,-0.0003548315726220608,-0.09649503231048584,0.09506344050168991,0.25689185930108255,11.950986862182617,0.0002491585441951042,0.04313622158210409,0.0008581402362324297,-0.05557775869965553,0.055077993869781496
F:\Seminario\Seminario-Clustering\datasets\davi\Al Emadi (2019)\Multiclass_Drone_Audio\unknown\silence087.wav,Multiclass_Drone_Audio\unknown\silence087.wav,al_emadi,silence087,0.743,0.0,-0.0,0.0,0.0,0.0,0.0,0.0,0.0,-0.0,0.0,0.0,0.0,0.0,0.0,0.0,-0.0,0.0,0.0,0.0,0.0,0.0,0.0,-0.0,0.0,0.0,0.0,0.0,0.0,0.0,-0.0,0.0,0.0,0.0,0.0,0.0
F:\Seminario\Seminario-Clustering\datasets\davi\Al Emadi (2019)\Multiclass_Drone_Audio\bebop_1\mixed_9-bebop_001_.wav,Multiclass_Drone_Audio\bebop_1\mixed_9-bebop_001_.wav,al_emadi,mixed_9-bebop_001,1.024,0.3570690474661738,8.368842124938965,-0.0006638537814334324,0.21485197750974885,-0.003401042427867651,-0.23997079133987426,0.25396000742912295,0.2823249471617079,8.372236251831055,0.019255459940290414,0.19007403369572648,0.009028068277984858,-0.2029566094279289,0.25239508748054507,0.22579309362403557,9.476194381713867,-0.0005346965519268159,0.12098591096432593,0.0028753888327628374,-0.14027859270572662,0.14427226036787033,0.09827698520090941,10.662022590637207,0.0006301147989169,0.0564856277511693,0.0006434581591747701,-0.06597618013620377,0.06824684143066406,0.03653592654717334,11.90619945526123,4.466326267505573e-05,0.024365133902673336,-0.00020960124675184488,-0.030244742706418037,0.03130228295922279
F:\Seminario\Seminario-Clustering\datasets\davi\Al Emadi (2019)\Multiclass_Drone_Audio\unknown\5-210571-A-383.wav,Multiclass_Drone_Audio\unknown\5-210571-A-383.wav,al_emadi,5-210571-A-383,1.0216875,0.15616504666505676,5.796943664550781,1.4796155626440307e-05,0.006795150113837471,-4.742806777358055e-05,-0.00039609826926607634,6.869255958008602e-06,0.45279697324092316,4.284082412719727,2.4605075475912337e-05,0.011570681584164022,0.0,-1.9505240925354882e-05,2.257689593534455e-05,0.2662359812183257,4.773530960083008,0.0002992264245733683,0.006277320277631845,0.0,-1.8044436001218855e-05,2.139529533451423e-05,0.12173026578746211,6.001028060913086,1.2925563917773077e-06,0.003007019015614756,0.0,-1.986535371543141e-05,1.9583785615395755e-05,0.0030717330882322207,7.673328399658203,-2.164014734540263e-07,0.0003379086966455749,0.0,-2.1815383661305532e-05,2.096138814522419e-05
F:\Seminario\Seminario-Clustering\datasets\davi\Al Emadi (2019)\Multiclass_Drone_Audio\bebop_1\B_S2_D1_079-bebop_000_.wav,Multiclass_Drone_Audio\bebop_1\B_S2_D1_079-bebop_000_.wav,al_emadi,B_S2_D1_079-bebop_000,1.024,0.7608324053010741,8.472192764282227,0.0005514781413491345,0.5171920385321831,0.014955743681639433,-0.6495573818683624,0.5698486208915711,0.02015876738845744,8.882766723632812,0.0037833778797965317,0.08410088298275838,0.003238941542804241,-0.10119546726346015,0.10945016071200372,0.0422583990496753,9.91886043548584,0.00025734397353563177,0.08631386406569821,0.0015001046122051775,-0.1121402345597744,0.10937980338931086,0.10432743158717192,10.846599578857422,0.000668211321362245,0.0959776331505371,-0.00048542936565354466,-0.11973763257265091,0.12066392600536346,0.07242299667362127,11.838289260864258,-4.562574772477034e-05,0.05657047373304114,-0.00022571798763237894,-0.07014946937561035,0.07153019458055497
F:\Seminario\Seminario-Clustering\datasets\davi\Al Emadi (2019)\Multiclass_Drone_Audio\unknown\1-60997-B-204.wav,Multiclass_Drone_Audio\unknown\1-60997-B-204.wav,al_emadi,1-60997-B-204,0.95975,0.0042485294029443585,7.517058372497559,3.3692932502200533e-05,0.027654599411113215,3.1874711567070335e-05,-0.029319370165467262,0.028104625642299652,0.01563491018976696,8.355765342712402,-0.0014252206944366883,0.053032161014217746,8.452561087324284e-05,-0.07630997523665428,0.06460142135620117,0.5485691191219824,8.594590187072754,-0.00041671911333852023,0.22260581928256556,-3.134530197712593e-05,-0.2260376214981079,0.20822467505931855,0.30203789161106137,9.346744537353516,0.0011240872341761836,0.11688422739231306,2.9138248464732897e-05,-0.10200841724872589,0.10206134319305421,0.12950954967424494,9.932572364807129,-1.4054083647680172e-05,0.054147568768802064,4.406429980008397e-06,-0.042643383145332336,0.04340706020593643
F:\Seminario\Seminario-Clustering\datasets\davi\Al Emadi (2019)\Multiclass_Drone_Audio\membo_1\Membo_0_016-membo_000_.wav,Multiclass_Drone_Audio\membo_1\Membo_0_016-membo_000_.wav,al_emadi,Membo_0_016-membo_000,1.024,0.6070871314996007,7.309227466583252,0.0005235215179956726,0.13860568425258116,-0.002585712121799588,-0.1083458088338375,0.10948322042822839,0.02591819161045741,8.933168411254883,4.77005705266775e-05,0.0286391668808453,0.00018173463467974216,-0.03642875067889691,0.035170624032616615,0.08975396585399414,9.974919319152832,0.00035140235499483724,0.03773853338705786,-0.0006709133449476212,-0.048356129229068755,0.050168621167540554,0.14050881736426404,10.86866569519043,-0.00025989120071529746,0.03341727142705561,-0.00027885433519259095,-0.04227862134575844,0.04105568677186966,0.13673189367168376,11.802322387695312,1.6938342103778865e-05,0.02332048399779362,4.3929081584792584e-05,-0.02873372882604599,0.029068593680858613
F:\Seminario\Seminario-Clustering\datasets\davi\Al Emadi (2019)\Multiclass_Drone_Audio\unknown\4-182034-A-304.wav,Multiclass_Drone_Audio\unknown\4-182034-A-304.wav,al_emadi,4-182034-A-304,0.95975,0.816851848968849,7.983467102050781,-0.0012987438030125644,0.003833008218528232,0.0,-0.007001522462815046,0.0023246495984494686,0.01703521432811458,7.830287933349609,-3.22772406086814e-06,0.0005844335245266085,0.0,-0.0007111261948011816,0.000686729239532724,0.025989748018358582,8.814196586608887,4.8742054186968504e-06,0.0005113548873504672,0.0,-0.0005782322026789188,0.0006227140547707678,0.05273386254737707,9.804315567016602,-7.593140342757456e-06,0.000515421439719672,0.0,-0.0006240641174372286,0.0005835288320668045,0.08738932613730077,10.783699035644531,4.4242673625827024e-08,0.0004694364511356814,0.0,-0.0005503916763700545,0.0005377051420509815
F:\Seminario\Seminario-Clustering\datasets\davi\Al Emadi (2019)\Multiclass_Drone_Audio\membo_1\extra_membo_D2_2011.wav,Multiclass_Drone_Audio\membo_1\extra_membo_D2_2011.wav,al_emadi,extra_membo_D2,1.0026875,0.9182212505715495,9.034673690795898,-6.427322379364175e-05,0.033096123028103754,0.0019046945963054895,-0.04262090399861335,0.04298945516347885,0.023858285656559574,9.019287109375,6.498918031599388e-05,0.005334474499568361,0.00020495109492912889,-0.006624366529285907,0.007124823983758696,0.0246452911324938,9.83000373840332,-9.74845701229387e-06,0.0038406911445514396,0.00013078302436042577,-0.004861967172473669,0.004817315377295017,0.01747711237083392,10.936386108398438,-5.178397904422442e-06,0.002288688695145538,5.4290881962515414e-05,-0.0029843223746865988,0.0029229094507172704,0.015798060268563223,11.896389961242676,-2.8051071798206214e-07,0.0015393210294215934,1.518848876003176e-05,-0.0019483792362734675,0.0019454095279797916
F:\Seminario\Seminario-Clustering\datasets\davi\Al Emadi (2019)\Multiclass_Drone_Audio\bebop_1\B_S2_D1_108-bebop_003_.wav,Multiclass_Drone_Audio\bebop_1\B_S2_D1_108-bebop_003_.wav,al_emadi,B_S2_D1_108-bebop_003,1.024,0.16760934862730867,8.956974029541016,0.0008274366393079529,0.09010088680031421,-0.0032735716085880995,-0.1129148431122303,0.11542185768485069,0.09428818043051906,8.957483291625977,-0.000846043299453828,0.06757605775302686,-0.0007554410549346358,-0.08635938540101051,0.08221262320876122,0.19482350626729703,9.987804412841797,0.0005106455234481642,0.06879001060042339,6.965248030610383e-05,-0.08781269192695618,0.0894979141652584,0.30291268363957724,10.942253112792969,0.0001358603534367592,0.06070572026610843,-0.00044392241397872567,-0.07596635818481445,0.07759763300418854,0.24036628103529797,11.926881790161133,-0.00011025414486688646,0.03825404431514374,-0.00023283646441996098,-0.04909138530492783,0.04856440201401711
F:\Seminario\Seminario-Clustering\datasets\davi\Al Emadi (2019)\Multiclass_Drone_Audio\bebop_1\B_S2_D1_081-bebop_000_.wav,Multiclass_Drone_Audio\bebop_1\B_S2_D1_081-bebop_000_.wav,al_emadi,B_S2_D1_081-bebop_000,1.024,0.6872381909373944,8.45549201965332,-0.0007358840458746096,0.3108498909117834,0.005830955225974321,-0.3770461082458496,0.35570048093795775,0.02101620691355733,8.92729377746582,-7.783402782046571e-05,0.05435944476114275,-0.000293815421173349,-0.06605056300759315,0.06920726299285888,0.0631892138935036,10.013448715209961,0.008334157661825714,0.06622563659394931,0.011898653116077185,-0.07931188642978668,0.09032389745116234,0.12411041987351581,10.924802780151367,-0.0005646686400600105,0.06620035820458714,-0.00042000808753073215,-0.08334484696388245,0.08410065621137619,0.10444596838202891,11.938274383544922,0.00010300074914803295,0.04296225126279339,-0.0003778543905355036,-0.05460973978042602,0.054739512503147174
F:\Seminario\Seminario-Clustering\datasets\davi\Al Emadi (2019)\Multiclass_Drone_Audio\unknown\5-117122-A-421.wav,Multiclass_Drone_Audio\unknown\5-117122-A-421.wav,al_emadi,5-117122-A-421,1.0216875,0.5023025406833229,8.990463256835938,-0.00161826641186492,0.5577164681140938,-0.012948702089488506,-0.7575815796852112,0.733531951904297,0.42057235885755245,8.782432556152344,-0.003702805218887461,0.5103187803603108,-0.0055371662601828575,-0.627875953912735,0.6214366018772126,0.07063880111022203,9.87967586517334,-0.0029652903295995232,0.14811288198754954,-0.003415928687900305,-0.19228486716747284,0.18492662906646729,0.006239497148512362,10.728211402893066,-1.43600032118719e-05,0.03115560043675928,-0.0001548414584249258,-0.037158085778355596,0.038170336186885846,0.00024680220039021426,11.56873893737793,3.827560466750159e-07,0.004383355353137674,2.0379491616040468e-05,-0.00529434010386467,0.00518857026472688
F:\Seminario\Seminario-Clustering\datasets\davi\Al Emadi (2019)\Multiclass_Drone_Audio\membo_1\mixed_membo_52-membo_000_.wav,Multiclass_Drone_Audio\membo_1\mixed_membo_52-membo_000_.wav,al_emadi,mixed_membo_52-membo_000,1.024,0.9207254657919519,8.648513793945312,-0.0012987524017836283,0.169019339414099,0.00045698159374296665,-0.2035157263278961,0.19586334973573688,0.04517082629882444,8.52462387084961,-0.0004756991719703859,0.03743502234930692,-0.0009597075404599309,-0.04316374845802784,0.04175499603152276,0.013340179519482022,9.600576400756836,-0.0004434476258917172,0.014400500104008614,-0.0006839658017270267,-0.017163352109491825,0.016189750283956528,0.008486093765900718,10.882831573486328,1.6488366038977095e-05,0.008132253302004441,5.9885671362280846e-05,-0.010284273885190487,0.010217498987913132,0.012277434623840858,11.907195091247559,7.376359802955032e-07,0.00691961775016491,2.4671564460732043e-05,-0.008731164410710335,0.008829761855304243
F:\Seminario\Seminario-Clustering\datasets\davi\Al Emadi (2019)\Multiclass_Drone_Audio\bebop_1\mixed_0-bebop_003_.wav,Multiclass_Drone_Audio\bebop_1\mixed_0-bebop_003_.wav,al_emadi,mixed_0-bebop_003,1.024,0.7335526212689932,8.953634262084961,-0.0023633483838000633,0.18207111222682487,-0.0029704523039981723,-0.2405618816614151,0.23008039444684983,0.025690190890550184,8.922823905944824,0.00018604788556596087,0.03407525996619086,-0.001569894258864224,-0.04366584941744804,0.045352596044540415,0.06888120359360937,9.950504302978516,-8.83935778156379e-05,0.039512059263101806,-0.0012420720304362476,-0.05121655650436878,0.05116089656949044,0.09819047814339264,10.943000793457031,0.00042466915129213027,0.03338376135945126,0.0005557697149924934,-0.04260874539613724,0.04342012107372284,0.07368550610345458,11.94760799407959,1.54315700795258e-05,0.020459595252562537,0.0001050969585776329,-0.02616737149655819,0.026356565207242968
F:\Seminario\Seminario-Clustering\datasets\davi\Al Emadi (2019)\Multiclass_Drone_Audio\membo_1\mixed_membo_40-membo_001_.wav,Multiclass_Drone_Audio\membo_1\mixed_membo_40-membo_001_.wav,al_emadi,mixed_membo_40-membo_001,1.024,0.5606000832606705,8.784635543823242,0.0024313772011331273,0.4009612341306703,-0.013587134890258312,-0.5097186386585235,0.515185832977295,0.08283540484832692,8.504826545715332,-0.0006419485241617754,0.15413029809494078,0.0017655788687989116,-0.1702921748161316,0.16815357953310014,0.07427559736470435,9.8182954788208,-0.002048801493044807,0.1033332036170625,-0.0047301368322223425,-0.1301018252968788,0.12532341629266738,0.12534366140664147,10.772059440612793,-0.0024702287183170847,0.09498649839353608,-0.002415497088804841,-0.12023270130157471,0.11376406997442245,0.15694525311965685,11.70757007598877,-4.63446583615899e-05,0.07521456095205509,0.0001594678033143282,-0.09011634290218352,0.09207238107919695
F:\Seminario\Seminario-Clustering\datasets\davi\Al Emadi (2019)\Multiclass_Drone_Audio\bebop_1\B_S2_D1_102-bebop_003_.wav,Multiclass_Drone_Audio\bebop_1\B_S2_D1_102-bebop_003_.wav,al_emadi,B_S2_D1_102-bebop_003,1.024,0.8962471585977686,8.195143699645996,-0.001869564077441662,0.6537975845004441,0.019507517106831074,-0.6904917180538177,0.7152597844600678,0.009789052702954274,8.599529266357422,0.0004988695570274518,0.06832662137953903,0.0007589939632453024,-0.08081200942397118,0.07876047566533088,0.021189718256078297,9.890378952026367,0.0017161531989204678,0.07116819586163384,0.0016859800089150667,-0.0846141517162323,0.09093902930617334,0.04226043267587574,10.91513442993164,0.000967003351939382,0.07114293544019026,0.00030184091883711517,-0.08858849108219147,0.08990558981895447,0.030513637767323055,11.872419357299805,1.539010992441315e-05,0.0427683277161757,-0.0005029577296227217,-0.05369296818971634,0.05430035665631294
F:\Seminario\Seminario-Clustering\datasets\davi\Al Emadi (2019)\Multiclass_Drone_Audio\membo_1\Membo_2_010-membo_004_.wav,Multiclass_Drone_Audio\membo_1\Membo_2_010-membo_004_.wav,al_emadi,Membo_2_010-membo_004,0.896,0.5496149785209975,8.705253601074219,-0.0011420028372745813,0.0939349984465825,-0.0006511496030725539,-0.11780717372894287,0.1164610981941223,0.03392298910308229,8.787628173828125,0.00021890407124233014,0.023337707147447363,0.0005412509781308472,-0.030491778440773488,0.031228208541870115,0.09275507178877532,9.807451248168945,9.749898236785944e-05,0.027334097535663425,0.0004224084404995665,-0.034991365298628806,0.03561142161488533,0.1280284955579358,10.683653831481934,-0.0004971147596685065,0.02272459848342629,-0.0005039154784753919,-0.029069827869534492,0.02808143980801106,0.19567846502920905,11.698274612426758,5.4326712726265194e-06,0.019879944085751028,5.6478107580915093e-05,-0.025358106940984726,0.024885520339012146
F:\Seminario\Seminario-Clustering\datasets\davi\Al Emadi (2019)\Multiclass_Drone_Audio\bebop_1\B_S2_D1_116-bebop_004_.wav,Multiclass_Drone_Audio\bebop_1\B_S2_D1_116-bebop_004_.wav,al_emadi,B_S2_D1_116-bebop_004,0.896,0.8434305038717844,8.182852745056152,-0.0006251888532406277,0.44549145793219114,0.014310613740235567,-0.5227919399738311,0.4896352797746658,0.012585983222348062,8.667433738708496,0.0013923535456838595,0.05440220869775632,-0.00036624609492719173,-0.06584410071372986,0.06771445199847222,0.03133420929033924,9.73697280883789,-0.00036699293109657475,0.060817004422947595,-0.0005149644130142406,-0.07681085839867592,0.07795249447226524,0.06447822997388518,10.699106216430664,-0.00015974491738627867,0.06174997300940346,9.103002957999706e-05,-0.07706489562988281,0.07769212275743484,0.0481710736416431,11.743661880493164,0.00024065811959589272,0.03775834112470933,-0.0001075186301022768,-0.046572912484407425,0.04831770062446594
F:\Seminario\Seminario-Clustering\datasets\davi\Al Emadi (2019)\Multiclass_Drone_Audio\unknown\2-99796-A-323.wav,Multiclass_Drone_Audio\unknown\2-99796-A-323.wav,al_emadi,2-99796-A-323,1.0216875,0.05467559135346949,7.115883827209473,-0.0002756152243819088,0.009805121082979533,-0.0006208094418980181,-0.007533980673179031,0.00847411332651973,0.031583235661860616,6.192862033843994,-6.502822730052109e-05,0.007454860270463156,-5.1690401960513555e-05,-0.00417479332536459,0.00397600242868066,0.21278500255130178,4.063190460205078,-0.0004394399649888682,0.013699366965945488,-6.448884960263968e-05,-0.0033274480607360596,0.003303949767723682,0.32565330553648425,5.398435115814209,7.451422822056865e-05,0.011998469157396807,-2.1043182641733438e-05,-0.0026733746984973546,0.002606391743756833,0.3753028648968838,7.371758460998535,3.714438937698066e-05,0.009112018510818228,1.5058592907735147e-05,-0.002336476370692253,0.0025022796820849207
F:\Seminario\Seminario-Clustering\datasets\davi\Al Emadi (2019)\Multiclass_Drone_Audio\unknown\1-19898-B-414.wav,Multiclass_Drone_Audio\unknown\1-19898-B-414.wav,al_emadi,1-19898-B-414,0.95975,0.41428480684732105,7.531181335449219,0.002526192398747626,0.19278217786132096,0.006135012488812208,-0.1538761779665947,0.1680990755558014,0.2530592230998498,7.687082290649414,-0.0018593674972058056,0.1506720429056872,0.0027222890639677644,-0.14477700740098953,0.13990971446037292,0.1952803083877115,9.2601957321167,0.0016851244206757998,0.09375337733518947,0.000547858770005405,-0.1011211782693863,0.10632651448249825,0.0822230352508347,10.563104629516602,-3.932722508346138e-05,0.04305743024262239,-0.00031660497188568115,-0.05187451764941216,0.05082718469202522,0.05515262641428294,11.383939743041992,-5.111477361197843e-05,0.024946897898300447,0.00016636148211546242,-0.029262876138091087,0.02833583764731884
F:\Seminario\Seminario-Clustering\datasets\davi\Al Emadi (2019)\Multiclass_Drone_Audio\unknown\4-253649-A-61.wav,Multiclass_Drone_Audio\unknown\4-253649-A-61.wav,al_emadi,4-253649-A-61,1.0216875,0.1905211754266188,6.028869152069092,-0.000282906860579148,0.02178001827095661,-7.357746653724462e-05,-0.0045306087937206025,0.0042411115486175035,0.6746045230073148,5.729562759399414,0.00015083213509419432,0.04098688569723069,2.1395710803062684e-07,-0.003094397624954581,0.002912800223566592,0.1327916200617938,6.990737438201904,3.7853879370972364e-06,0.012880541707078308,0.0,-0.0009865054860711095,0.0010165001731365928,0.0020653035360843966,7.875032424926758,4.4249250851825036e-07,0.001136694869525835,0.0,-0.00011341594654368235,0.00012633570586331188,1.7377968188165928e-05,9.572452545166016,-2.0086054257009803e-07,7.375996446510005e-05,0.0,-4.027788527309895e-05,4.2069165647262786e-05
F:\Seminario\Seminario-Clustering\datasets\davi\Al Emadi (2019)\Multiclass_Drone_Audio\unknown\5-200461-B-111.wav,Multiclass_Drone_Audio\unknown\5-200461-B-111.wav,al_emadi,5-200461-B-111,1.0216875,0.14916299521739657,8.847469329833984,-0.0009964012150409911,0.12368833713379265,-0.0027134614065289497,-0.15666865855455397,0.15103464424610147,0.3102971397650248,8.559452056884766,0.004188262650259346,0.1783534256381721,0.0005174005636945367,-0.1898550048470497,0.2043305084109312,0.3108900218364331,9.713018417358398,-0.0020872871724415066,0.12646843150070805,-0.0024151871912181377,-0.15649750530719755,0.15304763913154606,0.1591310782876708,10.732900619506836,-0.0011310382233578418,0.06402517761575045,-0.0006236151966731995,-0.08040821328759193,0.07584113031625749,0.07051876489347471,11.680755615234375,7.335133772769708e-05,0.030155249265358532,0.00017714250134304166,-0.03663846999406815,0.0364394873380661
F:\Seminario\Seminario-Clustering\datasets\davi\Al Emadi (2019)\Multiclass_Drone_Audio\bebop_1\B_S2_D1_083-bebop_002_.wav,Multiclass_Drone_Audio\bebop_1\B_S2_D1_083-bebop_002_.wav,al_emadi,B_S2_D1_083-bebop_002,1.024,0.8624077193857366,8.536373138427734,-0.012088228483205137,0.507590951313475,-0.01431649411097169,-0.6401149451732635,0.5932915925979616,0.011713272908603611,8.933605194091797,-0.000504362866286984,0.05917033388176919,-0.0024613426066935062,-0.0754272073507309,0.07476892918348314,0.029223095223623603,9.950957298278809,0.00014195087318310466,0.06618524134376116,0.00023894949117675424,-0.08287376761436462,0.08555551320314408,0.054972484459178426,10.955276489257812,-0.0009955951770662197,0.0642354722503741,-0.0003481786698102951,-0.08457664400339127,0.08053337782621384,0.04168342802285776,11.949637413024902,2.396898491320807e-05,0.03957367923184697,0.0002306448295712471,-0.050303304195404054,0.05096176564693452
F:\Seminario\Seminario-Clustering\datasets\davi\Al Emadi (2019)\Multiclass_Drone_Audio\bebop_1\B_S2_D1_129-bebop_000_.wav,Multiclass_Drone_Audio\bebop_1\B_S2_D1_129-bebop_000_.wav,al_emadi,B_S2_D1_129-bebop_000,1.024,0.805947510990758,7.9984636306762695,-0.0012900481607484658,0.3959146341502998,0.00145209877518937,-0.4476567178964615,0.3805823385715486,0.011362359372624255,8.891143798828125,-0.0005019903810552403,0.04700672222524667,-0.002349275746382773,-0.058339047804474825,0.06046642400324345,0.04057440452258177,9.961669921875,0.0008174563701001124,0.06290110664540816,0.0008698181190993637,-0.08060980290174484,0.08243288397789002,0.07985990927803377,10.902423858642578,0.000688722157472235,0.06245428077252177,0.0012225925456732512,-0.0782465785741806,0.08063168078660965,0.06225581583600215,11.939807891845703,-0.0002385275835475911,0.03901004639989822,0.0004487652040552348,-0.050360038131475444,0.048488717526197454
F:\Seminario\Seminario-Clustering\datasets\davi\Al Emadi (2019)\Multiclass_Drone_Audio\membo_1\mixed_membo_42-membo_000_.wav,Multiclass_Drone_Audio\membo_1\mixed_membo_42-membo_000_.wav,al_emadi,mixed_membo_42-membo_000,1.024,0.9723608489985139,8.544816017150879,0.0016402020148517003,0.1820020155036187,-0.002759966650046408,-0.2140778973698616,0.20543954819440846,0.006137978227175406,8.581708908081055,-0.00022949925365290397,0.014458994141096802,-0.00031289873004425317,-0.01730099059641361,0.01611870527267456,0.009667056060603363,9.299736976623535,7.2025061667361316e-06,0.01285125509926871,-0.00028792524244636297,-0.013682723976671694,0.013809924945235254,0.006111760845544138,10.584623336791992,2.253012028449409e-05,0.007231608087488882,0.00011670822277665138,-0.008541988208889961,0.008313166908919811,0.00572235586816311,11.77060604095459,-2.77948294808296e-06,0.004950073006659294,-4.221661583869718e-05,-0.006123847048729656,0.006125317607074977
F:\Seminario\Seminario-Clustering\datasets\davi\Al Emadi (2019)\Multiclass_Drone_Audio\unknown\1-51805-E-334.wav,Multiclass_Drone_Audio\unknown\1-51805-E-334.wav,al_emadi,1-51805-E-334,0.95975,0.1911659788249826,7.3235321044921875,-7.666252623149483e-05,0.04603278977029188,-6.931364623596892e-05,-0.037847284227609634,0.04065365344285965,0.20270278875690678,7.841544151306152,-0.0005133980915050276,0.047398760120756896,-2.111650519509567e-05,-0.050464604049921036,0.049226509407162666,0.22029807101365512,8.80387020111084,-2.5930018144492067e-05,0.03500588167141601,3.5148041206412017e-06,-0.03778101056814193,0.036601102352142346,0.2546729734617368,9.97874641418457,0.00013141053039204492,0.026634564829382482,1.6135040823428426e-05,-0.031932239234447476,0.030947089567780504,0.13116018794271872,10.088257789611816,-4.847361030075396e-05,0.013521986533097791,1.1498224921524525e-05,-0.013021555729210377,0.012608553282916546
F:\Seminario\Seminario-Clustering\datasets\davi\Al Emadi (2019)\Multiclass_Drone_Audio\bebop_1\B_S2_D1_112-bebop_002_.wav,Multiclass_Drone_Audio\bebop_1\B_S2_D1_112-bebop_002_.wav,al_emadi,B_S2_D1_112-bebop_002,1.024,0.7327260062231329,7.893527984619141,0.000742519388282762,0.3651515691841508,0.0008703221101313829,-0.36312054097652435,0.35256769061088566,0.02282457666774411,8.979360580444336,0.0001874644465821352,0.06444701156448468,0.0005894448258914053,-0.0825923003256321,0.08072787374258042,0.05530354353510798,9.908346176147461,0.0012849594433430333,0.07102758874554051,0.0026049634907394648,-0.08967707380652427,0.0899701677262783,0.10920691092703343,10.937262535095215,-0.000383727593025152,0.070647309802943,0.0001463938970118761,-0.09159539639949799,0.0887543335556984,0.07993896264698165,11.9337158203125,-6.802532367543655e-05,0.04275885809215108,0.001057209214195609,-0.05479866191744804,0.0550118237733841
F:\Seminario\Seminario-Clustering\datasets\davi\Al Emadi (2019)\Multiclass_Drone_Audio\unknown\3-146964-A-54.wav,Multiclass_Drone_Audio\unknown\3-146964-A-54.wav,al_emadi,3-146964-A-54,0.95975,0.6768876750384664,8.906413078308105,1.4980689368902957e-05,0.027342142744912836,0.0015034051612019539,-0.036998895928263664,0.035001570358872414,0.3039850969846346,8.857450485229492,-2.7405368563982776e-05,0.018323143811842222,0.00045166628842707723,-0.02409941516816616,0.022368562407791615,0.01859012831953886,9.603343963623047,-4.821111913108987e-06,0.0032098757922330388,-6.177636532811448e-05,-0.004007511027157307,0.0037878025323152585,0.0003903199073818754,10.652655601501465,-8.659294284311458e-06,0.00032902673771431737,-1.5439220078405924e-05,-0.00041423413204029204,0.00040056769212242215,0.00014677974997829834,11.561229705810547,-7.989739293352596e-07,0.00014278423782461584,-2.2667227312922478e-06,-0.0001715022954158485,0.00017122231656685472
F:\Seminario\Seminario-Clustering\datasets\davi\Al Emadi (2019)\Multiclass_Drone_Audio\unknown\silence181.wav,Multiclass_Drone_Audio\unknown\silence181.wav,al_emadi,silence181,0.743,0.0,-0.0,0.0,0.0,0.0,0.0,0.0,0.0,-0.0,0.0,0.0,0.0,0.0,0.0,0.0,-0.0,0.0,0.0,0.0,0.0,0.0,0.0,-0.0,0.0,0.0,0.0,0.0,0.0,0.0,-0.0,0.0,0.0,0.0,0.0,0.0
F:\Seminario\Seminario-Clustering\datasets\davi\Al Emadi (2019)\Multiclass_Drone_Audio\membo_1\mixed_membo_19-membo_002_.wav,Multiclass_Drone_Audio\membo_1\mixed_membo_19-membo_002_.wav,al_emadi,mixed_membo_19-membo_002,1.024,0.5756075092445876,8.683992385864258,-0.0001918351925057314,0.052697352510489126,-0.002556744497269392,-0.059746093675494195,0.06080762408673764,0.04119593561101263,9.010835647583008,-0.0001185919265816603,0.014097440710821956,-0.0005830364534631371,-0.018165600299835206,0.01842527035623789,0.09490210119646253,9.878898620605469,0.00044332423259532986,0.015146029730834279,0.0004976247728336602,-0.018860800191760063,0.020080966129899024,0.14055256354443818,10.743343353271484,-3.2979478588727964e-05,0.01305029094702379,-1.0573712643235922e-05,-0.015925511717796326,0.01606708951294422,0.14774189040349908,11.788607597351074,6.3553821363722445e-06,0.00946508059481549,0.0001623575371922925,-0.011711050942540168,0.011663593165576469
F:\Seminario\Seminario-Clustering\datasets\davi\Al Emadi (2019)\Multiclass_Drone_Audio\membo_1\Membo_1_031-membo_002_.wav,Multiclass_Drone_Audio\membo_1\Membo_1_031-membo_002_.wav,al_emadi,Membo_1_031-membo_002,1.024,0.3434276881989634,8.981744766235352,0.0002510228648655189,0.061300962448158594,-0.0009177210449706763,-0.08080786392092704,0.08567761927843096,0.06744263608583574,8.950339317321777,4.6431538193979417e-05,0.02716563728798701,0.00015889127098489553,-0.03463504165410995,0.03388411551713944,0.13443460337570898,9.957781791687012,-7.527560551897142e-05,0.027159734659671714,-0.0009383459982927889,-0.034838325902819635,0.03466923981904984,0.17988249103073056,10.944881439208984,2.1386551667572055e-05,0.022234186833142034,0.0007155268103815615,-0.0284133218228817,0.027873551473021507,0.2748125813087613,11.922983169555664,-3.960022050622766e-05,0.01944083027083622,-1.9402257748879492e-05,-0.024866958707571028,0.02455823719501496
F:\Seminario\Seminario-Clustering\datasets\davi\Al Emadi (2019)\Multiclass_Drone_Audio\bebop_1\mixed_20-bebop_003_.wav,Multiclass_Drone_Audio\bebop_1\mixed_20-bebop_003_.wav,al_emadi,mixed_20-bebop_003,1.024,0.7111550733195512,8.57866096496582,-0.0005758607913785189,0.17834936583952687,0.0008468830492347479,-0.2089914709329605,0.20208338946104049,0.03016475467596224,8.99459171295166,0.0004698124203607169,0.03672874072997201,-0.00024623093486297876,-0.047878602519631386,0.04826078228652477,0.06597651616134363,9.922256469726562,0.000783318725923877,0.03846047999789388,0.0006805183365941048,-0.049636288359761235,0.04909693002700806,0.11385225955156208,10.915245056152344,-0.0006901314849474604,0.03575652846895261,-0.0014473164919763803,-0.04553253948688507,0.04463174566626549,0.07885139629158085,11.93697738647461,6.887570617581553e-05,0.021054172284351188,0.0004625829169526696,-0.0270270437002182,0.026891241967678073
F:\Seminario\Seminario-Clustering\datasets\davi\Al Emadi (2019)\Multiclass_Drone_Audio\membo_1\mixed_membo_61-membo_003_.wav,Multiclass_Drone_Audio\membo_1\mixed_membo_61-membo_003_.wav,al_emadi,mixed_membo_61-membo_003,1.024,0.16538365894365373,8.295759201049805,0.002217967120633298,0.10208690992731594,-0.005550438538193703,-0.10458728820085525,0.11567065790295604,0.0903901768776928,8.571603775024414,0.0015468663779580152,0.07547370004558347,0.00040192170126829296,-0.08778790906071662,0.09994940906763078,0.4052361856605745,9.281684875488281,-0.0003752122025145569,0.11318694105053206,0.00023289138334803283,-0.13414157181978226,0.13604116290807725,0.20373900492176075,9.933866500854492,0.000101150466453403,0.0567984316669404,-0.0002814667532220483,-0.0599789097905159,0.058913227170705795,0.13525097359631824,10.358672142028809,4.898005705280805e-05,0.03273708879941652,-0.00026716271531768143,-0.02840004824101925,0.027455748617649094
F:\Seminario\Seminario-Clustering\datasets\davi\Al Emadi (2019)\Multiclass_Drone_Audio\bebop_1\B_S2_D1_083-bebop_003_.wav,Multiclass_Drone_Audio\bebop_1\B_S2_D1_083-bebop_003_.wav,al_emadi,B_S2_D1_083-bebop_003,1.024,0.8469462372130008,8.881868362426758,0.0016474808729027661,0.47472658826113845,-0.016657564789056778,-0.5946666598320007,0.6270957171916962,0.011208539865613336,8.909976959228516,0.000600004433688156,0.0546092916155715,-0.0006209750426933169,-0.06467460170388221,0.06987864747643471,0.0344467752424835,9.888981819152832,5.398394475538445e-05,0.06779704936003263,-0.0017478694790042937,-0.08365543484687805,0.08692720457911492,0.061477292942820116,10.935400009155273,-0.0019502405208360117,0.06406904152086756,-0.0011002672836184502,-0.08362411707639694,0.07975714653730392,0.04592115473608225,11.929738998413086,5.1872523621304553e-05,0.03918938169020419,0.00032251590164378285,-0.049958208203315736,0.05048890933394433
F:\Seminario\Seminario-Clustering\datasets\davi\Al Emadi (2019)\Multiclass_Drone_Audio\unknown\2-89516-A-374.wav,Multiclass_Drone_Audio\unknown\2-89516-A-374.wav,al_emadi,2-89516-A-374,0.95975,0.008229438646114764,8.10123348236084,8.740875209903373e-05,0.012976591787163698,-1.770751623553224e-05,-0.01520111272111535,0.01735215913504362,0.044958360768239225,8.203787803649902,-0.0003277881469252494,0.030329501405567994,-3.1630133889848366e-07,-0.04273959621787071,0.03729371912777424,0.1035793270964374,9.299970626831055,0.00013346899649020218,0.03261305715741845,3.0097708076937124e-05,-0.04206365272402763,0.04275780022144318,0.4324540452073094,10.237831115722656,3.836237443886893e-05,0.04715764462067219,-2.1199264665483497e-05,-0.05884093455970287,0.0591329075396061,0.4107788282818992,11.17613410949707,3.342365479901774e-06,0.03251390382367208,-3.031140295206569e-06,-0.040613219141960144,0.0402703694999218
F:\Seminario\Seminario-Clustering\datasets\davi\Al Emadi (2019)\Multiclass_Drone_Audio\unknown\4-125071-A-194.wav,Multiclass_Drone_Audio\unknown\4-125071-A-194.wav,al_emadi,4-125071-A-194,0.95975,0.9760012293900662,8.760272979736328,0.000527396622185227,0.07480520245533233,0.002971611567772925,-0.0880359560251236,0.09158118069171906,0.020496808675596567,8.710493087768555,0.00020680357125724182,0.010838807745765237,-0.0001116591229219921,-0.01338466489687562,0.013548966962844133,0.0033525800628512823,9.519624710083008,9.675052632311625e-06,0.0031058328896149687,-1.8896127585321665e-05,-0.003787945909425616,0.0037827043328434234,0.0001393127477550521,10.668680191040039,-1.6102672912547084e-06,0.0004480298258614992,3.5827906685881317e-06,-0.0005604630685411393,0.0005633087304886433,1.0069123730878509e-05,11.805025100708008,-3.019136817168506e-07,8.520993014202936e-05,-1.4456891221925616e-06,-0.00010982969251926988,0.00010804802877828479
F:\Seminario\Seminario-Clustering\datasets\davi\Al Emadi (2019)\Multiclass_Drone_Audio\unknown\2-81270-A-12.wav,Multiclass_Drone_Audio\unknown\2-81270-A-12.wav,al_emadi,2-81270-A-12,0.97525,0.011534327851378253,8.536144256591797,0.0010905942270127823,0.0682739102169767,0.0003605373203754425,-0.08213377743959427,0.0833442434668541,0.1894805708000765,8.319061279296875,-0.0003124339127124021,0.2767553956774197,-0.0021166556980460882,-0.31915849447250366,0.3246340751647949,0.557993682060073,9.501276969909668,-0.0020947981587250645,0.33633366042217266,-0.00010995925185852684,-0.4152178317308426,0.42636437714099884,0.2066872715332234,10.545218467712402,-7.861441897157173e-05,0.1448569078052292,0.00011202244058949873,-0.1839364692568779,0.18711665272712708,0.034304147755248864,11.504343032836914,7.551572905566137e-05,0.04174790472005314,3.907032805727795e-05,-0.05224229916930198,0.051550459861755375
F:\Seminario\Seminario-Clustering\datasets\davi\Al Emadi (2019)\Multiclass_Drone_Audio\membo_1\Membo_1_032-membo_004_.wav,Multiclass_Drone_Audio\membo_1\Membo_1_032-membo_004_.wav,al_emadi,Membo_1_032-membo_004,1.024,0.3629910676460762,9.359903335571289,0.0011168668048854157,0.07975206669257028,0.0013969551655463874,-0.10382911264896393,0.10463740080595016,0.04547707912376698,8.960338592529297,-0.0002147076738341621,0.02823061187012298,0.0010894301231019199,-0.038410140201449394,0.034595255926251414,0.09861373808303506,9.978347778320312,2.5541680645534975e-05,0.029439030512011546,0.000664703460643068,-0.0385061252862215,0.03827887699007988,0.1891220083640893,10.897972106933594,5.4003196252797567e-05,0.028852307666051565,-0.00010579844820313156,-0.036834411323070526,0.03664397820830345,0.3037961067830325,11.887801170349121,-9.936488901101316e-06,0.02586853043803935,8.125483873300254e-05,-0.0327685035765171,0.032399203628301634
F:\Seminario\Seminario-Clustering\datasets\davi\Al Emadi (2019)\Multiclass_Drone_Audio\membo_1\mixed_membo_24-membo_004_.wav,Multiclass_Drone_Audio\membo_1\mixed_membo_24-membo_004_.wav,al_emadi,mixed_membo_24-membo_004,0.904,0.6530518180805578,8.825803756713867,7.100089192185756e-05,0.061161557557148916,-0.0019111009314656258,-0.07806781455874442,0.07777640223503114,0.07669037867529016,8.650736808776855,-0.00030461979126762397,0.020957022567042967,-0.0005251819384284317,-0.02604000847786665,0.02493517212569714,0.06817988907851985,9.332756042480469,1.5000949636917529e-05,0.013996999401935734,4.873008583672345e-05,-0.015827317722141743,0.016693328320980076,0.09465501501372525,10.389571189880371,7.771108126321578e-05,0.01167276228287229,7.528113201260567e-06,-0.01314791850745678,0.013508365489542484,0.10742289915190693,11.686786651611328,-2.633215556355723e-05,0.008797371343579505,-3.5324370401212946e-05,-0.011081580258905887,0.011012306809425354
F:\Seminario\Seminario-Clustering\datasets\davi\Al Emadi (2019)\Multiclass_Drone_Audio\unknown\4-223127-A-143.wav,Multiclass_Drone_Audio\unknown\4-223127-A-143.wav,al_emadi,4-223127-A-143,1.0216875,0.28100968570870183,8.890142440795898,-0.0005595020481631257,0.028420063565396152,-0.0008834151085466146,-0.03543822653591633,0.036019887402653696,0.046078609967755174,8.949460983276367,0.00048208408125947774,0.011500507351272775,0.0008831000595819205,-0.014539216458797456,0.015183313842862853,0.05171873277185911,9.601577758789062,0.0002832334577735031,0.008633053942872585,0.00014188760542310774,-0.009779097698628902,0.010304922983050347,0.5289055285479697,10.250324249267578,4.9694332765880005e-05,0.019546316984892453,0.00010353745165048167,-0.021717871725559234,0.02239489331841469,0.09228744300371425,11.308382034301758,6.526406304751539e-07,0.005775896906141824,2.0141727873124182e-05,-0.0066437538713216785,0.006523819174617533
F:\Seminario\Seminario-Clustering\datasets\davi\Al Emadi (2019)\Multiclass_Drone_Audio\membo_1\Membo_0_004-membo_002_.wav,Multiclass_Drone_Audio\membo_1\Membo_0_004-membo_002_.wav,al_emadi,Membo_0_004-membo_002,1.024,0.7186157103893969,8.765110969543457,0.0008882136722163126,0.11026108612431233,0.0024448323529213667,-0.13226036727428436,0.13197409063577653,0.057367432106377375,9.037467956542969,-0.00022218374602408464,0.031153701812223066,0.00011716285371221602,-0.04181182011961937,0.03977023661136627,0.05180825076338917,9.926011085510254,-0.0004987545494582632,0.020959596988857757,1.537089337944053e-05,-0.027936924062669278,0.025991382636129857,0.08818780909506282,10.927031517028809,-8.045726638047988e-05,0.01935807798761811,-0.00023066515859682113,-0.02451142482459545,0.024796264246106148,0.0840207976457738,11.935420036315918,-6.991280043211296e-06,0.013366738984515309,5.287677049636841e-05,-0.016990259289741516,0.01724877655506134
F:\Seminario\Seminario-Clustering\datasets\davi\Al Emadi (2019)\Multiclass_Drone_Audio\membo_1\extra_membo_D2_2006.wav,Multiclass_Drone_Audio\membo_1\extra_membo_D2_2006.wav,al_emadi,extra_membo_D2,1.0026875,0.9242303635598698,8.9166259765625,-0.00024827690554503074,0.03228360754133463,-0.000829110445920378,-0.04260250777006149,0.04133119806647301,0.021472516100523108,9.017512321472168,-5.611933971608908e-06,0.004920916105462122,-0.00018578705203253776,-0.00620225677266717,0.0068373383022844805,0.022026517804577612,9.894262313842773,2.405066619643271e-05,0.003530263777765019,9.811337804421782e-07,-0.004372661467641592,0.00450661638751626,0.01523982996331672,10.919831275939941,7.050228123986756e-06,0.0020779785813007665,5.037561095377896e-05,-0.0026542951818555593,0.002681600977666676,0.01703077257171284,11.901338577270508,1.0852536829489479e-06,0.001553978164430885,9.936964488588274e-06,-0.002005288656800985,0.00196202932856977
F:\Seminario\Seminario-Clustering\datasets\davi\Al Emadi (2019)\Multiclass_Drone_Audio\unknown\3-180256-A-03.wav,Multiclass_Drone_Audio\unknown\3-180256-A-03.wav,al_emadi,3-180256-A-03,1.0216875,0.0292703602359029,8.128328323364258,1.3913712679215703e-05,0.06987865108997347,0.0,-0.0856639340519905,0.0895650751888753,0.5651975162765708,7.713862895965576,-0.00591607490907271,0.3070082071972032,0.0,-0.3565895348787308,0.32278192043304504,0.37964140858473483,8.396446228027344,0.00010333383275965153,0.1782554373975875,0.0,-0.17001407146453856,0.1581582337617875,0.024918251564896323,8.945609092712402,4.553899590879364e-05,0.032315998280865836,0.0,-0.025647897273302078,0.024826723895967007,0.0009724633378951623,9.214146614074707,-6.193365284616058e-08,0.004516132434763151,0.0,-0.002486950438469648,0.0024122784845530994
F:\Seminario\Seminario-Clustering\datasets\davi\Al Emadi (2019)\Multiclass_Drone_Audio\bebop_1\B_S2_D1_128-bebop_001_.wav,Multiclass_Drone_Audio\bebop_1\B_S2_D1_128-bebop_001_.wav,al_emadi,B_S2_D1_128-bebop_001,1.024,0.6584035507862019,7.917449474334717,0.00018316473319077666,0.29570944723959536,-0.003302503959275782,-0.28843059241771696,0.2798438102006913,0.02755018428516669,8.90972900390625,0.0008216981162335181,0.06048412465042608,0.0005652292747981846,-0.07412598133087159,0.07779838666319848,0.07863671284763556,9.854186058044434,-0.0024578516989643253,0.07232686767126328,-0.0036379932425916195,-0.09289411678910255,0.0880622148513794,0.13340582849643248,10.877806663513184,0.0015851403155260598,0.06668953666269024,0.001892880187369883,-0.08191482722759247,0.08334562182426453,0.10200372358456333,11.87179183959961,4.562052224832061e-06,0.04126400451161158,2.0709034288302064e-05,-0.05163789093494415,0.05151466801762582
F:\Seminario\Seminario-Clustering\datasets\davi\Al Emadi (2019)\Multiclass_Drone_Audio\bebop_1\B_S2_D1_089-bebop_000_.wav,Multiclass_Drone_Audio\bebop_1\B_S2_D1_089-bebop_000_.wav,al_emadi,B_S2_D1_089-bebop_000,1.024,0.7434814018393296,8.049247741699219,0.0034820126527829944,0.3409103068895028,-0.0016396017745137215,-0.352388522028923,0.37200387418270114,0.02018148814468639,8.871155738830566,0.0005205608129154357,0.05616757359750136,0.00028929641121067107,-0.06785680130124092,0.07485402747988702,0.05142735870554417,9.90080738067627,0.0004955017423445854,0.06349360697200843,0.00069007946876809,-0.07981985881924629,0.08064195811748506,0.10249444979170937,10.929853439331055,-0.000930214488514328,0.0634314917918564,-0.0015086892526596785,-0.0808110311627388,0.08085017651319504,0.08241530151873042,11.906717300415039,-5.98456340040324e-05,0.04024160597277416,8.749077096581459e-06,-0.05206236243247986,0.04989742860198021
F:\Seminario\Seminario-Clustering\datasets\davi\Al Emadi (2019)\Multiclass_Drone_Audio\unknown\4-210000-B-232.wav,Multiclass_Drone_Audio\unknown\4-210000-B-232.wav,al_emadi,4-210000-B-232,0.97525,0.06011012004728175,5.123977184295654,-0.0002894252964242965,0.0023325472653324708,-0.0001600438408786431,-0.0016062642680481076,0.0010173643240705132,0.3158010449786823,6.874137878417969,7.351228511641027e-05,0.005386922824832006,1.3694490007765125e-05,-0.003404163056984544,0.004084802698343992,0.4554760822444183,7.841675281524658,-1.1602370652186076e-05,0.004582008463148919,-2.931469862232916e-05,-0.00271363474894315,0.0028342542937025428,0.1319270944230965,8.619385719299316,3.3657377631494675e-06,0.0017450544747724572,-4.149682808929356e-06,-0.0009829310583882034,0.000988081214018166,0.036685658306521124,9.38150405883789,-1.3197390024612853e-06,0.0006509831054055085,-8.139891178871039e-07,-0.0003116792708169668,0.0003056513203773654
F:\Seminario\Seminario-Clustering\datasets\davi\Al Emadi (2019)\Multiclass_Drone_Audio\bebop_1\mixed_59-bebop_004_.wav,Multiclass_Drone_Audio\bebop_1\mixed_59-bebop_004_.wav,al_emadi,mixed_59-bebop_004,0.904,0.4609179681269081,8.729738235473633,-0.00026844807422034196,0.08152860609030352,0.003162523382343352,-0.10210756734013557,0.09777188822627068,0.05597521096398666,8.838294982910156,-0.00030634344234335963,0.028410129661321337,-0.002111316309310496,-0.03675378262996674,0.03844051845371724,0.12928536437774044,9.72072696685791,-0.001162725076615046,0.030560694121052265,-0.0015816613449715078,-0.039336924254894254,0.03750271573662758,0.19787953587741258,10.745575904846191,-0.0002801129686889174,0.02677834207914622,0.00011720343900378793,-0.03415737673640251,0.033371686935424805,0.1559419206539522,11.74493408203125,1.8832430528783077e-05,0.016818341716748595,-0.00014853908214718103,-0.02164418324828148,0.02150234803557397
F:\Seminario\Seminario-Clustering\datasets\davi\Al Emadi (2019)\Multiclass_Drone_Audio\membo_1\mixed_membo_33-membo_004_.wav,Multiclass_Drone_Audio\membo_1\mixed_membo_33-membo_004_.wav,al_emadi,mixed_membo_33-membo_004,0.904,0.5703131392347219,8.924139976501465,0.0010204516289817108,0.23552233291830646,0.00863571371883154,-0.3095213085412979,0.3089092522859574,0.12586750599663787,8.784208297729492,0.0035700800283018828,0.110588538669951,0.004739666590467095,-0.1437441676855087,0.1436388447880745,0.09221343326612806,9.802872657775879,-0.00037930596551432786,0.06707669801630214,0.0007039511110633612,-0.08543748185038566,0.08747827708721162,0.10539674888715447,10.769943237304688,-0.0001544080285910005,0.05075718217971025,0.0005244692438282073,-0.06499174237251282,0.06539752334356308,0.10620917261535771,11.764581680297852,3.0912106593461925e-06,0.0360464015189557,-0.00024163187481462955,-0.0460250087082386,0.046952510625123976
F:\Seminario\Seminario-Clustering\datasets\davi\Al Emadi (2019)\Multiclass_Drone_Audio\unknown\4-189332-A-371.wav,Multiclass_Drone_Audio\unknown\4-189332-A-371.wav,al_emadi,4-189332-A-371,1.0216875,0.0035731590212136387,2.71708607673645,-0.002282580411376351,0.031154186231594338,-0.004252569517120719,-0.007807968417182565,-0.0012888622237369413,4.202928606559797e-05,2.5616049766540527,8.484330278353476e-05,0.0033868238236179106,-1.4334777006297372e-05,-0.0010289800819009542,0.0009717655659187594,0.44540610209929704,8.561115264892578,0.0014708437798339438,0.24702946668573839,-2.4632274289615452e-05,-0.21515384316444394,0.23411618173122437,0.5184243735489864,9.644584655761719,-7.671722121351803e-05,0.1885924116317125,7.341213859035634e-07,-0.18818317651748656,0.18687535822391532,0.032554336044437325,10.321113586425781,2.011354118965988e-05,0.03343156292427744,-2.019602106884122e-06,-0.01909380443394184,0.019297179207205865
F:\Seminario\Seminario-Clustering\datasets\davi\Al Emadi (2019)\Multiclass_Drone_Audio\bebop_1\B_S2_D1_131-bebop_000_.wav,Multiclass_Drone_Audio\bebop_1\B_S2_D1_131-bebop_000_.wav,al_emadi,B_S2_D1_131-bebop_000,1.024,0.529552184510108,8.371635437011719,-3.965392243117094e-05,0.24451798502821662,-0.002306633279658854,-0.26837319135665894,0.26954270303249367,0.042199383685906644,8.873220443725586,-0.0018973910241010283,0.0689994069851867,-0.002297972096130252,-0.08998624682426452,0.0844439834356308,0.1122414458065687,9.958834648132324,-0.0006703890257897812,0.07971427345996158,-0.00014625290350522846,-0.10296328067779541,0.10354725942015648,0.18084935616851647,10.964431762695312,0.00012460476449378843,0.07161236120758574,0.0006324976566247642,-0.09192220866680145,0.09314817190170288,0.13515762982890014,11.929518699645996,-4.971374863260207e-05,0.043794600034071644,0.00012939359294250607,-0.05572589412331581,0.0558908224105835
F:\Seminario\Seminario-Clustering\datasets\davi\Al Emadi (2019)\Multiclass_Drone_Audio\membo_1\mixed_membo_64-membo_004_.wav,Multiclass_Drone_Audio\membo_1\mixed_membo_64-membo_004_.wav,al_emadi,mixed_membo_64-membo_004,0.904,0.7413194463855179,8.669538497924805,-0.0006229476581463562,0.051571669027054776,-0.0025542223593220115,-0.057684475928545,0.059620301425457004,0.03278492967246472,8.962810516357422,0.00011315105957620305,0.010845601937076463,0.0004467909748200327,-0.01430879281833768,0.014393266011029483,0.03346303433759326,9.742456436157227,0.00013628183592848277,0.007759932263259324,0.00015663031808799133,-0.009797397535294294,0.010088785178959371,0.0935200035628184,10.682100296020508,-8.007679396628318e-05,0.00918295284958564,1.5942059690132737e-05,-0.012064349837601185,0.011513805948197842,0.09891258604160567,11.704570770263672,-6.015629992086951e-06,0.006681395833109398,2.275659062433988e-05,-0.008545400761067867,0.008539140038192273
F:\Seminario\Seminario-Clustering\datasets\davi\Al Emadi (2019)\Multiclass_Drone_Audio\membo_1\Membo_2_018-membo_000_.wav,Multiclass_Drone_Audio\membo_1\Membo_2_018-membo_000_.wav,al_emadi,Membo_2_018-membo_000,1.024,0.6950432237203459,7.578832626342773,0.00015516797819816806,0.12730886282775425,0.002612794516608119,-0.10522730201482773,0.10901289209723473,0.018787819715345228,8.916372299194336,7.78476865094684e-05,0.02093091734555256,-0.00020639551803469658,-0.024865686893463135,0.026293516159057617,0.05111044851906855,9.879066467285156,-1.2889757366077213e-05,0.024447037622219194,2.1557079890044406e-05,-0.03147026002407074,0.030708328820765025,0.10001538448341925,10.88591194152832,-7.409195766230958e-05,0.024202383575297103,0.00016111863078549504,-0.030972132459282875,0.030346805229783058,0.13504312356182108,11.894733428955078,2.7388169582614057e-05,0.019894499872369922,0.00011265079956501722,-0.025095117837190626,0.024759899079799662
F:\Seminario\Seminario-Clustering\datasets\davi\Al Emadi (2019)\Multiclass_Drone_Audio\unknown\2-79775-A-262.wav,Multiclass_Drone_Audio\unknown\2-79775-A-262.wav,al_emadi,2-79775-A-262,0.97525,0.21873426868161228,7.333511829376221,-5.3333063099844935e-05,0.005623427850897118,0.0,-0.006002379115670919,0.005307960789650679,0.2503521310356678,6.001930236816406,0.000234882626046808,0.006011830065925216,0.0,-0.0027938757557421923,0.004148205276578665,0.4404581292815114,5.633615493774414,2.6086407808593563e-05,0.0056514515288667785,0.0,-0.0025745645398274064,0.0026757834712043405,0.06966101505834207,7.714358806610107,-1.4160818437163426e-05,0.0015904072122472608,0.0,-0.0009990468970499933,0.0009079783922061324,0.020794455942866483,6.815360069274902,-9.925092198416453e-07,0.0006147286944596901,0.0,-0.0002687314525246619,0.00028067025123164086
F:\Seminario\Seminario-Clustering\datasets\davi\Al Emadi (2019)\Multiclass_Drone_Audio\membo_1\extra_membo_D2_2030.wav,Multiclass_Drone_Audio\membo_1\extra_membo_D2_2030.wav,al_emadi,extra_membo_D2,1.0026875,0.9383566037262462,9.015779495239258,-0.00014445572735049934,0.030524964393253157,-0.0008296674350276589,-0.038831277936697,0.04129516929388047,0.016410584297698625,8.984075546264648,-5.5434188098375336e-06,0.00403680426915155,-0.00010143261170014739,-0.0053969468921422955,0.005188666936010124,0.014716866934209595,9.919722557067871,-2.4499645209006945e-06,0.0027078407003013074,-6.18820486124605e-05,-0.003433514852076769,0.0034542614594101906,0.01774852388044534,10.756940841674805,6.27903332034507e-06,0.0021042822286474563,7.272252696566284e-05,-0.0026038597570732236,0.002562603331170976,0.012767421161400202,11.739571571350098,1.0687592993323573e-05,0.0012625109503821045,-4.908079972665291e-06,-0.001534469681791961,0.0015756235690787437
F:\Seminario\Seminario-Clustering\datasets\davi\Al Emadi (2019)\Multiclass_Drone_Audio\bebop_1\B_S2_D1_098-bebop_000_.wav,Multiclass_Drone_Audio\bebop_1\B_S2_D1_098-bebop_000_.wav,al_emadi,B_S2_D1_098-bebop_000,1.024,0.9119467689443008,8.701448440551758,0.003974512278653898,0.6349608896987577,-0.008130617439746857,-0.7852871656417847,0.7802691161632538,0.008717497883279485,8.65369701385498,0.0007389489324250286,0.06207773955226851,-0.00043466308852657676,-0.07132073491811752,0.07505115866661072,0.01604987322399147,9.830513954162598,0.0016934161261126478,0.05962794889129086,0.0011544807930476964,-0.07044935524463652,0.07688448503613472,0.03639089882360803,10.804195404052734,-0.0015113329421410915,0.06355037175058423,-0.0030654894653707743,-0.07856320589780807,0.07728655636310577,0.026894961124820177,11.791524887084961,-8.934241195497415e-05,0.0386588696851019,-0.0003478103317320347,-0.04758100062608718,0.0472014680504799
F:\Seminario\Seminario-Clustering\datasets\davi\Al Emadi (2019)\Multiclass_Drone_Audio\unknown\3-134699-C-162.wav,Multiclass_Drone_Audio\unknown\3-134699-C-162.wav,al_emadi,3-134699-C-162,0.97525,0.9677023351694128,8.58469295501709,6.653877045431389e-05,0.7155907572783492,-0.025189608335494995,-0.8272825479507446,0.8277450203895569,0.013680166853926867,8.818292617797852,0.00016308432087970556,0.08508220126742579,0.0019658836536109447,-0.11169227212667465,0.10672743618488312,0.00275595096307004,9.910226821899414,-0.000473746174677946,0.027040392325176337,-0.0007203487912192941,-0.034671466797590256,0.03379383683204651,0.004640181170431179,9.014089584350586,4.37960803683158e-05,0.024832988243691605,-0.00019691609486471862,-0.018909309059381485,0.018985974602401257,0.011221365843159027,9.31999683380127,-1.129864348985883e-05,0.02731899168947849,-0.00017412099987268448,-0.016227053105831148,0.01660234965384007
F:\Seminario\Seminario-Clustering\datasets\davi\Al Emadi (2019)\Multiclass_Drone_Audio\unknown\silence012.wav,Multiclass_Drone_Audio\unknown\silence012.wav,al_emadi,silence012,0.7430625,0.0,-0.0,0.0,0.0,0.0,0.0,0.0,0.0,-0.0,0.0,0.0,0.0,0.0,0.0,0.0,-0.0,0.0,0.0,0.0,0.0,0.0,0.0,-0.0,0.0,0.0,0.0,0.0,0.0,0.0,-0.0,0.0,0.0,0.0,0.0,0.0
F:\Seminario\Seminario-Clustering\datasets\davi\Al Emadi (2019)\Multiclass_Drone_Audio\unknown\5-251962-A-472.wav,Multiclass_Drone_Audio\unknown\5-251962-A-472.wav,al_emadi,5-251962-A-472,0.97525,0.5257187857008282,8.656702041625977,0.0018057519589929588,0.25098308234735395,0.005149253644049168,-0.3052177429199219,0.3027241826057434,0.26645941917172866,8.724688529968262,-0.006883182961915721,0.17855500793114965,-0.014080505818128586,-0.21818044781684875,0.215795636177063,0.12595683604591582,9.693286895751953,-0.0010075569454137023,0.0869983032005052,0.00038260314613580704,-0.10667946562170982,0.10663871094584465,0.04992486247977174,10.57890510559082,-0.00014706113134696554,0.038761683958484006,-1.435109879821539e-05,-0.04734848253428936,0.0457427054643631,0.03194009660175555,11.416769027709961,6.334224204153352e-05,0.02193276047039031,0.0001725767506286502,-0.025059759989380835,0.024800697714090367
F:\Seminario\Seminario-Clustering\datasets\davi\Al Emadi (2019)\Multiclass_Drone_Audio\membo_1\mixed_membo_21-membo_003_.wav,Multiclass_Drone_Audio\membo_1\mixed_membo_21-membo_003_.wav,al_emadi,mixed_membo_21-membo_003,1.024,0.4202186438082255,8.821532249450684,0.0001854424050656482,0.1272412444460251,0.0025561656802892685,-0.15913746356964112,0.15346917510032657,0.26144259762985766,8.844802856445312,-0.0019031643840366776,0.1003461626635954,0.005309284431859851,-0.1303260549902916,0.11835904568433762,0.1473148556522876,9.86473274230957,0.000942320286830719,0.05334142398792711,0.0004909151466563344,-0.06629543080925941,0.06749746128916741,0.09732668487371661,10.841224670410156,-0.00012888967085732632,0.030688563970711586,-0.0005315283196978271,-0.03762571141123772,0.03860407695174217,0.07369721803591259,11.821539878845215,6.406838959027914e-05,0.018891127019574835,3.124991781078279e-05,-0.02381080240011215,0.023677186295390135
F:\Seminario\Seminario-Clustering\datasets\davi\Al Emadi (2019)\Multiclass_Drone_Audio\unknown\5-249937-A-220.wav,Multiclass_Drone_Audio\unknown\5-249937-A-220.wav,al_emadi,5-249937-A-220,1.0216875,0.08020316275353982,8.453133583068848,-0.0016250019488314436,0.12018461578580943,-0.003634026274085045,-0.14090018421411513,0.13039591461420064,0.20333905405288136,8.063423156738281,-0.003366958811018047,0.19135332636457292,-0.011921185534447432,-0.1942286193370819,0.19982614964246756,0.4117721587797483,9.070486068725586,-0.005886755173071617,0.19281668189506615,-1.355540007352829e-06,-0.20380303263664246,0.19443278312683107,0.2447921499508172,9.650077819824219,-0.0004911619062993616,0.10524842051532791,-0.0009502506582066417,-0.10717112347483634,0.10443936064839364,0.059893474463013345,10.948830604553223,0.00010486827794818165,0.03682819065134353,0.00027578946901485324,-0.039011449366807935,0.03831602782011033
F:\Seminario\Seminario-Clustering\datasets\davi\Al Emadi (2019)\Multiclass_Drone_Audio\unknown\4-191015-A-432.wav,Multiclass_Drone_Audio\unknown\4-191015-A-432.wav,al_emadi,4-191015-A-432,0.97525,0.9529170909992128,8.946911811828613,-0.00042721387904344336,0.14722795800840618,0.010683463886380196,-0.20906014740467072,0.1854175329208374,0.013497689976266878,8.973896026611328,-0.0001370602105683068,0.017521892741463395,-0.00040322233689948916,-0.022886784747242928,0.022825561463832855,0.016538808211041804,9.896769523620605,-0.00019206101973179813,0.013734862013035655,-0.0001320013398071751,-0.01808976661413908,0.01746520586311817,0.013924833551796648,10.876412391662598,-3.384889469419744e-05,0.008919177988333093,6.885342008899897e-05,-0.011623731814324856,0.011208448093384504,0.0031215772616818164,11.774166107177734,1.3775622453308255e-05,0.002987411348238516,1.7110141925513744e-06,-0.003682646108791232,0.003742843680083752
F:\Seminario\Seminario-Clustering\datasets\davi\Al Emadi (2019)\Multiclass_Drone_Audio\bebop_1\B_S2_D1_069-bebop_000_.wav,Multiclass_Drone_Audio\bebop_1\B_S2_D1_069-bebop_000_.wav,al_emadi,B_S2_D1_069-bebop_000,1.024,0.1864619150432999,8.754349708557129,-0.00023322469279061532,0.10568664528298152,0.0005034697242081165,-0.12858083844184875,0.12529131025075912,0.05303957967206273,8.981741905212402,9.136166066401502e-06,0.056367155239678154,-0.00046276161447167397,-0.07132640555500984,0.07349093779921533,0.17344894710782882,9.938526153564453,0.0003469182368417333,0.07218139659460578,7.854305295040831e-05,-0.09109098613262176,0.09038927704095841,0.34594512566619473,10.941985130310059,0.0009507696370868308,0.07213826673109561,0.0020610042847692966,-0.09147021919488907,0.09217027574777603,0.24110443251061384,11.939421653747559,-0.00022603063687305064,0.04260560087083726,3.5929842852056026e-06,-0.05436102673411369,0.054125564545392996
F:\Seminario\Seminario-Clustering\datasets\davi\Al Emadi (2019)\Multiclass_Drone_Audio\bebop_1\B_S2_D1_095-bebop_000_.wav,Multiclass_Drone_Audio\bebop_1\B_S2_D1_095-bebop_000_.wav,al_emadi,B_S2_D1_095-bebop_000,1.024,0.5392837559267488,7.831629753112793,9.651305651274121e-05,0.21989855761393506,-0.0007885775994509459,-0.20784294456243516,0.19484462141990663,0.034341852889077616,8.955354690551758,-8.691463272485122e-05,0.05549132501533684,-0.0014785867533646524,-0.0714802049100399,0.07055363059043884,0.10324840057455326,9.981008529663086,0.0009698503486828098,0.06812865396936293,0.00255859293974936,-0.08913809657096863,0.08716493993997575,0.17776738286014215,10.904973030090332,7.295994762615345e-05,0.06327223974357128,0.00047400558833032846,-0.08145972341299057,0.07945351302623749,0.14535860774947823,11.954056739807129,1.8823559385066075e-05,0.04047419411826281,0.0004813843406736851,-0.05266854166984558,0.05218439400196077
F:\Seminario\Seminario-Clustering\datasets\davi\Al Emadi (2019)\Multiclass_Drone_Audio\bebop_1\mixed_12-bebop_003_.wav,Multiclass_Drone_Audio\bebop_1\mixed_12-bebop_003_.wav,al_emadi,mixed_12-bebop_003,1.024,0.8366455459778921,8.877521514892578,-0.003741752623028836,0.3614824992523547,-0.04236301966011524,-0.4385096341371536,0.48389434814453125,0.04479562618328698,9.046945571899414,0.0009256043436923472,0.0836432659673681,-5.5332493502646685e-05,-0.10544662103056908,0.11040027216076853,0.039767476375991075,9.901998519897461,0.0004315770485612066,0.055809637144665934,0.0005274302675388753,-0.07012542635202408,0.0730517514050007,0.047774690480987085,10.924545288085938,-3.3467107626990006e-05,0.04329246499959913,-0.00048822356620803475,-0.056158363819122314,0.05535701662302017,0.031016660981842734,11.917943954467773,-1.9973085194830672e-05,0.02467636998782534,-8.130783680826426e-05,-0.031218130141496655,0.03177212774753571
F:\Seminario\Seminario-Clustering\datasets\davi\Al Emadi (2019)\Multiclass_Drone_Audio\unknown\5-177034-A-184.wav,Multiclass_Drone_Audio\unknown\5-177034-A-184.wav,al_emadi,5-177034-A-184,0.95975,0.21546705397548963,8.016548156738281,-0.0009492539495083177,0.0676478094991352,0.00019262504065409303,-0.06890125200152397,0.06567833945155144,0.26229094882118137,8.404302597045898,-0.002315888969376746,0.07460854722027939,-0.0028783446177840233,-0.09171964600682259,0.08059756830334663,0.18075925501763843,9.701704025268555,-0.0009882190686124437,0.043885337293393646,-0.0006144721410237253,-0.05598462224006653,0.05331013053655625,0.27667728049552154,10.52988052368164,-1.669552431156529e-05,0.03843170410021481,-0.00013955105532659218,-0.04500479213893414,0.04566947929561139,0.06480546169016904,11.510503768920898,-1.5173543109023658e-05,0.013158041688947002,0.00010342302266508341,-0.01579928956925869,0.015591762959957123
F:\Seminario\Seminario-Clustering\datasets\davi\Al Emadi (2019)\Multiclass_Drone_Audio\unknown\4-204119-A-393.wav,Multiclass_Drone_Audio\unknown\4-204119-A-393.wav,al_emadi,4-204119-A-393,1.0216875,0.0,-0.0,0.0,0.0,0.0,0.0,0.0,0.0,-0.0,0.0,0.0,0.0,0.0,0.0,0.0,-0.0,0.0,0.0,0.0,0.0,0.0,0.0,-0.0,0.0,0.0,0.0,0.0,0.0,0.0,-0.0,0.0,0.0,0.0,0.0,0.0
F:\Seminario\Seminario-Clustering\datasets\davi\Al Emadi (2019)\Multiclass_Drone_Audio\unknown\4-198962-A-254.wav,Multiclass_Drone_Audio\unknown\4-198962-A-254.wav,al_emadi,4-198962-A-254,0.95975,0.9721739311843459,6.6264424324035645,2.0515894942471515e-05,0.02657593657915091,0.00037959277688059956,-0.018207325600087643,0.017488732933998108,0.022422951069812565,4.674117088317871,2.150376595555802e-05,0.004036053599044755,3.937631663575303e-05,-0.001373867446091026,0.0014737903838977218,0.0035069140315606927,5.7711567878723145,2.6357243803124526e-06,0.001130710168063675,3.219251084374264e-06,-0.0005389090394601226,0.0005520808510482316,0.0009321073381560878,8.085323333740234,7.284028733504004e-06,0.0004124571781539096,4.746269041788764e-06,-0.00028466600051615384,0.00027519327122718103,0.0009640963761247814,8.05978775024414,1.364303209695228e-07,0.00029679501238969304,8.412462193518877e-08,-0.00015679269563406706,0.00015908738714642823
F:\Seminario\Seminario-Clustering\datasets\davi\Al Emadi (2019)\Multiclass_Drone_Audio\unknown\1-17808-B-120.wav,Multiclass_Drone_Audio\unknown\1-17808-B-120.wav,al_emadi,1-17808-B-120,1.0216875,0.9957604778523698,8.898645401000977,0.00033621058053271807,0.14691121002755275,0.001910738938022405,-0.1936436638236046,0.18840555846691143,0.0013343113461674384,8.716079711914062,0.00012039239016246704,0.005376483877701848,0.00023367995163425803,-0.006557115772739052,0.006390399998053909,0.0011322604694804243,9.75051498413086,-9.319836442262092e-05,0.0035077136693476576,-0.00015560464817099273,-0.004396501742303371,0.004372572805732489,0.0011317898302001573,10.584070205688477,7.12882021869168e-05,0.0024814819828675614,6.899716390762478e-05,-0.002964726835489273,0.003019186365418137,0.000641160501782212,11.74449634552002,2.382808054695422e-06,0.0013217851270647062,8.126895409077406e-06,-0.0016297927126288415,0.0016322206705808656
F:\Seminario\Seminario-Clustering\datasets\davi\Al Emadi (2019)\Multiclass_Drone_Audio\bebop_1\mixed_61-bebop_004_.wav,Multiclass_Drone_Audio\bebop_1\mixed_61-bebop_004_.wav,al_emadi,mixed_61-bebop_004,0.904,0.2801936254245118,6.1162004470825195,0.0001509848786364463,0.1250943726008453,-0.001198836020193994,-0.07527911812067031,0.07385215386748314,0.07214668502013312,8.440272331237793,-0.00202172165965229,0.06344490782401334,-0.00025776880647754297,-0.07969305142760277,0.06882107183337213,0.189464097838126,9.566402435302734,0.0003169393211401748,0.07285684516334946,-0.0013621680554933846,-0.08767859265208244,0.09102306738495827,0.28473733839602683,10.461287498474121,-0.0012512950789121586,0.06320515757626426,-0.0014627495547756553,-0.07690995931625366,0.07567962259054184,0.17345825332120224,10.949551582336426,-9.396759538860839e-05,0.03490649985770471,9.742681868374348e-05,-0.0370020791888237,0.03692361339926722
F:\Seminario\Seminario-Clustering\datasets\davi\Al Emadi (2019)\Multiclass_Drone_Audio\membo_1\mixed_membo_29-membo_002_.wav,Multiclass_Drone_Audio\membo_1\mixed_membo_29-membo_002_.wav,al_emadi,mixed_membo_29-membo_002,1.024,0.608166168602022,8.802022933959961,0.0021209119639395584,0.40784758192672693,0.0035087931901216507,-0.5237194061279297,0.5102342367172242,0.1303832874511575,8.799461364746094,9.023256298127466e-05,0.18884415376877048,-0.005666914628818631,-0.23117417246103286,0.22993948012590412,0.14610694535240681,9.439122200012207,0.012273474726642884,0.1410288676481087,0.009442123584449291,-0.150211164355278,0.17498708218336106,0.09859340826619023,10.16926097869873,2.2601707908960766e-05,0.08229819352889366,0.0005045218276791275,-0.08432197570800781,0.08348851650953293,0.016750190328223422,11.770624160766602,2.470160489471469e-05,0.02399641745582656,-0.00015980415628291667,-0.029414449259638785,0.029559647291898732
F:\Seminario\Seminario-Clustering\datasets\davi\Al Emadi (2019)\Multiclass_Drone_Audio\unknown\1-101336-A-303.wav,Multiclass_Drone_Audio\unknown\1-101336-A-303.wav,al_emadi,1-101336-A-303,1.0216875,0.0,-0.0,0.0,0.0,0.0,0.0,0.0,0.0,-0.0,0.0,0.0,0.0,0.0,0.0,0.0,-0.0,0.0,0.0,0.0,0.0,0.0,0.0,-0.0,0.0,0.0,0.0,0.0,0.0,0.0,-0.0,0.0,0.0,0.0,0.0,0.0
F:\Seminario\Seminario-Clustering\datasets\davi\Al Emadi (2019)\Multiclass_Drone_Audio\unknown\5-156999-E-193.wav,Multiclass_Drone_Audio\unknown\5-156999-E-193.wav,al_emadi,5-156999-E-193,1.0216875,0.9037496956710853,8.907699584960938,-0.8614116243742668,1.3443615975364784,-0.9061933755874634,-2.449059677124023,0.6415436387062075,0.07811826820667661,8.396757125854492,0.0007164951636734987,0.4694241615801398,0.012357920873910189,-0.5381230056285858,0.5211246013641362,0.016952324145520347,9.266982078552246,0.0003571993530284306,0.15489189840694462,0.0019319533603265882,-0.16591772139072417,0.16721807420253756,0.001115434025084513,10.370624542236328,-1.8032909641826418e-05,0.02811513972006505,-0.00011310866102576256,-0.03154335133731365,0.031568350270390524,6.427795163320936e-05,10.529210090637207,1.3739896044248775e-05,0.004774395908449412,-1.4564255252480507e-05,-0.004524221830070019,0.004501840844750408
F:\Seminario\Seminario-Clustering\datasets\davi\Al Emadi (2019)\Multiclass_Drone_Audio\unknown\1-21421-A-463.wav,Multiclass_Drone_Audio\unknown\1-21421-A-463.wav,al_emadi,1-21421-A-463,1.0216875,0.2879715040157631,9.124577522277832,-0.00042181358951712863,0.40156743531311134,0.0015239957720041275,-0.5229909360408783,0.516167038679123,0.30023606387819757,8.766408920288086,0.01909370581220368,0.40958495872559164,0.010573898442089558,-0.5165282428264618,0.5374908983707428,0.22930917635289758,9.497859001159668,-7.301734562912341e-05,0.25381672055465015,0.0003024929901584983,-0.2955321609973907,0.2994920492172241,0.15232477162478122,10.508481979370117,-0.0013817192115185384,0.1463789450739173,-0.0025340497959405184,-0.17252419888973236,0.17334415763616562,0.030158484128360488,10.708184242248535,-4.872290203248927e-05,0.046077406279578334,-3.4373486414551735e-05,-0.04458343014121056,0.04545873627066612
F:\Seminario\Seminario-Clustering\datasets\davi\Al Emadi (2019)\Multiclass_Drone_Audio\bebop_1\mixed_32-bebop_001_.wav,Multiclass_Drone_Audio\bebop_1\mixed_32-bebop_001_.wav,al_emadi,mixed_32-bebop_001,1.024,0.4888791734562647,8.862554550170898,0.0011837726739208096,0.28507152007318315,-0.0001696990802884102,-0.3661776930093765,0.3609682053327561,0.2517719236911957,8.479990005493164,-0.0047701255565292195,0.2045230905863127,-0.0013636600924655795,-0.2372892931103706,0.2138881325721741,0.1257177501433058,9.196228981018066,-0.00022639389645034844,0.10236993401857696,0.00010474256123416126,-0.10757268965244293,0.1130951963365078,0.09547295187575709,10.610572814941406,-0.0002172338591574061,0.06313470183163841,-0.0002307450631633401,-0.07505357265472412,0.07561337202787399,0.03815820083347673,11.902853965759277,5.1685755072075466e-05,0.028235413354459966,-0.00026895833434537053,-0.03543325886130333,0.03588646575808526
F:\Seminario\Seminario-Clustering\datasets\davi\Al Emadi (2019)\Multiclass_Drone_Audio\bebop_1\mixed_63-bebop_003_.wav,Multiclass_Drone_Audio\bebop_1\mixed_63-bebop_003_.wav,al_emadi,mixed_63-bebop_003,1.024,0.6698712203031157,8.801498413085938,0.004286395718718797,0.3158814289449174,0.009609719272702932,-0.394847971200943,0.3872340589761734,0.0702061710276206,8.691732406616211,-0.0008198425832834068,0.10226855692976121,-0.00026998529210686684,-0.12581192404031752,0.1214037448167801,0.05612130904245457,9.817084312438965,-0.0004778338883635738,0.06474986907898922,-0.0003282609977759421,-0.08149342834949494,0.07692504078149796,0.09090768297815505,10.783405303955078,-0.0006313635149060108,0.058319932109222816,0.00031984984525479376,-0.07363975048065186,0.06905186176300049,0.11289361664865405,11.705857276916504,0.00011051449513773402,0.04597757053585948,-3.593042492866516e-06,-0.05448500216007232,0.05605131015181542
F:\Seminario\Seminario-Clustering\datasets\davi\Al Emadi (2019)\Multiclass_Drone_Audio\membo_1\Membo_2_015-membo_000_.wav,Multiclass_Drone_Audio\membo_1\Membo_2_015-membo_000_.wav,al_emadi,Membo_2_015-membo_000,1.024,0.7561508102624492,8.719671249389648,0.0009003073411080444,0.13556660903596693,-0.00627966015599668,-0.15287873744964597,0.1607336848974228,0.012490378523906484,9.103291511535645,-7.348656254533443e-05,0.017423766252646206,0.001171513693407178,-0.023279045335948465,0.021724321506917478,0.025909874641120916,10.015035629272461,-0.00010502501291688985,0.0177705790191163,-0.0003467520291451365,-0.023130101151764393,0.02288330383598805,0.09402245020195125,10.983264923095703,-4.864642719542996e-05,0.023957787217477194,0.00018605281366035342,-0.0312969945371151,0.03053135983645916,0.11142648637057205,11.930510520935059,-8.033798274647615e-06,0.018450002466492064,-7.260812708409503e-05,-0.023814805597066876,0.02383091412484646
F:\Seminario\Seminario-Clustering\datasets\davi\Al Emadi (2019)\Multiclass_Drone_Audio\membo_1\mixed_membo_14-membo_000_.wav,Multiclass_Drone_Audio\membo_1\mixed_membo_14-membo_000_.wav,al_emadi,mixed_membo_14-membo_000,1.024,0.9133878124191157,8.968559265136719,-0.00033241747268159124,0.09855553824678584,-0.004457453731447458,-0.12286662608385086,0.1299154981970787,0.048044224034516816,8.796290397644043,-0.00015029309602008988,0.022603040674843016,-0.00013083364319754764,-0.026530721224844456,0.028062340803444386,0.013609707102614716,9.93826675415039,-6.382847363819872e-05,0.008518958438045978,-0.000197495668544434,-0.010918452683836222,0.011209490522742272,0.011377867623873567,10.981922149658203,-0.00014838599813954016,0.005510648016131577,-0.0001329769438598305,-0.007229214068502188,0.007004019804298878,0.013580388819879167,11.938860893249512,-3.2848140450500058e-06,0.004260455102322641,-2.4890119675546885e-05,-0.005398889910429716,0.005403080862015486
F:\Seminario\Seminario-Clustering\datasets\davi\Al Emadi (2019)\Multiclass_Drone_Audio\unknown\3-103401-C-334.wav,Multiclass_Drone_Audio\unknown\3-103401-C-334.wav,al_emadi,3-103401-C-334,0.95975,0.01251301206046565,8.702625274658203,0.0003720177438155426,0.023296029812976474,-0.0002949561458081007,-0.029914259910583496,0.02825547382235527,0.09793066760864438,8.511813163757324,-0.0014463844877891517,0.06516415669304415,-0.0026618142146617174,-0.0789051428437233,0.0768246054649353,0.4633065292485177,9.229524612426758,0.0016600275766607163,0.10041634966546961,0.0008086684392765164,-0.1126329630613327,0.1152633011341095,0.3273506531066213,9.941972732543945,0.0003560690251869082,0.05973820076643782,-0.0003510387905407697,-0.06367485448718072,0.06473581194877626,0.098899137975751,10.55727767944336,-6.79389980104034e-07,0.023229095650588023,6.743146514054388e-05,-0.020625030621886253,0.021373888477683067
F:\Seminario\Seminario-Clustering\datasets\davi\Al Emadi (2019)\Multiclass_Drone_Audio\unknown\2-81731-A-104.wav,Multiclass_Drone_Audio\unknown\2-81731-A-104.wav,al_emadi,2-81731-A-104,0.95975,0.057340217379463286,8.853514671325684,-0.00010664574004278044,0.011987576321613229,-2.705375663936138e-06,-0.015165723394602537,0.015607462264597416,0.09058514289526667,8.863460540771484,0.0006162337303148003,0.015055107717952229,0.000639676523860544,-0.018210286274552345,0.02037250902503729,0.13796058286997342,9.605804443359375,-0.0002525172267255053,0.013170121708669514,-0.0003971197293139994,-0.01600610129535198,0.015779093280434614,0.2992036156998153,7.900579452514648,-0.00032756878957132074,0.01372383564187559,3.6260833439882845e-05,-0.011514609213918447,0.011386690381914378,0.4149104411554813,9.649019241333008,5.867025613996777e-05,0.011435892050137527,-8.19716660771519e-05,-0.009658240713179111,0.009674189612269402
F:\Seminario\Seminario-Clustering\datasets\davi\Al Emadi (2019)\Multiclass_Drone_Audio\bebop_1\mixed_61-bebop_002_.wav,Multiclass_Drone_Audio\bebop_1\mixed_61-bebop_002_.wav,al_emadi,mixed_61-bebop_002,1.024,0.8310208830538905,8.21554946899414,0.0009424376777300918,0.43631357230897866,-0.0012147282250225544,-0.44947973787784573,0.48794050216674817,0.06053323034437303,8.086267471313477,-0.00018701796398443865,0.11775792567729698,0.00020405789837241173,-0.13014169037342072,0.12540172636508942,0.06592490103049675,9.663354873657227,0.00026376872182071724,0.08702317019727762,0.0002558912383392453,-0.10538706257939338,0.11330940425395966,0.023817774047470323,10.465009689331055,-3.816598003898627e-05,0.037018416309978805,6.107392255216837e-05,-0.04215600714087486,0.04179683327674866,0.018703211523769307,10.891357421875,-4.987511673922036e-05,0.023205716168187684,-0.0001195790246129036,-0.02328485436737537,0.023000608012080204
F:\Seminario\Seminario-Clustering\datasets\davi\Al Emadi (2019)\Multiclass_Drone_Audio\bebop_1\B_S2_D1_093-bebop_002_.wav,Multiclass_Drone_Audio\bebop_1\B_S2_D1_093-bebop_002_.wav,al_emadi,B_S2_D1_093-bebop_002,1.024,0.8972783287003734,6.9224443435668945,-9.644050738837534e-05,0.5218520496200375,0.0024943905882537365,-0.40821028649806973,0.41421559154987364,0.007755386920798329,8.718496322631836,-5.188254558693762e-05,0.048516033974418726,-0.0015513580292463303,-0.057338392734527587,0.0587564826011658,0.02182320370378261,9.89366340637207,-0.0006366186802925682,0.05762818728957215,-0.0012045244220644236,-0.07402777150273324,0.07444199100136757,0.0419061526297355,10.923924446105957,-0.0011031659580604213,0.05650848779775797,-0.0011340177152305841,-0.07472366094589233,0.07055243104696274,0.031236928045310162,11.925400733947754,1.2672009914422344e-05,0.03451930588268398,7.745693437755108e-07,-0.04416844770312309,0.04424914494156839
F:\Seminario\Seminario-Clustering\datasets\davi\Al Emadi (2019)\Multiclass_Drone_Audio\unknown\2-32515-A-44.wav,Multiclass_Drone_Audio\unknown\2-32515-A-44.wav,al_emadi,2-32515-A-44,0.95975,0.0062873335375545755,4.49713134765625,-0.002963840431260431,0.06206227345754785,-0.0017693415866233408,-0.046634916216135025,0.04257454164326191,0.06006926602309765,6.613724708557129,0.002418743612739249,0.19203518898151228,0.00012710035298368894,-0.08985570073127747,0.09393534436821938,0.3754463815799422,7.881063461303711,0.00584828413735286,0.3400729222642227,0.0018802741542458534,-0.16630095541477202,0.16832571923732775,0.5374394516718988,8.760726928710938,0.00016185223029841742,0.2879722775185786,-9.93108405964449e-05,-0.13751046657562255,0.1409159108996397,0.02075756718750683,9.615222930908203,5.376802771814952e-05,0.040036548025244284,7.895550879766233e-07,-0.021738745272159576,0.02006665989756584
F:\Seminario\Seminario-Clustering\datasets\davi\Al Emadi (2019)\Multiclass_Drone_Audio\unknown\4-180453-A-174.wav,Multiclass_Drone_Audio\unknown\4-180453-A-174.wav,al_emadi,4-180453-A-174,0.95975,0.032648975932958846,6.0693793296813965,0.00010017968647288611,0.008968464436874638,0.00015153101412579417,-0.005121327703818679,0.005607130471616983,0.010099361563452555,5.874275207519531,5.052591509138249e-05,0.004988099383069518,-2.7579271772992797e-06,-0.0015519318403676152,0.0017209954094141722,0.08031561168616697,7.452645301818848,-4.277415150489979e-05,0.009965052897688625,5.081325525679858e-06,-0.005373571254312991,0.004505721665918838,0.7851540677614847,7.905148983001709,-1.5184728833310998e-06,0.022048788364613197,4.54328710475238e-06,-0.005552463512867689,0.0056235130410641435,0.09178198305593699,8.49246883392334,1.255233318427052e-06,0.005332965609889809,4.429325599630829e-07,-0.0010847448138520122,0.0010536644840613008
F:\Seminario\Seminario-Clustering\datasets\davi\Al Emadi (2019)\Multiclass_Drone_Audio\bebop_1\B_S2_D1_100-bebop_002_.wav,Multiclass_Drone_Audio\bebop_1\B_S2_D1_100-bebop_002_.wav,al_emadi,B_S2_D1_100-bebop_002,1.024,0.7068584188773267,8.686346054077148,-0.001047293338201289,0.3514892461631657,-0.012129482813179493,-0.4008004397153854,0.45179989337921145,0.021627405963986997,8.897045135498047,0.0006970651908913283,0.06147832938224775,-0.0008644757908768952,-0.07601023763418197,0.0773338295519352,0.06446518758418328,9.920644760131836,-8.112550082869517e-06,0.0751672676320707,-0.0023354794830083847,-0.0930399514734745,0.09648948833346367,0.1228118770071672,10.948591232299805,0.0008649252455674068,0.07341951866890892,0.0010768575593829155,-0.0934530645608902,0.09598734229803085,0.08423711056733578,11.926430702209473,-2.0395036710581336e-06,0.04301734487716421,0.00026765139773488045,-0.05522529408335686,0.05524933487176896
F:\Seminario\Seminario-Clustering\datasets\davi\Al Emadi (2019)\Multiclass_Drone_Audio\membo_1\Membo_1_029-membo_003_.wav,Multiclass_Drone_Audio\membo_1\Membo_1_029-membo_003_.wav,al_emadi,Membo_1_029-membo_003,1.024,0.8342066549294594,7.948151588439941,0.00022616414895769462,0.19218502436515905,0.0005452292971313,-0.18380149602890014,0.17750951349735264,0.016760142789425874,9.022704124450684,-3.95934929047232e-05,0.02724089814381051,-0.0005594738468062133,-0.03557263389229774,0.03489379808306694,0.032596202571755696,9.83990478515625,-0.00026565761548473954,0.02690070919124245,-0.0004060442588524893,-0.032819509506225586,0.03496139794588089,0.0551291769558575,10.913064956665039,0.00018007037028816588,0.024759167747894873,0.0003922428877558559,-0.03156194090843201,0.0317218191921711,0.06130782275350147,11.919581413269043,-2.4845585911778354e-05,0.018470757814086896,-0.0003342959680594504,-0.023303212970495223,0.023527684807777408
F:\Seminario\Seminario-Clustering\datasets\davi\Al Emadi (2019)\Multiclass_Drone_Audio\unknown\1-36397-A-232.wav,Multiclass_Drone_Audio\unknown\1-36397-A-232.wav,al_emadi,1-36397-A-232,0.97525,0.987879079344313,6.754210948944092,-0.000113485409707964,0.0021592036417020987,0.0,-0.0012579411268234253,0.000335768039803952,0.0038956359796156127,6.52039098739624,3.4127095762806288e-06,0.00013573526439495767,0.0,-2.86474205495324e-05,4.822369373869151e-05,0.0035901183975038213,7.272480487823486,-2.4298186415300455e-06,9.227725574946525e-05,0.0,-2.6103249183506705e-05,2.211263017670717e-05,0.0021319737989522396,8.62264633178711,-5.601860079203864e-08,5.0338443236398266e-05,0.0,-2.1673327864846215e-05,1.7306649169768207e-05,0.0025031924796153964,9.475905418395996,8.667881295351912e-07,3.857680864970017e-05,0.0,-1.1261119652772304e-05,1.7245391063625037e-05
F:\Seminario\Seminario-Clustering\datasets\davi\Al Emadi (2019)\Multiclass_Drone_Audio\unknown\4-156993-A-191.wav,Multiclass_Drone_Audio\unknown\4-156993-A-191.wav,al_emadi,4-156993-A-191,1.0216875,0.7055011655249693,8.289648056030273,-0.007432290159912367,0.3582847249613527,0.008188951760530472,-0.4248019754886627,0.36368152797222136,0.20176083996657812,7.989569664001465,-0.0018722547869302662,0.1916331127583945,-0.0018403520225547254,-0.19694534689188004,0.19345220178365718,0.06990685528267462,9.158040046691895,-0.0005457887358074268,0.07990025338257079,0.0020903083495795727,-0.08576014190912247,0.08333156555891037,0.018347582211638958,10.172744750976562,9.444854070282214e-05,0.028966012042818488,0.00022950995480641723,-0.030716781131923197,0.030725662596523762,0.00448355701413893,10.819555282592773,4.149441733883626e-06,0.01012939948337295,6.42052827970474e-06,-0.009948707185685635,0.009803733788430694
F:\Seminario\Seminario-Clustering\datasets\davi\Al Emadi (2019)\Multiclass_Drone_Audio\unknown\4-156827-A-463.wav,Multiclass_Drone_Audio\unknown\4-156827-A-463.wav,al_emadi,4-156827-A-463,1.0216875,0.3555424149950507,9.09384822845459,0.0010250624217607574,0.8213056834670945,0.010536383837461472,-1.0897226095199584,1.049165463447571,0.35355593402536956,8.98601245880127,0.026899788735238725,0.8185668158227136,0.013597603887319565,-0.9956051766872406,1.1290813922882081,0.1954592030763088,9.942733764648438,-0.004547440907915644,0.4313094315564067,-0.003432096913456917,-0.5572002530097961,0.5555431008338928,0.0880971075294693,10.521219253540039,0.0003469147919826842,0.20491248763782352,-0.001400515146087855,-0.23488207310438156,0.23766335397958757,0.0073453403738017115,11.124334335327148,-4.555227967691334e-06,0.04185670081478463,-0.0005955607630312443,-0.044672859460115434,0.04462540820240977
F:\Seminario\Seminario-Clustering\datasets\davi\Al Emadi (2019)\Multiclass_Drone_Audio\unknown\3-110913-B-74.wav,Multiclass_Drone_Audio\unknown\3-110913-B-74.wav,al_emadi,3-110913-B-74,0.95975,0.8058844108809087,8.848204612731934,0.00026766880965882267,0.20708265783073243,0.001862191129475832,-0.26892252266407013,0.26015886664390564,0.10959908434268437,8.482885360717773,-0.0010996318683650066,0.07636004062079868,0.0005836826749145985,-0.09195643663406372,0.08762497454881668,0.06178092051072974,9.482160568237305,0.0006715348748151552,0.04061147247211857,-0.00012013340892735869,-0.04693470373749733,0.050281193107366576,0.01869071498672789,10.359460830688477,4.5690941398531284e-05,0.01580941243908951,-0.00015431850624736398,-0.01868704967200756,0.018754369392991067,0.004044869278949363,11.380894660949707,2.841818312774208e-05,0.00520275257846372,-2.304368172190152e-05,-0.005958437453955412,0.005962311755865812
F:\Seminario\Seminario-Clustering\datasets\davi\Al Emadi (2019)\Multiclass_Drone_Audio\unknown\2-76868-A-63.wav,Multiclass_Drone_Audio\unknown\2-76868-A-63.wav,al_emadi,2-76868-A-63,1.0216875,0.08854288398147966,8.546319007873535,-0.001555749255274187,0.10700511277372633,0.0016702269203960896,-0.12255015298724174,0.11687099188566212,0.26187388420641083,6.976694107055664,-0.00043907690317535785,0.18404264191464365,-0.00044164928840473294,-0.10480533167719841,0.12791441679000898,0.48324922578912377,7.710354804992676,-0.00025361640699528905,0.17708603873767914,0.0002148060011677444,-0.08952586054801938,0.08169334381818771,0.10628536434199555,8.404081344604492,-0.0008591624000153474,0.05876147128616817,-0.00022142558736959472,-0.02850084789097309,0.027319202199578292,0.06004864168099021,9.057188034057617,-1.4560696829044688e-05,0.031248178285440055,-1.792075636330992e-05,-0.0115758391097188,0.011159927397966398
F:\Seminario\Seminario-Clustering\datasets\davi\Al Emadi (2019)\Multiclass_Drone_Audio\unknown\1-34094-B-53.wav,Multiclass_Drone_Audio\unknown\1-34094-B-53.wav,al_emadi,1-34094-B-53,1.0216875,0.03102452684748018,8.951245307922363,0.015109819140496342,0.035966161446262496,0.014149106573313475,-0.02934576664119959,0.061253336817026174,0.13893655905011884,8.768095970153809,1.0262553746631307e-05,0.08255524164674771,-0.0022417588625103235,-0.10019837245345115,0.10513753965497018,0.42427451838146885,9.735355377197266,-0.00089806016263549,0.10218064883271405,-0.0002352357842028141,-0.1325864017009735,0.12942869663238527,0.3672390029172132,10.677202224731445,-1.8053050166844347e-05,0.06727280622285683,-0.00012731800961773843,-0.08822589442133903,0.08827672824263574,0.03852539280371897,11.456588745117188,-2.7226904929108352e-05,0.015413768006962527,1.7317937818006612e-05,-0.018754035979509354,0.01886047050356869
F:\Seminario\Seminario-Clustering\datasets\davi\Al Emadi (2019)\Multiclass_Drone_Audio\unknown\4-186940-A-441.wav,Multiclass_Drone_Audio\unknown\4-186940-A-441.wav,al_emadi,4-186940-A-441,1.0216875,0.5360753221762564,9.360387802124023,0.0040711862912060914,0.8870444453338077,-0.027926690876483917,-1.1879545211791993,1.1623452544212345,0.22220986490836855,8.961660385131836,0.10033992278241961,0.562224994449129,0.09581103175878525,-0.6344399273395538,0.8063974440097811,0.1795861523455562,9.915918350219727,0.007670881770157585,0.36358202026122277,0.00683949887752533,-0.450105744600296,0.4738552749156952,0.04971596127589974,10.95189094543457,6.933019906799068e-05,0.13539843575123867,-0.00011733389692381024,-0.17331701070070266,0.17711452543735506,0.012412699293919064,11.935035705566406,-7.417131444989748e-05,0.04785961512770517,0.0010376774007454515,-0.061590440571308136,0.061449519544839876
F:\Seminario\Seminario-Clustering\datasets\davi\Al Emadi (2019)\Multiclass_Drone_Audio\bebop_1\B_S2_D1_106-bebop_004_.wav,Multiclass_Drone_Audio\bebop_1\B_S2_D1_106-bebop_004_.wav,al_emadi,B_S2_D1_106-bebop_004,0.896,0.9357100889939399,8.383299827575684,0.011180425969059857,0.5164008420858875,-0.003950098529458046,-0.5715322196483612,0.6252810537815093,0.016976221718492706,7.189452648162842,0.00048436517899488397,0.06957096641453796,-0.001748998649418354,-0.06149432137608528,0.06305804252624511,0.014603431184304435,9.161205291748047,-0.00033358875543601166,0.045702752709408115,-0.0007975699845701456,-0.05093491002917289,0.04791645035147667,0.019709969283684497,10.197628021240234,0.0006295101401306667,0.037576526722037984,0.0007273065857589245,-0.040026982128620145,0.042163471877574965,0.013000288819578407,11.309648513793945,-2.1715077287821716e-05,0.021592739158850786,-0.00022019329480826855,-0.025012502446770668,0.025120019912719727
F:\Seminario\Seminario-Clustering\datasets\davi\Al Emadi (2019)\Multiclass_Drone_Audio\unknown\1-103995-A-302.wav,Multiclass_Drone_Audio\unknown\1-103995-A-302.wav,al_emadi,1-103995-A-302,0.97525,0.0,-0.0,0.0,0.0,0.0,0.0,0.0,0.0,-0.0,0.0,0.0,0.0,0.0,0.0,0.0,-0.0,0.0,0.0,0.0,0.0,0.0,0.0,-0.0,0.0,0.0,0.0,0.0,0.0,0.0,-0.0,0.0,0.0,0.0,0.0,0.0
F:\Seminario\Seminario-Clustering\datasets\davi\Al Emadi (2019)\Multiclass_Drone_Audio\bebop_1\mixed_21-bebop_003_.wav,Multiclass_Drone_Audio\bebop_1\mixed_21-bebop_003_.wav,al_emadi,mixed_21-bebop_003,1.024,0.5942328201989597,8.702188491821289,-0.0003858587908043155,0.22745525667359404,0.011903319507837296,-0.27126979231834414,0.26410092115402223,0.12185277126326981,8.816329002380371,-0.0012446175112945108,0.10299218575919437,0.0014561472344212234,-0.13120294958353043,0.12513190805912017,0.09861481103554844,9.869524002075195,0.0007509580375189701,0.06561139714667538,-0.0003527245717123151,-0.08325327709317207,0.08685920387506485,0.10769519706545382,10.947662353515625,-0.0008168259323742937,0.048520877790661644,-0.0005527118337340653,-0.06346149742603302,0.06154564023017883,0.07760440043676818,11.886687278747559,0.0001521326894345926,0.02914067950801428,0.00037736224476248026,-0.03702586740255356,0.03686542138457299
F:\Seminario\Seminario-Clustering\datasets\davi\Al Emadi (2019)\Multiclass_Drone_Audio\unknown\3-104761-A-71.wav,Multiclass_Drone_Audio\unknown\3-104761-A-71.wav,al_emadi,3-104761-A-71,1.0216875,0.9827987934061064,7.918105125427246,-0.012026990782754887,0.41953975499310014,-0.011785430833697319,-0.39896720051765444,0.37020614743232755,0.010276909183190481,8.084070205688477,-0.0004173167180993589,0.04291705525592997,0.0004188597959000617,-0.04479954540729523,0.045338385924696925,0.0036479566063808413,9.521942138671875,3.825645612816046e-05,0.018112092748349504,-0.00012875651009380817,-0.020963558927178383,0.020769545435905458,0.001393370264017202,10.510234832763672,3.1800068430068267e-05,0.007920958293053637,-1.401544432155788e-05,-0.0093492129817605,0.009512687288224698,0.001882970540305066,11.382933616638184,-1.5226615025519075e-05,0.006513873568177963,3.577780444175005e-05,-0.0072619979269802565,0.0071633857674896755
F:\Seminario\Seminario-Clustering\datasets\davi\Al Emadi (2019)\Multiclass_Drone_Audio\bebop_1\mixed_37-bebop_001_.wav,Multiclass_Drone_Audio\bebop_1\mixed_37-bebop_001_.wav,al_emadi,mixed_37-bebop_001,1.024,0.603966990068007,8.204595565795898,-0.000504538052075642,0.12780056549300908,-0.006371594266965985,-0.13489001393318173,0.13633985221385955,0.030109595713741003,8.849691390991211,0.0006357895632108303,0.028528188608082154,0.001145248708780855,-0.03569393903017044,0.036760495975613594,0.0869113085249737,9.95732307434082,-0.00034260058329578264,0.034329261213928104,-0.00016660173423588276,-0.04445493556559085,0.04350252598524094,0.15905224512458613,10.940820693969727,0.00014537788902546086,0.032867672572232116,-0.0004531672166194767,-0.04191330447793007,0.04092526063323021,0.11995986056869219,11.919466018676758,1.0247432434124125e-05,0.020192570821205885,-0.0002351776056457311,-0.025512709841132162,0.025781999155879032
F:\Seminario\Seminario-Clustering\datasets\davi\Al Emadi (2019)\Multiclass_Drone_Audio\bebop_1\B_S2_D1_077-bebop_004_.wav,Multiclass_Drone_Audio\bebop_1\B_S2_D1_077-bebop_004_.wav,al_emadi,B_S2_D1_077-bebop_004,0.896,0.4356928487613462,8.292072296142578,-0.0030629347133225124,0.18662366073499956,-0.005508108995854855,-0.20932907611131665,0.22176049947738635,0.03290117482571798,8.746362686157227,0.00142005688499284,0.051271281377295225,0.0005850191519130021,-0.06277499496936798,0.0679956167936325,0.11457853972222153,9.69413948059082,-0.001297575283315301,0.06778217116538905,-0.0008388730930164456,-0.0886498749256134,0.08404140397906303,0.2522675011243847,10.756587982177734,8.811413350535632e-05,0.07120030194991891,-0.0002157335402444005,-0.0922759011387825,0.0892118871212006,0.16455993556632967,11.736421585083008,0.0003594764470144476,0.04068117531244841,0.0006688818684779108,-0.05251206457614899,0.05156330019235611
F:\Seminario\Seminario-Clustering\datasets\davi\Al Emadi (2019)\Multiclass_Drone_Audio\unknown\1-101404-A-340.wav,Multiclass_Drone_Audio\unknown\1-101404-A-340.wav,al_emadi,1-101404-A-340,1.0216875,0.026297595990052543,5.647436618804932,0.0013777981717928796,0.04561666174648798,-0.00015561445616185665,-0.013593115843832493,0.031244367361068764,0.01757566732462437,5.496454238891602,0.0009492255804874773,0.0372974200343497,-3.199136335751973e-05,-0.019707204215228556,0.015480170678347371,0.24378195681130704,5.428138732910156,0.00020668981942004936,0.0984212508798385,2.4617327653686516e-05,-0.029986841976642604,0.033149959146976486,0.4053445104647199,6.247341156005859,0.00024420394629042896,0.08980546802541713,-7.283891591214342e-06,-0.025592267140746115,0.026595776528120067,0.3070002694092961,8.363226890563965,-0.00037396643586829224,0.05528692873748539,-1.7026541172526777e-06,-0.022424153983592987,0.020353056117892267
F:\Seminario\Seminario-Clustering\datasets\davi\Al Emadi (2019)\Multiclass_Drone_Audio\bebop_1\B_S2_D1_078-bebop_000_.wav,Multiclass_Drone_Audio\bebop_1\B_S2_D1_078-bebop_000_.wav,al_emadi,B_S2_D1_078-bebop_000,1.024,0.2736040691421199,8.736923217773438,-0.0002838055292388551,0.13708600863943202,-0.00010666204616427422,-0.16511166840791702,0.1669788420200348,0.05647347419386963,8.934741020202637,-0.0007204683469080037,0.06227675767241071,0.00012329747551120818,-0.0802455984055996,0.08150362893939019,0.1493404679695421,9.953632354736328,0.0006417979647052005,0.07171706917729262,-0.000737735303118825,-0.09061235412955283,0.09124666675925255,0.2924077493122134,10.931314468383789,-0.00045653372504444095,0.07102185026259711,0.0004893897566944361,-0.09124328196048737,0.09034193307161331,0.228174239382255,11.92981243133545,5.564671427247588e-05,0.044382306064139475,0.00010649388423189521,-0.05705739185214042,0.05678184181451797
F:\Seminario\Seminario-Clustering\datasets\davi\Al Emadi (2019)\Multiclass_Drone_Audio\unknown\1-68670-A-342.wav,Multiclass_Drone_Audio\unknown\1-68670-A-342.wav,al_emadi,1-68670-A-342,0.97525,0.008254650554724133,5.32633113861084,0.004512857813905511,0.044825395176442795,0.003312942571938038,-0.01492113433778286,0.0317329503595829,0.029254184695801707,5.70944881439209,-0.0018577160098843673,0.0847919189415918,-5.359872739063576e-05,-0.01764361560344696,0.012046756222844124,0.21743634639375323,6.519769668579102,-0.00034278604098689967,0.16374945845548253,8.201245509553701e-05,-0.02623749803751707,0.026211172342300415,0.22970077949905118,7.420811176300049,0.002051581289309247,0.1190830172055998,2.165384739782894e-05,-0.014161931816488504,0.01907903514802456,0.5153540388566697,8.404651641845703,6.186425550154031e-05,0.12620177871338992,1.5581616025883704e-05,-0.015884733945131298,0.015404266119003326
F:\Seminario\Seminario-Clustering\datasets\davi\Al Emadi (2019)\Multiclass_Drone_Audio\unknown\1-73585-A-71.wav,Multiclass_Drone_Audio\unknown\1-73585-A-71.wav,al_emadi,1-73585-A-71,1.0216875,0.5367608099850181,8.965646743774414,-0.004339533739773999,0.43177177410197776,0.005787546280771494,-0.5525961756706238,0.5366436421871186,0.20705002335822828,8.91930866241455,0.004026808136752952,0.2681479421534627,0.0007245994638651609,-0.3522802144289017,0.34005441069602993,0.1483475979777643,9.892560005187988,-0.0006072683978108566,0.16078610939184412,0.0007542995736002922,-0.2024166017770767,0.20007300078868867,0.0768956753030479,10.78135871887207,-0.0012357014904982426,0.08190606886481155,-0.0005452903860714287,-0.10140579268336296,0.10253765732049942,0.030945893375941478,11.828662872314453,-0.00016902823579514206,0.03676057318879689,-4.4723390601575375e-05,-0.04574279934167862,0.04548428505659106
F:\Seminario\Seminario-Clustering\datasets\davi\Al Emadi (2019)\Multiclass_Drone_Audio\unknown\1-202111-A-33.wav,Multiclass_Drone_Audio\unknown\1-202111-A-33.wav,al_emadi,1-202111-A-33,1.0216875,0.9817793320685119,9.099520683288574,0.004135705646039585,1.1881864257137578,0.0016429272363893688,-1.6188075184822082,1.6157512903213502,0.012096286127604248,8.943022727966309,-0.0019714638792897453,0.13187357553610912,-0.0007288375636562705,-0.17662690430879593,0.17030305415391936,0.004509263166266743,9.474013328552246,0.00021038606643026275,0.057036870910770976,-0.0012644683010876179,-0.06336308866739274,0.06542813032865524,0.0008921340905715742,10.531754493713379,6.216993144160739e-05,0.017952357213749794,-0.0001722418237477541,-0.020718699507415294,0.02154101971536875,0.0007229845470455469,11.59168815612793,8.828083178033889e-05,0.011432241648027398,7.407518569380045e-05,-0.013484898209571838,0.01375346276909113
F:\Seminario\Seminario-Clustering\datasets\davi\Al Emadi (2019)\Multiclass_Drone_Audio\unknown\2-64332-A-181.wav,Multiclass_Drone_Audio\unknown\2-64332-A-181.wav,al_emadi,2-64332-A-181,1.0216875,0.502383780706062,8.37159538269043,-0.001798487106222181,0.3010167915322347,-0.001285141333937645,-0.3449775636196136,0.3538943111896516,0.13111875528677946,8.310661315917969,-0.000621778350866446,0.1537834279850497,-0.0017843599780462682,-0.17068082988262176,0.161673240363598,0.06539083538930812,9.65446662902832,0.00257700322227818,0.07688132502161213,0.003295213682577014,-0.08950359225273131,0.09094400256872177,0.06325075148634168,10.288028717041016,6.934881979580078e-05,0.05353550443495676,-0.0009339465468656272,-0.0590022437274456,0.0580213513225317,0.23785587713150866,10.109122276306152,6.30876887511034e-05,0.07344073684993996,0.0002026135625783354,-0.06314917504787446,0.06292385309934619
F:\Seminario\Seminario-Clustering\datasets\davi\Al Emadi (2019)\Multiclass_Drone_Audio\membo_1\mixed_membo_11-membo_004_.wav,Multiclass_Drone_Audio\membo_1\mixed_membo_11-membo_004_.wav,al_emadi,mixed_membo_11-membo_004,0.904,0.8759359226865333,8.855697631835938,-0.006342190781935722,0.36725965002730004,0.009397285059094429,-0.48962825536727905,0.4860094368457795,0.03724144969036893,8.752713203430176,0.0009694783526196421,0.07573201418139443,-0.0019506358075886965,-0.09720831513404846,0.10065264105796816,0.03109598249555658,9.790373802185059,-0.0005215696285580426,0.04901527258779712,-0.0013793666730634868,-0.06268635094165802,0.06311134099960328,0.0302302700739919,10.535370826721191,-7.317084805856739e-05,0.03420804373920695,0.0002173533575842157,-0.04217251017689705,0.04028959199786186,0.025496375053549323,11.5006742477417,4.669080356782966e-05,0.02222498536060797,5.061458796262741e-05,-0.02626373432576656,0.026503955200314528
F:\Seminario\Seminario-Clustering\datasets\davi\Al Emadi (2019)\Multiclass_Drone_Audio\membo_1\Membo_0_015-membo_004_.wav,Multiclass_Drone_Audio\membo_1\Membo_0_015-membo_004_.wav,al_emadi,Membo_0_015-membo_004,0.896,0.46684475725906593,8.875245094299316,-0.0009754014749595165,0.11903432287867988,-0.004348167451098561,-0.13894626647233962,0.14876656532287594,0.03557377954020715,8.857114791870117,0.00011584155942713986,0.03285964501133278,0.0020778656471520662,-0.04166867025196552,0.04250934161245822,0.10454659995162419,9.67320442199707,-2.9279699667760414e-05,0.039899164470758926,0.0007317228300962597,-0.05056187584996223,0.04925231747329235,0.17839084813109976,10.646642684936523,-0.00016536774775701958,0.036889181640008505,-0.000465980963781476,-0.04593366011977196,0.044653041660785674,0.21464401511800293,11.555581092834473,4.196093293260981e-06,0.02862683638288016,0.0004546173440758139,-0.03561053052544594,0.03472248092293739
F:\Seminario\Seminario-Clustering\datasets\davi\Al Emadi (2019)\Multiclass_Drone_Audio\unknown\2-91912-B-330.wav,Multiclass_Drone_Audio\unknown\2-91912-B-330.wav,al_emadi,2-91912-B-330,1.0216875,0.338598773163919,7.21122932434082,0.0002823147984415905,0.16904059517991868,0.0008040713728405535,-0.1330780506134033,0.13716878890991224,0.24487293503862312,6.78330659866333,0.0005642142176368444,0.14375269226418977,5.5410473578376696e-05,-0.09015140980482102,0.08571529239416144,0.1620648578794923,7.304363250732422,4.8300844658418406e-05,0.08283594998382701,0.00011458888184279203,-0.046416831016540525,0.04398255497217179,0.1863294192628437,7.018346786499023,-0.0001077598832288577,0.06285180256832765,-1.1824376997537911e-05,-0.019093533419072627,0.018765847012400635,0.06813401465512188,7.213302135467529,1.4119703242074913e-05,0.02688626057178945,3.7228655855869874e-06,-0.005461154039949179,0.005464705266058456
F:\Seminario\Seminario-Clustering\datasets\davi\Al Emadi (2019)\Multiclass_Drone_Audio\unknown\3-136288-A-02.wav,Multiclass_Drone_Audio\unknown\3-136288-A-02.wav,al_emadi,3-136288-A-02,0.97525,0.624746604893823,9.011524200439453,0.0007224781546698053,0.11071205841839686,-0.009652163833379745,-0.13765215873718262,0.15538863837718964,0.2096903038789855,7.888123512268066,-0.000567280948109864,0.06413932941947875,0.0010442112106829882,-0.0693528801202774,0.06101173907518387,0.104569429384937,7.647005081176758,-0.0003984664409715964,0.03207533088181785,0.000173833075677976,-0.01576022244989872,0.01531948335468769,0.05489426844530666,8.107035636901855,9.017389443082784e-05,0.016446654353640774,8.627765055280179e-05,-0.0036772509338334203,0.003862107521854341,0.006099393396947809,9.506966590881348,-2.13679897388036e-06,0.0038783190375241547,-7.356517016887665e-06,-0.0014081650413572786,0.0014248165534809232
F:\Seminario\Seminario-Clustering\datasets\davi\Al Emadi (2019)\Multiclass_Drone_Audio\bebop_1\B_S2_D1_106-bebop_001_.wav,Multiclass_Drone_Audio\bebop_1\B_S2_D1_106-bebop_001_.wav,al_emadi,B_S2_D1_106-bebop_001,1.024,0.22664373493360385,8.490632057189941,-0.002669627014638006,0.12621528066118085,-0.00066347885876894,-0.1452091544866562,0.13948206603527075,0.06611795622114112,8.920064926147461,0.002270463347611316,0.06814845768776205,0.0008709267131052911,-0.08533972650766372,0.09182410463690757,0.16804258381748574,9.842485427856445,-0.0005818090035369032,0.07697556090807714,-2.119912824127823e-05,-0.09737898558378219,0.0950590930879116,0.3115078167504881,10.922769546508789,-0.00165545290470752,0.0741544488705712,-0.0019489552360028028,-0.09710916876792908,0.09445776790380478,0.2276879082772812,11.921695709228516,7.276177957170723e-07,0.044859175830693564,-0.00021789880702272058,-0.056906502693891525,0.0578471712768078
F:\Seminario\Seminario-Clustering\datasets\davi\Al Emadi (2019)\Multiclass_Drone_Audio\bebop_1\mixed_0-bebop_002_.wav,Multiclass_Drone_Audio\bebop_1\mixed_0-bebop_002_.wav,al_emadi,mixed_0-bebop_002,1.024,0.7032290294644866,8.93623161315918,-0.0018210176247380023,0.27110270218026095,-0.0017365217208862305,-0.34326452314853667,0.3300968945026398,0.04677249756234915,8.484813690185547,-0.002581321692333819,0.06987058006401267,-0.0038196719251573086,-0.08188470974564552,0.07618576213717461,0.06957687049769315,9.751055717468262,-0.001108118740397339,0.06037719594642513,-0.0029575981898233294,-0.07333472967147828,0.07316019013524057,0.09657039960243707,10.816758155822754,0.00015486984802371543,0.05034877615420038,0.0008146935724653304,-0.06328308582305908,0.061349548399448395,0.08385120287303399,11.746450424194336,-0.00018700562976801466,0.033188460614920895,9.741127723827958e-05,-0.04110733494162559,0.0403335265815258
F:\Seminario\Seminario-Clustering\datasets\davi\Al Emadi (2019)\Multiclass_Drone_Audio\unknown\5-180156-C-434.wav,Multiclass_Drone_Audio\unknown\5-180156-C-434.wav,al_emadi,5-180156-C-434,0.95975,0.4604142788211536,8.877265930175781,-0.009096774147528438,0.39231734499812243,-0.0021072146482765675,-0.5306688547134399,0.46783556044101715,0.07517999060050438,8.902225494384766,-0.0025675027278964416,0.1585528374045688,0.0011625027400441468,-0.20429011434316635,0.19202253967523575,0.11613194447877775,9.80302906036377,0.0005348295844522874,0.13961294616183292,0.0064672790467739105,-0.18516796529293061,0.1741020977497101,0.3086072150906105,10.085103988647461,-0.00024343427187760973,0.16105686449436366,-0.00037186971167102456,-0.1895400658249855,0.18942312896251703,0.039666571008953724,11.207540512084961,1.5035591851615097e-05,0.040848094769276456,-0.00011467305012047291,-0.04872386157512665,0.05011390894651413
F:\Seminario\Seminario-Clustering\datasets\davi\Al Emadi (2019)\Multiclass_Drone_Audio\membo_1\mixed_membo_26-membo_004_.wav,Multiclass_Drone_Audio\membo_1\mixed_membo_26-membo_004_.wav,al_emadi,mixed_membo_26-membo_004,0.904,0.9804065682016075,9.06709098815918,-0.01933504852855189,0.7771681814777649,-0.049437783658504486,-1.055917489528656,1.0291780829429626,0.006398688557049748,8.756617546081543,0.0005202143101257036,0.0628024881684905,-0.0003634152817539871,-0.08183847442269325,0.07895383760333062,0.004138496417137919,9.738521575927734,0.0003138294580760653,0.035772797993565954,0.000982311787083745,-0.045227205753326415,0.04410911947488785,0.004007836879359768,10.740913391113281,-0.00023999009089461083,0.024916530466107145,0.0004389178939163685,-0.03250301256775856,0.03147962689399719,0.005048409944845076,11.812687873840332,2.0417425832254188e-05,0.01978448607565687,0.00017850380390882492,-0.025765451416373254,0.02582579106092454
F:\Seminario\Seminario-Clustering\datasets\davi\Al Emadi (2019)\Multiclass_Drone_Audio\unknown\1-76831-C-420.wav,Multiclass_Drone_Audio\unknown\1-76831-C-420.wav,al_emadi,1-76831-C-420,1.0216875,0.029905511061770317,8.22576904296875,-0.004747229120023694,0.30769983159860187,-0.00697966106235981,-0.3441008061170578,0.357081606984139,0.47113991940199046,8.58372688293457,-0.005282349161330814,1.2214458783767392,-0.010307411663234234,-1.5133026003837584,1.5406787395477308,0.4168851398548594,9.951272964477539,0.00122177303305533,0.8138354884504937,-0.000269321259111166,-1.0332075357437134,1.0528141260147095,0.07868657451529328,10.756881713867188,0.0010853392104141438,0.250194823547284,0.000901131279533729,-0.3112037926912307,0.31156386733055125,0.0033828551660865474,11.621252059936523,1.7870356304098595e-05,0.03669818067499352,0.0008287322707474232,-0.04410036280751228,0.04266698285937309
F:\Seminario\Seminario-Clustering\datasets\davi\Al Emadi (2019)\Multiclass_Drone_Audio\membo_1\mixed_membo_13-membo_004_.wav,Multiclass_Drone_Audio\membo_1\mixed_membo_13-membo_004_.wav,al_emadi,mixed_membo_13-membo_004,0.904,0.39932483983116196,9.066533088684082,-0.00016693834773172717,0.04801350660756347,8.314382284879684e-07,-0.06442248746752739,0.06592478305101394,0.053643305368971515,8.799121856689453,-0.00045289807383816656,0.017592063657836457,-0.0008557747351005673,-0.022585145384073257,0.02212096843868494,0.11955282185943795,9.369617462158203,0.0001986018984296881,0.018606304694089477,0.0002592990203993395,-0.02144289705902338,0.02184622697532177,0.341108474152575,10.020584106445312,6.682060788327636e-05,0.022246086691996052,8.224876364693046e-05,-0.02424742467701435,0.023895077407360077,0.08637055878785356,11.60746955871582,1.3179547028982855e-05,0.007919296042516238,-4.726243787445128e-07,-0.009599164500832556,0.009675101190805436
F:\Seminario\Seminario-Clustering\datasets\davi\Al Emadi (2019)\Multiclass_Drone_Audio\bebop_1\mixed_62-bebop_003_.wav,Multiclass_Drone_Audio\bebop_1\mixed_62-bebop_003_.wav,al_emadi,mixed_62-bebop_003,1.024,0.8304601460606731,8.722305297851562,0.0006929256887744787,0.2713678608251638,0.002647835877723992,-0.3171463757753372,0.32005435228347784,0.06715055731926194,8.797327995300293,0.00021957050453989035,0.07716555637320081,0.0009153250139206648,-0.09227601587772369,0.09753497317433359,0.023176500665528087,9.933822631835938,-5.5199857159497756e-05,0.03210273990282087,-3.986977390013635e-05,-0.0408614631742239,0.04200214110314847,0.04331101755331816,10.958489418029785,0.0011213717292537797,0.03103773992967567,0.0011576521210372448,-0.038618262857198715,0.04185759648680687,0.035901778401218734,11.941964149475098,-4.356666682811174e-05,0.020003294255861115,-0.00019395432900637388,-0.025503501296043396,0.025558069348335266
F:\Seminario\Seminario-Clustering\datasets\davi\Al Emadi (2019)\Multiclass_Drone_Audio\bebop_1\mixed_29-bebop_002_.wav,Multiclass_Drone_Audio\bebop_1\mixed_29-bebop_002_.wav,al_emadi,mixed_29-bebop_002,1.024,0.4985992979964386,8.816793441772461,0.002618328844043381,0.3432162641411757,0.005609813146293163,-0.4221556276082993,0.4420386612415314,0.14537665274281672,8.779950141906738,-0.0017293082108807037,0.18532460416228352,-0.01014687167480588,-0.23127637058496475,0.22980093955993655,0.18155854609584418,9.516416549682617,0.012306112226092202,0.14614947481055005,0.008015952538698912,-0.15703949183225632,0.18488336652517326,0.13831763286749754,10.388278007507324,0.0005365618048976889,0.09059611250288929,0.0008071966003626585,-0.09881249815225601,0.10206026583909988,0.03614787029740297,11.88106632232666,-7.504694695055173e-05,0.032763404225578066,-0.0002547296753618866,-0.041343957930803296,0.04130752757191659
F:\Seminario\Seminario-Clustering\datasets\davi\Al Emadi (2019)\Multiclass_Drone_Audio\unknown\4-172143-A-130.wav,Multiclass_Drone_Audio\unknown\4-172143-A-130.wav,al_emadi,4-172143-A-130,1.0216875,0.7970472115159039,8.978240013122559,-0.00015295812004172888,0.04283435624022096,-0.0005363351665437222,-0.05433305650949478,0.053931948170065885,0.012619393372703418,8.963604927062988,0.00012675552580706392,0.005388304225626028,-1.793153387552593e-05,-0.007014352316036821,0.00707099442370236,0.010327333544667064,9.873594284057617,1.6986118956151285e-05,0.003453563353363513,-2.5200366508215666e-05,-0.004224665369838476,0.004474759381264449,0.008172155471882209,9.658185958862305,1.7462898767250283e-06,0.0021739518249381043,-3.5253315218142234e-06,-0.0018697710707783698,0.0018360287998802963,0.1718339060948435,9.703712463378906,4.1208164562482475e-06,0.007051912471495828,1.4039855159353465e-05,-0.0029537750873714686,0.003072150330990563
F:\Seminario\Seminario-Clustering\datasets\davi\Al Emadi (2019)\Multiclass_Drone_Audio\membo_1\Membo_0_010-membo_004_.wav,Multiclass_Drone_Audio\membo_1\Membo_0_010-membo_004_.wav,al_emadi,Membo_0_010-membo_004,0.896,0.5668307764165901,9.128944396972656,-5.0077945078638464e-05,0.08325028419558646,-0.0028699516551569104,-0.1058583453297615,0.10535507798194885,0.06184949905760143,8.828556060791016,5.688953375110316e-05,0.027499592777143242,0.0006287578435149044,-0.03476094789803028,0.03527043722569942,0.08154251772245755,9.694262504577637,-0.00017557979384029944,0.022363830692481112,0.00011451165482867509,-0.02760190051048994,0.02765588797628879,0.13084490131045787,10.723344802856445,-1.9902667144642234e-05,0.020051821400427612,8.559928392060101e-05,-0.0263988871127367,0.025197747722268106,0.1589323054928931,11.719952583312988,2.5185325183627764e-05,0.015634285266798095,-6.904434849275276e-05,-0.020033836364746094,0.01986100897192955
F:\Seminario\Seminario-Clustering\datasets\davi\Al Emadi (2019)\Multiclass_Drone_Audio\membo_1\Membo_0_005-membo_003_.wav,Multiclass_Drone_Audio\membo_1\Membo_0_005-membo_003_.wav,al_emadi,Membo_0_005-membo_003,1.024,0.5563392590648404,9.40103530883789,-0.00026994541002600225,0.08134530226197083,0.00014547002501785755,-0.10711966678500176,0.1069235309958458,0.08031940952410116,8.845709800720215,7.965647668048775e-05,0.03090820685438657,-0.000568393588764593,-0.0381809800863266,0.038213751092553136,0.09091523140583159,9.7886381149292,0.00024948727771302706,0.023285028992847852,-7.378170266747475e-06,-0.02905818223953247,0.029236763156950476,0.12333084602744585,10.772147178649902,-0.00034300862272705255,0.019191337171972155,-0.0003968207456637174,-0.02400284633040428,0.02341635152697563,0.14909525397778098,11.780778884887695,2.922181589825106e-06,0.014929354343932973,0.00011957744573010132,-0.018746607750654218,0.018353338167071343
F:\Seminario\Seminario-Clustering\datasets\davi\Al Emadi (2019)\Multiclass_Drone_Audio\unknown\2-98866-A-472.wav,Multiclass_Drone_Audio\unknown\2-98866-A-472.wav,al_emadi,2-98866-A-472,0.97525,0.5541168727288808,8.901479721069336,-0.009958011977313795,0.5147811833137611,-0.011186599731445312,-0.6786460876464844,0.6427941918373108,0.19165016999129106,8.80471134185791,0.005736707072234148,0.3027470169585991,-0.007754193153232336,-0.3735044002532959,0.41128620505332947,0.14012214707673498,9.85685920715332,0.002598973986947936,0.18334245502392574,0.0005096095846965909,-0.22889786958694458,0.2376248762011528,0.08207152006489442,10.79056167602539,-0.0001930299001799289,0.0993040643604513,-0.0010911081917583942,-0.12289781495928764,0.1242716945707798,0.03203929013819879,11.76797103881836,-3.7147298322565146e-05,0.043892726008884636,0.0003749705501832068,-0.05508187562227249,0.054676352441310916
F:\Seminario\Seminario-Clustering\datasets\davi\Al Emadi (2019)\Multiclass_Drone_Audio\unknown\4-125070-A-194.wav,Multiclass_Drone_Audio\unknown\4-125070-A-194.wav,al_emadi,4-125070-A-194,0.95975,0.8864683825342672,8.825277328491211,-4.047488657521194e-05,0.008840498001779183,5.454744677990675e-05,-0.011318018659949303,0.011086544953286648,0.04611427505816515,8.869180679321289,-1.8551258989595316e-06,0.002016355885087836,-1.5903193343547173e-05,-0.002602758468128741,0.0026909704320132732,0.027488759910699635,9.743636131286621,-4.44625781013898e-06,0.0011028004096243352,1.7177237168652937e-05,-0.0014015900902450084,0.001309913047589362,0.025209866732515056,10.532377243041992,2.2060644139545446e-05,0.000747037730240984,1.0458543783897767e-05,-0.0008859653433319181,0.0009017924428917475,0.014718715764352946,11.659452438354492,4.92232992689045e-07,0.0004039838301842424,5.9136464187758975e-06,-0.0004877158207818866,0.000500806956551969
F:\Seminario\Seminario-Clustering\datasets\davi\Al Emadi (2019)\Multiclass_Drone_Audio\unknown\1-4211-A-122.wav,Multiclass_Drone_Audio\unknown\1-4211-A-122.wav,al_emadi,1-4211-A-122,0.97525,0.8711174163134778,8.839201927185059,0.00029677724647055644,0.2664733332605206,0.016786009073257446,-0.34842661023139954,0.3183702826499939,0.005464235769411525,6.296942710876465,4.839385422309775e-05,0.02110470173307425,-3.38252866640687e-05,-0.01350567489862442,0.014860817231237888,0.0134920869107117,5.9348602294921875,0.00010912055597949288,0.023485543508453086,7.239004480652511e-05,-0.009708544239401817,0.008772441651672125,0.05448900100139217,6.757002353668213,0.0003217676801109759,0.03339783420284234,-4.04610182158649e-06,-0.010204418562352657,0.01112424535676837,0.05543726000500679,7.76252555847168,0.00016836384752566075,0.023831629560942008,2.353719901293516e-05,-0.007308576535433526,0.007071456778794527
F:\Seminario\Seminario-Clustering\datasets\davi\Al Emadi (2019)\Multiclass_Drone_Audio\unknown\4-212604-C-154.wav,Multiclass_Drone_Audio\unknown\4-212604-C-154.wav,al_emadi,4-212604-C-154,0.95975,0.17516304167883218,6.844439506530762,-0.000808425125318645,0.16220893645375345,-0.0017692632973194122,-0.0937885120511055,0.08798316493630409,0.4759779342623833,3.9561638832092285,-0.011015432858888138,0.26716743902623635,-0.00023983839491847903,-0.00995547417551279,0.009362051729112864,0.32047338647089496,5.241077423095703,0.0001323645188998168,0.15542754254460758,2.1877174731343985e-05,-0.0029749692417681216,0.0029445104766637137,0.012160862894103905,5.702054977416992,-3.462938850605688e-05,0.021425819211936984,2.030151881626807e-05,-0.001596523926127702,0.0015323111903853726,0.016224774693785683,4.826115131378174,-2.639982129559166e-05,0.017507634435155565,8.439867087872699e-06,-0.0008185100741684437,0.0008046279544942081
F:\Seminario\Seminario-Clustering\datasets\davi\Al Emadi (2019)\Multiclass_Drone_Audio\bebop_1\mixed_22-bebop_003_.wav,Multiclass_Drone_Audio\bebop_1\mixed_22-bebop_003_.wav,al_emadi,mixed_22-bebop_003,1.024,0.43247082331347875,8.354303359985352,5.2770047880329406e-05,0.10119792259516441,-0.003294608322903514,-0.11537551879882812,0.11541856825351716,0.06137293620125315,9.017837524414062,0.00030022935096391483,0.038121346945120205,0.0002611358795547858,-0.04952464289963245,0.050610013678669935,0.11661322874562115,9.932624816894531,-0.000494189512970858,0.03720893727014701,-0.0003536373842507601,-0.04756796173751354,0.048028361424803746,0.22314498137688257,10.862329483032227,-0.00032880113987086677,0.03642862985877652,-0.00010064523667097092,-0.04651639610528946,0.045770980417728424,0.16639803036276438,11.914102554321289,2.851889642322569e-05,0.02225415559459673,-2.28596618399024e-05,-0.02828484885394573,0.028236839547753346
F:\Seminario\Seminario-Clustering\datasets\davi\Al Emadi (2019)\Multiclass_Drone_Audio\unknown\2-108761-A-141.wav,Multiclass_Drone_Audio\unknown\2-108761-A-141.wav,al_emadi,2-108761-A-141,1.0216875,0.7347335804508704,8.948626518249512,-0.0064750612464938165,0.06307537420809312,-0.004332385724410415,-0.08809567987918854,0.07279895395040513,0.19935941963721066,8.959945678710938,0.0005476543520470123,0.033024020452000036,-0.0011379903880879283,-0.041275372728705406,0.04271692149341108,0.051951565092709186,9.953039169311523,9.602546519913477e-06,0.011942521139434914,-0.0002157114795409143,-0.015152645111083985,0.01510365623980761,0.006779408817228429,10.724311828613281,8.066754531826844e-05,0.003051716864773845,0.0001483721935073845,-0.0036610142793506383,0.0037996065104380253,0.007176026001981307,11.614559173583984,7.400436179800192e-06,0.002221827978607861,-1.8676219042390585e-06,-0.0025661698542535304,0.002656785398721696
F:\Seminario\Seminario-Clustering\datasets\davi\Al Emadi (2019)\Multiclass_Drone_Audio\unknown\5-156026-A-41.wav,Multiclass_Drone_Audio\unknown\5-156026-A-41.wav,al_emadi,5-156026-A-41,1.0216875,0.0277665841859992,6.829554557800293,-0.0011114118346022188,0.04467582675363145,-0.00036294228630140424,-0.038966338708996774,0.040182465314865114,0.21153112271123004,6.813410758972168,-0.005276156138700603,0.12323531204641222,-0.0002290431730216369,-0.09015564545989035,0.07336030453443534,0.7021061395269397,8.20985221862793,-0.0009857735275913535,0.15917114785122904,-3.0852461350150406e-06,-0.1348426401615143,0.13154783546924595,0.057736911797905764,9.223904609680176,-3.030341242166738e-05,0.032299890104690185,1.858102677942952e-05,-0.027194534428417683,0.027670096606016163,0.0008592417779252872,9.821019172668457,9.367395622156615e-07,0.002787423372494721,-1.5194427760434337e-07,-0.0018933571875095368,0.0020348326303064835
F:\Seminario\Seminario-Clustering\datasets\davi\Al Emadi (2019)\Multiclass_Drone_Audio\unknown\3-140199-C-80.wav,Multiclass_Drone_Audio\unknown\3-140199-C-80.wav,al_emadi,3-140199-C-80,1.0216875,0.02249171448841326,8.910998344421387,-0.0011791906938779417,0.07393989878833104,0.00039558415301144123,-0.09331137910485267,0.08805546686053277,0.09236883870503687,8.874812126159668,0.0035312165160958317,0.14981832927552335,0.001148199662566185,-0.19254419952630997,0.20018047243356715,0.6510627819417784,9.486547470092773,-0.003396022941902636,0.28179175791168887,0.0007600722019560635,-0.36310237050056454,0.34337161779403697,0.22333817100491207,10.535634994506836,-7.37138408296547e-05,0.11679733769214713,1.2047617929056287e-05,-0.14145155400037765,0.13952822238206866,0.010738493859859486,11.303844451904297,1.782442720383147e-05,0.018117315193025958,0.00023684976622462273,-0.019988913834095002,0.020021473616361623
F:\Seminario\Seminario-Clustering\datasets\davi\Al Emadi (2019)\Multiclass_Drone_Audio\unknown\4-133047-C-53.wav,Multiclass_Drone_Audio\unknown\4-133047-C-53.wav,al_emadi,4-133047-C-53,1.0216875,0.037712913862879276,8.718101501464844,-0.0011246987353344014,0.03588611402645081,-0.0033584473421797156,-0.046422843262553214,0.04357675686478616,0.04120636083863775,8.108457565307617,-7.686859276193826e-05,0.03752976150163539,-0.00010180175013374537,-0.04772443808615207,0.05278953239321709,0.4085679392822803,8.774151802062988,-2.4145420774823974e-05,0.08370516922041359,0.00011031187023036182,-0.09328042566776275,0.08940734565258027,0.4734383724239125,9.664545059204102,0.00021325677360286863,0.06376063349076516,-1.1094958608737215e-05,-0.06622195020318031,0.06321937963366511,0.0390744135922902,10.831440925598145,6.0203743737955775e-06,0.012958070094896192,-2.5034023565240204e-06,-0.014855315163731574,0.015014254301786432
F:\Seminario\Seminario-Clustering\datasets\davi\Al Emadi (2019)\Multiclass_Drone_Audio\unknown\1-60676-A-341.wav,Multiclass_Drone_Audio\unknown\1-60676-A-341.wav,al_emadi,1-60676-A-341,1.0216875,0.06015730004074033,4.5248188972473145,0.0013923846128486039,0.07261390221594596,0.00044823199277743697,-0.013436882011592387,0.024656587280333046,0.028605941968696452,4.809428691864014,-0.0018585208863866616,0.050047719380996,-8.60909767652629e-06,-0.007046751212328672,0.008294178731739531,0.09480492749573251,4.734251499176025,-0.0013426372609085504,0.06456580554775126,-4.8552046791883186e-06,-0.0036637778393924236,0.004427867941558363,0.3291663844383574,6.559980392456055,-0.0011477836735904216,0.08514368206096531,4.081747420059401e-06,-0.0021547450218349696,0.002093800622969868,0.4872654460564733,7.529671669006348,-0.00031751616794856104,0.07328813856459929,-3.4104341466445476e-06,-0.0015345139661803832,0.0013914818176999724
F:\Seminario\Seminario-Clustering\datasets\davi\Al Emadi (2019)\Multiclass_Drone_Audio\unknown\4-189832-A-220.wav,Multiclass_Drone_Audio\unknown\4-189832-A-220.wav,al_emadi,4-189832-A-220,1.0216875,0.03970151525931823,8.825164794921875,-0.0009279839550905973,0.08566008434699189,-0.0011982358992099762,-0.1086998850107193,0.11030642986297613,0.17187242222128588,8.813007354736328,-0.0007808705700272857,0.17823762678552957,0.0007660513219889253,-0.22320452332496643,0.2185707569122316,0.45140927643407486,9.677790641784668,0.007306777587072518,0.20447214170664166,0.0030103428289294243,-0.24105367362499236,0.24907734990119937,0.29562819972355603,10.467153549194336,0.0001164854318983177,0.1171660787845652,-0.0006203241646289825,-0.1367447942495346,0.13717434108257295,0.041388586361765,11.679632186889648,0.0001329062315345733,0.031012466702452616,0.00011481111869215965,-0.03721664100885391,0.038139283657074
F:\Seminario\Seminario-Clustering\datasets\davi\Al Emadi (2019)\Multiclass_Drone_Audio\unknown\1-72695-A-263.wav,Multiclass_Drone_Audio\unknown\1-72695-A-263.wav,al_emadi,1-72695-A-263,1.0216875,0.05152618309177205,6.228005409240723,-7.378341704375425e-05,0.019577172831355672,-0.00012667789997067302,-0.006662381021305918,0.006048680748790512,0.1930742675643111,6.108484745025635,0.001011945058870284,0.03788317509775104,2.4749915610300377e-05,-0.01095592137426138,0.016960396990180083,0.6089683046718684,7.144495964050293,6.421172378348517e-05,0.04767180618923847,-5.32539161213208e-06,-0.016148994117975234,0.01563440188765526,0.11853910344040453,7.824450969696045,-6.958249885775041e-05,0.014883116994705084,1.1297065157123143e-05,-0.0036847010487690555,0.0039567465428262975,0.027892141231643956,8.480917930603027,7.640838295008253e-07,0.005107160951593168,-1.727657945593819e-06,-0.0014661463908851146,0.001469673914834857
F:\Seminario\Seminario-Clustering\datasets\davi\Al Emadi (2019)\Multiclass_Drone_Audio\bebop_1\B_S2_D1_089-bebop_004_.wav,Multiclass_Drone_Audio\bebop_1\B_S2_D1_089-bebop_004_.wav,al_emadi,B_S2_D1_089-bebop_004,0.896,0.6347828413464576,8.510139465332031,-0.0001599842547222212,0.29488568953872957,0.003352041356265545,-0.358560174703598,0.3547316521406173,0.034830008285511284,8.810802459716797,0.0011689268451900595,0.06906464194670166,-0.002560940687544644,-0.08462198004126548,0.09451677277684212,0.07327596075769637,9.825478553771973,0.000873693673704669,0.070957357538309,-0.0007391004473902285,-0.08831207007169724,0.09506803676486016,0.13866863974594376,10.767318725585938,-0.00023207778756379718,0.0690946479950592,-0.0012533622793853283,-0.08945909291505813,0.08900343924760826,0.118442549864391,11.750580787658691,-2.350315231328213e-05,0.04517606397366875,-0.00025122668012045324,-0.05747081711888313,0.058217521756887436
F:\Seminario\Seminario-Clustering\datasets\davi\Al Emadi (2019)\Multiclass_Drone_Audio\unknown\1-47819-A-54.wav,Multiclass_Drone_Audio\unknown\1-47819-A-54.wav,al_emadi,1-47819-A-54,0.95975,0.0314755240416283,8.70689582824707,7.436205986087012e-07,0.009038735861267423,-0.00019096316827926785,-0.010573497973382473,0.011405048426240683,0.1310236055792469,7.372986793518066,0.0008695623900228678,0.01842097610473297,0.00012802605488104746,-0.009910514112561941,0.01851585227996111,0.489802817501728,8.094401359558105,-0.0006949916681087297,0.025248792521491255,-2.7408430469222367e-05,-0.01818152442574501,0.014122037589550041,0.31195303043940703,8.669866561889648,5.992960500118554e-06,0.01426470011809111,5.6882288390625035e-06,-0.0067887584213167426,0.007073814235627664,0.03574502243798978,9.725220680236816,9.721357465322586e-07,0.0034159276768876558,-1.4187740816851147e-05,-0.0016005929792299867,0.0012899559224024415
F:\Seminario\Seminario-Clustering\datasets\davi\Al Emadi (2019)\Multiclass_Drone_Audio\bebop_1\mixed_48-bebop_004_.wav,Multiclass_Drone_Audio\bebop_1\mixed_48-bebop_004_.wav,al_emadi,mixed_48-bebop_004,1.024,0.6504410202866661,8.01545524597168,-0.001037884696931533,0.13790435011680183,-0.000649954192340374,-0.13796172589063643,0.14315046072006227,0.02753934221573144,8.940077781677246,0.0009519298567769493,0.028360807223534682,0.0008726088562980294,-0.03625601008534431,0.03712302669882775,0.08050096698404427,9.909838676452637,0.0003065022411640879,0.034354840930356914,0.0006629912531934679,-0.04366289302706718,0.04407802298665047,0.13829450966134016,10.898317337036133,0.00013377579545424188,0.03186828304290817,-0.0001430768461432308,-0.04006911814212799,0.04059562459588051,0.10322416085221814,11.910345077514648,1.522957118507006e-06,0.019476957527349063,-0.00035041404771618545,-0.02480725757777691,0.024951413273811344
F:\Seminario\Seminario-Clustering\datasets\davi\Al Emadi (2019)\Multiclass_Drone_Audio\unknown\3-112557-B-230.wav,Multiclass_Drone_Audio\unknown\3-112557-B-230.wav,al_emadi,3-112557-B-230,1.0216875,0.09950311940864524,8.006508827209473,-2.738599644116387e-05,0.012534776535718143,-1.7192225641338155e-05,-0.013184547424316405,0.012162620574235916,0.13680489114933064,7.539117336273193,0.0003140470457703401,0.01469436898263505,5.179665458854288e-05,-0.011947842594236134,0.013237809389829637,0.3326845244372404,8.787919998168945,-0.000922262867624615,0.016208365613367647,-0.00010535911860642955,-0.017769497632980344,0.015312055684626104,0.3092780173964846,9.936594009399414,-0.0001376787139133206,0.011075644262381603,-1.629141843295656e-05,-0.011795562785118816,0.011765725538134576,0.12172944760829915,10.982640266418457,2.2673960950257778e-06,0.004915827301766329,-7.363114491454326e-06,-0.005454946123063564,0.005581616889685392
F:\Seminario\Seminario-Clustering\datasets\davi\Al Emadi (2019)\Multiclass_Drone_Audio\unknown\3-96606-B-493.wav,Multiclass_Drone_Audio\unknown\3-96606-B-493.wav,al_emadi,3-96606-B-493,1.0216875,0.008271099888718707,7.945788383483887,0.00012681872175622765,0.022402477116953708,-0.00021571484103333205,-0.020313406363129616,0.021568946726620217,0.01331157244035292,7.857546806335449,2.998677823261778e-05,0.028420767397002153,0.00019897243328159675,-0.03004846703261137,0.028778908215463212,0.0559203056681153,9.016019821166992,-0.00031431181776514266,0.04125903822321156,-0.00041549807065166533,-0.04378069117665291,0.04295045956969263,0.3401205010867752,9.944009780883789,0.00015992918310242906,0.0720054616397827,6.108166417106986e-06,-0.07799546048045158,0.07702052369713784,0.5823765209160379,10.866364479064941,0.00019582060829489168,0.06665319588784013,-3.862802259391174e-05,-0.06896323412656784,0.06843340396881115
F:\Seminario\Seminario-Clustering\datasets\davi\Al Emadi (2019)\Multiclass_Drone_Audio\unknown\4-191327-A-381.wav,Multiclass_Drone_Audio\unknown\4-191327-A-381.wav,al_emadi,4-191327-A-381,1.0216875,0.011679461492132249,8.676898956298828,-1.3135074655269907e-06,0.00433858086638871,-9.990049875341356e-06,-0.005161997908726334,0.005381187656894326,0.02717885641197909,6.168501853942871,-0.00011874614236339873,0.00661731785690629,-3.677548738778569e-05,-0.0036060263402760027,0.0033520327182486654,0.27653447571792295,5.640616416931152,-0.00018459956840602095,0.014952143410362355,-3.382534850970842e-05,-0.0022614654153585434,0.002134138392284513,0.5317484220524222,6.7377238273620605,-4.222101751255955e-05,0.014672913377588297,9.227323971572332e-07,-0.0015886353561654686,0.0015195341198705136,0.15285878432554348,8.354838371276855,5.14703249436715e-06,0.005565201402255941,4.4658436308964156e-06,-0.000872311694547534,0.0008755815331824125
F:\Seminario\Seminario-Clustering\datasets\davi\Al Emadi (2019)\Multiclass_Drone_Audio\bebop_1\B_S2_D1_078-bebop_001_.wav,Multiclass_Drone_Audio\bebop_1\B_S2_D1_078-bebop_001_.wav,al_emadi,B_S2_D1_078-bebop_001,1.024,0.2326985766421147,8.641948699951172,-0.0016984425982442296,0.11968158355979056,-0.00038487277925014496,-0.14547003358602523,0.14117426872253425,0.05237958687172137,9.017172813415527,-0.0002961330417288214,0.0567870497694692,-4.519062349572778e-05,-0.07378365695476531,0.07446438744664194,0.1531241822745472,9.964062690734863,-0.00018059423384990067,0.06875637525236498,0.0018868788611143827,-0.08859947994351387,0.08777506053447724,0.30756441388313843,10.952593803405762,0.0008662861577721205,0.06895752514976487,0.0006801813724450767,-0.08610603213310242,0.08973319828510284,0.2542332403284783,11.921716690063477,0.00010307175472651905,0.04435405592456838,0.00022187958529684693,-0.05700971558690071,0.05688585191965104
F:\Seminario\Seminario-Clustering\datasets\davi\Al Emadi (2019)\Multiclass_Drone_Audio\bebop_1\mixed_44-bebop_004_.wav,Multiclass_Drone_Audio\bebop_1\mixed_44-bebop_004_.wav,al_emadi,mixed_44-bebop_004,0.904,0.5939427692328085,7.98931360244751,-0.001001584839368761,0.1550548098245519,0.004925468936562538,-0.1560400053858757,0.16091825067996982,0.030505213312644254,8.766050338745117,0.001420957411372021,0.035111847873112154,0.0011687344522215426,-0.04450661204755306,0.045941402018070225,0.09709715838578782,9.565361976623535,-0.0003145850740837191,0.04440341903023207,-0.0008511957130394876,-0.05584095828235149,0.05369959808886052,0.17158343847704954,10.437837600708008,-0.00019845128424748383,0.04177930666727538,-0.0003219417994841933,-0.049930915236473083,0.04914417117834091,0.1068714205917099,11.641023635864258,5.672391559541677e-05,0.023326680492675674,-0.00023005651019047946,-0.028945375233888626,0.029022124782204634
F:\Seminario\Seminario-Clustering\datasets\davi\Al Emadi (2019)\Multiclass_Drone_Audio\unknown\3-152007-C-204.wav,Multiclass_Drone_Audio\unknown\3-152007-C-204.wav,al_emadi,3-152007-C-204,0.95975,0.311310314658917,8.492148399353027,-0.0026688029176415887,0.19808046885901937,-0.00019899915787391365,-0.2471490129828453,0.2395332306623459,0.2944179685302238,8.5797700881958,-0.002464428131457778,0.19263310796097818,-0.0025292125064879656,-0.23946884274482727,0.26949816942214966,0.11813496258780397,9.307478904724121,-3.471718838002968e-05,0.0864463602626708,-7.324253965634853e-05,-0.10759189128875732,0.10128808021545412,0.25874371383256944,10.190917015075684,-2.2652963206866605e-05,0.09053491395558301,-0.00012824265286326408,-0.11658473461866378,0.1186034247279168,0.017393040390485764,10.958639144897461,5.028907677310905e-06,0.016605490786142634,8.65783222252503e-05,-0.018984369933605194,0.019172949716448784
F:\Seminario\Seminario-Clustering\datasets\davi\Al Emadi (2019)\Multiclass_Drone_Audio\bebop_1\mixed_33-bebop_004_.wav,Multiclass_Drone_Audio\bebop_1\mixed_33-bebop_004_.wav,al_emadi,mixed_33-bebop_004,0.904,0.501210622332518,9.01230525970459,0.0001768912076131328,0.22806533327034598,0.006752116372808814,-0.30194606781005856,0.2941687375307083,0.11698931599951821,8.779380798339844,0.00398916751741186,0.11011273923640448,0.0019594806944951415,-0.13852440118789672,0.14682880342006685,0.10963595714297673,9.793933868408203,5.534920970641812e-05,0.07554882402194538,0.002360370592214167,-0.09775341004133224,0.0954215280711651,0.14011707460857187,10.747734069824219,-0.0008701398151506688,0.0604444251639685,-0.0009967581136152148,-0.0796172246336937,0.07509088516235352,0.1320470299164152,11.768756866455078,9.081530965267376e-05,0.04151585493930565,-0.0003765620058402419,-0.052410902082920076,0.05361237451434136
F:\Seminario\Seminario-Clustering\datasets\davi\Al Emadi (2019)\Multiclass_Drone_Audio\membo_1\mixed_membo_37-membo_001_.wav,Multiclass_Drone_Audio\membo_1\mixed_membo_37-membo_001_.wav,al_emadi,mixed_membo_37-membo_001,1.024,0.7566011167562708,7.947105884552002,-0.0003131990792858188,0.05669074873027095,0.0019020528998225927,-0.05373493283987045,0.053553213179111485,0.07511227704771191,9.080778121948242,3.925600927704561e-05,0.017862397560248173,0.0003091153921559453,-0.02441472839564085,0.023642882518470288,0.049221764292468904,9.865458488464355,5.9749073622414826e-05,0.010239409706945155,3.79582961613778e-05,-0.012963597290217876,0.01303474735468626,0.058330642283380287,10.346967697143555,-0.00014788214723268875,0.007887350002662273,-0.0003551070112735033,-0.009418664500117302,0.00940361525863409,0.06073419962016808,11.54185962677002,-6.175767332641465e-07,0.00569437584347385,-6.636415491811931e-05,-0.006856077443808317,0.006911087222397329
F:\Seminario\Seminario-Clustering\datasets\davi\Al Emadi (2019)\Multiclass_Drone_Audio\membo_1\mixed_membo_4-membo_000_.wav,Multiclass_Drone_Audio\membo_1\mixed_membo_4-membo_000_.wav,al_emadi,mixed_membo_4-membo_000,1.024,0.23331078370893726,8.72942066192627,-0.0005842557755633465,0.0869784978538446,0.00017776305321604013,-0.10654009878635406,0.10337655544281008,0.043711219938486916,8.933741569519043,0.0009689774065141711,0.037636294910088644,0.00148335425183177,-0.04743433110415935,0.04765158370137215,0.22719208307526328,9.940115928649902,0.0012914513527197372,0.06076748094493516,0.0007576800708193332,-0.0804067812860012,0.07870937436819077,0.3398335780184941,10.794662475585938,-0.00018133275989074373,0.05260882400090267,-0.0006311506149359047,-0.06526017189025879,0.06497693061828613,0.1559523352588184,11.881745338439941,-2.715390654928524e-05,0.025211234932486656,-0.00011162366718053818,-0.031679578870534894,0.03169597983360291
F:\Seminario\Seminario-Clustering\datasets\davi\Al Emadi (2019)\Multiclass_Drone_Audio\unknown\4-141365-A-182.wav,Multiclass_Drone_Audio\unknown\4-141365-A-182.wav,al_emadi,4-141365-A-182,0.97525,0.04618937606477062,8.663866996765137,-0.001082453194380976,0.1046602869653074,-0.0014857873320579529,-0.12092792242765427,0.12999780476093292,0.1172208161590496,8.625083923339844,0.0033354792829007707,0.1667053573014228,0.0020608564373105764,-0.197593092918396,0.1953597366809845,0.3210767693659609,9.575061798095703,0.0008334411355604442,0.1954270473093739,-0.0006336920196190476,-0.2327917516231537,0.24247822910547256,0.2890115336456324,10.567821502685547,0.0013616225145838354,0.13120086010359758,0.0011892629554495215,-0.15390923619270325,0.15960724651813507,0.22650150476458644,11.448781967163086,-0.00012857804896838278,0.08217073445301777,-6.603161455132067e-05,-0.09544201791286469,0.09501295834779741
F:\Seminario\Seminario-Clustering\datasets\davi\Al Emadi (2019)\Multiclass_Drone_Audio\unknown\silence217.wav,Multiclass_Drone_Audio\unknown\silence217.wav,al_emadi,silence217,0.743,0.0,-0.0,0.0,0.0,0.0,0.0,0.0,0.0,-0.0,0.0,0.0,0.0,0.0,0.0,0.0,-0.0,0.0,0.0,0.0,0.0,0.0,0.0,-0.0,0.0,0.0,0.0,0.0,0.0,0.0,-0.0,0.0,0.0,0.0,0.0,0.0
F:\Seminario\Seminario-Clustering\datasets\davi\Al Emadi (2019)\Multiclass_Drone_Audio\unknown\2-30322-B-122.wav,Multiclass_Drone_Audio\unknown\2-30322-B-122.wav,al_emadi,2-30322-B-122,0.97525,0.9254110122740276,8.800554275512695,-0.0007650402534651503,0.07044825302368254,-0.003064907155930996,-0.08616157621145248,0.09055589139461517,0.03198518462419638,8.649724006652832,0.0005455506046507441,0.013086571530083715,0.0002313683507964015,-0.014805885031819344,0.016616957262158394,0.012150356752395407,9.511516571044922,-7.544445258007334e-06,0.005717059903470356,0.00013237338862381876,-0.006674748845398426,0.006773034110665321,0.008552363252023427,9.514163970947266,-2.1209030969077976e-05,0.003394153519806144,-2.974918606923893e-05,-0.00354709941893816,0.0035041742958128452,0.02190108309735719,7.928246021270752,3.3881154501639275e-05,0.0038423105708793514,3.3939886634470895e-05,-0.002778572728857398,0.0027735689654946336
F:\Seminario\Seminario-Clustering\datasets\davi\Al Emadi (2019)\Multiclass_Drone_Audio\unknown\5-193339-A-100.wav,Multiclass_Drone_Audio\unknown\5-193339-A-100.wav,al_emadi,5-193339-A-100,1.0216875,0.6113125515143858,8.919029235839844,0.0002790115955321966,0.20480226518305367,0.002871550153940916,-0.2590762317180634,0.25301826596260085,0.05639522226514076,8.787233352661133,-5.287566027583207e-05,0.062204883914793466,-0.0016934052109718323,-0.0740091249346733,0.07969109788537025,0.037197293185955355,9.843084335327148,1.4739781622237422e-05,0.03578365598498915,-0.0001174568897113204,-0.04479141384363174,0.04496128335595132,0.08453551566312137,10.474641799926758,0.000604761972003102,0.03816781854575576,0.0007855809235479683,-0.04283575899899006,0.04590323753654959,0.21055941737139672,11.450599670410156,0.00023821972121069188,0.04261707066391389,6.849714554846287e-05,-0.04896445050835609,0.04919765666127206
F:\Seminario\Seminario-Clustering\datasets\davi\Al Emadi (2019)\Multiclass_Drone_Audio\bebop_1\mixed_19-bebop_002_.wav,Multiclass_Drone_Audio\bebop_1\mixed_19-bebop_002_.wav,al_emadi,mixed_19-bebop_002,1.024,0.741681722926948,8.37472152709961,-0.0006533642098289525,0.1872353045723017,0.000844291877001524,-0.21630050241947174,0.2078107804059983,0.021497948668833238,8.916582107543945,0.00011491587679964283,0.03187698933786898,-0.0007091997540555894,-0.041061045974493025,0.04121711738407612,0.06505916569466216,9.954338073730469,0.0002442572287634614,0.0392686365515022,0.0007450217381119728,-0.05026333369314671,0.05110511220991612,0.09699619358820927,10.95041561126709,0.0002015899479605727,0.03393321387269017,0.00038492155726999044,-0.043089013546705246,0.043341513723134995,0.07476496912134731,11.955222129821777,5.472258520897525e-05,0.021075279299059946,0.00015394954243674874,-0.02725531943142414,0.026605203002691275
F:\Seminario\Seminario-Clustering\datasets\davi\Al Emadi (2019)\Multiclass_Drone_Audio\bebop_1\mixed_62-bebop_004_.wav,Multiclass_Drone_Audio\bebop_1\mixed_62-bebop_004_.wav,al_emadi,mixed_62-bebop_004,0.904,0.7880250747260824,8.68358325958252,-0.0011512177594640589,0.2519662642565128,0.0017437236965633929,-0.32575843334197996,0.3140527606010437,0.0772601508294339,8.672788619995117,-0.0020635000529512252,0.07886895640846328,-0.001724708010442555,-0.09903092235326767,0.09983733147382738,0.03546679873603434,9.73544692993164,-0.0014436966778260995,0.03783327960729464,-0.0011116392561234534,-0.048105946928262706,0.048214324936270724,0.05457433228335862,10.744140625,0.0005323997825672751,0.03323700293804155,3.042561002075672e-05,-0.04094843193888664,0.04261765256524086,0.04467364342509074,11.690250396728516,5.508741267108257e-05,0.021276617348068662,-7.913674926385283e-05,-0.026859287917613984,0.026811373978853234
F:\Seminario\Seminario-Clustering\datasets\davi\Al Emadi (2019)\Multiclass_Drone_Audio\bebop_1\mixed_48-bebop_001_.wav,Multiclass_Drone_Audio\bebop_1\mixed_48-bebop_001_.wav,al_emadi,mixed_48-bebop_001,1.024,0.6853570464347013,7.955060005187988,0.0007843279327238793,0.15518984250816018,-0.0019888838287442923,-0.16039358526468275,0.1560272604227066,0.015028397945502264,8.943780899047852,-0.00015320482768216713,0.02298037309772211,-7.256159733515233e-05,-0.0297688752412796,0.02849714569747448,0.06993234409711423,9.974903106689453,0.00020754911299539184,0.03510429397855084,0.0012624833616428077,-0.044789398461580275,0.04607348144054413,0.13524791928033064,10.892107963562012,0.00031011863626222397,0.034548716558623724,0.00042450521141290665,-0.04376428201794624,0.04402989149093628,0.0944342922423516,11.936368942260742,-2.4339667485689927e-06,0.02042299295077041,-7.242496940307319e-05,-0.025800481438636776,0.02618148997426034
F:\Seminario\Seminario-Clustering\datasets\davi\Al Emadi (2019)\Multiclass_Drone_Audio\membo_1\Membo_1_030-membo_002_.wav,Multiclass_Drone_Audio\membo_1\Membo_1_030-membo_002_.wav,al_emadi,Membo_1_030-membo_002,1.024,0.3272256237738873,9.209468841552734,-0.0008708960396459199,0.06369274752179437,-0.0008821824449114501,-0.08475427031517029,0.082161445915699,0.09930491113372382,8.944921493530273,0.00023222805052197163,0.03508995520516623,4.027102841064334e-05,-0.04405834786593914,0.04474008455872536,0.12695778074841851,9.98132610321045,-2.112664261167101e-05,0.028096672736111047,-0.00032416763133369386,-0.03504027463495731,0.03780870214104653,0.21363553971545693,10.934402465820312,-5.362265967542811e-05,0.02579386894437472,3.7007848732173443e-06,-0.0340588241815567,0.033161114901304245,0.23287614462851342,11.949185371398926,1.3723251478335422e-05,0.01905081110114866,0.00012176262680441141,-0.02476764805614948,0.024152623116970067
F:\Seminario\Seminario-Clustering\datasets\davi\Al Emadi (2019)\Multiclass_Drone_Audio\unknown\4-204612-A-314.wav,Multiclass_Drone_Audio\unknown\4-204612-A-314.wav,al_emadi,4-204612-A-314,0.95975,0.0742213002623247,8.646432876586914,2.1554287745075987e-05,0.006688780846927098,-0.00022864038328407332,-0.0076321810483932495,0.008348492905497551,0.010043545864790412,5.916659355163574,-4.350633293515728e-06,0.0024605250028688435,-2.3632139345863834e-05,-0.0018570416141301394,0.0017157779657281935,0.005902973956985058,6.707499980926514,-7.884101177733573e-06,0.0013362447001741833,-5.292395144351758e-06,-0.0008678034297190606,0.0008356982376426464,0.011591395149519094,4.8133769035339355,7.754622839707749e-05,0.0013228320951791878,5.215442797634751e-06,-0.00032895794429350645,0.0003549940593075008,0.8982407847663807,5.275304317474365,-3.310985411979806e-07,0.008252033485223903,-4.284265742171556e-08,-0.00036573040415532887,0.00036170470411889255
F:\Seminario\Seminario-Clustering\datasets\davi\Al Emadi (2019)\Multiclass_Drone_Audio\bebop_1\B_S2_D1_126-bebop_004_.wav,Multiclass_Drone_Audio\bebop_1\B_S2_D1_126-bebop_004_.wav,al_emadi,B_S2_D1_126-bebop_004,0.896,0.5763989034783896,8.110040664672852,0.001130891447585332,0.3165616677046731,-0.0033520483411848545,-0.36025892198085785,0.3421853274106979,0.04483862363329321,8.845266342163086,0.003133436574852569,0.08823725898967638,0.0021223989315330982,-0.1096631921827793,0.11786111444234848,0.0970634153554743,9.724289894104004,-0.0015646216702179775,0.09199684885727964,-0.0007276782998815179,-0.11777499318122864,0.11455555036664009,0.1623235006326774,10.742079734802246,-0.0004061633782052032,0.08421738009953883,-0.00017420598305761814,-0.10855349600315094,0.1069883719086647,0.11937555690016553,11.73547649383545,-4.565322779314734e-05,0.05109406659283716,-0.00014578993432223797,-0.06513697654008865,0.06586717814207077
F:\Seminario\Seminario-Clustering\datasets\davi\Al Emadi (2019)\Multiclass_Drone_Audio\unknown\3-103401-D-333.wav,Multiclass_Drone_Audio\unknown\3-103401-D-333.wav,al_emadi,3-103401-D-333,1.0216875,0.023943930218362337,8.153511047363281,-0.0006026328002337202,0.024741182489242265,-0.00016663619317114353,-0.025816709361970426,0.025465836189687254,0.11812596912629214,7.843608856201172,-0.002893864059750588,0.054893580644592224,-0.00026956741930916905,-0.05882570408284664,0.051113142445683483,0.5628096063095481,8.462231636047363,-0.0004031663727185409,0.08498708892062129,5.2133862482151017e-05,-0.07433837801218032,0.0810106322169304,0.23685696987633706,9.093274116516113,-0.0002575638046554033,0.039013407189701414,3.934153210138902e-05,-0.031159448623657226,0.03040858116000891,0.05826352446946032,9.270479202270508,-1.601756683461409e-05,0.013688288940502703,-3.2725802157074213e-06,-0.00945215057581663,0.00951366275548936
F:\Seminario\Seminario-Clustering\datasets\davi\Al Emadi (2019)\Multiclass_Drone_Audio\unknown\3-161010-A-433.wav,Multiclass_Drone_Audio\unknown\3-161010-A-433.wav,al_emadi,3-161010-A-433,1.0216875,0.7701096373215642,8.935678482055664,0.0009210991468425507,0.1485708824256209,-0.001891908934339881,-0.18312710374593733,0.1868797466158867,0.06335202520523639,8.951114654541016,0.002617773965603227,0.042532900941201116,0.0021105234045535326,-0.05421848706901074,0.056077524647116676,0.07746666273917557,9.75218677520752,-0.0006654385403358855,0.033370479009016636,-0.00040481542237102985,-0.042257257550954816,0.038973911851644526,0.04692486894435986,10.882973670959473,-0.00011472180325590324,0.01838178150445129,-0.0001091722515411675,-0.02322505172342062,0.023780786991119393,0.042146805789663976,11.947916030883789,3.1601444399239865e-05,0.012323845370324894,-9.137776214629412e-05,-0.015635700523853303,0.015741273388266565
F:\Seminario\Seminario-Clustering\datasets\davi\Al Emadi (2019)\Multiclass_Drone_Audio\unknown\1-54752-A-183.wav,Multiclass_Drone_Audio\unknown\1-54752-A-183.wav,al_emadi,1-54752-A-183,1.0216875,0.23854335497859308,8.876625061035156,0.00037903853389525114,0.22178367162109003,-0.006388668669387698,-0.26732144951820375,0.2861189335584641,0.2485899695682355,8.704493522644043,0.004502014339625643,0.2263614444953097,0.004830547608435154,-0.26242038905620574,0.27023562490940095,0.2585049440510425,9.822406768798828,-0.004354663184391023,0.16347543831877673,-0.007858647964894772,-0.212100875377655,0.19585822820663454,0.19291935938957142,10.74785041809082,-0.0006623926551890002,0.09996630507372552,0.0008851499878801405,-0.12265803143382072,0.12102200090885164,0.06144237201255746,11.817724227905273,-1.8985049458686945e-05,0.03990984364075954,3.811745409620926e-05,-0.04869966879487038,0.04965847209095956
F:\Seminario\Seminario-Clustering\datasets\davi\Al Emadi (2019)\Multiclass_Drone_Audio\bebop_1\mixed_49-bebop_002_.wav,Multiclass_Drone_Audio\bebop_1\mixed_49-bebop_002_.wav,al_emadi,mixed_49-bebop_002,1.024,0.18865670392721265,8.186388969421387,-0.000583459913687672,0.09318048156297105,0.0011438115034252405,-0.09997244328260421,0.09589597880840302,0.25562030257973045,7.4769744873046875,0.004211743505704397,0.10838454583529512,0.0001507114284322597,-0.06939836218953133,0.0930953197181225,0.3302740140187418,8.745912551879883,0.0005919022317338705,0.08730577112802389,-8.454162161797285e-05,-0.07582222446799278,0.0773923717439175,0.1420510576796933,10.7899751663208,0.00013433292346028112,0.04052200395151565,0.000528290867805481,-0.04977845773100853,0.04978921264410019,0.08339792179462184,11.951475143432617,1.9180455803785922e-05,0.02196437856479475,-0.00017807719996199012,-0.028198156878352164,0.028583465516567243
F:\Seminario\Seminario-Clustering\datasets\davi\Al Emadi (2019)\Multiclass_Drone_Audio\unknown\running_tap000.wav,Multiclass_Drone_Audio\unknown\running_tap000.wav,al_emadi,running,5.12,0.06722887533318865,11.192319869995117,0.001051215972670553,0.0660910615372577,0.0008858545916154981,-0.0822337307035923,0.08378178626298904,0.042178108636288396,10.90062427520752,-0.0008523501182642164,0.05234867789527206,-0.000809854973340407,-0.06252184137701988,0.060498764738440514,0.09671455398089045,11.735563278198242,-0.0008389394721377207,0.05606982351368851,-0.0007312092639040202,-0.06576045975089073,0.0631554014980793,0.3529315334130381,12.957313537597656,0.0013978984881291017,0.07574646084806957,0.00013720671995542943,-0.08959846496582032,0.09340415745973596,0.44094692863659435,13.923051834106445,8.756952090108941e-05,0.059883318318533094,0.0,-0.0711602509021759,0.0716938152909279
F:\Seminario\Seminario-Clustering\datasets\davi\Al Emadi (2019)\Multiclass_Drone_Audio\bebop_1\B_S2_D1_081-bebop_002_.wav,Multiclass_Drone_Audio\bebop_1\B_S2_D1_081-bebop_002_.wav,al_emadi,B_S2_D1_081-bebop_002,1.024,0.6325757139105487,8.798210144042969,-0.002105237652312566,0.2928918296553134,-0.01399194123223424,-0.352679306268692,0.3630763679742814,0.028223025702270456,9.010503768920898,-8.510034955197095e-05,0.06186764827905355,-0.0014009250444360077,-0.07963025942444801,0.07973281219601631,0.07891385465082316,9.923921585083008,-0.0011232736480199916,0.07324975656097772,0.0005919605900999159,-0.09672054797410964,0.09168718829751016,0.1474426832347455,10.920109748840332,0.0003622109822606315,0.0708666476328528,0.00012211326975375414,-0.09150438010692596,0.09099909663200378,0.11284472250161223,11.946236610412598,7.291666817992676e-05,0.04385775368367586,-0.0006599254556931555,-0.055332668870687475,0.05688556954264642
F:\Seminario\Seminario-Clustering\datasets\davi\Al Emadi (2019)\Multiclass_Drone_Audio\membo_1\mixed_membo_13-membo_000_.wav,Multiclass_Drone_Audio\membo_1\mixed_membo_13-membo_000_.wav,al_emadi,mixed_membo_13-membo_000,1.024,0.43722146117688093,9.099954605102539,-0.0001941807249343945,0.04842504315510064,0.00015283201355487108,-0.06131610386073589,0.06304668486118317,0.06927517396249247,9.003484725952148,-0.000500765933689251,0.019269257616526644,-0.0002660521276993677,-0.023745010420680047,0.02415327429771424,0.18316651454780977,9.804876327514648,-6.496827778283848e-05,0.022195367680419534,-0.00014064669812796637,-0.027521728537976742,0.027826685085892682,0.19380736646634833,10.83099365234375,-0.0002232127049287142,0.016156236695655437,-0.00018214984447695315,-0.020604414865374565,0.019898327067494392,0.1165294838464685,11.875495910644531,-3.239109581238449e-05,0.008863024275924421,-2.9944560083094984e-05,-0.011227793246507644,0.011234647035598755
F:\Seminario\Seminario-Clustering\datasets\davi\Al Emadi (2019)\Multiclass_Drone_Audio\unknown\3-124376-A-33.wav,Multiclass_Drone_Audio\unknown\3-124376-A-33.wav,al_emadi,3-124376-A-33,1.0216875,0.49011943876621494,8.481549263000488,-0.00206691642151534,0.12247765334992819,0.0004083537933183834,-0.14077866971492767,0.13986075073480617,0.23378241514103246,8.762557983398438,0.0012347130619878664,0.08459162806509227,0.0003020379808731377,-0.10459241494536399,0.10324980840086945,0.21249764292929602,9.336499214172363,-0.0011343668692079332,0.05711954508897139,-0.0019079670310020447,-0.06541796177625656,0.06259937137365341,0.05280582291413357,10.700105667114258,-1.4933410654422455e-05,0.020152886736579737,0.00025760494463611394,-0.02446077987551689,0.0245286088436842,0.010794680249323016,11.620020866394043,-4.642649094159866e-06,0.006445729218953412,-5.73719444219023e-05,-0.007702211756259203,0.007649941463023425
F:\Seminario\Seminario-Clustering\datasets\davi\Al Emadi (2019)\Multiclass_Drone_Audio\membo_1\Membo_1_041-membo_004_.wav,Multiclass_Drone_Audio\membo_1\Membo_1_041-membo_004_.wav,al_emadi,Membo_1_041-membo_004,0.896,0.5216499773386094,9.179963111877441,0.001026058356660189,0.08850376238509848,-0.002558120177127421,-0.10976512059569359,0.1172045439481735,0.04371422325429431,8.79232120513916,0.00014129779897212048,0.025621592610700093,0.00028792809462174773,-0.031392470747232434,0.0339778397232294,0.08386843317884549,9.766944885253906,7.058662143616198e-06,0.02513674256078777,-0.00027373027114663273,-0.0324658464640379,0.03174094185233115,0.15101074395707031,10.737787246704102,4.654666164364262e-05,0.023873767645651543,-0.0001168286835309118,-0.030255696177482604,0.03014167360961438,0.19975662227118043,11.649768829345703,5.517285656253732e-06,0.019425191211717287,0.000181832117959857,-0.023902257904410362,0.024189714342355728
F:\Seminario\Seminario-Clustering\datasets\davi\Al Emadi (2019)\Multiclass_Drone_Audio\membo_1\mixed_membo_62-membo_004_.wav,Multiclass_Drone_Audio\membo_1\mixed_membo_62-membo_004_.wav,al_emadi,mixed_membo_62-membo_004,0.904,0.9077907999115079,8.721378326416016,0.0022583564423577307,0.2670381712324782,0.0027036499232053757,-0.3448778659105301,0.3258364021778107,0.07124367218197498,8.635359764099121,-0.0019992283683277893,0.07478491622178962,-0.003472831565886736,-0.09658024087548255,0.09309342429041864,0.009706901325738397,9.76706600189209,0.00013084314952496273,0.01955818883732734,0.00021045398898422718,-0.025813631527125836,0.02530067823827267,0.005570432803681652,10.776628494262695,-1.7449520111089256e-05,0.01048687934748641,-3.131191624561325e-05,-0.013532763347029686,0.013665691949427128,0.005688193777097081,11.683938980102539,4.2747577550803626e-06,0.007496948405108105,0.0001353657862637192,-0.009799780324101448,0.009417315013706684
F:\Seminario\Seminario-Clustering\datasets\davi\Al Emadi (2019)\Multiclass_Drone_Audio\unknown\3-246513-B-162.wav,Multiclass_Drone_Audio\unknown\3-246513-B-162.wav,al_emadi,3-246513-B-162,0.97525,0.47609904621320714,8.530862808227539,-0.007012045412978478,0.2565326728964114,-0.006934193894267082,-0.31516334414482117,0.29497063159942627,0.47821193675363893,8.740150451660156,-0.0021319972906806615,0.257188459573673,-0.002407920779660344,-0.3155657649040222,0.3241676986217499,0.04346564869753526,9.6520414352417,0.00026961929929739814,0.05491286649095327,-0.0015928653301671147,-0.06532982736825943,0.06555328518152237,0.0019088141056697802,10.800165176391602,-4.965785822089088e-07,0.008143411614633089,-8.392735617235303e-05,-0.010120866820216179,0.010211623273789883,0.0003145542299488765,11.824642181396484,4.400147232907919e-06,0.002338574654615867,3.6062614526599646e-05,-0.003004115354269743,0.002933214232325554
F:\Seminario\Seminario-Clustering\datasets\davi\Al Emadi (2019)\Multiclass_Drone_Audio\unknown\2-72677-A-181.wav,Multiclass_Drone_Audio\unknown\2-72677-A-181.wav,al_emadi,2-72677-A-181,1.0216875,0.1072890429544988,8.743488311767578,-0.004814918064657265,0.10499127934796913,-0.007072892040014267,-0.13126222938299179,0.12074887529015542,0.20018008160167203,8.588178634643555,0.0013437340494278358,0.14355660003774282,0.004218953428789973,-0.1720869868993759,0.15945789664983756,0.2565996492075995,9.425947189331055,-0.0024632561438034705,0.11510281032542019,-0.0025417099241167307,-0.1304877370595932,0.1260478287935257,0.24769180006094627,10.548157691955566,-0.0014498266269229996,0.08002856853858539,0.0004971646267222241,-0.09757848381996155,0.09076647460460663,0.1882394261752834,11.523113250732422,-0.0003045344349722092,0.04936036475914943,4.389887908473611e-05,-0.05748348012566566,0.05744345039129261
F:\Seminario\Seminario-Clustering\datasets\davi\Al Emadi (2019)\Multiclass_Drone_Audio\unknown\3-159346-B-362.wav,Multiclass_Drone_Audio\unknown\3-159346-B-362.wav,al_emadi,3-159346-B-362,0.97525,0.056935607260899766,8.755491256713867,-0.003018509479340215,0.1341045765789685,0.00027460232377052307,-0.1720777302980423,0.15780602395534515,0.04532929333620265,8.838151931762695,-0.0012219832129263823,0.11968189470418569,0.0006042801542207599,-0.15248562395572662,0.15427568554878235,0.1344903197927778,9.77523422241211,0.0026713401219905886,0.1459770287531041,0.0026996819069609046,-0.1745249107480049,0.18957245349884033,0.2916822262302233,10.536396026611328,-0.00029279956308823446,0.15215428429205619,9.304119157604873e-05,-0.18406853824853897,0.17794505506753922,0.4715625533798965,11.577606201171875,-0.000256303521108201,0.13686063977432184,-0.0004948568530380726,-0.16403018832206726,0.1657712072134018
F:\Seminario\Seminario-Clustering\datasets\davi\Al Emadi (2019)\Multiclass_Drone_Audio\unknown\2-106019-A-132.wav,Multiclass_Drone_Audio\unknown\2-106019-A-132.wav,al_emadi,2-106019-A-132,0.97525,0.0961838690157896,9.65884017944336,-0.050920803229458377,0.017212411060382536,-0.050353311002254486,-0.07329229265451431,-0.02945713885128498,0.006752051728394325,8.861637115478516,-0.00021877068007657036,0.014239801913736172,-4.93330298922956e-05,-0.018228067085146904,0.01752658374607563,0.39427929891575286,9.559364318847656,0.004088696895698362,0.07696218690380383,0.0002101111167576164,-0.08816234022378922,0.10102337598800659,0.47629713134946616,10.617375373840332,1.999909547285744e-05,0.0599438543407782,0.00042713766742963344,-0.07171867042779922,0.07099701464176178,0.02648764899059704,11.786335945129395,-1.08524406980175e-05,0.010000157078211397,-3.9064427255652845e-05,-0.012603643909096717,0.012592839077115059
F:\Seminario\Seminario-Clustering\datasets\davi\Al Emadi (2019)\Multiclass_Drone_Audio\unknown\2-196688-A-81.wav,Multiclass_Drone_Audio\unknown\2-196688-A-81.wav,al_emadi,2-196688-A-81,1.0216875,0.3452207789806935,8.949725151062012,-0.0007889574040420505,0.08360376671958648,-0.001710268435999751,-0.10687749907374382,0.10474254935979858,0.2978013647257809,8.927579879760742,-0.0002258822948926451,0.07765299756394604,-0.0008597081759944558,-0.09860515519976616,0.09877459183335308,0.19025081037229347,9.823122024536133,-0.0012096672135197808,0.04394617686989527,-0.0015010241186246276,-0.05632405281066894,0.05310402289032936,0.13843819399561844,10.678754806518555,0.00011251199515877394,0.026536859162675844,-8.450968016404659e-05,-0.03224975503981113,0.0324650876224041,0.02828885192561372,11.814114570617676,1.087345536967498e-05,0.008486010767378496,0.000106632593087852,-0.010551851056516171,0.010594357922673226
F:\Seminario\Seminario-Clustering\datasets\davi\Al Emadi (2019)\Multiclass_Drone_Audio\membo_1\mixed_membo_12-membo_002_.wav,Multiclass_Drone_Audio\membo_1\mixed_membo_12-membo_002_.wav,al_emadi,mixed_membo_12-membo_002,1.024,0.8763399333221644,8.923906326293945,0.00021135537767583883,0.3359967017702417,-0.03688468225300312,-0.4068025708198547,0.44537556469440465,0.0533406872744638,8.937281608581543,-0.0005017689752191287,0.08289343605601113,-0.00029069984157104045,-0.10789333954453469,0.10501987710595131,0.03303428803022621,9.950345039367676,0.00018849777722564147,0.046195113724514694,-0.0013061266508884728,-0.05647158846259117,0.060229454562067984,0.023439533793011794,10.910568237304688,7.911630009360733e-05,0.027538812016289844,-0.0005636916030198336,-0.03496245667338371,0.03510883077979088,0.013845557580133798,11.899551391601562,1.682058518615087e-06,0.014972632211080234,8.235726272687316e-05,-0.018939707055687902,0.0189401637762785
F:\Seminario\Seminario-Clustering\datasets\davi\Al Emadi (2019)\Multiclass_Drone_Audio\unknown\2-57191-A-463.wav,Multiclass_Drone_Audio\unknown\2-57191-A-463.wav,al_emadi,2-57191-A-463,1.0216875,0.2217047415347413,8.742074966430664,-0.004834269635480781,0.6853084003070982,0.005883125588297844,-0.8291516840457916,0.8434252679348008,0.4479305989265578,8.9302396774292,-0.0006827163135864797,0.9741249171965858,0.022758993320167065,-1.2442653179168701,1.2256750702857986,0.2709388456982461,9.531084060668945,0.0026326379767155914,0.5366181682790672,-0.001820076024159789,-0.6266727447509766,0.6030823826789857,0.0539557528201589,10.345252990722656,-0.00032719424450211273,0.16945570266486967,-0.002011778298765421,-0.18578834235668182,0.18794190436601646,0.00547006102029588,10.94248104095459,8.261138507905848e-06,0.03816849272858499,0.00010248745093122125,-0.03971769958734512,0.03969287052750588
F:\Seminario\Seminario-Clustering\datasets\davi\Al Emadi (2019)\Multiclass_Drone_Audio\membo_1\Membo_0_012-membo_002_.wav,Multiclass_Drone_Audio\membo_1\Membo_0_012-membo_002_.wav,al_emadi,Membo_0_012-membo_002,1.024,0.6050447289435489,8.862195014953613,-0.0009456486906856299,0.12615904023310562,-0.0023564021103084087,-0.15448517203330994,0.1444759398698807,0.041517066010215826,9.021472930908203,0.00020502547725573977,0.03304774178597596,-0.0001578176161274314,-0.042020577192306514,0.043588020652532596,0.09169979840272904,9.958267211914062,-0.00032589572435781937,0.034779260376076114,-0.0010374572593718767,-0.0440135408192873,0.04473121650516987,0.12900620418689787,10.915338516235352,-0.00016425474248374014,0.02919503311079469,-0.0008027549483813345,-0.03673640266060829,0.037401169538497925,0.1327322024566084,11.887277603149414,-2.0508026293151607e-05,0.020949270481752637,0.00035356328589841723,-0.026531076431274413,0.026422783359885217
F:\Seminario\Seminario-Clustering\datasets\davi\Al Emadi (2019)\Multiclass_Drone_Audio\membo_1\mixed_membo_58-membo_004_.wav,Multiclass_Drone_Audio\membo_1\mixed_membo_58-membo_004_.wav,al_emadi,mixed_membo_58-membo_004,0.904,0.8034255063539728,8.198721885681152,-0.0023338295972540174,0.09319619425897195,-0.0026669360231608152,-0.11226067468523979,0.09625053852796556,0.02292270698941522,8.728693962097168,-0.000142105842494677,0.01574623583440767,7.936486508697271e-05,-0.020464267767965793,0.01959201972931624,0.041085470402491886,9.530756950378418,0.00038837609621404813,0.014926593793560735,0.0005329939885996282,-0.017787055857479573,0.01779461465775967,0.04715776127013628,10.680423736572266,-0.0002687659390314016,0.0113193666972663,-0.00018723614630289376,-0.014647905714809895,0.013722063042223454,0.08540855498398385,11.77143669128418,3.114727221649045e-05,0.010779827032318341,0.00010483044752618298,-0.013842995278537272,0.013992229662835603
F:\Seminario\Seminario-Clustering\datasets\davi\Al Emadi (2019)\Multiclass_Drone_Audio\bebop_1\mixed_57-bebop_003_.wav,Multiclass_Drone_Audio\bebop_1\mixed_57-bebop_003_.wav,al_emadi,mixed_57-bebop_003,1.024,0.5649472942682302,8.749249458312988,-0.002382865430136184,0.13715257300083883,0.0005141862202435732,-0.17204781174659728,0.16494883149862294,0.047337100496132475,8.967638969421387,0.0002301186237549771,0.03970626748959913,0.0004813924024347216,-0.050973844900727275,0.050271051377058035,0.10321524572634849,9.987226486206055,-0.0007512785927399344,0.04151305843444647,0.00044632751087192446,-0.05497795976698398,0.0526467751711607,0.1667397819581845,10.951462745666504,-0.0004096612552464487,0.03734502422784761,-0.0007822520565241575,-0.0479842871427536,0.04787266626954079,0.11776057755110428,11.913043975830078,5.278635522753186e-05,0.02220283232672712,-1.6598460206296295e-06,-0.02775289416313171,0.02850503958761694
F:\Seminario\Seminario-Clustering\datasets\davi\Al Emadi (2019)\Multiclass_Drone_Audio\unknown\3-135650-A-452.wav,Multiclass_Drone_Audio\unknown\3-135650-A-452.wav,al_emadi,3-135650-A-452,0.97525,0.8469861361955473,8.680216789245605,-0.001249093132778987,0.18341704176917353,-0.0006025556940585375,-0.23064766824245453,0.21505671739578247,0.09899052001101677,8.679973602294922,-0.00012098379790292584,0.06270578191827526,3.000104334205389e-05,-0.07798037678003311,0.07558944821357727,0.038261235924843734,9.677557945251465,0.00018989183197116622,0.027607742431982083,0.00047190269106067717,-0.033997172489762306,0.03384931571781635,0.012568653827846612,10.615798950195312,2.451322915710582e-05,0.011197558281559087,4.480893403524533e-05,-0.013772708363831043,0.013366532512009144,0.0031934540407455364,11.600313186645508,1.2999134259358851e-05,0.003992893188185862,-3.0326482374221087e-06,-0.00479279663413763,0.00487535335123539
F:\Seminario\Seminario-Clustering\datasets\davi\Al Emadi (2019)\Multiclass_Drone_Audio\unknown\5-263490-A-253.wav,Multiclass_Drone_Audio\unknown\5-263490-A-253.wav,al_emadi,5-263490-A-253,1.0216875,0.8230274223846235,7.440776824951172,-0.00018980399311831808,0.0413402029513616,0.0007140752859413624,-0.04099263958632946,0.03808978386223317,0.09497463047418465,7.747192859649658,-0.00013847169554505835,0.014042767938618248,0.0002424495542072691,-0.013572552055120467,0.013514091540127999,0.043911917181859036,8.938508987426758,-7.67721211749968e-05,0.0067633029451562385,-5.525900633074343e-05,-0.00677723167464137,0.006745158974081279,0.02925475540340471,9.289430618286133,-5.3023259817341245e-06,0.003906578897340393,1.2377617167658173e-05,-0.003388451552018523,0.0033865232020616537,0.008831274555928132,9.682270050048828,7.050987555164212e-07,0.0015183825931855863,-5.558780685532838e-06,-0.0011831175768747925,0.0011734369676560164
F:\Seminario\Seminario-Clustering\datasets\davi\Al Emadi (2019)\Multiclass_Drone_Audio\unknown\2-209474-A-254.wav,Multiclass_Drone_Audio\unknown\2-209474-A-254.wav,al_emadi,2-209474-A-254,0.95975,0.5701612283762084,7.687657356262207,-0.02885372264041492,0.052767254760382985,-0.025765156373381615,-0.06911379471421242,0.002664638450369239,0.1638876081302499,4.959253787994385,-0.00103930103285252,0.03222686004808846,0.00010783728430396877,-0.015424174256622791,0.014845825266093016,0.13479566586072836,5.548247337341309,0.0006107193616509147,0.02070584651289788,1.4423858374357224e-07,-0.008739502355456352,0.00994227193295956,0.11363998884483832,5.266468524932861,-0.00010110130092428493,0.013459249820047717,-2.9741374419245403e-05,-0.005241222120821476,0.004805613402277233,0.017515508787974983,8.3869047164917,9.55210350167237e-06,0.003738180773101444,-4.2958708945661783e-07,-0.0022312889341264963,0.0023104280699044466
F:\Seminario\Seminario-Clustering\datasets\davi\Al Emadi (2019)\Multiclass_Drone_Audio\unknown\3-144106-A-323.wav,Multiclass_Drone_Audio\unknown\3-144106-A-323.wav,al_emadi,3-144106-A-323,1.0216875,0.041566466350118854,8.131991386413574,-9.778716028640808e-05,0.04341670596467533,-1.8077087588608265e-05,-0.044801193103194234,0.04559535123407844,0.04079783650037765,6.009394645690918,0.0012129203331034928,0.042996414804247214,0.000513238221174106,-0.018993476033210752,0.020011433027684697,0.2409152688238208,6.003833770751953,0.00045460760331121185,0.07403481017752177,-0.000154606910655275,-0.02439307272434234,0.02315756678581238,0.2991290770136302,7.615476608276367,-0.0009696594437668388,0.05836930939280892,-2.466898695274722e-05,-0.023446448519825934,0.021806719340384008,0.3775913513120525,7.6652679443359375,-0.000283924705260252,0.04639688821656537,2.5719440600369126e-05,-0.011951427720487117,0.011758723109960574
F:\Seminario\Seminario-Clustering\datasets\davi\Al Emadi (2019)\Multiclass_Drone_Audio\unknown\4-155650-B-241.wav,Multiclass_Drone_Audio\unknown\4-155650-B-241.wav,al_emadi,4-155650-B-241,1.0216875,0.9465131152221973,8.57080364227295,-0.00014423396289472038,0.009265920803054559,-0.0001190188922919333,-0.010678171645849943,0.0107245832681656,0.034780483774241616,8.621337890625,1.67724554616327e-05,0.0017763409426118347,2.0611462787201162e-05,-0.002099580527283251,0.0020947133423760544,0.012679356402761792,9.664491653442383,1.8367211383602603e-05,0.0007594953178810219,6.836940883658826e-06,-0.000878430693410337,0.0009303991915658117,0.004542717493440903,10.590826988220215,-1.8433927013925442e-06,0.0003217787403308878,5.913741460972233e-07,-0.0003775782388402149,0.00037634206528309734,0.0014843271073583931,10.820625305175781,6.172460300027715e-07,0.00013011799318587603,-1.6358899301849306e-07,-0.00014194814721122385,0.00014562079741153874
F:\Seminario\Seminario-Clustering\datasets\davi\Al Emadi (2019)\Multiclass_Drone_Audio\membo_1\Membo_0_036-membo_002_.wav,Multiclass_Drone_Audio\membo_1\Membo_0_036-membo_002_.wav,al_emadi,Membo_0_036-membo_002,1.024,0.5440740590928536,9.035914421081543,9.226273198259398e-05,0.08595095786940528,-0.0013004778884351254,-0.10826186835765839,0.1085545338690281,0.05400927079441236,8.918210983276367,0.00014604394202904992,0.02708006987749068,0.00028827073401771486,-0.03345672860741615,0.033735457435250284,0.08676393911766896,9.838863372802734,0.00020478680656568017,0.024304939885437308,-4.3435051338747144e-05,-0.03024615179747343,0.03167947717010975,0.14409315051251892,10.800554275512695,2.1389798706923314e-05,0.022167521965423372,8.21815337985754e-05,-0.027277154847979546,0.02750631980597973,0.17105958048254624,11.847477912902832,1.994878898754986e-05,0.017085963935871674,0.00012677964696194977,-0.021072149649262427,0.021249362826347352
F:\Seminario\Seminario-Clustering\datasets\davi\Al Emadi (2019)\Multiclass_Drone_Audio\bebop_1\mixed_10-bebop_003_.wav,Multiclass_Drone_Audio\bebop_1\mixed_10-bebop_003_.wav,al_emadi,mixed_10-bebop_003,1.024,0.6358535561118905,8.663244247436523,-0.0006959049788403135,0.18425553175459927,-0.007300839992240071,-0.2089993953704834,0.2287402719259263,0.08455398064111898,8.871854782104492,-0.002418149595721896,0.06714762876728005,-0.0006736910436302423,-0.0895581841468811,0.08078063502907754,0.09534484979083421,9.950262069702148,-0.0006265693460704492,0.0505217855468861,-0.0007011019624769688,-0.06464682891964912,0.06465918868780136,0.11218183766909548,10.96261978149414,1.354794155697467e-05,0.038786452356638884,-0.00012590069673024118,-0.04945996403694153,0.04973199591040611,0.0720657757870608,11.916413307189941,0.00010871878667214495,0.02199117543008959,9.321079414803535e-05,-0.028012795373797413,0.027776130288839344
F:\Seminario\Seminario-Clustering\datasets\davi\Al Emadi (2019)\Multiclass_Drone_Audio\bebop_1\B_S2_D1_101-bebop_004_.wav,Multiclass_Drone_Audio\bebop_1\B_S2_D1_101-bebop_004_.wav,al_emadi,B_S2_D1_101-bebop_004,0.896,0.8428126835891024,8.038491249084473,-0.0013329877550125188,0.48742060917583174,0.0019045672379434109,-0.530952000617981,0.5404433727264404,0.011728537290081468,8.751255989074707,0.00018297619395553778,0.05749892191941278,0.000514749001013115,-0.07315225228667259,0.07217786535620689,0.027539746088337473,9.686169624328613,5.742180743351842e-05,0.06240626169205431,-0.00033258076291531324,-0.07812760099768638,0.0795411892235279,0.06652972295436414,10.753257751464844,-0.0012384739490315436,0.06864259421422757,-4.044361412525177e-05,-0.08906565010547637,0.08700592517852783,0.05138931007811452,11.732956886291504,-3.468787303221466e-05,0.04268640979455119,6.0961345297982916e-05,-0.05509809032082558,0.054621610790491104
F:\Seminario\Seminario-Clustering\datasets\davi\Al Emadi (2019)\Multiclass_Drone_Audio\unknown\3-170851-A-311.wav,Multiclass_Drone_Audio\unknown\3-170851-A-311.wav,al_emadi,3-170851-A-311,1.0216875,0.09809359544390472,7.547345161437988,-2.6890426477210567e-05,0.007065717743670486,-7.322543387999758e-05,-0.0057496143970638515,0.0060970432125031955,0.07140236522669331,5.439007759094238,-0.00014770662461533452,0.006026497336578705,-2.7304580726195127e-05,-0.0019413943053223192,0.0019857286708429463,0.30627502641929766,6.325433731079102,-6.0662222130425764e-05,0.008843216129611637,1.6700314517947845e-05,-0.0024781026877462864,0.002494044182822109,0.38934419051001457,6.083523273468018,3.345219115874254e-05,0.007055532463795095,-1.1055746654164977e-05,-0.0010679264552891253,0.000966752285603434,0.13488482240008978,7.322085380554199,-4.665169821299445e-06,0.002937782472993734,2.260141627630219e-06,-0.0005039196228608489,0.0005023678299039604
F:\Seminario\Seminario-Clustering\datasets\davi\Al Emadi (2019)\Multiclass_Drone_Audio\unknown\3-144891-A-192.wav,Multiclass_Drone_Audio\unknown\3-144891-A-192.wav,al_emadi,3-144891-A-192,0.97525,0.7858613044864166,8.659570693969727,0.0008006346808123677,0.1550478543703611,-0.0018059387803077698,-0.1926197111606598,0.18923093378543854,0.17720399066454742,8.790569305419922,-0.00015569293367648904,0.07362653890413964,0.0004721458535641432,-0.08996834605932236,0.09006659686565399,0.033094458211894016,9.666648864746094,0.00038998990556636325,0.022530003522477412,0.00059073421289213,-0.02757746446877718,0.027245395816862583,0.003497305722647792,10.832610130310059,5.879003816066281e-05,0.0051832941332787775,0.00013086636317893863,-0.006483142729848623,0.006561410613358021,0.00034294091449417355,11.850571632385254,8.048219510471672e-06,0.0011482742650439127,-5.380992661230266e-06,-0.001453886181116104,0.0014500111341476446
F:\Seminario\Seminario-Clustering\datasets\davi\Al Emadi (2019)\Multiclass_Drone_Audio\unknown\2-57191-A-464.wav,Multiclass_Drone_Audio\unknown\2-57191-A-464.wav,al_emadi,2-57191-A-464,0.95975,0.3303840725608217,8.531061172485352,-0.01142252409950238,0.7050029743074518,0.013657395262271166,-0.824585497379303,0.8144316077232361,0.2348990742093727,8.866941452026367,-0.002171529888649766,0.5945332416338666,-0.0009064143523573875,-0.7513075172901154,0.7601117193698883,0.3158266324567097,9.465555191040039,0.0007406891232005671,0.4883547998136037,0.0023243785835802555,-0.6003441572189331,0.6034999728202821,0.10343031088508256,10.031161308288574,-0.00036180973616717593,0.19776911081132612,-0.0014670438831672072,-0.2168843299150467,0.21024552434682858,0.015459909888013332,10.714561462402344,-2.048682778842097e-05,0.054090566321653835,2.812623279169202e-05,-0.05545826256275177,0.05576643720269203
F:\Seminario\Seminario-Clustering\datasets\davi\Al Emadi (2019)\Multiclass_Drone_Audio\unknown\3-118069-B-270.wav,Multiclass_Drone_Audio\unknown\3-118069-B-270.wav,al_emadi,3-118069-B-270,1.0216875,0.8377413853744964,9.08831787109375,0.0023183722490311602,0.06251133455521056,-0.003895736299455166,-0.07383966892957687,0.0966156527400017,0.04410510675137765,8.448869705200195,0.00011695480963029738,0.014352656259475974,-7.88699253462255e-07,-0.01598305255174637,0.017290176264941694,0.020240979355425244,9.644859313964844,6.50180634963117e-05,0.00688690714727239,0.00012678885832428932,-0.008525623381137848,0.008588501252233982,0.047555637336237085,9.688660621643066,-9.49119522665249e-06,0.007470190046262663,2.778916314127855e-05,-0.0073425922542810435,0.007199032744392753,0.05035689118246364,10.79919719696045,2.6003289701794026e-05,0.005437838319459663,-5.3767078497912735e-05,-0.00538647323846817,0.005542230233550076
F:\Seminario\Seminario-Clustering\datasets\davi\Al Emadi (2019)\Multiclass_Drone_Audio\membo_1\Membo_2_010-membo_000_.wav,Multiclass_Drone_Audio\membo_1\Membo_2_010-membo_000_.wav,al_emadi,Membo_2_010-membo_000,1.024,0.37370473249496217,9.352762222290039,0.00010929120562120693,0.06985111569524534,-0.002730634994804859,-0.08908044248819351,0.09157068058848382,0.05749508926143786,8.955528259277344,0.0003842555514160426,0.027395690186567664,-0.0010932768345810473,-0.033263443410396575,0.03652709722518921,0.1224584750877785,9.908748626708984,0.00012668500890361463,0.028315097031103787,5.9804151533171535e-05,-0.03585351072251797,0.035681758821010594,0.19799931939339538,10.731852531433105,0.000862486975725867,0.025466322204535197,0.0007441835477948189,-0.030300091952085495,0.03328227996826172,0.2483423837624261,11.76890754699707,1.0727704870568554e-05,0.020187339613176123,-4.929833812639117e-05,-0.025107045844197273,0.0249227773398161
F:\Seminario\Seminario-Clustering\datasets\davi\Al Emadi (2019)\Multiclass_Drone_Audio\membo_1\extra_membo_D2_2009.wav,Multiclass_Drone_Audio\membo_1\extra_membo_D2_2009.wav,al_emadi,extra_membo_D2,1.002625,0.8720884073911133,8.916648864746094,-1.7415973124448744e-05,0.027311270759002575,0.00047046635881997645,-0.03480286747217178,0.03767459690570832,0.026731453336711966,8.906673431396484,6.57386577159039e-06,0.004781593086638584,0.00011914604692719877,-0.005944051314145326,0.006087279785424473,0.036024163710768914,9.97962760925293,5.040157499686753e-06,0.003931858494200488,-0.00011757784523069859,-0.005060203373432159,0.005173820536583662,0.03708979232996507,10.833471298217773,-2.056593208658823e-05,0.002823450739329154,1.7948121239896864e-05,-0.0035406117793172595,0.003562831180170178,0.02806618323144075,11.866447448730469,-7.955471721074633e-06,0.001737396672738915,1.4620509318774566e-06,-0.0021968736546114087,0.0021654755109921098
F:\Seminario\Seminario-Clustering\datasets\davi\Al Emadi (2019)\Multiclass_Drone_Audio\membo_1\Membo_0_002-membo_004_.wav,Multiclass_Drone_Audio\membo_1\Membo_0_002-membo_004_.wav,al_emadi,Membo_0_002-membo_004,0.896,0.49018658010963817,9.226384162902832,0.0011250730976926993,0.08425738412509713,0.0017201167065650225,-0.11254498586058616,0.11511820778250692,0.05996133261022435,8.683138847351074,0.0002871340414895852,0.029470058466115525,0.0006475114496424794,-0.03839374706149101,0.03585339561104774,0.09211488411306316,9.690577507019043,-0.00021918856495564925,0.02587162634875497,-0.0003061227034777403,-0.035423244535923,0.033213132247328754,0.13012065872987588,10.673925399780273,-0.00037276997560317394,0.021761654839264857,-0.0004561029782053083,-0.027742847427725793,0.02700135409832002,0.2276165444371984,11.615134239196777,1.125160593144941e-05,0.02036485045216121,0.0001187431626021862,-0.025347229093313217,0.02510450966656208
F:\Seminario\Seminario-Clustering\datasets\davi\Al Emadi (2019)\Multiclass_Drone_Audio\bebop_1\mixed_47-bebop_001_.wav,Multiclass_Drone_Audio\bebop_1\mixed_47-bebop_001_.wav,al_emadi,mixed_47-bebop_001,1.024,0.6732909984826451,8.936807632446289,0.0008904373101456072,0.3702277249364564,0.008618820458650589,-0.47614626586437225,0.4688711524009705,0.18427702151458944,8.89229965209961,-0.003272801441325833,0.19366108274081462,-0.0024881743593141437,-0.24430115073919295,0.24390404969453813,0.07330246184523458,9.94744873046875,0.0002787081848810941,0.08650559564495285,-0.00011875484779011458,-0.1106796383857727,0.10671502724289895,0.04484342828401774,10.964974403381348,0.0007121401407588541,0.04787886789815365,0.0017872316529974341,-0.06237424910068512,0.06156117469072342,0.02428608987351313,11.952881813049316,-2.5554308393609877e-05,0.024928231455638078,-0.0004263513255864382,-0.0317566379904747,0.03179431557655334
F:\Seminario\Seminario-Clustering\datasets\davi\Al Emadi (2019)\Multiclass_Drone_Audio\bebop_1\mixed_57-bebop_000_.wav,Multiclass_Drone_Audio\bebop_1\mixed_57-bebop_000_.wav,al_emadi,mixed_57-bebop_000,1.024,0.4573378616716581,8.652494430541992,-0.0013614289386839904,0.10216708763611179,-0.00699952058494091,-0.11467095017433167,0.12152889370918274,0.07893956216927786,8.82165813446045,0.0007953640200266641,0.04244260977837211,-7.872145215515047e-05,-0.05248439311981201,0.055156221613287926,0.11863685597356817,9.95225715637207,0.0004084066822188575,0.0368495781256593,0.0010562140378169715,-0.048012129962444305,0.04675388559699059,0.20186897283193722,10.900894165039062,0.0010056470600750087,0.03400553975439207,0.0015190851408988237,-0.04269832372665405,0.044186003506183624,0.1432167473535587,11.93109130859375,-1.184206356399859e-05,0.02027084895953047,-3.091192047577351e-05,-0.025665771961212155,0.026037517189979553
F:\Seminario\Seminario-Clustering\datasets\davi\Al Emadi (2019)\Multiclass_Drone_Audio\unknown\4-184237-A-283.wav,Multiclass_Drone_Audio\unknown\4-184237-A-283.wav,al_emadi,4-184237-A-283,1.0216875,0.9532210829851346,8.299185752868652,0.0016242030743919022,0.23139741561891364,0.002522827824577689,-0.28152507841587066,0.2719914883375172,0.009553181198906278,7.81946325302124,-0.0009864421027497585,0.023144739264479287,-7.693894440308213e-05,-0.02698391694575548,0.020411705411970644,0.005354642313178808,8.407663345336914,0.0004646761088263654,0.012275870395028103,2.1428953914437443e-05,-0.010238914377987384,0.011344754882156851,0.006254375516499404,9.667612075805664,6.405170244804957e-05,0.009394701833720357,1.5439087292179465e-05,-0.009348932933062314,0.009598542563617236,0.025616717986280853,10.90646743774414,1.5648677606373884e-05,0.013450344288072123,1.8459890270605683e-05,-0.014712228253483773,0.014359357766807083
F:\Seminario\Seminario-Clustering\datasets\davi\Al Emadi (2019)\Multiclass_Drone_Audio\unknown\5-207836-C-290.wav,Multiclass_Drone_Audio\unknown\5-207836-C-290.wav,al_emadi,5-207836-C-290,1.0216875,0.24076419607688418,6.9383544921875,-0.0003159889518584538,0.03587185103428377,-0.0007977040368132293,-0.025452129170298578,0.025337584130465995,0.31468926696469707,8.055255889892578,-9.011581541997494e-05,0.04101234587106587,0.000448737308033742,-0.046425634622573854,0.04673321172595027,0.13366522446150422,9.29898452758789,-0.00014406202892350953,0.01893201804438927,8.058574167080224e-06,-0.02262570261955261,0.021706641837954527,0.2041564888585293,9.264741897583008,3.141767070869937e-05,0.016557098015398102,-9.933317414834164e-06,-0.01496594538912177,0.015166240464895965,0.10672482363838519,10.701271057128906,5.857541196261584e-05,0.00846830720241424,-4.360248567536473e-06,-0.008416049741208553,0.008490612544119362
F:\Seminario\Seminario-Clustering\datasets\davi\Al Emadi (2019)\Multiclass_Drone_Audio\bebop_1\mixed_60-bebop_004_.wav,Multiclass_Drone_Audio\bebop_1\mixed_60-bebop_004_.wav,al_emadi,mixed_60-bebop_004,0.904,0.46691940096688733,9.024970054626465,0.0008420369362683741,0.25443121686535425,0.0035613663494586945,-0.32943271696567533,0.32796103954315187,0.34807804210481663,8.828210830688477,0.000285556904234729,0.21967961222850496,-0.022153185680508614,-0.2588205009698868,0.3320344984531403,0.10507530802758172,9.85257339477539,-0.0008163444387469525,0.08548391453670336,-0.008003289811313152,-0.10671882107853889,0.1151245415210724,0.04724597574619682,10.753135681152344,-0.00011394116778719954,0.040573170025781015,2.0674691768363118e-05,-0.0526333749294281,0.05012410134077072,0.03268127315451752,11.738994598388672,-5.8528713077702096e-05,0.023872693197947804,5.412660539150238e-05,-0.03032676912844181,0.0301439590752125
F:\Seminario\Seminario-Clustering\datasets\davi\Al Emadi (2019)\Multiclass_Drone_Audio\unknown\4-191246-B-72.wav,Multiclass_Drone_Audio\unknown\4-191246-B-72.wav,al_emadi,4-191246-B-72,0.97525,0.6362031122833358,7.669680118560791,-0.0028418110583640186,0.1091570065330427,-0.0027985088527202606,-0.10292075574398041,0.09519989788532257,0.21227885163151794,7.02836799621582,-0.0007945385613933464,0.06306955480904479,-0.0007411415572278202,-0.04726041853427887,0.04070694372057915,0.04562875928140587,8.118293762207031,-0.00046102123671678706,0.02070439969512905,-0.00025232945336028934,-0.017904281616210938,0.015565934590995312,0.01495675954545808,9.089519500732422,-0.00014978157647658154,0.008389166252403707,-2.9667200578842312e-05,-0.007150508696213365,0.006783947581425309,0.09093251725828234,8.824056625366211,7.662399850394732e-05,0.014635331192345188,-2.3145189516071696e-06,-0.008060646615922448,0.008683083578944208
F:\Seminario\Seminario-Clustering\datasets\davi\Al Emadi (2019)\Multiclass_Drone_Audio\bebop_1\mixed_0-bebop_000_.wav,Multiclass_Drone_Audio\bebop_1\mixed_0-bebop_000_.wav,al_emadi,mixed_0-bebop_000,1.024,0.6556996360872014,8.825580596923828,-0.0022884408889103282,0.4552335410206435,0.009005716070532799,-0.5816555559635163,0.5603267908096313,0.034296463330054774,8.822746276855469,0.0008267571375415959,0.10411139228882718,0.00046621321234852076,-0.13211115151643754,0.13428477793931962,0.03776494997572206,9.806581497192383,-0.002469725226911731,0.07732656585563889,-0.0027270950376987457,-0.1012224480509758,0.09236520752310753,0.11700359665074259,10.844568252563477,0.000329779455476522,0.09637359403650979,-0.0017995928646996617,-0.1208643838763237,0.12145687639713287,0.1552353539562792,11.681965827941895,-0.00016592823769066546,0.07852821710429565,-0.000366895052138716,-0.09513534158468247,0.09458492100238804
F:\Seminario\Seminario-Clustering\datasets\davi\Al Emadi (2019)\Multiclass_Drone_Audio\unknown\4-165813-A-190.wav,Multiclass_Drone_Audio\unknown\4-165813-A-190.wav,al_emadi,4-165813-A-190,1.0216875,0.6518383435882896,8.022130012512207,-0.00016231700389409087,0.03274998221049919,-0.0004210587649140507,-0.03539515398442745,0.033296820521354686,0.2753488431401151,7.4616899490356445,0.0004541045279862331,0.021280861878874683,0.00020115378720220178,-0.018114387057721615,0.019652920961380015,0.06200377102452253,8.584912300109863,0.00010823536335256337,0.0071537106924954574,4.059069760842249e-05,-0.0062434103339910505,0.0070750629529356965,0.010144437704693808,9.256714820861816,-5.254486152959685e-06,0.002047800930656404,-9.7421952887089e-06,-0.0017708440776914357,0.0016804297454655177,0.0006646045423789189,11.711406707763672,-1.1802420189890333e-06,0.0003707878100277416,-1.9864928617607802e-06,-0.0004502953204791993,0.0004490043735131623
F:\Seminario\Seminario-Clustering\datasets\davi\Al Emadi (2019)\Multiclass_Drone_Audio\membo_1\Membo_0_004-membo_000_.wav,Multiclass_Drone_Audio\membo_1\Membo_0_004-membo_000_.wav,al_emadi,Membo_0_004-membo_000,1.024,0.43759064368622796,9.076523780822754,0.0013936804352075007,0.0919259311266926,0.0015453468076884747,-0.11121509596705437,0.11557019129395486,0.06136609052590033,9.032118797302246,0.0002764353359223217,0.03442739466253958,0.0008577463449910283,-0.04566196128726006,0.04385712556540966,0.1078830867628933,9.957950592041016,-8.430401123694018e-06,0.03232577808217746,-0.00022662731498712674,-0.041631773859262464,0.04184381552040578,0.17917988119188244,10.855648040771484,0.0004734557542580074,0.029479239345951938,0.00019265362061560154,-0.03628331422805786,0.037577129900455475,0.213980297833096,11.812912940979004,-7.243060842781814e-06,0.022792132036767197,0.00017495625070296228,-0.028387193754315376,0.028174918517470365
F:\Seminario\Seminario-Clustering\datasets\davi\Al Emadi (2019)\Multiclass_Drone_Audio\membo_1\Membo_1_002-membo_001_.wav,Multiclass_Drone_Audio\membo_1\Membo_1_002-membo_001_.wav,al_emadi,Membo_1_002-membo_001,1.024,0.3990135491377496,9.075296401977539,-8.871861670202422e-05,0.07085422148725919,-0.0033946920884773135,-0.08799493014812469,0.08763558641076089,0.059748690039550356,8.909271240234375,0.00022757194537298699,0.02741709745367236,0.001119143795222044,-0.03630571998655796,0.035600103065371515,0.1485039527080237,9.928821563720703,0.00023872137729837668,0.03060880966793852,6.377312820404768e-05,-0.03864975012838841,0.03964961543679237,0.21142230797983202,10.821870803833008,0.00012755630316427208,0.025847355090510178,0.0007030306151136756,-0.03182462975382805,0.032125163823366165,0.18131150013484434,11.857388496398926,7.098427778058058e-06,0.016932809509055367,-0.0001409685064572841,-0.02131836861371994,0.021552567929029477
F:\Seminario\Seminario-Clustering\datasets\davi\Al Emadi (2019)\Multiclass_Drone_Audio\membo_1\mixed_membo_57-membo_003_.wav,Multiclass_Drone_Audio\membo_1\mixed_membo_57-membo_003_.wav,al_emadi,mixed_membo_57-membo_003,1.024,0.5814096184548747,8.988606452941895,-0.0011576381914353776,0.06618781177302382,0.0008147457265295088,-0.08938689082860947,0.0864251844584942,0.12513495058183285,8.943729400634766,0.0004885316287311194,0.030707022281749406,-5.20033499924466e-05,-0.03929733149707317,0.0406430020928383,0.060523060447249956,9.96389389038086,3.8547585972106655e-05,0.01512449082520106,6.324611604213715e-06,-0.018988209776580334,0.020085388049483302,0.1139661243347637,10.917999267578125,-0.00012703520275828592,0.014687528131662566,-0.00024241517530754209,-0.018870094791054726,0.01862589828670025,0.11896624618127878,11.917840003967285,1.0158400052592023e-06,0.010615962149104015,4.546716809272766e-05,-0.013520262204110622,0.013338777795434
F:\Seminario\Seminario-Clustering\datasets\davi\Al Emadi (2019)\Multiclass_Drone_Audio\bebop_1\B_S2_D1_117-bebop_000_.wav,Multiclass_Drone_Audio\bebop_1\B_S2_D1_117-bebop_000_.wav,al_emadi,B_S2_D1_117-bebop_000,1.024,0.834117800109875,8.110790252685547,0.0021119072695389316,0.4492860413263857,0.0021063522435724735,-0.4450052261352539,0.4845962256193161,0.010318583162244271,8.960233688354492,-0.0011112613743340632,0.04995933603892658,-0.002880044630728662,-0.0661153957247734,0.06416558250784875,0.03455556691925389,9.927489280700684,0.001193776325177707,0.064746699953702,0.0015131752006709576,-0.08268507346510887,0.08431829884648326,0.06726024247264935,10.90907096862793,0.0012284510860739535,0.06392736323107787,-4.874332807958126e-05,-0.08054198324680328,0.0848456546664238,0.053747807335977504,11.901464462280273,-5.960872029362029e-05,0.04043319505126408,0.00016525332466699183,-0.05160334333777428,0.05073251277208329
F:\Seminario\Seminario-Clustering\datasets\davi\Al Emadi (2019)\Multiclass_Drone_Audio\bebop_1\B_S2_D1_080-bebop_001_.wav,Multiclass_Drone_Audio\bebop_1\B_S2_D1_080-bebop_001_.wav,al_emadi,B_S2_D1_080-bebop_001,1.024,0.8231422385306609,8.5242338180542,-0.003285974467137051,0.429581003822747,0.001972544938325882,-0.49650560021400447,0.467338240146637,0.012971193419886558,8.833057403564453,-0.0008021696843941542,0.05392153579359875,-0.000804604176664725,-0.06447233632206917,0.06553697884082794,0.04030607015568198,9.880859375,0.0006258976494722492,0.06731396726222634,0.0012708651483990252,-0.08686302006244659,0.0833063364028931,0.06724706204836668,10.914243698120117,0.001130489955851363,0.061525821984936176,0.0003247216809540987,-0.07742045819759369,0.07978875935077667,0.05633343584540388,11.92070484161377,0.00017068862334631616,0.03984222494346104,0.00039918278343975544,-0.05158250704407691,0.05067055597901346
F:\Seminario\Seminario-Clustering\datasets\davi\Al Emadi (2019)\Multiclass_Drone_Audio\bebop_1\mixed_13-bebop_000_.wav,Multiclass_Drone_Audio\bebop_1\mixed_13-bebop_000_.wav,al_emadi,mixed_13-bebop_000,1.024,0.5830640924942034,7.895351409912109,-0.0003595435392852981,0.12691004014063642,0.00035968096926808357,-0.1239340953528881,0.13474185466766359,0.03469242798561762,8.956854820251465,-0.00031121505820814034,0.030955295658216413,-0.000654620787827298,-0.04105199389159679,0.04117087945342065,0.0934792515078032,9.83297348022461,-0.00016950560553151441,0.03598410972929902,0.00020162183500360698,-0.04599974006414413,0.04485514424741269,0.16405172007544622,10.930253982543945,0.0005098407679506023,0.03373293326246838,0.0008060428081080317,-0.04293609783053398,0.04318279027938843,0.12471250793692958,11.911515235900879,-8.660172832921083e-05,0.02080822076448608,-0.0002996238472405821,-0.02620439641177654,0.026469391211867338
F:\Seminario\Seminario-Clustering\datasets\davi\Al Emadi (2019)\Multiclass_Drone_Audio\membo_1\mixed_membo_0-membo_003_.wav,Multiclass_Drone_Audio\membo_1\mixed_membo_0-membo_003_.wav,al_emadi,mixed_membo_0-membo_003,1.024,0.8852970746458718,8.996562957763672,-0.0013417885488450744,0.16543844455660073,0.004906698362901807,-0.22248955070972443,0.21778120398521422,0.020576169513563922,8.864788055419922,-0.00019077274260886502,0.02522179962179612,0.0003648841520771384,-0.031989786028861995,0.030951094999909404,0.02705779695970163,9.925342559814453,-0.00019732005773000807,0.020480977051862345,-0.00024604995269328356,-0.025392332673072816,0.02571371700614691,0.035714733779916866,10.918489456176758,2.6421895219927783e-05,0.016653407477275232,1.2617339962162077e-05,-0.02108219638466835,0.02143460512161255,0.03135422510094575,11.842647552490234,1.641142366388233e-05,0.011038191081484579,0.0002714305301196873,-0.013838422670960426,0.013693690858781346
F:\Seminario\Seminario-Clustering\datasets\davi\Al Emadi (2019)\Multiclass_Drone_Audio\bebop_1\mixed_44-bebop_003_.wav,Multiclass_Drone_Audio\bebop_1\mixed_44-bebop_003_.wav,al_emadi,mixed_44-bebop_003,1.024,0.5930826307340319,8.135085105895996,0.002360454899173013,0.15455681485739925,0.0007820895407348871,-0.15454859137535096,0.1641962453722954,0.027733058613846368,8.537893295288086,-0.00010032776533512995,0.03342551805227572,-0.0006992810522206128,-0.03926956467330456,0.042078579217195516,0.0878875825795976,9.84084701538086,-0.0003053677754363085,0.04213586858871082,-0.0005349848070181906,-0.05154170244932174,0.05318352691829205,0.1821617956817866,10.115211486816406,-0.001307723589218199,0.04291232238757957,-0.0009653575252741575,-0.04920405149459839,0.04674522951245308,0.10913493239073753,11.600794792175293,-0.00011289082180046912,0.023507271634355346,-0.0001364669733447954,-0.02876828536391258,0.028457239642739305
F:\Seminario\Seminario-Clustering\datasets\davi\Al Emadi (2019)\Multiclass_Drone_Audio\membo_1\mixed_membo_31-membo_001_.wav,Multiclass_Drone_Audio\membo_1\mixed_membo_31-membo_001_.wav,al_emadi,mixed_membo_31-membo_001,1.024,0.6790098344155993,8.746827125549316,-0.002359130114398318,0.25877940068540356,-0.0039114507380872965,-0.33742969334125517,0.32036084234714507,0.2021363127471702,8.596830368041992,0.004090420108653596,0.14113982920143492,-0.0013025538064539433,-0.16217053234577178,0.16770297884941107,0.062258640878020535,9.752359390258789,-0.00045386493700845965,0.0554898317250097,-7.223864668048918e-05,-0.06824862733483314,0.06771558150649072,0.03749557623638213,10.760735511779785,-0.0008204966398527644,0.03046604104557699,-0.0005964059382677078,-0.0385344922542572,0.03801121935248375,0.019099635722827926,11.737809181213379,-2.179389324595656e-06,0.015387440598728245,4.37186099588871e-05,-0.018534324318170547,0.018790076300501828
F:\Seminario\Seminario-Clustering\datasets\davi\Al Emadi (2019)\Multiclass_Drone_Audio\unknown\2-39945-B-193.wav,Multiclass_Drone_Audio\unknown\2-39945-B-193.wav,al_emadi,2-39945-B-193,1.0216875,0.9576409406262346,8.031494140625,0.02329602443449134,0.06750906360925031,0.024693265557289124,-0.04221693910658359,0.08553275391459471,0.03013753699532367,8.491483688354492,-6.334222466170748e-05,0.012668926211677369,-0.0004773062973981723,-0.014552646689116955,0.015029142145067466,0.010928101559499205,9.524206161499023,2.3101527420790836e-05,0.0054036264684132135,4.943314706906676e-06,-0.0061925558373332025,0.006410633213818073,0.0012114278802861484,10.474607467651367,-2.982969547329431e-06,0.0012731151413732816,6.573864084202796e-07,-0.0014692967059090733,0.0014635845087468625,8.199293865641373e-05,11.93603515625,1.1033996729144853e-06,0.00023430109490753197,2.2272724891081452e-06,-0.00029669172945432363,0.0003006274171639236
F:\Seminario\Seminario-Clustering\datasets\davi\Al Emadi (2019)\Multiclass_Drone_Audio\unknown\3-157695-A-02.wav,Multiclass_Drone_Audio\unknown\3-157695-A-02.wav,al_emadi,3-157695-A-02,0.97525,0.2680191574896441,6.143909454345703,3.3648332517484224e-05,0.23023804530448239,5.455732662085211e-06,-0.0325549952685833,0.03706510737538338,0.6366009107414179,6.065863609313965,0.0005504614516330839,0.3548356829077123,0.0,-0.03012213110923767,0.05173587426543236,0.07962846361248532,6.964948654174805,0.0011370413657953693,0.08886748006196409,0.0,-0.014200170524418354,0.014439865946769714,0.014808947953282975,7.932960510253906,-1.2773745847787499e-05,0.027122182774108473,0.0,-0.003163289977237582,0.00413395487703383,0.000942520203169624,8.989931106567383,1.5882445160792971e-06,0.00484046996280174,0.0,-0.0007034824695438144,0.0007456068182364144
F:\Seminario\Seminario-Clustering\datasets\davi\Al Emadi (2019)\Multiclass_Drone_Audio\unknown\3-151557-B-283.wav,Multiclass_Drone_Audio\unknown\3-151557-B-283.wav,al_emadi,3-151557-B-283,1.0216875,0.3628780787463966,8.41614055633545,-0.002125112859023543,0.03423101555768745,-0.002690752036869526,-0.04107648357748985,0.0366240978240967,0.2951921253771062,7.57043981552124,-0.0008510115948046606,0.030921652108602232,-0.00022855873976368457,-0.0334656860679388,0.03221880905330181,0.2928644540493794,6.158061504364014,-0.00019915637459850066,0.021823054158092253,-0.00018912737141363323,-0.01589907258749008,0.015561876259744168,0.036612177474228895,9.690899848937988,5.201016934682506e-05,0.00546004909545948,6.3980642153183e-06,-0.0054954996332526205,0.005722404876723887,0.01245316435288888,11.310018539428711,-3.07944206332904e-06,0.002252753764320554,-1.8302464013686404e-05,-0.002523003797978163,0.0024493990931659937
F:\Seminario\Seminario-Clustering\datasets\davi\Al Emadi (2019)\Multiclass_Drone_Audio\unknown\5-238938-A-273.wav,Multiclass_Drone_Audio\unknown\5-238938-A-273.wav,al_emadi,5-238938-A-273,1.0216875,0.34174349382237895,8.835267066955566,-0.0029376107303282755,0.04576259931724848,-0.0009512940887361765,-0.06308968067169189,0.053416876867413546,0.2968766403034609,8.247355461120605,0.0006657456356664809,0.04273550261764936,-0.0006804470322094858,-0.043825697526335715,0.04787888079881669,0.15499118068266324,9.20134162902832,1.578628792880415e-05,0.021874213643121466,0.00017661089077591896,-0.023556728661060334,0.02445012405514717,0.12166529795776533,10.027132034301758,-0.00012291968866870903,0.01371349548411027,-0.00016631882317597046,-0.014387936983257531,0.013940829783678057,0.08472338723373156,11.057648658752441,3.5491463561753595e-05,0.00809562782504092,4.3017862481065094e-05,-0.008256272040307521,0.008503494411706933
F:\Seminario\Seminario-Clustering\datasets\davi\Al Emadi (2019)\Multiclass_Drone_Audio\unknown\2-64963-A-150.wav,Multiclass_Drone_Audio\unknown\2-64963-A-150.wav,al_emadi,2-64963-A-150,1.0216875,0.028049431885926446,8.763162612915039,-5.957440205231166e-05,0.004066152324171635,-9.808578033698723e-05,-0.005042752483859658,0.004968443047255278,0.07593901616272777,7.253475666046143,-5.752723550907024e-05,0.006690901697538654,-2.6932878427032847e-05,-0.005126204388216138,0.005240469519048931,0.3627612329429417,6.908719539642334,0.0001505656677667429,0.010357580997065994,1.2498438081820495e-05,-0.004085689876228571,0.0043729422613978395,0.34232396895540923,7.961812973022461,-2.1671547645765995e-05,0.007120550972334906,-1.0625819868437247e-06,-0.0033557770773768414,0.0032378177624195832,0.19092635005299483,7.938700199127197,-4.6281940231385946e-05,0.003761558587843873,1.3523622328648344e-06,-0.0009253304451704024,0.0008989096269942831
F:\Seminario\Seminario-Clustering\datasets\davi\Al Emadi (2019)\Multiclass_Drone_Audio\bebop_1\mixed_45-bebop_004_.wav,Multiclass_Drone_Audio\bebop_1\mixed_45-bebop_004_.wav,al_emadi,mixed_45-bebop_004,0.904,0.7534522757244884,8.087026596069336,-0.0025063007675651156,0.1793229431930723,-0.002209637896157801,-0.2144825980067253,0.2044222161173821,0.01697439946876454,8.835375785827637,-0.0001654366434185259,0.02691779007851424,-0.0007164864800870419,-0.03511892482638359,0.03519551120698452,0.048606868693497285,9.751053810119629,-0.00043138029033192715,0.03225985790648791,-0.00018397660460323095,-0.04156795479357243,0.040158445760607724,0.09838967517100101,10.747143745422363,0.0004107265003983688,0.03248604789371316,0.00017879829101730138,-0.04096603766083717,0.04249739274382591,0.08257678094224884,11.71214485168457,-5.4344105229042406e-05,0.021056169218473118,3.907014615833759e-06,-0.02678258456289768,0.02637263461947441
F:\Seminario\Seminario-Clustering\datasets\davi\Al Emadi (2019)\Multiclass_Drone_Audio\unknown\5-177957-A-404.wav,Multiclass_Drone_Audio\unknown\5-177957-A-404.wav,al_emadi,5-177957-A-404,0.95975,0.9969575438758568,8.88819694519043,-0.013393981071809927,0.9802683540268512,-0.06179417483508587,-1.2257700562477112,1.2974624037742615,0.002100200790510597,8.838865280151367,0.0004151897500346243,0.044994466457717645,0.0005576852709054947,-0.05911049246788025,0.057370470836758614,0.0005586930875155177,9.806976318359375,-2.6380786983683317e-05,0.016440176999828776,1.2237578630447388e-05,-0.020888582989573478,0.02077989131212235,0.0001975055644389924,10.817861557006836,2.7668384220975653e-05,0.00691719884202644,0.0001182586420327425,-0.008782773092389107,0.008647253550589085,0.00018605668167808253,11.573012351989746,-1.0855331173704877e-05,0.004749505249946462,-1.535029150545597e-05,-0.0057130660861730576,0.005691741593182087
F:\Seminario\Seminario-Clustering\datasets\davi\Al Emadi (2019)\Multiclass_Drone_Audio\membo_1\mixed_membo_48-membo_004_.wav,Multiclass_Drone_Audio\membo_1\mixed_membo_48-membo_004_.wav,al_emadi,mixed_membo_48-membo_004,0.904,0.6937182557364503,8.587604522705078,-0.0005630444150013788,0.05965901747018419,-0.002403907710686326,-0.07214040756225586,0.0743410274386406,0.03485355816460652,8.795083999633789,3.295372474555164e-05,0.01337291592503958,-0.000132885885250289,-0.016578598879277706,0.017444773949682715,0.05541473801103029,9.788932800292969,8.249509439273823e-05,0.011942856858832694,0.0003696497587952763,-0.015010900981724262,0.015293259825557471,0.11808058635403465,10.692031860351562,5.025247403911311e-06,0.012339555233699548,-4.583313057082705e-05,-0.015445726923644543,0.015452535822987556,0.09793286173387822,11.735391616821289,4.228675467097199e-06,0.007950042909412204,2.2010091925039887e-05,-0.010212997905910015,0.010104470141232016
F:\Seminario\Seminario-Clustering\datasets\davi\Al Emadi (2019)\Multiclass_Drone_Audio\unknown\3-102583-B-491.wav,Multiclass_Drone_Audio\unknown\3-102583-B-491.wav,al_emadi,3-102583-B-491,1.0216875,0.3849756612657825,7.796875,-5.4789215994111885e-05,0.06833084814127559,-0.0005419785738922656,-0.07564832270145416,0.06168694943189624,0.2697240029322555,7.517477989196777,-0.00039735864341554117,0.05719388879003513,-0.00018677224579732865,-0.054974578320980065,0.04827097728848459,0.20406920727273561,8.360822677612305,0.0002275833162574901,0.03523754030639397,3.333218046464026e-05,-0.027867602556943892,0.03099299855530262,0.11880620064762422,9.094785690307617,0.00011854192504153727,0.019025679267056946,-5.624157438433031e-06,-0.014071546401828523,0.014764800015836955,0.0224249278816022,9.921220779418945,2.7850575868722946e-05,0.0058473686379469335,2.465931174810976e-07,-0.0037390041165053845,0.004052937589585783
F:\Seminario\Seminario-Clustering\datasets\davi\Al Emadi (2019)\Multiclass_Drone_Audio\unknown\1-32318-A-00.wav,Multiclass_Drone_Audio\unknown\1-32318-A-00.wav,al_emadi,1-32318-A-00,1.0216875,0.20779204485757416,6.580895900726318,0.00022800218644946024,0.349545712527968,-0.0009778017119970173,-0.13895352631807328,0.1626001447439199,0.5465102903097983,6.356195449829102,-0.003238995550868061,0.566867633658457,-0.00011050732064177282,-0.14406066238880158,0.13241096884012254,0.19759402924629416,7.080819606781006,0.00073213415000283,0.24143492948318548,-5.753854202339426e-05,-0.06379690617322921,0.045171879231929835,0.04376776318960727,8.119732856750488,0.0004112219022894056,0.08040625454778812,-1.0457839380251244e-05,-0.02204843591898679,0.02183883134275676,0.004335872396726189,8.269906997680664,-2.3771062787124102e-05,0.017903050523204248,3.7212271308817435e-06,-0.004655318614095449,0.0050169531255960485
F:\Seminario\Seminario-Clustering\datasets\davi\Al Emadi (2019)\Multiclass_Drone_Audio\unknown\3-157187-A-121.wav,Multiclass_Drone_Audio\unknown\3-157187-A-121.wav,al_emadi,3-157187-A-121,1.0216875,0.9846505247417559,8.556944847106934,0.0007736073746827386,0.4090066762184623,0.0,-0.4906422823667526,0.48574727177619936,0.002535922535010937,8.10883903503418,-3.082866182981581e-05,0.020756667989864155,-4.597911527071119e-07,-0.02294865995645523,0.024028695560991783,0.002133202443582967,6.497955322265625,5.2285584811436085e-05,0.013484302416782203,0.0,-0.009309830702841282,0.01013058852404356,0.006369888947964641,5.360928058624268,-0.0006085286435982641,0.016477404995220657,0.0,-0.00610421453602612,0.005999403540045023,0.004310461331685555,7.112450122833252,-0.00012128899584390726,0.009594378326303407,0.0,-0.004544854164123535,0.0043477327562868595
F:\Seminario\Seminario-Clustering\datasets\davi\Al Emadi (2019)\Multiclass_Drone_Audio\unknown\3-152007-C-200.wav,Multiclass_Drone_Audio\unknown\3-152007-C-200.wav,al_emadi,3-152007-C-200,1.0216875,0.5101456171762344,9.344278335571289,-0.0010420844862234176,0.24406738542219172,4.33985551353544e-05,-0.3114689111709595,0.3114504337310791,0.3428439924503922,9.323236465454102,0.0026445157693889593,0.20006769126039384,0.004707997431978583,-0.28414948284626007,0.2619254082441331,0.0557468501257212,9.767634391784668,-0.0016526502401640521,0.05712427647039864,-0.004307796712964773,-0.07453804761171341,0.07184350788593294,0.07182966263653955,9.940521240234375,0.0003047027296323409,0.04590264665818648,-0.000981523422524333,-0.04325798079371452,0.048071300983428954,0.01943387761111262,10.515357971191406,-9.879587519448947e-06,0.01689062997403535,0.0001606723526492715,-0.014917253702878951,0.014597578719258318
F:\Seminario\Seminario-Clustering\datasets\davi\Al Emadi (2019)\Multiclass_Drone_Audio\bebop_1\B_S2_D1_083-bebop_004_.wav,Multiclass_Drone_Audio\bebop_1\B_S2_D1_083-bebop_004_.wav,al_emadi,B_S2_D1_083-bebop_004,0.896,0.907376640209049,8.00661563873291,0.0016143394225254291,0.6492854803570798,0.01726994663476944,-0.737292057275772,0.6880212187767029,0.0077894904076657705,8.491291046142578,0.0018537683777230794,0.06013003574358506,0.0005905379366595298,-0.06891171783208846,0.07747498154640195,0.024166080436168372,9.76837158203125,0.0018765302247407167,0.07502724034469191,0.0033486481988802552,-0.09579033702611923,0.09997135028243065,0.03545091635637512,10.731223106384277,0.0011308404698987201,0.0643289416342441,0.0006758417002856731,-0.08170186430215835,0.08317756503820421,0.02521687259074182,11.738571166992188,-9.974790268473801e-05,0.038388467336151755,-0.00023016263730823994,-0.048415519297122955,0.04892291873693466
F:\Seminario\Seminario-Clustering\datasets\davi\Al Emadi (2019)\Multiclass_Drone_Audio\unknown\3-182023-A-302.wav,Multiclass_Drone_Audio\unknown\3-182023-A-302.wav,al_emadi,3-182023-A-302,0.97525,0.9986996831528939,8.383460998535156,-0.000689153805568294,0.15523294366257803,-0.0058765290305018425,-0.1884348839521408,0.19180744886398315,0.0001425046634051378,8.742874145507812,0.00010997927543294754,0.0018510580773194898,-2.16006301343441e-05,-0.0020584971643984318,0.0024075270630419254,0.00018489049414817713,9.842878341674805,6.80070448654119e-05,0.001494268948601304,7.278486009454355e-05,-0.0019125500693917274,0.001979438355192542,0.0003658664743490028,10.819986343383789,-1.7897065944743188e-05,0.0014889120335866794,-3.5508446671883576e-05,-0.0018929870566353202,0.001919291913509369,0.0006070552152037182,11.883861541748047,-4.139468149307916e-06,0.0013568468833378582,-3.089433812419884e-05,-0.0017457723384723066,0.001767363864928484
F:\Seminario\Seminario-Clustering\datasets\davi\Al Emadi (2019)\Multiclass_Drone_Audio\unknown\3-154439-A-174.wav,Multiclass_Drone_Audio\unknown\3-154439-A-174.wav,al_emadi,3-154439-A-174,0.95975,0.025578811205907076,8.37563705444336,-0.0005661940188062166,0.012124466204394467,-0.0004443229117896408,-0.013872920535504818,0.013155426364392042,0.041895060268249795,6.28770637512207,0.0003067579084175953,0.015530742131329062,0.00016935437452048063,-0.007691243663430214,0.008561242371797562,0.4015991114190748,6.374444007873535,0.0007258877837843362,0.034061711267599874,2.7939411666011438e-05,-0.01356157511472702,0.015686132386326802,0.25566893504201754,7.968414306640625,0.00022730122269792798,0.019235390900847405,3.4274513609489077e-06,-0.008524332381784915,0.009122566506266598,0.2752580820647508,7.239486217498779,-4.065265140276404e-06,0.014120341402015096,1.3887753084418364e-05,-0.0033469051122665405,0.00333990715444088
F:\Seminario\Seminario-Clustering\datasets\davi\Al Emadi (2019)\Multiclass_Drone_Audio\unknown\3-180147-A-300.wav,Multiclass_Drone_Audio\unknown\3-180147-A-300.wav,al_emadi,3-180147-A-300,1.0216875,0.9236909977213433,8.37130069732666,-0.002955274513811879,0.11817863874295875,0.004814420361071825,-0.15060196816921234,0.12389044091105468,0.05665430136302065,5.999478340148926,0.0005859036323219365,0.029271220620015487,3.383333023521118e-05,-0.007628920814022421,0.01114002261310816,0.01718619405633612,6.5612311363220215,8.98622196768029e-05,0.011421242934359352,-1.0307594493497163e-06,-0.0018736465834081173,0.0019134474452584985,0.0022491968212968914,7.051677703857422,-3.0247961225045875e-05,0.002923685459020143,2.879751264117658e-07,-0.0003435312944930046,0.0003103487222688273,0.0002193100380029963,8.063827514648438,2.482141276619764e-06,0.0006458579212519427,-8.617025741841644e-07,-0.0001337187335593626,0.0001358267385512592
F:\Seminario\Seminario-Clustering\datasets\davi\Al Emadi (2019)\Multiclass_Drone_Audio\unknown\1-85909-A-292.wav,Multiclass_Drone_Audio\unknown\1-85909-A-292.wav,al_emadi,1-85909-A-292,0.97525,0.8674101629289487,8.776411056518555,0.00038047133689550694,0.07381113893120268,0.0020526733715087175,-0.0948021337389946,0.08682592213153839,0.027510459698662833,5.25634241104126,0.0005754179777170927,0.013132513049753899,6.124566425569355e-05,-0.003266830462962389,0.003900236915796995,0.06625195960961759,5.418212413787842,-0.00036084286798383053,0.014442066134963585,2.817599306581542e-05,-0.003363899770192802,0.0027238454204052687,0.03726640654590314,6.045435905456543,1.3767061200218156e-05,0.007667288997637761,-3.4546246752142906e-08,-0.0015122927725315094,0.001576452108565718,0.0015610112168677375,8.172284126281738,-2.7084313590652822e-06,0.0011101078390684772,7.731199730187654e-06,-0.000571435724850744,0.0005685068899765613
F:\Seminario\Seminario-Clustering\datasets\davi\Al Emadi (2019)\Multiclass_Drone_Audio\unknown\4-151242-A-373.wav,Multiclass_Drone_Audio\unknown\4-151242-A-373.wav,al_emadi,4-151242-A-373,1.0216875,0.0001621912983224141,6.632421970367432,0.003907393047215264,0.01689675081533449,0.0006344456924125552,-0.0033304553711786867,0.02049355078488591,6.28248562911702e-05,6.9145612716674805,-0.0005127997419936567,0.010781446362896326,-4.498824455367867e-05,-0.009629117045551538,0.004695821413770354,0.010430302945367603,8.57868766784668,0.001112034148319702,0.09850274638889472,1.021718344418332e-05,-0.07185930013656616,0.08621677011251454,0.45415603099326374,9.517087936401367,-0.005766031251006755,0.4599378446782245,-2.482323907315731e-05,-0.4188493102788925,0.3366796702146531,0.5351886499067551,10.530786514282227,-0.00044397949420526043,0.3532276027377047,6.380282684403937e-07,-0.23870920538902282,0.3561250507831599
F:\Seminario\Seminario-Clustering\datasets\davi\Al Emadi (2019)\Multiclass_Drone_Audio\unknown\4-194979-A-252.wav,Multiclass_Drone_Audio\unknown\4-194979-A-252.wav,al_emadi,4-194979-A-252,0.97525,0.15400113155251868,8.408361434936523,0.0002484305110967943,0.022778858249032682,-0.0002712039276957512,-0.02517939917743206,0.027119692414999008,0.3101995189837967,8.04420280456543,-0.00047022572341011925,0.03232737491733832,-9.867157496046275e-05,-0.0337102897465229,0.03348802775144577,0.25648566430279246,9.328490257263184,3.7712003718381333e-06,0.020819842365386833,0.0003479333536233753,-0.02345981076359749,0.02420259825885296,0.16491182505559043,10.51751708984375,6.814994334191646e-05,0.01181361664755641,-0.0001621339761186391,-0.01365740317851305,0.014161954168230295,0.11440186010530168,11.341506958007812,-4.919073329857837e-05,0.006960646596911908,-8.704709762241691e-05,-0.00813454072922468,0.00797111634165049
F:\Seminario\Seminario-Clustering\datasets\davi\Al Emadi (2019)\Multiclass_Drone_Audio\unknown\3-145382-A-12.wav,Multiclass_Drone_Audio\unknown\3-145382-A-12.wav,al_emadi,3-145382-A-12,0.97525,0.2868161051142613,6.796371936798096,0.00031287886831016004,0.022579267117813343,0.0,-0.01557336375117302,0.015004800632596016,0.06578883917634887,6.673413276672363,0.0001573228328154669,0.01081383942103225,0.0,-0.006960042752325535,0.006444066297262907,0.5759570150505476,7.229917049407959,-2.2589319235885773e-05,0.02266181431761403,0.0,-0.010617958381772041,0.009667709935456514,0.06959617014690603,8.38103199005127,1.1032267715491408e-05,0.005574551958854594,0.0,-0.0028002408798784018,0.002866251044906676,0.001841870511936211,9.963801383972168,3.0095129679849854e-07,0.0006415452922290932,0.0,-0.0004942575236782431,0.0005232599680311978
F:\Seminario\Seminario-Clustering\datasets\davi\Al Emadi (2019)\Multiclass_Drone_Audio\unknown\4-170078-A-12.wav,Multiclass_Drone_Audio\unknown\4-170078-A-12.wav,al_emadi,4-170078-A-12,0.97525,0.9930765977561812,7.5735182762146,0.0007072096468152915,0.00774972931789953,0.0,-0.0064859092235565186,0.008227233774960041,0.002926290450194092,6.909391403198242,8.086184903285254e-06,0.0004223525644273856,0.0,-0.00029360997723415494,0.0003429474600125104,0.0034023769934734814,7.680742263793945,-4.567528578513694e-06,0.0003225475683778066,0.0,-0.0002368860732531175,0.00020830940047744662,0.0005386242863499779,8.591910362243652,-1.3220559403018811e-06,9.081578830086942e-05,0.0,-6.22705374553334e-05,5.512041570909787e-05,5.611051380131029e-05,10.195849418640137,1.7728427981819433e-08,2.073795964924591e-05,0.0,-1.6639255045447497e-05,1.740783845889382e-05
F:\Seminario\Seminario-Clustering\datasets\davi\Al Emadi (2019)\Multiclass_Drone_Audio\membo_1\Membo_2_011-membo_002_.wav,Multiclass_Drone_Audio\membo_1\Membo_2_011-membo_002_.wav,al_emadi,Membo_2_011-membo_002,1.024,0.7085494618360034,9.289087295532227,5.444644897208703e-05,0.07540412892524088,-0.002272437675856054,-0.09736051261425017,0.10221959426999093,0.05117003555493547,8.999770164489746,2.851991473981948e-05,0.020263645085897616,0.00034829863579943776,-0.027471131458878518,0.02634815685451031,0.051712758449752184,9.960917472839355,3.045036853172072e-05,0.01442535225644647,-0.0002086632084683515,-0.018445614352822305,0.0180654289200902,0.08029735894028293,10.921318054199219,0.00032038923938092087,0.012717352710904087,0.00035505573032423854,-0.015626797452569008,0.01663902960717678,0.10827038521902596,11.927711486816406,-3.811309935345074e-06,0.010449826646874997,-4.608235030900687e-05,-0.013399921916425228,0.01336636804044247
F:\Seminario\Seminario-Clustering\datasets\davi\Al Emadi (2019)\Multiclass_Drone_Audio\unknown\3-126358-B-33.wav,Multiclass_Drone_Audio\unknown\3-126358-B-33.wav,al_emadi,3-126358-B-33,1.0216875,0.9589471979997505,8.282087326049805,0.004430433986201187,0.4849313154167875,0.003617458511143923,-0.532949161529541,0.5488524556159975,0.025324839601155606,8.991008758544922,-0.0013707177307531926,0.07879681771201398,-0.0016121151275001466,-0.09916869476437569,0.10169781073927879,0.01367426604584322,9.799898147583008,0.0001777941881501279,0.04101800269237682,-0.0017970222979784012,-0.051208119839429855,0.05222547650337219,0.0019157752038495627,10.746262550354004,3.633791819587054e-05,0.010864246734704418,0.00034019743907265365,-0.013289197627454995,0.01323389895260334,0.00013792114940108075,11.811473846435547,5.724896265955453e-06,0.002062121938944752,2.6163426809944212e-05,-0.00256241075694561,0.0025762634817510844
F:\Seminario\Seminario-Clustering\datasets\davi\Al Emadi (2019)\Multiclass_Drone_Audio\unknown\4-102871-A-421.wav,Multiclass_Drone_Audio\unknown\4-102871-A-421.wav,al_emadi,4-102871-A-421,1.0216875,0.16401440973220086,9.000783920288086,0.001163573734732236,0.16422107244199508,0.0026259981095790863,-0.21233848184347154,0.21017208695411696,0.3262153989001939,8.924675941467285,0.0020595974497137418,0.23159749217072498,-0.0007269207562785596,-0.2984697997570038,0.3066212505102158,0.3703281550988823,9.94532299041748,0.0001714165414410351,0.17479037045184886,-0.00040026067290455103,-0.22072518169879912,0.22074103355407718,0.12882132764121895,10.92976188659668,-0.0001158983311159839,0.07294925493278002,-0.0010093527962453663,-0.09207353144884109,0.0926271565258503,0.010620708627504031,11.918991088867188,1.0090671136575683e-05,0.01481750161427844,-8.029211312532425e-05,-0.018674325942993165,0.018789971619844435
F:\Seminario\Seminario-Clustering\datasets\davi\Al Emadi (2019)\Multiclass_Drone_Audio\membo_1\mixed_membo_32-membo_001_.wav,Multiclass_Drone_Audio\membo_1\mixed_membo_32-membo_001_.wav,al_emadi,mixed_membo_32-membo_001,1.024,0.5058867227043105,8.78821086883545,-0.0009353256314197212,0.2710826401402641,0.007426030468195677,-0.3396714866161346,0.331985428929329,0.28161204300323284,8.426535606384277,-0.004568379999249179,0.20220526221540086,-0.002290972974151373,-0.22467778772115707,0.2193028032779694,0.12623965672004075,9.023340225219727,-0.0010135854240133383,0.09588919504940287,-0.0001528636712464504,-0.09989041239023208,0.10493076443672181,0.07008838060636859,10.178194999694824,0.0003449680919202192,0.05056666081595345,0.0003235760086681694,-0.05423864722251892,0.05358589068055153,0.016173196966047434,11.751030921936035,-1.9469405096576163e-05,0.017183809325224782,0.00026323384372517467,-0.020950154960155485,0.02087875977158548
F:\Seminario\Seminario-Clustering\datasets\davi\Al Emadi (2019)\Multiclass_Drone_Audio\unknown\3-142604-A-242.wav,Multiclass_Drone_Audio\unknown\3-142604-A-242.wav,al_emadi,3-142604-A-242,0.97525,0.943484199379039,8.884845733642578,-0.0003848172891111907,0.010042615490630083,-0.0003490100207272917,-0.013588226400315762,0.012525750324130058,0.02264632685930777,5.148177146911621,1.9283643186814455e-05,0.0015569106967257466,3.391018253751099e-06,-0.000780487316660583,0.0008588247001171112,0.019277750266135138,7.583550930023193,-3.277867041440538e-05,0.0010168358417603793,-1.5652569345547818e-05,-0.0007127620920073241,0.0006309622258413583,0.00827939972351674,9.427370071411133,-2.488417048442615e-06,0.00047180211230897257,-3.619725703174481e-06,-0.0004145379352848977,0.00041295391565654427,0.006312323772001262,9.289292335510254,2.0708423044063837e-08,0.00029143440304394243,3.207242116332054e-07,-0.0002367787732509896,0.00023466630664188424
F:\Seminario\Seminario-Clustering\datasets\davi\Al Emadi (2019)\Multiclass_Drone_Audio\membo_1\mixed_membo_58-membo_002_.wav,Multiclass_Drone_Audio\membo_1\mixed_membo_58-membo_002_.wav,al_emadi,mixed_membo_58-membo_002,1.024,0.43909124218546647,9.039445877075195,-0.0009574615032054954,0.05239878774187872,-0.0008100501436274499,-0.07024682536721229,0.06976406127214432,0.04244249975703357,8.894166946411133,-8.79542439205694e-05,0.016293353601542583,-0.00045350496657192707,-0.020432583801448346,0.021191222034394743,0.11741471878364784,9.815352439880371,0.00039951892372916273,0.019186769787671497,0.00039272890717256814,-0.023446415737271308,0.02398606352508069,0.15838868827872127,10.928163528442383,5.576418815856484e-05,0.015774276361782344,-0.0004198405658826232,-0.019530288875102997,0.02103818766772747,0.24266285099513082,11.922609329223633,-3.708509162421448e-05,0.013812126659239567,0.00013809051597490907,-0.01767788492143154,0.017597906291484836
F:\Seminario\Seminario-Clustering\datasets\davi\Al Emadi (2019)\Multiclass_Drone_Audio\membo_1\mixed_membo_44-membo_003_.wav,Multiclass_Drone_Audio\membo_1\mixed_membo_44-membo_003_.wav,al_emadi,mixed_membo_44-membo_003,1.024,0.1740418746223047,9.2354736328125,0.00016759694139959147,0.03713347866082076,0.00010465140076121315,-0.04693615734577179,0.049064095318317416,0.06222507007279841,7.766692161560059,-0.0005339012685882038,0.02219730628035082,-0.0007504246605094522,-0.021869589202105997,0.02279691006988287,0.10130049083717005,9.020437240600586,0.00010635607154083079,0.020061399818562517,-0.00048065185546875,-0.020182004570960997,0.021082302927970892,0.4268017554613339,8.284914016723633,-0.0004871917361199737,0.029138642636085517,-0.00016982904344331473,-0.02236313186585903,0.021477537229657173,0.23563080900639294,10.718039512634277,-1.150654936394172e-05,0.015318040352772023,3.2019641366787255e-05,-0.01612219549715519,0.015968037769198428
F:\Seminario\Seminario-Clustering\datasets\davi\Al Emadi (2019)\Multiclass_Drone_Audio\bebop_1\B_S2_D1_115-bebop_004_.wav,Multiclass_Drone_Audio\bebop_1\B_S2_D1_115-bebop_004_.wav,al_emadi,B_S2_D1_115-bebop_004,0.896,0.8578172952730067,7.283231735229492,-0.002834932922236952,0.5312018805713445,0.0009384024888277054,-0.43886911571025844,0.4451389640569686,0.015419482079607878,7.709516525268555,0.00043569817129024895,0.071218880279887,-0.00036659304169006646,-0.07407991364598274,0.0751863121986389,0.02978149621074494,9.680938720703125,0.0016895727194008885,0.07008480885550845,0.002204889664426446,-0.0875465802848339,0.09043132513761519,0.05410872939114899,10.701303482055664,0.0010051527388908845,0.0668758826920535,0.0010409143287688494,-0.0843200996518135,0.08660731762647632,0.04287299704549155,11.695688247680664,-1.9452452353332847e-05,0.04211857538016193,0.00016456353478133678,-0.05358300358057022,0.052525825798511505
F:\Seminario\Seminario-Clustering\datasets\davi\Al Emadi (2019)\Multiclass_Drone_Audio\unknown\5-214759-B-54.wav,Multiclass_Drone_Audio\unknown\5-214759-B-54.wav,al_emadi,5-214759-B-54,0.95975,0.3187284798372124,8.79879379272461,-3.8232752503935076e-05,0.0010116616767918136,-4.689585693995468e-05,-0.0012618832988664508,0.001295127731282264,0.1121772284766142,8.804924964904785,7.902139753205722e-06,0.000600550502149484,1.1116569567093393e-05,-0.0007888689578976482,0.0007408992096316069,0.22758282803252813,9.32290267944336,-1.333027093427187e-05,0.0006058604899168992,-2.959353423648281e-06,-0.0007577025447972119,0.0007129361736588184,0.23154115508848366,10.792638778686523,6.0223411434445955e-06,0.0004325174751040569,3.891423148161266e-07,-0.0005327450227923692,0.0005621019692625851,0.10997030856516159,11.725646018981934,-3.1607317403310286e-07,0.00021088792233935557,-5.363153832149692e-07,-0.00026231614174321294,0.00026377878384664655
F:\Seminario\Seminario-Clustering\datasets\davi\Al Emadi (2019)\Multiclass_Drone_Audio\bebop_1\B_S2_D1_072-bebop_003_.wav,Multiclass_Drone_Audio\bebop_1\B_S2_D1_072-bebop_003_.wav,al_emadi,B_S2_D1_072-bebop_003,1.024,0.7900196101807895,8.282710075378418,-0.0021774476904928394,0.4080825913365279,-0.005546199157834053,-0.4370761960744858,0.44836469292640696,0.021226653490696468,8.958127975463867,3.83196453150199e-05,0.06689228354571694,-0.0018711844459176064,-0.08171260207891463,0.0858778201043606,0.0418078405734077,9.87586498260498,0.0006343130849465273,0.06647568334812169,0.0021744093392044306,-0.08549282625317572,0.08514474779367447,0.08469209391320574,10.898698806762695,-0.0005584581455490485,0.06695998689737144,-0.0017265921924263239,-0.08316203206777573,0.08553602546453476,0.062253801841900595,11.891605377197266,9.624433469043191e-05,0.040612635889074405,3.274728078395128e-05,-0.05134064853191376,0.05145258605480194
F:\Seminario\Seminario-Clustering\datasets\davi\Al Emadi (2019)\Multiclass_Drone_Audio\unknown\2-165801-A-483.wav,Multiclass_Drone_Audio\unknown\2-165801-A-483.wav,al_emadi,2-165801-A-483,1.0216875,0.8809869065871003,3.512396812438965,-7.095792166483751e-05,0.04272170773786583,-3.932480467483401e-05,-0.006508316611871123,0.007191968569532037,0.09526682003717543,3.5093941688537598,0.00015563675957147992,0.014047812338049073,3.7896179492236115e-06,-0.0018893438624218105,0.001996664050966502,0.01980943746979648,2.7432479858398438,0.00014366071494080444,0.0045353246719183945,4.588451702147722e-06,-0.0005622060620225966,0.0006058151484467091,0.0027765731815069957,6.224931240081787,-1.7742315726112376e-05,0.0012019889416676477,1.4466536413237918e-07,-0.00017410778673365712,0.0001752914948156104,0.0011602627244207873,4.772644996643066,5.11148164795765e-09,0.0005497208506073509,-2.5072313292184845e-07,-3.596707538235933e-05,3.652179366326894e-05
F:\Seminario\Seminario-Clustering\datasets\davi\Al Emadi (2019)\Multiclass_Drone_Audio\unknown\5-217186-A-164.wav,Multiclass_Drone_Audio\unknown\5-217186-A-164.wav,al_emadi,5-217186-A-164,0.95975,0.9081589340639246,8.818277359008789,-0.0015071448992926234,0.18469746945260895,-0.011257925070822239,-0.2253703474998474,0.24570471793413162,0.0765110809254589,8.75448989868164,0.00014703118449123286,0.05361113481341099,-3.956141881644726e-06,-0.06466389819979668,0.0693858452141285,0.013677746365780247,9.792647361755371,0.00010774801533620853,0.016057027608979788,-0.00022126699332147837,-0.02034788839519024,0.020697208121418963,0.0014500373580157823,10.787290573120117,-1.926820388649772e-06,0.0036998223728282017,2.967580803669989e-05,-0.00457967328839004,0.004690926289185884,0.0002022012868205441,11.825419425964355,-2.051977342064559e-07,0.000977385953492485,4.674133379012346e-06,-0.0012713762698695064,0.0012353843776509166
F:\Seminario\Seminario-Clustering\datasets\davi\Al Emadi (2019)\Multiclass_Drone_Audio\unknown\4-161579-B-403.wav,Multiclass_Drone_Audio\unknown\4-161579-B-403.wav,al_emadi,4-161579-B-403,1.0216875,0.7529896875040417,8.976425170898438,0.005817648716876102,0.39765027810578185,-0.01646590419113636,-0.49923522472381593,0.527647286653519,0.17861464819845727,8.739425659179688,0.0008212415426054512,0.19369030208709712,-0.0011367942206561565,-0.2305117219686508,0.23660281747579587,0.052654517258085565,9.856542587280273,0.00032284060268291976,0.0744890719154633,0.0012109990930184722,-0.09345606267452239,0.09352122098207474,0.013088816599050321,10.89303207397461,-0.00012417619304385202,0.026280119604368317,-0.0001706905895844102,-0.03385625891387463,0.0336546290665865,0.002652330440365115,11.829217910766602,-4.094253051985601e-06,0.008368865430748877,-7.825839566066861e-05,-0.010440236888825893,0.010449494048953059
F:\Seminario\Seminario-Clustering\datasets\davi\Al Emadi (2019)\Multiclass_Drone_Audio\membo_1\mixed_membo_57-membo_000_.wav,Multiclass_Drone_Audio\membo_1\mixed_membo_57-membo_000_.wav,al_emadi,mixed_membo_57-membo_000,1.024,0.5603435095495789,8.976572036743164,-0.001644964694628691,0.0664904616845785,-0.0050708509515970945,-0.08831301257014275,0.08667937666177751,0.15852617208460218,8.876084327697754,0.0008529841765372571,0.03536626945735553,0.0021017049439251423,-0.044085117802023885,0.04353880211710931,0.07607650898778162,9.9827880859375,5.610009130297234e-05,0.017354273988873636,-0.00014128378097666427,-0.022389034181833266,0.02283101826906205,0.09871482402577152,10.930635452270508,-8.97598961585208e-05,0.013990106084901754,-1.8751132301986217e-05,-0.017902230843901634,0.01764264889061451,0.10633898535226578,11.935373306274414,3.7281951277633693e-06,0.010272008990176319,-6.110472895670682e-05,-0.012749516405165192,0.01302766315639019
F:\Seminario\Seminario-Clustering\datasets\davi\Al Emadi (2019)\Multiclass_Drone_Audio\unknown\5-233312-A-281.wav,Multiclass_Drone_Audio\unknown\5-233312-A-281.wav,al_emadi,5-233312-A-281,1.0216875,0.8775822567477527,8.896599769592285,-1.7182044184346346e-05,0.020867190658720194,-0.0008585042087361217,-0.02589282616972923,0.025980445556342605,0.09735162666787933,8.584680557250977,-6.091511332539113e-06,0.006950109455896275,6.411274989659432e-05,-0.008470553811639548,0.008135367743670942,0.01579381761735836,9.801149368286133,2.4197707083704476e-05,0.0019826999590574173,4.0265993447974324e-05,-0.0024568908382207153,0.00251501239836216,0.005166725063941442,10.689942359924316,-5.638431443797274e-06,0.0008025016243576681,7.006619853200391e-06,-0.0009727300377562643,0.0009510015777777881,0.004105573903068127,11.434405326843262,-1.8618078026405928e-07,0.0005060654333697506,-2.148641215171665e-06,-0.0005779086146503687,0.0005756738130003215
F:\Seminario\Seminario-Clustering\datasets\davi\Al Emadi (2019)\Multiclass_Drone_Audio\unknown\5-235956-A-473.wav,Multiclass_Drone_Audio\unknown\5-235956-A-473.wav,al_emadi,5-235956-A-473,1.0216875,0.8856376102765777,7.887428283691406,0.0036667943479138125,0.7230682335819996,0.0007649008184671402,-0.7172878623008728,0.6871002674102787,0.07336816410546212,8.951122283935547,-0.006833608061515052,0.20800627483697676,-0.00043866687337867916,-0.28272888362407683,0.25249772369861606,0.03519845178707776,9.862065315246582,-0.00013662314467657524,0.10210425088740692,-0.003764754394069314,-0.12588739395141602,0.13194212317466736,0.005575905552818095,10.917458534240723,4.1197769255005234e-05,0.028756950012426438,-0.00024064944591373205,-0.03660092949867248,0.036827882006764415,0.00021986827806428738,11.897926330566406,4.6143811133588696e-07,0.004039593491619972,6.903515895828605e-06,-0.005053257383406162,0.005092544108629227
F:\Seminario\Seminario-Clustering\datasets\davi\Al Emadi (2019)\Multiclass_Drone_Audio\bebop_1\B_S2_D1_103-bebop_004_.wav,Multiclass_Drone_Audio\bebop_1\B_S2_D1_103-bebop_004_.wav,al_emadi,B_S2_D1_103-bebop_004,0.896,0.8717332953810418,8.359603881835938,0.004323396142551514,0.541047939140165,0.011671768967062235,-0.6041745901107788,0.6269483625888824,0.013100188239405371,8.72174072265625,0.002622588480006544,0.06627607664116902,0.0013067235704511404,-0.08030706718564033,0.08598903343081472,0.02744063890404028,9.748197555541992,-0.002762856820894592,0.06793670472185952,-0.003472670679911971,-0.0885038174688816,0.08575777560472488,0.050186115789098554,10.677888870239258,0.0009857920248975615,0.06507531543445687,0.001154870493337512,-0.08197580277919769,0.08374499082565309,0.037539761686413986,11.74952507019043,-2.338142392811033e-05,0.039821431876713005,-0.00032410430139862,-0.050253044813871384,0.05139806121587753
F:\Seminario\Seminario-Clustering\datasets\davi\Al Emadi (2019)\Multiclass_Drone_Audio\unknown\3-124795-A-282.wav,Multiclass_Drone_Audio\unknown\3-124795-A-282.wav,al_emadi,3-124795-A-282,0.97525,0.9531191551862083,8.0696439743042,1.6976032064874496e-05,0.008280556352165224,0.0,-0.010417013429105282,0.010114175267517567,0.017785853468568116,8.162639617919922,4.7879548908572594e-05,0.0011301466159519945,0.0,-0.0012603765353560448,0.0015029089991003275,0.013994484215547378,8.239356994628906,-9.187033171762455e-06,0.0007105245285793801,0.0,-0.0006615134770981967,0.0006519344169646502,0.009873220791398787,9.339417457580566,2.9446610386033313e-06,0.00042235155517883873,0.0,-0.0003801331185968593,0.00040400899888481945,0.005227286338277423,10.03605842590332,-1.1533814362778053e-08,0.00021740675264233922,0.0,-0.00017505192081443966,0.0001711618737317622
F:\Seminario\Seminario-Clustering\datasets\davi\Al Emadi (2019)\Multiclass_Drone_Audio\unknown\4-150364-B-462.wav,Multiclass_Drone_Audio\unknown\4-150364-B-462.wav,al_emadi,4-150364-B-462,0.97525,0.12581280735934736,8.916807174682617,0.0040704615653381435,0.33083659402502635,-0.011092230677604675,-0.401553213596344,0.4295589327812195,0.34614459840361417,8.731447219848633,-0.0027000807862013016,0.5487916549849265,-0.011965692974627018,-0.6587684750556946,0.6961106061935425,0.3879693761438197,9.44807243347168,-0.0022343827373977154,0.4114588283232149,0.0008063054701779038,-0.46116356551647186,0.46678221225738525,0.12840651248179585,10.578794479370117,4.505425705851036e-05,0.16751197532727652,-0.001891869818791747,-0.20303982496261597,0.19977162033319473,0.01166670561142289,11.620064735412598,9.251524440738063e-06,0.035719561368272146,0.00012581481132656336,-0.04447986483573913,0.04298283457756043
F:\Seminario\Seminario-Clustering\datasets\davi\Al Emadi (2019)\Multiclass_Drone_Audio\membo_1\Membo_2_014-membo_000_.wav,Multiclass_Drone_Audio\membo_1\Membo_2_014-membo_000_.wav,al_emadi,Membo_2_014-membo_000,1.024,0.8930476125529238,8.242757797241211,0.0011446407145042949,0.17841290652543593,0.000139730516821146,-0.19058649390935897,0.1949545904994011,0.009591131860852163,8.973814010620117,5.181354281376116e-05,0.01848975304135792,-0.0003576928866095841,-0.02338991966098547,0.02360902465879917,0.0157012421728654,9.966182708740234,-5.293382446635222e-05,0.016752557726868185,-7.373788685072213e-05,-0.022317317128181458,0.021470564603805545,0.02903799531387208,10.940366744995117,0.00016577327532663484,0.01612248435740808,0.0002234659914392978,-0.020260658115148544,0.020873229950666428,0.05262201809948661,11.862137794494629,1.5817803807478925e-05,0.015354141794535732,-0.00016198480443563312,-0.0193721242249012,0.019421373680233958
F:\Seminario\Seminario-Clustering\datasets\davi\Al Emadi (2019)\Multiclass_Drone_Audio\unknown\2-64963-A-154.wav,Multiclass_Drone_Audio\unknown\2-64963-A-154.wav,al_emadi,2-64963-A-154,0.95975,0.017381188651137296,8.488683700561523,-9.671110603739035e-05,0.0059148160788284245,0.00012527844228316098,-0.007549412315711379,0.007050247397273779,0.03830461234293515,7.964989185333252,5.588832943843423e-05,0.008781653376827073,0.0001206115739478264,-0.00937361503019929,0.009583131410181522,0.37072769300896274,7.611621856689453,-0.0004262677033556748,0.019348837927049077,-1.323654578300193e-05,-0.014611545950174332,0.013318327069282543,0.46537417774082557,6.359819412231445,8.491397864170383e-05,0.015344435135994145,6.58139947518066e-06,-0.007360452692955732,0.007629025960341099,0.10821232825613923,6.734589576721191,-8.314616090031637e-06,0.005234522254235735,-8.11973586678505e-06,-0.0014030352467671037,0.0013867730740457773
F:\Seminario\Seminario-Clustering\datasets\davi\Al Emadi (2019)\Multiclass_Drone_Audio\membo_1\mixed_membo_18-membo_000_.wav,Multiclass_Drone_Audio\membo_1\mixed_membo_18-membo_000_.wav,al_emadi,mixed_membo_18-membo_000,1.024,0.7794538844507644,8.785943984985352,-0.00019264273137505194,0.09566746042020008,-0.003907525911927223,-0.11186523139476776,0.12251325398683548,0.03513906440891439,8.85636043548584,-0.00022206166485755124,0.02031136298272845,-0.00017021568783093244,-0.02583048529922962,0.024620533734560014,0.04081509670189123,9.991443634033203,-3.0525154635632556e-05,0.015502362257570432,-2.5372341042384505e-05,-0.019749406352639196,0.019980437122285366,0.0554519006352012,10.97883129119873,4.163768812243748e-05,0.012787909776475285,0.00022659316891804338,-0.016618873924016953,0.016335640102624893,0.08914005380322881,11.936660766601562,3.4476320568849733e-06,0.011469658477050587,-9.60577599471435e-05,-0.01476529985666275,0.014511909522116185
F:\Seminario\Seminario-Clustering\datasets\davi\Al Emadi (2019)\Multiclass_Drone_Audio\unknown\4-171207-A-123.wav,Multiclass_Drone_Audio\unknown\4-171207-A-123.wav,al_emadi,4-171207-A-123,1.0216875,0.9977763132256802,8.9598970413208,-0.005499336318835863,0.5052618408944802,0.0029880786314606667,-0.690516322851181,0.5920888185501102,0.0009250781559573528,8.568401336669922,0.00013045755616780588,0.015385061984418047,-0.00022180331870913506,-0.01841357685625553,0.018811298534274105,0.00025416902466390465,9.390336990356445,-5.635394002275706e-05,0.005712042004456453,-0.00018069532234221697,-0.00640730457380414,0.006381498277187349,0.00019586786880934314,7.506767749786377,3.391614389032392e-05,0.0035482659676318406,2.272975689265877e-05,-0.002099050208926201,0.002096796641126275,0.0008485717248892761,6.7682390213012695,1.3264186494194067e-05,0.00522478081888516,7.390044629573822e-06,-0.0017130288295447826,0.0016842204378917866
F:\Seminario\Seminario-Clustering\datasets\davi\Al Emadi (2019)\Multiclass_Drone_Audio\unknown\5-215447-A-472.wav,Multiclass_Drone_Audio\unknown\5-215447-A-472.wav,al_emadi,5-215447-A-472,0.97525,0.5001650653573542,8.89016056060791,-0.0035534893452340813,0.10695413442359777,0.0007477737963199615,-0.14089082181453705,0.13096044957637787,0.40746016830980597,8.83561897277832,0.0006273984410643395,0.09658593338273469,0.0020641570445150137,-0.1192888468503952,0.1206059381365776,0.08911604673228514,9.690132141113281,0.0001038476863491148,0.03198940783659687,0.00025817913410719484,-0.03860749304294586,0.03994200564920902,0.0032017048124024987,10.70599365234375,-1.2741105199868207e-07,0.004290811960380126,-4.6690380258951336e-05,-0.005257022334262729,0.005303030833601952,5.7014788152240093e-05,11.846899032592773,1.1846557586525599e-07,0.00040506268982408347,-3.7667487049475312e-06,-0.0005106851574964821,0.0005140561959706248
F:\Seminario\Seminario-Clustering\datasets\davi\Al Emadi (2019)\Multiclass_Drone_Audio\membo_1\Membo_2_019-membo_003_.wav,Multiclass_Drone_Audio\membo_1\Membo_2_019-membo_003_.wav,al_emadi,Membo_2_019-membo_003,1.024,0.923660326724255,8.366130828857422,-0.002687374591483798,0.2176159407481394,-0.006405467167496681,-0.23184193670749664,0.2517502516508103,0.01586301828213468,9.041122436523438,-0.0002664740087161546,0.02851948117559111,-0.0007812019612174481,-0.03707733117043972,0.037847133725881575,0.013008083852533055,10.01291275024414,-0.00010979368076394206,0.018288786162437117,-0.00014339291374199092,-0.023730230331420896,0.02345301639288664,0.02152633926057761,10.904487609863281,0.00024716911852191493,0.01664863528939116,0.00019649103342089802,-0.021144647151231766,0.021392231807112694,0.02594223188049965,11.883045196533203,1.4985985455264168e-06,0.012930504090279587,-0.0001703923917375505,-0.016232301294803617,0.016490436717867853
F:\Seminario\Seminario-Clustering\datasets\davi\Al Emadi (2019)\Multiclass_Drone_Audio\membo_1\mixed_membo_49-membo_002_.wav,Multiclass_Drone_Audio\membo_1\mixed_membo_49-membo_002_.wav,al_emadi,mixed_membo_49-membo_002,1.024,0.04148159866889584,7.564380645751953,0.00012251657649578845,0.03294116014293943,-0.00034184675314463675,-0.028833028487861154,0.02761921882629398,0.4210412243948982,7.067833423614502,0.004275192086500733,0.10486144272926842,0.00015711898595327511,-0.045337361469864834,0.08359570950269704,0.4742925226030088,8.004680633544922,0.0004713170749866422,0.07887655646174219,2.46339914156124e-05,-0.05005093291401862,0.05053725615143777,0.0611244593183563,8.522350311279297,1.3271649571185666e-05,0.020039888619079453,-7.2103721322491765e-06,-0.010327452793717384,0.009361966513097286,0.002060195014840821,9.389780044555664,-1.8808391613775472e-05,0.002602562272174698,-1.5054502000566572e-06,-0.0013967696344479917,0.0011225492227822558
F:\Seminario\Seminario-Clustering\datasets\davi\Al Emadi (2019)\Multiclass_Drone_Audio\unknown\5-233312-A-284.wav,Multiclass_Drone_Audio\unknown\5-233312-A-284.wav,al_emadi,5-233312-A-284,0.95975,0.6524405549571825,7.441699504852295,-0.000974233614981722,0.12793600581077583,-0.0016649917233735323,-0.11967642977833748,0.10159295052289963,0.2881241160224044,7.347665786743164,-0.00017072602595343865,0.08502053597756974,0.0001264058519154787,-0.07329892739653587,0.06651292368769646,0.037189810108587205,8.114301681518555,4.973885769934647e-05,0.021638090912539175,-5.6966131523950025e-05,-0.017481936514377593,0.015068312548100957,0.008809940239110442,8.236303329467773,0.0001812781234474018,0.007450574357505208,7.79719885031227e-05,-0.004214222636073827,0.005125197442248464,0.013435578672715505,8.942900657653809,1.001146139107683e-07,0.006510926214624541,1.1349766282364726e-06,-0.004007971845567226,0.003940885420888662
F:\Seminario\Seminario-Clustering\datasets\davi\Al Emadi (2019)\Multiclass_Drone_Audio\unknown\1-115921-A-224.wav,Multiclass_Drone_Audio\unknown\1-115921-A-224.wav,al_emadi,1-115921-A-224,0.95975,0.24262594247620156,8.804817199707031,-0.00040878490332753146,0.02868175349321654,-0.00693602510727942,-0.03217602148652077,0.04443866200745106,0.14701635323571366,6.654739856719971,-0.0016079657469174366,0.022270756383532656,-0.0007718363776803017,-0.01912661548703909,0.015379233285784721,0.34357802538499604,8.051345825195312,0.0007633540956394191,0.024168547620423635,0.00016513248556293547,-0.020594513043761253,0.02089939713478089,0.23451427906028938,9.292259216308594,-7.680774088999768e-05,0.014136967958736894,-7.869770706747659e-05,-0.012027838546782731,0.012318183202296502,0.03226539984279934,9.859318733215332,2.319624338661627e-06,0.0037096187326582995,-8.663424523547292e-06,-0.002940117847174406,0.0029458552598953247
F:\Seminario\Seminario-Clustering\datasets\davi\Al Emadi (2019)\Multiclass_Drone_Audio\unknown\4-99644-C-40.wav,Multiclass_Drone_Audio\unknown\4-99644-C-40.wav,al_emadi,4-99644-C-40,1.0216875,0.0008161721415073055,8.839186668395996,-2.3867541474311935e-06,0.014529011236122723,-0.0007348638027906418,-0.017505239881575107,0.018833154812455177,0.07054199325035147,8.217893600463867,0.0017231003802892768,0.13506216743253693,-0.0010158009245060384,-0.152803036570549,0.15618577748537069,0.428873056215639,8.993234634399414,-0.011304523482937886,0.23563290677659054,0.004593529738485813,-0.26743019819259645,0.23497081100940703,0.4864551863209565,9.987298965454102,0.00010649935076624758,0.17778506468685346,-3.454981924733147e-05,-0.1819762885570526,0.18714654743671424,0.013313592071545739,10.9762601852417,-8.819552948544714e-07,0.020806180795124862,-8.525623707100749e-05,-0.022299614548683164,0.021748476102948205
F:\Seminario\Seminario-Clustering\datasets\davi\Al Emadi (2019)\Multiclass_Drone_Audio\membo_1\mixed_membo_33-membo_002_.wav,Multiclass_Drone_Audio\membo_1\mixed_membo_33-membo_002_.wav,al_emadi,mixed_membo_33-membo_002,1.024,0.4054711800781408,9.007858276367188,8.038565114104342e-05,0.20095412567779616,0.006508802063763142,-0.26129846572875975,0.2570207476615906,0.13478991465078596,8.985595703125,0.005909457830463545,0.1157124332590049,0.007674798835068941,-0.14060074090957642,0.15286908000707627,0.12124751037793224,9.960453033447266,0.002261015579782058,0.07778366036374987,0.0015003535081632435,-0.09665501564741134,0.10119354724884035,0.17287333584028214,10.941816329956055,-0.0006947629968312836,0.06575525304969926,0.00015434058150276542,-0.0867842361330986,0.082971952855587,0.16561805905285884,11.95371150970459,-0.00016160704204076082,0.045531526053176966,0.0004929931019432843,-0.05954899042844772,0.058467360585927976
F:\Seminario\Seminario-Clustering\datasets\davi\Al Emadi (2019)\Multiclass_Drone_Audio\membo_1\Membo_0_005-membo_001_.wav,Multiclass_Drone_Audio\membo_1\Membo_0_005-membo_001_.wav,al_emadi,Membo_0_005-membo_001,1.024,0.7212455317951838,8.966474533081055,0.0026111664663032784,0.08841886475114279,0.0022450218675658107,-0.1090459682047367,0.10637538582086563,0.0715431560816072,9.074132919311523,-0.00011511680648042776,0.02785948055650769,0.00043584984086919576,-0.037159223854541776,0.03582711070775986,0.05281585315388291,9.95388126373291,-3.2166064579829668e-06,0.016950918502777395,5.035166395828128e-05,-0.022350747510790824,0.022060464695096017,0.07586807216891545,10.886922836303711,-0.0003186264301548203,0.014374384496265906,-0.00035047452547587454,-0.018687620759010315,0.018055381253361702,0.07852738680041063,11.921163558959961,-1.822329947731402e-06,0.01034778505445493,-6.708025466650724e-06,-0.013195400685071945,0.013143858872354032
F:\Seminario\Seminario-Clustering\datasets\davi\Al Emadi (2019)\Multiclass_Drone_Audio\membo_1\Membo_1_041-membo_003_.wav,Multiclass_Drone_Audio\membo_1\Membo_1_041-membo_003_.wav,al_emadi,Membo_1_041-membo_003,1.024,0.4002763580276129,9.382829666137695,-0.0002788822071681034,0.07224930112814125,-0.0001458639744669199,-0.09526018276810645,0.09625078812241554,0.03871240851324651,8.932236671447754,-0.00010017159501445543,0.022468686578813724,0.00022426011855714023,-0.029453274980187412,0.028221137635409836,0.09874747057936205,10.010101318359375,0.0007942531702639946,0.025399551259057216,0.00106777687324211,-0.03186039514839649,0.0339741013944149,0.20510324461183008,10.833869934082031,-0.0002295884819282406,0.02591790269285489,-0.00024700668291188776,-0.03301125764846802,0.032032452523708344,0.25716051826794845,11.764864921569824,8.72828498183107e-06,0.020530671597312814,-0.0001335580600425601,-0.025068067759275437,0.0253873385488987
F:\Seminario\Seminario-Clustering\datasets\davi\Al Emadi (2019)\Multiclass_Drone_Audio\bebop_1\B_S2_D1_107-bebop_003_.wav,Multiclass_Drone_Audio\bebop_1\B_S2_D1_107-bebop_003_.wav,al_emadi,B_S2_D1_107-bebop_003,1.024,0.10440822869647486,8.928601264953613,-0.0006352482436482515,0.07292686354866237,-0.0031737288227304816,-0.0888652890920639,0.09400722458958626,0.05893490595338658,8.957784652709961,-0.0010835859491670667,0.05478201654296766,-0.0036017304519191384,-0.07218593209981918,0.07005880549550057,0.19693257371967757,9.931740760803223,-0.00031489225666350647,0.07092666301290253,-0.0005138619162607938,-0.09242236614227294,0.09110841676592828,0.37971825195824166,10.979297637939453,-0.0015282585295667212,0.06968458252828641,-0.0012439326383173466,-0.08961672335863113,0.08802556246519089,0.26000603967221936,11.958596229553223,0.0002491033100542587,0.0408003982111878,0.0008690509712323546,-0.05247329771518707,0.052642241865396504
F:\Seminario\Seminario-Clustering\datasets\davi\Al Emadi (2019)\Multiclass_Drone_Audio\unknown\1-67152-A-174.wav,Multiclass_Drone_Audio\unknown\1-67152-A-174.wav,al_emadi,1-67152-A-174,0.95975,0.0,-0.0,0.0,0.0,0.0,0.0,0.0,0.0,-0.0,0.0,0.0,0.0,0.0,0.0,0.0,-0.0,0.0,0.0,0.0,0.0,0.0,0.0,-0.0,0.0,0.0,0.0,0.0,0.0,0.0,-0.0,0.0,0.0,0.0,0.0,0.0
F:\Seminario\Seminario-Clustering\datasets\davi\Al Emadi (2019)\Multiclass_Drone_Audio\unknown\1-51170-A-182.wav,Multiclass_Drone_Audio\unknown\1-51170-A-182.wav,al_emadi,1-51170-A-182,0.97525,0.03180783144664822,8.810503959655762,0.004738800016646705,0.08429357450812727,6.924942135810852e-05,-0.09854891151189804,0.11290062218904495,0.10644615893091358,8.511743545532227,-0.002798023911643485,0.15442100243987986,0.0007008597603999078,-0.1835559904575348,0.17691835761070251,0.3460366192544381,9.376258850097656,0.005731838745080091,0.1971243366156858,0.0022511231945827603,-0.21928711980581284,0.232417494058609,0.3275325881485842,10.636503219604492,-0.0031078084620789715,0.13573582709174412,-0.0025902139022946358,-0.16623682528734207,0.16173475980758667,0.18817680221941585,11.65972900390625,-0.00022051516974266246,0.07280174174498587,-0.00026617664843797684,-0.0888104036450386,0.0899670779705048
F:\Seminario\Seminario-Clustering\datasets\davi\Al Emadi (2019)\Multiclass_Drone_Audio\membo_1\mixed_membo_38-membo_002_.wav,Multiclass_Drone_Audio\membo_1\mixed_membo_38-membo_002_.wav,al_emadi,mixed_membo_38-membo_002,1.024,0.6445486363962789,8.438163757324219,-0.0009915475897463851,0.069640791619659,-0.004328449023887515,-0.07635811492800712,0.07842009365558625,0.0426619088449434,9.0460786819458,2.5158446170254024e-05,0.017918414889332466,0.0005291195993777364,-0.022978374175727366,0.024260104261338712,0.09294993162790026,10.055849075317383,-0.00014807780009368842,0.018728769723377565,-0.0003652331652119756,-0.02461432944983244,0.02460822612047196,0.10458480509613884,10.874380111694336,-3.173261711120919e-05,0.014060047782094378,0.0003474326804280281,-0.01826869323849678,0.017260059714317322,0.1152547180347386,11.570244789123535,-1.942674911552231e-06,0.010441270795104991,2.5609275326132774e-05,-0.012618562206625938,0.012770578823983669
F:\Seminario\Seminario-Clustering\datasets\davi\Al Emadi (2019)\Multiclass_Drone_Audio\membo_1\mixed_membo_45-membo_002_.wav,Multiclass_Drone_Audio\membo_1\mixed_membo_45-membo_002_.wav,al_emadi,mixed_membo_45-membo_002,1.024,0.7899310758095915,7.885772228240967,0.00020388691856760928,0.10827991283254117,0.0018266277038492262,-0.09747913777828215,0.10694525986909868,0.015355025214548493,8.761996269226074,3.716376517137549e-05,0.01509656083000175,7.380683382507414e-05,-0.018803406320512295,0.01837764345109463,0.03735395194744503,9.786760330200195,-0.00032206648186135353,0.016670925449349498,-0.00012950443488080055,-0.02169387564063072,0.019981116428971293,0.06357703715402949,10.781373023986816,-0.00016922539473936859,0.015394007930173717,1.548189902678132e-05,-0.01965978555381298,0.018886854872107506,0.09378290987438544,11.711586952209473,-1.4231863756868711e-05,0.013226952811704539,0.00011656347487587482,-0.016067131608724593,0.015964305028319362
F:\Seminario\Seminario-Clustering\datasets\davi\Al Emadi (2019)\Multiclass_Drone_Audio\unknown\2-108767-B-92.wav,Multiclass_Drone_Audio\unknown\2-108767-B-92.wav,al_emadi,2-108767-B-92,0.97525,0.2834462871350203,8.921760559082031,6.961941108616424e-06,0.031507674601554,-0.0008149431087076664,-0.04009060189127922,0.04083633050322533,0.3264861610335323,8.808399200439453,-0.0004680467017120625,0.03381207005375742,-0.0006835582898929715,-0.04303259775042534,0.042722221463918686,0.3188352817224327,8.922096252441406,-0.0002855680893543387,0.023663699462785286,-0.00044039047497790307,-0.025440228171646595,0.023684805259108543,0.06570756244555402,8.939674377441406,6.517048463665681e-06,0.007602507890816283,0.00010759873111965135,-0.006201788084581494,0.00625721993856132,0.005524707663460723,11.424942970275879,1.9722936139808387e-05,0.0015593691719955052,1.8790422473102808e-05,-0.0017870945390313863,0.0018288155086338524
F:\Seminario\Seminario-Clustering\datasets\davi\Al Emadi (2019)\Multiclass_Drone_Audio\unknown\1-17585-A-71.wav,Multiclass_Drone_Audio\unknown\1-17585-A-71.wav,al_emadi,1-17585-A-71,1.0216875,0.528867594964804,8.538745880126953,7.083801611993418e-05,0.10861609438010657,0.0021296117920428514,-0.1269565060734749,0.12989927828311923,0.30048864546271276,8.473089218139648,0.00024985980012264745,0.08187151479185058,-0.00040138931944966316,-0.0945535957813263,0.0868785433471203,0.09978029883749247,9.242725372314453,0.0006090576395842057,0.033411550596415644,-0.0003462776367086917,-0.03381291776895523,0.0378878116607666,0.050670902125380245,9.748774528503418,-0.0001864735615019379,0.016850091586031374,-0.00019486690871417522,-0.015520769916474818,0.015233531221747398,0.02019255860961058,11.095925331115723,7.731076964753131e-06,0.007525161207108848,-5.864870036020875e-05,-0.007635059021413326,0.007695301901549103
F:\Seminario\Seminario-Clustering\datasets\davi\Al Emadi (2019)\Multiclass_Drone_Audio\unknown\2-32515-B-40.wav,Multiclass_Drone_Audio\unknown\2-32515-B-40.wav,al_emadi,2-32515-B-40,1.0216875,0.8208168674207181,8.915237426757812,-0.0013647967195754384,0.8355425716537501,-0.04192849062383175,-1.026922059059143,1.1079136013984683,0.013111225248121883,6.888182640075684,-0.0004549952345804659,0.10559993244616389,2.6741065084934235e-05,-0.07510798275470734,0.076188363134861,0.04975273201721867,6.504946231842041,0.0003124877231228181,0.14570655351793713,-0.0007630214677192271,-0.044688951969146726,0.04197100698947907,0.1096835782518963,7.57100772857666,-3.1642844891783306e-05,0.1530895525188144,0.00014810124412178993,-0.029303420335054398,0.028389676287770275,0.0066355970620450636,8.5821533203125,-5.448987822627019e-06,0.02663701660254899,4.198076203465462e-05,-0.005636453442275524,0.005693396180868149
F:\Seminario\Seminario-Clustering\datasets\davi\Al Emadi (2019)\Multiclass_Drone_Audio\unknown\3-103051-C-193.wav,Multiclass_Drone_Audio\unknown\3-103051-C-193.wav,al_emadi,3-103051-C-193,1.0216875,0.9069713967431542,8.523359298706055,0.013679074186125973,0.07293355071530065,0.014483818784356117,-0.06957699507474899,0.09710271432995798,0.08301191787784819,8.514898300170898,0.00018705581769538348,0.022448793705897384,0.0005001752870157361,-0.0259357251226902,0.025061573646962654,0.009540342151832288,9.706376075744629,3.024539654941415e-06,0.0053907020668357035,3.701160676428117e-05,-0.006634154729545117,0.006575570348650217,0.0003691442580860496,10.784366607666016,-3.531665021989283e-08,0.0007503513183391155,-6.658348866039887e-06,-0.0009219785337336361,0.0009358855080790819,0.00010719896907927337,11.929676055908203,-8.689182090089035e-07,0.0002860425985394552,2.5698172976262867e-06,-0.00036493522929959,0.0003645440505351872
F:\Seminario\Seminario-Clustering\datasets\davi\Al Emadi (2019)\Multiclass_Drone_Audio\unknown\1-97392-A-02.wav,Multiclass_Drone_Audio\unknown\1-97392-A-02.wav,al_emadi,1-97392-A-02,0.97525,0.006295550088810628,6.021759510040283,-4.736517119096584e-06,0.03009820485475748,0.0,-0.008271757513284683,0.007825512439012527,0.5629565647321739,5.80015754699707,-0.013324177885730263,0.2843051791036361,0.0,-0.04965658858418465,0.060443516820669174,0.32560029352283315,6.823996543884277,-0.0004091522856686531,0.1532902947951545,0.0,-0.03693056106567383,0.040878213942050934,0.10032795325227559,8.03925609588623,-3.8510531635813845e-05,0.06021476844417819,0.0,-0.012164483312517405,0.01232399232685566,0.004819638403906761,8.908833503723145,2.7767639632061484e-06,0.009336390839679173,0.0,-0.0022697188425809143,0.002086384780704976
F:\Seminario\Seminario-Clustering\datasets\davi\Al Emadi (2019)\Multiclass_Drone_Audio\unknown\5-187201-A-44.wav,Multiclass_Drone_Audio\unknown\5-187201-A-44.wav,al_emadi,5-187201-A-44,0.95975,0.528439239738389,8.800485610961914,0.005700295847068362,0.15999346341390627,0.008959221187978983,-0.20135843008756638,0.19569071382284164,0.005202276083581687,7.217580318450928,7.210390615893054e-06,0.015884620450755782,-0.00017356721218675375,-0.01229284843429923,0.011769088450819254,0.028077310119178495,7.831656455993652,3.3832843398052424e-05,0.02614151573506851,0.00013722694711759686,-0.014577706344425678,0.01807183921337131,0.38991990832022944,8.459596633911133,-7.235582513603882e-05,0.06893892511409212,0.00011765651288442314,-0.033871928602457045,0.03305122815072537,0.048361265738621435,9.407034873962402,4.303526296898511e-06,0.017175471988735688,-1.6222940757870674e-05,-0.007476496510207653,0.007612019311636686
F:\Seminario\Seminario-Clustering\datasets\davi\Al Emadi (2019)\Multiclass_Drone_Audio\unknown\3-51909-B-420.wav,Multiclass_Drone_Audio\unknown\3-51909-B-420.wav,al_emadi,3-51909-B-420,1.0216875,0.6964369776058303,9.345706939697266,0.028081285241802843,1.992001635257209,-0.0490761399269104,-2.6272433042526244,2.760525393486023,0.24395066558311143,9.101186752319336,-0.004640824165320249,1.1790699245335523,0.013391120359301567,-1.5924583077430725,1.6417776346206665,0.04936917283657999,10.049843788146973,-0.0005888962468678716,0.37570320960145576,0.00526423379778862,-0.5158905148506164,0.4809924602508545,0.009516425484831703,10.96739387512207,0.000643505880111061,0.11672153685326382,0.0028881144244223833,-0.15098716765642164,0.1493799850344658,0.0007267584896465751,11.760709762573242,3.424885771201437e-06,0.022818471506761747,-2.1719373762607574e-05,-0.0283528171479702,0.028721851855516435
F:\Seminario\Seminario-Clustering\datasets\davi\Al Emadi (2019)\Multiclass_Drone_Audio\unknown\1-47819-A-52.wav,Multiclass_Drone_Audio\unknown\1-47819-A-52.wav,al_emadi,1-47819-A-52,0.97525,0.759846750368882,8.869243621826172,-1.44865681508603e-05,0.006165740311533915,6.630260031670332e-06,-0.00787544995546341,0.007451687939465046,0.07778520521569803,8.851116180419922,-9.586723258883325e-05,0.0019704185612860648,-7.091423321980983e-05,-0.0025573857128620148,0.002348358044400811,0.060865137416680586,9.842588424682617,4.36351081446024e-05,0.0012350567331479083,4.614161116478499e-05,-0.0014848622377030551,0.001629411242902279,0.057441610087434224,10.885847091674805,-7.764420762303699e-06,0.0008495461241479818,-7.331963843171252e-06,-0.0011104976874776185,0.001076503423973918,0.044061296911305094,11.869139671325684,-2.2897140450223675e-06,0.0005263758811101671,-1.2467990018194541e-07,-0.0006783341988921165,0.0006643323577009141
F:\Seminario\Seminario-Clustering\datasets\davi\Al Emadi (2019)\Multiclass_Drone_Audio\unknown\4-205526-B-233.wav,Multiclass_Drone_Audio\unknown\4-205526-B-233.wav,al_emadi,4-205526-B-233,1.0216875,0.054217220767923395,7.801046371459961,0.0013109488770986749,0.03645893734714887,-0.0009443317539989948,-0.035665088891983034,0.037713092193007475,0.2692143162051222,7.689483642578125,-0.001977918288796861,0.08127115881590677,-0.002818865003064275,-0.07591438814997672,0.06605115681886678,0.5332094015414973,8.584196090698242,3.0228613116805704e-05,0.08103831080722503,-0.001140474691055715,-0.06629535853862761,0.0653849557042122,0.10833122802572265,9.394025802612305,8.307416578401156e-05,0.02584754267845981,-6.359363396768458e-05,-0.020967397093772887,0.02101431824266911,0.03502783345973445,10.728372573852539,2.2635260719703993e-06,0.01039733719491471,-2.7901942303287797e-05,-0.009270080178976058,0.009290974028408535
F:\Seminario\Seminario-Clustering\datasets\davi\Al Emadi (2019)\Multiclass_Drone_Audio\unknown\3-125548-A-321.wav,Multiclass_Drone_Audio\unknown\3-125548-A-321.wav,al_emadi,3-125548-A-321,1.0216875,0.07781011365772122,8.904404640197754,8.237649437808114e-05,0.0035937448341944417,0.00016674750804668292,-0.0046029852237552404,0.004477887228131295,0.10334380078837269,7.161258220672607,-2.0745260127584978e-05,0.004142667240353584,-1.2956478258274728e-05,-0.0032961037941277027,0.0032477600499987627,0.4383542967201967,7.523574352264404,9.677544888494161e-05,0.006042627132814547,5.8028570492751896e-05,-0.004073291830718517,0.004588495381176472,0.317826796689265,8.895133972167969,-1.882307796345415e-05,0.0036413420552260647,-1.908893523250299e-07,-0.0026128488359972836,0.0025783243821933866,0.06266499214444438,9.760736465454102,-7.002773951872605e-06,0.0011437923810786788,-2.2868225642014295e-06,-0.0007902793469838798,0.0007797855301760144
F:\Seminario\Seminario-Clustering\datasets\davi\Al Emadi (2019)\Multiclass_Drone_Audio\unknown\1-32373-A-351.wav,Multiclass_Drone_Audio\unknown\1-32373-A-351.wav,al_emadi,1-32373-A-351,1.0216875,0.8847520061795419,8.99622917175293,0.0020667350550222026,0.7121468344825521,0.03847530856728554,-0.9569872319698334,0.9489763796329502,0.03922162110471352,8.96560287475586,-0.0004393299946430998,0.14994138046863717,-0.001986228977330029,-0.189540459215641,0.1951753631234169,0.029202125020894348,9.870986938476562,0.000620034189118466,0.09163965617008635,0.0004325790796428919,-0.11523770242929458,0.11533548533916474,0.024309492470062213,10.46319580078125,0.0001819333646632583,0.05916641168470117,0.0006125181680545211,-0.06760861501097679,0.06893191412091255,0.02251475522478804,11.182971954345703,-8.502002289261937e-05,0.04028030839604226,8.43853922560811e-06,-0.04314164072275162,0.04356730356812482
F:\Seminario\Seminario-Clustering\datasets\davi\Al Emadi (2019)\Multiclass_Drone_Audio\unknown\1-54918-A-143.wav,Multiclass_Drone_Audio\unknown\1-54918-A-143.wav,al_emadi,1-54918-A-143,1.0216875,0.08694053530768502,8.90322494506836,-0.0009602531231305624,0.06249830492340515,0.002341930870898068,-0.0828006997704506,0.07817236930131913,0.011674887802043286,8.45832347869873,3.866348443641182e-05,0.022905199911195544,3.288521838840097e-05,-0.02580397091805935,0.026281154714524767,0.002888731624684301,9.044925689697266,-0.0001391743092425735,0.008069059673030333,-0.00014955466031096876,-0.008309943228960037,0.007845981419086457,0.061981874974868754,9.726018905639648,-0.0015984649821858597,0.026404324853584495,-0.00031331079662777483,-0.028507936000823974,0.023138554394245153,0.8365139702907186,11.56434440612793,2.4528754268615454e-06,0.06874553192177121,0.000290964002488181,-0.07991469651460648,0.07940692901611336
F:\Seminario\Seminario-Clustering\datasets\davi\Al Emadi (2019)\Multiclass_Drone_Audio\unknown\5-233312-A-283.wav,Multiclass_Drone_Audio\unknown\5-233312-A-283.wav,al_emadi,5-233312-A-283,1.0216875,0.6976389246706645,8.51118278503418,-0.0005175239350583317,0.14124357541084778,-0.006713410373777151,-0.1706850290298462,0.1786440685391426,0.25488126984854914,8.232316017150879,0.0003486958587216485,0.08537321277393731,-0.0001104525726987049,-0.09609080776572226,0.10475556850433351,0.028325331205800334,8.963794708251953,8.24591487718557e-05,0.020158849323968525,-3.567909880075604e-05,-0.022040892764925955,0.02062201946973801,0.006745091332195264,9.664013862609863,2.7393650447744135e-05,0.006961063326204163,-3.809486952377483e-05,-0.006750398641452193,0.006959206657484175,0.012409382942790786,10.944900512695312,3.9292698115975585e-06,0.006679298655922388,3.771630872506648e-05,-0.006889934744685888,0.006864630337804556
F:\Seminario\Seminario-Clustering\datasets\davi\Al Emadi (2019)\Multiclass_Drone_Audio\unknown\1-115521-A-190.wav,Multiclass_Drone_Audio\unknown\1-115521-A-190.wav,al_emadi,1-115521-A-190,1.0216875,0.9716422846252004,6.95345401763916,0.0003674575080098548,0.3812388369577032,0.0008123042061924934,-0.288299897313118,0.3064124643802643,0.02210411907239086,8.209769248962402,-4.698041734079095e-05,0.05750168893283089,-0.0002591642551124096,-0.0587992113083601,0.05905812643468384,0.00558904523196927,8.955169677734375,0.00015652467839192237,0.02047980512638714,2.3361964849755168e-05,-0.020665642619132996,0.020877290889620783,0.0006527823427895987,9.955461502075195,3.3697389569071214e-06,0.004952870756501588,1.899461494758725e-05,-0.004759053606539965,0.004891484277322889,1.1768727649882397e-05,10.741447448730469,-3.179762512847309e-07,0.00047044443628350963,-2.2455960788647644e-06,-0.0004480612522456795,0.00044180958066135655
F:\Seminario\Seminario-Clustering\datasets\davi\Al Emadi (2019)\Multiclass_Drone_Audio\bebop_1\B_S2_D1_076-bebop_004_.wav,Multiclass_Drone_Audio\bebop_1\B_S2_D1_076-bebop_004_.wav,al_emadi,B_S2_D1_076-bebop_004,0.896,0.2271725133395067,8.631648063659668,0.00021796120808742725,0.10585080253777263,0.0005314953159540892,-0.13219625204801558,0.12496796697378154,0.04951968901090979,8.707144737243652,0.0019653907894702036,0.049381291840785865,0.0019383742474019527,-0.06126831918954849,0.06357607841491698,0.18169596889646064,9.705110549926758,0.00037208596488696706,0.06704888432674028,0.0011508152238093317,-0.08673680499196053,0.0873725987970829,0.29826819484189093,10.738872528076172,0.0006461937682245845,0.060801273415972905,-0.0003078574954997748,-0.07576576620340347,0.0779090195894242,0.24334363391123195,11.756863594055176,-0.00012794797453641194,0.03885422325570352,-0.0004861907509621233,-0.05025758221745491,0.04964221268892288
F:\Seminario\Seminario-Clustering\datasets\davi\Al Emadi (2019)\Multiclass_Drone_Audio\bebop_1\mixed_16-bebop_004_.wav,Multiclass_Drone_Audio\bebop_1\mixed_16-bebop_004_.wav,al_emadi,mixed_16-bebop_004,1.024,0.6480126798444312,8.333434104919434,-0.0006648779150496409,0.15949338890103085,-0.005400222493335605,-0.18348323702812194,0.17859775722026827,0.02338843523787158,8.907886505126953,-0.0005760651065235295,0.0302954061391036,-0.0017495641950517893,-0.03698522597551346,0.03689430691301823,0.08500017668090983,9.95712947845459,0.0005240097943879415,0.040902266909511084,0.0003424450696911663,-0.04990945942699909,0.05393287725746632,0.14100452405580646,10.939075469970703,0.00016460854348300156,0.03728556413457935,-7.205863948911428e-05,-0.04701341316103935,0.048693589866161346,0.10259418418098092,11.952422142028809,-5.918584229764679e-07,0.02249884541948288,-0.00010373792611062527,-0.028824058175086976,0.028983774408698086
F:\Seminario\Seminario-Clustering\datasets\davi\Al Emadi (2019)\Multiclass_Drone_Audio\unknown\1-17367-A-101.wav,Multiclass_Drone_Audio\unknown\1-17367-A-101.wav,al_emadi,1-17367-A-101,1.0216875,0.044990260352377826,8.522581100463867,-2.7776845553726798e-06,0.08086221168630732,0.0005606489721685648,-0.10000356510281563,0.09326813593506814,0.04265118488407506,8.695796966552734,-0.0014533840995445007,0.07871869769702464,-0.0016659923712722957,-0.09836503863334656,0.09033197015523911,0.3208970566277299,9.914277076721191,-0.0020985615176315523,0.15295157211849802,-0.005717084743082523,-0.1939465194940567,0.19153883457183843,0.4325267565834666,10.638811111450195,0.0014928358772627096,0.12565823598355882,0.0011287863017059863,-0.14634742885828017,0.15337229520082477,0.15893474155235063,11.86312484741211,2.4849098047190428e-05,0.05388840093106356,-0.0005304183578118682,-0.06764141023159027,0.06783289760351183
F:\Seminario\Seminario-Clustering\datasets\davi\Al Emadi (2019)\Multiclass_Drone_Audio\bebop_1\B_S2_D1_122-bebop_002_.wav,Multiclass_Drone_Audio\bebop_1\B_S2_D1_122-bebop_002_.wav,al_emadi,B_S2_D1_122-bebop_002,1.024,0.7612445414902123,8.579872131347656,-0.00071285366175642,0.3549660835555761,0.00385811785236001,-0.44022181332111354,0.409763577580452,0.017767090198148906,8.888113975524902,0.0008302278213431263,0.05422291671671617,-0.0013422127231024206,-0.06660770550370217,0.07072400078177452,0.04834839402818054,9.935858726501465,0.001152198646108084,0.06333783295365461,0.0016012195264920592,-0.07855578139424324,0.08365459889173511,0.09800231671958896,10.919107437133789,0.0001354465235645629,0.06382878048165967,7.399520836770535e-05,-0.07972507178783417,0.08194804191589355,0.07463765756386928,11.90951156616211,-0.0001510075903836086,0.03940447690269857,-0.00044211605563759804,-0.0507332906126976,0.04910418540239336
F:\Seminario\Seminario-Clustering\datasets\davi\Al Emadi (2019)\Multiclass_Drone_Audio\unknown\2-122104-A-03.wav,Multiclass_Drone_Audio\unknown\2-122104-A-03.wav,al_emadi,2-122104-A-03,1.0216875,0.4130354214482961,6.0134053230285645,0.0007584629583521067,0.18841771942859645,0.0010699451668187976,-0.030809925869107246,0.03046429231762895,0.4805489422467824,6.264465808868408,0.0024806480125391553,0.20322077320602722,0.0003471693198662251,-0.012954548373818396,0.017346671037375947,0.10289065085496606,7.238274574279785,4.925503292055982e-05,0.06661085778522027,4.689526122092502e-06,-0.005222369078546761,0.005772591009736065,0.0034224353950152004,8.254189491271973,5.593976367456419e-06,0.008596623615455556,1.1276307304797228e-05,-0.0007812182593625038,0.0008458781579975044,0.00010255005494024215,9.30009937286377,-3.528437071180733e-06,0.0010526807468862664,-9.368832252221182e-07,-0.00018172437557950616,0.00017300258623436136
F:\Seminario\Seminario-Clustering\datasets\davi\Al Emadi (2019)\Multiclass_Drone_Audio\bebop_1\B_S2_D1_087-bebop_001_.wav,Multiclass_Drone_Audio\bebop_1\B_S2_D1_087-bebop_001_.wav,al_emadi,B_S2_D1_087-bebop_001,1.024,0.7987238803375002,8.417274475097656,-0.0006062797467378013,0.41468605453268526,-0.004233924672007561,-0.4796320885419846,0.4872319579124451,0.017267587584845853,8.874975204467773,-0.0007327984556221196,0.0609685761696838,0.0006288474542088807,-0.07863693535327912,0.07953524217009544,0.04462064555013249,9.927931785583496,-0.002417578929771967,0.06936562306267872,-0.002001774380914867,-0.0950690470635891,0.08634729385375978,0.0800750004188963,10.92973518371582,-0.00036498789799272954,0.06580169849378577,-0.00035122723784297705,-0.0852496474981308,0.0836978629231453,0.059312886108625194,11.94614028930664,0.00011530222194675404,0.04006253576162735,0.00015608780086040497,-0.05086638554930687,0.05124638825654984
F:\Seminario\Seminario-Clustering\datasets\davi\Al Emadi (2019)\Multiclass_Drone_Audio\unknown\5-103415-A-24.wav,Multiclass_Drone_Audio\unknown\5-103415-A-24.wav,al_emadi,5-103415-A-24,0.95975,0.18225983249384475,8.505245208740234,0.0017079655589597536,0.40922107065599833,-0.0006500420859083533,-0.5223329961299896,0.5141953229904175,0.29777886406674287,8.292163848876953,0.00179762674089254,0.5230710343218009,-0.004352281801402569,-0.6398889720439911,0.6349529027938843,0.46608308978746504,9.263467788696289,0.0009310396798367025,0.4635752811670996,0.002083322498947382,-0.5553194761276244,0.5492039322853092,0.04468187205491828,10.029378890991211,0.0007627428955632587,0.10157026888791142,-0.00034252722980454564,-0.11192352101206779,0.11448295563459403,0.00919634159702902,10.456609725952148,-2.9548217791718175e-05,0.03259893042891543,6.088067311793566e-05,-0.029611116275191307,0.029436634853482246
F:\Seminario\Seminario-Clustering\datasets\davi\Al Emadi (2019)\Multiclass_Drone_Audio\bebop_1\mixed_12-bebop_004_.wav,Multiclass_Drone_Audio\bebop_1\mixed_12-bebop_004_.wav,al_emadi,mixed_12-bebop_004,0.904,0.842429837501798,8.6826753616333,-0.004606924210879747,0.3700188766556579,-0.03217927739024162,-0.44273380041122434,0.49051358699798586,0.04600399719233311,8.768051147460938,0.000907535332633735,0.08646981585836822,0.0037909243255853653,-0.11029727607965469,0.11153950840234757,0.040218164769196284,9.7802152633667,-0.00013930278672934782,0.05726675333634692,-0.001306919555645436,-0.07294345870614052,0.0761353023350239,0.04276938415527608,10.745576858520508,-0.0003182798147430318,0.041797567694844266,0.0004693058435805142,-0.053661808371543884,0.05216016247868538,0.028578616381396544,11.740338325500488,-6.489098761754456e-05,0.024171919423751707,0.0002937887911684811,-0.031106221303343767,0.03051978051662445
F:\Seminario\Seminario-Clustering\datasets\davi\Al Emadi (2019)\Multiclass_Drone_Audio\unknown\5-242711-A-91.wav,Multiclass_Drone_Audio\unknown\5-242711-A-91.wav,al_emadi,5-242711-A-91,1.0216875,0.8332387392631491,8.911352157592773,0.0006280021225817951,0.03338006674362145,0.002729431027546525,-0.04323438443243503,0.041504106298089025,0.05451972179425732,8.608403205871582,-0.00017759414289338272,0.00853811940362685,-0.00021537441352847964,-0.010534233693033457,0.010188528802245855,0.06671972234960147,9.349485397338867,0.00012657983246915726,0.0066904343929236314,7.253779040183872e-05,-0.0072348940186202524,0.007426817901432514,0.025785137758193546,10.143936157226562,-2.780720925180301e-05,0.0029435637257321044,-4.175751018919982e-05,-0.0030428125988692044,0.0030153298983350402,0.019736678834798595,10.514608383178711,-1.8104800598344926e-07,0.0018218639551962296,-8.048689778661355e-06,-0.0014289287850260733,0.0014178094454109684
F:\Seminario\Seminario-Clustering\datasets\davi\Al Emadi (2019)\Multiclass_Drone_Audio\unknown\2-209478-A-254.wav,Multiclass_Drone_Audio\unknown\2-209478-A-254.wav,al_emadi,2-209478-A-254,0.95975,0.617041575897048,6.1656999588012695,-0.034489173424048405,0.1783669605530365,-0.03541001304984093,-0.13235639780759811,0.066518634557724,0.23591434934706426,6.2046308517456055,0.0040880213915974175,0.11225800229268211,0.0008071813790593296,-0.05830276012420654,0.07386445254087448,0.07231302358350432,6.541445732116699,0.0001260978465955765,0.04405625475683183,0.00028706766897812486,-0.026535211876034737,0.025801040604710605,0.053721669779979137,6.2740654945373535,-0.00019575815338193045,0.02687125884453016,0.00011433948020567186,-0.013578717410564422,0.012576741166412839,0.021009381392404273,8.68267822265625,-1.9822337519896297e-05,0.011888131659061527,-2.3886736016720533e-05,-0.007063881494104862,0.006887574214488268
F:\Seminario\Seminario-Clustering\datasets\davi\Al Emadi (2019)\Multiclass_Drone_Audio\unknown\3-120526-B-371.wav,Multiclass_Drone_Audio\unknown\3-120526-B-371.wav,al_emadi,3-120526-B-371,1.0216875,9.787611548214592e-05,6.833847999572754,-0.00011068630046510148,0.007080592041244395,-0.00013215930812293664,-0.00528335883282125,0.005158464051783085,1.828507141197868e-05,7.042517185211182,0.00023991885454284636,0.0030513660098066093,8.489064566674642e-05,-0.001647352986037731,0.0025116174481809176,0.15748956257864125,8.568801879882812,0.0012757721066070729,0.20119955008257673,-2.0626688638003543e-05,-0.1826770693063736,0.17270694077014942,0.47902577652897443,9.091670989990234,0.0021680935276396046,0.24829954469744944,7.652097337995656e-06,-0.18025637716054915,0.11351143121719366,0.36336849970549023,10.4685697555542,6.495239284945139e-06,0.15298803998475202,2.783189074762049e-06,-0.12087546437978744,0.11755347847938558
F:\Seminario\Seminario-Clustering\datasets\davi\Al Emadi (2019)\Multiclass_Drone_Audio\unknown\5-198278-C-74.wav,Multiclass_Drone_Audio\unknown\5-198278-C-74.wav,al_emadi,5-198278-C-74,0.95975,0.6594747862874533,8.854291915893555,-0.0007224888533573621,0.24562665640749737,0.002601904794573784,-0.3381977379322052,0.31268294155597687,0.20379521327728709,8.840734481811523,0.0016991603194844887,0.13653425681324388,0.005612621083855629,-0.17220091819763184,0.17170702666044235,0.07704062414829421,9.727521896362305,-0.0020107628385968774,0.05943783735817608,-0.0024813010822981596,-0.07554694712162018,0.07052517086267472,0.03236103370507815,10.744295120239258,-0.0004657980073325452,0.02727237735994943,-0.000864707340952009,-0.034673712030053136,0.03391224294900897,0.027328342581887356,11.809013366699219,-0.00015812976564527707,0.017731576260274277,-0.0003441791341174394,-0.02270793914794922,0.022424345836043358
F:\Seminario\Seminario-Clustering\datasets\davi\Al Emadi (2019)\Multiclass_Drone_Audio\unknown\4-250869-B-21.wav,Multiclass_Drone_Audio\unknown\4-250869-B-21.wav,al_emadi,4-250869-B-21,1.0216875,0.019095607988108717,7.751738548278809,0.0002017013587289515,0.12314782708214553,0.0005617216229438782,-0.13699352592229844,0.12090186476707461,0.03003775865349074,8.64017105102539,1.807551770874187e-05,0.15445229457279985,0.0019399835728108883,-0.19188138842582703,0.18332890868186952,0.11627788160389994,9.501102447509766,0.0017785803041914718,0.2152384801475962,0.0002721198834478855,-0.25287401080131533,0.26289854645729066,0.44781493298803343,10.606319427490234,0.01425739264263401,0.2985685425814765,0.011908924672752619,-0.3673476457595825,0.39623388051986697,0.38677381876646716,11.388256072998047,4.401959185567394e-06,0.19651182842665393,-0.0006309308810159564,-0.24870368838310242,0.25239996314048785
F:\Seminario\Seminario-Clustering\datasets\davi\Al Emadi (2019)\Multiclass_Drone_Audio\unknown\3-142006-A-100.wav,Multiclass_Drone_Audio\unknown\3-142006-A-100.wav,al_emadi,3-142006-A-100,1.0216875,0.2757194569628706,8.915960311889648,0.0028186486839182705,0.2027940243248896,-0.006425876170396805,-0.25527200698852537,0.2669969260692597,0.3359683544009013,8.98173713684082,0.0009259628020439855,0.2238766859004618,0.0014665391063317657,-0.2856261730194092,0.27942989468574525,0.24009297336787302,10.00523567199707,-1.606283092786312e-05,0.13405366220696002,-0.00088329310528934,-0.17116145491600038,0.1785020560026169,0.06808948182343758,10.904850006103516,-0.0006201527228435596,0.050512563968014505,-0.000898785627214238,-0.06472014859318734,0.06388101652264595,0.08012973344491753,11.75893783569336,0.00012314141902382704,0.03876659097727415,-0.00021256465697661042,-0.04787135347723961,0.04751273095607758
F:\Seminario\Seminario-Clustering\datasets\davi\Al Emadi (2019)\Multiclass_Drone_Audio\bebop_1\mixed_23-bebop_000_.wav,Multiclass_Drone_Audio\bebop_1\mixed_23-bebop_000_.wav,al_emadi,mixed_23-bebop_000,1.024,0.9530510923206622,9.120080947875977,0.0019404313074949297,0.652505890633873,-0.01999627146869898,-0.8299580991268157,0.8114216506481171,0.01044577774842854,8.915538787841797,-0.0010618274565786124,0.06830400939081607,-0.0012003015726804733,-0.08928988501429558,0.08761321082711221,0.011552388064170171,9.931703567504883,-0.0006432766634230697,0.050868370298420465,0.00031122134532779455,-0.06655951663851738,0.06336592584848405,0.013443975946791049,10.899114608764648,-0.00020727121222126,0.03883825225093825,-0.00010821882460732013,-0.04984588548541069,0.048149388283491135,0.011506765919948004,11.862563133239746,5.739770147610936e-05,0.025418384612683937,-0.00027129414957016706,-0.03218167871236801,0.032085567712783813
F:\Seminario\Seminario-Clustering\datasets\davi\Al Emadi (2019)\Multiclass_Drone_Audio\unknown\5-245040-A-351.wav,Multiclass_Drone_Audio\unknown\5-245040-A-351.wav,al_emadi,5-245040-A-351,1.0216875,0.8509816655242631,9.098358154296875,0.00016065545442173483,0.10666324214500172,-0.02148899808526039,-0.12120627984404564,0.1643042162060738,0.10978823810280379,8.778407096862793,0.0007446971008259269,0.03830460868446784,0.0004190817126072943,-0.04582710787653923,0.04612431265413765,0.026046527287042213,9.77728271484375,-0.00017015961052353548,0.013216597112755928,-0.00044578153756447136,-0.01617593951523304,0.01644256934523583,0.01030207785126116,10.82659912109375,4.743837029841011e-05,0.0058820971198043255,6.592212594114244e-05,-0.007437178632244468,0.007287880871444941,0.0028814912346297426,11.913409233093262,-2.3514312968755907e-06,0.0022007115786433933,2.453791967127472e-05,-0.0028337751515209674,0.0027907883748412143
F:\Seminario\Seminario-Clustering\datasets\davi\Al Emadi (2019)\Multiclass_Drone_Audio\bebop_1\mixed_17-bebop_004_.wav,Multiclass_Drone_Audio\bebop_1\mixed_17-bebop_004_.wav,al_emadi,mixed_17-bebop_004,0.904,0.5069443187845776,8.181964874267578,0.0011360220213142774,0.11419355882429746,0.0016678073443472385,-0.1272819712758064,0.13021097779273988,0.036401944608516236,8.777236938476562,4.107509697945176e-05,0.030601651528043294,0.0017588990740478039,-0.04091566056013107,0.03835450224578381,0.09927858764856487,9.678346633911133,-0.0005642719362543476,0.035789766044893756,-0.00020083115668967366,-0.04374810382723808,0.04464769698679448,0.2008468994240373,10.739645957946777,-0.0010996999815190158,0.03601800463594633,-0.0005079442053101957,-0.047140493988990784,0.04373987019062042,0.156528249534304,11.763297080993652,-6.707123166231961e-05,0.02250499032597946,-1.6213070921367034e-06,-0.028752723708748817,0.028610247746109978
F:\Seminario\Seminario-Clustering\datasets\davi\Al Emadi (2019)\Multiclass_Drone_Audio\unknown\3-142604-A-244.wav,Multiclass_Drone_Audio\unknown\3-142604-A-244.wav,al_emadi,3-142604-A-244,0.95975,0.9537786297642924,8.945820808410645,0.0001930745242620252,0.0103472527781669,0.00027035870880354196,-0.013741756323724985,0.013146923389285803,0.019950296913597117,5.443600177764893,-1.552803963438743e-05,0.0014966773247487232,-2.5498269678791985e-05,-0.001005384256131947,0.0008709605317562819,0.013798368684388888,8.211668014526367,4.624610572301952e-06,0.0008817753577020756,4.902660293737426e-06,-0.0008255709311924875,0.0008185187354683883,0.00713101950756465,10.084798812866211,-2.3923512203112256e-06,0.00044858356589727735,2.3626262191100977e-07,-0.0005010710912756622,0.0004791379207745195,0.005341685130156907,10.685126304626465,-5.361214120379009e-07,0.00027465964062990623,1.8014288798440248e-06,-0.0002783520903903991,0.00027468858752399683
F:\Seminario\Seminario-Clustering\datasets\davi\Al Emadi (2019)\Multiclass_Drone_Audio\unknown\4-90014-A-424.wav,Multiclass_Drone_Audio\unknown\4-90014-A-424.wav,al_emadi,4-90014-A-424,0.95975,0.4304646225193168,8.918550491333008,-0.000638852732106137,0.09180681352957452,-0.000465969555079937,-0.11870808154344559,0.11866635084152222,0.22948651673291942,8.92480754852295,0.000544518055613625,0.06703181087444178,-0.0015340003883466125,-0.08261779695749283,0.09045957401394844,0.2621933482648541,9.667943954467773,7.778278845679861e-05,0.050757501116040424,0.000253519625402987,-0.06613021790981292,0.06227124929428101,0.06922826053679312,10.75589656829834,-2.9963764836462173e-05,0.01845672808108498,-0.0003470870287856087,-0.022333657927811147,0.024295412190258513,0.008627251946116616,11.763870239257812,-3.209625346136505e-06,0.004609273928936368,9.152234270004556e-05,-0.005968237295746803,0.005684225354343653
F:\Seminario\Seminario-Clustering\datasets\davi\Al Emadi (2019)\Multiclass_Drone_Audio\unknown\3-132601-A-242.wav,Multiclass_Drone_Audio\unknown\3-132601-A-242.wav,al_emadi,3-132601-A-242,0.97525,0.0,-0.0,0.0,0.0,0.0,0.0,0.0,0.0,-0.0,0.0,0.0,0.0,0.0,0.0,0.0,-0.0,0.0,0.0,0.0,0.0,0.0,0.0,-0.0,0.0,0.0,0.0,0.0,0.0,0.0,-0.0,0.0,0.0,0.0,0.0,0.0
F:\Seminario\Seminario-Clustering\datasets\davi\Al Emadi (2019)\Multiclass_Drone_Audio\membo_1\extra_membo_D2_2033.wav,Multiclass_Drone_Audio\membo_1\extra_membo_D2_2033.wav,al_emadi,extra_membo_D2,1.002625,0.9195187073018948,8.998628616333008,-0.00010308984749441887,0.02781652747738098,-0.0011928877793252468,-0.036133906990289684,0.035066529363393786,0.021030588910159652,8.848970413208008,-9.889893210816083e-06,0.004206783169508738,0.00015499265282414854,-0.005280567333102226,0.005187857244163754,0.016043472015493145,9.905344009399414,-1.2699500333781852e-05,0.002602610495422843,-4.958568752044812e-05,-0.0033019590191543102,0.003329827915877104,0.02236124052227806,10.856375694274902,2.2545562028409515e-05,0.0021744680680297946,1.2926589988637716e-05,-0.0027151758316904303,0.002774269552901387,0.021045991250174364,11.867477416992188,-2.078423947506785e-06,0.0014923132651330658,1.0099513019667938e-05,-0.001906255807261914,0.0018920154660008845
F:\Seminario\Seminario-Clustering\datasets\davi\Al Emadi (2019)\Multiclass_Drone_Audio\unknown\1-172649-F-404.wav,Multiclass_Drone_Audio\unknown\1-172649-F-404.wav,al_emadi,1-172649-F-404,0.95975,0.7815424123321741,8.765361785888672,-0.0007540319740625704,0.47810251488861427,0.0990176796913147,-0.7440012395381927,0.5248949229717255,0.12277987294764804,8.598039627075195,-0.004752670099333799,0.1894402593263988,0.0023258128203451633,-0.23380575329065323,0.22363968193531036,0.06892908310206662,9.429801940917969,-0.0013323686541475404,0.1005730590552243,-0.0019651800394058228,-0.11736920475959778,0.11952958256006241,0.01537260594354855,10.508279800415039,0.00034451673049233996,0.03361190444261469,0.00026492742472328246,-0.039225637540221216,0.04078371897339821,0.011376025674562628,11.41380786895752,4.3177515288529114e-05,0.020455933733450733,0.0002425782149657607,-0.024234987795352936,0.023892389610409737
F:\Seminario\Seminario-Clustering\datasets\davi\Al Emadi (2019)\Multiclass_Drone_Audio\unknown\3-71964-C-42.wav,Multiclass_Drone_Audio\unknown\3-71964-C-42.wav,al_emadi,3-71964-C-42,0.97525,0.002138467227436556,7.885071754455566,-0.000622866926096507,0.02579558554870495,0.0007936250185593963,-0.02719135396182537,0.02814767137169838,0.02212935665487255,6.798531532287598,-0.0012719985386534123,0.08299540465745017,3.344612196087837e-05,-0.0590948760509491,0.054517712444067,0.3836252053667382,8.121246337890625,0.006485899055040281,0.24466494448263107,-4.1359160604770295e-05,-0.16718103736639023,0.17934159189462662,0.5709858774064953,8.868297576904297,0.00021481849684631125,0.2113009613124273,3.731581091415137e-05,-0.13587652891874313,0.13484374433755875,0.02112109334445732,9.792738914489746,-5.774536702411704e-05,0.028749216789150156,2.4746914277784526e-06,-0.017421884462237358,0.01711456850171097
F:\Seminario\Seminario-Clustering\datasets\davi\Al Emadi (2019)\Multiclass_Drone_Audio\bebop_1\mixed_55-bebop_004_.wav,Multiclass_Drone_Audio\bebop_1\mixed_55-bebop_004_.wav,al_emadi,mixed_55-bebop_004,0.904,0.8176671576432559,7.810459136962891,-0.0013031299620007092,0.23790808765449442,-0.0022714671213179827,-0.252890595793724,0.24948560595512395,0.025895622948419048,8.678422927856445,0.00016710961232432626,0.042338673804600026,-0.0012997723533771932,-0.05217219889163971,0.0526366163045168,0.04108150088375067,9.778524398803711,0.000387984854921333,0.03776850049833634,-0.0008418322540819645,-0.04793575070798397,0.047718997299671176,0.06553326138641277,10.71529483795166,0.00046828651970311035,0.03376159843924755,0.0004762478347402066,-0.04199162870645523,0.04260862246155739,0.0498224571381616,11.713411331176758,2.9672028945044356e-05,0.020827685576632365,-1.084826362784952e-05,-0.02658075988292694,0.026409825310111046
F:\Seminario\Seminario-Clustering\datasets\davi\Al Emadi (2019)\Multiclass_Drone_Audio\membo_1\Membo_2_020-membo_004_.wav,Multiclass_Drone_Audio\membo_1\Membo_2_020-membo_004_.wav,al_emadi,Membo_2_020-membo_004,0.896,0.8912851715621984,7.796839714050293,-0.0006179183543692787,0.2016761952330905,0.0019228197634220123,-0.19651035964488983,0.19523844420909878,0.018675420404142915,8.849405288696289,0.00011690900865100746,0.029193087655071885,-0.00033612706465646625,-0.03798135407269001,0.03885037042200564,0.02172427338604785,9.825289726257324,0.00014401487525286658,0.02230079395266556,0.0001024854282150045,-0.028940116055309772,0.02854334656149149,0.03207861206336598,10.720663070678711,3.320088241884336e-05,0.019181033687211423,5.3232331993058324e-05,-0.025017276406288147,0.0242700081318617,0.0362365225842448,11.707338333129883,-1.1986379512693365e-05,0.014422310922134392,-0.000173960390384309,-0.018211714923381805,0.0185257475823164
F:\Seminario\Seminario-Clustering\datasets\davi\Al Emadi (2019)\Multiclass_Drone_Audio\unknown\4-156993-A-192.wav,Multiclass_Drone_Audio\unknown\4-156993-A-192.wav,al_emadi,4-156993-A-192,0.97525,0.7853534828699886,8.549477577209473,-0.0009501158306327678,0.11688153288808126,0.00039154570549726486,-0.1459806114435196,0.13294009864330292,0.1329627353755326,8.2940673828125,-0.0012942486335585134,0.04807677235917992,-0.0010431008413434029,-0.05453313887119293,0.053940799087285995,0.0614506930611457,9.454754829406738,3.341152812281656e-05,0.02315478091684276,0.00033615574648138136,-0.026344548910856247,0.026588071137666702,0.016238524797183587,10.456418991088867,-1.943097971031271e-05,0.008423026329468246,-8.341894863406196e-05,-0.009631896391510963,0.009769823867827654,0.003994563896149537,11.407139778137207,-6.731564386441619e-06,0.002955352368817922,-9.66024526860565e-06,-0.003342524170875549,0.0033676229417324067
F:\Seminario\Seminario-Clustering\datasets\davi\Al Emadi (2019)\Multiclass_Drone_Audio\membo_1\mixed_membo_10-membo_003_.wav,Multiclass_Drone_Audio\membo_1\mixed_membo_10-membo_003_.wav,al_emadi,mixed_membo_10-membo_003,1.024,0.38504763735123043,9.001463890075684,-0.00048318664711172177,0.07439645324631267,0.00290570966899395,-0.09621030688285827,0.09339535459876061,0.2871482761501241,8.914268493652344,-0.0021698808705251102,0.06421099831073715,0.0008082068816293031,-0.0849166564643383,0.08189781978726388,0.18131702591937962,9.897855758666992,-0.0004610079804363902,0.036149854251158305,-0.0016309201018884778,-0.04480506293475628,0.04575938470661641,0.10024655696052645,10.925308227539062,6.38408507097815e-05,0.019024365204924475,5.16172731295228e-05,-0.02379292994737625,0.024775663390755653,0.04624050361873939,11.872664451599121,2.7658648261917035e-05,0.009140239379130197,0.00015867111505940557,-0.01159080434590578,0.011474218592047695
F:\Seminario\Seminario-Clustering\datasets\davi\Al Emadi (2019)\Multiclass_Drone_Audio\unknown\2-73260-A-104.wav,Multiclass_Drone_Audio\unknown\2-73260-A-104.wav,al_emadi,2-73260-A-104,0.95975,0.7737378875283005,8.573410987854004,-0.0012626746404524622,0.12769515140252333,-0.0016286426107399166,-0.16152770817279816,0.14711697399616241,0.12771133721908007,8.23593807220459,0.00042061929815876884,0.05187990421244172,0.0005169139185454696,-0.0539389718323946,0.05668882466852665,0.06351519357298711,9.0109224319458,0.0004021724046195869,0.025915430291078196,0.0004223872092552483,-0.026895927637815474,0.02704391106963158,0.024162570670371246,9.665323257446289,-0.00011851756012319367,0.011312102201393,-8.665805216878653e-05,-0.011229818034917115,0.011273197457194331,0.010873011009261038,10.301501274108887,-2.3352235259797435e-05,0.005368453426287612,3.892295353580266e-06,-0.005181485787034035,0.00511564314365387
F:\Seminario\Seminario-Clustering\datasets\davi\Al Emadi (2019)\Multiclass_Drone_Audio\unknown\2-154688-A-311.wav,Multiclass_Drone_Audio\unknown\2-154688-A-311.wav,al_emadi,2-154688-A-311,1.0216875,0.7068341824706637,6.823057174682617,-0.0008990281532868427,0.01959779778938972,0.0,-0.018428609333932398,0.014257701113820078,0.014249468266981029,5.519975662231445,6.176719020992398e-05,0.0027848223813682128,0.0,-0.0011274807853624224,0.0013569406466558587,0.017166737868320483,4.882228851318359,2.724309175735849e-05,0.002165409671910909,0.0,-0.0006222153315320611,0.0006289479671977462,0.11537606161299806,5.071738243103027,1.9189851938048392e-05,0.00397270684065668,0.0,-0.00038184466538950803,0.0004093953524716199,0.1463735497810368,5.619663238525391,2.634466455522788e-06,0.003165451570420437,0.0,-0.00023484577250201255,0.00023913412587717197
F:\Seminario\Seminario-Clustering\datasets\davi\Al Emadi (2019)\Multiclass_Drone_Audio\bebop_1\mixed_7-bebop_000_.wav,Multiclass_Drone_Audio\bebop_1\mixed_7-bebop_000_.wav,al_emadi,mixed_7-bebop_000,1.024,0.7122652436825629,8.990570068359375,-0.0037200739290746093,0.2594268378570227,-0.008170707151293755,-0.3330780059099197,0.32055220603942874,0.05787424468718362,8.976808547973633,-0.00022939596216655473,0.07395699350732733,-0.0013067735126242042,-0.09516682699322701,0.0943466767668724,0.08277959495610485,9.965265274047852,0.00027119280008563795,0.06263464782659826,-9.767053415998816e-05,-0.07895006611943245,0.08207518309354783,0.08941675027729065,10.954099655151367,0.0008466309241495637,0.04606260427963929,0.0006621531210839748,-0.05963744968175888,0.06010439619421959,0.05766416639685793,11.9241361618042,0.00010167710154160063,0.026171737381420822,-0.00027645862428471446,-0.033175030350685114,0.03390005826950075
F:\Seminario\Seminario-Clustering\datasets\davi\Al Emadi (2019)\Multiclass_Drone_Audio\bebop_1\mixed_40-bebop_003_.wav,Multiclass_Drone_Audio\bebop_1\mixed_40-bebop_003_.wav,al_emadi,mixed_40-bebop_003,1.024,0.572879810349258,8.911484718322754,0.002466787359433122,0.43700400091647745,-0.03756530024111271,-0.5302004277706146,0.5805071353912353,0.07611601395951739,8.79740047454834,-0.00013552440130615209,0.1592936411827403,0.008990447968244553,-0.2187562793493271,0.17429168075323107,0.0852988506826809,9.881818771362305,0.0014061739626110457,0.11940443248200384,0.0017069908790290356,-0.14933778792619706,0.15396159738302231,0.12439690457774456,10.821237564086914,0.0008236829069161958,0.1020528040738064,0.001398663967847824,-0.12745970487594604,0.1276072859764099,0.1413084204307992,11.789735794067383,0.00022595217381934297,0.07694614221609151,0.0008309236727654934,-0.09525514245033265,0.09430434405803684
F:\Seminario\Seminario-Clustering\datasets\davi\Al Emadi (2019)\Multiclass_Drone_Audio\unknown\4-186938-A-442.wav,Multiclass_Drone_Audio\unknown\4-186938-A-442.wav,al_emadi,4-186938-A-442,0.97525,0.8738453599626191,8.76405143737793,0.0005168451900556644,0.39315515417617836,0.0,-0.5818629860877991,0.5076422691345215,0.030530641617439697,8.30383586883545,0.0027915743839113413,0.07343472589398319,0.0,-0.0832301527261734,0.08722566068172455,0.04637493923682064,8.842338562011719,-0.0005849076474597495,0.06413878886852364,0.0,-0.06856511533260345,0.06323790922760963,0.04285072515574614,9.257065773010254,-6.309147138016973e-05,0.04363089145294751,0.0,-0.0368956308811903,0.037090253084897995,0.006398334027374325,10.86189079284668,2.634265461740141e-05,0.011926898004776865,0.0,-0.011952687799930571,0.012552344612777235
F:\Seminario\Seminario-Clustering\datasets\davi\Al Emadi (2019)\Multiclass_Drone_Audio\unknown\4-99644-D-42.wav,Multiclass_Drone_Audio\unknown\4-99644-D-42.wav,al_emadi,4-99644-D-42,0.97525,0.6324084580164815,8.987850189208984,0.00021192467650189752,0.02358251758895992,-0.001588535262271762,-0.028305988758802414,0.032641176134347916,0.019337256033616832,8.893234252929688,-0.00019055537928759585,0.004119477317676403,-0.00029831178835593164,-0.005400245077908039,0.0051453616470098495,0.13968614035205248,9.897807121276855,-0.00015296082836391004,0.007847893580743835,-0.00015574620192637667,-0.010378173552453518,0.010150279384106398,0.201315257771562,10.901902198791504,3.4585010021730887e-06,0.0066683058622837,-0.00010330298755434342,-0.008657702710479498,0.008548479527235031,0.007252887826287144,11.867860794067383,4.286077143324624e-07,0.0008953901955776211,3.3382457331754267e-06,-0.0011669755913317204,0.0011517085833474994
F:\Seminario\Seminario-Clustering\datasets\davi\Al Emadi (2019)\Multiclass_Drone_Audio\unknown\5-262957-A-220.wav,Multiclass_Drone_Audio\unknown\5-262957-A-220.wav,al_emadi,5-262957-A-220,1.0216875,0.07461662245035586,8.852270126342773,0.0031849927579665174,0.2536953450690105,0.010631784331053495,-0.3238248765468597,0.3051039457321167,0.15087734046740553,8.658610343933105,0.015501370079020865,0.36044558552997424,0.0038962106918916106,-0.41875407099723816,0.4542114973068238,0.33389365570196333,9.782110214233398,0.007488735343725955,0.3800793765655763,0.004126097075641155,-0.45125855803489684,0.47693897485733033,0.3383654180818751,10.759611129760742,0.0017504076064837517,0.27079558715098706,0.0023555613588541746,-0.3376583427190781,0.33968822658061987,0.10224696329840023,11.79839038848877,-0.0003015428467770321,0.10530570808237585,-0.00016414845595136285,-0.13243534564971923,0.13027378916740423
F:\Seminario\Seminario-Clustering\datasets\davi\Al Emadi (2019)\Multiclass_Drone_Audio\unknown\5-156026-A-42.wav,Multiclass_Drone_Audio\unknown\5-156026-A-42.wav,al_emadi,5-156026-A-42,0.97525,0.0466989182328728,5.769360542297363,-0.0017483885814585899,0.0327391169027492,1.6073696315288544e-05,-0.016941886395215988,0.01737201400101185,0.18788868016343863,4.874241828918457,0.0018052626618574692,0.06573831595666722,0.00011001406528521329,-0.004942112136632204,0.005012667737901211,0.7128088929301091,6.163217067718506,0.000584857973629616,0.09071092682237622,-3.192685289832298e-05,-0.004728876054286957,0.005238816142082214,0.05177942528775194,7.171873092651367,-1.605854786700249e-05,0.017301301699952313,-1.1015915788448183e-05,-0.0011907045263797045,0.0010479806805960834,0.0008240833858275821,7.8476481437683105,7.865932692402799e-07,0.0015440648444132396,-2.295661033713259e-06,-0.00022534926247317342,0.00022413134574890162
F:\Seminario\Seminario-Clustering\datasets\davi\Al Emadi (2019)\Multiclass_Drone_Audio\unknown\silence232.wav,Multiclass_Drone_Audio\unknown\silence232.wav,al_emadi,silence232,1.1145625,0.0,-0.0,0.0,0.0,0.0,0.0,0.0,0.0,-0.0,0.0,0.0,0.0,0.0,0.0,0.0,-0.0,0.0,0.0,0.0,0.0,0.0,0.0,-0.0,0.0,0.0,0.0,0.0,0.0,0.0,-0.0,0.0,0.0,0.0,0.0,0.0
F:\Seminario\Seminario-Clustering\datasets\davi\Al Emadi (2019)\Multiclass_Drone_Audio\unknown\silence276.wav,Multiclass_Drone_Audio\unknown\silence276.wav,al_emadi,silence276,1.1145625,0.0,-0.0,0.0,0.0,0.0,0.0,0.0,0.0,-0.0,0.0,0.0,0.0,0.0,0.0,0.0,-0.0,0.0,0.0,0.0,0.0,0.0,0.0,-0.0,0.0,0.0,0.0,0.0,0.0,0.0,-0.0,0.0,0.0,0.0,0.0,0.0
F:\Seminario\Seminario-Clustering\datasets\davi\Al Emadi (2019)\Multiclass_Drone_Audio\unknown\5-233260-A-232.wav,Multiclass_Drone_Audio\unknown\5-233260-A-232.wav,al_emadi,5-233260-A-232,0.97525,0.9115550848010383,8.855264663696289,0.0014873247874562963,0.0926382456797297,-0.003079448826611042,-0.11601053923368454,0.12456314265727997,0.06604769826956802,8.132165908813477,-0.0003361423911162957,0.02493700143939871,-0.00044597266241908073,-0.02653968520462513,0.027401627972722054,0.01899852561420098,9.037217140197754,4.997166556649359e-05,0.00947237340415273,-1.7364374798489735e-05,-0.009946506936103106,0.010498195420950651,0.0027771701964100356,10.273946762084961,-1.6116522464892445e-05,0.00256280679842176,2.219299494754523e-05,-0.0027636350132524967,0.0027807537699118257,0.0006215211187826261,11.270648956298828,-2.4767010768985275e-06,0.0008576873773477362,-5.793277523480356e-06,-0.0009456869331188499,0.000943875883240253
F:\Seminario\Seminario-Clustering\datasets\davi\Al Emadi (2019)\Multiclass_Drone_Audio\unknown\2-79769-A-260.wav,Multiclass_Drone_Audio\unknown\2-79769-A-260.wav,al_emadi,2-79769-A-260,1.0216875,0.7042346346053749,8.400004386901855,0.004494801709964755,0.6838771818635462,0.001291139516979456,-0.8612284779548645,0.8596524357795722,0.25455241682052987,8.009276390075684,0.0009357851123322229,0.4111651499839428,0.009592129848897457,-0.46749981343746183,0.4167460143566132,0.02805362562374578,8.845510482788086,0.00041465242937040864,0.0966818310538055,0.002591567812487483,-0.09710321575403214,0.10302106440067296,0.00985344783353667,9.455266952514648,-9.557703121313846e-05,0.040546226389873666,0.00026290983078069985,-0.034928023070096965,0.03592208176851273,0.0033058751168127854,10.118579864501953,-4.5501763229741774e-05,0.016613836720796863,-7.11254688212648e-06,-0.013349140994250774,0.013521858118474487
F:\Seminario\Seminario-Clustering\datasets\davi\Al Emadi (2019)\Multiclass_Drone_Audio\bebop_1\B_S2_D1_121-bebop_001_.wav,Multiclass_Drone_Audio\bebop_1\B_S2_D1_121-bebop_001_.wav,al_emadi,B_S2_D1_121-bebop_001,1.024,0.7749495280251385,8.366625785827637,0.002734658735221053,0.376018327897633,0.0009214393794536591,-0.42845635712146757,0.42784059047698975,0.015904049807953125,8.950692176818848,-0.00018493286842588804,0.05386852410979252,0.000916367513127625,-0.06819819062948226,0.06595634818077088,0.056791467102983696,9.957357406616211,0.0022348392384378205,0.07205015008151532,0.0017796814208850265,-0.08820462301373481,0.0967899687588215,0.086422205271734,10.934934616088867,0.0002113552535010045,0.06293144702599902,0.0010980746010318398,-0.0798070877790451,0.07979249954223633,0.06593274979219065,11.919807434082031,0.00015567364220600775,0.038884367815851216,-9.2034024419263e-06,-0.04885194897651672,0.05010064691305162
F:\Seminario\Seminario-Clustering\datasets\davi\Al Emadi (2019)\Multiclass_Drone_Audio\unknown\2-72547-C-142.wav,Multiclass_Drone_Audio\unknown\2-72547-C-142.wav,al_emadi,2-72547-C-142,0.97525,0.26772423572953297,8.652557373046875,-0.00024005386936971985,0.02040051049210609,-0.0007595689967274666,-0.025542166084051132,0.02356434427201748,0.06221798868755182,8.766021728515625,-6.52916396380472e-05,0.009835029491062455,0.0002936068340204656,-0.012184754014015198,0.012098998762667179,0.015528738445311467,9.717037200927734,-6.265681684078038e-05,0.0034791647547528256,-0.00011701842959155329,-0.0043614390306174755,0.0042387929279357195,0.23244389577276703,9.966653823852539,2.2770565786739668e-05,0.009526940642809657,-9.537770893075503e-05,-0.010126301553100348,0.010372768621891737,0.4220851413648367,10.795430183410645,2.705910532293473e-06,0.009081870622882522,3.831533103948459e-05,-0.009361006878316402,0.009064403176307679
F:\Seminario\Seminario-Clustering\datasets\davi\Al Emadi (2019)\Multiclass_Drone_Audio\unknown\3-105235-A-72.wav,Multiclass_Drone_Audio\unknown\3-105235-A-72.wav,al_emadi,3-105235-A-72,0.97525,0.14645254328147675,8.813953399658203,0.00028958177581101,0.04217569796792919,0.0007709101773798466,-0.055443644523620605,0.0527043491601944,0.009954980743410656,8.679999351501465,0.0004942886814217902,0.01098512635792594,0.0006070655072107911,-0.012672390788793564,0.01423371210694313,0.008705847676212098,9.28175163269043,0.00013089439575111037,0.007281309533176588,-4.0439066651742905e-05,-0.007862663827836514,0.00812132004648447,0.20159023885749652,9.859417915344238,0.00031658777736351027,0.02479657991137109,9.703847172204405e-05,-0.024224686436355114,0.024223430082201958,0.633296389441404,10.711803436279297,-1.4526679754696612e-05,0.03109392538329378,0.00014359920169226825,-0.028760690987110135,0.028499832004308726
F:\Seminario\Seminario-Clustering\datasets\davi\Al Emadi (2019)\Multiclass_Drone_Audio\unknown\2-109371-A-162.wav,Multiclass_Drone_Audio\unknown\2-109371-A-162.wav,al_emadi,2-109371-A-162,0.97525,0.9399018562836278,8.917113304138184,-0.004144313098686186,0.6526612311594094,0.006928950548171997,-0.8651896715164185,0.8212786316871643,0.03724032460699312,8.886636734008789,-0.0010062925455613283,0.12991193383283042,0.0009295407216995955,-0.16914735734462738,0.16857603192329407,0.017096805314907454,9.909273147583008,0.0008773670807016103,0.0623332645027049,-0.0004076370969414711,-0.07975399121642113,0.08383307978510857,0.005232922833440666,10.837491989135742,-2.3535276520892376e-05,0.02440594852928402,3.556022420525551e-05,-0.031048325821757317,0.03053068183362484,0.0005280909610309863,11.855834007263184,7.72178439492948e-06,0.00548475617889292,7.253000512719154e-05,-0.006966248806565999,0.006859991699457169
F:\Seminario\Seminario-Clustering\datasets\davi\Al Emadi (2019)\Multiclass_Drone_Audio\membo_1\mixed_membo_54-membo_001_.wav,Multiclass_Drone_Audio\membo_1\mixed_membo_54-membo_001_.wav,al_emadi,mixed_membo_54-membo_001,1.024,0.7086613551194484,9.045633316040039,-0.007344668530361745,0.2607920079427143,-0.01661478355526924,-0.34199780523777007,0.34355708956718445,0.09535726288577538,8.74107551574707,0.00024266159803339833,0.09570233702831508,0.001045562676154077,-0.11362631618976592,0.11423170790076256,0.04066347631298736,9.74930477142334,0.0006977077713105855,0.04425004546316679,0.001220383564941585,-0.05296900421380997,0.05278758294880391,0.021436453958601106,10.932623863220215,-2.6921808728832415e-05,0.022740338866533847,-0.00022449088282883167,-0.029202353209257126,0.028789373114705086,0.13388145172318777,12.107515335083008,4.176918922830032e-05,0.04020232228064623,4.8420624807477e-06,-0.053066227585077286,0.05288549661636353
F:\Seminario\Seminario-Clustering\datasets\davi\Al Emadi (2019)\Multiclass_Drone_Audio\unknown\1-260640-B-23.wav,Multiclass_Drone_Audio\unknown\1-260640-B-23.wav,al_emadi,1-260640-B-23,1.0216875,0.1441178923912332,7.979468822479248,0.00030484605398924174,0.1204460104260367,-0.0029215682297945023,-0.11355655267834663,0.1160112850368023,0.0867748100349355,6.564627647399902,0.0023802919098713294,0.09343095505909592,0.0020335635636001825,-0.05647638067603111,0.06517129093408586,0.2763845374656843,6.959552764892578,0.0021076332300770965,0.11812673136255987,0.0005116689717397094,-0.05569684728980064,0.057467992603778856,0.3700511189744565,8.526287078857422,0.002241585017910578,0.09671143265710216,-0.00018813027418218553,-0.062321766093373296,0.06360008567571641,0.12267164113369049,9.288351058959961,-1.0361416001259297e-05,0.039400930481918436,-7.454815204255283e-06,-0.02494831532239914,0.02426941990852358
F:\Seminario\Seminario-Clustering\datasets\davi\Al Emadi (2019)\Multiclass_Drone_Audio\bebop_1\B_S2_D1_090-bebop_003_.wav,Multiclass_Drone_Audio\bebop_1\B_S2_D1_090-bebop_003_.wav,al_emadi,B_S2_D1_090-bebop_003,1.024,0.6990778218865095,8.156522750854492,-4.721072624500805e-05,0.3180746090889826,-0.006434042006731033,-0.32641989588737486,0.3227942675352097,0.02494702237286927,8.956415176391602,0.00022345708596386757,0.060085905078155595,0.00084073850302957,-0.08112687841057777,0.07522012367844583,0.06530131553698594,9.955256462097168,-0.0035937638930402136,0.06874688183602162,-0.00119924102909863,-0.0938115231692791,0.08415579795837402,0.11814448499365587,10.945648193359375,9.481728147576007e-05,0.06553091747061639,-0.0002298150211572647,-0.08218308538198471,0.08555803447961807,0.09252935520997944,11.903548240661621,0.00014633873736547207,0.04102488548713151,1.9016850274056196e-05,-0.05124476552009582,0.052880520373582846
F:\Seminario\Seminario-Clustering\datasets\davi\Al Emadi (2019)\Multiclass_Drone_Audio\bebop_1\mixed_33-bebop_002_.wav,Multiclass_Drone_Audio\bebop_1\mixed_33-bebop_002_.wav,al_emadi,mixed_33-bebop_002,1.024,0.37508169868788416,9.050766944885254,0.0009580459819826325,0.20092486052512332,-0.0007855501025915146,-0.25892118513584134,0.26644539535045625,0.12444510505815341,8.984938621520996,0.005290914434759914,0.11561396516675158,0.01028127083554864,-0.13965272903442383,0.14981854110956194,0.1281957413980171,9.985092163085938,0.002040713232719155,0.08315725297099254,0.0019069332047365606,-0.10303474813699721,0.10805112123489383,0.1943404374033705,10.942232131958008,-0.001154978982205211,0.07247293331836965,-0.0011417265050113201,-0.09505604207515717,0.0906282439827919,0.1779370174525748,11.942968368530273,-0.00019641865940214504,0.04906247996168758,-0.00043459449079819024,-0.06339256167411804,0.06327068507671357
F:\Seminario\Seminario-Clustering\datasets\davi\Al Emadi (2019)\Multiclass_Drone_Audio\unknown\4-186936-A-440.wav,Multiclass_Drone_Audio\unknown\4-186936-A-440.wav,al_emadi,4-186936-A-440,1.0216875,0.9026964871940508,8.516969680786133,0.003251288604609132,0.500228412631643,0.003742747474461794,-0.5499935030937195,0.5285840928554536,0.031160920947259623,8.19002914428711,-0.0011981703954339318,0.09293422836089883,0.00013858370948582888,-0.09944402873516082,0.0964949741959572,0.03430773913261257,8.614234924316406,0.00024741033306961225,0.06907573401463214,-0.0007624626159667969,-0.06453467458486557,0.06627721041440963,0.028184387181169696,9.169241905212402,0.00047179561555953727,0.04430115820258973,0.0005970289057586342,-0.03569927923381328,0.03621368482708932,0.0036504655449072342,10.92066478729248,2.3162525470883202e-05,0.011279229267555374,-5.4183765314519405e-05,-0.011359289102256299,0.011631028912961491
F:\Seminario\Seminario-Clustering\datasets\davi\Al Emadi (2019)\Multiclass_Drone_Audio\unknown\3-155584-A-141.wav,Multiclass_Drone_Audio\unknown\3-155584-A-141.wav,al_emadi,3-155584-A-141,1.0216875,0.774521435215349,8.911624908447266,0.0003808134946107397,0.0583080496774597,0.0009870590874925256,-0.07324835136532783,0.07574862837791443,0.041849646916980655,8.800846099853516,0.00023188435073984073,0.01355199997353106,4.1606857848819345e-05,-0.015770803205668926,0.017012132331728935,0.017391849402977343,9.734617233276367,8.525000445162578e-05,0.006188399121543703,0.00015492418606299907,-0.007333974447101354,0.007848053611814978,0.08237586805465981,10.573111534118652,0.00011894861581991543,0.009530506410531098,4.9623518862063065e-05,-0.011260261107236148,0.011878455337136985,0.08386120041003323,11.026906967163086,2.073108707806098e-06,0.006803010657341446,9.275187039747834e-06,-0.007304777484387159,0.0073433308862149715
F:\Seminario\Seminario-Clustering\datasets\davi\Al Emadi (2019)\Multiclass_Drone_Audio\bebop_1\B_S2_D1_071-bebop_003_.wav,Multiclass_Drone_Audio\bebop_1\B_S2_D1_071-bebop_003_.wav,al_emadi,B_S2_D1_071-bebop_003,1.024,0.7615233798279885,7.464964389801025,-0.0013380371295232145,0.38032895492441904,-0.0016459227190352976,-0.3053384095430374,0.322268009185791,0.018140887463496486,8.958608627319336,0.0004692508429921802,0.058699696701585265,-0.0005763267690781504,-0.0730842962861061,0.07491632327437402,0.05201322399240551,9.938467025756836,-0.0007862951951606418,0.0703831443425687,-0.0008835069020278752,-0.08913735672831535,0.08765476197004318,0.09473319321285557,10.951478958129883,0.0016943380456611171,0.0672058848793769,0.002622028347104788,-0.08597352355718613,0.08641182631254196,0.073589315503254,11.905322074890137,1.3043432105974708e-06,0.04191524253813672,-0.0003236805205233395,-0.05281095951795578,0.05278814435005189
F:\Seminario\Seminario-Clustering\datasets\davi\Al Emadi (2019)\Multiclass_Drone_Audio\bebop_1\B_S2_D1_113-bebop_004_.wav,Multiclass_Drone_Audio\bebop_1\B_S2_D1_113-bebop_004_.wav,al_emadi,B_S2_D1_113-bebop_004,0.896,0.3034009301055287,8.45641803741455,0.003545712680011748,0.14498650229828494,0.00041703227907419205,-0.16708364486694335,0.18165515810251234,0.04215304127902706,8.786877632141113,7.144398218235816e-05,0.0540583790125759,0.00018022049334831536,-0.06969769224524498,0.06711110919713974,0.12879845280770452,9.74176025390625,0.0016153848171130535,0.06690924826375258,0.000649773224722594,-0.08406335115432739,0.08754225820302963,0.3030963389946555,10.73874282836914,-0.0007906673566857859,0.07266580940264979,-0.001757330261170864,-0.09382163733243942,0.09283266365528108,0.2225512368130842,11.743687629699707,4.728956100072599e-05,0.044053163437749655,5.4151751101017e-05,-0.05729088559746742,0.05530489236116409
F:\Seminario\Seminario-Clustering\datasets\davi\Al Emadi (2019)\Multiclass_Drone_Audio\bebop_1\mixed_1-bebop_002_.wav,Multiclass_Drone_Audio\bebop_1\mixed_1-bebop_002_.wav,al_emadi,mixed_1-bebop_002,1.024,0.1425140778105064,9.077795028686523,0.008003371137022538,0.14390825197730375,0.013004406355321407,-0.18433104306459427,0.19527574479579926,0.4770925210392456,8.3026123046875,-0.0007068525801143762,0.26371033741452315,0.0028437485452741385,-0.307050147652626,0.2849344938993454,0.2585177504907702,9.17107105255127,-0.00016745877509268805,0.1374645337050441,0.0017348285764455795,-0.14907758682966232,0.14936315268278125,0.09342172870622642,10.626394271850586,-0.00027914497969060967,0.058481721830804134,-5.656084977090359e-05,-0.0701787993311882,0.0687420517206192,0.028453921953251336,11.881511688232422,-3.0552245538864714e-05,0.02283190893921044,-0.00021456950344145298,-0.028358633816242217,0.028999119997024543
F:\Seminario\Seminario-Clustering\datasets\davi\Al Emadi (2019)\Multiclass_Drone_Audio\unknown\2-151079-A-203.wav,Multiclass_Drone_Audio\unknown\2-151079-A-203.wav,al_emadi,2-151079-A-203,1.0216875,0.016174082437318323,7.893074989318848,0.0002729359909788803,0.026151700859612107,-0.001016216934658587,-0.026207432337105274,0.028914472460746785,0.370520523699439,7.997555732727051,0.003947560214547816,0.12511340582365224,0.00013731928629567847,-0.1325971871614456,0.1397707730531694,0.5546221112244019,8.998710632324219,-0.0004517064436215342,0.10847612378642643,7.014782022451982e-05,-0.1126837372779846,0.11243781596422199,0.0356134791563478,9.396677017211914,6.55927264941817e-05,0.01945123767315213,-1.1142888070025947e-05,-0.016052449494600295,0.016784694045782093,0.023069803482493052,9.429611206054688,3.0999800401596483e-06,0.011074783984996365,-1.1581272701732814e-05,-0.007068032026290893,0.006754231546074154
F:\Seminario\Seminario-Clustering\datasets\davi\Al Emadi (2019)\Multiclass_Drone_Audio\bebop_1\mixed_11-bebop_004_.wav,Multiclass_Drone_Audio\bebop_1\mixed_11-bebop_004_.wav,al_emadi,mixed_11-bebop_004,0.904,0.8632105343344633,8.770776748657227,-0.004180523684148544,0.4108282598759089,0.0012593349092639983,-0.5414898157119751,0.5493691682815552,0.03200015968635362,8.777957916259766,0.0012285377913420755,0.07909483654978448,-0.00034305817098356783,-0.101998121291399,0.10956041738390923,0.03131259888886681,9.767762184143066,-0.0007776934792140813,0.05541703203342588,-0.0016543299425393343,-0.0711369790136814,0.07240231409668924,0.04061706224142746,10.6795072555542,-0.00029799844294991443,0.04467612014698276,-8.886260911822319e-05,-0.056711915880441666,0.05503053218126297,0.03285964484888888,11.607913970947266,0.00015544366777772999,0.028428294016837715,0.00015625031664967537,-0.034929408133029936,0.03529733046889305
F:\Seminario\Seminario-Clustering\datasets\davi\Al Emadi (2019)\Multiclass_Drone_Audio\membo_1\Membo_0_003-membo_004_.wav,Multiclass_Drone_Audio\membo_1\Membo_0_003-membo_004_.wav,al_emadi,Membo_0_003-membo_004,0.896,0.7242837684835066,8.359667778015137,-0.0008039915938851343,0.10754921992076595,-0.0016175247728824615,-0.11863059550523758,0.11110284030437467,0.057124677919995336,8.82853889465332,0.0007200544219619715,0.030196282464337722,-0.00028138948255218565,-0.039345278218388555,0.040722548589110355,0.05286886191264522,9.794853210449219,0.0005261489910335351,0.020574603789886143,0.0006957908044569194,-0.026630751416087152,0.027191210538148866,0.07875114271437957,10.698335647583008,8.30113365249849e-05,0.017778916119196617,0.00019592302851378918,-0.022955531999468804,0.02287954017519952,0.08697154896947329,11.692619323730469,-1.5814442344649924e-05,0.013218029715144776,-0.00013665873848367482,-0.016396479681134224,0.016830630600452423
F:\Seminario\Seminario-Clustering\datasets\davi\Al Emadi (2019)\Multiclass_Drone_Audio\unknown\1-67152-A-170.wav,Multiclass_Drone_Audio\unknown\1-67152-A-170.wav,al_emadi,1-67152-A-170,1.0216875,0.0997201862185101,7.992521286010742,0.00020020143839823723,0.015485262485063746,-3.684563853312284e-05,-0.015036774054169654,0.01652153823524714,0.33351207773503466,7.599279880523682,0.0007209562578452069,0.02831250821335404,4.916989564662799e-05,-0.025905702635645865,0.028277852013707167,0.19378127148093977,8.29890251159668,0.00026128026861307397,0.01528908132813613,0.0002731194254010916,-0.013292538933455944,0.013711945340037347,0.15781338645697635,9.104860305786133,2.6211592851986413e-05,0.0097647789772896,-4.222924189889454e-06,-0.0075756676960736504,0.0076575153041630985,0.21517307810853917,8.337640762329102,-2.5904107411777858e-05,0.008065932933706554,-1.224718835146632e-05,-0.004005388636142015,0.0039410139434039645
F:\Seminario\Seminario-Clustering\datasets\davi\Al Emadi (2019)\Multiclass_Drone_Audio\membo_1\mixed_membo_33-membo_001_.wav,Multiclass_Drone_Audio\membo_1\mixed_membo_33-membo_001_.wav,al_emadi,mixed_membo_33-membo_001,1.024,0.5664296501228178,8.915139198303223,-0.0013324850347363254,0.23258642369786633,-0.008516772650182247,-0.29281415343284606,0.30690453648567206,0.12092760791617987,8.942828178405762,-2.402003274697051e-05,0.10746850733073826,-0.0010679268452804536,-0.134924978017807,0.1417890727519989,0.08416443718795312,9.979694366455078,-0.000813803900759386,0.06348418076980668,-0.0008191237575374544,-0.0848377637565136,0.08154821768403053,0.11590296292136992,10.953767776489258,0.0007143031182629414,0.05272294284683453,0.001016127527691424,-0.06657756119966507,0.06832006573677063,0.11257534185167928,11.941217422485352,0.00012404933532563498,0.03676053425238348,0.00010434736032038927,-0.04655975252389908,0.0468246527016163
F:\Seminario\Seminario-Clustering\datasets\davi\Al Emadi (2019)\Multiclass_Drone_Audio\membo_1\extra_membo_D2_2010.wav,Multiclass_Drone_Audio\membo_1\extra_membo_D2_2010.wav,al_emadi,extra_membo_D2,1.0026875,0.9072233588571745,9.04377269744873,0.00023869877138345366,0.03059059981524644,0.0007425834191963077,-0.042166344821453094,0.041857029497623446,0.019581884211607635,8.868287086486816,7.526147136558401e-05,0.004493765865160815,0.00020249075896572322,-0.005818218737840652,0.005784180015325548,0.03625421065926641,9.89303207397461,-6.851746165749354e-06,0.004331739410365596,-6.195345486048609e-05,-0.005403295159339905,0.0055414121598005295,0.021680265358431247,10.749063491821289,-1.8155411074907846e-06,0.002370418300828185,-6.960161044844426e-06,-0.0029089092276990414,0.00290421221870929,0.015260280913520184,11.717416763305664,3.5279908262108793e-06,0.001406847609218297,-1.5133042325032875e-05,-0.0017225410090759396,0.0017543868627399207
F:\Seminario\Seminario-Clustering\datasets\davi\Al Emadi (2019)\Multiclass_Drone_Audio\membo_1\Membo_0_006-membo_003_.wav,Multiclass_Drone_Audio\membo_1\Membo_0_006-membo_003_.wav,al_emadi,Membo_0_006-membo_003,1.024,0.3109209078572727,9.424585342407227,-6.149696760914894e-05,0.07315178317067714,-0.0005101663991808891,-0.09643895998597145,0.0938444122672081,0.05539812574441758,8.963454246520996,-5.365504944828131e-06,0.03087788964968364,-0.0013329420471563935,-0.04048511981964111,0.0399707242846489,0.14521661640589398,9.845991134643555,0.0009618611633893807,0.03538883636774418,0.0008981696446426213,-0.044177126884460446,0.045537123456597335,0.23039934014051702,10.823949813842773,-0.00011258798899422045,0.031558160644781515,-0.00019531526777427644,-0.038639746606349945,0.03898483142256737,0.2580650098518987,11.873971939086914,3.537098761901901e-05,0.023626985336344532,0.0001272910158149898,-0.02952941209077835,0.02998357340693474
F:\Seminario\Seminario-Clustering\datasets\davi\Al Emadi (2019)\Multiclass_Drone_Audio\unknown\5-260875-A-352.wav,Multiclass_Drone_Audio\unknown\5-260875-A-352.wav,al_emadi,5-260875-A-352,0.97525,0.8434256703399924,8.91830825805664,0.0022134655150494688,0.5963438669347289,-0.014213113114237785,-0.7647375464439392,0.7771265506744385,0.12087045935562504,8.864070892333984,0.0021767495996610686,0.225744007459655,0.018402662128210068,-0.28411126136779785,0.2738659083843231,0.028598910630903373,9.817108154296875,1.246314361293425e-05,0.07776803748706716,-0.00017062044935300946,-0.09851257130503654,0.09652773663401604,0.0059991879985072175,10.831673622131348,-0.00016194069482741022,0.025204725825838194,2.3907865397632122e-05,-0.03215913102030754,0.032042017206549644,0.00110577167497193,11.87895679473877,3.833092247511211e-07,0.007655210016609583,-9.253789903596044e-05,-0.009720872342586517,0.010138577967882163
F:\Seminario\Seminario-Clustering\datasets\davi\Al Emadi (2019)\Multiclass_Drone_Audio\membo_1\Membo_0_038-membo_002_.wav,Multiclass_Drone_Audio\membo_1\Membo_0_038-membo_002_.wav,al_emadi,Membo_0_038-membo_002,1.024,0.6149750776355943,8.993988037109375,-0.0010408096356787583,0.09187203607292808,0.0009590567788109183,-0.11089454889297486,0.10941366627812386,0.05205399997881149,9.1097993850708,-6.995886589402731e-05,0.02673055870103181,-0.00013167521683499217,-0.03572130240499973,0.034952523186802864,0.0634186851614854,9.95305061340332,0.00021121236911154215,0.020892349159875243,0.00029079812520649284,-0.02764127906411886,0.026386588253080843,0.11311082380943975,10.956828117370605,-0.00022093689344144398,0.019746089046630295,0.00015818174870219082,-0.025776801630854607,0.024838991463184357,0.156441413414669,11.897388458251953,1.1382232901504999e-07,0.0164286725477443,-4.3184845708310604e-05,-0.02041613571345806,0.021166010946035388
F:\Seminario\Seminario-Clustering\datasets\davi\Al Emadi (2019)\Multiclass_Drone_Audio\unknown\3-146186-A-441.wav,Multiclass_Drone_Audio\unknown\3-146186-A-441.wav,al_emadi,3-146186-A-441,1.0216875,0.9879219699367473,8.984395980834961,-0.0015324227931340323,0.8789853328284718,0.07637551426887512,-1.1694938778877257,1.0930255770683293,0.00367443217260161,8.755002975463867,-5.2633993533722594e-05,0.053606306934050836,-0.0008400301449000835,-0.06321359649300576,0.06365443468093873,0.00345805566261565,9.657401084899902,-5.236135249657001e-05,0.036835119475616934,0.0004796574357897043,-0.04431416615843773,0.04447513222694397,0.0028598953132987436,10.276199340820312,-0.0001442689197073087,0.023703732008229787,0.0004209525650367141,-0.02583520710468292,0.02536945976316929,0.002085646914736663,11.438056945800781,4.620138816998457e-06,0.014319929936626091,0.00019143172539770603,-0.016327936574816702,0.016131996363401416
F:\Seminario\Seminario-Clustering\datasets\davi\Al Emadi (2019)\Multiclass_Drone_Audio\membo_1\extra_membo_D2_2015.wav,Multiclass_Drone_Audio\membo_1\extra_membo_D2_2015.wav,al_emadi,extra_membo_D2,1.002625,0.9126974814364026,9.07402229309082,3.50703990949471e-05,0.03433300889730379,0.0012799195246770978,-0.044097226858139035,0.04591546654701236,0.01839752860242077,9.011863708496094,7.830745473871426e-06,0.004874475113937549,-6.957093137316406e-05,-0.006270851101726293,0.006417487189173699,0.029924524365483554,9.939430236816406,2.171819480737434e-05,0.00440348559803073,-8.353606972377747e-05,-0.005514145828783512,0.0058259787037968636,0.02214719988537677,10.935039520263672,-4.4013679635530226e-06,0.002681083290132057,1.929732388816774e-05,-0.0034283298067748543,0.0034570202231407167,0.01683326571031626,11.836587905883789,-1.933049952572423e-06,0.001653418166877736,-2.7148544177180156e-05,-0.002057723584584892,0.002104832069016993
F:\Seminario\Seminario-Clustering\datasets\davi\Al Emadi (2019)\Multiclass_Drone_Audio\bebop_1\B_S2_D1_096-bebop_000_.wav,Multiclass_Drone_Audio\bebop_1\B_S2_D1_096-bebop_000_.wav,al_emadi,B_S2_D1_096-bebop_000,1.024,0.9143799241509173,7.990245342254639,0.005979275363452226,0.5921096783675878,0.005191550124436617,-0.6029403865337372,0.5990396022796631,0.014475216608614217,7.563058853149414,-0.001905976298425654,0.07447857375008753,-0.0017890717135742307,-0.0703642264008522,0.06777928620576859,0.01677461512560565,9.804067611694336,-0.00021186171752622757,0.056794022916257327,-0.0009389638435095549,-0.0686286136507988,0.07388121411204338,0.029699944235362267,10.895483016967773,0.0009830887985376696,0.05347356277561606,-0.0004728140775114298,-0.06542092561721802,0.06936179101467133,0.024670299879500573,11.815205574035645,7.639530621722733e-05,0.03448190623803001,6.865360774099827e-05,-0.042470409721136096,0.043033758550882366
F:\Seminario\Seminario-Clustering\datasets\davi\Al Emadi (2019)\Multiclass_Drone_Audio\bebop_1\B_S2_D1_067-bebop_002_.wav,Multiclass_Drone_Audio\bebop_1\B_S2_D1_067-bebop_002_.wav,al_emadi,B_S2_D1_067-bebop_002,1.024,0.7606601271208077,7.9051737785339355,-0.0027169350186561788,0.32034553851886727,-0.004214364569634199,-0.31396495997905727,0.327072361111641,0.01349272562645996,8.775839805603027,0.0009037512499224214,0.04265710407764727,0.000970982713624835,-0.05244529992341995,0.05109547525644303,0.049832557272077846,9.915693283081055,0.0022944539538895243,0.05801958468958782,0.0015597859164699912,-0.07016550302505493,0.0760501116514206,0.09401064883052136,10.887619018554688,-0.002596664748161848,0.056382085953517576,-0.0020402828231453896,-0.07539520412683487,0.0689731240272522,0.08200394115013317,11.941948890686035,-1.9744738725186205e-06,0.03729069460122973,-0.0004287924966774881,-0.04746589884161949,0.047975307703018215
F:\Seminario\Seminario-Clustering\datasets\davi\Al Emadi (2019)\Multiclass_Drone_Audio\membo_1\Membo_2_028-membo_002_.wav,Multiclass_Drone_Audio\membo_1\Membo_2_028-membo_002_.wav,al_emadi,Membo_2_028-membo_002,1.024,0.9165182874217599,8.423603057861328,-0.0035722271295137776,0.47921807662398763,-0.005279163364320993,-0.5485388338565826,0.5704491674900055,0.023941641780627795,6.586491584777832,-0.004488657179461776,0.07732522029561306,-0.000891277362825349,-0.05623303018510341,0.045316964387893684,0.02945650934434085,7.386517524719238,4.439156575648678e-05,0.0608392178117166,-0.00022326037287712097,-0.04383818432688713,0.04305982328951359,0.017541592755477238,9.353797912597656,8.8258457865783e-05,0.0332262558920418,0.0002514921361580491,-0.03240550309419632,0.03211529552936554,0.012541968697794241,11.733973503112793,9.43637908594893e-06,0.019874748481209036,-0.00011075531074311584,-0.024204167723655697,0.02435024268925191
F:\Seminario\Seminario-Clustering\datasets\davi\Al Emadi (2019)\Multiclass_Drone_Audio\unknown\4-188033-A-382.wav,Multiclass_Drone_Audio\unknown\4-188033-A-382.wav,al_emadi,4-188033-A-382,0.97525,0.1507878365112916,5.193578720092773,-0.002243975127051388,0.020612210038564675,-4.607347836582676e-11,-1.0165887943003327e-05,7.873313734307885e-06,0.22338920904009466,2.986588954925537,-7.787492035319602e-05,0.025236489521386917,0.0,-8.39943368191598e-06,8.399432772421278e-06,0.35327626262714523,4.542806625366211,0.00013713502939862406,0.022474970343549713,0.0,-8.944891760620521e-06,8.444182640232611e-06,0.2084931810229772,4.699400901794434,-6.59719725496227e-06,0.012218394034230374,0.0,-6.773118911951315e-06,6.773118911951315e-06,0.06405351079849134,5.313534259796143,2.1013732696251103e-07,0.004790925158617421,0.0,-1.0035098512162222e-06,1.0035098512162222e-06
F:\Seminario\Seminario-Clustering\datasets\davi\Al Emadi (2019)\Multiclass_Drone_Audio\bebop_1\mixed_33-bebop_001_.wav,Multiclass_Drone_Audio\bebop_1\mixed_33-bebop_001_.wav,al_emadi,mixed_33-bebop_001,1.024,0.4635870002683258,8.95965576171875,-0.0011891358371516599,0.20669470315517555,-0.00014604558236896992,-0.25451806783676145,0.2540159076452255,0.1280324943862362,8.986873626708984,0.00043259118675159343,0.10862444352257168,-0.002721245400607586,-0.1399795427918434,0.1423205688595772,0.10487007497891511,9.934503555297852,-0.0013869401013998992,0.06960314565271605,-0.001069434336386621,-0.09121154770255088,0.08803254142403603,0.15566383226700253,10.965409278869629,0.0011137709793178192,0.060015539155471774,0.0009849239140748978,-0.07632814347743988,0.07825226336717606,0.1478465980995204,11.940286636352539,8.071731206299135e-05,0.04138280004477521,-6.621773354709148e-05,-0.05251677185297012,0.053043501824140554
F:\Seminario\Seminario-Clustering\datasets\davi\Al Emadi (2019)\Multiclass_Drone_Audio\unknown\3-181278-A-221.wav,Multiclass_Drone_Audio\unknown\3-181278-A-221.wav,al_emadi,3-181278-A-221,1.0216875,0.18929103941739184,8.316766738891602,-2.814870434613891e-05,0.07369864624320145,0.0008756853640079498,-0.08569005057215691,0.08514740318059927,0.3799761553078591,7.294456481933594,0.0016567971301049897,0.10440421355863445,-0.0028425627388060093,-0.1002577818930149,0.10365543365478516,0.2806875452349833,9.055015563964844,-0.0010425022612005406,0.06355844364835876,-0.0008863928960636258,-0.07040421962738037,0.06990671604871751,0.12253657062295907,8.934183120727539,-0.00011888427510683614,0.029720264156962578,-5.4843752877786756e-05,-0.026354086957871913,0.026076729409396655,0.027508689416806655,9.847721099853516,-2.53488982757769e-05,0.009961566461436084,7.4616255005821586e-06,-0.009073178470134734,0.009047998860478404
F:\Seminario\Seminario-Clustering\datasets\davi\Al Emadi (2019)\Multiclass_Drone_Audio\unknown\4-128659-A-334.wav,Multiclass_Drone_Audio\unknown\4-128659-A-334.wav,al_emadi,4-128659-A-334,0.95975,0.08581091114154235,7.621821403503418,0.0014318266098221314,0.0021676242334979336,0.001412137527950108,-1.3454603958962252e-05,0.0029401335632428527,0.16376060788674188,6.654077529907227,0.0001683536421551882,0.0035848075446038422,4.520467882684898e-06,-0.0018959413282573223,0.0020185664761811495,0.14274756244884987,5.982928276062012,4.6338995794091685e-05,0.002373090330488696,2.1024308693995408e-07,-0.0008180656703189015,0.000842561351601035,0.32266096487320883,5.583772659301758,-1.5708182992546527e-05,0.0025252314662722007,-1.915096390803228e-06,-0.0005195094214286655,0.0005033940193243325,0.2850199536496571,6.003347396850586,-2.6823078092429926e-06,0.0016790215693180716,0.0,-0.00032889668364077806,0.00032052636379376054
F:\Seminario\Seminario-Clustering\datasets\davi\Al Emadi (2019)\Multiclass_Drone_Audio\unknown\2-105270-A-474.wav,Multiclass_Drone_Audio\unknown\2-105270-A-474.wav,al_emadi,2-105270-A-474,0.95975,0.9826738210169098,8.89860725402832,-0.0002335883775464689,0.0631007824532068,-0.005451808916404843,-0.07137034833431244,0.08734863623976707,0.012805703847843445,8.731142044067383,3.971290009628449e-05,0.007203244217271885,3.353532520122826e-06,-0.008853788487613201,0.008988012094050646,0.0036553726175523426,9.550374984741211,9.134198994793047e-06,0.002726274739772487,4.863317371928133e-05,-0.0031952790915966032,0.003247781936079264,0.000625533471468368,10.594748497009277,4.040563418464777e-06,0.0007980858290548549,1.1680742318276316e-05,-0.000956265366403386,0.00096483260858804,0.0002395690462260204,11.836525917053223,-1.8580579372805627e-07,0.00034940410805519407,-4.073168383911252e-06,-0.0004420190234668553,0.00044767811778001487
F:\Seminario\Seminario-Clustering\datasets\davi\Al Emadi (2019)\Multiclass_Drone_Audio\unknown\3-132747-A-264.wav,Multiclass_Drone_Audio\unknown\3-132747-A-264.wav,al_emadi,3-132747-A-264,0.95975,0.9792163985027866,8.246593475341797,-0.0005176550419285407,0.007777054697232838,0.0,-0.011028631590306759,0.011498536914587021,0.004604410687678483,7.680788993835449,4.199560203595604e-06,0.0005344528200882302,0.0,-0.0005635417182929814,0.0005953258078079671,0.008328653303631143,8.731400489807129,-8.184935512659862e-06,0.0005091435473205232,0.0,-0.0005595745868049562,0.0005336066591553391,0.004236793633012882,9.673698425292969,4.773157732419971e-06,0.00025696642674744025,0.0,-0.0002815314976032823,0.00029079415253363555,0.003613743872890856,10.383560180664062,-8.084646326457754e-07,0.00016791484452266251,0.0,-0.00018530238594394177,0.00018671364523470402
F:\Seminario\Seminario-Clustering\datasets\davi\Al Emadi (2019)\Multiclass_Drone_Audio\bebop_1\mixed_61-bebop_000_.wav,Multiclass_Drone_Audio\bebop_1\mixed_61-bebop_000_.wav,al_emadi,mixed_61-bebop_000,1.024,0.4505277115760868,7.427915573120117,0.0004057025774246425,0.20656079878255443,-0.002475211163982749,-0.18905592411756517,0.1696633622050286,0.07945271986968017,8.633340835571289,0.0018186688298264572,0.08672551802383219,0.0009619067132007331,-0.10473074242472648,0.10840491577982903,0.2914444261052134,9.557295799255371,-0.0015158200540409596,0.11763815401076877,-0.0012760731624439359,-0.1505130872130394,0.14392933398485183,0.12384433331571106,10.544724464416504,-6.178307869151176e-06,0.05427499355650702,-0.0011203988688066602,-0.06390725076198578,0.06306880712509155,0.05473080913330856,11.641812324523926,7.903495073624471e-05,0.02552383746594552,-0.0003088011289946735,-0.03058866485953331,0.030422898009419462
F:\Seminario\Seminario-Clustering\datasets\davi\Al Emadi (2019)\Multiclass_Drone_Audio\unknown\5-187979-A-212.wav,Multiclass_Drone_Audio\unknown\5-187979-A-212.wav,al_emadi,5-187979-A-212,0.97525,0.9923627555123186,3.469949722290039,1.3875938510902229e-06,1.2890498541041593e-05,0.0,0.0,0.0,0.0011946364466664517,0.46844473481178284,6.8904803140864665e-09,4.497830913740732e-07,0.0,0.0,0.0,0.004541790643928082,0.67526775598526,-9.059083659093368e-09,6.210887072566348e-07,0.0,0.0,0.0,0.00040425965594276556,0.8649897575378418,4.526038548327729e-10,1.3113910380339013e-07,0.0,0.0,0.0,0.0014965577411441072,0.5710849761962891,-1.3823955319486235e-09,1.784916722862682e-07,0.0,0.0,0.0
F:\Seminario\Seminario-Clustering\datasets\davi\Al Emadi (2019)\Multiclass_Drone_Audio\bebop_1\B_S2_D1_109-bebop_000_.wav,Multiclass_Drone_Audio\bebop_1\B_S2_D1_109-bebop_000_.wav,al_emadi,B_S2_D1_109-bebop_000,1.024,0.3993692792574197,8.50545883178711,0.001715509215702113,0.15284632327762765,0.001992521923966706,-0.16661376655101776,0.18089530467987064,0.03309444910299926,8.98514175415039,-0.00010399333149357473,0.04400189485152248,-0.002924982109107077,-0.055123635753989216,0.05418950393795967,0.1185075836484556,9.911947250366211,-0.0004794309347261631,0.05896199025876398,-0.00036826528958044946,-0.07590968981385231,0.0736510343849659,0.25449388014741486,10.938864707946777,0.0003483844356303315,0.0611505503018237,-0.00011674757115542889,-0.07674434036016464,0.07864440232515335,0.1945348078437106,11.924715042114258,7.065354277463766e-06,0.037821417175656284,-0.0003881034208461642,-0.04804298281669617,0.04814996495842934
F:\Seminario\Seminario-Clustering\datasets\davi\Al Emadi (2019)\Multiclass_Drone_Audio\bebop_1\mixed_54-bebop_001_.wav,Multiclass_Drone_Audio\bebop_1\mixed_54-bebop_001_.wav,al_emadi,mixed_54-bebop_001,1.024,0.7383457474967536,8.853028297424316,-0.00872459232906621,0.3332453633156263,-0.010626154951751232,-0.4232455849647522,0.4145237386226655,0.06668356729769544,8.782758712768555,0.000596125413340435,0.10018085587689418,-0.000964273203862831,-0.11880050227046013,0.12309012785553933,0.0422887585910708,9.794599533081055,-0.0015734588378640388,0.056473585881551075,-0.0005250338872428983,-0.07278039008378982,0.06624345555901529,0.04300132814795914,10.92004108428955,0.00035010843693351516,0.04031635766205769,0.00042570463847368956,-0.05098491907119751,0.05150456726551056,0.10968059846652103,12.058012008666992,0.00016446272870366968,0.0455500878943093,0.00024317929637618363,-0.05918231531977654,0.05987411364912988
F:\Seminario\Seminario-Clustering\datasets\davi\Al Emadi (2019)\Multiclass_Drone_Audio\bebop_1\mixed_52-bebop_003_.wav,Multiclass_Drone_Audio\bebop_1\mixed_52-bebop_003_.wav,al_emadi,mixed_52-bebop_003,1.024,0.7488112852254751,8.641409873962402,-0.0015472897393990633,0.1947750397644768,-0.012968463823199272,-0.2250883564352989,0.2373524844646454,0.03497486335400588,8.999969482421875,0.0012770269738026506,0.04207643133063736,0.0018932021339423954,-0.05463735274970531,0.05370407029986382,0.05955856956340303,9.930580139160156,0.0014025001341335117,0.038874866426946195,0.0012361143017187715,-0.04750871360301971,0.051700250804424294,0.08970083029643842,10.87843132019043,0.001129812346297544,0.03376679475961384,0.0011563020525500178,-0.041770536452531815,0.043593186885118484,0.06695445156067759,11.847672462463379,7.251863201391938e-05,0.02064866587265481,0.00013821054017171264,-0.025847987830638887,0.025867548212409035
F:\Seminario\Seminario-Clustering\datasets\davi\Al Emadi (2019)\Multiclass_Drone_Audio\membo_1\mixed_membo_16-membo_004_.wav,Multiclass_Drone_Audio\membo_1\mixed_membo_16-membo_004_.wav,al_emadi,mixed_membo_16-membo_004,0.904,0.45533627275753047,9.067506790161133,0.0007723786716181936,0.04058248448526045,3.084300988120958e-05,-0.04962946884334087,0.050649555027484895,0.041137760047069885,8.715007781982422,-2.372272724292438e-05,0.012200303567139865,-9.431536818738095e-05,-0.015311135537922382,0.015857443027198315,0.09131086774380989,9.751359939575195,5.277759445815916e-05,0.01287391953968242,2.017388078456861e-05,-0.015836630016565323,0.016634353064000608,0.15872242598371158,10.662250518798828,0.00011343231071256537,0.012013163253142698,-1.0068673873320222e-05,-0.01502141822129488,0.01543767936527729,0.2534926734678781,11.683250427246094,-6.870953248983597e-06,0.010740764523245391,4.791341780219227e-05,-0.01358058787882328,0.013438731990754607
F:\Seminario\Seminario-Clustering\datasets\davi\Al Emadi (2019)\Multiclass_Drone_Audio\membo_1\mixed_membo_45-membo_004_.wav,Multiclass_Drone_Audio\membo_1\mixed_membo_45-membo_004_.wav,al_emadi,mixed_membo_45-membo_004,0.904,0.9500431449442707,8.404231071472168,-0.001019921983626753,0.28387717253739597,0.0031859895680099726,-0.33487658500671386,0.3403004080057144,0.036338624029362304,7.531219482421875,0.0005013186324144404,0.05551727485839831,0.00022175543563207611,-0.05166669078171253,0.050957795232534416,0.007151696158777225,8.289100646972656,0.00016484250786556447,0.017444109001244167,0.0003183593798894435,-0.015062558464705944,0.015564103610813623,0.002311781348533237,10.500052452087402,-7.983958356207214e-05,0.007019615481888245,-3.067237412324175e-05,-0.008583193644881248,0.008203601464629173,0.004154753519056572,11.019194602966309,-1.2530871209273931e-05,0.00665786372328655,1.6153242540895008e-05,-0.007550986669957637,0.007438157405704265
F:\Seminario\Seminario-Clustering\datasets\davi\Al Emadi (2019)\Multiclass_Drone_Audio\bebop_1\mixed_26-bebop_004_.wav,Multiclass_Drone_Audio\bebop_1\mixed_26-bebop_004_.wav,al_emadi,mixed_26-bebop_004,0.904,0.9597666585825899,9.121648788452148,-0.020434832811396526,0.7510503632723551,-0.08649179339408875,-1.0184860825538635,1.0515822410583497,0.007722137169123654,8.793325424194336,0.0004141327594330145,0.06739186928796981,0.003091178834438324,-0.0886912316083908,0.08196394741535189,0.008990926921185907,9.724859237670898,0.0011283800785266511,0.051492853845533926,0.00030455971136689186,-0.06367678865790367,0.0672023318707943,0.012061850045233299,10.793503761291504,0.0003074161114125623,0.04222297449759353,0.0017185902688652277,-0.05507567897439003,0.05478450283408165,0.011458427281867205,11.77635383605957,-2.1981052246706468e-05,0.02911459441107802,0.000191577710211277,-0.03728426694869995,0.037251537293195726
F:\Seminario\Seminario-Clustering\datasets\davi\Al Emadi (2019)\Multiclass_Drone_Audio\unknown\1-260640-A-23.wav,Multiclass_Drone_Audio\unknown\1-260640-A-23.wav,al_emadi,1-260640-A-23,1.0216875,0.0819515505939259,8.10013198852539,-0.0014636186755566717,0.1827142976981617,-0.0022290258202701807,-0.19708926379680633,0.18161252290010468,0.06718541792554035,7.314743518829346,0.006036810738954432,0.16533168142867483,0.0014500783872790635,-0.11754497140645981,0.1301746115088463,0.1026117568436681,8.317544937133789,-0.0024783191560786796,0.14479995218779904,-0.0014815254835411906,-0.11130298674106598,0.11601525098085408,0.5440317280642551,8.751705169677734,-0.0015939899663864666,0.23596024610144106,-0.0008836968918330967,-0.14501464515924453,0.14167798608541493,0.20421954657261052,9.62548828125,4.2689316575400196e-05,0.10227183706484613,-5.218957085162401e-05,-0.056841699033975596,0.05617333054542543
F:\Seminario\Seminario-Clustering\datasets\davi\Al Emadi (2019)\Multiclass_Drone_Audio\bebop_1\mixed_51-bebop_003_.wav,Multiclass_Drone_Audio\bebop_1\mixed_51-bebop_003_.wav,al_emadi,mixed_51-bebop_003,1.024,0.6963133229003059,8.67724609375,-0.0012396495857104224,0.16503687456553795,-0.003873300040140748,-0.19822990745306016,0.2078250974416733,0.04608528552442812,8.644773483276367,-0.0012513934817160615,0.04244077638165194,-0.0010709267808124423,-0.050687619671225544,0.04718688428401947,0.06625400541580724,9.933280944824219,-9.086659522410306e-05,0.03605072237539008,0.0015311742899939418,-0.04589512087404728,0.0451096847653389,0.11475237861886486,10.920686721801758,-0.0012994969724455091,0.033552119857138026,-0.0005677526351064444,-0.04500564932823181,0.04142000153660774,0.07659500754059388,11.929752349853516,-7.72387334615857e-05,0.019405811826323685,-0.0001571571483509615,-0.02485530376434326,0.024795985594391824
F:\Seminario\Seminario-Clustering\datasets\davi\Al Emadi (2019)\Multiclass_Drone_Audio\unknown\4-161099-B-474.wav,Multiclass_Drone_Audio\unknown\4-161099-B-474.wav,al_emadi,4-161099-B-474,0.95975,0.47123259730586675,8.769634246826172,0.00270604920104979,0.7553628822838049,0.00033530592918395996,-0.9414002895355225,0.9789042770862579,0.28016205569881303,8.68323040008545,0.006058897007947044,0.5824007371104053,0.009203297551721334,-0.6807542443275452,0.7284606397151947,0.17182084511313284,9.686037063598633,-0.0038945421283193803,0.32308762510067174,-0.0057441964745521545,-0.4082343578338623,0.39118931889534,0.06556363037959669,10.48289966583252,-0.001161521321517097,0.14123893805549748,-0.003175702295266092,-0.17103663384914397,0.16611042320728303,0.011220871502590666,11.166773796081543,2.396953557319687e-06,0.041336504925549016,5.363486707210541e-05,-0.04612036421895027,0.045065876096487045
F:\Seminario\Seminario-Clustering\datasets\davi\Al Emadi (2019)\Multiclass_Drone_Audio\bebop_1\B_S2_D1_082-bebop_002_.wav,Multiclass_Drone_Audio\bebop_1\B_S2_D1_082-bebop_002_.wav,al_emadi,B_S2_D1_082-bebop_002,1.024,0.633681361072681,8.462907791137695,-0.0008513919227006077,0.30361580871827026,0.0013631230685859919,-0.34922988414764405,0.3248083025217056,0.027568163432431583,8.941450119018555,0.0005174696520908998,0.06332570685857547,0.0015448100748471916,-0.08120758533477783,0.08186304941773415,0.0882297908514981,9.868830680847168,-0.0003408780180352188,0.08022555043702524,0.0009184434893541038,-0.10302161127328872,0.10008764341473579,0.14840112214693044,10.900866508483887,0.0008850479070890058,0.0736294490568534,0.0003468968207016587,-0.09156470000743866,0.09517576545476913,0.10211956249645882,11.941360473632812,-8.61591933171506e-05,0.043210406472783985,7.826602086424828e-07,-0.05536548048257828,0.054120571166276936
F:\Seminario\Seminario-Clustering\datasets\davi\Al Emadi (2019)\Multiclass_Drone_Audio\unknown\4-181599-A-262.wav,Multiclass_Drone_Audio\unknown\4-181599-A-262.wav,al_emadi,4-181599-A-262,0.97525,0.8986761333886328,9.930014610290527,0.5675197403638734,0.058244202430778415,0.5718414783477783,0.5475233793258667,0.5938443541526794,0.004835916308600104,7.051736354827881,0.00020140808770598257,0.04184937099193734,0.000597725622355938,-0.022438419982790947,0.022884249687194824,0.03858938242357653,7.116655349731445,-0.0009270802013821717,0.08371667170898824,-0.00012985640205442905,-0.021208006888628006,0.01920085120946169,0.047200854305588374,7.61962890625,0.00016228025377367056,0.06552342096700285,0.0003021957818418741,-0.0175963481888175,0.01906272117048502,0.010697713573602125,8.711346626281738,1.835124404572337e-05,0.02206723768499588,-1.0304269380867481e-05,-0.009217691421508788,0.009620440378785136
F:\Seminario\Seminario-Clustering\datasets\davi\Al Emadi (2019)\Multiclass_Drone_Audio\membo_1\Membo_2_013-membo_000_.wav,Multiclass_Drone_Audio\membo_1\Membo_2_013-membo_000_.wav,al_emadi,Membo_2_013-membo_000,1.024,0.6447531983152839,8.851335525512695,-0.00018414951068602357,0.09588685256446626,-7.976661436259747e-05,-0.11184818148612977,0.10765782445669174,0.031143659358862697,8.999987602233887,1.5178845583735875e-05,0.021074040278840685,-0.0008494357171002775,-0.026151842251420022,0.028188279643654824,0.05811526075469807,9.948606491088867,0.00021219058719366388,0.020384640850767143,-6.798821414122358e-05,-0.02612654082477093,0.026615629531443124,0.09901909426594481,10.85125732421875,-0.0001260198330260226,0.018831572706449914,-5.033572597312741e-05,-0.024000076577067375,0.023727042600512505,0.16696878730521053,11.918506622314453,2.0578246455319405e-06,0.01729915454223351,-0.00013481616042554379,-0.02234179601073265,0.0218557920306921
F:\Seminario\Seminario-Clustering\datasets\davi\Al Emadi (2019)\Multiclass_Drone_Audio\unknown\4-213915-B-33.wav,Multiclass_Drone_Audio\unknown\4-213915-B-33.wav,al_emadi,4-213915-B-33,1.0216875,0.6193904341429788,8.82448959350586,-0.0009615167459936864,0.7486721079857762,-0.009937505703419447,-0.945137357711792,0.9544881165027624,0.18740132337742219,8.762300491333008,-0.006187171238650756,0.41176274585932726,-0.006812197854742408,-0.5290466248989105,0.5564174830913546,0.1488721316932939,9.58127498626709,0.0015767498579380326,0.25997648476742174,-0.001959465676918626,-0.32389081120491026,0.32945613265037543,0.04086388079536739,10.315128326416016,-7.532807389689431e-05,0.09638471876334977,-0.0004416512092575431,-0.11164738088846206,0.11076752692461014,0.0034722299909377297,11.322528839111328,-3.1321871214914087e-06,0.019875293811291918,-0.0001346671488136053,-0.022589443251490593,0.023595984280109422
F:\Seminario\Seminario-Clustering\datasets\davi\Al Emadi (2019)\Multiclass_Drone_Audio\unknown\1-19872-B-362.wav,Multiclass_Drone_Audio\unknown\1-19872-B-362.wav,al_emadi,1-19872-B-362,0.97525,0.5198787603713576,9.229601860046387,-0.006707365543910973,0.22267129339579822,-0.018304429948329926,-0.2982671856880188,0.29214105010032654,0.16641020746523885,8.868387222290039,-2.82743003240252e-05,0.1260375931473984,0.0012563357595354319,-0.1520681530237198,0.16636452078819275,0.12518710227845103,9.949238777160645,0.001289123027286195,0.07740691813555449,0.0015910799847915769,-0.09986130893230438,0.10107744112610817,0.11723240651994385,10.896724700927734,0.0003701833051955602,0.053014146221818,-0.0005247716035228223,-0.06702359393239021,0.06986838579177856,0.07129152336500869,11.84795093536377,-9.6590478039e-05,0.029246557738928845,-0.00036698603071272373,-0.03675070703029633,0.03708824962377549
F:\Seminario\Seminario-Clustering\datasets\davi\Al Emadi (2019)\Multiclass_Drone_Audio\unknown\2-117617-A-484.wav,Multiclass_Drone_Audio\unknown\2-117617-A-484.wav,al_emadi,2-117617-A-484,0.95975,0.34128661526614784,8.161649703979492,0.27950191581245765,0.9912347309764346,0.14808717370033264,-0.6834478676319122,1.3566195368766785,0.19038360260540804,8.12923812866211,-0.0349405118964196,0.7684157713930058,-0.02039956022053957,-0.85511115193367,0.8045314848423004,0.1651675150805539,9.195286750793457,0.0022630887606798055,0.5075294008435526,0.009279841557145119,-0.5722845196723938,0.5854410052299504,0.14107459303065922,10.284939765930176,-0.0007202523679273352,0.3319328722820354,0.0023874376202002168,-0.4103960067033768,0.3931293755769731,0.16208767401723098,11.244367599487305,0.000710878106222793,0.25169984607342977,7.798860315233469e-05,-0.3013990521430969,0.3068391978740692
F:\Seminario\Seminario-Clustering\datasets\davi\Al Emadi (2019)\Multiclass_Drone_Audio\membo_1\Membo_1_004-membo_003_.wav,Multiclass_Drone_Audio\membo_1\Membo_1_004-membo_003_.wav,al_emadi,Membo_1_004-membo_003,1.024,0.7218387492868203,8.902494430541992,0.00011375586522598435,0.11818370170207816,0.0006779227405786514,-0.1409112885594368,0.14595604091882705,0.043811139337153956,9.08707046508789,2.7732966095887268e-05,0.02911587102700324,-0.0006918686558492482,-0.038114290311932565,0.03822431974112987,0.047803462006356504,9.907024383544922,0.0003915463770391055,0.02153346878148064,0.0006156793388072401,-0.02766996398568153,0.026904677599668504,0.07823884645345881,10.852154731750488,-3.150515139494649e-05,0.01949943758617666,-4.32512752013281e-05,-0.0246232058852911,0.024254832416772842,0.10830780291621037,11.899882316589355,1.1398762513461789e-05,0.01622974160276886,-0.0001280846627196297,-0.02015380151569843,0.020660584792494777
F:\Seminario\Seminario-Clustering\datasets\davi\Al Emadi (2019)\Multiclass_Drone_Audio\unknown\2-109231-C-90.wav,Multiclass_Drone_Audio\unknown\2-109231-C-90.wav,al_emadi,2-109231-C-90,1.0216875,0.07927050097058039,8.999628067016602,-0.0006078139891039856,0.09587912250500902,-0.001983271795324981,-0.12399329096078873,0.12622834295034413,0.025956976697885336,7.982782363891602,-0.0012631676112830953,0.05485154778744603,-5.7219789596274495e-05,-0.05762944668531418,0.06046789549291135,0.5183671436989312,8.558841705322266,-0.001681764823067523,0.17366044705935513,6.89325388520956e-05,-0.1571648210287094,0.14679634571075442,0.3531554135301328,9.615509033203125,-5.167740740960285e-05,0.10143517885061196,-6.430742723750882e-05,-0.09733515977859497,0.0968660853803158,0.02324996510247027,10.596142768859863,-4.9864314883338836e-06,0.018411436819856002,6.852584920125082e-05,-0.017082700133323667,0.016867524385452273
F:\Seminario\Seminario-Clustering\datasets\davi\Al Emadi (2019)\Multiclass_Drone_Audio\membo_1\Membo_0_037-membo_002_.wav,Multiclass_Drone_Audio\membo_1\Membo_0_037-membo_002_.wav,al_emadi,Membo_0_037-membo_002,1.024,0.5627715911288835,9.459406852722168,-0.00024275538936546705,0.09317488157642653,0.0004459129413589835,-0.1226048119366169,0.12110397592186928,0.06309861075562419,9.0457124710083,-8.613736281757474e-05,0.03119912964784789,-0.000783942814450711,-0.03969312682747841,0.04200434498488903,0.05818785643048938,9.884969711303711,-3.2243121175716396e-05,0.021216234875726575,0.00040217372588813305,-0.026508738100528718,0.026282579265534883,0.12422345616296773,10.943416595458984,0.00015063750890374053,0.021938126089184273,-0.0004303429741412401,-0.02800619974732399,0.028158582746982574,0.1917184855220352,11.912768363952637,1.102194927103364e-05,0.019280145262344447,-3.1161034712567925e-06,-0.024431271106004713,0.024232797697186472
F:\Seminario\Seminario-Clustering\datasets\davi\Al Emadi (2019)\Multiclass_Drone_Audio\unknown\5-157204-B-160.wav,Multiclass_Drone_Audio\unknown\5-157204-B-160.wav,al_emadi,5-157204-B-160,1.0216875,0.9523691256604375,9.088220596313477,-0.00584628789142999,0.34443579752827,-0.030693053267896175,-0.4547061800956726,0.4744935661554337,0.011323978445799203,8.776993751525879,-0.0004490678849961185,0.03756095798876521,-0.0006847050099167973,-0.04753139913082123,0.04543341062963009,0.012696726678432222,9.913331985473633,-0.00011824688020756804,0.02817317708471284,6.56693009659648e-05,-0.03617080003023147,0.03508671671152115,0.008859906805759645,10.933579444885254,0.0002955469846456645,0.016651106599419523,0.00036749744322150946,-0.020972097851336,0.021589307673275472,0.014750262409571452,11.910520553588867,1.0172799314812078e-05,0.015200837265477902,6.248039426282048e-05,-0.01966080404818058,0.0193797342479229
F:\Seminario\Seminario-Clustering\datasets\davi\Al Emadi (2019)\Multiclass_Drone_Audio\membo_1\Membo_1_033-membo_000_.wav,Multiclass_Drone_Audio\membo_1\Membo_1_033-membo_000_.wav,al_emadi,Membo_1_033-membo_000,1.024,0.4317938618285002,9.175910949707031,-0.0009595926058731829,0.06832468847837725,0.001425454393029213,-0.09159935638308525,0.08816411420702935,0.04032628008789136,8.981340408325195,-0.0002764697500080146,0.020880374270594464,-0.0005522077262867242,-0.026604018919169903,0.025887141562998296,0.10833711532996335,9.845871925354004,5.115639343932013e-05,0.024237527378962877,0.00018946950149256736,-0.030995292589068413,0.03130370453000069,0.1879421821129317,10.82795524597168,-0.00010334535283948606,0.022592463276100143,3.865192411467433e-05,-0.028059326112270355,0.02849331870675087,0.23160056064071338,11.844412803649902,-2.9837587835334167e-05,0.017741714433207288,6.430708890547976e-05,-0.022181194648146628,0.02238877676427366
F:\Seminario\Seminario-Clustering\datasets\davi\Al Emadi (2019)\Multiclass_Drone_Audio\membo_1\Membo_1_046-membo_001_.wav,Multiclass_Drone_Audio\membo_1\Membo_1_046-membo_001_.wav,al_emadi,Membo_1_046-membo_001,1.024,0.7895761290865272,8.479681015014648,-0.001311114027438396,0.1382916161849772,-0.006528279045596719,-0.14669737368822097,0.15323033630847932,0.024041104779740672,9.00393295288086,0.00011166810581926256,0.02413186600098597,-0.00010467243555467576,-0.0314031720161438,0.03232016675174236,0.02921190212617608,9.922629356384277,-5.786043981794348e-05,0.018837125110595414,0.00025782009470276535,-0.024025345221161842,0.024051637947559358,0.0578992301584198,10.865736961364746,-0.00012635774662276135,0.01876802861165681,0.00022516463650390506,-0.024290716275572777,0.023085525259375572,0.09927163384913626,11.837444305419922,-2.01282454794944e-05,0.01738500346971081,-2.4510984076187015e-05,-0.021508648991584778,0.022099917382001878
F:\Seminario\Seminario-Clustering\datasets\davi\Al Emadi (2019)\Multiclass_Drone_Audio\unknown\5-198411-F-204.wav,Multiclass_Drone_Audio\unknown\5-198411-F-204.wav,al_emadi,5-198411-F-204,0.95975,0.05151233935009722,7.454344749450684,0.0009751932792942566,0.027126371412218273,-0.00013574882177636027,-0.02561345510184765,0.026454703882336617,0.1561377245909374,7.522671222686768,0.000963755020725245,0.047247639015113405,-0.00025195765192620456,-0.043175021186470985,0.05222492106258869,0.46286091034491234,8.237005233764648,-0.00015031729280750583,0.057638608336798264,9.584899817127734e-05,-0.0541866198182106,0.05020606666803361,0.2794402109330701,9.35965633392334,0.0008185644781010557,0.03168202596239854,9.100323950406164e-05,-0.025376007333397864,0.031264187768101706,0.050048814780982984,10.269204139709473,-7.1235427267099075e-06,0.009488399999109309,6.766054866602644e-06,-0.0077294278889894485,0.007852776907384396
F:\Seminario\Seminario-Clustering\datasets\davi\Al Emadi (2019)\Multiclass_Drone_Audio\unknown\4-167571-A-263.wav,Multiclass_Drone_Audio\unknown\4-167571-A-263.wav,al_emadi,4-167571-A-263,1.0216875,0.0,-0.0,0.0,0.0,0.0,0.0,0.0,0.0,-0.0,0.0,0.0,0.0,0.0,0.0,0.0,-0.0,0.0,0.0,0.0,0.0,0.0,0.0,-0.0,0.0,0.0,0.0,0.0,0.0,0.0,-0.0,0.0,0.0,0.0,0.0,0.0
F:\Seminario\Seminario-Clustering\datasets\davi\Al Emadi (2019)\Multiclass_Drone_Audio\unknown\3-156391-A-350.wav,Multiclass_Drone_Audio\unknown\3-156391-A-350.wav,al_emadi,3-156391-A-350,1.0216875,0.9133638699605449,9.054965019226074,-6.739679222984479e-06,0.13176411802879742,0.0018454124219715595,-0.16954260915517808,0.1699593380093575,0.033744755995198605,8.973567008972168,-0.0012073947786375497,0.025297889976724833,-0.001242122845724225,-0.033327328786253926,0.030883396230638037,0.027539958553984077,9.908638000488281,-0.0004014984318441843,0.01620127284406648,-0.0004238318360876292,-0.02154054492712021,0.020753499865531922,0.009440423788884118,10.96153450012207,-0.0001502465005141822,0.006712603085667445,-0.00017714172281557694,-0.008713688049465417,0.00845058187842369,0.015910991701388294,12.075787544250488,1.9017366838350506e-05,0.0061662533112620465,4.1982042603194714e-05,-0.008067650906741618,0.00800371915102005
F:\Seminario\Seminario-Clustering\datasets\davi\Al Emadi (2019)\Multiclass_Drone_Audio\membo_1\Membo_0_036-membo_004_.wav,Multiclass_Drone_Audio\membo_1\Membo_0_036-membo_004_.wav,al_emadi,Membo_0_036-membo_004,0.896,0.47802019636531734,8.9493408203125,-0.0011224835141027086,0.07005261073155411,-0.0003784783184528351,-0.09593332186341284,0.08848252147436139,0.09372811541267048,8.788960456848145,-8.38867950479308e-05,0.0310234660009557,0.00016971665900200605,-0.04141975827515125,0.039354427903890606,0.09627181373616657,9.681319236755371,0.00011698461334278188,0.022269422627249392,0.00036041761632077396,-0.02760733515024185,0.029072773829102512,0.1459132659883484,10.532583236694336,-0.0001954300043564086,0.019404338701269785,-0.000658694189041853,-0.023280686512589455,0.023979888111352928,0.18606660849749723,11.695064544677734,3.1026971471840286e-05,0.015502570250104885,0.0001454529701732099,-0.01948612742125988,0.01967502385377884
F:\Seminario\Seminario-Clustering\datasets\davi\Al Emadi (2019)\Multiclass_Drone_Audio\bebop_1\B_S2_D1_116-bebop_003_.wav,Multiclass_Drone_Audio\bebop_1\B_S2_D1_116-bebop_003_.wav,al_emadi,B_S2_D1_116-bebop_003,1.024,0.7859740286326833,8.452191352844238,-0.0005781718797063979,0.41402080666242225,-0.008173294365406036,-0.46822310388088223,0.5008269488811493,0.02300150964914997,8.856910705566406,0.0012406980993510993,0.07081577549246619,-0.0006803687138017267,-0.08775594905018806,0.09253376945853237,0.049522009533064994,9.925230026245117,0.0003341132693163626,0.0735921560988395,0.000544553273357451,-0.09220673963427543,0.09537242949008942,0.07841581897471353,10.976973533630371,0.0002315274448452735,0.06553772606469271,0.0010052754078060389,-0.08340033888816833,0.08409570902585983,0.06308663321038824,11.920663833618164,4.9955106171194915e-05,0.04158445321129237,0.0004029545816592872,-0.05330349057912826,0.052250515669584274
F:\Seminario\Seminario-Clustering\datasets\davi\Al Emadi (2019)\Multiclass_Drone_Audio\bebop_1\B_S2_D1_087-bebop_004_.wav,Multiclass_Drone_Audio\bebop_1\B_S2_D1_087-bebop_004_.wav,al_emadi,B_S2_D1_087-bebop_004,0.896,0.708487593055941,8.368165969848633,-0.0015749672594007327,0.3253705615314827,-0.011385570745915174,-0.3908388078212738,0.39318495690822597,0.023490438109776225,8.765908241271973,0.001139284736678694,0.0592355555803613,-0.002306777867488563,-0.07072317376732826,0.08127948716282844,0.06461260026281286,9.730138778686523,-0.0011256677235512414,0.06958689273886604,0.0005798765341751277,-0.08877924084663391,0.08889543786644934,0.11666622981151203,10.786210060119629,-0.0013086350995219927,0.06617919125564445,-0.002580819418653846,-0.08463067710399627,0.08515476286411286,0.08674313875995786,11.724985122680664,-4.0688235327331326e-05,0.04037829469234733,0.0003997916937805712,-0.051094744354486465,0.05054850876331329
F:\Seminario\Seminario-Clustering\datasets\davi\Al Emadi (2019)\Multiclass_Drone_Audio\unknown\1-47819-A-50.wav,Multiclass_Drone_Audio\unknown\1-47819-A-50.wav,al_emadi,1-47819-A-50,1.0216875,0.03183447283692095,8.876113891601562,-3.072009294626533e-05,0.009258212159985627,0.00011445523705333471,-0.011502963677048682,0.01160665424540639,0.17983026941291846,8.491212844848633,-1.3053930872581576e-05,0.022004525770651737,-0.00030734576284885406,-0.028300494141876697,0.029538146406412124,0.46596959564075996,8.907220840454102,-0.00039939752072986175,0.025085918526661984,0.00017949800530914217,-0.02918345630168915,0.024461703747510912,0.2972669577197389,9.222738265991211,-1.7820846664573075e-05,0.014180202301863114,-5.375976616051048e-05,-0.010183074790984391,0.009746344946324828,0.025098704389661726,10.17222785949707,-2.5435847393014335e-06,0.002914779781713541,-8.405557309743017e-06,-0.002074189344421029,0.0018823483027517805
F:\Seminario\Seminario-Clustering\datasets\davi\Al Emadi (2019)\Multiclass_Drone_Audio\unknown\3-118658-B-412.wav,Multiclass_Drone_Audio\unknown\3-118658-B-412.wav,al_emadi,3-118658-B-412,0.97525,0.8902919394033867,9.358999252319336,0.00459393367140908,1.0356446449307957,-0.10299745202064514,-1.3196033239364624,1.504136085510254,0.032905360324330994,8.92081069946289,-0.002250714943256271,0.19909226501767377,-0.004206492565572262,-0.25570759177207947,0.257979154586792,0.03868098129494544,9.849032402038574,-0.0030116377022104996,0.1528492587709058,-0.0023878784850239754,-0.19762764126062393,0.1917470321059227,0.02678115883098397,10.885766983032227,-0.0012785928378168244,0.09000944141640074,-0.0003049981314688921,-0.11813535913825035,0.11555709317326546,0.011340560146352919,11.876018524169922,4.699719663841255e-05,0.0414394373143137,0.0010605917777866125,-0.05348517894744873,0.05247138664126398
F:\Seminario\Seminario-Clustering\datasets\davi\Al Emadi (2019)\Multiclass_Drone_Audio\membo_1\mixed_membo_48-membo_001_.wav,Multiclass_Drone_Audio\membo_1\mixed_membo_48-membo_001_.wav,al_emadi,mixed_membo_48-membo_001,1.024,0.7853981670035102,8.271037101745605,0.00036072722609037334,0.09406251434895768,0.0008433566254097968,-0.10347804203629493,0.11176515668630602,0.012481946885861602,8.99473762512207,-0.0001096956307256088,0.01185761657618764,-0.00010189149179495871,-0.01589109394699335,0.014729110151529314,0.042870683405937214,9.988265991210938,-0.00014826016963688868,0.015561581377445712,8.280330075649545e-05,-0.020056571625173093,0.020137989148497584,0.09454302806745471,10.872108459472656,4.8795114261691156e-05,0.016355408029415004,-0.0004239944973960519,-0.020393824204802513,0.020479267463088036,0.06470617463723628,11.903585433959961,9.05463852107572e-07,0.0095717605179016,0.00011720709153451025,-0.01233235951513052,0.012142096273601058
F:\Seminario\Seminario-Clustering\datasets\davi\Al Emadi (2019)\Multiclass_Drone_Audio\unknown\1-36393-A-232.wav,Multiclass_Drone_Audio\unknown\1-36393-A-232.wav,al_emadi,1-36393-A-232,0.97525,0.0,-0.0,0.0,0.0,0.0,0.0,0.0,0.0,-0.0,0.0,0.0,0.0,0.0,0.0,0.0,-0.0,0.0,0.0,0.0,0.0,0.0,0.0,-0.0,0.0,0.0,0.0,0.0,0.0,0.0,-0.0,0.0,0.0,0.0,0.0,0.0
F:\Seminario\Seminario-Clustering\datasets\davi\Al Emadi (2019)\Multiclass_Drone_Audio\membo_1\mixed_membo_44-membo_004_.wav,Multiclass_Drone_Audio\membo_1\mixed_membo_44-membo_004_.wav,al_emadi,mixed_membo_44-membo_004,0.904,0.14940654160259537,8.800368309020996,-0.00041834030368820773,0.03256486254992219,-0.0004056614707224071,-0.04053368121385574,0.042125486955046657,0.05201089992148781,8.25977897644043,7.595632920968526e-05,0.019215161954293705,-0.0003246288397349417,-0.02143246605992317,0.023046922869980335,0.18121179445892915,8.888998031616211,0.0005618643739352248,0.025397402363162805,-0.00014465033018495888,-0.026734918542206287,0.026846497319638733,0.39099215832097023,9.327503204345703,-9.769358691296753e-05,0.026411177240722082,0.00012768778833560646,-0.025587135925889015,0.025657935068011284,0.2263786056960174,11.21049690246582,6.951947083345386e-05,0.01421720402195112,8.491490734741092e-05,-0.016540605947375296,0.01602333784103394
F:\Seminario\Seminario-Clustering\datasets\davi\Al Emadi (2019)\Multiclass_Drone_Audio\unknown\2-118817-A-322.wav,Multiclass_Drone_Audio\unknown\2-118817-A-322.wav,al_emadi,2-118817-A-322,0.97525,0.8776000713611364,8.775293350219727,0.0001331676788239813,0.05346094734288395,0.0014486487489193678,-0.06348086893558502,0.06643293797969818,0.00109425197684979,8.609067916870117,-5.8174807931687605e-05,0.0018868702198930024,2.26198390009813e-05,-0.002281042281538248,0.0021480030845850706,0.0027272487708093723,7.475665092468262,-2.257011795230424e-05,0.0021104608448941943,-7.642476703040302e-06,-0.0014356905594468117,0.0014457328943535686,0.010311831015490833,7.904204368591309,1.632720150076197e-05,0.002904150433784625,-2.873675839509815e-06,-0.0014804117963649333,0.001455770165193826,0.10826659687571359,7.733808517456055,-2.696129301892435e-05,0.006657043937263657,2.022861735895276e-06,-0.0022523061838001014,0.0022130299359560037
F:\Seminario\Seminario-Clustering\datasets\davi\Al Emadi (2019)\Multiclass_Drone_Audio\unknown\2-104105-A-191.wav,Multiclass_Drone_Audio\unknown\2-104105-A-191.wav,al_emadi,2-104105-A-191,1.0216875,0.9615683398767354,8.512956619262695,0.0023830090653955763,0.47310382357072134,0.005739393178373575,-0.5631608545780181,0.5228010058403018,0.034533189172104135,8.601354598999023,-0.0007616234155655349,0.08965500787302334,-0.0003985404910054058,-0.10759387388825417,0.1062561459839344,0.0037704483226472384,9.393278121948242,-6.508512714815909e-06,0.020984273306783163,0.00021074130199849606,-0.023715081810951232,0.023696607351303103,0.00010670401100191307,10.452661514282227,2.9064585707009404e-06,0.002497990016823074,-6.052257958799601e-06,-0.0029017314314842223,0.0028487701667472723,2.1318617511322717e-05,11.744284629821777,-8.710428011785337e-06,0.000789813502647966,-1.884260564111173e-05,-0.0009594365488737822,0.0009653417859226469
F:\Seminario\Seminario-Clustering\datasets\davi\Al Emadi (2019)\Multiclass_Drone_Audio\bebop_1\B_S2_D1_125-bebop_002_.wav,Multiclass_Drone_Audio\bebop_1\B_S2_D1_125-bebop_002_.wav,al_emadi,B_S2_D1_125-bebop_002,1.024,0.7648100747739709,8.729372024536133,-0.0005918523020933843,0.412198985321252,-0.019694664515554905,-0.5099732577800751,0.4937700837850571,0.022331360889013583,8.854752540588379,-0.00025636905496849595,0.07043447315198699,0.0015605388907715678,-0.08562234714627266,0.08785907179117203,0.058506660346022546,9.922060012817383,-0.001341837500848879,0.08072194283133395,-0.0033894613152369857,-0.09908038526773452,0.10417445302009584,0.0917035371427855,10.901955604553223,-0.0007256580988786932,0.07152781798842624,-0.0023111430928111076,-0.09079931676387787,0.09054701030254364,0.06264836684820743,11.915108680725098,-7.65339228847147e-05,0.04182431668442781,1.0375864803791046e-05,-0.05398031696677208,0.053090632706880594
F:\Seminario\Seminario-Clustering\datasets\davi\Al Emadi (2019)\Multiclass_Drone_Audio\unknown\silence134.wav,Multiclass_Drone_Audio\unknown\silence134.wav,al_emadi,silence134,1.1145625,0.0,-0.0,0.0,0.0,0.0,0.0,0.0,0.0,-0.0,0.0,0.0,0.0,0.0,0.0,0.0,-0.0,0.0,0.0,0.0,0.0,0.0,0.0,-0.0,0.0,0.0,0.0,0.0,0.0,0.0,-0.0,0.0,0.0,0.0,0.0,0.0
F:\Seminario\Seminario-Clustering\datasets\davi\Al Emadi (2019)\Multiclass_Drone_Audio\membo_1\mixed_membo_12-membo_001_.wav,Multiclass_Drone_Audio\membo_1\mixed_membo_12-membo_001_.wav,al_emadi,mixed_membo_12-membo_001,1.024,0.8753273065580668,8.917891502380371,0.00313467547496401,0.33387878793515197,-0.036835746839642525,-0.4043585240840912,0.4519441217184067,0.05197515066219525,8.950432777404785,0.00036495287397715886,0.0813609893706977,0.005225154105573893,-0.1020681656897068,0.10328934490680695,0.03350458471830765,9.956074714660645,-0.00015672896416815219,0.04625841302860388,-0.0010823915945366025,-0.05917260646820068,0.06104351468384266,0.024271708022186367,10.922420501708984,-1.700324765107917e-05,0.027864197577803996,-0.00012820580741390586,-0.036065712571144104,0.035579193383455276,0.014921250039243968,11.902196884155273,6.721545242232966e-06,0.015455014688250794,-0.00013559171929955482,-0.019616012647747993,0.019483616948127745
F:\Seminario\Seminario-Clustering\datasets\davi\Al Emadi (2019)\Multiclass_Drone_Audio\bebop_1\B_S2_D1_098-bebop_003_.wav,Multiclass_Drone_Audio\bebop_1\B_S2_D1_098-bebop_003_.wav,al_emadi,B_S2_D1_098-bebop_003,1.024,0.9393193308977476,8.698284149169922,-0.010802375447475216,0.8756396171734606,0.003222366329282522,-1.1170663118362427,1.0416535496711732,0.011807790280176172,8.202889442443848,-0.0048110221944369595,0.09806502594074383,-0.0015505467308685184,-0.11087452322244644,0.09661174938082695,0.011745077952117858,9.908531188964844,0.00020330340163161054,0.06934199035245472,0.0015591050614602864,-0.08776862248778343,0.0871705859899521,0.020714393672837814,10.907697677612305,-0.0007265601990075332,0.06516804307929405,-0.0011902200058102608,-0.08308777213096619,0.08197013288736343,0.01641340719712063,11.951923370361328,-1.2142044736527428e-05,0.041038861493696156,0.0005465052090585232,-0.053166539967060084,0.05165764763951303
F:\Seminario\Seminario-Clustering\datasets\davi\Al Emadi (2019)\Multiclass_Drone_Audio\unknown\5-215005-A-322.wav,Multiclass_Drone_Audio\unknown\5-215005-A-322.wav,al_emadi,5-215005-A-322,0.97525,0.19611138358529315,5.966898441314697,6.360774881554571e-06,0.0031023164764999067,3.445886250119656e-05,-0.0014274086570367217,0.0015351905021816492,0.20788033378850873,3.6304495334625244,2.0135585706578052e-05,0.0031939908782785548,1.8364330571785104e-06,-0.00044923959649167955,0.00047363355406560004,0.0960170408976262,5.066804885864258,-1.8669418530436975e-05,0.0015371908078579452,-1.5384255220851628e-06,-0.0003298272204119712,0.000273109384579584,0.35680317618350627,5.774614334106445,4.6137459484470555e-05,0.0020965885110407045,4.544991497823503e-06,-0.00034446017525624484,0.0003735518839675933,0.14318806554506563,6.674811363220215,5.802673339254714e-07,0.0009398033006652793,5.149586286279373e-07,-0.00014740527840331188,0.00015017209807410842
F:\Seminario\Seminario-Clustering\datasets\davi\Al Emadi (2019)\Multiclass_Drone_Audio\unknown\4-188033-A-383.wav,Multiclass_Drone_Audio\unknown\4-188033-A-383.wav,al_emadi,4-188033-A-383,1.0216875,0.1293390917511081,5.404594898223877,-0.001909767656054493,0.01581152649675539,0.0,-4.65571374661522e-06,3.3081079664043685e-06,0.20528628664743395,3.656280517578125,0.0003614015042191741,0.020061499117678447,0.0,-4.3345980884623705e-06,4.056661009599343e-06,0.48228693384579496,4.184959411621094,1.9905177189055264e-05,0.021783718455435475,0.0,-2.6203525067103326e-06,2.8543016014737097e-06,0.15012542159129494,5.28034782409668,0.0001281183059396349,0.008599269108562053,0.0,-7.305412168534531e-07,4.480189943478763e-07,0.03296226616436806,5.891052722930908,-5.274078087062802e-09,0.002850768462727703,0.0,0.0,0.0
F:\Seminario\Seminario-Clustering\datasets\davi\Al Emadi (2019)\Multiclass_Drone_Audio\unknown\1-42139-A-381.wav,Multiclass_Drone_Audio\unknown\1-42139-A-381.wav,al_emadi,1-42139-A-381,1.0216875,0.8989558664453786,8.678507804870605,-0.0007900632989225032,0.18923617434513657,-0.007286131847649813,-0.22325791120529173,0.22314126044511798,0.08925216653398327,7.40418004989624,0.00033113382351747806,0.059626791509883266,0.0007503738161176443,-0.04424997605383396,0.048111752048134844,0.007106400636831395,9.051241874694824,-5.802578083946851e-05,0.011917468876015186,-0.0002431340835755691,-0.012276244722306727,0.012190411984920506,0.0026938423106460554,9.198319435119629,2.4593421332961172e-05,0.005192167641928457,1.506963963038288e-05,-0.004292827937752009,0.004159547202289104,0.0019917240731606874,8.757613182067871,-5.91533510796449e-07,0.0031582965316922615,1.7251193639822304e-05,-0.0017290634335950016,0.0017127184430137286
F:\Seminario\Seminario-Clustering\datasets\davi\Al Emadi (2019)\Multiclass_Drone_Audio\bebop_1\mixed_3-bebop_002_.wav,Multiclass_Drone_Audio\bebop_1\mixed_3-bebop_002_.wav,al_emadi,mixed_3-bebop_002,1.024,0.4475682923910046,8.655292510986328,9.659394922494454e-05,0.10269102917675621,0.0045114182867109776,-0.125254587829113,0.11895546019077305,0.04285035672764126,8.981734275817871,0.0006261520838484765,0.03176844320076971,0.0006236119952518493,-0.042413002252578734,0.041280772536993034,0.13770349201132717,9.8558349609375,2.7794126888829808e-05,0.04033609154929957,0.0005912556080147624,-0.049526482820510864,0.051302015781402595,0.2252800559774494,10.918229103088379,0.0002472662972195505,0.036511375152070084,-1.4383873349288478e-05,-0.04615163058042526,0.046921130269765854,0.14659780289257757,11.960356712341309,8.812312854816272e-05,0.020835649048569597,0.00011820788495242596,-0.026257497817277906,0.026687630265951157
F:\Seminario\Seminario-Clustering\datasets\davi\Al Emadi (2019)\Multiclass_Drone_Audio\bebop_1\B_S2_D1_118-bebop_002_.wav,Multiclass_Drone_Audio\bebop_1\B_S2_D1_118-bebop_002_.wav,al_emadi,B_S2_D1_118-bebop_002,1.024,0.48875202069209545,8.514582633972168,0.00021305988786868678,0.23576812830770416,0.0015446040779352188,-0.2817623794078827,0.2807173073291779,0.07049648537484918,9.027488708496094,-0.001332739537561457,0.08953165884271053,0.002084700739942491,-0.12087619453668594,0.11130663305521012,0.09991880759676673,9.93671989440918,-0.0001940610822957388,0.0754886350768295,0.00026794144650921226,-0.09939237385988235,0.09553210064768791,0.1973792760827624,10.903377532958984,-3.0201226595344768e-06,0.07508712988060993,-0.0006924869958311319,-0.09362290799617767,0.09705252945423126,0.14345341025352623,11.954882621765137,1.0134618046203125e-05,0.04528355802114846,0.00015068968059495091,-0.05822663679718971,0.057641874998807914
F:\Seminario\Seminario-Clustering\datasets\davi\Al Emadi (2019)\Multiclass_Drone_Audio\bebop_1\B_S2_D1_094-bebop_001_.wav,Multiclass_Drone_Audio\bebop_1\B_S2_D1_094-bebop_001_.wav,al_emadi,B_S2_D1_094-bebop_001,1.024,0.326491158003226,7.910115718841553,0.00046117317845007335,0.15579265059137776,-0.0009093643166124821,-0.15794801115989682,0.1691619396209717,0.03284630879766767,9.025943756103516,0.0016616489018824458,0.04938678874656753,0.004198963986709714,-0.06329221203923226,0.06372543349862099,0.1176725332705346,9.914382934570312,0.0016444985173603981,0.06621177409515484,0.0011966825695708394,-0.08263172209262848,0.08410207852721215,0.2740890123986403,10.938591003417969,-0.000422198763411426,0.07153608387206048,-0.0024906678590923548,-0.09049403667449951,0.0918578952550888,0.24890098752993142,11.895788192749023,0.00015513310663319973,0.048224570001185615,-0.0003579174226615578,-0.05954421311616896,0.0612223267555237
F:\Seminario\Seminario-Clustering\datasets\davi\Al Emadi (2019)\Multiclass_Drone_Audio\unknown\2-37806-A-402.wav,Multiclass_Drone_Audio\unknown\2-37806-A-402.wav,al_emadi,2-37806-A-402,0.97525,0.7485691983486248,8.959718704223633,-0.00131914738915048,0.7644461673493154,-0.025876984000205994,-0.9809309840202332,0.9750124216079712,0.10243059805514708,8.795103073120117,-0.00010312501985245555,0.2827785202757058,0.0021001065615564585,-0.35225868225097656,0.35418397188186646,0.07347262786852178,9.722673416137695,-0.00020253554279730295,0.16960714345978248,0.0009127672528848052,-0.2130427584052086,0.21317562460899353,0.05518309306158266,10.62112045288086,0.00037774231015694795,0.10401599352403497,0.0002587461640359834,-0.12430485337972641,0.12551876157522202,0.020344482666123678,11.834468841552734,3.2714909098596145e-05,0.044678938862654775,9.91367269307375e-05,-0.05600852370262146,0.056919943541288376
F:\Seminario\Seminario-Clustering\datasets\davi\Al Emadi (2019)\Multiclass_Drone_Audio\unknown\1-21421-A-462.wav,Multiclass_Drone_Audio\unknown\1-21421-A-462.wav,al_emadi,1-21421-A-462,0.97525,0.3754093951027727,8.992831230163574,0.0010599588375314539,0.5014202275556239,-0.019959617406129837,-0.6430915594100952,0.6500646471977234,0.2703175163431915,8.868249893188477,-0.015407886670116302,0.42520894663272274,-0.01644914411008358,-0.5366025567054749,0.5041173100471497,0.23066304096394777,9.455301284790039,-0.0006909257092106999,0.2783479253479763,-0.0026508126175031066,-0.3201747089624405,0.31519781053066254,0.10801836824307248,10.241180419921875,0.00012565404695305635,0.13479296573866031,-0.0017914925119839609,-0.15604931861162186,0.15790188312530518,0.015591679347015502,9.486234664916992,0.0001542647175146234,0.03622770438608381,7.252558134496212e-05,-0.029085398465394968,0.027707385644316684
F:\Seminario\Seminario-Clustering\datasets\davi\Al Emadi (2019)\Multiclass_Drone_Audio\membo_1\extra_membo_D2_2043.wav,Multiclass_Drone_Audio\membo_1\extra_membo_D2_2043.wav,al_emadi,extra_membo_D2,1.0026875,0.9348364969003553,9.14631462097168,-0.00018684852609326196,0.028169453007077638,0.0005112451035529375,-0.03778550401329994,0.03641367778182031,0.019842498307599363,9.024041175842285,2.459205467801041e-06,0.004104102707839477,-3.654247848317027e-06,-0.00545238284394145,0.005219764448702336,0.014094579150118887,9.9364013671875,1.0703670861271165e-06,0.002450110633876912,3.2932584872469306e-05,-0.0031304513104259968,0.0031402609311044216,0.018604399970147067,10.880749702453613,-1.0716861576346822e-05,0.0019919131948431317,-2.3441298253601417e-06,-0.002544115181080997,0.0026017192285507917,0.012622025671779393,11.907306671142578,-5.654293079833989e-06,0.0011606534614504787,-1.7599832062842324e-05,-0.0015024896711111069,0.0014995576115325094
F:\Seminario\Seminario-Clustering\datasets\davi\Al Emadi (2019)\Multiclass_Drone_Audio\membo_1\Membo_1_046-membo_003_.wav,Multiclass_Drone_Audio\membo_1\Membo_1_046-membo_003_.wav,al_emadi,Membo_1_046-membo_003,1.024,0.669150821557303,7.551686763763428,-3.492717737969445e-05,0.15318903016479768,0.001108019263483584,-0.12088180482387542,0.12613877952098848,0.02670488426328097,8.803784370422363,-0.0003046545781490723,0.03060127256339716,7.434657891280949e-05,-0.03834233842790127,0.035968517512083055,0.06918049143428791,9.964479446411133,-7.735832811324397e-05,0.03487986526175749,-1.3118420611135662e-05,-0.04493949450552463,0.043763281032443056,0.09606781625066946,10.852316856384277,0.00020832018595178865,0.029088223378370134,0.0003838174743577838,-0.036568544805049896,0.03671445697546005,0.13889598649445867,11.736377716064453,2.5456685949596527e-05,0.024743115961077658,0.00019420450553297997,-0.03067253641784191,0.030058187246322633
F:\Seminario\Seminario-Clustering\datasets\davi\Al Emadi (2019)\Multiclass_Drone_Audio\membo_1\Membo_2_018-membo_004_.wav,Multiclass_Drone_Audio\membo_1\Membo_2_018-membo_004_.wav,al_emadi,Membo_2_018-membo_004,0.896,0.30852295730196355,9.097253799438477,-0.000797795803900994,0.06654333530723311,0.0006225938559509814,-0.08492333739995957,0.0854602426290512,0.04258661300270329,8.711670875549316,3.727156556987213e-05,0.024724533437648497,-0.0002752805594354868,-0.03220945112407207,0.0316486656665802,0.09652882505169103,9.790732383728027,0.0004160237742014394,0.02636179122508401,0.0002733304863795638,-0.03293272890150547,0.03428011424839496,0.22115046682028164,10.74537467956543,-0.0004638261186021438,0.02824190159115017,-0.0002917356323450804,-0.03658629879355431,0.03566687628626824,0.3312111378233605,11.648470878601074,-1.1802321893069013e-05,0.024454448167075125,-0.00018019077833741903,-0.030314169824123383,0.03036460280418396
F:\Seminario\Seminario-Clustering\datasets\davi\Al Emadi (2019)\Multiclass_Drone_Audio\bebop_1\B_S2_D1_068-bebop_001_.wav,Multiclass_Drone_Audio\bebop_1\B_S2_D1_068-bebop_001_.wav,al_emadi,B_S2_D1_068-bebop_001,1.024,0.8356998873221554,8.584169387817383,-0.0001712943178610605,0.4628766629613691,0.001219003926962614,-0.5318501830101013,0.5514101266860962,0.017052595895463363,8.986848831176758,-0.0006735675610789523,0.06611695884025603,0.0018646350363269448,-0.08559014648199081,0.08122547939419747,0.035744638340363524,9.936107635498047,-0.0011186050541314434,0.06778051608247083,-0.0008915950311347842,-0.08978432416915894,0.08417909294366838,0.0627349585102907,10.957893371582031,-0.0008632812737781488,0.0635519137949911,-0.0011717495508491993,-0.08235315978527069,0.08102735877037048,0.04876791993172698,11.937973976135254,6.441074998323681e-05,0.03964156926546337,-0.00011773931328207254,-0.05123478099703788,0.050646432489156734
F:\Seminario\Seminario-Clustering\datasets\davi\Al Emadi (2019)\Multiclass_Drone_Audio\membo_1\mixed_membo_56-membo_004_.wav,Multiclass_Drone_Audio\membo_1\mixed_membo_56-membo_004_.wav,al_emadi,mixed_membo_56-membo_004,0.904,0.7354388672005805,7.703258991241455,-0.0028618933575082018,0.12527087711876053,-0.003995451144874096,-0.11072230860590934,0.11814267486333847,0.12264936238385783,7.8320512771606445,0.0017021622376837563,0.05114254680724332,0.0009062358876690269,-0.04861783124506473,0.05298078022897244,0.0537603683845317,9.343259811401367,-0.0006044146278837789,0.02398752641325199,-0.000338428100803867,-0.02861017845571041,0.026951170712709433,0.042692518532686644,10.733680725097656,0.0002983250368454432,0.01513171125094505,0.0004914126475341618,-0.019692640751600266,0.019723912701010704,0.04545888349834337,11.759069442749023,1.220650241673177e-05,0.011048431932111155,0.000128292158478871,-0.014217912033200263,0.01409521140158177
F:\Seminario\Seminario-Clustering\datasets\davi\Al Emadi (2019)\Multiclass_Drone_Audio\unknown\5-177614-A-51.wav,Multiclass_Drone_Audio\unknown\5-177614-A-51.wav,al_emadi,5-177614-A-51,1.0216875,0.23878370782818678,9.115039825439453,0.04448246822865944,0.03431112385636283,0.03970431536436081,0.006115754414349796,0.09227976202964784,0.003916693302364726,7.013060569763184,0.00012806014219394197,0.007193715243779633,-8.486049409839325e-06,-0.0073168368078768255,0.007874041330069314,0.36890590516227456,7.631577014923096,4.777700192397397e-05,0.04945901484947717,3.570317494450137e-05,-0.027490071207284923,0.027350903674960143,0.2841169904725284,9.280465126037598,0.0001091731952526069,0.030714033480570342,1.5995567082427442e-05,-0.023930726200342173,0.022641706466674835,0.10427670323464552,9.880711555480957,-7.1882312140998025e-06,0.013163014423080864,4.456742317415774e-07,-0.006774460431188343,0.006343158613890415
F:\Seminario\Seminario-Clustering\datasets\davi\Al Emadi (2019)\Multiclass_Drone_Audio\unknown\5-180156-C-431.wav,Multiclass_Drone_Audio\unknown\5-180156-C-431.wav,al_emadi,5-180156-C-431,1.0216875,0.34017247995945926,8.883834838867188,-0.0019411165928576823,0.658012056382721,-0.01935796719044447,-0.823285949230194,0.8119746327400208,0.19904784720151733,9.10504150390625,0.006569729848395207,0.5033011292392741,-0.04326185770332813,-0.6303110480308532,0.6919902503490449,0.36267928023379065,10.117874145507812,-0.00039374569671050356,0.4812524463114181,-0.03929377719759941,-0.6049887776374817,0.6425179362297059,0.0923834200882463,11.034780502319336,-0.0007263244548806818,0.17187315251741137,-0.0035693191457539797,-0.23041743487119676,0.2185318276286125,0.005716972516986491,11.935843467712402,5.188503231513212e-05,0.0302460116949888,-0.0003057855647057295,-0.03849615231156349,0.038466116040945054
F:\Seminario\Seminario-Clustering\datasets\davi\Al Emadi (2019)\Multiclass_Drone_Audio\membo_1\mixed_membo_23-membo_000_.wav,Multiclass_Drone_Audio\membo_1\mixed_membo_23-membo_000_.wav,al_emadi,mixed_membo_23-membo_000,1.024,0.9731110270490858,9.188667297363281,0.0022843410251933392,0.6285144273463449,-0.0314031857997179,-0.7936177253723145,0.7905458271503449,0.008838261489651897,8.925643920898438,0.0006678322692361019,0.059895384150159936,0.0012034049723297358,-0.0773529939353466,0.07801297754049301,0.007467125431141723,9.9890775680542,-0.00011497212728133385,0.03898792764650484,0.00032911868765950203,-0.05040927268564701,0.04961124695837498,0.004750083059672865,10.889142990112305,0.0002303237700800806,0.022005814929555067,0.000705099431797862,-0.027670130133628845,0.028188258409500122,0.00583350297044773,11.706246376037598,3.165900689976127e-05,0.017252221490860017,8.231960237026215e-05,-0.0210692685097456,0.02136475816369058
F:\Seminario\Seminario-Clustering\datasets\davi\Al Emadi (2019)\Multiclass_Drone_Audio\unknown\2-54086-A-434.wav,Multiclass_Drone_Audio\unknown\2-54086-A-434.wav,al_emadi,2-54086-A-434,0.95975,0.0,-0.0,0.0,0.0,0.0,0.0,0.0,0.0,-0.0,0.0,0.0,0.0,0.0,0.0,0.0,-0.0,0.0,0.0,0.0,0.0,0.0,0.0,-0.0,0.0,0.0,0.0,0.0,0.0,0.0,-0.0,0.0,0.0,0.0,0.0,0.0
F:\Seminario\Seminario-Clustering\datasets\davi\Al Emadi (2019)\Multiclass_Drone_Audio\bebop_1\B_S2_D1_085-bebop_002_.wav,Multiclass_Drone_Audio\bebop_1\B_S2_D1_085-bebop_002_.wav,al_emadi,B_S2_D1_085-bebop_002,1.024,0.5919018142307404,8.348443984985352,0.002702247986945242,0.26040423458637973,0.0032701350282877684,-0.28167263269424436,0.27398490905761724,0.03226132119353898,8.961286544799805,0.0001304343643991584,0.06079763159415774,-0.0017665090854279697,-0.0753336139023304,0.07774444073438645,0.09443774569605735,9.901529312133789,-0.0002474549626024143,0.07366061224412523,-0.0011823432287201285,-0.09312082156538963,0.09521570578217509,0.16189203615783065,10.880260467529297,-0.0003793233742649487,0.06825372369667847,0.0008487014565616846,-0.08643469214439392,0.08471014350652695,0.11950708272183255,11.90112018585205,1.793088812762877e-05,0.041484657088083764,0.00016767362831160426,-0.05282815098762512,0.052012316137552285
F:\Seminario\Seminario-Clustering\datasets\davi\Al Emadi (2019)\Multiclass_Drone_Audio\bebop_1\B_S2_D1_111-bebop_000_.wav,Multiclass_Drone_Audio\bebop_1\B_S2_D1_111-bebop_000_.wav,al_emadi,B_S2_D1_111-bebop_000,1.024,0.8581403825295728,8.743465423583984,0.0050459851831812595,0.45114485422745265,-0.0034240158274769783,-0.5623378455638885,0.5909260988235474,0.009285916293297664,8.935720443725586,0.00029748454757794304,0.046931850722442166,0.00037784213782288134,-0.05997112952172756,0.05958650708198548,0.032053985498723764,9.90786361694336,-0.0001018072920861328,0.061747990962553845,-0.0021159773459658027,-0.07954408973455429,0.0802249774336815,0.057426300237826244,10.824533462524414,0.0002794787576124599,0.05849088600462324,-0.0002622079919092357,-0.0719333291053772,0.07356185466051102,0.04309341544057947,11.84833812713623,-2.3525908637378205e-05,0.03584375572784557,-1.7894955817610025e-05,-0.04497238174080848,0.04469927921891214
F:\Seminario\Seminario-Clustering\datasets\davi\Al Emadi (2019)\Multiclass_Drone_Audio\membo_1\mixed_membo_9-membo_000_.wav,Multiclass_Drone_Audio\membo_1\mixed_membo_9-membo_000_.wav,al_emadi,mixed_membo_9-membo_000,1.024,0.1788048604892057,9.02126693725586,-9.080938140418634e-05,0.16769470439652076,0.006104731000959873,-0.21926025450229644,0.2147158369421959,0.34828611417465716,8.966764450073242,0.0013910988802714748,0.23404003604033827,-0.00820105243474245,-0.3097061902284622,0.2997105777263641,0.33676213503488867,9.967483520507812,0.00208633981428373,0.16295744067518173,0.002079675323329866,-0.20516853481531144,0.2127477690577507,0.11187062432344776,10.844764709472656,-2.3159337151479735e-05,0.06647547969165583,0.0013359985314309597,-0.08353455364704132,0.08194276690483093,0.024276265977800672,11.91622257232666,5.57544002217602e-06,0.02190608793940956,-5.890236934646964e-05,-0.027894357591867446,0.028016383573412896
F:\Seminario\Seminario-Clustering\datasets\davi\Al Emadi (2019)\Multiclass_Drone_Audio\unknown\1-54752-A-184.wav,Multiclass_Drone_Audio\unknown\1-54752-A-184.wav,al_emadi,1-54752-A-184,0.95975,0.21751712016961086,8.88371467590332,-0.0016408693517787733,0.1871261540495977,0.0020928630838170648,-0.23303930461406708,0.2397523820400238,0.21292088862594152,8.697554588317871,-0.004950922484582919,0.18507948069283411,-0.0069579207338392735,-0.23321019113063812,0.22949567437171936,0.28603592843306275,9.714826583862305,0.0037513794617836257,0.15196923121405514,0.00451353145763278,-0.18370820879936217,0.18954566419124605,0.21185582917595344,10.703524589538574,0.0001364657852702576,0.09258082746428174,0.0011769187403842807,-0.11421004012227058,0.11310606822371487,0.07167023359543138,11.771913528442383,6.847524291068e-05,0.03809367335422457,0.00032036961056292057,-0.04851040989160538,0.04680876061320305
F:\Seminario\Seminario-Clustering\datasets\davi\Al Emadi (2019)\Multiclass_Drone_Audio\membo_1\Membo_0_001-membo_000_.wav,Multiclass_Drone_Audio\membo_1\Membo_0_001-membo_000_.wav,al_emadi,Membo_0_001-membo_000,1.024,0.5204655412396774,9.310688972473145,0.0006396428475075049,0.08094990073385999,-0.0017899043741635978,-0.10532829463481903,0.10698295384645462,0.09917443993936327,9.047225952148438,-0.00010270739232192213,0.03533718225853875,0.0015095749986357987,-0.047393320873379705,0.045464217662811286,0.07187669541655924,9.960926055908203,-5.028646726186406e-05,0.021303213165099835,0.00032398664916399866,-0.027759638614952564,0.027261515520513063,0.1241933754756657,10.906522750854492,0.00012859311694398483,0.019817446041901526,2.5918183382600546e-05,-0.025658192113041878,0.024678276851773262,0.18428994792873438,11.95927906036377,2.453018816124869e-05,0.017077661044922112,-0.00015096343122422695,-0.021807140484452245,0.022188319638371482
F:\Seminario\Seminario-Clustering\datasets\davi\Al Emadi (2019)\Multiclass_Drone_Audio\membo_1\mixed_membo_34-membo_002_.wav,Multiclass_Drone_Audio\membo_1\mixed_membo_34-membo_002_.wav,al_emadi,mixed_membo_34-membo_002,1.024,0.5756501533805876,8.726425170898438,0.0009699551654229104,0.13515538776265862,-0.0026550893671810627,-0.1616022378206253,0.15956380367279055,0.1906601959140135,8.850482940673828,0.00039326849970537084,0.07778389535646185,0.0007097789784893394,-0.09655362367630005,0.09442592635750771,0.13316025864337686,9.845227241516113,0.0004787651872647595,0.046030683970231495,0.0007959297217894346,-0.05752273947000503,0.05660720281302929,0.06210384948220558,10.91883659362793,1.660556894462711e-05,0.022248364164691177,0.0005894831265322864,-0.02876795083284378,0.028077375143766403,0.03842554257981655,11.856683731079102,-1.060186424616868e-05,0.012379958624384057,1.536196214146912e-05,-0.015455875732004642,0.015586208924651146
F:\Seminario\Seminario-Clustering\datasets\davi\Al Emadi (2019)\Multiclass_Drone_Audio\bebop_1\mixed_60-bebop_002_.wav,Multiclass_Drone_Audio\bebop_1\mixed_60-bebop_002_.wav,al_emadi,mixed_60-bebop_002,1.024,0.40916893697895534,9.14039421081543,-0.0009673606215533122,0.2907832782162669,0.0003245510160923004,-0.3773197174072266,0.3877279430627823,0.4213718963337007,9.090478897094727,-0.00048673540631815503,0.2950887808985001,-0.032444896176457405,-0.3681106925010681,0.41598406732082377,0.12853006644573198,10.089280128479004,0.0006197198486905395,0.11540775565453039,0.010706077795475721,-0.15874586403369903,0.14755182266235353,0.026898618238427634,10.96472454071045,-0.00030743662426592814,0.037363237832770846,-0.00012988736853003502,-0.04777940362691879,0.048456933349370956,0.014030482003184328,11.948253631591797,-8.636758478539582e-05,0.019089585553982564,-0.00019948033150285482,-0.024678705632686614,0.02445828057825566
F:\Seminario\Seminario-Clustering\datasets\davi\Al Emadi (2019)\Multiclass_Drone_Audio\unknown\5-201194-A-382.wav,Multiclass_Drone_Audio\unknown\5-201194-A-382.wav,al_emadi,5-201194-A-382,0.97525,0.038133151028276885,7.751865386962891,-9.663760439298084e-05,0.007737587418184667,7.578104850836098e-05,-0.0077993664890527725,0.007161287125200033,0.20133792411983698,6.498016834259033,-1.3057423936509499e-05,0.0177807786970984,2.002992550842464e-05,-0.008806237019598484,0.007735248655080795,0.5100799172011452,6.94417667388916,-0.00014810704094796737,0.020042201241154797,-2.0695815692306496e-05,-0.004372921073809266,0.005240533966571093,0.13148558972103494,7.823097229003906,-6.562626858308181e-05,0.007200746370089029,-1.5882415027590469e-07,-0.0016953957383520901,0.001619631890207529,0.11896341792970598,8.078716278076172,3.43060527515147e-05,0.004845426083039095,1.0554520031291759e-06,-0.0006437747739255429,0.0006632502772845328
F:\Seminario\Seminario-Clustering\datasets\davi\Al Emadi (2019)\Multiclass_Drone_Audio\unknown\5-194899-D-34.wav,Multiclass_Drone_Audio\unknown\5-194899-D-34.wav,al_emadi,5-194899-D-34,0.95975,0.592140730621801,7.895327568054199,0.0005827221581362577,0.11781592818264225,-1.5063701539475005e-05,-0.16581932455301285,0.1584763005375862,0.2633764499434229,6.92995023727417,0.00019373149419248502,0.07857493061453232,-4.878299841948319e-05,-0.059924615547060966,0.04511694237589836,0.134733654947483,8.15938663482666,-0.00015929225850307483,0.0398111424515976,-2.4986900825751945e-05,-0.03391146883368492,0.03236780017614366,0.009182158285328047,9.037702560424805,1.1585440355058512e-05,0.007354710540732109,-2.093902185151819e-05,-0.005888929218053817,0.005680667655542499,0.0005670062019650761,9.933036804199219,-4.067685834704224e-06,0.0012929099588967635,-4.056431407661876e-06,-0.000968869891948998,0.0009525318164378405
F:\Seminario\Seminario-Clustering\datasets\davi\Al Emadi (2019)\Multiclass_Drone_Audio\unknown\1-46938-B-71.wav,Multiclass_Drone_Audio\unknown\1-46938-B-71.wav,al_emadi,1-46938-B-71,1.0216875,0.6621773808461258,6.634031295776367,0.0029174996191610363,0.16692334702543815,0.00428524543531239,-0.09990197718143463,0.11574061289429668,0.19792353552999595,7.069922924041748,0.0005665260892068553,0.09127179469104366,0.00025861922767944634,-0.07060307413339614,0.07029919028282167,0.10037859654589633,8.834343910217285,8.656605938434588e-05,0.04604066909902902,-0.000593431934248656,-0.04172210842370987,0.045094516128301634,0.027072980955966174,10.109291076660156,8.086663561549155e-06,0.016919713171533894,7.570530578959733e-05,-0.017564960382878782,0.017830640822649006,0.012447506122015745,11.108512878417969,2.338439616382356e-05,0.008115872124759452,2.645589120220393e-05,-0.00852094627916813,0.008601004630327229
F:\Seminario\Seminario-Clustering\datasets\davi\Al Emadi (2019)\Multiclass_Drone_Audio\unknown\3-127890-B-90.wav,Multiclass_Drone_Audio\unknown\3-127890-B-90.wav,al_emadi,3-127890-B-90,1.0216875,0.07750368201762449,8.949235916137695,0.0010653919266747013,0.1344632478445069,0.0007682139985263348,-0.17280887961387634,0.17320206314325332,0.04908097493024593,8.935905456542969,-0.014594450410331349,0.10600719544519162,-0.008184760343283415,-0.15136085748672484,0.11626911312341692,0.6001300607166727,9.883831977844238,0.010610243273093768,0.2648232240469428,0.007615171372890472,-0.33490175604820244,0.3527335941791535,0.25006971600046124,10.822565078735352,-1.4400071297011034e-05,0.12106410261953382,0.000415930466260761,-0.15118766129016875,0.14969180524349215,0.02321556633499563,11.761597633361816,8.434645948290329e-06,0.02609427648795566,-0.00012993579730391502,-0.03235863074660301,0.032173077017068875
F:\Seminario\Seminario-Clustering\datasets\davi\Al Emadi (2019)\Multiclass_Drone_Audio\membo_1\mixed_membo_46-membo_000_.wav,Multiclass_Drone_Audio\membo_1\mixed_membo_46-membo_000_.wav,al_emadi,mixed_membo_46-membo_000,1.024,0.9072697175447761,8.81021499633789,0.00662749075032409,0.47572889971642734,0.010088713839650154,-0.6219264090061187,0.6387786507606507,0.07858915392163338,8.880423545837402,0.001482843995451457,0.1400201115440128,0.005071702413260937,-0.1827983647584915,0.1717530906200409,0.010047330106429163,9.657455444335938,-2.8464839040046012e-05,0.03545496357245211,-0.0005173876415938139,-0.043419250473380085,0.042491976916790006,0.0020619637264769233,10.82469367980957,0.0001903310633671893,0.01136545525934575,0.0002063121646642685,-0.0137808658182621,0.014340268447995186,0.0020318347006843926,11.790146827697754,-2.9522388321576957e-05,0.007982130525614722,3.0087539926171303e-07,-0.009943208470940589,0.009774702042341233
F:\Seminario\Seminario-Clustering\datasets\davi\Al Emadi (2019)\Multiclass_Drone_Audio\unknown\5-198278-C-73.wav,Multiclass_Drone_Audio\unknown\5-198278-C-73.wav,al_emadi,5-198278-C-73,1.0216875,0.6626608364176303,8.919235229492188,-0.00381430758571919,0.2404504903540794,-0.010405632201582193,-0.3058910608291626,0.3136034876108171,0.18298952061938042,8.819931030273438,0.007254840884279439,0.1261626798881438,0.010677470825612545,-0.1500559151172638,0.1686698153614998,0.09174105990214172,9.91788101196289,-0.0004467160519585877,0.06337695052138115,0.0017984526930376887,-0.08347111493349076,0.08079660832881928,0.03541874243324029,10.915679931640625,-0.0003330443216820226,0.027864353296540138,-0.0004174398200120777,-0.03553674444556236,0.03484966121613979,0.027189840627607292,11.870662689208984,8.810499397917433e-05,0.017271572961337762,0.00024954602122306824,-0.021914278343319892,0.02192752659320833
F:\Seminario\Seminario-Clustering\datasets\davi\Al Emadi (2019)\Multiclass_Drone_Audio\unknown\3-151206-A-233.wav,Multiclass_Drone_Audio\unknown\3-151206-A-233.wav,al_emadi,3-151206-A-233,1.0216875,0.1473392262517165,6.92136287689209,-0.0003496020340614878,0.007970462522265784,-6.572969141416252e-06,-0.005772017687559128,0.0056115732062608035,0.13264288404368307,6.6065592765808105,9.224903687706575e-05,0.0075692256577463875,-5.320523996488191e-06,-0.0034196836873888964,0.0037842031335458236,0.5583962783475384,7.571817874908447,0.00010028619977664027,0.011000704597404681,2.001980465138331e-05,-0.0039390425197780125,0.004635217599570754,0.12730882197461205,8.688321113586426,-2.5749892968425468e-05,0.003716972121481751,-9.757804946275428e-07,-0.001664240332320332,0.001483904197812081,0.03431278938245005,9.645869255065918,-3.82912941747711e-06,0.0013651097921698828,1.9180774870619643e-06,-0.0005280153825879097,0.0005702701979316776
F:\Seminario\Seminario-Clustering\datasets\davi\Al Emadi (2019)\Multiclass_Drone_Audio\unknown\4-223125-A-143.wav,Multiclass_Drone_Audio\unknown\4-223125-A-143.wav,al_emadi,4-223125-A-143,1.0216875,0.27703669350710275,8.941234588623047,-0.00023562315193952535,0.03745120421990381,0.00036183945485390723,-0.05108137652277946,0.047832240536808984,0.0337461741028399,8.948780059814453,-2.9190935736990006e-05,0.01307124467638158,0.0003102378686890006,-0.017258528806269168,0.015892084315419202,0.04830041119399404,9.88727855682373,-0.000743038553149911,0.011051656725878906,-0.0004907823167741299,-0.014727718383073806,0.01310617420822382,0.1180970254339375,10.902688980102539,0.00014424159132919755,0.01225529805732169,0.0003006398765137419,-0.015092553198337555,0.015346846729516984,0.5228196957621258,11.654386520385742,-7.774774163131262e-05,0.018242204583010558,8.468088344670832e-05,-0.02212461195886135,0.02172408774495127
F:\Seminario\Seminario-Clustering\datasets\davi\Al Emadi (2019)\Multiclass_Drone_Audio\bebop_1\B_S2_D1_080-bebop_003_.wav,Multiclass_Drone_Audio\bebop_1\B_S2_D1_080-bebop_003_.wav,al_emadi,B_S2_D1_080-bebop_003,1.024,0.5569133560216754,8.748584747314453,0.0003651785808931855,0.25214820082517725,-0.0017385282553732395,-0.30842370390892027,0.31617632806301127,0.04833923412977189,8.947138786315918,0.0013239435364014143,0.07427512793560656,0.0020229481160640717,-0.09494251757860182,0.09612870216369629,0.10280996537381182,9.983264923095703,0.0010727471785069859,0.07671071975855664,0.0033335972111672163,-0.09831131994724272,0.10015055388212205,0.16657722068189276,10.918087005615234,-0.0012337679786415046,0.06909948858749415,0.00043937331065535545,-0.09253019094467163,0.08572918176651001,0.12536022379284822,11.948623657226562,1.0180712884656807e-05,0.042411780741868056,-0.000151704007294029,-0.05368335843086243,0.05399528294801713
F:\Seminario\Seminario-Clustering\datasets\davi\Al Emadi (2019)\Multiclass_Drone_Audio\unknown\2-25293-A-224.wav,Multiclass_Drone_Audio\unknown\2-25293-A-224.wav,al_emadi,2-25293-A-224,0.95975,0.0,-0.0,0.0,0.0,0.0,0.0,0.0,0.0,-0.0,0.0,0.0,0.0,0.0,0.0,0.0,-0.0,0.0,0.0,0.0,0.0,0.0,0.0,-0.0,0.0,0.0,0.0,0.0,0.0,0.0,-0.0,0.0,0.0,0.0,0.0,0.0
F:\Seminario\Seminario-Clustering\datasets\davi\Al Emadi (2019)\Multiclass_Drone_Audio\unknown\1-85123-A-311.wav,Multiclass_Drone_Audio\unknown\1-85123-A-311.wav,al_emadi,1-85123-A-311,1.0216875,0.9983253199794945,8.995588302612305,-0.0011971844244722987,0.17253448574333496,-0.000289801973849535,-0.22303468734025955,0.20797889232635497,0.0010009770912974432,8.927125930786133,-0.000208194964336413,0.005459423846201478,-0.00012154773503425531,-0.00716600208543241,0.00654940432868898,0.0004145794022307793,9.92923641204834,-1.5545983101412548e-05,0.002490412604569481,3.26211447827518e-05,-0.0031809986568987368,0.0031121968757361175,0.00013353055635652382,10.914061546325684,6.294495757309581e-06,0.0010001400241883354,8.538670954294503e-06,-0.001275219488888979,0.0012850697035901248,0.0001255929706208263,11.938907623291016,1.5318726947602302e-06,0.0006861695771805431,4.926318069919944e-06,-0.0008796423440799117,0.000880994217004627
F:\Seminario\Seminario-Clustering\datasets\davi\Al Emadi (2019)\Multiclass_Drone_Audio\unknown\3-101381-B-332.wav,Multiclass_Drone_Audio\unknown\3-101381-B-332.wav,al_emadi,3-101381-B-332,0.97525,0.6602236661457838,6.8256072998046875,-7.888436710342777e-05,0.04354139795442966,-1.0530055078561418e-05,-0.025130735710263252,0.026246318593621254,0.29389385949962354,6.356599807739258,0.00022197690142751242,0.0290495971479836,-5.466223456096486e-07,-0.010109812021255493,0.014346922747790813,0.04355480771998902,6.987825393676758,-2.546324717644047e-06,0.00792000876688238,2.699141603557109e-07,-0.0029090259922668338,0.0033469293266534805,0.0022954486956398056,7.347971439361572,8.268547853975776e-07,0.0012866476928136024,0.0,-0.00039368947909679264,0.000323740896419622,3.2217938963823035e-05,8.107418060302734,4.625764594930935e-08,0.00010783368543221361,0.0,-3.4644611878320556e-05,3.231310329283588e-05
F:\Seminario\Seminario-Clustering\datasets\davi\Al Emadi (2019)\Multiclass_Drone_Audio\unknown\2-32515-C-41.wav,Multiclass_Drone_Audio\unknown\2-32515-C-41.wav,al_emadi,2-32515-C-41,1.0216875,0.05616567188900188,8.252739906311035,-0.0013101514805278628,0.25784162936002375,-0.002684427541680634,-0.29353366792201996,0.30114952325820943,0.03509418418594351,7.062028408050537,-0.0010327187474139382,0.2038145484632735,-0.0010201969416812062,-0.15570221692323682,0.14071632176637708,0.28071219341856574,8.504371643066406,-0.0008288661034014669,0.40829916995542787,5.8318604715168476e-05,-0.36523634791374204,0.37553974986076377,0.5988775978084572,9.385960578918457,-0.00028090080290525595,0.42200817161693727,0.00011430552694946527,-0.3543714493513107,0.3389284491539003,0.02915035269803167,10.199919700622559,3.5987783561759537e-06,0.06586347670337153,-2.082223363686353e-05,-0.052132245153188705,0.05041970908641816
F:\Seminario\Seminario-Clustering\datasets\davi\Al Emadi (2019)\Multiclass_Drone_Audio\bebop_1\mixed_55-bebop_001_.wav,Multiclass_Drone_Audio\bebop_1\mixed_55-bebop_001_.wav,al_emadi,mixed_55-bebop_001,1.024,0.3875668589740073,7.409825325012207,-0.00021511682499091603,0.10827975539180106,-0.0014884595293551683,-0.07767775282263756,0.08275884166359902,0.1190588335863379,8.903926849365234,0.0007722848375159479,0.0600094514452326,0.000847646442707628,-0.07182445153594016,0.07772554829716682,0.21371140955429488,9.886663436889648,-0.0008631450424446682,0.05693209154123385,0.0002560062857810408,-0.07493068352341652,0.0692882522940636,0.1759015990954992,10.793802261352539,0.0002637685679124795,0.036557132516116024,-1.011823769658804e-05,-0.0450851134955883,0.045401185750961304,0.1037612987898607,11.69970703125,-2.0209554395728045e-05,0.019862614521008955,-2.285477239638567e-05,-0.02397698834538459,0.024110230430960663
F:\Seminario\Seminario-Clustering\datasets\davi\Al Emadi (2019)\Multiclass_Drone_Audio\unknown\2-160888-A-471.wav,Multiclass_Drone_Audio\unknown\2-160888-A-471.wav,al_emadi,2-160888-A-471,1.0216875,0.9635361755996475,9.062572479248047,0.053190202059963505,1.0600587172511244,0.06409544311463833,-1.3496154904365538,1.4329597592353824,0.019627110901579974,8.93613052368164,-0.00212240894664811,0.15147029807945292,-0.0037584106903523207,-0.19015848487615586,0.19302404373884208,0.012384536944346903,9.824628829956055,-0.00036844711524278487,0.08523212796107286,-0.0009445096366107464,-0.1078336700797081,0.10628537386655808,0.0037976715608950182,10.677000045776367,0.00012363176696202882,0.033398457483340985,-7.763484609313309e-05,-0.04030795209109783,0.03956118114292623,0.0006545049935305873,11.444926261901855,-2.26282966908548e-05,0.009808369351155163,-3.244075924158096e-05,-0.011290892958641052,0.01107625924050808
F:\Seminario\Seminario-Clustering\datasets\davi\Al Emadi (2019)\Multiclass_Drone_Audio\unknown\5-248341-A-60.wav,Multiclass_Drone_Audio\unknown\5-248341-A-60.wav,al_emadi,5-248341-A-60,1.0216875,0.59022938106126,6.965342998504639,-0.0002985642600508093,0.05929474717473333,6.910166121087968e-05,-0.045155758410692214,0.046783569455146834,0.30332021568859463,7.572074890136719,-0.0010135872882514774,0.04249506493284314,2.0286519429646432e-05,-0.04221256747841835,0.03584977686405187,0.09606055686677037,8.310098648071289,-0.00018883263931595827,0.016942692891830355,-0.00012098656588932499,-0.014013939350843429,0.013715751469135288,0.006957404520038365,9.462712287902832,3.6073562076651534e-06,0.003226735719339787,-2.4989567464217544e-05,-0.0028561630751937628,0.002769592800177634,0.0034324418633366093,11.235130310058594,1.3672019176057402e-05,0.0016032330711143242,1.6272722859866917e-05,-0.001762591442093253,0.0017850328003987674
F:\Seminario\Seminario-Clustering\datasets\davi\Al Emadi (2019)\Multiclass_Drone_Audio\membo_1\Membo_1_004-membo_000_.wav,Multiclass_Drone_Audio\membo_1\Membo_1_004-membo_000_.wav,al_emadi,Membo_1_004-membo_000,1.024,0.5992989379436241,8.504993438720703,-0.0006307673051691099,0.10766799765993088,3.252906026318669e-05,-0.12265243679285048,0.12145875170826913,0.04013685755268762,9.014097213745117,0.00011021329025857748,0.027863819516034036,-0.0008102124556899071,-0.0360567033290863,0.03610112741589547,0.07239566088841456,9.906593322753906,8.263856556635856e-05,0.026499940882568906,-0.0006834742380306125,-0.03341569676995278,0.034190170839428914,0.13928165221304895,10.968719482421875,-9.06564862672885e-05,0.026012997339960667,-0.000458787486422807,-0.033124394714832306,0.0336768738925457,0.14888689140222475,11.939767837524414,1.7214570731776094e-05,0.01902587070143372,0.00017083261627703905,-0.02446918599307537,0.024210264161229136
F:\Seminario\Seminario-Clustering\datasets\davi\Al Emadi (2019)\Multiclass_Drone_Audio\unknown\2-73544-A-272.wav,Multiclass_Drone_Audio\unknown\2-73544-A-272.wav,al_emadi,2-73544-A-272,0.97525,0.02594712245577561,7.241788387298584,3.992776046390764e-05,0.019656323505455712,4.666158929467201e-06,-0.015710968524217606,0.016144517809152603,0.03695360868095638,7.213401794433594,0.000919227903328122,0.023439768086741357,0.0004287677875254303,-0.016024356707930565,0.021151408553123474,0.20113631324676498,8.13854694366455,4.7951789605919e-05,0.03875730584176851,0.0003064805205212906,-0.03273090720176697,0.0343344584107399,0.3722530149591058,9.17120361328125,0.0004090752647147857,0.037309547563394246,-5.5802145652705804e-05,-0.02973366528749466,0.03189387731254101,0.36370994065739726,9.970390319824219,4.569772153585644e-05,0.02609056900888864,5.690305260941386e-05,-0.02006316818296909,0.02073189690709115
F:\Seminario\Seminario-Clustering\datasets\davi\Al Emadi (2019)\Multiclass_Drone_Audio\unknown\4-213915-C-30.wav,Multiclass_Drone_Audio\unknown\4-213915-C-30.wav,al_emadi,4-213915-C-30,1.0216875,0.8403755186606198,8.282365798950195,0.015238732327833945,1.5501835178213026,0.0009030476212501526,-1.7144781351089478,1.8424409389495857,0.09317124045325484,8.805314064025879,0.0001494042255556943,0.5161885109620304,0.005663344636559486,-0.6580484569072723,0.6204040110111237,0.052542492352881345,9.741937637329102,-0.003950010462090911,0.2745385648769301,-0.01207768265157938,-0.3322313547134399,0.33466308116912846,0.013188218957582199,10.437418937683105,7.457942962758006e-06,0.09733951939949148,0.00012838724069297314,-0.11142348945140838,0.10936673656105995,0.000722529575661851,11.519021987915039,-2.739010486305026e-05,0.016117368918999245,0.0002551348879933357,-0.018854251503944396,0.01876330003142358
F:\Seminario\Seminario-Clustering\datasets\davi\Al Emadi (2019)\Multiclass_Drone_Audio\bebop_1\mixed_3-bebop_001_.wav,Multiclass_Drone_Audio\bebop_1\mixed_3-bebop_001_.wav,al_emadi,mixed_3-bebop_001,1.024,0.24510953483806458,8.304189682006836,3.705617216714088e-05,0.06326045937227585,-0.0018373276107013226,-0.0676316313445568,0.06883370205760003,0.05363534572733515,8.950190544128418,-0.0004443930664034199,0.029588903649471456,-0.0008594052633270621,-0.03746806532144546,0.03764003850519657,0.1719892695098347,9.95167350769043,0.0002982162272924262,0.037523873283864535,0.0008553281950298697,-0.04701562747359276,0.04705779887735844,0.3012258288131177,10.954010963439941,-2.276777037006858e-05,0.03514568678699168,-0.00020670625963248312,-0.044788431376218796,0.044923145323991776,0.22804002111164784,11.951701164245605,-9.587478765943056e-05,0.02163205100086858,0.00043863916653208435,-0.027815841883420938,0.027437667176127434
F:\Seminario\Seminario-Clustering\datasets\davi\Al Emadi (2019)\Multiclass_Drone_Audio\membo_1\Membo_1_029-membo_002_.wav,Multiclass_Drone_Audio\membo_1\Membo_1_029-membo_002_.wav,al_emadi,Membo_1_029-membo_002,1.024,0.3090954975926397,9.228754043579102,0.0007933651595557271,0.06849942537326252,-0.0007930385181680322,-0.08647831678390502,0.09001843184232713,0.04572633938876439,8.898292541503906,6.711453160746316e-05,0.026348235016677934,5.987557960906997e-05,-0.03321834057569504,0.03338735587894917,0.1048875874474719,9.994804382324219,-6.721820961423273e-05,0.02825848930249132,0.0002003051558858715,-0.037827860191464426,0.035827733948826795,0.23397285578802512,10.900773048400879,-0.0002451922997803173,0.029868371973486716,-0.0005714212311431766,-0.03727934882044792,0.037516504526138306,0.30631771978309885,11.881268501281738,2.519510980419044e-07,0.024176861033182073,-4.6544722863473e-05,-0.03066098242998123,0.030404435470700274
F:\Seminario\Seminario-Clustering\datasets\davi\Al Emadi (2019)\Multiclass_Drone_Audio\unknown\2-66637-B-202.wav,Multiclass_Drone_Audio\unknown\2-66637-B-202.wav,al_emadi,2-66637-B-202,0.97525,0.10118136524880868,7.054727077484131,-2.114118367187189e-05,0.07860091527204255,-4.35578403994441e-05,-0.04227692261338234,0.0475749634206295,0.5803626569654642,6.334018230438232,-0.0009467648023251842,0.18824420996990662,0.0001937354390975088,-0.07720509171485901,0.06184373423457146,0.2679935485466428,6.8193039894104,0.0004959005771000477,0.09059059729679249,0.0004769778315676376,-0.021641784347593784,0.029551212675869465,0.03663235825587862,7.503474712371826,0.00010367020240734569,0.023701401640487813,0.0001483835294493474,-0.009838514029979706,0.011164020746946335,0.013830070983205729,10.339983940124512,-1.6761740259520977e-05,0.010302367757196201,2.0921776012983173e-05,-0.009000445902347564,0.00917253345251084
F:\Seminario\Seminario-Clustering\datasets\davi\Al Emadi (2019)\Multiclass_Drone_Audio\unknown\5-213855-A-03.wav,Multiclass_Drone_Audio\unknown\5-213855-A-03.wav,al_emadi,5-213855-A-03,1.0216875,0.008724477479968564,8.959433555603027,0.0008557860186103376,0.03983835515932124,0.0011263448395766318,-0.050741450488567354,0.05187952443957335,0.30475769329458796,6.243647575378418,-0.0020637579780435037,0.2355008734427889,-0.001234236580785364,-0.07753308936953544,0.07472938299179084,0.6408212651961526,7.000483512878418,0.0002897127362605575,0.24189426856053736,-0.00046951661352068186,-0.08219638019800185,0.08239843696355824,0.04472071032713838,8.02890682220459,-9.540166105605177e-06,0.04521837188420384,0.0002688639797270298,-0.018695607595145703,0.019398120045661937,0.000975853702152529,9.465777397155762,-3.84329624054458e-08,0.004725239070845315,2.1940766600891948e-05,-0.0025290557648986575,0.002571978932246568
F:\Seminario\Seminario-Clustering\datasets\davi\Al Emadi (2019)\Multiclass_Drone_Audio\unknown\5-189795-A-44.wav,Multiclass_Drone_Audio\unknown\5-189795-A-44.wav,al_emadi,5-189795-A-44,0.95975,0.003430955096444181,8.891904830932617,0.005900037755604494,0.05529454554458785,0.007065720856189728,-0.06346699222922325,0.07928251847624779,0.005685124777022631,7.73994779586792,-0.0021505492064914705,0.07154956852472595,-0.0013516652397811413,-0.07232466340065002,0.07221262529492378,0.3653880789434714,8.234676361083984,-0.029667388778618332,0.4054374924822494,-0.009477607905864716,-0.38420418500900266,0.2615349233150484,0.5936531113814224,9.610527038574219,0.000207941270736882,0.36668766541015474,0.0014607558259740472,-0.3607192039489746,0.3375361889600754,0.031842729801639394,10.425748825073242,4.2043176648032326e-05,0.0600783278106585,-4.443414218258113e-05,-0.05541311576962471,0.055092569440603256
F:\Seminario\Seminario-Clustering\datasets\davi\Al Emadi (2019)\Multiclass_Drone_Audio\membo_1\mixed_membo_63-membo_002_.wav,Multiclass_Drone_Audio\membo_1\mixed_membo_63-membo_002_.wav,al_emadi,mixed_membo_63-membo_002,1.024,0.6238284134063748,8.9641695022583,0.0016926364979968922,0.24391866484263844,0.001571926288306713,-0.30210691094398495,0.31495802104473114,0.07874847546391839,8.930490493774414,-5.673658454822358e-05,0.08666502847891712,0.0006373754586093128,-0.11314011961221694,0.10816166922450068,0.052145868718968376,9.945135116577148,-0.00047927787881179624,0.0499380135577343,-0.0004053794400533661,-0.065510593354702,0.06309296339750291,0.07372276190919509,10.67805290222168,0.00021092973809491255,0.042023476087734025,-9.458478598389775e-05,-0.05119027942419052,0.05076577886939049,0.17155448050154332,11.464143753051758,-3.952538561166984e-05,0.045349019413419685,-8.664699271321297e-05,-0.051900714635849,0.051579308509826685
F:\Seminario\Seminario-Clustering\datasets\davi\Al Emadi (2019)\Multiclass_Drone_Audio\bebop_1\mixed_40-bebop_001_.wav,Multiclass_Drone_Audio\bebop_1\mixed_40-bebop_001_.wav,al_emadi,mixed_40-bebop_001,1.024,0.5444693726949519,8.93275260925293,0.0023885551686353475,0.4004503559916031,-0.006786879617720842,-0.5027595818042755,0.5375319302082063,0.08217563836180992,8.509255409240723,-0.0001607177516296325,0.15557543134499222,0.0012499993899837136,-0.16927212476730347,0.1729438692331314,0.0798447045006012,9.838001251220703,-8.389347732999338e-05,0.10859529545586331,-0.0028473176062107086,-0.12976234555244445,0.13998294472694398,0.13405431713538862,10.825129508972168,-0.002593950473080944,0.09954889223230076,-0.0019639362581074238,-0.12950174510478973,0.12113479524850845,0.15945596730724837,11.752242088317871,1.594593985134206e-05,0.0768305976412832,-0.00050796486902982,-0.09345333278179169,0.09447204023599627
F:\Seminario\Seminario-Clustering\datasets\davi\Al Emadi (2019)\Multiclass_Drone_Audio\membo_1\Membo_0_038-membo_004_.wav,Multiclass_Drone_Audio\membo_1\Membo_0_038-membo_004_.wav,al_emadi,Membo_0_038-membo_004,0.896,0.5078744693548528,9.156757354736328,0.00028811713180890895,0.08384369637034561,0.0017713711131364107,-0.10940005704760551,0.10906357020139694,0.04950343680070494,8.79063892364502,7.541076167536427e-05,0.02617644455077003,0.0008824050310067832,-0.03278556503355503,0.03226529769599437,0.08044650657801813,9.657286643981934,-0.00020444379802651467,0.023634181762903248,-0.0004807088407687843,-0.030090771801769733,0.02996509950608014,0.16472202324913943,10.63125228881836,1.142322865032777e-05,0.02393795872007503,-0.0002749276754911989,-0.030080461129546165,0.02989223189651967,0.19745356401728473,11.708684921264648,6.079668772288512e-06,0.01854132088581663,8.270854596048594e-05,-0.023293472826480865,0.023521004244685173
F:\Seminario\Seminario-Clustering\datasets\davi\Al Emadi (2019)\Multiclass_Drone_Audio\membo_1\Membo_2_014-membo_003_.wav,Multiclass_Drone_Audio\membo_1\Membo_2_014-membo_003_.wav,al_emadi,Membo_2_014-membo_003,1.024,0.8151618808153593,8.669721603393555,0.0001687454480736616,0.14653844910374744,0.004240104230120778,-0.17682992815971374,0.16989505141973502,0.010178029393075787,9.04991340637207,0.00010057881495545764,0.016373955565669226,0.00029499424272216856,-0.021253215707838533,0.02190612591803074,0.0374991204851973,10.007417678833008,-0.00010186369397055504,0.022256370740162082,-0.0006734104827046394,-0.028341323882341386,0.029266198538243773,0.05327967358772346,10.930703163146973,-7.796037729984941e-05,0.018775032815339817,-0.00017392629524692893,-0.024087321013212204,0.02399471029639244,0.08388129571864414,11.923174858093262,-1.4089387865805481e-05,0.01666504455719849,-0.00024082128948066384,-0.02109660804271698,0.02150320000946522
F:\Seminario\Seminario-Clustering\datasets\davi\Al Emadi (2019)\Multiclass_Drone_Audio\bebop_1\mixed_18-bebop_000_.wav,Multiclass_Drone_Audio\bebop_1\mixed_18-bebop_000_.wav,al_emadi,mixed_18-bebop_000,1.024,0.5995623478254366,8.639688491821289,0.0010726004316204778,0.14661101134927,-0.002053566975519061,-0.18046475648880003,0.18401592671871186,0.033428328427079,8.929887771606445,-0.0004276491805444273,0.03461666821663617,-0.0008814634347800165,-0.042880698665976526,0.04403593465685845,0.08174251100350233,9.949429512023926,-0.0004030609478315752,0.03833358409519823,-5.0469629059080034e-05,-0.048528786376118654,0.04857338070869446,0.1529735525824991,10.92530632019043,0.000755590946035713,0.03710675165151378,0.0005107658798806369,-0.04548214003443718,0.04795267432928085,0.13229326016148305,11.951264381408691,-0.00013654604082371098,0.02441559233269313,5.217365105636418e-05,-0.03133329600095749,0.031059747189283372
F:\Seminario\Seminario-Clustering\datasets\davi\Al Emadi (2019)\Multiclass_Drone_Audio\membo_1\mixed_membo_0-membo_002_.wav,Multiclass_Drone_Audio\membo_1\mixed_membo_0-membo_002_.wav,al_emadi,mixed_membo_0-membo_002,1.024,0.8030995214994814,8.937081336975098,-0.001535111813900938,0.2687164360359728,-0.0023356936872005463,-0.338696813583374,0.34097137451171877,0.03878519051430513,8.385639190673828,-0.001984602389563309,0.05902068142048923,-0.0008970427443273365,-0.06927420645952224,0.06281461268663407,0.039002999556450306,9.695589065551758,-0.00017466466119678414,0.041935349312645934,-0.0013556235353462398,-0.0492428969591856,0.049993945658206945,0.05510236931016612,10.791641235351562,0.0004255707226836417,0.03527312017406626,-0.00031737389508634806,-0.04265483841300011,0.045045748353004456,0.06400991911959704,11.772128105163574,-0.0001436843095806341,0.026895411482993684,-0.00012003505253233016,-0.03382495939731598,0.03293887674808502
F:\Seminario\Seminario-Clustering\datasets\davi\Al Emadi (2019)\Multiclass_Drone_Audio\unknown\5-188655-A-101.wav,Multiclass_Drone_Audio\unknown\5-188655-A-101.wav,al_emadi,5-188655-A-101,1.0216875,0.5655415451380316,8.955602645874023,0.0011924018718223884,0.1444673142822931,-0.00408209441229701,-0.1809203803539276,0.1932231113314629,0.13384295164541044,8.95241928100586,0.0003953235797642491,0.07028182111476677,0.0006207193364389241,-0.0896471194922924,0.09033151939511301,0.07014155916664506,9.9219970703125,-0.0005860964287059466,0.036033625233149985,-0.00023322284687310457,-0.046295469254255296,0.04593752175569534,0.06229985079170735,10.016100883483887,-0.0003019247260996313,0.024032009577271883,-0.00036257720785215497,-0.026876163482666016,0.02617185935378075,0.16817409325820556,10.471443176269531,-5.0003712471704445e-05,0.027933833822147366,-5.5090116802603006e-05,-0.02623513117432594,0.026161076128482823
F:\Seminario\Seminario-Clustering\datasets\davi\Al Emadi (2019)\Multiclass_Drone_Audio\bebop_1\mixed_58-bebop_002_.wav,Multiclass_Drone_Audio\bebop_1\mixed_58-bebop_002_.wav,al_emadi,mixed_58-bebop_002,1.024,0.43751200065957746,8.347552299499512,-0.002498841469200979,0.09003156871754826,-0.001267545740120113,-0.09724338203668594,0.09112207517027855,0.03816751569954688,8.970545768737793,0.0006350060039905162,0.026594402306738405,-0.00030444863659795374,-0.0331294547766447,0.0363494835793972,0.1069641853127058,9.99172306060791,0.00045993481040070743,0.031532501472111396,0.0001583694393048063,-0.039341114833950995,0.04140489995479584,0.21995228350485527,10.95272445678711,-0.0008561141041265705,0.03199260319757296,-0.0007770563825033605,-0.04238172993063927,0.040499936789274216,0.19740401482331457,11.952116012573242,1.9829313604598252e-05,0.021448107823053474,-6.115449650678784e-06,-0.027182716503739355,0.027911663427948957
F:\Seminario\Seminario-Clustering\datasets\davi\Al Emadi (2019)\Multiclass_Drone_Audio\membo_1\mixed_membo_20-membo_002_.wav,Multiclass_Drone_Audio\membo_1\mixed_membo_20-membo_002_.wav,al_emadi,mixed_membo_20-membo_002,1.024,0.647887230198935,9.017135620117188,0.0007873191153494985,0.05098032684467801,0.0021200553746894,-0.06399285420775414,0.06456687673926355,0.05832485751802045,8.998068809509277,-1.447394284537261e-05,0.015297883737349575,-0.0005162362940609455,-0.01906736698001623,0.020668907463550577,0.07026612934544803,9.88473129272461,-4.1448559298808256e-05,0.011890317395813086,-2.6049907319247723e-05,-0.014893466047942637,0.015009259898215532,0.10458546094352561,10.906122207641602,-8.294103709537852e-05,0.010265967964869368,-0.00024379385286010802,-0.013069076463580132,0.013051089830696583,0.1189363219940709,11.914730072021484,-4.333930312869892e-06,0.007744725308140908,3.588305116863921e-05,-0.009762567281723023,0.009811157733201984
F:\Seminario\Seminario-Clustering\datasets\davi\Al Emadi (2019)\Multiclass_Drone_Audio\unknown\2-28314-B-124.wav,Multiclass_Drone_Audio\unknown\2-28314-B-124.wav,al_emadi,2-28314-B-124,0.95975,0.03796336883103865,7.152587413787842,-0.0006100862465697805,0.02312941678000211,-0.0008216526475735009,-0.022196175530552864,0.021353301592171192,0.11649276670454378,3.105456590652466,-0.0004174910984494047,0.040528430671980774,-1.913523010443896e-05,-0.006159469485282898,0.006006446201354265,0.26916230644559536,3.207918643951416,0.00020511036212876395,0.0436424226892482,-6.666379340458661e-05,-0.005734063033014536,0.004211743734776983,0.4628048572967603,3.7906689643859863,0.00039507598558454263,0.040495664302613914,-4.584347834679647e-06,-0.004536979366093873,0.005288280686363587,0.11357670072206194,5.514134407043457,1.0101908186190721e-05,0.014192455704479415,1.3508037227438763e-05,-0.0019252458587288857,0.001964283874258399
F:\Seminario\Seminario-Clustering\datasets\davi\Al Emadi (2019)\Multiclass_Drone_Audio\membo_1\mixed_membo_57-membo_001_.wav,Multiclass_Drone_Audio\membo_1\mixed_membo_57-membo_001_.wav,al_emadi,mixed_membo_57-membo_001,1.024,0.6560968564828179,9.00702953338623,-0.0018837694955754628,0.06657916562852521,-0.004685904830694199,-0.08559828028082847,0.08431483209133149,0.14403439334227217,8.825846672058105,-0.0009934668072744599,0.031191844342660698,-0.0007039403717499226,-0.03962047807872295,0.038065196201205256,0.053959913174509294,9.898065567016602,3.346068197742858e-05,0.013526356002373917,-0.000506998592754826,-0.016396714374423027,0.017861011996865274,0.06157637407295611,10.866680145263672,-5.433219571920237e-07,0.010226073595269579,0.00020843668607994914,-0.01290493831038475,0.012684967368841171,0.08433246292744451,11.863064765930176,7.836641481152183e-06,0.008465828534359402,4.980155426892452e-05,-0.010635993443429468,0.010783964954316622
F:\Seminario\Seminario-Clustering\datasets\davi\Al Emadi (2019)\Multiclass_Drone_Audio\membo_1\Membo_0_007-membo_001_.wav,Multiclass_Drone_Audio\membo_1\Membo_0_007-membo_001_.wav,al_emadi,Membo_0_007-membo_001,1.024,0.647517069159894,9.279668807983398,0.0002945504770094294,0.08440475695810604,0.0010897153988480568,-0.11052141264081,0.10998669713735582,0.061293353771613115,8.702539443969727,0.00010831596909624353,0.025968500001256275,0.0004987289139535278,-0.03157417699694633,0.031091844290494924,0.07460502291127756,10.015259742736816,0.00014397403797290734,0.020287823659977874,0.0001810655085137114,-0.02597696427255869,0.02624240089207888,0.10325641028756344,10.771595001220703,2.8353202073988467e-05,0.01689178690451906,-0.0002370230358792469,-0.021009119227528572,0.02067527174949646,0.11332814386965188,11.83437728881836,-1.1164385736361657e-06,0.012518635369889026,0.00011683313641697168,-0.015372120589017867,0.015424943901598454
F:\Seminario\Seminario-Clustering\datasets\davi\Al Emadi (2019)\Multiclass_Drone_Audio\membo_1\mixed_membo_9-membo_001_.wav,Multiclass_Drone_Audio\membo_1\mixed_membo_9-membo_001_.wav,al_emadi,mixed_membo_9-membo_001,1.024,0.2199477020127038,8.437799453735352,-0.0004869270291025705,0.14551168234707088,-0.0032608425244688988,-0.17662462890148162,0.17182376980781558,0.3680469497437314,8.378764152526855,0.01911288907421409,0.18725858741788065,0.005014813272282481,-0.19937061369419096,0.26120648086071013,0.2856509516306735,9.409894943237305,-0.0019165022303238473,0.117413749573224,-0.0011095115914940834,-0.14438799768686295,0.13865918368101127,0.10030831964841841,10.51922607421875,0.00020597876314947498,0.04924690823977175,0.0005027232691645622,-0.05916087329387665,0.05884246528148651,0.026046076964472874,11.847005844116211,2.371162782216364e-06,0.01775235044554426,-0.00014524457219522446,-0.02196449562907219,0.02215047776699066
F:\Seminario\Seminario-Clustering\datasets\davi\Al Emadi (2019)\Multiclass_Drone_Audio\unknown\2-109374-A-164.wav,Multiclass_Drone_Audio\unknown\2-109374-A-164.wav,al_emadi,2-109374-A-164,0.95975,0.9881358841082796,8.942109107971191,-0.0008660555206428187,0.25231007143075507,0.004788195248693228,-0.3262518495321274,0.32543839514255524,0.010655752113641458,8.807116508483887,3.806695926671281e-05,0.026201152471261653,0.0013287716428749263,-0.03316331095993519,0.03320395387709141,0.0008922726294413947,9.884162902832031,-6.98994944142722e-05,0.005370491031110976,-2.5288201868534088e-05,-0.007154023554176092,0.00674880212172866,0.000231118069806486,10.810924530029297,1.7576323016016074e-05,0.0019343039530475721,5.000032251700759e-05,-0.0024544550338760017,0.002498678443953396,8.497307883110385e-05,11.45059871673584,2.188805456757516e-06,0.0008297507765256928,1.110718585550785e-06,-0.0009778095409274101,0.0009860501158982515
F:\Seminario\Seminario-Clustering\datasets\davi\Al Emadi (2019)\Multiclass_Drone_Audio\membo_1\mixed_membo_3-membo_001_.wav,Multiclass_Drone_Audio\membo_1\mixed_membo_3-membo_001_.wav,al_emadi,mixed_membo_3-membo_001,1.024,0.5245958217403798,9.3392915725708,-0.0007415021005656245,0.04167558711975152,-0.0005988003686070442,-0.05378991961479187,0.05433431640267372,0.07700319117642819,8.996620178222656,0.00015955683893215553,0.01596874273450215,-0.000420101685449481,-0.020570737309753895,0.021471792645752434,0.09093910153448523,9.902002334594727,8.810820262196737e-05,0.012289114474575872,0.00024629397375974804,-0.016080699674785138,0.015601536631584168,0.14100317929480655,10.849163055419922,5.8242763955714684e-05,0.010829787721403542,8.095091470750049e-05,-0.013695760630071163,0.013724563643336296,0.1664587062539003,11.884586334228516,-1.8763037442246452e-06,0.008324063867992554,-1.3208504242356867e-05,-0.010678492486476896,0.010566509328782562
F:\Seminario\Seminario-Clustering\datasets\davi\Al Emadi (2019)\Multiclass_Drone_Audio\unknown\1-62850-A-383.wav,Multiclass_Drone_Audio\unknown\1-62850-A-383.wav,al_emadi,1-62850-A-383,1.0216875,0.32888878764046725,8.174226760864258,-6.414562800531755e-05,0.013577998304779345,0.00010204174759564921,-0.01590236686170101,0.016403435356915,0.19256336175571037,5.519855976104736,2.4250419235185457e-05,0.010389668596108823,-9.397400845045922e-06,-0.0015735059860162437,0.001810135424602777,0.06281429667419751,6.168607234954834,1.1425420071610864e-05,0.004203095844346714,3.033452230738476e-06,-0.0007296033552847802,0.0006628865026868883,0.2487600282643416,6.7369866371154785,0.0002366346262587218,0.0059140869607765085,3.8165935620781966e-06,-0.0007067099562846124,0.0010904776398092517,0.16697352566528326,8.162161827087402,-3.790739947377747e-06,0.0034303555503948703,-2.3725806386210024e-07,-0.0006167104700580239,0.0005611833883449443
F:\Seminario\Seminario-Clustering\datasets\davi\Al Emadi (2019)\Multiclass_Drone_Audio\bebop_1\mixed_24-bebop_001_.wav,Multiclass_Drone_Audio\bebop_1\mixed_24-bebop_001_.wav,al_emadi,mixed_24-bebop_001,1.024,0.6979054043283495,7.903225898742676,-0.00017764804889312358,0.1811358487381607,0.0017555193044245243,-0.17280689924955367,0.1736935928463936,0.039854337719823274,8.950454711914062,5.1366997264903174e-05,0.043285638120275395,0.000303669527056627,-0.056352730840444565,0.05321711748838425,0.05601925899164789,9.903253555297852,0.00019331276782347614,0.03634019505571575,0.0004102934763068333,-0.04625131487846374,0.04503579065203667,0.11741980964420533,10.912002563476562,0.00040071033854638193,0.03723279043080302,0.0007579763187095523,-0.047011297196149826,0.0483609177172184,0.08880118931597407,11.92352294921875,7.97266766112765e-06,0.022906557432583664,3.9275415474548936e-05,-0.02939724177122116,0.029289574921131142
F:\Seminario\Seminario-Clustering\datasets\davi\Al Emadi (2019)\Multiclass_Drone_Audio\unknown\2-119102-A-211.wav,Multiclass_Drone_Audio\unknown\2-119102-A-211.wav,al_emadi,2-119102-A-211,1.0216875,0.9896649655775656,8.168028831481934,-4.5908694949888856e-05,0.009541363348609645,0.0,-0.009275635704398155,0.01094825649634004,0.004079467104290481,5.172055721282959,-6.2898587425686295e-06,0.00061256215148568,0.0,-0.00030509198841173203,0.00029599594417959455,0.003349637157669641,6.191066265106201,-3.9619934864282275e-06,0.0003931640381657197,0.0,-0.00021292875171639026,0.00019849370582960548,0.0019392926605657,7.121220111846924,-3.020193801015628e-06,0.0002116789277138016,0.0,-0.00011390116196707822,0.00011431753373472028,0.0009666374999085929,9.02181339263916,-9.619777734769519e-08,0.0001057310582658692,0.0,-6.898738502059132e-05,6.836569955339657e-05
F:\Seminario\Seminario-Clustering\datasets\davi\Al Emadi (2019)\Multiclass_Drone_Audio\unknown\2-209475-A-250.wav,Multiclass_Drone_Audio\unknown\2-209475-A-250.wav,al_emadi,2-209475-A-250,1.0216875,0.6275076289333691,7.018601417541504,-0.03545120181231003,0.16162715060708427,-0.03423001617193222,-0.14458865225315093,0.06528620868921281,0.21980230224939504,6.850369453430176,-0.0009039611470023105,0.09792775519898514,0.0008615814731456339,-0.06938607096672057,0.0671655833721161,0.10423254896316629,7.498223781585693,7.359482100646599e-05,0.04776776721500288,-0.00017203722381964326,-0.03319547101855278,0.03150834366679192,0.03328068538898421,8.75601577758789,0.00023385133205901614,0.019098555985093538,5.748248986492399e-05,-0.013935280125588178,0.01338925799354911,0.01517683446508541,9.418418884277344,-2.7451758963320097e-05,0.009124233431646452,1.2977863661944866e-05,-0.006070949975401163,0.0059087704867124575
F:\Seminario\Seminario-Clustering\datasets\davi\Al Emadi (2019)\Multiclass_Drone_Audio\bebop_1\mixed_61-bebop_003_.wav,Multiclass_Drone_Audio\bebop_1\mixed_61-bebop_003_.wav,al_emadi,mixed_61-bebop_003,1.024,0.7773222715245888,8.533661842346191,0.005546293460913183,0.47283590501719897,0.011718356516212225,-0.576443737745285,0.5693044245243073,0.04347921808922272,8.175554275512695,0.00138840014902616,0.11182712235761502,0.0023230292135849595,-0.11960479244589806,0.12618008702993394,0.09526229879436622,9.380441665649414,-0.0006662865232031506,0.11722268366332132,9.203271474689245e-05,-0.1428029716014862,0.1319406270980835,0.04997862061090528,10.077020645141602,-5.1831140466669375e-06,0.06009047442443028,-0.0005690280813723803,-0.06403746455907822,0.06212947517633438,0.03395759098091696,10.689234733581543,9.835644675486354e-05,0.035038913636443764,2.3607630282640457e-05,-0.03196093067526817,0.0316315695643425
F:\Seminario\Seminario-Clustering\datasets\davi\Al Emadi (2019)\Multiclass_Drone_Audio\membo_1\Membo_1_044-membo_004_.wav,Multiclass_Drone_Audio\membo_1\Membo_1_044-membo_004_.wav,al_emadi,Membo_1_044-membo_004,0.896,0.2952530952454986,8.926939964294434,0.001597854733274023,0.056045059976851004,-0.0001303653698414564,-0.06972566321492195,0.07789153978228563,0.09192357947522689,8.757925033569336,0.0002005288118494666,0.031283913463362505,-0.0011329324916005135,-0.03869598656892776,0.041346643492579445,0.13737869648375195,9.69871711730957,-0.0002740580061521434,0.02708709505087325,-0.00023473994224332273,-0.03436370827257633,0.034223107621073716,0.23106260015206948,10.652580261230469,-2.5187897621195967e-06,0.024865539966122355,-0.00015593910939060152,-0.031248724460601805,0.03119979612529278,0.24438202864345307,11.637575149536133,1.562111581301681e-05,0.01809107686594626,7.736662519164383e-05,-0.022725721821188927,0.022785890847444534
F:\Seminario\Seminario-Clustering\datasets\davi\Al Emadi (2019)\Multiclass_Drone_Audio\bebop_1\B_S2_D1_123-bebop_001_.wav,Multiclass_Drone_Audio\bebop_1\B_S2_D1_123-bebop_001_.wav,al_emadi,B_S2_D1_123-bebop_001,1.024,0.6484409919460006,8.521577835083008,0.0029577930301916107,0.31687278091699056,0.01355463545769453,-0.3784652233123779,0.37113063335418706,0.0276299026594873,8.873085975646973,0.001740751569261051,0.0653889616019759,0.0010179390665143728,-0.07786751165986061,0.08186360225081445,0.07004965890722661,9.9476318359375,0.000532967551258859,0.0737528307874349,0.0013528247363865376,-0.0953719936311245,0.09420623406767846,0.14607672295516397,10.93110179901123,6.313598547285248e-06,0.07537595882570755,0.0006508074002340436,-0.09667577594518661,0.09688788652420044,0.1078027235321216,11.944822311401367,-0.0002139792543240153,0.04580605446589383,-0.0001585441641509533,-0.0586916871368885,0.05838108882308009
F:\Seminario\Seminario-Clustering\datasets\davi\Al Emadi (2019)\Multiclass_Drone_Audio\membo_1\Membo_0_016-membo_001_.wav,Multiclass_Drone_Audio\membo_1\Membo_0_016-membo_001_.wav,al_emadi,Membo_0_016-membo_001,1.024,0.47867748837603036,9.129223823547363,-0.0003553711766268588,0.09616237756260894,0.001128889387473464,-0.12018259540200234,0.11902864873409272,0.03414555065095398,8.952985763549805,-0.00024168976698154404,0.0256823337115663,-0.0008101251733023673,-0.03306621164083481,0.031390733644366266,0.0995332738686297,9.953033447265625,0.0007010166515409629,0.031044058933648724,-0.00027809101447928697,-0.03939038589596748,0.03946187347173691,0.1660199807754689,10.90800666809082,0.00028985636414850395,0.028380360279545817,0.0005632296670228243,-0.036053795367479324,0.03639435023069382,0.22162370632891706,11.854442596435547,-2.0496521424672603e-05,0.023197369042424105,0.0003543070051819086,-0.02936021164059639,0.028683579713106158
F:\Seminario\Seminario-Clustering\datasets\davi\Al Emadi (2019)\Multiclass_Drone_Audio\membo_1\mixed_membo_3-membo_002_.wav,Multiclass_Drone_Audio\membo_1\mixed_membo_3-membo_002_.wav,al_emadi,mixed_membo_3-membo_002,1.024,0.48163137201687384,9.379833221435547,0.00025982584417752415,0.03858270574129132,-0.0015666562831029296,-0.04908779785037041,0.052332264557480815,0.07155100271089167,8.86860466003418,-3.857934361892228e-05,0.014871389123837798,-0.0004922352381981909,-0.017884646728634834,0.020302546955645085,0.10536652903925937,9.798097610473633,7.361208108200103e-05,0.012779317429464521,-0.00022884098871145397,-0.015408880542963743,0.01615077815949917,0.14994019345795492,10.805475234985352,0.00012997918966849495,0.010788135649558507,0.00013096783368382603,-0.013524476438760757,0.013435476459562778,0.19151090277502017,11.846539497375488,-4.231590664602973e-06,0.008625533608128615,-2.8967551770620048e-05,-0.010783667303621769,0.010874758847057821
F:\Seminario\Seminario-Clustering\datasets\davi\Al Emadi (2019)\Multiclass_Drone_Audio\bebop_1\B_S2_D1_071-bebop_002_.wav,Multiclass_Drone_Audio\bebop_1\B_S2_D1_071-bebop_002_.wav,al_emadi,B_S2_D1_071-bebop_002,1.024,0.2909834351920056,8.548962593078613,-0.00029159627427591137,0.13583937180530312,-0.0028132330626249313,-0.1568515881896019,0.15910194069147116,0.053947867188570225,9.01011848449707,-0.00027171549973873765,0.05848910925624732,0.0012458300334401429,-0.0751234233379364,0.07446409612894059,0.1574194198077301,9.899238586425781,0.00048172108616849715,0.07075058115239412,0.0019023154745809734,-0.09163798242807389,0.08774136006832123,0.2845156142514446,10.92425537109375,-0.0013001487360778043,0.06730359895591088,-0.001749952556565404,-0.08774178475141525,0.08559700101613998,0.2131336635602495,11.933746337890625,3.126247038142215e-05,0.04121568889771595,0.00045903190039098263,-0.05278773084282875,0.05224942862987519
F:\Seminario\Seminario-Clustering\datasets\davi\Al Emadi (2019)\Multiclass_Drone_Audio\membo_1\mixed_membo_51-membo_003_.wav,Multiclass_Drone_Audio\membo_1\mixed_membo_51-membo_003_.wav,al_emadi,mixed_membo_51-membo_003,1.024,0.7565180100638581,8.535612106323242,-0.0007975752255766318,0.09010544360921578,-0.002806589938700199,-0.10349142849445343,0.1035256139934063,0.11972989342259155,8.571762084960938,-0.0006889898740535023,0.03584094743040236,-0.0004244334122631699,-0.04273148514330387,0.0435841277241707,0.05886800985964734,9.941354751586914,6.279244631406262e-05,0.01779974511992576,0.0005862187827005982,-0.023160691373050213,0.022650984115898616,0.03591382218448688,10.96867561340332,-0.00010194626503754787,0.009838743597711566,-0.0001284702739212662,-0.012648354284465313,0.012441609986126423,0.028970264469416092,11.94189453125,9.266233451179964e-07,0.006251421612027722,4.0826922486303374e-05,-0.007999548129737376,0.008026573248207578
F:\Seminario\Seminario-Clustering\datasets\davi\Al Emadi (2019)\Multiclass_Drone_Audio\bebop_1\mixed_66-bebop_001_.wav,Multiclass_Drone_Audio\bebop_1\mixed_66-bebop_001_.wav,al_emadi,mixed_66-bebop_001,1.024,0.5519787771268876,8.305848121643066,-0.003447245925583524,0.25131170429526,-0.008468596264719963,-0.2761795729398727,0.2514638274908066,0.13018896354417372,9.09170913696289,-0.0010236320903556403,0.12205742475454029,0.0006529724050778896,-0.16336087882518768,0.1543832764029503,0.04153313213105164,9.915275573730469,0.0002876471406810789,0.0488203151052945,0.0013196173240430653,-0.06304928734898567,0.061165934428572655,0.08613554403418018,10.95241641998291,0.0003498051905088441,0.049756130808695155,0.0004989718436263502,-0.06361396610736847,0.06291083991527557,0.19016358316370685,12.137457847595215,0.00011204027014828126,0.05229970075287216,-0.0004982240498065948,-0.0683417946100235,0.06911579668521883
F:\Seminario\Seminario-Clustering\datasets\davi\Al Emadi (2019)\Multiclass_Drone_Audio\unknown\1-88574-A-84.wav,Multiclass_Drone_Audio\unknown\1-88574-A-84.wav,al_emadi,1-88574-A-84,0.95975,0.7979555400419334,8.924871444702148,-0.0020391574629831204,0.31942409501257374,0.0031849697697907686,-0.41921207308769226,0.41484884917736053,0.08735094943315182,8.347947120666504,-0.0005608215834318774,0.10568537097846578,0.0008744518854655325,-0.12403672188520432,0.1282568871974945,0.07952387996802975,9.470624923706055,0.0038829965261264715,0.07132907405887985,0.0010183174163103104,-0.085947847366333,0.09589047729969025,0.03365298775809017,10.322662353515625,0.00022003561776173428,0.0328841144619698,0.00022085952514316887,-0.03946379683911801,0.03992667868733407,0.0015166427987949398,11.451009750366211,-6.160596313113314e-07,0.004938652849417108,-1.6060133930295706e-05,-0.0057144672609865665,0.00578891858458519
F:\Seminario\Seminario-Clustering\datasets\davi\Al Emadi (2019)\Multiclass_Drone_Audio\bebop_1\B_S2_D1_088-bebop_004_.wav,Multiclass_Drone_Audio\bebop_1\B_S2_D1_088-bebop_004_.wav,al_emadi,B_S2_D1_088-bebop_004,0.896,0.7791224196034829,8.25047492980957,0.0027266633283850755,0.3669837211231268,0.002874528639949858,-0.4334802448749542,0.4211610972881315,0.018736043099051414,8.785928726196289,-0.0008075139891204451,0.05690509682777718,0.0001982674584724009,-0.07414820492267608,0.07257016450166702,0.04800672092099013,9.729583740234375,0.001055532838765351,0.06451448697686887,-9.421004506293684e-05,-0.08147903308272361,0.08280041143298147,0.08744948959117857,10.701221466064453,-0.00048543200580237523,0.06163645348047283,-0.00029903161339461803,-0.07919570356607437,0.07825873792171496,0.06668532678529693,11.738905906677246,0.0001646857262440243,0.03807855169933599,-0.00012552639236673713,-0.04800530523061752,0.048924658447504044
F:\Seminario\Seminario-Clustering\datasets\davi\Al Emadi (2019)\Multiclass_Drone_Audio\unknown\5-212730-A-170.wav,Multiclass_Drone_Audio\unknown\5-212730-A-170.wav,al_emadi,5-212730-A-170,1.0216875,0.5069562445703022,8.9987211227417,-0.00042233806935206155,0.0578729612580377,-4.6777751776971854e-05,-0.06949863582849503,0.07128049284219745,0.01069284070975845,3.7565386295318604,0.0001268100841837442,0.008404253040666772,-4.692390939453617e-05,-0.002625120454467833,0.0026366748847067366,0.1294424491136625,4.729873180389404,2.2311952427574996e-05,0.020714083950241602,2.6217785489279777e-05,-0.0014064473565667866,0.0015665331156924373,0.13028777068597297,5.78904914855957,-0.0003682105931465484,0.014700983806085666,1.1310876743664267e-05,-0.001143997674807906,0.0010832337546162311,0.22262069492030395,4.978646278381348,7.345103168164883e-05,0.013598093744525627,-2.4275941541418433e-06,-0.001223463169299066,0.0011589372064918291
F:\Seminario\Seminario-Clustering\datasets\davi\Al Emadi (2019)\Multiclass_Drone_Audio\bebop_1\B_S2_D1_080-bebop_004_.wav,Multiclass_Drone_Audio\bebop_1\B_S2_D1_080-bebop_004_.wav,al_emadi,B_S2_D1_080-bebop_004,1.024,0.7185840652659269,8.630426406860352,0.001202254541652295,0.3514179510023997,-0.005876481998711824,-0.407761812210083,0.40447862446308136,0.03359555384520316,9.078126907348633,0.0005055202812055867,0.07598344885617149,-0.0013413344277068973,-0.0998023770749569,0.10177149251103404,0.06659203359732634,9.911317825317383,-0.004047907735109433,0.07564781019693909,-0.006045239279046655,-0.09615339189767838,0.09545651972293855,0.10329121976661663,10.919278144836426,0.002581269861891691,0.06672189642809746,0.0017704358324408531,-0.08094313740730286,0.08915102481842041,0.07793712752492703,11.940539360046387,4.6307551272524844e-05,0.04103021114841493,-0.00023102416889742017,-0.05209996253252029,0.05214763134717945
F:\Seminario\Seminario-Clustering\datasets\davi\Al Emadi (2019)\Multiclass_Drone_Audio\bebop_1\mixed_15-bebop_003_.wav,Multiclass_Drone_Audio\bebop_1\mixed_15-bebop_003_.wav,al_emadi,mixed_15-bebop_003,1.024,0.910455285984073,8.86031723022461,0.0031907817465253174,0.37962406879072913,0.011948286555707455,-0.46937264800071715,0.46899819970130924,0.01497997985406351,8.828703880310059,-0.0003166817948369092,0.04869520487389807,-0.0001919599308166653,-0.05952438563108444,0.05996962673962119,0.021989361401976326,9.959697723388672,0.00128960889901176,0.04175970944577011,0.001757715072017163,-0.05308647081255913,0.054818057641387,0.03128303212948082,10.90639877319336,-0.00030588153415020956,0.03526562374416335,1.9691651687026024e-05,-0.04497116431593895,0.04392167925834656,0.021292340630406394,11.927489280700684,-6.75574829578178e-05,0.020582269711395183,0.0003540313336998224,-0.026708159968256946,0.02547260038554669
F:\Seminario\Seminario-Clustering\datasets\davi\Al Emadi (2019)\Multiclass_Drone_Audio\membo_1\Membo_0_010-membo_003_.wav,Multiclass_Drone_Audio\membo_1\Membo_0_010-membo_003_.wav,al_emadi,Membo_0_010-membo_003,1.024,0.614031494976974,9.40938663482666,1.0379091203574417e-05,0.07954781054924258,0.00025444268248975277,-0.1048846498131752,0.10903970003128052,0.07975992523629027,8.979314804077148,-1.9566295866275803e-05,0.028669833249294133,-0.00014673199621029198,-0.03664008863270283,0.03862420357763768,0.07445583676676144,9.67587661743164,0.0001172700983660564,0.019615206976725603,-0.0001418312604073435,-0.023083616979420185,0.023737737163901332,0.11878317027686235,10.619280815124512,5.3119372770614226e-05,0.017534043927139146,-0.00015866626927163452,-0.019736958667635918,0.020685063675045967,0.11296957274311195,11.699681282043457,8.153510672029487e-06,0.012096443454462319,1.4159217244014144e-05,-0.014584541879594324,0.014595423638820652
F:\Seminario\Seminario-Clustering\datasets\davi\Al Emadi (2019)\Multiclass_Drone_Audio\unknown\1-13571-A-464.wav,Multiclass_Drone_Audio\unknown\1-13571-A-464.wav,al_emadi,1-13571-A-464,0.95975,0.21131928410569528,8.832235336303711,0.01622073904598637,0.4244840437489622,0.016524571925401688,-0.5248287320137024,0.542878657579422,0.5281681598245404,7.851792335510254,-0.002712063249113813,0.6715699191528526,0.002406405401416123,-0.6446174681186676,0.6091010272502899,0.2113662136221612,8.574226379394531,0.00029174231128863896,0.300953523457975,0.001221311162225902,-0.2511868357658386,0.2451488971710206,0.04594421397205503,9.498337745666504,-0.0004898208581143385,0.09929232225355163,0.0007206062145996839,-0.08057502508163451,0.08118774592876439,0.0032021284755481575,10.292505264282227,3.0153160872360094e-06,0.018544183675531744,4.2561747250147164e-05,-0.014250022359192371,0.014761876314878464
F:\Seminario\Seminario-Clustering\datasets\davi\Al Emadi (2019)\Multiclass_Drone_Audio\membo_1\Membo_1_031-membo_004_.wav,Multiclass_Drone_Audio\membo_1\Membo_1_031-membo_004_.wav,al_emadi,Membo_1_031-membo_004,0.896,0.43814348651563345,9.197925567626953,-0.0003179357471791181,0.07882586466150986,-0.0021784489508718252,-0.10187504664063453,0.10335320308804512,0.06519663415759579,8.79537582397461,-6.0159803438878014e-05,0.03040715822971283,-0.002520709647797048,-0.038091514632105826,0.04029534049332142,0.10192754743523422,9.557554244995117,6.83972698258424e-05,0.026928793662987064,0.0003103711933363229,-0.03288129977881908,0.032868231832981105,0.15004226272094573,10.700206756591797,-9.874069018195834e-05,0.023125092424524884,-3.463620669208467e-05,-0.02918863445520401,0.029331899434328117,0.2446900691705908,11.656862258911133,-1.549102648021267e-05,0.020892266596197317,-0.0001340218586847186,-0.026002634316682816,0.026178548112511635
F:\Seminario\Seminario-Clustering\datasets\davi\Al Emadi (2019)\Multiclass_Drone_Audio\bebop_1\B_S2_D1_132-bebop_004_.wav,Multiclass_Drone_Audio\bebop_1\B_S2_D1_132-bebop_004_.wav,al_emadi,B_S2_D1_132-bebop_004,0.896,0.5576975449454495,7.853298187255859,-0.0010409170267132923,0.3470151417961823,0.0076533956453204155,-0.35558295249938965,0.3486382901668548,0.07170249997563959,8.69837474822998,-0.0008606998160963635,0.12442503328122215,-0.0022344246972352266,-0.16146617084741594,0.15302452594041824,0.11845687293888268,9.691935539245605,-0.00047309294835914516,0.11327544469423302,-0.0005388546560425311,-0.1382167622447014,0.14510385543107984,0.15136812724841092,10.701390266418457,0.0003613473578981197,0.09063194590615908,-0.0011750085977837443,-0.11406140178442001,0.11711410433053976,0.10077495489161722,11.650798797607422,4.6247352148205425e-05,0.05231672379830393,9.747158037498593e-05,-0.06513293832540512,0.06444403529167175
