filepath,relative_path,dataset,group_id,duration_seconds,approx_L4_relative_energy,approx_L4_shannon_entropy,approx_L4_mean,approx_L4_std,approx_L4_median,approx_L4_p10,approx_L4_p90,detail_L4_relative_energy,detail_L4_shannon_entropy,detail_L4_mean,detail_L4_std,detail_L4_median,detail_L4_p10,detail_L4_p90,detail_L3_relative_energy,detail_L3_shannon_entropy,detail_L3_mean,detail_L3_std,detail_L3_median,detail_L3_p10,detail_L3_p90,detail_L2_relative_energy,detail_L2_shannon_entropy,detail_L2_mean,detail_L2_std,detail_L2_median,detail_L2_p10,detail_L2_p90,detail_L1_relative_energy,detail_L1_shannon_entropy,detail_L1_mean,detail_L1_std,detail_L1_median,detail_L1_p10,detail_L1_p90
F:\Seminario\Seminario-Clustering\datasets\davi\Al Emadi (2019)\Multiclass_Drone_Audio\unknown\1-40730-A-10.wav,Multiclass_Drone_Audio\unknown\1-40730-A-10.wav,al_emadi,1-40730-A-10,1.0216875,0.004693913994810774,7.574341773986816,0.0015986994035461154,0.04656663541902661,0.001793494331650436,-0.04233000837266445,0.0454848572611809,0.5201647073312021,6.7017130851745605,0.05614112467002522,0.4872702838612028,0.0005348134727682918,-0.19626834839582444,0.2859428703784945,0.37914230095442597,7.9948410987854,-0.008952051624135399,0.29647759741841057,-0.0005332236760295928,-0.2227984994649887,0.2207486301660538,0.0909236846072119,10.230833053588867,0.0006747237590881953,0.10278292679208124,-8.230943876696983e-06,-0.12040659710764884,0.12479342371225359,0.0050753931123492125,10.829292297363281,-6.308409539454001e-06,0.017178983694774826,-4.045214154757559e-06,-0.017706656083464622,0.018238113820552827
F:\Seminario\Seminario-Clustering\datasets\davi\Al Emadi (2019)\Multiclass_Drone_Audio\unknown\3-71964-A-44.wav,Multiclass_Drone_Audio\unknown\3-71964-A-44.wav,al_emadi,3-71964-A-44,0.95975,0.006644149952202159,7.38878870010376,-0.0011188723247091664,0.02630962818602147,-0.0002748678089119494,-0.026469675824046135,0.025889761745929718,0.0046341588141642414,6.150745391845703,9.290137742229064e-05,0.021992212907849123,-3.158045728923753e-06,-0.004790609935298562,0.0045063921716064215,0.38012113988834756,7.086278438568115,0.0021354992524616786,0.14108205872998597,-5.458423402160406e-08,-0.010257055982947348,0.013673163391649779,0.5883046173837525,7.889501571655273,-1.474945280259042e-05,0.12421823879502204,3.046261554118246e-08,-0.010668237507343291,0.011817608959972862,0.02029593396153353,8.790363311767578,1.7997620676688523e-05,0.016321921497740588,-2.186947313020937e-06,-0.00148452736902982,0.0013450696133077145
F:\Seminario\Seminario-Clustering\datasets\davi\Al Emadi (2019)\Multiclass_Drone_Audio\unknown\4-161099-B-473.wav,Multiclass_Drone_Audio\unknown\4-161099-B-473.wav,al_emadi,4-161099-B-473,1.0216875,0.46389210839855016,8.906417846679688,0.0009190365382205651,0.33721446992117965,0.00036829058080911636,-0.43618063926696776,0.40917631387710574,0.3562717192486748,8.817048072814941,-0.0005658313868324324,0.2955215738282085,-0.0001381265465170145,-0.37091573476791384,0.3690012156963348,0.13059497442404697,9.61875057220459,0.0022807096135350315,0.12671201171738117,-0.001007287297397852,-0.14203214645385742,0.15614659488201146,0.04307862087281446,10.624615669250488,0.00020015551438084,0.051505747167559526,-0.0004373926931293681,-0.06115636713802814,0.06096942573785782,0.006162577055913621,11.43643569946289,-1.6847330012023986e-06,0.013780978339911362,-1.4793360605835915e-05,-0.015773717314004898,0.01540657039731741
F:\Seminario\Seminario-Clustering\datasets\davi\Al Emadi (2019)\Multiclass_Drone_Audio\unknown\4-188191-A-293.wav,Multiclass_Drone_Audio\unknown\4-188191-A-293.wav,al_emadi,4-188191-A-293,1.0216875,0.31226756292161606,6.705727577209473,-4.308327352580832e-05,0.04714889306273765,-7.948019629111513e-05,-0.019399105757474895,0.016246045194566287,0.6218750951901661,5.593912124633789,0.00013743997504734367,0.06653634551318811,1.1723012448783265e-05,-0.018788238801062108,0.024269866384565842,0.02105155670434419,7.561800956726074,8.910765328682948e-05,0.008670677231057126,1.1451086720626336e-05,-0.0043125406838953485,0.003585756011307241,0.031027050377853038,7.872908592224121,8.60922266460943e-05,0.0074486620023066575,-6.676614020761917e-06,-0.0024539817590266463,0.002706791949458421,0.013778734806020564,8.165746688842773,-7.97400907032366e-06,0.003511651254640731,-8.246161087299697e-07,-0.001102370349690318,0.0010105788242071873
F:\Seminario\Seminario-Clustering\datasets\davi\Al Emadi (2019)\Multiclass_Drone_Audio\bebop_1\mixed_52-bebop_002_.wav,Multiclass_Drone_Audio\bebop_1\mixed_52-bebop_002_.wav,al_emadi,mixed_52-bebop_002,1.024,0.6600010487140188,8.708398818969727,0.0025966083603793555,0.1766851066559128,-3.533123526722193e-05,-0.20832267105579377,0.22125345468521118,0.06136331325248711,8.811515808105469,0.0005508208612050155,0.053877348068222766,-0.00181133538717404,-0.06512709408998489,0.07053212523460389,0.06957730195356966,9.997962951660156,7.827924602596314e-05,0.04062804152723891,0.000508499113493599,-0.05390127822756767,0.05148261934518814,0.11648741904507812,10.947181701660156,0.00014697929388300204,0.03720354866758752,-0.00018424232257530093,-0.04708166420459747,0.04816872999072075,0.09257091703484639,11.9266357421875,-8.059732346954816e-05,0.023461369659880486,4.635678487829864e-05,-0.030153122171759597,0.02927917912602425
F:\Seminario\Seminario-Clustering\datasets\davi\Al Emadi (2019)\Multiclass_Drone_Audio\membo_1\Membo_1_043-membo_001_.wav,Multiclass_Drone_Audio\membo_1\Membo_1_043-membo_001_.wav,al_emadi,Membo_1_043-membo_001,1.024,0.34901044000319276,9.257609367370605,-0.00028333074099031613,0.06164153041363325,-0.0039962721057236195,-0.07913453429937363,0.08478467836976052,0.07055592827113519,8.959090232849121,-5.698508559839203e-05,0.027715621898851517,-0.0009682124655228108,-0.03459478504955769,0.03558888770639897,0.1199283057269646,9.875125885009766,0.0004882865336310958,0.025583439784498067,0.00016716121172066778,-0.03213153332471847,0.0333743542432785,0.2187137224528633,10.773965835571289,-5.689017835862447e-06,0.02445516054268633,4.242040449753404e-05,-0.030220022425055504,0.030175967141985893,0.24179160354584414,11.84420108795166,-1.0103909484871628e-06,0.01818961532166619,-7.851253030821681e-05,-0.022848008573055266,0.02264986485242844
F:\Seminario\Seminario-Clustering\datasets\davi\Al Emadi (2019)\Multiclass_Drone_Audio\bebop_1\mixed_45-bebop_002_.wav,Multiclass_Drone_Audio\bebop_1\mixed_45-bebop_002_.wav,al_emadi,mixed_45-bebop_002,1.024,0.767555289896284,8.488424301147461,0.00021844836278565372,0.19334579340035946,0.0034275820944458246,-0.22869116812944412,0.2197588548064232,0.017147756358556074,8.936779022216797,-0.0002801685385491916,0.028897709047025915,0.0008647391223348677,-0.03745752722024918,0.035856574028730395,0.05256522305210763,9.885711669921875,0.0005067870706705102,0.03582650061912687,-0.0001994796039070934,-0.04385657422244549,0.046732437238097196,0.09378652282119015,10.908053398132324,4.387675894762295e-06,0.03387069581973237,0.00029838690534234047,-0.04318339750170708,0.0424826480448246,0.06894520787186223,11.907227516174316,-8.227766755058603e-05,0.02054342571047886,-0.0002977766562253237,-0.026090693846344947,0.02613740041851998
F:\Seminario\Seminario-Clustering\datasets\davi\Al Emadi (2019)\Multiclass_Drone_Audio\unknown\2-104952-A-164.wav,Multiclass_Drone_Audio\unknown\2-104952-A-164.wav,al_emadi,2-104952-A-164,0.95975,0.8994162673029874,8.863723754882812,-0.0007178904076529123,0.10889869820133573,-0.0021779272938147187,-0.13994193077087402,0.14107578247785568,0.08678516905204701,8.690999984741211,-5.767613387674837e-05,0.03382781059979358,-0.0004175423237029463,-0.04137860983610153,0.04343463480472565,0.010517420112632733,9.745797157287598,5.54777927547028e-05,0.008341996184787055,3.6704586818814278e-06,-0.010329316183924674,0.010432225652039058,0.0026119057567186377,10.869816780090332,-6.756924953725132e-06,0.0029418887299806564,-6.564499926753342e-06,-0.0038284101290628316,0.0037129699718207133,0.0006692377756141837,11.843491554260254,-2.325018588918071e-07,0.0010534687543231878,-1.8384307622909546e-06,-0.0013354563852772117,0.0013555653858929873
F:\Seminario\Seminario-Clustering\datasets\davi\Al Emadi (2019)\Multiclass_Drone_Audio\unknown\5-194930-A-10.wav,Multiclass_Drone_Audio\unknown\5-194930-A-10.wav,al_emadi,5-194930-A-10,1.0216875,0.022671822344691082,6.489058494567871,-0.0008253220997703253,0.06104029044728704,-0.0008069827454164624,-0.005223247408866882,0.007664453331381088,0.1722861068234673,6.449838161468506,-0.001407154058813243,0.16827632379965007,3.092281986027956e-11,-0.0028205083683133124,0.01591900382191024,0.7512880941122146,7.4601945877075195,-0.0003356890259750827,0.2489095123654898,5.9117155615240335e-12,-0.002955752145498964,0.0020484748296439705,0.052001170268201224,8.473526954650879,1.6213673534814394e-05,0.046339182206748965,-5.229594535194337e-12,-0.0009074942150618878,0.0009933772031217826,0.0017528064514257095,9.17021369934082,2.773694840349005e-06,0.006018379366211052,4.547473508864641e-13,-0.0003437064588069914,0.0002914047043304898
F:\Seminario\Seminario-Clustering\datasets\davi\Al Emadi (2019)\Multiclass_Drone_Audio\unknown\4-172732-A-364.wav,Multiclass_Drone_Audio\unknown\4-172732-A-364.wav,al_emadi,4-172732-A-364,0.95975,0.43187172177665595,9.17215633392334,0.003860459493291921,0.5558127854621551,0.02171776071190834,-0.7488900721073151,0.7299163341522217,0.19618063037140335,8.837292671203613,-0.0012006895916968367,0.3746169717689504,-0.0021967990905977786,-0.4782909154891968,0.4715847223997116,0.18025033445958738,9.799835205078125,-0.004912475201561321,0.25432663970586683,-0.008323967456817627,-0.3253749370574951,0.3119718849658967,0.1496358314645014,10.895851135253906,0.0017983813231013102,0.16400238657458088,0.003958021057769656,-0.214192932844162,0.21141662150621415,0.042061481927851946,11.870038986206055,-0.00034714434749093655,0.06151438139205166,0.0003558963071554899,-0.07997375726699829,0.07929255068302155
F:\Seminario\Seminario-Clustering\datasets\davi\Al Emadi (2019)\Multiclass_Drone_Audio\unknown\1-97793-A-314.wav,Multiclass_Drone_Audio\unknown\1-97793-A-314.wav,al_emadi,1-97793-A-314,0.95975,0.0,-0.0,0.0,0.0,0.0,0.0,0.0,0.0,-0.0,0.0,0.0,0.0,0.0,0.0,0.0,-0.0,0.0,0.0,0.0,0.0,0.0,0.0,-0.0,0.0,0.0,0.0,0.0,0.0,0.0,-0.0,0.0,0.0,0.0,0.0,0.0
F:\Seminario\Seminario-Clustering\datasets\davi\Al Emadi (2019)\Multiclass_Drone_Audio\unknown\4-171706-A-231.wav,Multiclass_Drone_Audio\unknown\4-171706-A-231.wav,al_emadi,4-171706-A-231,1.0216875,0.04791366147635854,8.749457359313965,-0.0008482162815524113,0.14647170570692042,-0.0004317000275477767,-0.17096847295761108,0.17824421972036367,0.14480712396342896,8.356136322021484,-0.00729622213056518,0.2545352640926903,-0.0080549456179142,-0.3067458063364029,0.27471229434013394,0.3388088513995242,9.360800743103027,0.01055265959677837,0.27568706455063136,0.0023279443848878145,-0.30744607448577876,0.32867118120193484,0.33003317637284296,9.854469299316406,0.0014148286161835201,0.19267580239018633,-0.00015197590255411342,-0.19137026965618134,0.19681851267814637,0.1384371867878453,10.751632690429688,0.0003734040803730562,0.08827818930470085,3.3452233765274286e-05,-0.08530658036470413,0.08945326209068312
F:\Seminario\Seminario-Clustering\datasets\davi\Al Emadi (2019)\Multiclass_Drone_Audio\unknown\2-77347-A-461.wav,Multiclass_Drone_Audio\unknown\2-77347-A-461.wav,al_emadi,2-77347-A-461,1.0216875,0.26994359095159653,8.759631156921387,0.0035056301722382758,0.1311746231204438,-0.00024433434009552,-0.16069776117801665,0.16810254454612736,0.35448881844464847,9.011398315429688,-0.000609480851341867,0.1503716846634551,0.006492465268820524,-0.1904741495847702,0.19764799475669864,0.3202786218690325,9.869214057922363,-5.610743718361096e-05,0.10124132830692045,-0.001315148314461112,-0.1264348417520523,0.131921324133873,0.05336719984172734,10.401994705200195,-5.7475983026883095e-05,0.02924377728103929,-0.00018106651259586215,-0.03267686255276203,0.03273809626698494,0.001921768892995109,11.290143013000488,-1.95826760040531e-06,0.003925711945639442,-3.966255462728441e-06,-0.004184373281896114,0.004300807043910027
F:\Seminario\Seminario-Clustering\datasets\davi\Al Emadi (2019)\Multiclass_Drone_Audio\unknown\1-72195-B-371.wav,Multiclass_Drone_Audio\unknown\1-72195-B-371.wav,al_emadi,1-72195-B-371,1.0216875,0.00013591604267297461,7.50626277923584,-0.007240391680206707,0.013558393979485599,-0.0014987457543611526,-0.024320822954177857,0.0010132202412933152,8.058666649597526e-06,7.425223350524902,-0.00012205720526933038,0.0037407107947539805,-1.5103021723916754e-05,-0.003853334137238562,0.0036292612785473496,0.013729992422893486,8.87981128692627,-0.0024701737375454353,0.10939655706800624,-1.1679829185595736e-05,-0.1328681915998459,0.11610872894525538,0.45541423098463346,9.703582763671875,-0.0023737687194363764,0.4459431516666509,-2.565034606050176e-06,-0.4840370208024978,0.43929033875465406,0.5307118018831505,10.73886489868164,-2.7064655800838517e-05,0.3405513016069899,1.0305586783943e-06,-0.36634091138839714,0.3771297991275795
F:\Seminario\Seminario-Clustering\datasets\davi\Al Emadi (2019)\Multiclass_Drone_Audio\unknown\1-51805-H-332.wav,Multiclass_Drone_Audio\unknown\1-51805-H-332.wav,al_emadi,1-51805-H-332,0.97525,0.9977261217295623,8.548635482788086,0.0009060615274885353,0.01917802007588235,-0.0012875657994300127,-0.019305506721138954,0.024767789989709854,0.0008304009036355116,8.348542213439941,-5.935658488400411e-06,0.0005538615369261327,-3.820940037257969e-06,-0.0006337374215945601,0.0006135675357654691,0.0005294982409649217,9.449512481689453,-3.4075442645440557e-06,0.0003132123465776853,2.011462129303254e-06,-0.0003786154993576929,0.0003500572347547859,0.0005029737977414031,10.06032657623291,1.9063008248295484e-06,0.00021602618766886723,-2.364934289289522e-06,-0.00022307928156806156,0.00022946485842112452,0.0004110053280958462,11.112308502197266,1.1367019341069967e-06,0.00013814632540221772,3.908426151610911e-07,-0.00014840058574918657,0.00014982993307057773
F:\Seminario\Seminario-Clustering\datasets\davi\Al Emadi (2019)\Multiclass_Drone_Audio\unknown\3-126113-A-262.wav,Multiclass_Drone_Audio\unknown\3-126113-A-262.wav,al_emadi,3-126113-A-262,0.97525,0.29223323272793494,7.330333232879639,0.0021296988740263393,0.10926277455123716,0.0022329362109303474,-0.08858661353588104,0.1015457808971405,0.596225074829326,7.331514358520508,0.0016289986062426572,0.15608866252566786,-0.0007533838506788015,-0.12317643314599991,0.1369735300540924,0.09410790455239954,8.379359245300293,-0.0001338029682476398,0.043918854420203976,8.697759039932862e-05,-0.03707784786820412,0.036771541461348534,0.016224494321789303,8.987878799438477,-9.169808817527918e-06,0.012904576517257266,4.3241248931735754e-05,-0.010058388113975525,0.010138020850718021,0.0012092935685502218,10.008679389953613,2.4903045124095784e-07,0.002492320155931367,1.0338728316128254e-05,-0.0019027510657906527,0.001913825492374599
F:\Seminario\Seminario-Clustering\datasets\davi\Al Emadi (2019)\Multiclass_Drone_Audio\unknown\2-28314-A-123.wav,Multiclass_Drone_Audio\unknown\2-28314-A-123.wav,al_emadi,2-28314-A-123,1.0216875,0.8976675262931202,8.886837005615234,-0.00010137460618062445,0.03961762611975234,0.001193278410937637,-0.05105668865144253,0.04975169375538828,0.04083670179180788,8.47424602508545,0.0001325731872922406,0.00844897439662633,-5.8100726164411753e-05,-0.009694917872548104,0.009296823851764212,0.020301045168949438,9.417922973632812,2.3758588115588783e-05,0.004219976109064286,1.2402277207002044e-05,-0.004728326853364706,0.004932915791869164,0.014527066614629073,9.414457321166992,-1.0549604774972931e-05,0.002526073833619743,3.311610453238245e-05,-0.0025502914329990746,0.0025752407731488352,0.02666766013149346,9.006677627563477,2.1937689325735337e-05,0.0024210641696593258,4.633926437236369e-06,-0.001893135905265808,0.0019579205196350816
F:\Seminario\Seminario-Clustering\datasets\davi\Al Emadi (2019)\Multiclass_Drone_Audio\unknown\3-164595-A-154.wav,Multiclass_Drone_Audio\unknown\3-164595-A-154.wav,al_emadi,3-164595-A-154,0.95975,0.0,-0.0,0.0,0.0,0.0,0.0,0.0,0.0,-0.0,0.0,0.0,0.0,0.0,0.0,0.0,-0.0,0.0,0.0,0.0,0.0,0.0,0.0,-0.0,0.0,0.0,0.0,0.0,0.0,0.0,-0.0,0.0,0.0,0.0,0.0,0.0
F:\Seminario\Seminario-Clustering\datasets\davi\Al Emadi (2019)\Multiclass_Drone_Audio\unknown\2-128465-B-432.wav,Multiclass_Drone_Audio\unknown\2-128465-B-432.wav,al_emadi,2-128465-B-432,0.97525,0.2569084649088657,8.896556854248047,0.0017127586143218536,0.1931577619945242,0.007106405217200518,-0.24535903334617615,0.2438172698020935,0.1522503035946534,8.867080688476562,-0.004097822867583096,0.14864632240940656,0.0025456054136157036,-0.19578954577445984,0.18024243414402008,0.12519250698057277,9.911684036254883,-0.0008085881717751138,0.09549128080636127,-0.0007533470925409347,-0.1260315179824829,0.1188257746398449,0.41421431581216805,10.583077430725098,-0.00029681116972889117,0.1229191984800826,-0.00018277723575010896,-0.15122491121292114,0.14706624299287796,0.05143440870374006,11.637353897094727,-2.468121157322809e-05,0.030641839660745674,0.00024922878947108984,-0.03825211897492409,0.03763845786452294
F:\Seminario\Seminario-Clustering\datasets\davi\Al Emadi (2019)\Multiclass_Drone_Audio\unknown\2-91912-A-333.wav,Multiclass_Drone_Audio\unknown\2-91912-A-333.wav,al_emadi,2-91912-A-333,1.0216875,0.1437540160912434,7.982504844665527,-8.70230523094803e-06,0.03371691613892274,9.609150583855808e-05,-0.033982170000672336,0.032919349893927634,0.1932301779754649,6.367611885070801,-0.0004370719485319597,0.03908842735294109,-0.00013523736561182886,-0.023606800474226475,0.02234576977789404,0.27686672935951806,5.736573696136475,-0.0008246505536457403,0.033133273400594646,-5.6777571444399655e-05,-0.014077891409397124,0.012108490988612178,0.28908956251712986,5.726991653442383,3.040554055701361e-05,0.023965277522561307,2.6436173357069492e-06,-0.0052671262063086035,0.005163252586498858,0.09705951405664379,5.304969787597656,-2.4307339962941584e-06,0.009823278875208863,-4.696596988651436e-06,-0.0016835297457873822,0.0017783741233870388
F:\Seminario\Seminario-Clustering\datasets\davi\Al Emadi (2019)\Multiclass_Drone_Audio\unknown\5-260434-A-394.wav,Multiclass_Drone_Audio\unknown\5-260434-A-394.wav,al_emadi,5-260434-A-394,0.95975,0.0,-0.0,0.0,0.0,0.0,0.0,0.0,0.0,-0.0,0.0,0.0,0.0,0.0,0.0,0.0,-0.0,0.0,0.0,0.0,0.0,0.0,0.0,-0.0,0.0,0.0,0.0,0.0,0.0,0.0,-0.0,0.0,0.0,0.0,0.0,0.0
F:\Seminario\Seminario-Clustering\datasets\davi\Al Emadi (2019)\Multiclass_Drone_Audio\unknown\1-19872-A-364.wav,Multiclass_Drone_Audio\unknown\1-19872-A-364.wav,al_emadi,1-19872-A-364,0.95975,0.5012179186868159,8.88028335571289,-0.010593597886131356,0.2356510328308888,-0.016388261690735817,-0.30109478533267975,0.27611424028873444,0.09505394841684799,8.869352340698242,-0.0014993517585669973,0.10271485870796473,-0.0048705467488616705,-0.12856395542621613,0.1325232833623886,0.18511770006668998,9.89138412475586,-0.0002604318541389975,0.10155240280479128,-0.0019887713715434074,-0.1292518138885498,0.13164428472518924,0.1432813834934504,10.821133613586426,0.0009408655550487784,0.06321761580656239,0.00032596458913758397,-0.07834363207221032,0.08178839981555945,0.07532904933619576,11.810911178588867,3.950492072494528e-05,0.032430604066242257,0.00014625058975070715,-0.041226305067539215,0.04097190871834755
F:\Seminario\Seminario-Clustering\datasets\davi\Al Emadi (2019)\Multiclass_Drone_Audio\unknown\5-156026-C-41.wav,Multiclass_Drone_Audio\unknown\5-156026-C-41.wav,al_emadi,5-156026-C-41,1.0216875,0.8727340943630293,8.93365478515625,4.6309105669608494e-05,0.011370594366201662,0.00013278989354148507,-0.014633869845420122,0.014736626204103239,0.03128906856466958,8.915303230285645,0.00021557451097033463,0.002142170811796172,0.0001829088432714343,-0.0024283798644319176,0.0029528322629630566,0.07498125587583265,9.932868003845215,7.604037639640091e-06,0.0023607253393773822,2.214615960838273e-06,-0.003027942311018705,0.0030264738947153092,0.019191697872150363,10.952020645141602,8.323561994992186e-06,0.0008451040342030892,-1.661266196606448e-06,-0.001085459114983678,0.0010942635592073205,0.001803883324318175,11.942550659179688,-1.3650067226759898e-07,0.00018329451299690767,1.3388562365435064e-06,-0.00023594532976858317,0.00023373149451799693
F:\Seminario\Seminario-Clustering\datasets\davi\Al Emadi (2019)\Multiclass_Drone_Audio\unknown\4-177243-A-320.wav,Multiclass_Drone_Audio\unknown\4-177243-A-320.wav,al_emadi,4-177243-A-320,1.0216875,0.419902553189184,7.654723167419434,0.0003551913538928252,0.015218271249805041,0.00010833103442564607,-0.01310924319550395,0.014439302496612074,0.07532542930328928,6.6935882568359375,0.0005318421696016931,0.006425360352263876,8.426027852692641e-05,-0.0035335687221959232,0.004568552225828172,0.26047719354235527,6.430270671844482,3.788705835607654e-05,0.008492106178718812,1.0988984286086634e-05,-0.004464898537844419,0.004856754001230002,0.18540131265408188,7.998112678527832,2.3895180936906294e-05,0.005069786135580193,2.34283754707576e-06,-0.002799980854615569,0.002892502443864943,0.05889351131108956,8.265503883361816,-6.060001508277943e-06,0.0020213461206620748,1.7854315501608653e-06,-0.000978518556803465,0.0009550391230732203
F:\Seminario\Seminario-Clustering\datasets\davi\Al Emadi (2019)\Multiclass_Drone_Audio\unknown\3-143933-A-383.wav,Multiclass_Drone_Audio\unknown\3-143933-A-383.wav,al_emadi,3-143933-A-383,1.0216875,0.49759106144361676,8.845294952392578,-0.0008223185050226512,0.02048429165535965,-0.000465067831100896,-0.025424793921411035,0.02445746585726739,0.027136830924374754,5.990267276763916,-0.00012589757061602544,0.00478590018705357,-1.80004644789733e-05,-0.0028187728486955164,0.002574707590974868,0.057227842363309404,5.889032363891602,-2.3438946872454252e-05,0.004924460261150952,2.434534690110013e-05,-0.0011297817109152675,0.0010939106112346053,0.3016284484878451,6.281299114227295,-0.000279341212304481,0.00799529148295642,-2.3030653210298624e-05,-0.0006532408122438937,0.0006156322255264969,0.11641581678085397,7.01202392578125,5.820445031020535e-06,0.0035159223183107964,-1.5556906873825938e-08,-0.0004328921088017523,0.000429858546704054
F:\Seminario\Seminario-Clustering\datasets\davi\Al Emadi (2019)\Multiclass_Drone_Audio\unknown\4-161099-B-471.wav,Multiclass_Drone_Audio\unknown\4-161099-B-471.wav,al_emadi,4-161099-B-471,1.0216875,0.4221990876945013,8.701245307922363,-0.001444341597742499,0.2823273931258542,-0.002050630748271942,-0.344215115904808,0.3396694928407675,0.33946092871292183,8.673707962036133,-0.008056792616413849,0.25303166671516075,-0.0023890140000730753,-0.3277570366859436,0.3000334709882737,0.18320401133565756,9.478410720825195,-0.0008835604805178874,0.1317295906512619,-0.0008212651591747999,-0.14989843666553498,0.1475498825311661,0.05030420893577529,10.464326858520508,-1.1839370550235569e-05,0.048846217868361526,-2.564997339504771e-05,-0.05629226565361023,0.05624013915657997,0.004831763321144044,11.412230491638184,3.1658395915500064e-06,0.01070908604594807,-4.1171006159856915e-05,-0.01228358130902052,0.01228829864412548
F:\Seminario\Seminario-Clustering\datasets\davi\Al Emadi (2019)\Multiclass_Drone_Audio\unknown\5-200329-C-84.wav,Multiclass_Drone_Audio\unknown\5-200329-C-84.wav,al_emadi,5-200329-C-84,0.95975,0.3794308898823034,8.007737159729004,-0.0001964752906061517,0.01448756796668585,0.00015865330351516604,-0.016763017512857914,0.015561058651655912,0.24388878067469447,7.749270915985107,8.209017423290615e-05,0.011615934456692328,0.00018844221631297842,-0.011176885105669498,0.011289348360151052,0.18674371676849033,8.075277328491211,0.00016158515893062916,0.007198730037714498,-2.9485577215382364e-06,-0.00537302466109395,0.005601732060313225,0.16252027206799155,8.652027130126953,4.929372297774591e-05,0.004753312375420174,-7.026870662230067e-06,-0.0028938852483406663,0.0028900411678478137,0.027416340606520262,9.60905647277832,-1.1935347871655415e-06,0.00138118967709778,-2.4719411158002913e-06,-0.0008317400934174657,0.0008206251659430563
F:\Seminario\Seminario-Clustering\datasets\davi\Al Emadi (2019)\Multiclass_Drone_Audio\unknown\5-259514-A-262.wav,Multiclass_Drone_Audio\unknown\5-259514-A-262.wav,al_emadi,5-259514-A-262,0.97525,0.8128346452975738,7.860939979553223,9.909586582029529e-05,0.038770935516377676,-0.00011746768723241985,-0.04055406153202057,0.03877492994070053,0.07480316840237271,5.903843879699707,-4.869677829394182e-05,0.011761504872810668,-0.00010139705409528688,-0.006771205458790064,0.007140779402107,0.056470197302683094,8.731954574584961,-0.00015500311221083407,0.007235469542206686,-0.00016812122339615598,-0.00713532161898911,0.006962045561522245,0.038154647422535395,9.922164916992188,-5.8638555632540605e-05,0.004209268231502641,-1.0485793609404936e-05,-0.004344768822193146,0.004206364043056965,0.017737341574835083,11.111719131469727,-6.994418102928056e-06,0.002030468941666181,1.3889093679608777e-06,-0.0022217790130525826,0.0021851570345461377
F:\Seminario\Seminario-Clustering\datasets\davi\Al Emadi (2019)\Multiclass_Drone_Audio\unknown\2-71162-A-12.wav,Multiclass_Drone_Audio\unknown\2-71162-A-12.wav,al_emadi,2-71162-A-12,0.97525,0.0031786604271337223,5.071737766265869,-0.0008157666621715017,0.01842963515990528,0.0004022158682346344,-0.0129637960344553,0.01210467517375946,0.0928576586465811,9.334321022033691,-0.007537180571316074,0.09942238324732403,-0.018531668931245804,-0.12931585311889648,0.12980957329273224,0.7071003346660845,10.038244247436523,-0.0037177348236128657,0.1948189606980024,-0.0033645668299868703,-0.26620203256607056,0.2589757889509201,0.19253436178290792,10.985225677490234,1.83861545947594e-05,0.07195189002898313,-0.00026791082927957177,-0.09284210577607155,0.09396524354815483,0.004328984477292828,11.777420043945312,-1.2149286639698721e-06,0.007632393622975999,-4.2987114284187555e-05,-0.00933614820241928,0.009661017172038558
F:\Seminario\Seminario-Clustering\datasets\davi\Al Emadi (2019)\Multiclass_Drone_Audio\unknown\3-145487-A-240.wav,Multiclass_Drone_Audio\unknown\3-145487-A-240.wav,al_emadi,3-145487-A-240,1.0216875,0.8298115534987468,8.170564651489258,8.930229804216502e-05,0.6310772183010529,0.0,-0.7169241726398468,0.7154521346092243,0.0852118178678494,7.676217079162598,0.0035002816884914523,0.2021983547238591,0.0,-0.19530887603759764,0.2032216653227807,0.06659588158229246,8.5028715133667,0.0004963233456291573,0.12663060910672633,0.0,-0.11254023313522339,0.11808923780918122,0.015284578640244724,9.583322525024414,-0.00012355435808755823,0.04292857237623201,0.0,-0.04129563495516776,0.0412925448268652,0.0030961684108665763,10.211578369140625,0.00019733690470078504,0.013666564162657307,0.0,-0.011285289004445075,0.011679252050817017
F:\Seminario\Seminario-Clustering\datasets\davi\Al Emadi (2019)\Multiclass_Drone_Audio\bebop_1\B_S2_D1_090-bebop_004_.wav,Multiclass_Drone_Audio\bebop_1\B_S2_D1_090-bebop_004_.wav,al_emadi,B_S2_D1_090-bebop_004,0.896,0.7004672635820793,7.9814043045043945,0.000600291243103847,0.3375308919428413,-0.004729584790766239,-0.34543769657611845,0.37743173837661737,0.020322461838440893,8.767455101013184,-0.0002274598992515372,0.057491687108673584,0.002127197803929448,-0.07734013795852661,0.0696156233549118,0.059573356151800684,9.758678436279297,-0.00042737536573749153,0.0697182691567182,-0.002017159713432193,-0.0886954054236412,0.08871154710650443,0.12497409066872706,10.746191024780273,-0.00014553897513147406,0.07147364541585009,-0.000723922741599381,-0.08996937572956085,0.0903396591544153,0.09466282775895207,11.72019100189209,-3.2684776024250572e-06,0.044007170243647656,0.00011493929196149111,-0.05638875439763069,0.05569395795464516
F:\Seminario\Seminario-Clustering\datasets\davi\Al Emadi (2019)\Multiclass_Drone_Audio\unknown\2-209471-A-250.wav,Multiclass_Drone_Audio\unknown\2-209471-A-250.wav,al_emadi,2-209471-A-250,1.0216875,0.5909170643824442,7.939548969268799,-0.03503917154898153,0.12252510203180736,-0.035837963223457336,-0.14410006254911423,0.08273212537169462,0.28360841894397437,7.257142066955566,-0.0011103434996871488,0.08827889474571346,-0.00025093289150390774,-0.07709728181362152,0.07355232909321793,0.0863966397078444,8.534058570861816,-1.9143078107144338e-05,0.03451481920821693,-0.0003881556331180036,-0.03311568722128868,0.03171985968947412,0.026209288598161164,9.391897201538086,0.0002358035358845496,0.013449969141302736,0.00014430528972297907,-0.01230741050094366,0.012163998093456032,0.012868588367575933,10.010580062866211,-4.2964441806148277e-05,0.006667878479304648,1.7512444173917174e-05,-0.005671759508550167,0.0055601567961275624
F:\Seminario\Seminario-Clustering\datasets\davi\Al Emadi (2019)\Multiclass_Drone_Audio\unknown\5-203739-A-101.wav,Multiclass_Drone_Audio\unknown\5-203739-A-101.wav,al_emadi,5-203739-A-101,1.0216875,0.243288990705763,8.884283065795898,-0.00025662160632544803,0.1442411879748124,0.0007360387244261801,-0.18812376260757446,0.1861855387687683,0.15566988378434055,7.977047920227051,-0.0028421538186070225,0.11534512570330586,0.0010975698824040592,-0.12045351713895798,0.11775972768664368,0.14086256533612027,9.156623840332031,-0.0014495911552524627,0.07772783967854476,0.0011208370560780168,-0.08713462948799133,0.0845400556921959,0.20096449527043672,10.381997108459473,-0.00012753545482849804,0.06570771048433262,0.0004915632016491145,-0.07715427130460739,0.07467267140746117,0.2592140649033395,11.408286094665527,3.404227881063363e-05,0.052790708926255536,-0.0002806923585012555,-0.058682188391685486,0.060202602297067656
F:\Seminario\Seminario-Clustering\datasets\davi\Al Emadi (2019)\Multiclass_Drone_Audio\unknown\3-123086-A-283.wav,Multiclass_Drone_Audio\unknown\3-123086-A-283.wav,al_emadi,3-123086-A-283,1.0216875,0.4110445935108548,8.873540878295898,-0.0006319953096760545,0.051712559315829396,-5.800777580589056e-05,-0.06373111382126809,0.0645084485411644,0.07511852118629445,8.502543449401855,0.0004753136570352333,0.022103299918794037,0.0005157211562618613,-0.027514313347637653,0.02639455441385508,0.1493320744562313,9.705379486083984,-0.00010421850959868218,0.022079094349119886,-0.0006082821637392044,-0.02702815867960453,0.027884648367762565,0.07183473998051536,10.748007774353027,-6.50870090830793e-06,0.010836271797744818,0.0001427436145604588,-0.013897457625716925,0.013321900554001332,0.2926700708661041,11.744598388671875,1.977396920360694e-05,0.015472922126837981,-1.3061173376627266e-05,-0.01911463961005211,0.01916230097413064
F:\Seminario\Seminario-Clustering\datasets\davi\Al Emadi (2019)\Multiclass_Drone_Audio\unknown\2-83536-A-271.wav,Multiclass_Drone_Audio\unknown\2-83536-A-271.wav,al_emadi,2-83536-A-271,1.0216875,0.8834768014028483,8.953495025634766,0.0025633716088781272,0.2147562351803239,0.005855577532202005,-0.26830818951129914,0.27653735876083385,0.012953234595272162,8.402364730834961,0.002615402797675295,0.025873831684843352,0.0010600356617942452,-0.02617094498127699,0.032572174444794676,0.05969073402715485,9.206324577331543,-3.700512700735818e-05,0.03954194100912801,-0.0007716239779256284,-0.04237200915813446,0.043755508959293386,0.023285077138586956,10.251550674438477,0.00019624076627554712,0.01747508672555978,7.048414045129903e-05,-0.01930804792791605,0.020647319033741958,0.020594152836137674,11.19140625,7.90871424684341e-05,0.011626275393319528,-3.0805291316937655e-05,-0.01288822628557682,0.012945900484919566
F:\Seminario\Seminario-Clustering\datasets\davi\Al Emadi (2019)\Multiclass_Drone_Audio\unknown\2-39945-B-192.wav,Multiclass_Drone_Audio\unknown\2-39945-B-192.wav,al_emadi,2-39945-B-192,0.97525,0.9104820342107295,6.454761028289795,0.021020376038579525,0.33236440242298576,0.027284424751996994,-0.16921968758106232,0.21544255316257477,0.07028864034761502,6.844369411468506,-0.0003509463739972305,0.09253053946300004,0.0010548511054366827,-0.06816955655813217,0.06351269036531448,0.017532470180038583,8.479976654052734,-0.0001396463754247063,0.03272753760785631,-6.43372259219177e-05,-0.028654889203608036,0.02849453128874302,0.0016717608788926592,9.471760749816895,1.6745251482277805e-06,0.007151564978127529,3.382450813660398e-05,-0.006314522819593549,0.006501699099317193,2.509438272425418e-05,10.361891746520996,6.246342036786238e-07,0.0006198430350925673,4.278379492461681e-06,-0.0005706632393412292,0.000562224502209574
F:\Seminario\Seminario-Clustering\datasets\davi\Al Emadi (2019)\Multiclass_Drone_Audio\unknown\5-211408-A-372.wav,Multiclass_Drone_Audio\unknown\5-211408-A-372.wav,al_emadi,5-211408-A-372,0.97525,0.08321402377797989,8.610258102416992,3.0188696652605266e-06,0.05592975541295092,-0.0015207547694444656,-0.06858793646097183,0.06836184114217758,0.19728089908496158,8.595817565917969,0.00015109999836015464,0.0861165269922194,0.0003872174129355699,-0.0976165235042572,0.10298677533864975,0.052543086732257965,9.765976905822754,-0.0005666122161660673,0.031468941679250885,-0.0015174930449575186,-0.03921912610530853,0.03980620019137859,0.34879518514532004,10.763574600219727,-3.9340810885595554e-05,0.057384972522897766,0.0008822230156511068,-0.06939978525042534,0.07003308460116386,0.3181668052594805,11.689654350280762,-9.720897951451519e-06,0.0387721714327174,-0.00035070651210844517,-0.047327545285224905,0.048318274319171906
F:\Seminario\Seminario-Clustering\datasets\davi\Al Emadi (2019)\Multiclass_Drone_Audio\bebop_1\mixed_7-bebop_000_.wav,Multiclass_Drone_Audio\bebop_1\mixed_7-bebop_000_.wav,al_emadi,mixed_7-bebop_000,1.024,0.7122652436825629,8.990570068359375,-0.0037200739290746093,0.2594268378570227,-0.008170707151293755,-0.3330780059099197,0.32055220603942874,0.05787424468718362,8.976808547973633,-0.00022939596216655473,0.07395699350732733,-0.0013067735126242042,-0.09516682699322701,0.0943466767668724,0.08277959495610485,9.965265274047852,0.00027119280008563795,0.06263464782659826,-9.767053415998816e-05,-0.07895006611943245,0.08207518309354783,0.08941675027729065,10.954099655151367,0.0008466309241495637,0.04606260427963929,0.0006621531210839748,-0.05963744968175888,0.06010439619421959,0.05766416639685793,11.9241361618042,0.00010167710154160063,0.026171737381420822,-0.00027645862428471446,-0.033175030350685114,0.03390005826950075
F:\Seminario\Seminario-Clustering\datasets\davi\Al Emadi (2019)\Multiclass_Drone_Audio\membo_1\Membo_0_008-membo_002_.wav,Multiclass_Drone_Audio\membo_1\Membo_0_008-membo_002_.wav,al_emadi,Membo_0_008-membo_002,1.024,0.5684452949128151,9.469978332519531,-0.0006947390611952587,0.0793833060562966,-0.00271040853112936,-0.10210364609956742,0.10689499229192734,0.07862488592297304,9.034378051757812,9.30109903616469e-05,0.029524281256011618,-6.18332123849541e-05,-0.037930050492286684,0.03714462667703629,0.0862140072211633,9.928313255310059,0.00016693796811468592,0.02189254057590307,-0.00012986487854504958,-0.027584874257445335,0.02784968633204699,0.1196967391394727,10.818472862243652,0.00016513387877131877,0.01825570463509138,0.0004653494106605649,-0.022625725716352463,0.022536298260092735,0.14701907280357587,11.75123119354248,4.212375927965519e-06,0.014313057729740198,-0.00012086535571143031,-0.017217740789055823,0.01763899773359299
F:\Seminario\Seminario-Clustering\datasets\davi\Al Emadi (2019)\Multiclass_Drone_Audio\unknown\2-73260-A-101.wav,Multiclass_Drone_Audio\unknown\2-73260-A-101.wav,al_emadi,2-73260-A-101,1.0216875,0.7870330366078881,8.84925651550293,0.0020282966500838515,0.11857894084441792,0.0024676481261849403,-0.14309412986040115,0.15123976767063152,0.11333395827997048,8.344529151916504,0.0018175768357859463,0.04496764311349982,0.002091948059387505,-0.04737732373178005,0.052201279625296595,0.06041058539840763,9.258172988891602,0.0003330012374661982,0.023270849521678336,0.00010281649883836508,-0.025435934960842132,0.025944730266928676,0.02585231196431256,9.91138744354248,-0.00011338303998518767,0.010772809650336031,-0.0001137903454946354,-0.011205245554447175,0.01069437963888049,0.013370107749421222,10.650506973266602,-1.1342819203351306e-05,0.005480758629284821,-7.447233656421304e-07,-0.005416783317923546,0.005353216361254455
F:\Seminario\Seminario-Clustering\datasets\davi\Al Emadi (2019)\Multiclass_Drone_Audio\unknown\3-143560-A-472.wav,Multiclass_Drone_Audio\unknown\3-143560-A-472.wav,al_emadi,3-143560-A-472,0.97525,0.6840217082339567,8.159623146057129,0.00035840834331462326,0.36468451673348157,0.0015515424311161041,-0.37912479043006897,0.39653533697128296,0.16796787606425348,8.257372856140137,0.0023368190162056613,0.18070052355233712,0.0008105529122985899,-0.20747390389442444,0.19949467480182648,0.10299998644669192,9.197257041931152,0.00011733652979379772,0.10021921245829656,0.0016295827808789909,-0.11214009299874306,0.11079103872179985,0.04090987434905297,10.219341278076172,3.4158650700563704e-05,0.04469561663439531,6.507200305350125e-05,-0.04869307205080986,0.04987470619380474,0.004100554906044917,11.145163536071777,-1.9912415224893082e-06,0.010010412423182876,1.0938383638858795e-06,-0.01098660361021757,0.01126601304858923
F:\Seminario\Seminario-Clustering\datasets\davi\Al Emadi (2019)\Multiclass_Drone_Audio\unknown\2-61311-A-123.wav,Multiclass_Drone_Audio\unknown\2-61311-A-123.wav,al_emadi,2-61311-A-123,1.0216875,0.8074710457518492,8.969205856323242,-0.0005784705469809683,0.057230476974808854,-0.0008307655225507915,-0.07448543459177018,0.07255380973219874,0.010326141069804404,7.904671669006348,-6.36760725368455e-05,0.0064719341015669314,0.0001439177867723629,-0.007274356763809919,0.007177441660314803,0.019486446492416782,6.085144996643066,-2.2759733813172346e-05,0.006297600834663364,2.254298306070268e-05,-0.003295969776809215,0.003039766009896994,0.10875933730600768,6.164564609527588,5.821943045502902e-05,0.010527892608046775,3.097156877629459e-06,-0.0038846388226374973,0.0038249487988650803,0.053957029379921945,7.187900543212891,8.038386371952173e-06,0.00524576863636247,-6.955888238735497e-07,-0.00195514727383852,0.0020108195487409846
F:\Seminario\Seminario-Clustering\datasets\davi\Al Emadi (2019)\Multiclass_Drone_Audio\unknown\2-110417-B-281.wav,Multiclass_Drone_Audio\unknown\2-110417-B-281.wav,al_emadi,2-110417-B-281,1.0216875,0.8544651991752714,5.175985336303711,-2.020130354014207e-05,0.00942029783749015,2.828091965056956e-06,-0.0015866159694269298,0.0016457530786283328,0.07582746245073786,4.104030132293701,8.263707472528171e-05,0.0028050673746230705,7.88514080340974e-06,-0.000498561980202794,0.0007359581242781181,0.02780450913136518,5.93333101272583,6.169114217939552e-07,0.0012036537379959136,-1.691365469014272e-06,-0.00026927582803182304,0.00026048644213005906,0.012793769430743474,7.181161880493164,-6.5102998437861394e-06,0.0005777219439772109,3.837520807792316e-07,-0.00011811833028332328,0.0001301035823416898,0.029109059811882058,7.494568347930908,4.966279036979669e-07,0.0006164983570957893,4.35634319728706e-08,-9.2308220337145e-05,9.350569453090461e-05
F:\Seminario\Seminario-Clustering\datasets\davi\Al Emadi (2019)\Multiclass_Drone_Audio\unknown\5-234879-B-12.wav,Multiclass_Drone_Audio\unknown\5-234879-B-12.wav,al_emadi,5-234879-B-12,0.97525,0.7282157794961368,7.205172538757324,-0.0006772210439362012,0.0241077970545106,0.0,-0.024168306961655617,0.022827452048659325,0.16507425912031304,6.632411956787109,-0.00010740015224868701,0.011482050248172117,0.0,-0.008413509465754032,0.00808318518102169,0.05352011326807962,6.484059810638428,-4.58250556502085e-06,0.0046302790478795685,0.0,-0.003054184140637517,0.002853612182661891,0.023844394728614344,9.301044464111328,-2.927149337813646e-05,0.002186862066368324,0.0,-0.0021938649006187916,0.0020360936177894473,0.029345453386856173,10.472001075744629,-2.3051710895381637e-06,0.0017163933411136474,0.0,-0.0017804518807679412,0.0016926574055105448
F:\Seminario\Seminario-Clustering\datasets\davi\Al Emadi (2019)\Multiclass_Drone_Audio\bebop_1\mixed_61-bebop_003_.wav,Multiclass_Drone_Audio\bebop_1\mixed_61-bebop_003_.wav,al_emadi,mixed_61-bebop_003,1.024,0.7773222715245888,8.533661842346191,0.005546293460913183,0.47283590501719897,0.011718356516212225,-0.576443737745285,0.5693044245243073,0.04347921808922272,8.175554275512695,0.00138840014902616,0.11182712235761502,0.0023230292135849595,-0.11960479244589806,0.12618008702993394,0.09526229879436622,9.380441665649414,-0.0006662865232031506,0.11722268366332132,9.203271474689245e-05,-0.1428029716014862,0.1319406270980835,0.04997862061090528,10.077020645141602,-5.1831140466669375e-06,0.06009047442443028,-0.0005690280813723803,-0.06403746455907822,0.06212947517633438,0.03395759098091696,10.689234733581543,9.835644675486354e-05,0.035038913636443764,2.3607630282640457e-05,-0.03196093067526817,0.0316315695643425
F:\Seminario\Seminario-Clustering\datasets\davi\Al Emadi (2019)\Multiclass_Drone_Audio\bebop_1\B_S2_D1_087-bebop_001_.wav,Multiclass_Drone_Audio\bebop_1\B_S2_D1_087-bebop_001_.wav,al_emadi,B_S2_D1_087-bebop_001,1.024,0.7987238803375002,8.417274475097656,-0.0006062797467378013,0.41468605453268526,-0.004233924672007561,-0.4796320885419846,0.4872319579124451,0.017267587584845853,8.874975204467773,-0.0007327984556221196,0.0609685761696838,0.0006288474542088807,-0.07863693535327912,0.07953524217009544,0.04462064555013249,9.927931785583496,-0.002417578929771967,0.06936562306267872,-0.002001774380914867,-0.0950690470635891,0.08634729385375978,0.0800750004188963,10.92973518371582,-0.00036498789799272954,0.06580169849378577,-0.00035122723784297705,-0.0852496474981308,0.0836978629231453,0.059312886108625194,11.94614028930664,0.00011530222194675404,0.04006253576162735,0.00015608780086040497,-0.05086638554930687,0.05124638825654984
F:\Seminario\Seminario-Clustering\datasets\davi\Al Emadi (2019)\Multiclass_Drone_Audio\unknown\1-79711-A-320.wav,Multiclass_Drone_Audio\unknown\1-79711-A-320.wav,al_emadi,1-79711-A-320,1.0216875,0.31215297416204496,8.626380920410156,0.0011724740432023618,0.07539638373605663,-0.000423519843025133,-0.08840889260172843,0.09558494165539745,0.03940743920054496,5.492790222167969,0.0006583962261277375,0.02678411037945416,-3.235591429984197e-05,-0.012114585191011428,0.013013437297195236,0.18732866500835296,4.999760627746582,-0.0002418094212173941,0.04137514831963981,0.00013188537559472024,-0.013385343737900254,0.013870044983923436,0.29338974993053313,5.103417873382568,9.876937608652742e-05,0.03664113484593835,-9.178473919746466e-05,-0.007992315106093884,0.007446377864107491,0.16772117169852396,6.7583112716674805,-1.1021756111456268e-05,0.019598044168272127,1.06271036202088e-05,-0.00577408205717802,0.005790781788527966
F:\Seminario\Seminario-Clustering\datasets\davi\Al Emadi (2019)\Multiclass_Drone_Audio\unknown\2-102567-C-352.wav,Multiclass_Drone_Audio\unknown\2-102567-C-352.wav,al_emadi,2-102567-C-352,0.97525,0.9619106133556938,8.793063163757324,-0.0027023963051089573,0.5397100532741597,0.042126674205064774,-0.7417362928390503,0.6719244718551636,0.020031964568668875,8.869226455688477,-0.0004221530558855181,0.07788502668755058,-0.000733774621039629,-0.09980273246765137,0.09515029937028885,0.00509129818716306,9.907015800476074,-0.00030432337552693757,0.027805897874180953,0.000261142966337502,-0.035959577187895775,0.0347303319722414,0.006478710299288957,10.900508880615234,-0.00028075299647730773,0.02219609131404024,-0.00029568374156951904,-0.02864992246031761,0.028308761306107044,0.006487413589185225,11.95054817199707,-2.4598663659697853e-05,0.01571382486283036,0.00028088968247175217,-0.0210012923926115,0.020156319811940198
F:\Seminario\Seminario-Clustering\datasets\davi\Al Emadi (2019)\Multiclass_Drone_Audio\unknown\2-109371-D-162.wav,Multiclass_Drone_Audio\unknown\2-109371-D-162.wav,al_emadi,2-109371-D-162,0.97525,0.9681464413166933,8.79523754119873,0.003386323508985956,0.5101904767794262,0.000721421092748642,-0.663108229637146,0.6469467282295227,0.020694140943366086,8.841744422912598,-0.0017772385833697596,0.0745713125350321,-0.00264759105630219,-0.09896691888570786,0.09316223114728928,0.008863701949071608,9.871734619140625,-0.00032204354058328353,0.03457086219696411,3.555207513272762e-05,-0.04353981092572212,0.04376949556171894,0.0021476867984370506,10.833145141601562,9.735243561531833e-06,0.012042734302701428,1.0434945579618216e-05,-0.015472450759261847,0.0150103778578341,0.0001480289924320052,11.642847061157227,2.643935700103194e-06,0.002236621635902598,3.463542088866234e-05,-0.002751344861462712,0.0027246346697211267
F:\Seminario\Seminario-Clustering\datasets\davi\Al Emadi (2019)\Multiclass_Drone_Audio\unknown\4-161579-B-403.wav,Multiclass_Drone_Audio\unknown\4-161579-B-403.wav,al_emadi,4-161579-B-403,1.0216875,0.7529896875040417,8.976425170898438,0.005817648716876102,0.39765027810578185,-0.01646590419113636,-0.49923522472381593,0.527647286653519,0.17861464819845727,8.739425659179688,0.0008212415426054512,0.19369030208709712,-0.0011367942206561565,-0.2305117219686508,0.23660281747579587,0.052654517258085565,9.856542587280273,0.00032284060268291976,0.0744890719154633,0.0012109990930184722,-0.09345606267452239,0.09352122098207474,0.013088816599050321,10.89303207397461,-0.00012417619304385202,0.026280119604368317,-0.0001706905895844102,-0.03385625891387463,0.0336546290665865,0.002652330440365115,11.829217910766602,-4.094253051985601e-06,0.008368865430748877,-7.825839566066861e-05,-0.010440236888825893,0.010449494048953059
F:\Seminario\Seminario-Clustering\datasets\davi\Al Emadi (2019)\Multiclass_Drone_Audio\unknown\3-155570-A-324.wav,Multiclass_Drone_Audio\unknown\3-155570-A-324.wav,al_emadi,3-155570-A-324,0.95975,0.9110151712239308,6.410323143005371,-6.466382020442336e-05,0.07528098260217123,-0.00013143931573722512,-0.04090307280421257,0.041774630546569824,0.021125948708747663,4.8522820472717285,0.000664844279471184,0.0114445617772945,2.3267988581210375e-05,-0.0024170654360204935,0.003166151000186801,0.029951264060284127,5.577658653259277,2.0506700259463652e-05,0.009669464395053036,-1.517031341791153e-05,-0.0020241614896804095,0.0020432355348020794,0.019518741339319454,5.930071830749512,2.0426986043761006e-05,0.005523857058251144,1.034200977301225e-06,-0.000827530975220725,0.0010028535732999457,0.01838887466771787,7.366924285888672,-1.2447138912807984e-06,0.003792973978397524,2.261851477669552e-06,-0.0008554564556106925,0.0008984060841612518
F:\Seminario\Seminario-Clustering\datasets\davi\Al Emadi (2019)\Multiclass_Drone_Audio\unknown\1-100210-B-360.wav,Multiclass_Drone_Audio\unknown\1-100210-B-360.wav,al_emadi,1-100210-B-360,1.0216875,0.2052347083670652,8.764490127563477,0.014857929608293588,0.5462786256370001,0.017773574218153954,-0.6548211455345154,0.6810422658920289,0.056141325505321214,8.984573364257812,0.014090528342103248,0.28547120847885665,0.006890554679557681,-0.34717662036418917,0.38723176419734956,0.0625974545359735,9.966614723205566,-0.0018647958354873556,0.21376508180289347,0.0006620441563427448,-0.28659280538558957,0.2674904644489289,0.11645489352696031,11.190481185913086,0.0038876705141384148,0.20629082024186485,0.001958813867531717,-0.270998552441597,0.2762493759393692,0.5595716180646798,12.467647552490234,0.0002059106363634895,0.3199460078575271,0.0005943381693214178,-0.4222108066082001,0.41878796815872193
F:\Seminario\Seminario-Clustering\datasets\davi\Al Emadi (2019)\Multiclass_Drone_Audio\unknown\5-232802-A-313.wav,Multiclass_Drone_Audio\unknown\5-232802-A-313.wav,al_emadi,5-232802-A-313,1.0216875,0.0,-0.0,0.0,0.0,0.0,0.0,0.0,0.0,-0.0,0.0,0.0,0.0,0.0,0.0,0.0,-0.0,0.0,0.0,0.0,0.0,0.0,0.0,-0.0,0.0,0.0,0.0,0.0,0.0,0.0,-0.0,0.0,0.0,0.0,0.0,0.0
F:\Seminario\Seminario-Clustering\datasets\davi\Al Emadi (2019)\Multiclass_Drone_Audio\unknown\2-83667-A-343.wav,Multiclass_Drone_Audio\unknown\2-83667-A-343.wav,al_emadi,2-83667-A-343,1.0216875,0.8146055358288802,8.928044319152832,-0.00035151638652189865,0.04383389533656126,-0.0013285300228744745,-0.055229243636131284,0.057613371685147304,0.1278208434012504,8.908364295959473,-3.43144840357523e-05,0.01736402258192353,-2.5050141630345024e-05,-0.021708409860730173,0.02116329614073038,0.02918124659601934,9.955606460571289,1.4101390677804e-05,0.005876606100457647,8.493698260281235e-05,-0.007418651320040226,0.007428762037307025,0.01437090197291539,10.89936351776123,4.7176412644742395e-05,0.0029178593829988814,1.3822005712427199e-05,-0.0036278807790949942,0.0037356250919401645,0.014021472200934701,11.907873153686523,-1.0830000437127742e-05,0.0020391096867649738,-4.5576991396956146e-05,-0.0025863707531243564,0.0025887077208608393
F:\Seminario\Seminario-Clustering\datasets\davi\Al Emadi (2019)\Multiclass_Drone_Audio\unknown\2-42101-A-433.wav,Multiclass_Drone_Audio\unknown\2-42101-A-433.wav,al_emadi,2-42101-A-433,1.0216875,0.9058522152158603,8.662973403930664,-0.001668250227187568,0.39123441085357,-0.004259634763002396,-0.4594001293182373,0.4535367399454117,0.06080004124182869,8.923553466796875,-0.0013566332695288184,0.10135037601276578,0.0003096802392974496,-0.1230991929769516,0.12722902446985246,0.02487967118645431,9.866966247558594,-0.00041588609793995906,0.04592428519056242,0.00024205981753766537,-0.05691904574632645,0.05802318528294564,0.007361229268922843,10.770502090454102,-2.705361224040785e-06,0.01767731230372666,0.00018088851356878877,-0.021617459692060945,0.02156096138060093,0.0011068430869338576,11.937822341918945,-4.520588355418639e-06,0.004849028286780437,-2.1943356841802597e-05,-0.006104038283228874,0.006239577475935221
F:\Seminario\Seminario-Clustering\datasets\davi\Al Emadi (2019)\Multiclass_Drone_Audio\unknown\5-243783-A-444.wav,Multiclass_Drone_Audio\unknown\5-243783-A-444.wav,al_emadi,5-243783-A-444,0.95975,0.5247057646804378,8.995597839355469,0.0018278762851706774,0.12682737596906044,0.0009410521015524864,-0.16246622800827026,0.16770344227552414,0.2671269067508248,8.7779541015625,-0.001010585218885148,0.09049653419431057,-0.00027747746207751334,-0.1155453510582447,0.11332216486334801,0.14372290109954647,9.588456153869629,-0.00023812918359861261,0.04702521716031874,-0.00041035207686945796,-0.056526680290699,0.054750917106866914,0.05210741247437449,10.33182144165039,0.00012867639283045438,0.02003723848062691,-8.241023169830441e-05,-0.022114121913909913,0.023086333833634856,0.01233701499481648,11.131430625915527,1.0158748291896488e-05,0.006897384697181241,-5.573048838414252e-05,-0.007198608014732599,0.007227931637316942
F:\Seminario\Seminario-Clustering\datasets\davi\Al Emadi (2019)\Multiclass_Drone_Audio\membo_1\extra_membo_D2_2034.wav,Multiclass_Drone_Audio\membo_1\extra_membo_D2_2034.wav,al_emadi,extra_membo_D2,1.0026875,0.8821952878785191,9.09269905090332,0.00021954768453724682,0.02515681945358689,0.0015042894519865513,-0.03413358926773071,0.03061350099742413,0.020091390111421772,8.948457717895508,-3.4630283756116758e-06,0.003796598884930906,7.930908031994477e-05,-0.004948329832404852,0.004672660771757364,0.02804068180236272,9.958139419555664,6.991448342784336e-06,0.003177040011740805,1.603076816536486e-05,-0.004165613558143377,0.004056842066347599,0.03750819734830781,10.964424133300781,-2.0550397383418436e-05,0.002600088768802963,-8.521728886989877e-06,-0.003359098103828728,0.0032922319369390607,0.03216444285938865,11.935368537902832,5.792065071276783e-07,0.001703338471974025,-2.0531100744847208e-05,-0.0021747061517089603,0.0022327625658363115
F:\Seminario\Seminario-Clustering\datasets\davi\Al Emadi (2019)\Multiclass_Drone_Audio\unknown\1-57163-A-382.wav,Multiclass_Drone_Audio\unknown\1-57163-A-382.wav,al_emadi,1-57163-A-382,0.97525,0.0038024901806192274,6.4291205406188965,-2.0002340881090705e-05,0.003028437079625749,-8.41422297526151e-06,-0.0019018923630937934,0.0016604363918304443,0.08424286529587213,5.872103691101074,5.966094238997255e-05,0.014254655727193104,3.7231698115647305e-06,-0.004587359260767698,0.00638994388282299,0.2901132106983787,7.158186912536621,0.00025826911232974993,0.01873210209205914,3.618051323428517e-06,-0.006178326904773712,0.00804336741566658,0.3160681836933392,7.063152313232422,0.00033929665107529567,0.013833183682792797,3.0613114176958334e-06,-0.0026095911161974072,0.0036075140815228224,0.3057732501317907,7.757961273193359,1.156507257229035e-05,0.009628119110793176,-1.2613531907845754e-07,-0.001434176554903387,0.001409242697991433
F:\Seminario\Seminario-Clustering\datasets\davi\Al Emadi (2019)\Multiclass_Drone_Audio\unknown\2-96033-A-130.wav,Multiclass_Drone_Audio\unknown\2-96033-A-130.wav,al_emadi,2-96033-A-130,1.0216875,0.7854187943885376,8.985799789428711,-0.0008312833514916149,0.26125851626882934,0.004887624178081751,-0.3341508716344833,0.3277393400669098,0.003573869285316237,8.994462966918945,-0.00014346764136557847,0.017622882398182604,0.0006207801634445786,-0.023195549100637435,0.022456331178545952,0.0016659378963202434,9.492134094238281,0.0004777365751176906,0.00850929602334169,0.0004200722905807197,-0.009345127269625664,0.010050983726978303,0.0009168708250398735,9.190291404724121,-1.4392968713269077e-05,0.004474067954420481,-5.487658199854195e-06,-0.003424185840412974,0.0033676548395305877,0.20842452760478605,10.302384376525879,8.500647538343177e-06,0.047719511530277134,1.5828030882403255e-05,-0.03465781062841415,0.03456856161355974
F:\Seminario\Seminario-Clustering\datasets\davi\Al Emadi (2019)\Multiclass_Drone_Audio\membo_1\Membo_1_001-membo_004_.wav,Multiclass_Drone_Audio\membo_1\Membo_1_001-membo_004_.wav,al_emadi,Membo_1_001-membo_004,0.896,0.56983530802474,9.128287315368652,0.000844654685545593,0.08851296256194707,-0.0003477088175714016,-0.11219747811555862,0.11630157977342605,0.056021687387068385,8.830997467041016,-0.00019038697854902785,0.02775363324233896,-0.0003239711804781109,-0.036893066763877866,0.035365613922476766,0.07763175324139598,9.78415298461914,-0.00015130480695065232,0.023140397224770355,0.00045577206765301526,-0.029921039007604122,0.029344010353088378,0.12819846718298372,10.654348373413086,-0.0001304935871780742,0.02104755219854697,-0.00011644739424809813,-0.026239240914583205,0.02738407477736473,0.16831278416381182,11.617085456848145,-2.8436416078190477e-05,0.017061740845791127,-1.906458055600524e-05,-0.02122453972697258,0.020883869379758835
F:\Seminario\Seminario-Clustering\datasets\davi\Al Emadi (2019)\Multiclass_Drone_Audio\unknown\2-125966-A-112.wav,Multiclass_Drone_Audio\unknown\2-125966-A-112.wav,al_emadi,2-125966-A-112,0.97525,0.42091843907966076,8.819499969482422,-0.0016441536039848803,0.13450959725345416,0.006758562289178371,-0.17755204439163208,0.16913308203220367,0.21227017916628493,7.671830654144287,-0.0009125165574585594,0.09552376425662173,-0.00038880447391420603,-0.0881015881896019,0.08444525301456451,0.14527510887268347,8.831230163574219,0.0008989992262148618,0.05595983259805676,-0.0002569005882833153,-0.05108809284865856,0.05096682161092758,0.12755813028328702,8.699684143066406,-0.00045963345741544285,0.03710871136652437,-0.0005079066613689065,-0.030232183635234833,0.029167436994612217,0.09397814259808383,7.5485734939575195,4.166579298896704e-06,0.02253451490066607,-3.0476017855107784e-05,-0.013446653075516223,0.01360556390136481
F:\Seminario\Seminario-Clustering\datasets\davi\Al Emadi (2019)\Multiclass_Drone_Audio\unknown\4-159426-A-93.wav,Multiclass_Drone_Audio\unknown\4-159426-A-93.wav,al_emadi,4-159426-A-93,1.0216875,0.0,-0.0,0.0,0.0,0.0,0.0,0.0,0.0,-0.0,0.0,0.0,0.0,0.0,0.0,0.0,-0.0,0.0,0.0,0.0,0.0,0.0,0.0,-0.0,0.0,0.0,0.0,0.0,0.0,0.0,-0.0,0.0,0.0,0.0,0.0,0.0
F:\Seminario\Seminario-Clustering\datasets\davi\Al Emadi (2019)\Multiclass_Drone_Audio\unknown\5-259180-A-153.wav,Multiclass_Drone_Audio\unknown\5-259180-A-153.wav,al_emadi,5-259180-A-153,1.0216875,0.0,-0.0,0.0,0.0,0.0,0.0,0.0,0.0,-0.0,0.0,0.0,0.0,0.0,0.0,0.0,-0.0,0.0,0.0,0.0,0.0,0.0,0.0,-0.0,0.0,0.0,0.0,0.0,0.0,0.0,-0.0,0.0,0.0,0.0,0.0,0.0
F:\Seminario\Seminario-Clustering\datasets\davi\Al Emadi (2019)\Multiclass_Drone_Audio\unknown\1-31251-B-62.wav,Multiclass_Drone_Audio\unknown\1-31251-B-62.wav,al_emadi,1-31251-B-62,0.97525,0.06122323072498559,8.774456977844238,-0.0007086028891998162,0.07264625497417064,0.001116206985898316,-0.09275148063898087,0.0923403799533844,0.08604033256897099,8.530935287475586,-0.0011316673023580876,0.08611708130356473,-0.0005668181111104786,-0.11160073429346085,0.10890018939971924,0.6522575427825563,8.971920013427734,-0.001202856372096559,0.16792844100546087,0.0013809308293275535,-0.19128374755382538,0.18655449897050858,0.17169883824205207,10.13897705078125,-0.00022151604811979032,0.06097122972762046,-0.00014420970546780154,-0.0681590847671032,0.07157056778669357,0.028780055681435077,11.300267219543457,-9.285143973099764e-06,0.01765914035659983,8.721253834664822e-05,-0.02034940533339977,0.020474237203598027
F:\Seminario\Seminario-Clustering\datasets\davi\Al Emadi (2019)\Multiclass_Drone_Audio\unknown\4-128659-A-331.wav,Multiclass_Drone_Audio\unknown\4-128659-A-331.wav,al_emadi,4-128659-A-331,1.0216875,0.042629782183352276,8.177895545959473,0.001906531154244784,0.005515053951353383,0.0018126387731172144,-0.0031617625849321485,0.007506476994603872,0.16222948948764968,7.900525093078613,-0.0003502053062632792,0.01137799255792237,-6.286742063821293e-05,-0.013427125383168459,0.011000601202249544,0.09994958109279548,8.431296348571777,-0.0001709170461913556,0.006326506938018489,-6.7609224061016e-05,-0.00583509299904108,0.0053247780539095405,0.25586721609235485,8.093996047973633,-7.826385115206167e-05,0.007165005340113998,-3.1675892387283966e-05,-0.0030557030579075216,0.0027070271084085116,0.4393239311438477,7.713817119598389,1.1448682325453735e-05,0.006641981989226596,2.3532420527772047e-06,-0.0013939679600298404,0.001402042643167079
F:\Seminario\Seminario-Clustering\datasets\davi\Al Emadi (2019)\Multiclass_Drone_Audio\unknown\3-153057-A-430.wav,Multiclass_Drone_Audio\unknown\3-153057-A-430.wav,al_emadi,3-153057-A-430,1.0216875,0.6373816699666117,8.780993461608887,0.003272441649191809,0.5283182122020755,0.0,-0.7534501791000366,0.6676223635673524,0.04049354432193273,8.310419082641602,-0.00018920327230305287,0.13316699440837845,-3.253083923482336e-05,-0.17721607983112336,0.22470483779907235,0.2170432700593719,8.946112632751465,-0.0004209486289621896,0.21837457323590317,0.0,-0.26155338883399964,0.25201618671417236,0.0935208353083462,10.322290420532227,-1.7764097840106928e-05,0.10143481907333811,0.0,-0.15004820376634598,0.14308912158012396,0.011560680343737483,10.974969863891602,-1.3549548797717262e-05,0.025228725678205135,0.0,-0.02958633378148079,0.030612934008240705
F:\Seminario\Seminario-Clustering\datasets\davi\Al Emadi (2019)\Multiclass_Drone_Audio\unknown\2-93030-A-213.wav,Multiclass_Drone_Audio\unknown\2-93030-A-213.wav,al_emadi,2-93030-A-213,1.0216875,0.45102233805417663,8.325255393981934,-5.537880822863966e-07,0.0003925304476071225,9.651318123360397e-06,-0.00044375876896083353,0.000409163784934208,0.19993889748152946,8.155766487121582,1.0062162296900782e-05,0.000261156771827353,3.0913673754184856e-06,-0.0002647367917234078,0.0003103179624304176,0.18918456417891918,8.80034351348877,-4.7462913588090743e-07,0.00018007012798095556,2.1965136056678602e-06,-0.0001712539029540494,0.00017163697921205313,0.12688377958622196,9.776581764221191,4.916351058897194e-08,0.0001043533794285689,1.813640011505413e-07,-0.00010448624234413727,0.00010202491976087915,0.032970420699152764,11.551949501037598,-4.2606490332841056e-08,3.7630179991305074e-05,-5.065712116447685e-07,-4.386179280118085e-05,4.3671556340996176e-05
F:\Seminario\Seminario-Clustering\datasets\davi\Al Emadi (2019)\Multiclass_Drone_Audio\unknown\3-139958-A-372.wav,Multiclass_Drone_Audio\unknown\3-139958-A-372.wav,al_emadi,3-139958-A-372,0.97525,0.129284374144406,5.383548736572266,-0.0008681132190920262,0.04554787026536782,0.00024935195688158274,-0.019921785220503807,0.017722392454743385,0.18944894129961326,4.819039821624756,0.00023361322050792532,0.055146269962908064,0.0001236594544025138,-0.013574222102761269,0.0131395123898983,0.10818620220338938,5.801062107086182,-0.0006989062194165082,0.029504491851547163,-4.577170329866931e-06,-0.011827697046101093,0.010472438298165798,0.18844333353863046,5.950992107391357,-3.38607995371606e-06,0.027563395069271253,1.6129190953506622e-05,-0.007606779458001256,0.007987248711287975,0.3846371488139609,7.5268964767456055,-5.611084024954353e-05,0.027857792841849974,-1.5378605894511566e-05,-0.013707879930734634,0.014315105602145195
F:\Seminario\Seminario-Clustering\datasets\davi\Al Emadi (2019)\Multiclass_Drone_Audio\unknown\1-50454-A-444.wav,Multiclass_Drone_Audio\unknown\1-50454-A-444.wav,al_emadi,1-50454-A-444,0.95975,0.0,-0.0,0.0,0.0,0.0,0.0,0.0,0.0,-0.0,0.0,0.0,0.0,0.0,0.0,0.0,-0.0,0.0,0.0,0.0,0.0,0.0,0.0,-0.0,0.0,0.0,0.0,0.0,0.0,0.0,-0.0,0.0,0.0,0.0,0.0,0.0
F:\Seminario\Seminario-Clustering\datasets\davi\Al Emadi (2019)\Multiclass_Drone_Audio\unknown\3-142605-A-212.wav,Multiclass_Drone_Audio\unknown\3-142605-A-212.wav,al_emadi,3-142605-A-212,0.97525,0.990968215848379,9.115399360656738,-0.00045716853519637234,0.022471213745632507,3.712397301569581e-05,-0.029433896765112877,0.02803593873977661,0.0030107309005407723,7.249330520629883,-3.6866058934637544e-06,0.0012388552127735534,1.595602952875197e-06,-0.0011088786413893104,0.0011127851903438568,0.0019340915363178013,9.475099563598633,8.23314391392459e-06,0.0007031457338170556,1.0586358257569373e-05,-0.0008038977684918791,0.0008074520155787468,0.0018974523997281828,10.721095085144043,3.3696645965337286e-06,0.0004928675084783803,1.7823840607888997e-05,-0.000610868533840403,0.0006152148416731507,0.0021895093150341954,11.885921478271484,1.6578351267952648e-06,0.00037454475183978936,3.861339337163372e-07,-0.0004765852529089898,0.0004917537909932435
F:\Seminario\Seminario-Clustering\datasets\davi\Al Emadi (2019)\Multiclass_Drone_Audio\unknown\3-130998-A-282.wav,Multiclass_Drone_Audio\unknown\3-130998-A-282.wav,al_emadi,3-130998-A-282,0.97525,0.9891063376319263,8.971870422363281,-0.007057995896190253,0.2988940281763561,-0.004470967687666416,-0.39027583599090576,0.3999558389186859,0.004332355052563246,8.676129341125488,-0.00034204577457156907,0.019783990889673066,-0.0008888589218258858,-0.024776820093393326,0.024537645280361176,0.0019154423060042485,9.710596084594727,1.8284707284636762e-05,0.009317524716404853,0.00013060089258942753,-0.011698170565068722,0.011616579256951809,0.00170332931473498,10.78231430053711,0.00011869253312495427,0.006216634241730144,-1.61041971296072e-05,-0.007869553286582232,0.007993781473487616,0.0029425356947711504,11.851095199584961,3.640909950562924e-05,0.0057811878133299174,-3.0803901609033346e-05,-0.007285061851143837,0.007393069472163916
F:\Seminario\Seminario-Clustering\datasets\davi\Al Emadi (2019)\Multiclass_Drone_Audio\unknown\2-84693-A-490.wav,Multiclass_Drone_Audio\unknown\2-84693-A-490.wav,al_emadi,2-84693-A-490,1.0216875,0.5618384959651419,8.454708099365234,-0.0021223205644585255,0.1226329152077391,0.001046695513650775,-0.14376424849033356,0.13831096887588512,0.10448388524119424,8.051863670349121,-0.0004635003404523081,0.052890090418357384,-0.0003243629325879738,-0.05457583293318748,0.056082720682024974,0.11792431424615331,8.59699821472168,-0.00042009725411609305,0.039798747093054844,0.0003157214669045061,-0.03984365463256836,0.034534190595150005,0.1190773374873145,9.752105712890625,0.00071246038042948,0.02829254244365695,-4.8887988668866456e-05,-0.02731718700379133,0.030542004294693476,0.09667596706019603,10.90299129486084,7.077565814844374e-05,0.01803938784272503,8.222447650041431e-05,-0.019456030055880546,0.018891098350286507
F:\Seminario\Seminario-Clustering\datasets\davi\Al Emadi (2019)\Multiclass_Drone_Audio\unknown\5-215179-A-133.wav,Multiclass_Drone_Audio\unknown\5-215179-A-133.wav,al_emadi,5-215179-A-133,1.0216875,0.921307158567685,9.00250244140625,-2.1529710412900605e-05,0.06734633025904621,-0.0027653975412249565,-0.08605026081204414,0.08673855662345889,0.021823433403003974,8.954042434692383,-4.496399401343955e-05,0.010364997057807435,0.00013377521827351302,-0.01288244966417551,0.013163249567151087,0.016856924992980332,9.946613311767578,-3.5746222439305215e-05,0.006452378300179659,-0.00014126519090496004,-0.0080708933994174,0.008205605670809746,0.012337744131112844,10.913419723510742,5.775767446395756e-05,0.0039058077034558026,7.38420567358844e-05,-0.0049616880249232055,0.005000466899946333,0.02767473890521791,11.918474197387695,4.022545346897004e-07,0.004138596204432728,4.206263110972941e-05,-0.005342046357691288,0.005321466177701952
F:\Seminario\Seminario-Clustering\datasets\davi\Al Emadi (2019)\Multiclass_Drone_Audio\unknown\1-84704-A-394.wav,Multiclass_Drone_Audio\unknown\1-84704-A-394.wav,al_emadi,1-84704-A-394,0.95975,0.0,-0.0,0.0,0.0,0.0,0.0,0.0,0.0,-0.0,0.0,0.0,0.0,0.0,0.0,0.0,-0.0,0.0,0.0,0.0,0.0,0.0,0.0,-0.0,0.0,0.0,0.0,0.0,0.0,0.0,-0.0,0.0,0.0,0.0,0.0,0.0
F:\Seminario\Seminario-Clustering\datasets\davi\Al Emadi (2019)\Multiclass_Drone_Audio\unknown\2-102567-C-351.wav,Multiclass_Drone_Audio\unknown\2-102567-C-351.wav,al_emadi,2-102567-C-351,1.0216875,0.964306347368182,9.01725959777832,-0.00033361694217452976,0.609454098690191,0.07881400734186172,-0.9059320092201233,0.7339464664459229,0.023728448685430444,9.063719749450684,0.0002501219543193536,0.09560194578410867,-0.0016797106945887208,-0.1241474598646164,0.12914770394563688,0.0038997010567077064,9.979337692260742,-1.5601792362877227e-05,0.0274520452904822,-0.0002523791044950485,-0.03569521605968475,0.03546290472149849,0.003514593636652754,10.988454818725586,-0.00011016131628610609,0.018441324353434964,4.2039668187499046e-05,-0.024153234623372554,0.023366244696080687,0.004550909253027075,11.904476165771484,4.763844359922915e-05,0.014844991399066317,0.0001415338774677366,-0.019051748514175414,0.018759525194764138
F:\Seminario\Seminario-Clustering\datasets\davi\Al Emadi (2019)\Multiclass_Drone_Audio\unknown\4-157296-A-241.wav,Multiclass_Drone_Audio\unknown\4-157296-A-241.wav,al_emadi,4-157296-A-241,1.0216875,0.5184887110722279,6.328735828399658,6.864382883980925e-05,0.12612826307896988,-0.00046830103383399546,-0.06729546040296555,0.08997292071580903,0.04806571657510326,6.514421463012695,-0.0007126377354289698,0.03839598126153821,2.089781810354907e-05,-0.02790927719324827,0.029172853752970712,0.11043338351340067,6.90684700012207,-0.00035420762579997867,0.0412289797300977,4.771780368173495e-06,-0.02565619871020317,0.024042086675763137,0.25348696287684136,7.972620010375977,-8.29145799619838e-05,0.04420268452920001,-9.32993134483695e-06,-0.024888185784220695,0.023796081915497785,0.06952522596242681,8.85206413269043,-2.0741396296959343e-05,0.01637620494264534,1.197113306261599e-07,-0.009202397614717483,0.009884176030755046
F:\Seminario\Seminario-Clustering\datasets\davi\Al Emadi (2019)\Multiclass_Drone_Audio\unknown\1-172649-D-401.wav,Multiclass_Drone_Audio\unknown\1-172649-D-401.wav,al_emadi,1-172649-D-401,1.0216875,0.9012434032358797,8.397676467895508,0.0002703968249125486,0.6177552934252214,0.11664736270904541,-0.9204439878463745,0.646913599967957,0.02130027253971677,8.754413604736328,0.0019734588261772533,0.09494984205802964,-0.0024228873662650585,-0.1112424574792385,0.12213093265891077,0.025232925168128736,9.289909362792969,2.108052548748546e-05,0.07321579943740363,0.0005937893874943256,-0.08184740096330642,0.07671737670898438,0.012258716974755578,10.299707412719727,1.447987577199333e-05,0.036111595167496416,0.0003004678728757426,-0.03982046134769916,0.03944671638309957,0.039964682081519175,11.68887710571289,8.477120371428073e-05,0.046124584183269826,0.0001260323915630579,-0.055151159316301344,0.05580308437347418
F:\Seminario\Seminario-Clustering\datasets\davi\Al Emadi (2019)\Multiclass_Drone_Audio\unknown\4-194754-A-03.wav,Multiclass_Drone_Audio\unknown\4-194754-A-03.wav,al_emadi,4-194754-A-03,1.0216875,0.07349238591184229,4.827422618865967,0.0063377215689730355,0.09992252795056995,0.0014356921310536563,-0.05699986927211284,0.05406598784029486,0.5389382826729681,5.677366256713867,0.006988805868896291,0.27104363939162585,-0.0007572920003440231,-0.0273047236725688,0.021246921271085756,0.3619389299626591,6.665894031524658,0.0005765433883529297,0.15738174941146665,9.026895713759586e-05,-0.013867997005581854,0.01367985922843218,0.025052967513263313,7.391017913818359,-8.281917193924124e-05,0.029300204654805578,-1.8261871446156874e-05,-0.004753052722662687,0.004695207811892034,0.0005774339392672171,8.938170433044434,-2.124590460643293e-06,0.003146767532310984,-6.416747964976821e-06,-0.0013117771362885834,0.0012935735285282135
F:\Seminario\Seminario-Clustering\datasets\davi\Al Emadi (2019)\Multiclass_Drone_Audio\unknown\2-106073-A-361.wav,Multiclass_Drone_Audio\unknown\2-106073-A-361.wav,al_emadi,2-106073-A-361,1.0216875,0.22896785163834327,9.088794708251953,-0.00037189282962494326,0.4651346414057142,-0.005095381289720535,-0.6131338477134705,0.6105019688606265,0.31816033528735715,9.010618209838867,-0.0029568159815733927,0.548287395533376,-0.008435413241386414,-0.6892440676689148,0.7378990948200229,0.18418771440931359,9.971888542175293,0.0050048129662045035,0.2954508160873872,0.007765593472868204,-0.37256333231925964,0.3840627431869507,0.14647439803748344,10.962495803833008,-0.0012936752089832404,0.18646217378832133,0.000425154619733803,-0.2411813646554947,0.2385317176580429,0.12220970062750251,11.968482971191406,-5.366081310047547e-05,0.12048803400416846,-5.4602256568614393e-05,-0.15615111887454985,0.15469796955585483
F:\Seminario\Seminario-Clustering\datasets\davi\Al Emadi (2019)\Multiclass_Drone_Audio\unknown\5-215445-A-473.wav,Multiclass_Drone_Audio\unknown\5-215445-A-473.wav,al_emadi,5-215445-A-473,1.0216875,0.6870463483623453,8.94247055053711,0.0016971933311177598,0.26068854186233636,-0.00805955147370696,-0.33257518112659457,0.31759890019893666,0.25388507669246696,8.798505783081055,0.0002555425986846916,0.1584733243659385,0.0010580865200608969,-0.1923282951116562,0.1941058322787286,0.05644248333464696,9.952974319458008,-0.0002201094042172082,0.05292526334183848,-0.0008247634395956993,-0.06952738463878631,0.06670703738927844,0.0025642585721449337,10.909692764282227,2.5586100896153114e-06,0.00798266258472011,-5.5381678976118565e-06,-0.010490800999104976,0.01013223547488451,6.183303839579642e-05,11.898406028747559,-2.5350908258845364e-07,0.0008768957655002062,-3.4290715120732784e-06,-0.0011170484125614167,0.0010979508282616735
F:\Seminario\Seminario-Clustering\datasets\davi\Al Emadi (2019)\Multiclass_Drone_Audio\unknown\4-111671-B-421.wav,Multiclass_Drone_Audio\unknown\4-111671-B-421.wav,al_emadi,4-111671-B-421,1.0216875,0.012612416368413608,8.148523330688477,0.0005161004702495828,0.03372164245311534,-0.00036014337092638016,-0.035879383236169814,0.038493755459785485,0.41082649021769524,8.042891502380371,0.0015256686157020124,0.19247574262303355,0.0028534000739455223,-0.17814439833164214,0.17668897956609728,0.5119731808821429,9.788411140441895,-0.00014949179250040633,0.15219816451444332,0.0026587308384478092,-0.18351968824863432,0.1808755666017533,0.061974996783917345,10.736331939697266,6.588519188584095e-05,0.03747112649154018,0.0002844913542503491,-0.04702044762670994,0.04575091861188412,0.002612915747830913,11.950952529907227,2.6153786248523857e-06,0.005442803111844379,-3.576691960915923e-05,-0.006859829183667898,0.006926411204040059
F:\Seminario\Seminario-Clustering\datasets\davi\Al Emadi (2019)\Multiclass_Drone_Audio\unknown\2-158746-B-24.wav,Multiclass_Drone_Audio\unknown\2-158746-B-24.wav,al_emadi,2-158746-B-24,0.95975,0.6141439252443208,8.653491973876953,-0.002726170604838363,0.5544004668841913,-0.0311674065887928,-0.649260014295578,0.7189402878284454,0.2931707083601063,8.359760284423828,0.002313379266040928,0.38304176978246296,0.015056104864925146,-0.46165187656879425,0.45105142891407013,0.08065125818034487,8.888725280761719,-0.0001047850242746365,0.14232213293854626,0.0015093358233571053,-0.1501823753118515,0.14619220197200786,0.01058859007720206,9.667583465576172,3.0068195380818516e-05,0.036493000070218204,-2.137002593372017e-05,-0.03414181917905808,0.03419652208685878,0.001445518138026028,11.116764068603516,7.087601296968764e-07,0.009538612864010811,4.9107999075204134e-05,-0.010252382606267929,0.010142345912754536
F:\Seminario\Seminario-Clustering\datasets\davi\Al Emadi (2019)\Multiclass_Drone_Audio\unknown\2-85434-A-274.wav,Multiclass_Drone_Audio\unknown\2-85434-A-274.wav,al_emadi,2-85434-A-274,0.95975,0.0296714481919732,8.790255546569824,0.0005351487759803952,0.02962123825764545,-0.0008351667784154415,-0.036415211856365204,0.0388468261808157,0.019761513050186117,8.360039710998535,-3.823529512912621e-05,0.02417765996214993,0.0005000166711397469,-0.02721538208425045,0.029624532908201218,0.1707605113111564,9.271689414978027,2.2408638497989916e-05,0.050346767052736954,0.0004794523410964757,-0.0559274360537529,0.056437220424413695,0.3583512679217088,10.094234466552734,-0.0005887852551568471,0.05160927690211981,4.36524860560894e-05,-0.05908898338675499,0.05649494938552383,0.4214552595249755,10.774089813232422,-7.075986866626986e-05,0.039596740674439045,0.00013957911869511008,-0.04073944315314293,0.03954511508345604
F:\Seminario\Seminario-Clustering\datasets\davi\Al Emadi (2019)\Multiclass_Drone_Audio\unknown\4-161103-A-474.wav,Multiclass_Drone_Audio\unknown\4-161103-A-474.wav,al_emadi,4-161103-A-474,0.95975,0.6929051369928876,8.83917236328125,0.0006049546450723587,0.4294449854574156,0.0433866772800684,-0.5717253088951111,0.5099680721759796,0.1382823681445642,8.44851016998291,0.0021232457504430343,0.19183501376833498,-0.0039866401348263025,-0.21411258727312088,0.22477395832538605,0.13078987784858526,9.096750259399414,-0.0008250860255755872,0.13216694909720614,-0.0036231891717761755,-0.14006461799144745,0.14331898987293243,0.034884939743734834,10.056217193603516,7.148037266148411e-05,0.048304373732016445,0.0005026011494919658,-0.05208230800926685,0.051386976242065445,0.0031376772702281053,11.18510913848877,-2.3497158712470416e-06,0.010248371582481592,-1.5641096979379654e-05,-0.011253285221755505,0.011112313717603683
F:\Seminario\Seminario-Clustering\datasets\davi\Al Emadi (2019)\Multiclass_Drone_Audio\bebop_1\mixed_37-bebop_001_.wav,Multiclass_Drone_Audio\bebop_1\mixed_37-bebop_001_.wav,al_emadi,mixed_37-bebop_001,1.024,0.603966990068007,8.204595565795898,-0.000504538052075642,0.12780056549300908,-0.006371594266965985,-0.13489001393318173,0.13633985221385955,0.030109595713741003,8.849691390991211,0.0006357895632108303,0.028528188608082154,0.001145248708780855,-0.03569393903017044,0.036760495975613594,0.0869113085249737,9.95732307434082,-0.00034260058329578264,0.034329261213928104,-0.00016660173423588276,-0.04445493556559085,0.04350252598524094,0.15905224512458613,10.940820693969727,0.00014537788902546086,0.032867672572232116,-0.0004531672166194767,-0.04191330447793007,0.04092526063323021,0.11995986056869219,11.919466018676758,1.0247432434124125e-05,0.020192570821205885,-0.0002351776056457311,-0.025512709841132162,0.025781999155879032
F:\Seminario\Seminario-Clustering\datasets\davi\Al Emadi (2019)\Multiclass_Drone_Audio\unknown\1-9886-A-492.wav,Multiclass_Drone_Audio\unknown\1-9886-A-492.wav,al_emadi,1-9886-A-492,0.97525,0.14076663951235233,8.111584663391113,0.001996455650173069,0.09741935444611176,0.000681762583553791,-0.11020617187023163,0.10541447252035141,0.16867493287810942,7.533785343170166,0.0031022692661887654,0.1066173991240686,0.00076597387669608,-0.09424526244401932,0.10444310307502747,0.11967939748554508,8.776154518127441,0.0010267143073258863,0.06361943344960254,0.000519681692821905,-0.06170781888067722,0.0660613551735878,0.33405966800247444,9.936564445495605,-0.0010606349350844946,0.07521835291005502,-0.00014646031195297837,-0.08276765421032906,0.07966546341776848,0.23681936212151872,11.119335174560547,-5.593384790970272e-05,0.044806692743129053,4.186143632978201e-05,-0.052061094343662254,0.049630457162857064
F:\Seminario\Seminario-Clustering\datasets\davi\Al Emadi (2019)\Multiclass_Drone_Audio\unknown\4-165933-A-451.wav,Multiclass_Drone_Audio\unknown\4-165933-A-451.wav,al_emadi,4-165933-A-451,1.0216875,0.7296906411649742,8.583189010620117,-0.004770924885538026,0.5763139693800503,-0.0017380983335897326,-0.6736635386943817,0.6756697654724126,0.21014718100807994,8.286179542541504,-0.003357182609633967,0.30927217055893347,-0.007164137903600931,-0.32936957478523254,0.33225907683372524,0.03710788252717177,9.221778869628906,0.0012538471570128931,0.09204983626767534,0.001183711807243526,-0.09955524802207946,0.09752788692712787,0.019615525687846223,9.737632751464844,-5.587776507492671e-06,0.047362362251355546,5.5066600907593966e-05,-0.044184225425124166,0.044805234670639044,0.003438769611927844,10.632720947265625,1.3263382342825606e-05,0.014028316664758568,4.130968591198325e-06,-0.013565163873136044,0.013592663221061244
F:\Seminario\Seminario-Clustering\datasets\davi\Al Emadi (2019)\Multiclass_Drone_Audio\unknown\5-235956-A-470.wav,Multiclass_Drone_Audio\unknown\5-235956-A-470.wav,al_emadi,5-235956-A-470,1.0216875,0.9541009338014772,8.708675384521484,-0.006506475885416805,0.7615018960330482,-0.014323860872536898,-0.9570331275463104,0.9225249469280243,0.03070844416120243,8.976180076599121,-0.003075560390544287,0.1365867352839416,-0.0006809851038269699,-0.1811055839061737,0.17180917859077457,0.013716954592380313,9.801137924194336,0.0007038375879861751,0.06467231366596389,0.0008282526396214962,-0.08077878803014756,0.08377457261085511,0.001438770169052712,10.796333312988281,-6.963784750896931e-06,0.014822249622715902,-0.00010176171781495214,-0.018301146663725374,0.018574011884629735,3.489727588732211e-05,11.767120361328125,-1.1247823343641112e-06,0.0016329951954378137,-1.2414529919624329e-06,-0.002019069390371442,0.0019833711441606303
F:\Seminario\Seminario-Clustering\datasets\davi\Al Emadi (2019)\Multiclass_Drone_Audio\unknown\3-144128-B-234.wav,Multiclass_Drone_Audio\unknown\3-144128-B-234.wav,al_emadi,3-144128-B-234,0.95975,0.08196967189501321,8.097192764282227,7.113796174593702e-05,0.099626497376025,0.0015806619776412845,-0.11733566224575043,0.10854580625891685,0.31786542874250057,7.881738662719727,-0.005947963358251797,0.19609673351273768,-0.0004553410835796967,-0.23558002710342407,0.20616095513105392,0.40301664440608437,9.05041217803955,0.00232401006943516,0.15647148435126262,0.0002855794446077198,-0.18483498990535735,0.1776681035757065,0.15104492003369083,9.91171932220459,0.0011821002338963489,0.06778480234659524,-1.7234106962860096e-05,-0.07432624474167823,0.07399786785244945,0.04610333492271103,10.827898979187012,-4.965533426246288e-06,0.026496850230455397,-2.7687347028404474e-06,-0.028443066403269768,0.028157895430922508
F:\Seminario\Seminario-Clustering\datasets\davi\Al Emadi (2019)\Multiclass_Drone_Audio\unknown\1-28005-A-182.wav,Multiclass_Drone_Audio\unknown\1-28005-A-182.wav,al_emadi,1-28005-A-182,0.97525,0.0959430237166428,8.090185165405273,-0.0019929473722452313,0.21411698855950184,-0.0032313698902726173,-0.2558337152004242,0.24390333890914917,0.10735365118996167,8.172924041748047,0.0076124323401893235,0.22637383488897536,0.0019037253223359585,-0.2318655401468277,0.2801867425441742,0.4747928247404326,9.081661224365234,-0.0018482668735258327,0.3373330476065166,0.001652776962146163,-0.37083253264427185,0.36727313697338104,0.28345298188470847,10.019014358520508,0.0005933588754194188,0.1844462853173449,0.0009704448748379946,-0.1934208646416664,0.19625937938690186,0.03845751846825443,11.410469055175781,3.501739895902276e-06,0.04806200976983419,-8.440017700195312e-05,-0.054616800695657726,0.05513606667518616
F:\Seminario\Seminario-Clustering\datasets\davi\Al Emadi (2019)\Multiclass_Drone_Audio\unknown\4-188003-A-344.wav,Multiclass_Drone_Audio\unknown\4-188003-A-344.wav,al_emadi,4-188003-A-344,0.95975,0.98989392756316,8.907445907592773,-0.00010324333656299847,0.005762127025848399,-4.559386525215814e-05,-0.007656662026420236,0.007735873339697719,0.0019483679044802376,8.729894638061523,6.9496225591458825e-06,0.00025558371856440295,1.1879894827870885e-06,-0.0003116759762633592,0.00032639806158840656,0.0016827780557289581,9.767007827758789,-1.4569284685835141e-06,0.00016831722006779536,-1.5765340322104748e-06,-0.00021815590152982623,0.00021445313177537176,0.0027615501249460537,10.443436622619629,1.2555680437458546e-06,0.0001525867531391867,-7.389644451905042e-13,-0.00017730363033479079,0.00018393509089946748,0.0037133763516848037,10.883151054382324,2.231546013578463e-06,0.00012515648264500615,7.912490218586754e-07,-0.00013076643517706543,0.00013488323020283133
F:\Seminario\Seminario-Clustering\datasets\davi\Al Emadi (2019)\Multiclass_Drone_Audio\unknown\4-261068-A-301.wav,Multiclass_Drone_Audio\unknown\4-261068-A-301.wav,al_emadi,4-261068-A-301,1.0216875,0.9990995910788741,7.119582653045654,0.03187871710981645,0.7054103072880544,0.012258697301149368,-0.388195276260376,0.4504207879304887,0.000710341444157109,5.133431434631348,3.724703211846362e-05,0.01882838918717009,3.7836143746972084e-06,-0.005729152355343103,0.006027312763035299,9.14226517290605e-05,6.490060806274414,-1.38442079597438e-05,0.004784439720463226,-1.4173274394124746e-06,-0.0016659469576552509,0.0016823969781398775,6.316852518434113e-05,6.910560131072998,-2.797634329518802e-05,0.0028140907236688193,-3.1881063478067517e-07,-0.0008070467039942741,0.0008048549760133032,3.547630005530304e-05,8.23507022857666,-1.0464237212277693e-06,0.0014919320281952335,1.701992005109787e-07,-0.000425077136605978,0.0004368173424154521
F:\Seminario\Seminario-Clustering\datasets\davi\Al Emadi (2019)\Multiclass_Drone_Audio\unknown\5-173568-A-330.wav,Multiclass_Drone_Audio\unknown\5-173568-A-330.wav,al_emadi,5-173568-A-330,1.0216875,0.014915351920607509,8.855090141296387,0.0002859973966128511,0.05567927364725449,0.0005793507443740964,-0.06844316497445106,0.07071933075785641,0.15259003424474565,8.21228313446045,-0.001649982281739437,0.17808485371530383,-0.0005228178051766008,-0.21853272765874862,0.2072031453251839,0.16559041734964133,9.155542373657227,0.00012617766504080397,0.1314091200868369,-0.00012982269981876016,-0.15403526425361633,0.15334064960479737,0.26854339123345905,10.37337589263916,-3.9053307458706464e-05,0.11841821013399911,1.4529057807521895e-05,-0.14939661473035812,0.1467550203204155,0.3983608052515465,11.195877075195312,-0.00021559234952736296,0.10202801354409798,3.6701158023788594e-06,-0.11953622698783875,0.11859571933746339
F:\Seminario\Seminario-Clustering\datasets\davi\Al Emadi (2019)\Multiclass_Drone_Audio\unknown\2-104952-B-164.wav,Multiclass_Drone_Audio\unknown\2-104952-B-164.wav,al_emadi,2-104952-B-164,0.95975,0.8913067069388577,8.762389183044434,2.2978902221744104e-06,0.2360730694166413,-0.0017873930046334863,-0.30703194439411163,0.2974724769592285,0.09249877667513416,8.836599349975586,6.144496281262522e-05,0.07605026212892488,0.000722946017049253,-0.09563116729259491,0.09497733041644096,0.011181318732049009,9.820212364196777,6.248258708525667e-05,0.018730533922090915,4.230928607285023e-05,-0.023701060190796853,0.02415964342653752,0.003534111041882647,10.85948657989502,2.8850666364957686e-06,0.007451947824795938,-0.0001132145116571337,-0.009639223385602236,0.009711921587586408,0.0014790866120764723,11.804265975952148,-1.7212627655490116e-05,0.003410388075305213,-2.4954599211923778e-05,-0.004331587813794613,0.004290378652513027
F:\Seminario\Seminario-Clustering\datasets\davi\Al Emadi (2019)\Multiclass_Drone_Audio\bebop_1\B_S2_D1_116-bebop_000_.wav,Multiclass_Drone_Audio\bebop_1\B_S2_D1_116-bebop_000_.wav,al_emadi,B_S2_D1_116-bebop_000,1.024,0.7483472003841336,8.607263565063477,-0.003845333520015611,0.37268433022947733,-0.004851220874115825,-0.4153001725673675,0.42355704009532935,0.018314471338589825,8.940752029418945,-0.00020618127167730104,0.05830518169629734,-0.0016990613075904548,-0.07411438301205635,0.07822841256856919,0.04948390919320605,9.943334579467773,0.00381669875630767,0.06776028637055609,0.0030327277490869164,-0.08341935724020004,0.08879438340663912,0.1012775006842837,10.916622161865234,0.0004074170286095689,0.06871242356541817,0.0010589752346277237,-0.0877455621957779,0.08749854564666748,0.08257691839978676,11.910614967346191,-0.0002313375386882936,0.04389146912184295,-0.0002985399914905429,-0.0566023588180542,0.05584005042910576
F:\Seminario\Seminario-Clustering\datasets\davi\Al Emadi (2019)\Multiclass_Drone_Audio\unknown\2-133889-A-300.wav,Multiclass_Drone_Audio\unknown\2-133889-A-300.wav,al_emadi,2-133889-A-300,1.0216875,0.990679680343371,9.074226379394531,0.00021829978170612616,0.4231142113881491,-0.026897438801825047,-0.5034627497196198,0.6044291794300082,0.008953017404983266,6.321206569671631,-0.00013916283924719644,0.040222881005486946,-0.00024305121041834354,-0.017414512671530245,0.016646670736372476,0.0003585152512436937,7.391733646392822,1.7530972325411117e-05,0.005701227825505293,-3.762589767575264e-05,-0.0024093474727123975,0.00256001902744174,8.361212892944737e-06,7.8127970695495605,-4.443375396881284e-07,0.000616104419662251,-1.0997755452990532e-06,-0.0003048871993087232,0.0002948879846371711,4.2578750911161874e-07,10.435491561889648,3.636815152721889e-07,9.835219823038715e-05,8.335337042808533e-07,-9.833168151089922e-05,9.878196869976826e-05
F:\Seminario\Seminario-Clustering\datasets\davi\Al Emadi (2019)\Multiclass_Drone_Audio\unknown\4-165823-A-413.wav,Multiclass_Drone_Audio\unknown\4-165823-A-413.wav,al_emadi,4-165823-A-413,1.0216875,0.2054125816951704,8.87201976776123,-0.000885488655226095,0.3763888666867468,-0.010760433040559292,-0.4586641132831573,0.4764353364706041,0.13863958097022025,8.906024932861328,0.008255826133681128,0.3091101293182405,0.009547144640237093,-0.3877835780382156,0.4097822457551956,0.2825323899723302,9.877666473388672,0.005317364424983144,0.3126233020245813,0.0031229748856276274,-0.38677591681480405,0.41009556055068974,0.2675252792323597,10.862589836120605,-0.000700187803865028,0.21529469117085534,-9.414245141670108e-05,-0.2764880329370499,0.2714726924896241,0.10589016812991946,11.839157104492188,-4.918187528883272e-05,0.09581903098900839,0.0012590158730745316,-0.121867074072361,0.11927248537540447
F:\Seminario\Seminario-Clustering\datasets\davi\Al Emadi (2019)\Multiclass_Drone_Audio\unknown\1-72195-A-373.wav,Multiclass_Drone_Audio\unknown\1-72195-A-373.wav,al_emadi,1-72195-A-373,1.0216875,0.00018695979034965863,6.608260631561279,-0.004589231622432798,0.014695832399874237,-0.0009855292737483978,-0.01992868222296238,0.0005891469423659148,1.0069276805728217e-05,7.01769495010376,-0.00011077161130844053,0.0035712193630359546,-8.408828307437943e-06,-0.0031165548134595156,0.0025261514587327874,0.011480321301533591,8.33765983581543,0.0005893295004208746,0.08545126123788131,-1.7516786101623438e-06,-0.05689002200961112,0.05721818283200274,0.4649831017068451,9.13408088684082,-0.0011205642354925746,0.3848324542213166,1.6338203749910463e-06,-0.1208351597189903,0.1163797065615655,0.5233395479244659,10.095378875732422,-0.00010553941195430416,0.2888135078999482,-1.842454366851598e-07,-0.06956487149000168,0.07301391065120706
F:\Seminario\Seminario-Clustering\datasets\davi\Al Emadi (2019)\Multiclass_Drone_Audio\unknown\4-159609-B-143.wav,Multiclass_Drone_Audio\unknown\4-159609-B-143.wav,al_emadi,4-159609-B-143,1.0216875,0.7934707646357804,9.711859703063965,-0.026250991761138126,0.00930607707377746,-0.025998198427259922,-0.038233208283782,-0.01490152133628726,0.045654415043306376,8.98636531829834,0.00016069747889489172,0.0066788559596841325,0.0003574458241928369,-0.008392631076276302,0.008882484119385482,0.08433061287790637,9.928474426269531,-8.091674903345764e-05,0.006430877124689693,-0.00018844402802642435,-0.00820705983787775,0.008242452330887318,0.05837178393909135,10.676580429077148,-2.830423707703169e-05,0.003786208029465409,-5.690408761438448e-05,-0.0046307685319334265,0.004654294857755303,0.018172423503915548,11.114950180053711,-2.111937580028887e-06,0.0014944862390792492,-7.325332262553275e-06,-0.0016088163014501332,0.0016086811665445568
F:\Seminario\Seminario-Clustering\datasets\davi\Al Emadi (2019)\Multiclass_Drone_Audio\unknown\3-126358-A-34.wav,Multiclass_Drone_Audio\unknown\3-126358-A-34.wav,al_emadi,3-126358-A-34,0.95975,0.5578959872717165,8.645992279052734,0.004338852758230121,0.39051638456824966,0.006571885198354721,-0.47636178135871887,0.5057081878185272,0.2651826819801353,8.551688194274902,-0.003096250253662035,0.2692361022120584,0.0034481778275221586,-0.32844847440719604,0.30651749670505524,0.16234125420326195,9.553741455078125,0.0005650667017386234,0.14923613223115453,-0.0010008392855525017,-0.17199929654598237,0.18244676887989045,0.014017350134573227,10.463687896728516,-0.00017864401108395653,0.031032164531110743,0.0004565746057778597,-0.03693586587905884,0.03495572209358216,0.0005627264103130731,11.588183403015137,6.039838063029376e-06,0.004398629111602785,-1.7231213860213757e-05,-0.005218036938458681,0.005412299185991287
F:\Seminario\Seminario-Clustering\datasets\davi\Al Emadi (2019)\Multiclass_Drone_Audio\unknown\3-197435-B-224.wav,Multiclass_Drone_Audio\unknown\3-197435-B-224.wav,al_emadi,3-197435-B-224,0.95975,0.026415691235190015,5.449789047241211,-4.5943665629627084e-05,0.0320190425701017,-2.739688443398336e-05,-0.005429162178188562,0.005903142504394054,0.15041789559378566,5.1919355392456055,0.0007574902869078154,0.07640226094236818,1.429569351785176e-06,-0.009256461635231972,0.013744995929300785,0.4385871637674409,5.868865966796875,-0.0015275211443606278,0.0924101475595297,-1.7071510001187562e-06,-0.008820120058953761,0.010592320933938026,0.278106663106874,6.248852729797363,-0.0004690879746076462,0.052079018011487115,-6.590999532818387e-07,-0.005528907431289553,0.005443549808114773,0.10647258629670947,6.68809700012207,-7.045278629061811e-05,0.022796823982869217,0.0,-0.001999011030420661,0.0020607581827789545
F:\Seminario\Seminario-Clustering\datasets\davi\Al Emadi (2019)\Multiclass_Drone_Audio\unknown\3-142604-A-244.wav,Multiclass_Drone_Audio\unknown\3-142604-A-244.wav,al_emadi,3-142604-A-244,0.95975,0.9537786297642924,8.945820808410645,0.0001930745242620252,0.0103472527781669,0.00027035870880354196,-0.013741756323724985,0.013146923389285803,0.019950296913597117,5.443600177764893,-1.552803963438743e-05,0.0014966773247487232,-2.5498269678791985e-05,-0.001005384256131947,0.0008709605317562819,0.013798368684388888,8.211668014526367,4.624610572301952e-06,0.0008817753577020756,4.902660293737426e-06,-0.0008255709311924875,0.0008185187354683883,0.00713101950756465,10.084798812866211,-2.3923512203112256e-06,0.00044858356589727735,2.3626262191100977e-07,-0.0005010710912756622,0.0004791379207745195,0.005341685130156907,10.685126304626465,-5.361214120379009e-07,0.00027465964062990623,1.8014288798440248e-06,-0.0002783520903903991,0.00027468858752399683
F:\Seminario\Seminario-Clustering\datasets\davi\Al Emadi (2019)\Multiclass_Drone_Audio\unknown\5-160614-G-480.wav,Multiclass_Drone_Audio\unknown\5-160614-G-480.wav,al_emadi,5-160614-G-480,1.0216875,0.14862190213208398,7.333296298980713,-0.0003453436798410642,0.04944232996916707,0.0005111853242851794,-0.04592761881649494,0.04054398648440838,0.14256117648015118,5.006814956665039,0.0005961784760421618,0.04842123448140824,0.0005020056269131601,-0.017663368210196494,0.021179651096463203,0.47663915168255117,5.659369945526123,-0.0004007282114297595,0.06271619318002788,0.0005459408275783062,-0.02429729700088501,0.024525625631213188,0.18606405332866688,7.921652793884277,-0.00014578424555823394,0.027728227439908586,0.0001176878868136555,-0.020965806767344473,0.020070097781717783,0.04611371637654679,7.592342376708984,-3.144830483421245e-05,0.009765185498635994,-1.735936530167237e-05,-0.0058408666402101515,0.006027018371969462
F:\Seminario\Seminario-Clustering\datasets\davi\Al Emadi (2019)\Multiclass_Drone_Audio\unknown\1-17565-A-123.wav,Multiclass_Drone_Audio\unknown\1-17565-A-123.wav,al_emadi,1-17565-A-123,1.0216875,0.2802950744819169,8.737110137939453,0.00022914192775411147,0.04569587533608462,-0.001683082606177777,-0.05558724328875542,0.05565947741270068,0.06595077549908449,5.603754997253418,-0.0010513911692770213,0.0221409152165101,-0.00016187787696253508,-0.010048431437462568,0.008724092319607735,0.10284179453817488,5.696736812591553,0.00038431839195730556,0.019602057672066745,6.206404941622168e-05,-0.005643132608383894,0.006263631395995619,0.28388744203484395,6.218084812164307,-0.00041059555089597416,0.023046641265729122,-2.2307363906293176e-05,-0.006288715638220309,0.006010251026600601,0.26702491344597984,6.548928260803223,6.161312942464146e-05,0.015814186823787435,2.2323656594380736e-06,-0.004126304574310779,0.004205888044089083
F:\Seminario\Seminario-Clustering\datasets\davi\Al Emadi (2019)\Multiclass_Drone_Audio\unknown\5-223810-A-353.wav,Multiclass_Drone_Audio\unknown\5-223810-A-353.wav,al_emadi,5-223810-A-353,1.0216875,0.7627475605232537,8.836023330688477,0.0007659119058079684,0.06880251274559965,-6.261421367526054e-05,-0.0833045095205307,0.08690299615263941,0.136664606202934,8.306042671203613,-0.000531205073708647,0.02912034868538132,-0.00026753576821647584,-0.03080195188522339,0.030507111735641957,0.06461208605881295,8.622482299804688,0.00013641279427046725,0.01418414496532469,0.0002814987674355507,-0.012817203626036644,0.013088573887944224,0.02209191363374753,10.053112030029297,9.604700562882047e-05,0.005868512943474208,3.670573642011732e-05,-0.00584443211555481,0.006077492143958807,0.013883833581251899,9.211156845092773,2.847423551339658e-07,0.0032915090161708327,-7.374212145805359e-06,-0.0028077843599021435,0.002744067925959826
F:\Seminario\Seminario-Clustering\datasets\davi\Al Emadi (2019)\Multiclass_Drone_Audio\unknown\silence113.wav,Multiclass_Drone_Audio\unknown\silence113.wav,al_emadi,silence113,0.7430625,0.0,-0.0,0.0,0.0,0.0,0.0,0.0,0.0,-0.0,0.0,0.0,0.0,0.0,0.0,0.0,-0.0,0.0,0.0,0.0,0.0,0.0,0.0,-0.0,0.0,0.0,0.0,0.0,0.0,0.0,-0.0,0.0,0.0,0.0,0.0,0.0
F:\Seminario\Seminario-Clustering\datasets\davi\Al Emadi (2019)\Multiclass_Drone_Audio\unknown\1-54065-A-453.wav,Multiclass_Drone_Audio\unknown\1-54065-A-453.wav,al_emadi,1-54065-A-453,1.0216875,0.8481702353357733,8.825214385986328,0.0017383192549912615,0.47156235109341105,-0.011845813132822514,-0.5870909452438354,0.6013351321220403,0.09371117434027282,8.866920471191406,-0.0009912521701765538,0.15674279322879375,-0.00462721916846931,-0.19285035878419876,0.19679339528083814,0.03482091753297627,9.844077110290527,-0.0007256960975319391,0.0676739128922766,-0.000456781592220068,-0.08618942201137543,0.08240835517644883,0.020970504813977546,10.846014976501465,-7.915879532651915e-05,0.03716488382188919,-0.0003804817679338157,-0.04628233760595322,0.04687890782952309,0.002327167977000118,11.844882011413574,8.951294073829804e-06,0.00875817795279715,-5.498815153259784e-05,-0.010890843160450457,0.011104157939553265
F:\Seminario\Seminario-Clustering\datasets\davi\Al Emadi (2019)\Multiclass_Drone_Audio\unknown\1-49409-A-84.wav,Multiclass_Drone_Audio\unknown\1-49409-A-84.wav,al_emadi,1-49409-A-84,0.95975,0.0637865401614907,8.928139686584473,0.0006606442582413678,0.08354575700237407,0.0039733846206218,-0.10807709768414497,0.1047823503613472,0.05155275912459016,8.938142776489258,0.0004619531109654316,0.07510886324053599,-0.0008629395451862365,-0.09424437209963799,0.09877602010965347,0.2793817453220162,9.591135025024414,-4.378254850419214e-06,0.1238641623401628,0.005258709192276001,-0.15293277204036712,0.14102645814418802,0.5540374450889544,9.721698760986328,-9.937196940859418e-05,0.12343540394918341,-0.0005219270242378116,-0.11922019496560096,0.12043167501688005,0.05124151030294855,10.534784317016602,-6.003094400349124e-06,0.02655608793310315,-8.971714123617858e-05,-0.023917030543088913,0.02424653433263302
F:\Seminario\Seminario-Clustering\datasets\davi\Al Emadi (2019)\Multiclass_Drone_Audio\unknown\2-102567-B-350.wav,Multiclass_Drone_Audio\unknown\2-102567-B-350.wav,al_emadi,2-102567-B-350,1.0216875,0.8962962785891492,9.02546501159668,7.799322669782063e-05,0.23172696090207076,0.005481015890836716,-0.29992566406726834,0.295861041545868,0.05630795528413854,8.842714309692383,-0.00043997827581341057,0.0580795455675176,-0.0013592764735221863,-0.06960321217775345,0.07125816345214844,0.016971336574616577,9.739442825317383,9.716464022891264e-05,0.022585533752804872,0.00041916067129932344,-0.028513837978243826,0.027484241873025894,0.01802112034739203,10.833481788635254,-4.040966946612609e-05,0.016469070777303457,-0.00036254698352422565,-0.020226017199456693,0.02076614033430815,0.012403309204703665,11.95240592956543,5.376909086166172e-05,0.009665234858393405,-0.00010918811312876642,-0.012253046594560146,0.012483123131096363
F:\Seminario\Seminario-Clustering\datasets\davi\Al Emadi (2019)\Multiclass_Drone_Audio\unknown\2-130978-A-212.wav,Multiclass_Drone_Audio\unknown\2-130978-A-212.wav,al_emadi,2-130978-A-212,0.97525,0.0,-0.0,0.0,0.0,0.0,0.0,0.0,0.0,-0.0,0.0,0.0,0.0,0.0,0.0,0.0,-0.0,0.0,0.0,0.0,0.0,0.0,0.0,-0.0,0.0,0.0,0.0,0.0,0.0,0.0,-0.0,0.0,0.0,0.0,0.0,0.0
F:\Seminario\Seminario-Clustering\datasets\davi\Al Emadi (2019)\Multiclass_Drone_Audio\unknown\3-141240-B-442.wav,Multiclass_Drone_Audio\unknown\3-141240-B-442.wav,al_emadi,3-141240-B-442,0.97525,0.9589305945959895,8.930922508239746,-0.0005904949865853139,0.06025954936267603,0.00043102866038680077,-0.08058574050664902,0.08088232576847076,0.018058511891952782,8.83192253112793,2.092246404896995e-05,0.00826975688633542,0.00014852630556561053,-0.010324168018996716,0.010779083706438541,0.008387011168705815,9.817545890808105,-1.69516232557231e-05,0.003991194479505492,1.1501964763738215e-05,-0.005032756831496954,0.0050435729790478945,0.007950759613996303,10.722406387329102,-2.001942313651787e-05,0.002749883616661219,-2.6624089514371008e-05,-0.003340977360494435,0.003489112132228911,0.00667312272935557,11.79214096069336,1.0460256029124317e-05,0.0017822075602571326,7.5494062912184745e-06,-0.002222954202443361,0.00222837501205504
F:\Seminario\Seminario-Clustering\datasets\davi\Al Emadi (2019)\Multiclass_Drone_Audio\unknown\3-152007-D-201.wav,Multiclass_Drone_Audio\unknown\3-152007-D-201.wav,al_emadi,3-152007-D-201,1.0216875,0.0028184567153340693,8.344184875488281,0.0020457230263039947,0.06344538496687238,-0.00807389710098505,-0.07020637392997742,0.07447532936930656,0.01952083522207191,8.795801162719727,0.0033627217985437784,0.1670248932122827,-0.0025564556708559394,-0.2188470482826233,0.2226622194051743,0.16798089389108406,9.92753791809082,0.0012557066856802106,0.34711444591844076,-0.029770106077194214,-0.41544258594512934,0.44828529953956603,0.64332787821898,10.906311988830566,0.0025719251569567836,0.4806829588400623,0.0076414046343415976,-0.6027346670627594,0.5870427429676056,0.16635193595253003,11.848962783813477,6.052132940105023e-05,0.17291531995327503,-0.005731537006795406,-0.21203101575374603,0.2153671324253084
F:\Seminario\Seminario-Clustering\datasets\davi\Al Emadi (2019)\Multiclass_Drone_Audio\unknown\5-179868-A-430.wav,Multiclass_Drone_Audio\unknown\5-179868-A-430.wav,al_emadi,5-179868-A-430,1.0216875,0.08429584127684835,8.935736656188965,-0.00039999469877347526,0.10726489304823449,0.001137605868279934,-0.13511749655008315,0.13844201862812044,0.2346076807840789,8.865163803100586,0.0011238592055615795,0.17894522326536816,0.0002293481957167387,-0.23605322688817978,0.2537198632955551,0.2975061046319081,9.75670051574707,-0.00012391382575127364,0.14273514191799314,-0.01024547591805458,-0.17921161353588105,0.20720012784004213,0.34017620824077793,10.869890213012695,-1.686487933032475e-05,0.10800360503581559,0.0004237150278640911,-0.15476404279470443,0.140800653398037,0.04341416506638678,11.722702026367188,-2.109957310086704e-06,0.027294355655358125,0.0002915770746767521,-0.036729174107313155,0.03530415147542958
F:\Seminario\Seminario-Clustering\datasets\davi\Al Emadi (2019)\Multiclass_Drone_Audio\unknown\4-183992-A-01.wav,Multiclass_Drone_Audio\unknown\4-183992-A-01.wav,al_emadi,4-183992-A-01,1.0216875,0.37058715602131204,7.180840969085693,0.004057831142232133,0.13952416721850078,-0.0003914189583156258,-0.10380823835730552,0.1184259213507177,0.5599466908468469,6.850487232208252,0.00015255437417751143,0.17157776790752138,0.00032869983988348395,-0.09686945304274559,0.09999129027128227,0.06585009272937953,7.962336540222168,-4.1943821854032726e-05,0.04167651551360294,4.3892403482459486e-05,-0.025884654745459555,0.02696619778871536,0.0034648977332480684,8.809486389160156,1.975395225290697e-05,0.006764877755335899,6.567370292032138e-07,-0.0037696279119700193,0.003851978108286858,0.00015116266921349494,9.750692367553711,-4.684858937664325e-06,0.0009995508875783549,3.1925446819514036e-06,-0.0005704357055947185,0.0005340423085726799
F:\Seminario\Seminario-Clustering\datasets\davi\Al Emadi (2019)\Multiclass_Drone_Audio\unknown\1-48298-A-461.wav,Multiclass_Drone_Audio\unknown\1-48298-A-461.wav,al_emadi,1-48298-A-461,1.0216875,0.7834906100752344,9.018447875976562,-0.009509808576397655,0.22784619029300227,-0.006505533121526241,-0.3104987651109695,0.2870145678520203,0.12851641448040196,8.880204200744629,0.0038447305596916452,0.09227955951536825,0.0015954897971823812,-0.11110604777932168,0.11765558719635015,0.07359343275012417,9.660354614257812,-0.0002251570505954679,0.04950435911170284,6.80719967931509e-05,-0.05885824486613274,0.059691671282052994,0.01320954951752745,10.415238380432129,-1.7310259837062845e-05,0.014841413514288176,2.160403528250754e-05,-0.016527722403407098,0.0163827246055007,0.0011899931767121177,11.708572387695312,1.2288846962906234e-05,0.00315116621087876,-1.2568780221045017e-05,-0.0037980512715876102,0.0038674428127706065
F:\Seminario\Seminario-Clustering\datasets\davi\Al Emadi (2019)\Multiclass_Drone_Audio\unknown\1-53444-A-284.wav,Multiclass_Drone_Audio\unknown\1-53444-A-284.wav,al_emadi,1-53444-A-284,0.95975,0.9691082510412284,8.643112182617188,0.006290589261599517,1.0128145969870248,0.04466639272868633,-1.4575660824775696,1.2798479199409485,0.025409276639451292,8.082540512084961,-3.38724557633076e-05,0.16400168723563557,-0.0005833831673953682,-0.19932755827903748,0.18645387142896652,0.002081251739990905,8.817380905151367,7.279627699618131e-05,0.03324961438408274,-0.0004110705340281129,-0.03599933162331581,0.038090448081493436,0.001448465138644382,9.88934326171875,0.00021538633960521258,0.019628038496352217,0.00012668726412812248,-0.021941260434687138,0.022008044645190298,0.001952755440685001,10.76342487335205,-2.9098498305510897e-05,0.016123342156870085,3.771900082938373e-06,-0.01748032681643963,0.01766628585755825
F:\Seminario\Seminario-Clustering\datasets\davi\Al Emadi (2019)\Multiclass_Drone_Audio\unknown\5-223317-A-313.wav,Multiclass_Drone_Audio\unknown\5-223317-A-313.wav,al_emadi,5-223317-A-313,1.0216875,0.9773937991930093,9.770256042480469,-0.15769641090851233,0.04798568172531415,-0.15353410691022873,-0.21710674613714218,-0.10197362154722209,0.0002502611443835637,6.974740028381348,-0.00015959149238550202,0.002632792152897469,-0.00016643738490529358,-0.002294041495770216,0.0022921319585293537,0.0007357014186278705,5.0904340744018555,3.714418776363785e-05,0.003203048081027393,-2.1808664314448833e-06,-0.0013763216789811849,0.0014113439014181496,0.00620183663525402,5.065271377563477,-0.0001471064675900958,0.006579557215461245,7.758790161460638e-06,-0.0015802750131115317,0.0015038860728964212,0.015418401608725282,6.144136905670166,2.1860807110102508e-05,0.007340634273570398,-1.008508843369782e-05,-0.0009809492854401468,0.0009545831824652871
F:\Seminario\Seminario-Clustering\datasets\davi\Al Emadi (2019)\Multiclass_Drone_Audio\unknown\3-140774-A-103.wav,Multiclass_Drone_Audio\unknown\3-140774-A-103.wav,al_emadi,3-140774-A-103,1.0216875,0.6817055646944649,8.702849388122559,0.0006595343842392186,0.33309703014948683,-0.012887851800769567,-0.38925575613975527,0.39253740608692206,0.22058942715217056,8.728067398071289,-1.4592672255187358e-05,0.18948094415827213,-0.004614741541445255,-0.23908256143331527,0.23309337347745895,0.07181205273263404,9.642807006835938,0.0011138760599181813,0.07656873930391726,0.0028956658206880093,-0.09231058806180954,0.09442293196916582,0.021673920660209064,10.321317672729492,-3.922088797592703e-05,0.029769415085332193,0.0002948093315353617,-0.03403702192008495,0.03327354937791825,0.004219034760521495,11.058000564575195,8.105888082866435e-06,0.009291357230547232,4.005728987976909e-05,-0.009619590640068053,0.009661814384162427
F:\Seminario\Seminario-Clustering\datasets\davi\Al Emadi (2019)\Multiclass_Drone_Audio\unknown\4-168868-A-174.wav,Multiclass_Drone_Audio\unknown\4-168868-A-174.wav,al_emadi,4-168868-A-174,0.95975,0.11322354776205959,7.46498441696167,-0.0002631166068377652,0.015673981269192536,0.00016737644909881055,-0.01256184559315443,0.011469725519418716,0.2105242187907054,4.69699764251709,-0.0010429398615070902,0.021350382243869294,-3.524997737258673e-05,-0.006101161241531372,0.0046159985940903425,0.5485060202161955,6.24026346206665,-1.171849171264689e-05,0.024441958498776374,1.3300790669745766e-05,-0.009201938286423681,0.009076058492064484,0.09539917456525011,7.602684497833252,-6.608107846071596e-05,0.007213119098421423,-1.1603578059293795e-05,-0.003402402065694332,0.0036998756462708116,0.03234703866578934,7.798341751098633,-2.378167190141251e-07,0.002971454560382652,3.4375261748209596e-07,-0.0011926851002499461,0.0011727161472663283
F:\Seminario\Seminario-Clustering\datasets\davi\Al Emadi (2019)\Multiclass_Drone_Audio\unknown\2-117271-A-00.wav,Multiclass_Drone_Audio\unknown\2-117271-A-00.wav,al_emadi,2-117271-A-00,1.0216875,0.390625189830011,6.867764472961426,0.00020164085758427803,0.47326658200750316,-0.00041183645953424275,-0.28578500747680663,0.3334122210741044,0.43386227976037717,7.059309005737305,-0.006998700641055097,0.49872243815351264,-0.0007468412222806364,-0.2804676711559296,0.29496037364006183,0.14948976729665858,7.633190631866455,-0.0005973765972898087,0.20737444760454293,-1.0302755981683731e-05,-0.08969317525625228,0.08463009148836138,0.023826773092063394,8.131233215332031,0.0003621733876473148,0.05858396909169692,2.0120998669881374e-05,-0.018165579438209532,0.016285477578639986,0.0021959900208898602,8.52409839630127,4.896598482742585e-08,0.012581733226066434,3.3248797990381718e-06,-0.0029998034238815307,0.002533753169700508
F:\Seminario\Seminario-Clustering\datasets\davi\Al Emadi (2019)\Multiclass_Drone_Audio\unknown\2-30322-A-124.wav,Multiclass_Drone_Audio\unknown\2-30322-A-124.wav,al_emadi,2-30322-A-124,0.95975,0.921636144576129,8.887372970581055,0.00016472715151488518,0.06311520415880167,-0.0019134916365146637,-0.07897624000906944,0.07979806140065193,0.026223779705302593,8.663086891174316,-0.00016027858199218,0.010645208362348077,-0.0002688698878046125,-0.013366824015974998,0.012655624188482761,0.011545206605222368,9.44979476928711,-6.4700201732808025e-06,0.005004139648889005,4.8042216803878546e-05,-0.006118064932525158,0.0057540736161172425,0.013959890596233851,8.434816360473633,4.6197349298678765e-05,0.0038937050024606726,5.644402699545026e-05,-0.0034087700303643944,0.0033983453409746293,0.02663497851711226,8.510129928588867,8.457950055004367e-06,0.0038050512337440205,-3.359075344633311e-05,-0.0028084684163331985,0.0027877448592334986
F:\Seminario\Seminario-Clustering\datasets\davi\Al Emadi (2019)\Multiclass_Drone_Audio\unknown\3-187549-A-62.wav,Multiclass_Drone_Audio\unknown\3-187549-A-62.wav,al_emadi,3-187549-A-62,0.97525,0.4536511927946954,8.628732681274414,-0.0030963006443614624,0.41803520074122497,0.007733302190899849,-0.5296840667724609,0.5135900378227234,0.3091670200883686,6.723086357116699,0.007294264756782487,0.3450350906936595,0.0038165452424436808,-0.21759679913520813,0.19695910811424255,0.17410142465247513,7.257481098175049,0.0011425047547100322,0.18340303226469112,6.698817014694214e-05,-0.08531561121344566,0.08698591962456703,0.052447399100693314,7.235560417175293,0.00022338098626163664,0.07123475767078397,-2.3603090085089207e-05,-0.01969099510461092,0.019517856650054455,0.010632963363767503,7.900947093963623,5.953137797178133e-05,0.022690153469338795,-2.0980631234124303e-05,-0.005992712173610926,0.0061251274310052456
F:\Seminario\Seminario-Clustering\datasets\davi\Al Emadi (2019)\Multiclass_Drone_Audio\unknown\3-144253-A-290.wav,Multiclass_Drone_Audio\unknown\3-144253-A-290.wav,al_emadi,3-144253-A-290,1.0216875,0.8837123695276794,5.540027618408203,-0.00021487503002316124,0.20952329718110035,-2.8476361876528244e-05,-0.022467190772294997,0.02385820932686335,0.10162788610834994,5.531628608703613,0.0004986596765560852,0.07105142765457595,-7.072328799040406e-06,-0.012976211495697497,0.011421783734112984,0.012094548152881622,7.378949165344238,0.00023950288876194566,0.017360257844781502,7.039249339868547e-06,-0.007809199579060078,0.00814525280147791,0.002079771661520789,8.04069995880127,-3.225746552778442e-05,0.005094539861831368,-5.273112265058444e-06,-0.002042817906476557,0.0020961190108209856,0.00048542454956821107,8.433633804321289,1.5396063148396202e-06,0.0017411546910751207,4.4609259930439293e-07,-0.0006017662584781647,0.0005959264119155708
F:\Seminario\Seminario-Clustering\datasets\davi\Al Emadi (2019)\Multiclass_Drone_Audio\unknown\4-202749-A-130.wav,Multiclass_Drone_Audio\unknown\4-202749-A-130.wav,al_emadi,4-202749-A-130,1.0216875,0.03992219771056719,8.920480728149414,-3.076068440081399e-05,0.005397258329951884,-3.3127274946309626e-05,-0.006714625563472509,0.007172101642936469,0.01220178863105499,8.915428161621094,2.5887435118484098e-05,0.00298379120224457,-9.222722292179242e-05,-0.0038184775039553642,0.0038647429086267953,0.005247430070369732,9.895347595214844,-2.55706316419602e-05,0.0013857919374890173,-5.2089271775912493e-05,-0.0017491776729002596,0.001769154309295118,0.6528767053951876,10.873188018798828,-7.9794021100834e-06,0.010939998213996013,-9.864535240922123e-05,-0.014103213604539633,0.013783734384924173,0.2897518781928205,11.87306022644043,-2.76340106870707e-06,0.005155676424682416,-6.237723482627189e-06,-0.006503386329859495,0.0066086970269680035
F:\Seminario\Seminario-Clustering\datasets\davi\Al Emadi (2019)\Multiclass_Drone_Audio\unknown\4-175000-A-401.wav,Multiclass_Drone_Audio\unknown\4-175000-A-401.wav,al_emadi,4-175000-A-401,1.0216875,0.9751286387048621,8.479058265686035,0.00019994304424372832,0.23248286046636132,0.011560104321688414,-0.26469342708587645,0.2553823560476304,0.023772169129464196,8.490477561950684,-0.0001174937103884494,0.03629880125074542,-0.0011618764256127179,-0.04139807038009167,0.04123611338436605,0.0010749411734694888,9.293944358825684,2.8969932422049846e-05,0.005467288500861282,3.4634722396731377e-06,-0.0061504730023443695,0.006032177060842515,2.3456903647523048e-05,9.311572074890137,1.6615679122499022e-07,0.0005715104982763584,2.9462580641848035e-06,-0.0006105168198700994,0.0006294976104982199,7.940885566611943e-07,11.482250213623047,1.0717063759578716e-06,7.437878782278409e-05,2.4798678168735933e-06,-9.132600389420986e-05,9.093068656511605e-05
F:\Seminario\Seminario-Clustering\datasets\davi\Al Emadi (2019)\Multiclass_Drone_Audio\unknown\5-160614-A-483.wav,Multiclass_Drone_Audio\unknown\5-160614-A-483.wav,al_emadi,5-160614-A-483,1.0216875,0.06287755054638913,5.735690116882324,-0.0002654038462034791,0.024830413173710507,-0.0007272912189364433,-0.016017358191311358,0.015035557653754953,0.049525327905860075,4.615414619445801,-0.0002562225655462785,0.022036634116541616,-6.731981557095423e-05,-0.012456648051738739,0.010909193288534886,0.494701112463061,3.961057662963867,0.0015792484938481027,0.04931003874011488,8.467133739031851e-05,-0.013286645710468292,0.013652894273400308,0.320904650035767,7.445206165313721,9.307741079385246e-05,0.028117410332440883,2.705303268157877e-05,-0.02148541696369648,0.02179305944591761,0.07199135904892283,7.405895233154297,3.9932449354280656e-05,0.00942099536796979,-2.9121330953785218e-05,-0.006815814971923828,0.0069887275807559495
F:\Seminario\Seminario-Clustering\datasets\davi\Al Emadi (2019)\Multiclass_Drone_Audio\membo_1\mixed_membo_40-membo_003_.wav,Multiclass_Drone_Audio\membo_1\mixed_membo_40-membo_003_.wav,al_emadi,mixed_membo_40-membo_003,1.024,0.5420030859371551,8.905071258544922,-0.00047227028165084935,0.3940158955690414,-0.03125327080488205,-0.47724154889583587,0.526874840259552,0.08449302292011662,8.76941967010498,-0.0010079315233437651,0.15556592527258514,0.017072205431759357,-0.22328330427408216,0.17323717325925828,0.09083875320877483,9.84765625,0.0016692828119023065,0.11421437830556473,0.0011152351507917047,-0.13798235654830932,0.14751354157924654,0.12757092954776744,10.804880142211914,0.0004384120523498283,0.09579838679077965,0.00046778377145528793,-0.11991601437330246,0.11993037909269333,0.1550942083861861,11.796564102172852,0.0002411527741730456,0.07472274612219326,0.0010052379220724106,-0.09194649904966354,0.0909387290477753
F:\Seminario\Seminario-Clustering\datasets\davi\Al Emadi (2019)\Multiclass_Drone_Audio\unknown\5-201194-A-384.wav,Multiclass_Drone_Audio\unknown\5-201194-A-384.wav,al_emadi,5-201194-A-384,0.95975,0.09978927783350623,7.480048179626465,-0.0001787419634306944,0.014869981081523502,-0.0002221340691903606,-0.012352850288152695,0.012328634969890118,0.1821837066461893,6.089980602264404,-0.0005571320674225642,0.020085729224236164,2.2516838726005517e-05,-0.007261381018906832,0.009989139623939991,0.49764137038721334,6.4727301597595215,-0.00019793412003404133,0.023524255809493005,1.9403982150834054e-05,-0.004782321583479641,0.004750555846840145,0.11407112026599196,7.374804496765137,-9.514440271675196e-05,0.007969913701926715,-1.2200252967886627e-06,-0.0017422361997887492,0.0015569979907013478,0.10631452486709916,7.617697715759277,6.36856288430986e-06,0.005443466610114356,8.745992090553045e-07,-0.0007065096287988126,0.0006432074005715549
F:\Seminario\Seminario-Clustering\datasets\davi\Al Emadi (2019)\Multiclass_Drone_Audio\unknown\silence097.wav,Multiclass_Drone_Audio\unknown\silence097.wav,al_emadi,silence097,0.7430625,0.0,-0.0,0.0,0.0,0.0,0.0,0.0,0.0,-0.0,0.0,0.0,0.0,0.0,0.0,0.0,-0.0,0.0,0.0,0.0,0.0,0.0,0.0,-0.0,0.0,0.0,0.0,0.0,0.0,0.0,-0.0,0.0,0.0,0.0,0.0,0.0
F:\Seminario\Seminario-Clustering\datasets\davi\Al Emadi (2019)\Multiclass_Drone_Audio\membo_1\mixed_membo_7-membo_003_.wav,Multiclass_Drone_Audio\membo_1\mixed_membo_7-membo_003_.wav,al_emadi,mixed_membo_7-membo_003,1.024,0.6593892933145368,9.033941268920898,-0.0034218228345248595,0.1623492321089482,0.003539435565471649,-0.21627315431833266,0.19861417710781099,0.0763187306941943,9.014730453491211,-0.0005973708442608979,0.05524155729794463,-0.00011300650658085942,-0.06953259781002998,0.06885099038481714,0.11038951529602983,9.932367324829102,0.0004240273460705004,0.047047917300517376,0.00048744444211479276,-0.05860090516507625,0.05918449871242047,0.09419218850888346,10.956680297851562,-0.00031115283818428194,0.030756342636284045,0.00038341429899446666,-0.04097995162010193,0.03879678621888161,0.059710272186355634,11.907916069030762,3.461947656734355e-05,0.017323814476421538,8.920166146708652e-05,-0.021956705302000043,0.022103336080908784
F:\Seminario\Seminario-Clustering\datasets\davi\Al Emadi (2019)\Multiclass_Drone_Audio\unknown\2-87794-A-242.wav,Multiclass_Drone_Audio\unknown\2-87794-A-242.wav,al_emadi,2-87794-A-242,0.97525,0.07340751742394015,7.716617584228516,-0.0032783402743161074,0.025342586091551815,-0.003365517361089587,-0.02793584018945694,0.020421428605914116,0.08042588943230691,7.2064208984375,0.000874457927547564,0.026733147166684495,-0.00017071103502530605,-0.018905237317085266,0.021768245846033096,0.2504425155034194,7.931921482086182,0.0006436012482660152,0.033420119871703166,9.815062367124483e-05,-0.021727927029132843,0.025106157176196575,0.5510260075083874,9.00282096862793,-6.352288118368546e-06,0.03508640150459414,8.634117421024712e-06,-0.023098823614418507,0.021573343314230442,0.044698070131946106,9.916139602661133,2.777227813369638e-07,0.007069307063660119,-8.693215022503864e-06,-0.0043859526515007,0.004341709334403282
F:\Seminario\Seminario-Clustering\datasets\davi\Al Emadi (2019)\Multiclass_Drone_Audio\unknown\2-166644-A-23.wav,Multiclass_Drone_Audio\unknown\2-166644-A-23.wav,al_emadi,2-166644-A-23,1.0216875,0.23348796743436037,7.955700874328613,0.0016792888088597543,0.4059765782661007,-0.0001818547025322914,-0.4195817828178406,0.4448989570140842,0.44387642856122145,7.087660789489746,0.01473383342066464,0.5595681342211855,-0.00013187977310735732,-0.3250404119491577,0.3897772908210755,0.27061208989106156,8.251874923706055,-0.0024266901899490725,0.3095695929418859,-0.0018790469039231539,-0.2325510501861572,0.22955632507801058,0.04179415473884248,9.708568572998047,-0.0005835911905477386,0.08608926203356528,-6.849346391391009e-06,-0.08498133867979049,0.081984830647707,0.010229359374514167,10.510790824890137,6.486701180753696e-05,0.03012972847919851,-7.811217801645398e-05,-0.028832465410232544,0.028470224887132647
F:\Seminario\Seminario-Clustering\datasets\davi\Al Emadi (2019)\Multiclass_Drone_Audio\unknown\3-144259-A-291.wav,Multiclass_Drone_Audio\unknown\3-144259-A-291.wav,al_emadi,3-144259-A-291,1.0216875,0.8134017092771538,4.4027419090271,9.095167376440241e-06,0.0729189270205179,-9.128580131800845e-05,-0.00983889140188694,0.009995600860565902,0.12855675455401142,5.1086297035217285,0.0002445636151664038,0.028988100006057,3.915316028724192e-06,-0.005810858123004436,0.005788898002356291,0.02841801040818297,6.325249671936035,0.00018560430468981404,0.00965227887992903,-5.46269848200609e-06,-0.0020471620373427864,0.002085042838007212,0.0279995155324602,6.684124946594238,-2.472553977743087e-06,0.006780968368051762,3.748314156837296e-07,-0.0008926157897803932,0.000891471095383168,0.0016240102281915812,7.748388767242432,6.045176428368017e-08,0.0011552652239048941,3.1149011192610487e-07,-0.00035176644450984895,0.0003552109177690002
F:\Seminario\Seminario-Clustering\datasets\davi\Al Emadi (2019)\Multiclass_Drone_Audio\unknown\2-134700-A-381.wav,Multiclass_Drone_Audio\unknown\2-134700-A-381.wav,al_emadi,2-134700-A-381,1.0216875,0.08408307430613463,7.448221206665039,-0.0001315587343202629,0.009454891747156784,0.00018494440882932395,-0.007021509623154998,0.007471624901518226,0.004477866568414733,5.270219802856445,3.0264685123732622e-05,0.0021819164011688897,-5.863167643838096e-06,-0.0004176575428573415,0.00039544751343783033,0.12043573073820872,5.600706577301025,0.00014102684069825454,0.008014571654657791,3.1211629902827553e-06,-0.0005970875499770045,0.0005954558029770854,0.7094550211907551,6.164450168609619,-7.264410787554005e-07,0.013766879168120687,2.1276918005241896e-08,-0.0007282587583176791,0.0007230434042867273,0.08154830719648677,6.928653240203857,-2.4134756397218763e-06,0.0033018037175321768,1.213038558489643e-08,-0.0002640817721839994,0.0002699063566979021
F:\Seminario\Seminario-Clustering\datasets\davi\Al Emadi (2019)\Multiclass_Drone_Audio\unknown\4-218199-E-353.wav,Multiclass_Drone_Audio\unknown\4-218199-E-353.wav,al_emadi,4-218199-E-353,1.0216875,0.3491047686947845,8.861251831054688,-0.0037303147219771024,0.049749562698317595,-0.003444154281169176,-0.06746752560138702,0.05561274215579033,0.4098071667684273,8.691301345825195,0.00023573410807779658,0.05405233813077083,0.0007649156614206731,-0.06643286272883415,0.06646049767732622,0.2002345772800408,9.663580894470215,-0.0002084484485904627,0.026761519550572346,-5.8363511925563216e-05,-0.033732810616493226,0.03205944374203682,0.033111925474957754,10.694866180419922,7.78471573396582e-05,0.007700653542021301,1.5942063328111544e-05,-0.009155765175819397,0.009322283044457437,0.00774156178178958,11.71834945678711,-1.993660559835927e-06,0.0026341623394188366,-2.0735140424221754e-05,-0.0031989670358598234,0.003207533480599523
F:\Seminario\Seminario-Clustering\datasets\davi\Al Emadi (2019)\Multiclass_Drone_Audio\unknown\2-30322-B-120.wav,Multiclass_Drone_Audio\unknown\2-30322-B-120.wav,al_emadi,2-30322-B-120,1.0216875,0.31653308285616877,8.744714736938477,0.00042414928526900245,0.07278702782722568,0.0013236899394541979,-0.08962891921401023,0.09132909029722218,0.07668156591218936,4.871800899505615,7.905280365312385e-05,0.035825827095894665,-5.366851110011339e-05,-0.019431246258318425,0.0187514813616872,0.14502623116087504,5.908495903015137,0.00020637973169591064,0.03489739881257621,-0.00020488827431108803,-0.016323404014110563,0.01509434059262276,0.18505896748448147,7.787080764770508,0.0006116309115101638,0.027888888420626423,-1.2861312370660016e-05,-0.012508095800876617,0.014325728546828032,0.27670015258628533,8.55711555480957,-7.037133334955026e-05,0.024129825638774607,3.580274642445147e-05,-0.009369179047644137,0.009053148142993453
F:\Seminario\Seminario-Clustering\datasets\davi\Al Emadi (2019)\Multiclass_Drone_Audio\unknown\2-119161-C-80.wav,Multiclass_Drone_Audio\unknown\2-119161-C-80.wav,al_emadi,2-119161-C-80,1.0216875,0.056854090872675296,8.794254302978516,-0.0012395607017307699,0.1809318976238705,-0.0017060586251318455,-0.24160783141851425,0.24808421134948738,0.4058673384300356,8.759458541870117,0.0027948226471072738,0.4834251611934801,0.0031798339914530516,-0.6706139981746674,0.6872347772121432,0.3107043511350702,9.386502265930176,-0.0009163227018789084,0.2995999111777958,-0.00027189479442313313,-0.355490630865097,0.37105631828308105,0.2022714108088423,10.102296829223633,-0.00028716940795464623,0.17105660658863675,-0.00011348815314704552,-0.19815863221883773,0.19212731420993806,0.024302808753376606,10.668359756469727,-5.629847410032366e-05,0.04194419612063712,7.023510988801718e-05,-0.04206680357456207,0.04193816706538203
F:\Seminario\Seminario-Clustering\datasets\davi\Al Emadi (2019)\Multiclass_Drone_Audio\unknown\5-209833-A-382.wav,Multiclass_Drone_Audio\unknown\5-209833-A-382.wav,al_emadi,5-209833-A-382,0.97525,0.004539722096173761,8.492228507995605,-2.0838886857551125e-06,0.0035106622332693412,5.5890719522722065e-05,-0.003937286790460348,0.003913596272468567,0.05793626708922384,5.893097877502441,0.0001493998322147955,0.012540617578820076,3.0487744879792444e-05,-0.005775474011898041,0.006121746730059385,0.18309103368839175,7.307348251342773,0.0002918499127141156,0.015786429082211253,3.450322947173845e-05,-0.009256447199732065,0.009717038366943598,0.23517063434879465,7.320761203765869,3.6100962254904043e-05,0.01266288555155274,9.650101674196776e-06,-0.0048998515121638775,0.004705187398940325,0.519262342777416,8.01070785522461,-3.237027065972619e-07,0.013311161609212634,-1.0348212526878342e-06,-0.0037960330024361605,0.003999564237892629
F:\Seminario\Seminario-Clustering\datasets\davi\Al Emadi (2019)\Multiclass_Drone_Audio\unknown\5-234145-A-284.wav,Multiclass_Drone_Audio\unknown\5-234145-A-284.wav,al_emadi,5-234145-A-284,0.95975,0.9769390564856254,8.821117401123047,-0.000997517409277805,0.029907841821498804,-0.0013516605831682682,-0.03710852563381195,0.03725782223045826,0.011818848320064714,8.6456937789917,-0.0001165480195009975,0.0032893336224620595,-6.069232040317729e-05,-0.004082703730091453,0.003915482433512807,0.00476611836565172,9.596633911132812,1.1703221099468193e-05,0.0014805900222622564,-1.0975323675666004e-05,-0.0018054878804832696,0.0018179313512519002,0.0035352338423860438,10.064942359924316,7.612996512011539e-06,0.0009023671399466208,-2.441061042190995e-06,-0.0009124279138632118,0.0009347165701910855,0.002940742986272161,11.195073127746582,-1.8842601107077573e-06,0.0005822355426918634,-6.813599611632526e-06,-0.0006323324050754309,0.0006301533430814743
F:\Seminario\Seminario-Clustering\datasets\davi\Al Emadi (2019)\Multiclass_Drone_Audio\unknown\4-182368-A-121.wav,Multiclass_Drone_Audio\unknown\4-182368-A-121.wav,al_emadi,4-182368-A-121,1.0216875,0.29296277237128515,8.387282371520996,-0.00015457668791276835,0.02762698712198859,-0.0007746698101982474,-0.02967596650123596,0.03189396783709526,0.025134277975567876,7.746639251708984,5.5286159907292816e-05,0.008092023717441478,-0.00012422027066349983,-0.008402129076421261,0.0077693339437246356,0.04540701049379381,3.395155906677246,0.0002360975718185258,0.0077004674432389125,1.7787715478334576e-06,-0.0029723432846367357,0.003168490389361978,0.31978631536879826,2.5335261821746826,0.00047537592342166535,0.014459663464387132,7.017020834609866e-06,-0.001626419264357537,0.001648280501831323,0.3167096237905549,4.118478775024414,-8.388232613487678e-05,0.01018473044846922,-4.099987563677132e-06,-0.0010082983877509832,0.0010014523053541787
F:\Seminario\Seminario-Clustering\datasets\davi\Al Emadi (2019)\Multiclass_Drone_Audio\unknown\1-80785-A-70.wav,Multiclass_Drone_Audio\unknown\1-80785-A-70.wav,al_emadi,1-80785-A-70,1.0216875,0.9936385104958805,8.89596939086914,-0.009350361272598461,0.8990435087024192,0.011327574960887432,-1.1928987145423888,1.1495464682579042,0.0031738907477207555,8.937517166137695,-0.001071018380872137,0.05080301545278501,-0.0012571447878144681,-0.0659955121576786,0.064331042021513,0.0018461061968455788,9.813392639160156,-0.000539918200230715,0.027444787278593587,-0.0007733749225735664,-0.033012498170137405,0.03345924094319344,0.000736186895929513,10.647597312927246,2.708151582413126e-05,0.012266246879379567,9.231737931258976e-05,-0.014609132707118989,0.014476794283837087,0.0006053056636237046,11.738428115844727,-3.867321674771598e-05,0.007868132595184497,-3.403599839657545e-05,-0.009740970470011235,0.00975712835788728
F:\Seminario\Seminario-Clustering\datasets\davi\Al Emadi (2019)\Multiclass_Drone_Audio\unknown\2-108760-A-141.wav,Multiclass_Drone_Audio\unknown\2-108760-A-141.wav,al_emadi,2-108760-A-141,1.0216875,0.20925608156862305,8.811655044555664,0.0013086105439112548,0.06540966710296874,1.624366268515587e-05,-0.08291582465171814,0.08132800981402401,0.31108162239734016,8.987486839294434,0.0015241209579124804,0.07975311688990905,0.0033671536948531866,-0.09829663410782814,0.10620955228805545,0.21811055727392997,9.870023727416992,0.00031417104619961523,0.04730903827705355,0.0006672966992482543,-0.060254105180501935,0.06033556982874871,0.20392053710712169,10.418171882629395,0.00022137695347043118,0.0323697131270785,1.775924647517968e-05,-0.03823820948600769,0.03965385481715202,0.05763120165298514,10.061125755310059,1.6662596777081725e-05,0.012173564742765212,-2.433458575978875e-06,-0.009296790137887001,0.009228376671671869
F:\Seminario\Seminario-Clustering\datasets\davi\Al Emadi (2019)\Multiclass_Drone_Audio\unknown\1-80785-A-73.wav,Multiclass_Drone_Audio\unknown\1-80785-A-73.wav,al_emadi,1-80785-A-73,1.0216875,0.9960031665931632,9.061918258666992,0.007458476633275588,1.33363475470842,0.004680776968598366,-1.7398976802825927,1.7219473958015445,0.0017424665273489278,8.79646110534668,-0.000717760533672406,0.05577757290453353,0.0010794918052852154,-0.07147632241249084,0.06643168628215801,0.0012356936753755042,9.754144668579102,6.732840458502273e-05,0.03327311439845787,-0.000867145718075335,-0.04169986993074417,0.04084555879235268,0.0006693191170724567,10.36152458190918,8.670958612294106e-05,0.017328192731952123,3.376271342858672e-05,-0.019121182709932325,0.019531714729964737,0.00034935408703982925,11.608327865600586,-2.2494757590977214e-05,0.008856138959720402,8.170772343873978e-05,-0.010400023683905602,0.010608598962426195
F:\Seminario\Seminario-Clustering\datasets\davi\Al Emadi (2019)\Multiclass_Drone_Audio\unknown\3-142349-A-171.wav,Multiclass_Drone_Audio\unknown\3-142349-A-171.wav,al_emadi,3-142349-A-171,1.0216875,0.016014095432445197,8.969066619873047,-0.00015953880496815043,0.010589315568779453,-0.0002519658301025629,-0.013661802932620048,0.01313312901183963,0.3577655372433629,7.216742515563965,0.0007197077011440179,0.05005186992454069,7.594324415549636e-06,-0.03776532933115959,0.041387961432337785,0.3628763258947095,8.603012084960938,-4.199484537190964e-06,0.035708438780107064,9.581750782672316e-05,-0.031453507393598555,0.03231312334537507,0.16320573289300722,8.2536039352417,9.449461728336077e-05,0.016945549601116234,1.386484655085951e-06,-0.011568293813616036,0.011452580336481335,0.10013830853647519,8.774012565612793,1.9493696157268785e-05,0.009389981008445738,-2.5611952878534794e-06,-0.005195518396794796,0.005270347837358714
F:\Seminario\Seminario-Clustering\datasets\davi\Al Emadi (2019)\Multiclass_Drone_Audio\unknown\4-167077-C-203.wav,Multiclass_Drone_Audio\unknown\4-167077-C-203.wav,al_emadi,4-167077-C-203,1.0216875,0.18494205927247132,7.730639457702637,-2.6419917753893815e-05,0.053941314122486296,-2.31795370382315e-05,-0.045657438412308696,0.05125099644064908,0.558593497061791,7.6875810623168945,-0.004167389366551279,0.09365309174341538,-0.0001299119758186862,-0.10186520814895629,0.09533800333738345,0.20539982925621678,8.303268432617188,0.00012455026617479357,0.040264957811531124,1.0396626748843119e-05,-0.033563551306724546,0.03554449379444124,0.04658967024614465,8.338608741760254,4.113071207728652e-06,0.013569918928615156,-3.826479542112793e-06,-0.007337690331041813,0.0071371936239302165,0.0044749441633763236,8.990494728088379,1.0896641007006444e-05,0.0029750494294677114,-5.408855940913782e-07,-0.001462649181485176,0.0014172423165291553
F:\Seminario\Seminario-Clustering\datasets\davi\Al Emadi (2019)\Multiclass_Drone_Audio\unknown\4-251645-B-493.wav,Multiclass_Drone_Audio\unknown\4-251645-B-493.wav,al_emadi,4-251645-B-493,1.0216875,0.08990871277160788,6.4859466552734375,0.001007809836063208,0.044401279449376656,-0.0014542549033649266,-0.03315569870173931,0.03797817975282674,0.35866612671985815,7.033656120300293,0.0004267198971022619,0.08870468960511899,0.0006529351230710745,-0.06472430378198624,0.06407231166958809,0.3750143494067515,8.330276489257812,-0.0019599654012753026,0.06421755757250688,2.8724683943437412e-05,-0.05789394900202751,0.04816100671887398,0.1357921400570179,9.442682266235352,-0.000299559028644936,0.02735561353687191,-3.7400241126306355e-07,-0.023580412752926348,0.02245372924953701,0.04061867104476462,10.4319486618042,1.446838220957236e-05,0.010584453469671093,-1.2889402569271624e-05,-0.009140120446681976,0.009057222865521925
F:\Seminario\Seminario-Clustering\datasets\davi\Al Emadi (2019)\Multiclass_Drone_Audio\unknown\4-175856-A-430.wav,Multiclass_Drone_Audio\unknown\4-175856-A-430.wav,al_emadi,4-175856-A-430,1.0216875,0.8223527391291711,9.090654373168945,3.231619326180347e-05,0.16340895718458423,0.0035481187514960766,-0.21209135949611663,0.21434946060180668,0.09390803645856055,8.56197452545166,0.00016618312688496603,0.055219975471103556,-0.0005813929892610759,-0.06327575743198395,0.06243472360074525,0.05753810158976574,9.381077766418457,-0.00023109394060813704,0.0306152449528133,-0.00029656063998118043,-0.03417073488235474,0.03290583938360215,0.024607142956636373,9.862805366516113,3.540326383655269e-05,0.014167877080018234,-1.9223225535824895e-05,-0.013281924277544021,0.01377679193392396,0.0015939798658663176,11.596240997314453,-2.0774851926405726e-06,0.002550865862568861,-2.301239874213934e-06,-0.002945985225960612,0.0030117447488009945
F:\Seminario\Seminario-Clustering\datasets\davi\Al Emadi (2019)\Multiclass_Drone_Audio\unknown\4-212604-A-152.wav,Multiclass_Drone_Audio\unknown\4-212604-A-152.wav,al_emadi,4-212604-A-152,0.97525,0.9868476010274655,8.71366024017334,-0.001092296838890913,0.06234134601705588,-0.0024561609607189894,-0.07416293770074844,0.07718539237976074,0.010907236625575523,8.932145118713379,-4.807612263285683e-05,0.006554860723419208,6.978532474022359e-05,-0.008360268548130989,0.008690528571605682,0.001409997576990672,9.867793083190918,1.8024455405482956e-05,0.0016689821904318648,-8.57736449688673e-06,-0.002080646576359868,0.0021677763434126973,0.0006137475035410415,10.837170600891113,2.697940348693195e-07,0.0007792575447273659,1.4904473573551513e-05,-0.0010078756022267044,0.000990269472822547,0.00022141726642724657,11.751670837402344,-9.40106863134746e-06,0.00033097595522736857,-8.142378646880388e-06,-0.00042064798763021823,0.00040752617060206835
F:\Seminario\Seminario-Clustering\datasets\davi\Al Emadi (2019)\Multiclass_Drone_Audio\unknown\1-69165-A-340.wav,Multiclass_Drone_Audio\unknown\1-69165-A-340.wav,al_emadi,1-69165-A-340,1.0216875,0.07244541640207966,1.9202516078948975,0.003419406563777032,0.0849765083722986,-1.3645431740094693e-06,-0.01328483922407031,0.013223952893167738,0.0671823456581864,2.8269286155700684,0.00013458125514198771,0.08189770515223485,2.6348349138061167e-06,-0.002398896985687315,0.0021361703053116832,0.12251331805984314,4.7097296714782715,0.005301658455956228,0.07815649381476242,0.0,-0.0042775790207087985,0.00424668565392495,0.3179908766056255,5.921683311462402,0.0013067704639657654,0.0892964720923691,0.0,-0.004956243187189102,0.0033688600175082704,0.41986804327426525,7.286510467529297,-0.00033450058701639795,0.07259322673857918,0.0,-0.004660427756607532,0.0042409394867718355
F:\Seminario\Seminario-Clustering\datasets\davi\Al Emadi (2019)\Multiclass_Drone_Audio\unknown\1-30226-A-02.wav,Multiclass_Drone_Audio\unknown\1-30226-A-02.wav,al_emadi,1-30226-A-02,0.97525,0.07438658861518017,5.552850723266602,0.003977129627415525,0.06244156941633346,0.0004710843786597252,-0.04569901525974274,0.047561436891555786,0.11154979624866446,6.735114097595215,-0.001161878552461906,0.07661082020777285,-9.272817987948656e-05,-0.0447302907705307,0.04006465524435043,0.6422659539156277,7.607673168182373,-0.000977080114459172,0.13019699377421462,0.00033634997089393437,-0.052004339173436165,0.044943129643797874,0.16774365881427092,8.434453010559082,-0.0001378397172456538,0.04708637330214151,-3.212279079889413e-05,-0.015833662822842598,0.015557841397821903,0.004054002406256805,9.46090316772461,1.7593505781650546e-05,0.00517837168314624,2.6144971343455836e-06,-0.002031061518937349,0.002047218987718226
F:\Seminario\Seminario-Clustering\datasets\davi\Al Emadi (2019)\Multiclass_Drone_Audio\unknown\3-145487-A-242.wav,Multiclass_Drone_Audio\unknown\3-145487-A-242.wav,al_emadi,3-145487-A-242,0.97525,0.0,-0.0,0.0,0.0,0.0,0.0,0.0,0.0,-0.0,0.0,0.0,0.0,0.0,0.0,0.0,-0.0,0.0,0.0,0.0,0.0,0.0,0.0,-0.0,0.0,0.0,0.0,0.0,0.0,0.0,-0.0,0.0,0.0,0.0,0.0,0.0
F:\Seminario\Seminario-Clustering\datasets\davi\Al Emadi (2019)\Multiclass_Drone_Audio\unknown\2-32515-A-40.wav,Multiclass_Drone_Audio\unknown\2-32515-A-40.wav,al_emadi,2-32515-A-40,1.0216875,0.00343656515600032,8.905765533447266,0.00021871408253239108,0.03824773316691969,-0.00029525693389587104,-0.048916921764612195,0.048333202302455906,0.031657290449986865,7.337900161743164,-0.0009775715329020025,0.11608390168924101,6.320609827525914e-05,-0.09522109255194663,0.10489417016506206,0.3440585458733426,8.346173286437988,0.003707089160738948,0.2710513983771134,-0.0004228866018820554,-0.20098649859428405,0.21893290579319008,0.5951189358867557,9.505419731140137,-0.00023175187077055441,0.25227892143710934,-0.0002419803713564761,-0.2104237601161003,0.22174739390611653,0.025728662633914455,10.605775833129883,3.273464315742161e-05,0.037107228288439646,-3.077520523220301e-05,-0.033040829747915265,0.034000250697135935
F:\Seminario\Seminario-Clustering\datasets\davi\Al Emadi (2019)\Multiclass_Drone_Audio\unknown\2-60794-A-260.wav,Multiclass_Drone_Audio\unknown\2-60794-A-260.wav,al_emadi,2-60794-A-260,1.0216875,0.07922006032080803,8.825017929077148,0.002900169352395641,0.23676206106972802,0.004025212489068508,-0.29432362914085386,0.3095922142267229,0.6373225110340845,8.83946704864502,0.006923149240879045,0.6715582000427576,-0.006396631943061948,-0.8413796842098236,0.8855618834495548,0.24359927732524417,9.781590461730957,0.0014866163746534273,0.29409330710034925,0.0011844639666378498,-0.3529467284679413,0.365999972820282,0.034460198780012025,10.70268726348877,-0.000836388089593713,0.0782690282800533,-0.00013769793440587819,-0.09908465817570686,0.09292149767279627,0.005397952539851176,11.77767562866211,2.4129778698680816e-05,0.021914972860472955,-8.606782648712397e-05,-0.027351167052984238,0.0270033560693264
F:\Seminario\Seminario-Clustering\datasets\davi\Al Emadi (2019)\Multiclass_Drone_Audio\membo_1\Membo_1_044-membo_002_.wav,Multiclass_Drone_Audio\membo_1\Membo_1_044-membo_002_.wav,al_emadi,Membo_1_044-membo_002,1.024,0.6272331592518441,9.396604537963867,0.0008910920465301759,0.08669362021694574,-0.00046549912076443434,-0.11254672929644585,0.1177964560687542,0.05845915299526763,9.021341323852539,6.976240246445936e-05,0.02646795146842217,-0.0005801724910270423,-0.03433142267167568,0.03446349985897542,0.07424617711109163,9.971864700317383,-0.0002917538786791512,0.021120762428240198,7.598310185130686e-05,-0.02761889360845089,0.02627501729875803,0.09702053627620609,10.91362190246582,0.0004564884786566151,0.017082291997133743,0.00039613607805222273,-0.021733729168772697,0.02259325236082077,0.1430409743655905,11.881936073303223,-5.239692945085162e-07,0.014678102828232028,0.00011302791244816035,-0.01836589053273201,0.018429500609636308
F:\Seminario\Seminario-Clustering\datasets\davi\Al Emadi (2019)\Multiclass_Drone_Audio\unknown\doing_the_dishes007.wav,Multiclass_Drone_Audio\unknown\doing_the_dishes007.wav,al_emadi,doing_the,4.992,0.06790772485234704,10.165138244628906,1.949476106400492e-05,0.06509331877558532,-0.0001300632684433367,-0.06594069823622703,0.06697035878896714,0.09232626667044647,10.045934677124023,-0.0005644085532021789,0.07589750148796058,-0.0005585873150266707,-0.07556019052863121,0.07185111045837403,0.10053631849313026,10.794137954711914,0.0003018508112061452,0.05602055650504355,8.750938286539167e-05,-0.05021680667996406,0.05179879888892174,0.19945005160372462,11.032830238342285,-0.0006509483245289322,0.05580085527897139,-0.00015749152225907892,-0.0368301086127758,0.03362555578351019,0.5397796383803516,11.834997177124023,-0.00025251853474175795,0.06492042617618646,-3.8935282645979896e-05,-0.03813795298337936,0.03707760199904472
F:\Seminario\Seminario-Clustering\datasets\davi\Al Emadi (2019)\Multiclass_Drone_Audio\unknown\1-75189-A-71.wav,Multiclass_Drone_Audio\unknown\1-75189-A-71.wav,al_emadi,1-75189-A-71,1.0216875,0.5612431363644501,6.810054779052734,-0.009380059986708664,0.26461217685367466,-0.001212170347571373,-0.23404370248317719,0.20476520955562597,0.3334127294944859,6.238344192504883,0.0002459416174639428,0.20407873019193745,0.00201011192984879,-0.15592319071292876,0.14940569251775745,0.07382747741814163,8.608161926269531,0.0012287315388668676,0.06800967467541387,0.0003370229678694159,-0.06447281241416931,0.0665067940950394,0.02295720271137564,9.546602249145508,-0.0004666229632936313,0.026836727867475842,-0.00017046886932803318,-0.02632842343300581,0.02511434238404036,0.008559454011546688,10.899131774902344,-4.0887831065524324e-05,0.011593828189471526,-0.00010471872519701719,-0.011770970746874809,0.011668019182980062
F:\Seminario\Seminario-Clustering\datasets\davi\Al Emadi (2019)\Multiclass_Drone_Audio\unknown\3-103597-A-251.wav,Multiclass_Drone_Audio\unknown\3-103597-A-251.wav,al_emadi,3-103597-A-251,1.0216875,0.6683695584255813,8.932917594909668,-0.000827752316747937,0.11148130389683258,0.0019701914861798286,-0.14415519684553146,0.14016719609498982,0.08287542643280361,8.966760635375977,-0.0003347319208474192,0.03925570540556029,-0.00022223078121896833,-0.04968149997293949,0.05094979256391526,0.08899498114796901,9.925143241882324,-0.0007316384462634519,0.028805403520509962,-0.0008892073528841138,-0.03738968744874,0.036444403976202015,0.0831917284788704,10.882997512817383,0.0005206321056040732,0.01970711252660237,0.00013598021178040653,-0.02397651560604572,0.025692434236407283,0.07656830551477563,11.710634231567383,0.00010520804046303062,0.013378774576619531,7.982597162481397e-05,-0.016055863350629807,0.01637990139424801
F:\Seminario\Seminario-Clustering\datasets\davi\Al Emadi (2019)\Multiclass_Drone_Audio\unknown\1-73123-A-264.wav,Multiclass_Drone_Audio\unknown\1-73123-A-264.wav,al_emadi,1-73123-A-264,0.95975,0.058670374659883166,6.6840739250183105,-4.421156145759769e-05,0.025223549420357226,-0.0002959355915663764,-0.01689161639660597,0.014007892925292253,0.39760891769424966,5.00546932220459,0.0007150297760283823,0.06565982639035775,0.0001661099449847825,-0.019881765358150005,0.021972755901515484,0.23887744639305505,6.869420051574707,0.000375995203702079,0.03605243419756546,-6.489806401077658e-05,-0.014993929862976074,0.015309576876461508,0.25834138372875415,7.228339195251465,0.00010989066511446557,0.02653307506365407,1.460510611650534e-05,-0.00802268786355853,0.0077799605205655245,0.04650187752405796,8.377510070800781,-1.8991322294222257e-05,0.007963631306904613,-5.336124013410881e-05,-0.0033357234206050634,0.0033889489714056253
F:\Seminario\Seminario-Clustering\datasets\davi\Al Emadi (2019)\Multiclass_Drone_Audio\membo_1\mixed_membo_21-membo_001_.wav,Multiclass_Drone_Audio\membo_1\mixed_membo_21-membo_001_.wav,al_emadi,mixed_membo_21-membo_001,1.024,0.010753281356890914,8.750490188598633,0.001882575701433912,0.11352380437106574,-0.0017856284976005554,-0.13688806891441344,0.1375431388616562,0.004254934695979877,8.826659202575684,-0.001767778620960245,0.07139857063534819,-0.0007005154911894351,-0.09353568032383919,0.08698728010058404,0.20154068164388703,9.35279655456543,-0.0008925918861483986,0.34807629831708753,-0.000225805226364173,-0.5312475979328155,0.5371406733989716,0.7051127417386623,10.435940742492676,0.00028688770476475463,0.4607645735727107,0.0007463650545105338,-0.716368556022644,0.7222383618354797,0.07833836056457988,11.058075904846191,0.00013051440108627246,0.10864435907424562,-0.0005153549136593938,-0.11773812323808668,0.11741868406534198
F:\Seminario\Seminario-Clustering\datasets\davi\Al Emadi (2019)\Multiclass_Drone_Audio\unknown\2-105270-A-472.wav,Multiclass_Drone_Audio\unknown\2-105270-A-472.wav,al_emadi,2-105270-A-472,0.97525,0.9828380243314103,9.143474578857422,-0.0002624698482391165,0.05614025638707358,0.0028578960336744785,-0.07199369370937347,0.07076174765825272,0.012976002449392211,8.792445182800293,7.933348336260125e-05,0.0064502384424552075,0.00015607429668307304,-0.007995772175490856,0.008147832937538624,0.0032153356576358847,9.846050262451172,1.6618034979219075e-05,0.002273996643850597,1.4375990303960862e-05,-0.002838129410520196,0.002899783430621028,0.0006093747451335822,10.850022315979004,1.8568086845997762e-05,0.0007003194546709363,2.1206395103945397e-05,-0.0008695140422787517,0.0009037796990014613,0.0003612628164279686,11.857898712158203,3.7533261141262343e-07,0.0003815905656294045,3.713896148838103e-06,-0.0004880707478150725,0.00048263744683936245
F:\Seminario\Seminario-Clustering\datasets\davi\Al Emadi (2019)\Multiclass_Drone_Audio\unknown\3-62878-A-420.wav,Multiclass_Drone_Audio\unknown\3-62878-A-420.wav,al_emadi,3-62878-A-420,1.0216875,0.05722755661910569,8.496126174926758,0.004844450698948034,0.47590815310039625,0.013669624924659729,-0.5680080831050873,0.5723687767982485,0.7702720379781981,9.24752140045166,-0.0010835060175754681,1.7460835418820313,-0.047572726383805275,-2.323356795310974,2.3906862258911135,0.1517037777231149,9.822224617004395,0.002050434278070621,0.5488627817688356,0.03996742144227028,-0.7071136713027955,0.6478943228721619,0.01876210840782729,10.841135025024414,0.0016701303567138023,0.13657781200257332,0.01065176585689187,-0.17336245775222778,0.16781490445137023,0.0020345192717540293,11.765401840209961,2.856675966648378e-05,0.03181803353141267,0.0001557404175400734,-0.03910038247704506,0.03884526565670968
F:\Seminario\Seminario-Clustering\datasets\davi\Al Emadi (2019)\Multiclass_Drone_Audio\unknown\1-72695-A-264.wav,Multiclass_Drone_Audio\unknown\1-72695-A-264.wav,al_emadi,1-72695-A-264,0.95975,0.915433850950989,8.937000274658203,-8.473642879631732e-05,0.003479933014697394,0.00014165932952892035,-0.005097546149045229,0.004395854426547885,0.009841674677954427,6.260812282562256,-1.6232737173625653e-05,0.00036056281990295015,7.4946497079508845e-06,-0.0003022321907337755,0.0002963206934509799,0.02429922589974144,7.805935859680176,7.706442233643725e-06,0.00040167575517015156,1.0767544154077768e-06,-0.00033536074915900825,0.0003387933247722687,0.02866656967234645,9.795741081237793,-4.08617453984336e-06,0.00030876838326730516,-4.016313596366672e-06,-0.00033064510789699854,0.00032413198205176745,0.021758678798968742,11.595803260803223,4.4848993467631514e-07,0.0001903184423935538,-2.6928059924102854e-06,-0.00023239651636686176,0.00023621828586328775
F:\Seminario\Seminario-Clustering\datasets\davi\Al Emadi (2019)\Multiclass_Drone_Audio\bebop_1\B_S2_D1_076-bebop_002_.wav,Multiclass_Drone_Audio\bebop_1\B_S2_D1_076-bebop_002_.wav,al_emadi,B_S2_D1_076-bebop_002,1.024,0.40725696088520186,8.374210357666016,-0.000490621425374185,0.16570376310835802,-0.006436786614358425,-0.18652375787496567,0.18332185894250871,0.04048085259716842,9.069730758666992,-0.00034688055776376094,0.05224145814128739,-0.0032027309061959386,-0.06966326758265495,0.06687557622790338,0.1246635070543334,9.968637466430664,0.00011293640055425263,0.06492133437928459,-0.0005137906409800053,-0.08312737941741943,0.08685222789645197,0.24032341156970452,10.95486068725586,-0.0002800662161521677,0.06379220751828002,0.001716021215543151,-0.08458580076694489,0.08073875308036804,0.1872752678935918,11.928159713745117,-0.00024088188995499376,0.039836066195322754,-6.09895505476743e-05,-0.05020393803715706,0.05035155117511749
F:\Seminario\Seminario-Clustering\datasets\davi\Al Emadi (2019)\Multiclass_Drone_Audio\unknown\2-128631-A-213.wav,Multiclass_Drone_Audio\unknown\2-128631-A-213.wav,al_emadi,2-128631-A-213,1.0216875,0.0,-0.0,0.0,0.0,0.0,0.0,0.0,0.0,-0.0,0.0,0.0,0.0,0.0,0.0,0.0,-0.0,0.0,0.0,0.0,0.0,0.0,0.0,-0.0,0.0,0.0,0.0,0.0,0.0,0.0,-0.0,0.0,0.0,0.0,0.0,0.0
F:\Seminario\Seminario-Clustering\datasets\davi\Al Emadi (2019)\Multiclass_Drone_Audio\unknown\1-85362-A-02.wav,Multiclass_Drone_Audio\unknown\1-85362-A-02.wav,al_emadi,1-85362-A-02,0.97525,0.13623240124601327,6.789219856262207,0.00018845815805478114,0.11467285106419732,0.0004974018665961921,-0.07665528357028961,0.06818176060914993,0.6329583578825727,7.141687870025635,-0.002408022493531551,0.2471655698396973,-0.0007037988398224115,-0.2083042562007904,0.19181428849697113,0.20951195768787406,7.772326469421387,-0.0005688070434058162,0.10070906659646722,0.0002710993721848354,-0.065013088285923,0.06587190553545952,0.020555101409010533,8.640670776367188,8.810555111162358e-05,0.02232265391012765,-9.110548489843495e-06,-0.01269507734104991,0.013016605284065008,0.0007421817745293873,9.510795593261719,1.3158210977129128e-05,0.0030006824493266516,-6.870475772302598e-06,-0.0016291009262204168,0.0016996356425806887
F:\Seminario\Seminario-Clustering\datasets\davi\Al Emadi (2019)\Multiclass_Drone_Audio\unknown\4-143118-B-74.wav,Multiclass_Drone_Audio\unknown\4-143118-B-74.wav,al_emadi,4-143118-B-74,0.95975,0.9717048955738027,7.87709903717041,0.0005659058918262009,0.18244530072374188,0.0036811879836022854,-0.19835082441568375,0.1843460127711296,0.020389867056638245,8.583056449890137,0.00033726302370468565,0.026426484315605372,0.0001865964222815819,-0.029502208344638348,0.0332818366587162,0.006605431224623608,9.711790084838867,-4.777812528047505e-05,0.010655822482417374,-0.00025793834356591105,-0.013189241103827954,0.013399084657430657,0.0011166948133643107,10.63765811920166,3.6099218684458198e-06,0.003100497521140712,-2.7422051061876118e-05,-0.0037436550483107567,0.0037619224283844234,0.00018311133157113658,11.663704872131348,-4.542809414773037e-06,0.0008881762968907437,7.275455573108047e-06,-0.00111021485645324,0.001089621102437377
F:\Seminario\Seminario-Clustering\datasets\davi\Al Emadi (2019)\Multiclass_Drone_Audio\bebop_1\mixed_13-bebop_001_.wav,Multiclass_Drone_Audio\bebop_1\mixed_13-bebop_001_.wav,al_emadi,mixed_13-bebop_001,1.024,0.5514272420836025,8.511896133422852,0.0005282388238272476,0.12856985861271217,-9.040115401148796e-05,-0.145642651617527,0.14963354021310807,0.033196699691087905,8.985136985778809,-0.00048512071170459854,0.031542404713197955,0.0008401728118769825,-0.041659357398748396,0.04165761880576611,0.09766112809993116,9.905966758728027,0.0007468401154849185,0.03830852645253208,0.0014420410734601319,-0.0479612335562706,0.04736884422600271,0.19498414422552807,10.904888153076172,-0.0008960225054460847,0.03830480840634992,-0.0013266094028949738,-0.04897079989314079,0.04833715409040451,0.12273078589985041,11.941449165344238,-0.00010776137161990068,0.02150374780460855,0.00010836019646376371,-0.028039622679352758,0.027114856243133555
F:\Seminario\Seminario-Clustering\datasets\davi\Al Emadi (2019)\Multiclass_Drone_Audio\unknown\4-213193-A-294.wav,Multiclass_Drone_Audio\unknown\4-213193-A-294.wav,al_emadi,4-213193-A-294,0.95975,0.7748308199285877,5.123877048492432,-0.00011531800639984015,0.02657314070275753,-0.00010445391308167018,-0.005638800095766783,0.00518155237659812,0.19363966221465037,5.281160354614258,1.4431019809620752e-05,0.013284353324247088,3.053557975363219e-06,-0.0028184098191559315,0.0025196534115821123,0.024068980145480652,6.596994400024414,-1.6126724335257287e-06,0.003317764190217137,-8.511614169037784e-07,-0.0012687065871432423,0.0013526310445740857,0.004613758226747592,7.793002128601074,-8.531052637262132e-06,0.0010279047377197835,2.4072043061096338e-06,-0.00041573761263862246,0.00042067572649102675,0.0028467794845337103,6.648829460144043,1.3072325004148633e-07,0.0005712156932927765,7.133295412131702e-07,-0.00011870080197695643,0.00012004513700958341
F:\Seminario\Seminario-Clustering\datasets\davi\Al Emadi (2019)\Multiclass_Drone_Audio\unknown\2-72688-A-422.wav,Multiclass_Drone_Audio\unknown\2-72688-A-422.wav,al_emadi,2-72688-A-422,0.97525,0.4704354148918141,9.020071029663086,0.08368030014551348,0.6857746004586754,0.08139979839324951,-0.738449215888977,0.9038171172142029,0.38540749668408253,9.060538291931152,0.0020815889732238137,0.6253144418934137,-0.019554734230041504,-0.8514736294746399,0.8085268139839172,0.07885003795510723,9.856965065002441,-9.260293919305509e-05,0.2003049983611626,0.005525196436792612,-0.24648984521627426,0.251905232667923,0.05773965308134464,10.701153755187988,2.332918243967922e-05,0.1212959408039631,0.003193038166500628,-0.1505810171365738,0.15128175914287567,0.007567397387651445,11.479812622070312,-8.865687411508855e-05,0.031064213020274734,0.00011429993901401758,-0.036195401847362516,0.036846806108951566
F:\Seminario\Seminario-Clustering\datasets\davi\Al Emadi (2019)\Multiclass_Drone_Audio\unknown\2-78781-A-473.wav,Multiclass_Drone_Audio\unknown\2-78781-A-473.wav,al_emadi,2-78781-A-473,1.0216875,0.6460550915747262,8.846109390258789,0.0020694946777347315,0.21583193808806528,-0.0003318078815937042,-0.2623589038848877,0.262106665968895,0.2134418052339745,8.544511795043945,0.009688923488212984,0.12368361176723032,0.011255185585469007,-0.12497397512197495,0.1525563552975656,0.12563977842340043,9.716221809387207,0.0014456008026277395,0.06740470362077837,0.0011601950973272324,-0.08169659823179244,0.08458781242370605,0.01389551312119345,10.714522361755371,-1.8560527951283577e-05,0.01586597075743194,0.00018251652363687754,-0.019672715850174428,0.018780262768268587,0.0009678116467054916,11.601728439331055,-6.948937336774492e-07,0.002962073634494723,2.380344085395336e-06,-0.0034821758046746252,0.0034696888178586964
F:\Seminario\Seminario-Clustering\datasets\davi\Al Emadi (2019)\Multiclass_Drone_Audio\unknown\2-87799-A-241.wav,Multiclass_Drone_Audio\unknown\2-87799-A-241.wav,al_emadi,2-87799-A-241,1.0216875,0.13456318426852187,7.9329514503479,-0.009855617017034262,0.5194734772134906,-0.003624790348112583,-0.5976930022239685,0.5318307995796205,0.5600850883813308,7.880551338195801,0.029625699801652708,1.0595847974806636,0.0016386168426834047,-1.0449129223823548,1.1188097238540664,0.19233204858748373,8.878089904785156,-0.002557037836115285,0.4399694032500176,-4.155615533818491e-05,-0.4723933994770049,0.4498821854591371,0.09745763698652479,9.698777198791504,-0.00031737055287468454,0.22162289868094653,-8.252494444604963e-05,-0.2181936889886856,0.22680935561656954,0.01556204177613885,10.445873260498047,-0.00011829869156920362,0.06264847199934331,-1.7293907148996368e-05,-0.05798789039254188,0.05770239457488061
F:\Seminario\Seminario-Clustering\datasets\davi\Al Emadi (2019)\Multiclass_Drone_Audio\unknown\5-221878-A-343.wav,Multiclass_Drone_Audio\unknown\5-221878-A-343.wav,al_emadi,5-221878-A-343,1.0216875,0.9963787325018684,7.681641101837158,6.37467405874803e-05,0.06573443532710263,0.0008751093700993806,-0.06420276165008545,0.04928501732647421,0.0016929903675201013,8.869185447692871,2.4402003004639016e-05,0.0027095087245175603,0.0,-0.0032140716444700955,0.0036563929170370106,0.0013275666726855584,9.869100570678711,9.273987359864391e-06,0.0016995275096371438,0.0,-0.0021573066245764495,0.0021833805367350583,0.0003418203173348725,10.68331527709961,3.5634867199940656e-06,0.0006102407287604218,7.56051781536371e-06,-0.0007539569691289216,0.0007418125169351698,0.0002588901405911107,9.834301948547363,1.3212189259889026e-06,0.00037569510339216825,0.0,-0.0003356603905558586,0.0003424093069043013
F:\Seminario\Seminario-Clustering\datasets\davi\Al Emadi (2019)\Multiclass_Drone_Audio\unknown\2-102581-B-290.wav,Multiclass_Drone_Audio\unknown\2-102581-B-290.wav,al_emadi,2-102581-B-290,1.0216875,0.8184046967102425,5.370344161987305,-0.00015609705773043554,0.26597407830896,0.0,-0.04088120236992836,0.02690374832600372,0.152185972365305,5.868974685668945,-0.0004636490466609313,0.11469358103720984,0.0,-0.01872263438999653,0.02316524684429171,0.028213355039158262,5.921206474304199,4.129207463635341e-05,0.03497904796095565,0.0,-0.007806073501706123,0.007878065295517453,0.001179584710082193,6.196046829223633,-5.416751891899259e-06,0.005061140669950307,0.0,-0.0008284464012831449,0.0010312684345990422,1.639117521206475e-05,9.461044311523438,4.103204831056684e-08,0.00042204616341950474,0.0,-0.0003382103459443897,0.00034350440255366283
F:\Seminario\Seminario-Clustering\datasets\davi\Al Emadi (2019)\Multiclass_Drone_Audio\unknown\4-234879-A-63.wav,Multiclass_Drone_Audio\unknown\4-234879-A-63.wav,al_emadi,4-234879-A-63,1.0216875,0.08657660094624965,8.717679977416992,0.0001629239027582042,0.03125106637456551,-0.0004047028487548232,-0.038102075830101965,0.039461153000593184,0.5166728485421571,5.857059001922607,0.00025542671933127744,0.07634417066397564,0.0008873448823578656,-0.03835272081196308,0.04063934460282327,0.35433941399882074,7.003026008605957,-1.9803452260256257e-05,0.0447822323804975,-8.241721661761403e-05,-0.02372748777270317,0.023015752807259558,0.039232167526788826,8.42100715637207,2.980852787271265e-05,0.01054432169337767,-6.015470717102289e-06,-0.006088841333985328,0.0063920937944203626,0.0031789689859836575,11.292537689208984,1.489807199838211e-06,0.0021233084604817187,-6.930116796866059e-06,-0.0023588090669363735,0.0023734429851174368
F:\Seminario\Seminario-Clustering\datasets\davi\Al Emadi (2019)\Multiclass_Drone_Audio\unknown\1-19501-A-74.wav,Multiclass_Drone_Audio\unknown\1-19501-A-74.wav,al_emadi,1-19501-A-74,0.95975,0.0,-0.0,0.0,0.0,0.0,0.0,0.0,0.0,-0.0,0.0,0.0,0.0,0.0,0.0,0.0,-0.0,0.0,0.0,0.0,0.0,0.0,0.0,-0.0,0.0,0.0,0.0,0.0,0.0,0.0,-0.0,0.0,0.0,0.0,0.0,0.0
F:\Seminario\Seminario-Clustering\datasets\davi\Al Emadi (2019)\Multiclass_Drone_Audio\unknown\2-39441-A-191.wav,Multiclass_Drone_Audio\unknown\2-39441-A-191.wav,al_emadi,2-39441-A-191,1.0216875,0.882349677487003,8.570980072021484,0.013504233762100049,0.19572871067711856,0.018865779042243958,-0.2204360231757164,0.24051105827093128,0.10514512304594109,8.44946575164795,-0.0008763592355705232,0.06772103814507986,0.0009937910945154727,-0.07753082364797592,0.07365280091762545,0.011817608111471754,9.40304183959961,-0.00010341754903212456,0.01608224871272453,-0.00036375538911670446,-0.017654633149504658,0.0185380082577467,0.0005310743610049692,9.528284072875977,8.103005026290985e-06,0.0024125112784326554,-1.4793418813496828e-05,-0.0023966206703335048,0.002485121879726648,0.000156516994579228,7.12317419052124,4.2531584965394876e-06,0.0009264907701100152,-9.373161447001621e-08,-0.000676438701339066,0.00066491246689111
F:\Seminario\Seminario-Clustering\datasets\davi\Al Emadi (2019)\Multiclass_Drone_Audio\unknown\5-197121-B-450.wav,Multiclass_Drone_Audio\unknown\5-197121-B-450.wav,al_emadi,5-197121-B-450,1.0216875,0.40319847303531364,8.543237686157227,-0.0009772886804319512,0.06146470797149995,-0.002142282319255173,-0.07049394845962524,0.07520494908094408,0.2980138881414404,8.67245864868164,-0.0003167251375248358,0.05284838718244583,-0.0003804000880336389,-0.06664183884859085,0.0624047674238682,0.1878689743410129,9.662805557250977,9.277740940641386e-05,0.02972160619442245,-0.0009484554757364094,-0.03451543301343918,0.036378686875104906,0.07871738836616782,10.742554664611816,-0.0001680695973452166,0.013612950756924213,5.2782670536544174e-05,-0.016996416822075845,0.016096809692680836,0.032201276116065186,11.646577835083008,1.3675642434608768e-05,0.0061596538203039395,1.7333542928099632e-05,-0.0072868290357291695,0.007327384315431119
F:\Seminario\Seminario-Clustering\datasets\davi\Al Emadi (2019)\Multiclass_Drone_Audio\unknown\2-122067-A-450.wav,Multiclass_Drone_Audio\unknown\2-122067-A-450.wav,al_emadi,2-122067-A-450,1.0216875,0.7835713494321692,8.675348281860352,0.0030972708781260693,0.8078324002735573,0.027010895311832428,-0.9826603055000305,0.9953778803348544,0.12409107150812601,8.84218978881836,0.0020493873751066365,0.3214745681877839,-0.018928442150354385,-0.3810333639383316,0.4307261049747467,0.04201392940456126,9.85842514038086,6.141673476722049e-05,0.13249739805806365,0.0006530727259814739,-0.17037451267242432,0.16890299320220953,0.03814621077550544,10.770313262939453,0.0008340712146894308,0.08933480345956825,0.0004391803522594273,-0.11106568798422814,0.11273045167326927,0.012177438879638054,11.850593566894531,4.689830314101836e-05,0.0357077380286627,9.075741400010884e-05,-0.04488929957151413,0.04476468786597254
F:\Seminario\Seminario-Clustering\datasets\davi\Al Emadi (2019)\Multiclass_Drone_Audio\unknown\3-107123-A-262.wav,Multiclass_Drone_Audio\unknown\3-107123-A-262.wav,al_emadi,3-107123-A-262,0.97525,0.123249579689959,4.652441024780273,0.006262220667234159,0.1059907563100557,0.00047989794984459877,-0.055486880242824554,0.053281694650650024,0.6002592815332013,7.220768928527832,0.0010637845394956941,0.2343132846701415,-0.0006725873681716621,-0.20736943185329437,0.21410129964351654,0.20970524857620054,8.102273941040039,-0.0009140969435424889,0.09807714290357651,-0.0004694422386819497,-0.09007440879940987,0.08155482634902,0.05956439805386652,9.39801025390625,5.420417470719925e-05,0.036990759452902366,-1.598658855073154e-05,-0.03336482681334019,0.03177429363131523,0.0072214921467727,10.166041374206543,1.1660888030525317e-05,0.009111567625885502,-8.569644705858082e-06,-0.006650347169488668,0.006969901267439128
F:\Seminario\Seminario-Clustering\datasets\davi\Al Emadi (2019)\Multiclass_Drone_Audio\unknown\3-151080-A-204.wav,Multiclass_Drone_Audio\unknown\3-151080-A-204.wav,al_emadi,3-151080-A-204,0.95975,0.008778346678360529,7.838554859161377,-0.0004768538885596464,0.03490389494707885,0.00013139938528183848,-0.04347139596939087,0.032735833898186684,0.13254740176536547,7.623262405395508,-0.0045441134065455175,0.13556569482901823,1.1000374797731638e-06,-0.14622978121042252,0.11638373881578445,0.36335110108500734,8.534111022949219,0.00011165304154810774,0.15909054613952175,-2.212708568549715e-05,-0.1520690441131592,0.15890678763389607,0.27405026117604403,8.926883697509766,8.87145692266076e-05,0.0977732061389765,6.28192829026375e-05,-0.07805879935622215,0.07178581431508091,0.22127288929522265,9.281783103942871,7.351551290997728e-05,0.06215148708563899,-5.787060217699036e-07,-0.03672453388571739,0.03367277979850769
F:\Seminario\Seminario-Clustering\datasets\davi\Al Emadi (2019)\Multiclass_Drone_Audio\unknown\4-172736-A-362.wav,Multiclass_Drone_Audio\unknown\4-172736-A-362.wav,al_emadi,4-172736-A-362,0.97525,0.1676463523157393,8.950298309326172,-0.0016058930447448527,0.28062898189541474,0.01204188447445631,-0.3735285997390747,0.3563542664051056,0.3103422097147435,8.872520446777344,0.0029426590146954482,0.3818124519439298,0.007379983551800251,-0.49419984221458435,0.48053649067878723,0.2766557537029962,9.716642379760742,0.000756353806390003,0.2553057457269496,-0.0005765706300735474,-0.3135925978422165,0.3166316896677017,0.19325895820404626,10.741134643554688,0.0007602564231525959,0.15099941358596122,0.0010232673375867307,-0.18732883781194687,0.18818604201078415,0.05209672606247473,11.669174194335938,0.0001648449154300281,0.05546179224835433,0.000782896182499826,-0.06759120374917983,0.06796657443046572
F:\Seminario\Seminario-Clustering\datasets\davi\Al Emadi (2019)\Multiclass_Drone_Audio\unknown\3-128512-B-472.wav,Multiclass_Drone_Audio\unknown\3-128512-B-472.wav,al_emadi,3-128512-B-472,0.97525,0.9840584539075903,8.798076629638672,-0.012782463318289512,0.7880924721123189,0.03488205000758171,-1.051159381866455,0.9480924010276794,0.009982346256315102,8.899452209472656,-0.0008079197292052832,0.0793812037575311,-0.0016040932387113571,-0.10252665728330612,0.10267052054405212,0.005020384030926545,9.85498332977295,-0.00019786209204893156,0.039869155529543426,-0.0016879371250979602,-0.050673650577664375,0.05124025419354439,0.0008803394967394266,10.820185661315918,5.393210314391863e-05,0.011814430965403001,7.455810555256903e-05,-0.014851415529847145,0.015122347511351109,5.847630842869066e-05,11.87611198425293,3.0239757434104034e-07,0.002154080259976339,7.545808330178261e-06,-0.0027810995467007155,0.0027040616143494847
F:\Seminario\Seminario-Clustering\datasets\davi\Al Emadi (2019)\Multiclass_Drone_Audio\unknown\4-160036-B-333.wav,Multiclass_Drone_Audio\unknown\4-160036-B-333.wav,al_emadi,4-160036-B-333,1.0216875,0.9858895608338136,8.835235595703125,-0.0018240812570690123,0.22106630339507022,0.010562990326434374,-0.30110659301280973,0.28621064424514775,0.012842543311825994,7.201101779937744,-1.6505920546563526e-05,0.02523182307937427,-9.851108188740909e-05,-0.019144703447818753,0.019033340364694597,0.0011535292865360704,7.7968363761901855,-1.70971424968793e-05,0.005356250444000205,6.263263639993966e-05,-0.002995719294995069,0.0028776973020285374,0.00011145818102060889,9.319572448730469,-3.0397597987569283e-06,0.0011781659757965318,-1.8067075870931149e-06,-0.0009817562531679869,0.0009308940207120032,2.9083868037405343e-06,10.888967514038086,6.35407286842399e-08,0.00013463214812753802,1.327134668827057e-07,-0.000132409215439111,0.00013153252657502893
F:\Seminario\Seminario-Clustering\datasets\davi\Al Emadi (2019)\Multiclass_Drone_Audio\unknown\5-127990-A-20.wav,Multiclass_Drone_Audio\unknown\5-127990-A-20.wav,al_emadi,5-127990-A-20,1.0216875,0.4836566323395933,7.9049601554870605,-0.0009212991560660738,0.3667814805766436,-0.006304585374891758,-0.349483323097229,0.35091879665851683,0.236690878457917,7.808596611022949,0.0010247832600555947,0.25658276662796253,0.003219521837309003,-0.2627623349428177,0.2629084259271623,0.193161657209749,6.916304111480713,0.0038062519701986914,0.16413812787516685,0.000864473928231746,-0.06425687670707703,0.07705710977315904,0.06412449139899623,8.302441596984863,0.001654329037651672,0.06691881362678087,0.0007688268669880927,-0.030602938123047353,0.03827072493731976,0.02236634059374448,9.851789474487305,4.757026517492805e-05,0.02796639990714935,3.624868986662477e-05,-0.01785964034497738,0.0184437394142151
F:\Seminario\Seminario-Clustering\datasets\davi\Al Emadi (2019)\Multiclass_Drone_Audio\unknown\5-234335-A-233.wav,Multiclass_Drone_Audio\unknown\5-234335-A-233.wav,al_emadi,5-234335-A-233,1.0216875,0.09710348108472414,8.087411880493164,-0.00023402621056433815,0.00783981938468837,-0.00030259977211244404,-0.008177507109940052,0.007637670077383525,0.09580084483908595,7.881669998168945,-0.00047432481778255335,0.0077760718800012636,-6.233311978576239e-05,-0.009321116749197245,0.007950698677450421,0.4006473220674851,8.745270729064941,-9.81597462564261e-05,0.011284239919478687,-2.8082371500204317e-05,-0.011668048426508901,0.011759017780423164,0.27700184239544035,9.519451141357422,-4.963566751536136e-05,0.006639570776457105,6.126601192590897e-06,-0.0065861170180141915,0.006461129942908883,0.12944650961326445,10.545438766479492,-4.2239203949896856e-06,0.0032108971635489373,-1.8391888261248823e-06,-0.0030042530968785283,0.0032042203936725857
F:\Seminario\Seminario-Clustering\datasets\davi\Al Emadi (2019)\Multiclass_Drone_Audio\unknown\4-194808-A-290.wav,Multiclass_Drone_Audio\unknown\4-194808-A-290.wav,al_emadi,4-194808-A-290,1.0216875,0.3521674829721911,5.776663303375244,-0.00021097851518923436,0.27169407332318946,0.0006360759725794196,-0.12052785158157348,0.1200945116579533,0.14677250412692935,7.040153503417969,-0.0016917703182583517,0.1753911980431685,0.00023583979782415554,-0.1379620611667633,0.13733677566051503,0.295256958376772,7.9379072189331055,-0.0006756279717494754,0.1762090156249428,-5.2115326980128884e-05,-0.13721596598625183,0.13735885918140417,0.17104835767386461,8.776516914367676,0.00046122079077942326,0.0949049150598402,-2.7552447136258706e-05,-0.05744268707931041,0.05774781219661237,0.03475469685024289,9.720806121826172,-3.8544341543843164e-05,0.030262974746896855,-3.260540324845351e-05,-0.01630852296948433,0.016661495715379733
F:\Seminario\Seminario-Clustering\datasets\davi\Al Emadi (2019)\Multiclass_Drone_Audio\unknown\3-97909-A-492.wav,Multiclass_Drone_Audio\unknown\3-97909-A-492.wav,al_emadi,3-97909-A-492,0.97525,0.41179637308142975,7.351883411407471,-0.012040747911906654,0.42002591237289333,-0.0016823336482048035,-0.3581227660179138,0.35631263256073,0.1768205150529092,7.647565841674805,-0.012105528388528576,0.2750802299053916,-0.0022730110213160515,-0.26500803232192993,0.2364029884338379,0.1972962443000642,8.644759178161621,-1.3590453204554592e-05,0.20597887108751703,0.0008401417289860547,-0.21083655953407288,0.1913592740893364,0.13151305407729058,9.908920288085938,-0.002024327577761734,0.11898800353523223,-0.000510430196300149,-0.1263965517282486,0.12098287418484688,0.0825738134883063,11.120384216308594,-0.00012375647617064142,0.06670857358019981,-0.00026655825786292553,-0.07553014308214187,0.07488479614257813
F:\Seminario\Seminario-Clustering\datasets\davi\Al Emadi (2019)\Multiclass_Drone_Audio\unknown\3-203371-A-391.wav,Multiclass_Drone_Audio\unknown\3-203371-A-391.wav,al_emadi,3-203371-A-391,1.0216875,0.9575373876628364,6.61948823928833,-0.0011062233123682369,0.031169306055436,0.0,-0.000276481854962185,0.0,0.026561192099014485,4.691938400268555,-0.00014560155983600782,0.005192490565666304,0.0,-1.4374813872563982e-08,0.0,0.008628920961654874,6.60834264755249,-9.492407961182375e-05,0.0020949857657213363,0.0,-5.0000178816844555e-06,0.0,0.0045899878576861775,7.689850807189941,1.959184553942578e-05,0.001082146266277483,0.0,0.0,0.0,0.0026825114188081577,8.700860023498535,-8.085189841650638e-08,0.0005853194308511412,0.0,0.0,0.0
F:\Seminario\Seminario-Clustering\datasets\davi\Al Emadi (2019)\Multiclass_Drone_Audio\unknown\5-203128-B-01.wav,Multiclass_Drone_Audio\unknown\5-203128-B-01.wav,al_emadi,5-203128-B-01,1.0216875,0.024699969719724497,7.170499801635742,0.0008008191632677652,0.07743590568357962,0.004440112970769405,-0.05637928433716297,0.05165612734854227,0.3123591720176154,7.06599235534668,0.003591525283637824,0.27536425547802407,0.00012914518447360024,-0.17280513942241668,0.20065656900405957,0.5851367711393654,7.640480041503906,0.0022161131218281596,0.26696646388034384,-9.458586282562464e-05,-0.11094953566789623,0.12057898044586207,0.07497769961493571,8.49517822265625,-2.8432528257283665e-05,0.0676257578821988,1.8415554222883657e-05,-0.026911627501249303,0.026891215331852444,0.0028263875083590667,9.9359769821167,-6.919165324813187e-05,0.009287968561201003,-5.737165338359773e-06,-0.005928941722959279,0.005492621939629318
F:\Seminario\Seminario-Clustering\datasets\davi\Al Emadi (2019)\Multiclass_Drone_Audio\unknown\1-46274-A-180.wav,Multiclass_Drone_Audio\unknown\1-46274-A-180.wav,al_emadi,1-46274-A-180,1.0216875,0.8398149394995881,7.291923522949219,-0.0006191921122066956,0.11868177484334601,-0.002796446904540062,-0.10402624383568763,0.09532202407717712,0.08402623493154315,7.772172927856445,0.0006040844395427463,0.03753611920461738,5.308718937158119e-05,-0.03527558296918869,0.037943847477436066,0.02887173664670889,8.743609428405762,-0.00016462906493567667,0.015586045644762488,2.092123031616211e-05,-0.016731300950050352,0.01658139601349831,0.027951332269943382,9.443998336791992,-0.00023091656486207374,0.010850001922684243,-3.072546860494185e-05,-0.009962593670934439,0.0096767520532012,0.019335756652216506,10.39859390258789,3.470267005217755e-05,0.006385161422981681,2.6081174837599974e-06,-0.005676673725247383,0.005889709386974573
F:\Seminario\Seminario-Clustering\datasets\davi\Al Emadi (2019)\Multiclass_Drone_Audio\unknown\1-59513-A-01.wav,Multiclass_Drone_Audio\unknown\1-59513-A-01.wav,al_emadi,1-59513-A-01,1.0216875,0.6928366946138235,7.6855244636535645,-0.0007474535120064972,0.4796544179784742,-0.0017506945878267288,-0.44407481253147124,0.4156010955572129,0.293845031888967,7.430196762084961,-0.0018029233697623582,0.3123672384188491,0.0003909076185664162,-0.22946094423532484,0.21775838881731102,0.013028791309973514,8.440496444702148,9.347649401632256e-05,0.046589742260028995,6.052010576240718e-06,-0.04157241508364677,0.04109088853001597,0.0002809978527857643,9.183570861816406,5.726056481687818e-06,0.004841650987531574,1.7024440239765681e-06,-0.0036931175505742425,0.003547233622521162,8.484334450235485e-06,11.257148742675781,-2.3013711464603872e-06,0.0005951394650199932,-2.6092748157680035e-06,-0.0006384265609085559,0.0006296889157965784
F:\Seminario\Seminario-Clustering\datasets\davi\Al Emadi (2019)\Multiclass_Drone_Audio\unknown\3-87936-B-460.wav,Multiclass_Drone_Audio\unknown\3-87936-B-460.wav,al_emadi,3-87936-B-460,1.0216875,0.4687995564116505,8.972928047180176,-0.014783375675347,0.16169707102689165,-0.01828573364764452,-0.2230522871017456,0.19006589055061354,0.39732701476981924,8.908679008483887,0.0002963986271106301,0.14948213396147597,0.0015617763274349272,-0.1895342916250229,0.186571079492569,0.1090824857457035,9.899613380432129,-0.00010268069561424298,0.05547769689631805,0.00022404687479138374,-0.0714283525943756,0.06967662572860718,0.02360237867445822,10.742528915405273,-3.948093841576007e-05,0.018260879718827668,3.7166420952416956e-05,-0.021924666501581667,0.022696685418486597,0.0011885643983685424,11.658113479614258,4.29246233087586e-06,0.002898855164505294,-3.795139491558075e-07,-0.0035353681072592736,0.0035166702698916203
F:\Seminario\Seminario-Clustering\datasets\davi\Al Emadi (2019)\Multiclass_Drone_Audio\unknown\5-171653-A-411.wav,Multiclass_Drone_Audio\unknown\5-171653-A-411.wav,al_emadi,5-171653-A-411,1.0216875,0.653545175986449,9.250457763671875,-0.0030244016496225436,0.8663144773129061,-0.16531366854906082,-1.1263184309005738,1.2775002598762515,0.09197641278769318,8.964393615722656,-0.006371825858035599,0.3249340123192385,0.001195663819089532,-0.4226954460144043,0.40880499184131647,0.07258839262133394,9.963397026062012,0.004106105690067039,0.20446173521392022,0.004848327487707138,-0.25450392365455626,0.2778007209300995,0.06006031641507834,10.804447174072266,0.00020548396232013432,0.13163229165253984,2.1490268409252167e-06,-0.16434401720762254,0.16402526646852494,0.12182970218944549,11.83598518371582,-0.0003698793309026029,0.13262179208394584,-0.0009133243001997471,-0.166770800948143,0.16816379725933084
F:\Seminario\Seminario-Clustering\datasets\davi\Al Emadi (2019)\Multiclass_Drone_Audio\membo_1\Membo_1_047-membo_000_.wav,Multiclass_Drone_Audio\membo_1\Membo_1_047-membo_000_.wav,al_emadi,Membo_1_047-membo_000,1.024,0.752090486374626,7.0476298332214355,-0.0002766726581488275,0.2491841320135932,-0.003806621301919222,-0.19623908996582032,0.1837350308895111,0.01686185270862028,8.883487701416016,0.0002987737105074293,0.03730991903199004,-0.000706358376191929,-0.04610826559364795,0.04821915663778782,0.0511801361781653,9.711528778076172,-1.8482453773227114e-06,0.04603145506457621,-0.0001524157851235941,-0.05630665086209774,0.05667280554771424,0.07350621414937411,10.674713134765625,0.0005095639787902332,0.03903771135859299,0.0005732597783207893,-0.04664620757102966,0.04700847342610359,0.1063613105892142,11.4828519821167,1.7756051673441517e-05,0.033221673264169096,-2.1371059119701385e-05,-0.0375893160700798,0.03796511590480805
F:\Seminario\Seminario-Clustering\datasets\davi\Al Emadi (2019)\Multiclass_Drone_Audio\unknown\1-23222-B-193.wav,Multiclass_Drone_Audio\unknown\1-23222-B-193.wav,al_emadi,1-23222-B-193,1.0216875,0.9686358948735185,7.973891258239746,-0.0004611365410593494,0.221296139718141,-0.0031999750062823296,-0.2188435301184654,0.22349087595939637,0.025187640324442772,8.894271850585938,0.0008274941605625398,0.0356756118781185,0.0014869123115204275,-0.04493393003940582,0.0457393690943718,0.004952380730292398,9.840808868408203,8.642512743126987e-06,0.01120797003220754,-3.711691533681005e-05,-0.013865103013813496,0.013843968138098716,0.0006704668803710808,10.889141082763672,-1.8446701261192892e-05,0.002918120433334554,3.84629747713916e-05,-0.003738263458944857,0.003696213266812266,0.000553617191375185,11.938852310180664,-1.068951553458247e-05,0.0018758227076357394,-1.3155513443052769e-05,-0.0023929962422698735,0.00240019615739584
F:\Seminario\Seminario-Clustering\datasets\davi\Al Emadi (2019)\Multiclass_Drone_Audio\bebop_1\mixed_40-bebop_004_.wav,Multiclass_Drone_Audio\bebop_1\mixed_40-bebop_004_.wav,al_emadi,mixed_40-bebop_004,0.904,0.41594851407248734,8.484911918640137,0.0012801924687145011,0.2595820632284605,0.0016977814957499504,-0.30930627286434176,0.3187621444463731,0.1298501831165395,8.497632026672363,-0.013621482010393475,0.1443968221368783,-0.008372613694518805,-0.19688622057437896,0.15065130740404128,0.12971975478438513,9.588361740112305,-0.002063340845847936,0.10265440414832956,-0.0006353049539029598,-0.13129625469446182,0.12294627279043198,0.15687835953063345,10.766999244689941,0.0005826249347284804,0.07991652543839126,0.0015364375431090593,-0.09941942989826202,0.10361191630363464,0.16760318849595457,11.749252319335938,-0.0002595236333029241,0.05843842148798286,-0.00015598197933286428,-0.07506967037916182,0.07472529262304306
F:\Seminario\Seminario-Clustering\datasets\davi\Al Emadi (2019)\Multiclass_Drone_Audio\unknown\4-197103-A-61.wav,Multiclass_Drone_Audio\unknown\4-197103-A-61.wav,al_emadi,4-197103-A-61,1.0216875,0.6742294350989307,8.647895812988281,-0.022014409821758642,0.42565496798674174,0.003629883751273155,-0.5987725913524627,0.4698601216077805,0.2628631640790296,8.705774307250977,-0.003174205619007429,0.2661140965346703,0.00016735403914935887,-0.33454672396183016,0.31763228476047517,0.05905276814100635,9.135526657104492,-0.000196988314265813,0.08934670995798798,-0.0003929098602384329,-0.101695516705513,0.09961621165275575,0.0028197282678462357,10.20826244354248,3.3405706264730506e-05,0.013815449334617785,-4.593841731548309e-05,-0.016373360715806484,0.015403574239462618,0.0010349044131870864,10.547830581665039,-1.9726884726072504e-05,0.005920810601751501,-7.3016854003071785e-06,-0.005559023190289736,0.005597611330449583
F:\Seminario\Seminario-Clustering\datasets\davi\Al Emadi (2019)\Multiclass_Drone_Audio\unknown\1-260640-C-22.wav,Multiclass_Drone_Audio\unknown\1-260640-C-22.wav,al_emadi,1-260640-C-22,0.97525,0.046023957256858906,8.004132270812988,0.0021726205137109233,0.18095342071205076,0.001001160591840744,-0.1788116991519928,0.1847209632396698,0.09628708084667296,8.399490356445312,-0.0016215062749697414,0.26174705901707473,-0.004617498721927404,-0.32013747096061707,0.3529508113861084,0.1265178955442144,9.25352668762207,0.002362358078973226,0.21247378146251614,0.0021194673608988523,-0.25389885902404785,0.257588729262352,0.5291730642385125,10.0235595703125,0.001052003643013418,0.3075181993852737,0.0016640045796521008,-0.35076601803302765,0.35130438208580017,0.20199800211374122,10.941600799560547,-4.284390163563746e-05,0.13440879984543563,0.0001353261759504676,-0.14465624690055848,0.14526069462299349
F:\Seminario\Seminario-Clustering\datasets\davi\Al Emadi (2019)\Multiclass_Drone_Audio\unknown\2-72677-A-184.wav,Multiclass_Drone_Audio\unknown\2-72677-A-184.wav,al_emadi,2-72677-A-184,0.95975,0.5659016483010181,8.77597713470459,-0.004447113147385536,0.013847838240210757,-0.0044132990296930075,-0.022424690425395966,0.013280641287565231,0.32068162551639784,8.205276489257812,-0.00020727423124794326,0.010946729657059076,-6.678939826088026e-05,-0.012824444100260735,0.011729016900062561,0.08257352789766588,9.477346420288086,9.111241945536132e-06,0.003935660780111664,-9.666476398706436e-05,-0.00446165082976222,0.004584133531898261,0.01405568614187596,10.567703247070312,-1.172354707586607e-05,0.0011490144735972286,-1.1199633263458963e-05,-0.0013686485704965889,0.0013896759948693225,0.01678751214304222,11.110088348388672,-2.1765735952278147e-06,0.0008883758465948852,4.474552042665891e-06,-0.0009909147629514337,0.0009577874443493783
F:\Seminario\Seminario-Clustering\datasets\davi\Al Emadi (2019)\Multiclass_Drone_Audio\unknown\3-154439-A-170.wav,Multiclass_Drone_Audio\unknown\3-154439-A-170.wav,al_emadi,3-154439-A-170,1.0216875,0.009937271365520771,8.525547981262207,-0.00020626366783045813,0.009739724465185168,-0.0003761837724596262,-0.011809560842812062,0.011992698349058629,0.32154093967471564,5.446706771850586,0.003165908222895923,0.055324649897552376,2.0065741409780458e-05,-0.013801931776106358,0.020839125663042128,0.20918723897553979,7.550387382507324,0.0005239548035072493,0.0316551335379828,-3.129904507659376e-05,-0.018847154825925826,0.019571116194128997,0.1890369902006636,8.841817855834961,0.0004251985992196365,0.021292468272800368,6.596692401217297e-07,-0.016526876576244832,0.01598574928939343,0.27029755978356024,8.976433753967285,5.4629316955840515e-05,0.018014784523293803,6.733001100656111e-06,-0.01013283859938383,0.010423662327230004
F:\Seminario\Seminario-Clustering\datasets\davi\Al Emadi (2019)\Multiclass_Drone_Audio\unknown\4-121532-A-422.wav,Multiclass_Drone_Audio\unknown\4-121532-A-422.wav,al_emadi,4-121532-A-422,0.97525,0.4799071445993414,8.98556900024414,-0.0019835360295060458,0.2765930017368266,0.003581024706363678,-0.37378326058387756,0.3522220551967621,0.34833863840541357,8.86585807800293,0.0010296628643971253,0.2356516187858921,0.004336740355938673,-0.30756786465644836,0.303531289100647,0.15961947327189757,9.968137741088867,0.00030962148699614246,0.11297052435857029,0.0012516200076788664,-0.14760378003120422,0.1507210060954094,0.011949074934973814,10.90068531036377,-5.790112427898019e-06,0.021873045629449247,0.00047993939369916916,-0.028167705982923508,0.027703143656253815,0.00018566878837365742,11.738368034362793,-1.4631730455821373e-07,0.0019288180171919845,6.154662696644664e-05,-0.0024125858675688506,0.002318305056542158
F:\Seminario\Seminario-Clustering\datasets\davi\Al Emadi (2019)\Multiclass_Drone_Audio\unknown\3-155584-A-141.wav,Multiclass_Drone_Audio\unknown\3-155584-A-141.wav,al_emadi,3-155584-A-141,1.0216875,0.774521435215349,8.911624908447266,0.0003808134946107397,0.0583080496774597,0.0009870590874925256,-0.07324835136532783,0.07574862837791443,0.041849646916980655,8.800846099853516,0.00023188435073984073,0.01355199997353106,4.1606857848819345e-05,-0.015770803205668926,0.017012132331728935,0.017391849402977343,9.734617233276367,8.525000445162578e-05,0.006188399121543703,0.00015492418606299907,-0.007333974447101354,0.007848053611814978,0.08237586805465981,10.573111534118652,0.00011894861581991543,0.009530506410531098,4.9623518862063065e-05,-0.011260261107236148,0.011878455337136985,0.08386120041003323,11.026906967163086,2.073108707806098e-06,0.006803010657341446,9.275187039747834e-06,-0.007304777484387159,0.0073433308862149715
F:\Seminario\Seminario-Clustering\datasets\davi\Al Emadi (2019)\Multiclass_Drone_Audio\membo_1\Membo_0_005-membo_002_.wav,Multiclass_Drone_Audio\membo_1\Membo_0_005-membo_002_.wav,al_emadi,Membo_0_005-membo_002,1.024,0.572254165694926,9.279541969299316,0.0008857642733311118,0.09758317100180537,0.006022701971232891,-0.12640802264213563,0.12320147752761841,0.07857012139242912,8.963895797729492,7.544855207986949e-05,0.03615980443074519,-4.6435248805209994e-05,-0.04660810492932796,0.04730335399508477,0.08255689712438086,9.856234550476074,-0.0001900365037982218,0.026247142252773272,-0.0006223743839655071,-0.03357787989079952,0.03345335721969605,0.11613356167446473,10.838098526000977,0.00012261126447589413,0.02203150701920146,1.6440550098195672e-05,-0.02748272567987442,0.027579542249441147,0.1504852541137992,11.831619262695312,-2.356736440072461e-06,0.01774146294464812,0.00010898114123847336,-0.022415269538760184,0.02239457257091999
F:\Seminario\Seminario-Clustering\datasets\davi\Al Emadi (2019)\Multiclass_Drone_Audio\unknown\2-106881-A-394.wav,Multiclass_Drone_Audio\unknown\2-106881-A-394.wav,al_emadi,2-106881-A-394,0.95975,0.0,-0.0,0.0,0.0,0.0,0.0,0.0,0.0,-0.0,0.0,0.0,0.0,0.0,0.0,0.0,-0.0,0.0,0.0,0.0,0.0,0.0,0.0,-0.0,0.0,0.0,0.0,0.0,0.0,0.0,-0.0,0.0,0.0,0.0,0.0,0.0
F:\Seminario\Seminario-Clustering\datasets\davi\Al Emadi (2019)\Multiclass_Drone_Audio\unknown\5-221528-A-393.wav,Multiclass_Drone_Audio\unknown\5-221528-A-393.wav,al_emadi,5-221528-A-393,1.0216875,0.0,-0.0,0.0,0.0,0.0,0.0,0.0,0.0,-0.0,0.0,0.0,0.0,0.0,0.0,0.0,-0.0,0.0,0.0,0.0,0.0,0.0,0.0,-0.0,0.0,0.0,0.0,0.0,0.0,0.0,-0.0,0.0,0.0,0.0,0.0,0.0
F:\Seminario\Seminario-Clustering\datasets\davi\Al Emadi (2019)\Multiclass_Drone_Audio\unknown\3-159348-A-360.wav,Multiclass_Drone_Audio\unknown\3-159348-A-360.wav,al_emadi,3-159348-A-360,1.0216875,0.3120971631294873,8.960134506225586,-0.000725516860992992,0.0926613821491169,-0.0027922033332288265,-0.12032851055264472,0.11966830193996432,0.22051714854204288,8.955223083496094,0.0002642530613965699,0.07789074497248816,0.0012872764491476119,-0.10471396446228028,0.09896713793277741,0.20740829208985356,9.977245330810547,0.0004876321667997124,0.05350418974019529,0.0008721307385712862,-0.07016675472259522,0.07009858042001725,0.18868796319359357,10.96381950378418,-0.0003020164411300837,0.03611210595772285,-0.00016463507199659944,-0.04678884893655777,0.04583854340016842,0.07128943304502264,11.927739143371582,-2.7477530481824224e-05,0.015702856475090485,-0.00011114051449112594,-0.02002524323761463,0.01995213180780412
F:\Seminario\Seminario-Clustering\datasets\davi\Al Emadi (2019)\Multiclass_Drone_Audio\unknown\4-181628-A-173.wav,Multiclass_Drone_Audio\unknown\4-181628-A-173.wav,al_emadi,4-181628-A-173,1.0216875,0.28737937754192666,9.328025817871094,-0.00013545942480184622,0.015336695710039983,-0.0004392258415464312,-0.020170425437390803,0.019696831330657007,0.007448909793382916,6.283754348754883,4.4009588617234786e-05,0.0024688705601347955,3.7131803765078075e-05,-0.0015848350478336215,0.0017303668195381764,0.3618994257445686,6.413200855255127,0.00040248150686893815,0.012184385783406512,-1.359266389044933e-05,-0.004537963215261698,0.0048597019165754355,0.20574529206887895,7.956080436706543,0.00011450898181057758,0.006503502854624932,-1.749898547132034e-05,-0.003331197891384363,0.003361921198666096,0.1375269948512428,7.749585151672363,3.3693187546898183e-06,0.003761961208791417,8.475122740492225e-06,-0.0016407995484769343,0.0015870876377448444
F:\Seminario\Seminario-Clustering\datasets\davi\Al Emadi (2019)\Multiclass_Drone_Audio\unknown\4-99193-A-41.wav,Multiclass_Drone_Audio\unknown\4-99193-A-41.wav,al_emadi,4-99193-A-41,1.0216875,0.04115573584795347,7.882983684539795,-0.00036916964269987875,0.07550098903025412,-0.0005277602467685938,-0.06875583156943321,0.06963429600000383,0.0482651004236107,7.753279685974121,0.0012262414175231583,0.08175426775205648,0.0003484827757347375,-0.07208280712366104,0.07538495287299164,0.648081073209151,7.998752593994141,-0.001213253769633147,0.21221487666085215,-0.00014456987264566123,-0.14613301455974578,0.1478031724691391,0.25561174010518944,8.862606048583984,-1.914347505708963e-05,0.09431088878856936,6.564561772393063e-06,-0.05904769115149973,0.05733269639313223,0.006886350414095349,9.793096542358398,-6.814391154425789e-06,0.010950569642879703,-1.909907950903289e-05,-0.006219104677438735,0.006495262030512113
F:\Seminario\Seminario-Clustering\datasets\davi\Al Emadi (2019)\Multiclass_Drone_Audio\membo_1\Membo_1_000-membo_003_.wav,Multiclass_Drone_Audio\membo_1\Membo_1_000-membo_003_.wav,al_emadi,Membo_1_000-membo_003,1.024,0.981281549670371,8.546943664550781,-0.0032768815606651664,0.42549517713648566,-0.0024982092436403036,-0.4949999213218689,0.49076637327671063,0.003762330016160128,9.021446228027344,-0.00011012107050509726,0.02634725442466109,-0.0008995959942694753,-0.03404351770877838,0.03398252502083778,0.0042509834103178976,9.938638687133789,-0.0001873342250071388,0.01983144784838887,0.000638282363070175,-0.026264703087508678,0.02445711977779865,0.005166274957119818,10.954263687133789,-3.297273957141478e-05,0.015472916740068562,-1.313304528594017e-05,-0.02000836655497551,0.01986972987651825,0.00553886194603116,11.940443992614746,1.4976260777888308e-05,0.011333517964688827,3.821693826466799e-05,-0.01455457229167223,0.01444773245602847
F:\Seminario\Seminario-Clustering\datasets\davi\Al Emadi (2019)\Multiclass_Drone_Audio\unknown\2-134049-A-61.wav,Multiclass_Drone_Audio\unknown\2-134049-A-61.wav,al_emadi,2-134049-A-61,1.0216875,0.027448727697158976,7.955367088317871,2.8499727301478045e-05,0.034299443859631476,0.0002834174520103261,-0.03460232019424438,0.03167083449661737,0.33750798300552376,7.751115798950195,0.0020267239216835873,0.12025591669971525,0.00013500844943337142,-0.11739568635821342,0.1171079486608506,0.6123163073478948,8.85033130645752,-9.137663118053308e-05,0.11474650360230937,0.00020807195687666535,-0.11421415209770203,0.11934158205986024,0.02212434401022073,10.048286437988281,1.3021054562709727e-05,0.015434405043029401,2.5923343855538405e-05,-0.01724905986338854,0.017947312444448475,0.0006026379392017362,11.100566864013672,3.5476602061291284e-07,0.0018019962532196223,1.1160314898006618e-05,-0.002011063089594245,0.0019706748425960545
F:\Seminario\Seminario-Clustering\datasets\davi\Al Emadi (2019)\Multiclass_Drone_Audio\unknown\2-182508-A-82.wav,Multiclass_Drone_Audio\unknown\2-182508-A-82.wav,al_emadi,2-182508-A-82,0.97525,0.02327879960338708,8.688044548034668,-0.00037955218351946407,0.019419208440884204,-0.0007112968014553189,-0.023896928876638412,0.023026838898658752,0.0370479509933624,8.636642456054688,0.0007889143888379247,0.024490127417851143,0.0003366174059920013,-0.02868863195180893,0.03039376810193062,0.44450287170381825,9.271629333496094,-0.00010835584459299267,0.06010641515134552,0.0005121096764924005,-0.07219810038805008,0.06870682537555695,0.4677508338417844,10.25809097290039,6.49697381829951e-06,0.043632472760908154,7.888387335697189e-05,-0.0535279605537653,0.05223412252962589,0.027419543857647884,11.14720344543457,-1.674664223787848e-07,0.007473298214620892,8.451883331872523e-06,-0.00870623756200075,0.00857860501855612
F:\Seminario\Seminario-Clustering\datasets\davi\Al Emadi (2019)\Multiclass_Drone_Audio\unknown\4-178402-A-430.wav,Multiclass_Drone_Audio\unknown\4-178402-A-430.wav,al_emadi,4-178402-A-430,1.0216875,0.23062943914852008,8.458606719970703,0.00046688113588652235,0.1317187141916939,6.125652362243272e-06,-0.1860979199409485,0.1847321674227715,0.3416904289402789,8.123101234436035,-0.000123953391691086,0.160327901853471,-2.456718448229367e-05,-0.1699070855975151,0.16886068284511568,0.25898385599154583,9.170639038085938,4.271070748767503e-05,0.09886776236852914,-2.925280568888411e-06,-0.12097317427396773,0.11251879036426544,0.14076894122201355,10.188055038452148,2.1850873528522596e-05,0.0515792447221579,-3.857389287986734e-06,-0.06611022651195526,0.06454473137855532,0.027927334697641675,11.11115837097168,1.625244028856723e-06,0.016252012294297367,7.5294760790711734e-06,-0.020078962296247484,0.020338085293769844
F:\Seminario\Seminario-Clustering\datasets\davi\Al Emadi (2019)\Multiclass_Drone_Audio\unknown\1-9886-A-491.wav,Multiclass_Drone_Audio\unknown\1-9886-A-491.wav,al_emadi,1-9886-A-491,1.0216875,0.14625094466587651,7.679820537567139,-0.00021703610151298597,0.10929807707876507,0.00011119246482849121,-0.10374578237533569,0.09530941694974912,0.09488016734264582,7.82193660736084,0.0020029399161970384,0.08801147750385703,0.0003156384773319587,-0.08540285751223564,0.09304758608341233,0.10123753969794339,8.838888168334961,-0.0006713668210956769,0.06440755505634435,-0.00026203138986602426,-0.0671796515583992,0.06532360464334488,0.3799897753877822,10.144340515136719,0.001142368197469218,0.08829627725109669,0.00023517326917499304,-0.09661510288715362,0.10118521004915239,0.2776415729057521,11.128355979919434,-4.784633741433712e-05,0.053395625582634956,1.6922105714911595e-05,-0.06003076583147049,0.05900025889277458
F:\Seminario\Seminario-Clustering\datasets\davi\Al Emadi (2019)\Multiclass_Drone_Audio\unknown\5-191131-A-402.wav,Multiclass_Drone_Audio\unknown\5-191131-A-402.wav,al_emadi,5-191131-A-402,0.97525,0.8895082424100376,8.965864181518555,-0.0018215308214607102,0.4063531688280231,0.019229810684919357,-0.5673877000808716,0.5169865489006042,0.09227116599996135,8.530790328979492,0.001108493755009523,0.13087312376520197,0.0008607339113950729,-0.1559470146894455,0.15677261352539062,0.013125701402973311,9.72835922241211,-0.0003523143484234664,0.034956046072200625,-0.0002193273394368589,-0.0447002612054348,0.04274342209100723,0.004675005794351007,10.203479766845703,7.8137427314295e-05,0.014763400314080756,7.318390998989344e-06,-0.016577650792896748,0.016602396965026855,0.00041988439267672743,11.577966690063477,-4.967529169472824e-06,0.0031300075120846427,2.3657921701669693e-05,-0.003781633544713259,0.0036797768436372287
F:\Seminario\Seminario-Clustering\datasets\davi\Al Emadi (2019)\Multiclass_Drone_Audio\unknown\silence234.wav,Multiclass_Drone_Audio\unknown\silence234.wav,al_emadi,silence234,1.1145,0.0,-0.0,0.0,0.0,0.0,0.0,0.0,0.0,-0.0,0.0,0.0,0.0,0.0,0.0,0.0,-0.0,0.0,0.0,0.0,0.0,0.0,0.0,-0.0,0.0,0.0,0.0,0.0,0.0,0.0,-0.0,0.0,0.0,0.0,0.0,0.0
F:\Seminario\Seminario-Clustering\datasets\davi\Al Emadi (2019)\Multiclass_Drone_Audio\unknown\5-177957-C-401.wav,Multiclass_Drone_Audio\unknown\5-177957-C-401.wav,al_emadi,5-177957-C-401,1.0216875,0.9936124719901744,9.117733001708984,0.007298117423799715,0.832167402252641,0.016023674979805946,-1.0644766807556152,1.1025171756744387,0.004130824531002593,8.872356414794922,0.00020395810484835435,0.053657954599841184,0.0001537146745249629,-0.06431956514716149,0.06850899159908298,0.0010703091124896697,9.698308944702148,0.00022869493175617733,0.019344999763623805,0.0005252528935670853,-0.023861581459641457,0.024164300039410593,0.0003519675954531109,10.630489349365234,3.71277521306553e-05,0.007850441935190338,-8.364266250282526e-05,-0.009468708280473947,0.009587102290242911,0.0008344267708801373,11.481555938720703,-2.0485266922519848e-05,0.008550889789234522,1.86365214176476e-05,-0.00995351430028677,0.00989807974547148
F:\Seminario\Seminario-Clustering\datasets\davi\Al Emadi (2019)\Multiclass_Drone_Audio\unknown\5-184871-A-244.wav,Multiclass_Drone_Audio\unknown\5-184871-A-244.wav,al_emadi,5-184871-A-244,0.95975,0.7092826161559375,6.360257625579834,0.0016154323214014272,0.2493602680665721,-0.0001998855368583463,-0.14015842974185944,0.12916500866413116,0.20704824101957606,6.079699516296387,0.004366250188383522,0.1346586643788256,-7.93919980424107e-06,-0.07446771487593651,0.07886074855923653,0.06226243706967878,7.95046854019165,-4.605948242661052e-06,0.052337497558936755,-7.4135978138656355e-06,-0.04136818721890449,0.041121680289506926,0.01445902093468647,8.268446922302246,-0.00012153451596535325,0.017847727898390103,-1.8699145130085526e-06,-0.010690132528543473,0.010685144644230607,0.006947684820121262,8.917452812194824,-1.474591111969709e-05,0.008752373631366848,7.916103186289547e-07,-0.004410695284605026,0.004646261688321829
F:\Seminario\Seminario-Clustering\datasets\davi\Al Emadi (2019)\Multiclass_Drone_Audio\unknown\4-250864-A-82.wav,Multiclass_Drone_Audio\unknown\4-250864-A-82.wav,al_emadi,4-250864-A-82,0.97525,0.03821548808273542,7.139084339141846,-0.0013134470885898632,0.04615340038146562,0.002097693271934986,-0.04378872737288475,0.04454492777585983,0.12881399581291308,8.708271980285645,-0.00015810826409652745,0.08476968004509863,-0.0009411589708179235,-0.1026003286242485,0.10342151671648026,0.3691555165436967,9.616944313049316,0.001478479296963658,0.10161751847145853,0.00023340962070506066,-0.11965004354715347,0.12273604050278664,0.40158368516929177,10.337841987609863,-0.00017029151648274181,0.0750092923193066,-0.001104030292481184,-0.08385110646486282,0.08660716190934181,0.06223131439136302,11.519855499267578,-1.7410354829025063e-05,0.020888735270267612,0.0001374540152028203,-0.02438649386167526,0.024606725573539736
F:\Seminario\Seminario-Clustering\datasets\davi\Al Emadi (2019)\Multiclass_Drone_Audio\unknown\3-144128-A-230.wav,Multiclass_Drone_Audio\unknown\3-144128-A-230.wav,al_emadi,3-144128-A-230,1.0216875,0.08672859122913973,7.919126987457275,0.00014853629631890393,0.03437617933440651,-0.0004007435345556587,-0.03308328799903393,0.0364109717309475,0.34425945815003595,7.634110450744629,-0.0003662568557429252,0.06848843951509821,0.0002114984017680399,-0.06125432476401329,0.06467045620083815,0.35912443735484356,8.730303764343262,0.00012119476271118467,0.04954813399847871,5.364885146263987e-05,-0.04898242503404617,0.05144444778561593,0.16203918381488985,9.821338653564453,-0.00036852217529788806,0.023548655140608454,8.464444363198709e-06,-0.02511342354118824,0.02418978475034237,0.0478483294510909,10.578115463256836,6.281231045840412e-06,0.0090534343773532,-9.790659532882273e-06,-0.008312548510730267,0.008436821028590207
F:\Seminario\Seminario-Clustering\datasets\davi\Al Emadi (2019)\Multiclass_Drone_Audio\unknown\5-234879-B-10.wav,Multiclass_Drone_Audio\unknown\5-234879-B-10.wav,al_emadi,5-234879-B-10,1.0216875,0.05516804125814265,8.18790054321289,-0.0005677063453791696,0.19043274760690498,-0.0025303084403276443,-0.19761880189180372,0.2189215928316118,0.42171497360655036,8.585939407348633,0.002967296478462599,0.5265048825726716,0.0007168104348238558,-0.701050591468811,0.6393934130668641,0.4141796064337378,9.683521270751953,-0.0010060327106241587,0.3695881998995416,-0.0005161212757229805,-0.4738337993621826,0.49142521023750313,0.0940528038230818,10.617839813232422,-8.338573548783715e-05,0.12462761775501127,0.0007642361451871693,-0.15912707895040512,0.16235707551240924,0.014884574878487374,11.394111633300781,8.275219545460455e-06,0.03507256697939405,2.216049688286148e-05,-0.04024619907140732,0.04077364429831508
F:\Seminario\Seminario-Clustering\datasets\davi\Al Emadi (2019)\Multiclass_Drone_Audio\unknown\1-39937-A-283.wav,Multiclass_Drone_Audio\unknown\1-39937-A-283.wav,al_emadi,1-39937-A-283,1.0216875,0.9330175078395597,8.805742263793945,-0.00046439178552748527,0.05658197410663304,-0.0005635511188302189,-0.07057771161198616,0.0712541595101357,0.008281527275765801,8.820341110229492,6.268502672925442e-05,0.005330562379159448,-0.00025396286218892783,-0.006240480206906795,0.006838377658277751,0.010283188853602158,9.941130638122559,-4.720459556608187e-05,0.004207363176064863,-2.46542040258646e-05,-0.005599997285753488,0.0052590636536479,0.028856207924707444,10.982026100158691,4.998589770566415e-05,0.0049874022042610796,2.438145202177111e-06,-0.006342332297936082,0.006513351714238525,0.01956156810636489,11.921121597290039,5.0088346922645736e-06,0.002905016359751761,-5.5904441978782415e-05,-0.003700809646397829,0.003728309972211719
F:\Seminario\Seminario-Clustering\datasets\davi\Al Emadi (2019)\Multiclass_Drone_Audio\unknown\1-27403-A-282.wav,Multiclass_Drone_Audio\unknown\1-27403-A-282.wav,al_emadi,1-27403-A-282,0.97525,0.9641971586915001,9.008159637451172,0.000625132609485809,0.6092969783317254,-0.009133696556091309,-0.8121753931045532,0.8434443473815918,0.029309405595275624,8.498644828796387,0.000247546036254945,0.10623036267626863,0.0019257849780842662,-0.1296161413192749,0.13195239007472992,0.0037035591188709052,9.517165184020996,-0.0002172991717349122,0.026741866693413538,-0.00012325274292379618,-0.03210096061229706,0.03207547962665558,0.0016673475436825944,10.463584899902344,3.150766061986887e-05,0.012697740926032758,5.843589315190911e-05,-0.01547858351841569,0.01483167102560401,0.001122529050670709,11.383031845092773,2.7266068349354188e-05,0.007370385540922068,8.962815627455711e-06,-0.008555579371750355,0.008526725694537165
F:\Seminario\Seminario-Clustering\datasets\davi\Al Emadi (2019)\Multiclass_Drone_Audio\unknown\1-34119-A-11.wav,Multiclass_Drone_Audio\unknown\1-34119-A-11.wav,al_emadi,1-34119-A-11,1.0216875,0.027053120274423144,8.348475456237793,2.1732077844710344e-05,0.014168099898919541,0.0,-0.016644669882953166,0.01636511776596308,0.21277914385742946,8.571874618530273,-0.0001468669319005208,0.03973424837399977,0.0,-0.05415540151298046,0.05787474662065507,0.5181654554500668,9.121156692504883,8.611685752569619e-05,0.0439200101884839,0.0,-0.049629961699247355,0.05224310904741288,0.1938462031231967,10.219504356384277,0.00010293690803703373,0.019008790398176826,0.0,-0.02326410710811615,0.02285780068486929,0.04815607729488387,10.746809959411621,-1.4629815413268085e-06,0.006702372340020125,0.0,-0.007232715841382741,0.007381978165358307
F:\Seminario\Seminario-Clustering\datasets\davi\Al Emadi (2019)\Multiclass_Drone_Audio\unknown\5-189795-A-42.wav,Multiclass_Drone_Audio\unknown\5-189795-A-42.wav,al_emadi,5-189795-A-42,0.97525,0.0023463654089854614,9.086341857910156,0.005800538090360042,0.0443640685973795,0.005951885133981705,-0.05598108842968941,0.06450819224119186,0.0023878926326804336,8.196067810058594,0.001288203760110759,0.045117474877984065,0.0008211418753489852,-0.04892662912607193,0.05026478320360184,0.3584274013519975,7.86527156829834,-0.009300080863064358,0.391509682042162,0.002342281164601445,-0.17233803123235703,0.22186191380023956,0.6095679381721243,8.871525764465332,0.0002677630408760703,0.36140459586414986,-0.00019419340242166072,-0.20003026723861694,0.2005942314863205,0.02727040243421229,9.186018943786621,4.6280294163125727e-05,0.054076430814938375,5.354106906452216e-05,-0.024928019568324085,0.0238858986645937
F:\Seminario\Seminario-Clustering\datasets\davi\Al Emadi (2019)\Multiclass_Drone_Audio\unknown\2-127109-A-61.wav,Multiclass_Drone_Audio\unknown\2-127109-A-61.wav,al_emadi,2-127109-A-61,1.0216875,0.05119931097306167,6.23384952545166,-5.0750825519762764e-05,0.0536662758539233,-0.00012477886048145592,-0.011475823819637299,0.01016719350591302,0.7931524649645474,5.992247581481934,0.00020127935066586983,0.2112261767188273,0.0003008728817803785,-0.025140511617064477,0.02813912127166991,0.1393075752377955,6.700602054595947,-7.738933853988916e-05,0.06270211980681922,-2.080357626255136e-05,-0.01093289330601692,0.010307549312710771,0.015118307326082941,7.402444839477539,1.4574000227552645e-05,0.01461671298063305,-8.25578626972856e-06,-0.003799229138530791,0.0038426736136898403,0.0012223414985124794,8.829448699951172,5.319958702118155e-06,0.0029401177811158737,2.1209307305980474e-06,-0.0015516909305006265,0.0015501115005463364
F:\Seminario\Seminario-Clustering\datasets\davi\Al Emadi (2019)\Multiclass_Drone_Audio\unknown\5-243459-B-144.wav,Multiclass_Drone_Audio\unknown\5-243459-B-144.wav,al_emadi,5-243459-B-144,0.95975,0.002271252061569232,2.955439567565918,-0.001055889095438583,0.013263499987609503,-0.0001422688364982605,-0.0036272789584472775,0.0032470645383000374,0.0019208450681772766,8.20418930053711,0.00015494593553852813,0.012235131907741753,0.00048743172374088317,-0.013707782607525587,0.014039106201380491,0.14381712336481312,9.22578239440918,0.0009977306428066055,0.0749958720264664,0.0017229246441274881,-0.08358915895223618,0.08473828285932547,0.648470220603634,10.528609275817871,-0.00012917293453302344,0.11270389094281666,-0.0013882755301892757,-0.13666414469480515,0.12761434316635137,0.20352055890180634,11.521443367004395,-4.393899768249972e-06,0.04466641662854757,8.391024312004447e-05,-0.053798750042915344,0.05363006144762039
F:\Seminario\Seminario-Clustering\datasets\davi\Al Emadi (2019)\Multiclass_Drone_Audio\unknown\4-125929-A-402.wav,Multiclass_Drone_Audio\unknown\4-125929-A-402.wav,al_emadi,4-125929-A-402,0.97525,0.9032724540309087,8.861114501953125,-0.00022479087289016425,0.5142739319197148,-0.033676426857709885,-0.6229517459869385,0.7107956409454346,0.06123649442487524,8.856954574584961,0.0034796470060857215,0.13385778426356218,0.009193998761475086,-0.17131243646144867,0.17480091750621796,0.02146129201004806,9.718226432800293,-0.0016846789002424708,0.05611352260138347,-0.0024022262077778578,-0.06940227374434471,0.06893211975693703,0.0112961395967167,10.563909530639648,-6.975681910301328e-05,0.02882154778690998,-2.817236236296594e-05,-0.03434552252292633,0.034846123307943344,0.002733619937451287,11.296098709106445,-1.0746940712686003e-05,0.010030025101385408,-3.9157806895673275e-05,-0.01127646379172802,0.01117372289299965
F:\Seminario\Seminario-Clustering\datasets\davi\Al Emadi (2019)\Multiclass_Drone_Audio\unknown\4-157297-A-213.wav,Multiclass_Drone_Audio\unknown\4-157297-A-213.wav,al_emadi,4-157297-A-213,1.0216875,0.2899865734933792,7.015631675720215,-0.0025724684980742056,0.24594793253490368,4.72709643872804e-07,-0.18606266379356384,0.1708738386631012,0.07293281562569418,7.04695987701416,-0.0004412264354901456,0.12334929940863928,-5.101708495658386e-07,-0.08574432283639907,0.07708912566304209,0.19891277909458938,7.9830193519592285,-0.001988474714187051,0.14427585780827634,0.0,-0.09327635318040847,0.08849116563796997,0.23685470455081883,9.059746742248535,-0.0001801790285452265,0.11141589692504103,0.0,-0.07847040891647337,0.07579179108142856,0.20131312723551842,9.449030876159668,0.0005104154671691981,0.07266125335476156,0.0,-0.03315362483263016,0.034994102269411166
F:\Seminario\Seminario-Clustering\datasets\davi\Al Emadi (2019)\Multiclass_Drone_Audio\unknown\3-129678-A-130.wav,Multiclass_Drone_Audio\unknown\3-129678-A-130.wav,al_emadi,3-129678-A-130,1.0216875,0.11645759875196009,9.029678344726562,0.00035733709157447256,0.05307122162414423,-0.0007750337244942784,-0.06632148921489715,0.06918151229619983,0.0045025077863678035,8.98436164855957,-0.0001703630887879152,0.010434085059127457,-0.0002800116053549573,-0.013688857853412627,0.013084085937589408,0.0035530875350711704,9.502769470214844,-2.9513831238225198e-05,0.0065661248726388306,6.314809434115887e-05,-0.008219581842422484,0.008043874055147171,0.3929866767152399,10.817184448242188,0.00021693405544135868,0.04886505261944111,0.0002873259218176827,-0.05982866324484348,0.0606092780828476,0.48250012921136104,11.893388748168945,3.160014711610691e-05,0.038303030934743486,-5.07943332195282e-06,-0.04837605059146881,0.04991178959608079
F:\Seminario\Seminario-Clustering\datasets\davi\Al Emadi (2019)\Multiclass_Drone_Audio\unknown\2-92627-A-271.wav,Multiclass_Drone_Audio\unknown\2-92627-A-271.wav,al_emadi,2-92627-A-271,1.0216875,0.03995450795983789,8.204233169555664,0.0001488949244618615,0.011262291955415766,2.609769580885768e-05,-0.010920646972954274,0.012951978296041493,0.07601878562208879,8.399847984313965,0.001672816124740233,0.015445789594855501,0.0011651399545371532,-0.015944043919444085,0.020056578516960147,0.49994218583699823,9.33830738067627,0.000167161702846919,0.028220173691318736,0.00023559911642223597,-0.03152149170637131,0.03141730725765229,0.2944336355861184,10.195629119873047,-8.136082961103493e-05,0.015324918255018118,1.8834016373148188e-05,-0.01670493669807911,0.016913575120270252,0.08965088499495669,11.113215446472168,5.153554611758716e-05,0.00598194707237547,3.5555000067688525e-05,-0.006327533721923828,0.006456049252301459
F:\Seminario\Seminario-Clustering\datasets\davi\Al Emadi (2019)\Multiclass_Drone_Audio\membo_1\mixed_membo_23-membo_001_.wav,Multiclass_Drone_Audio\membo_1\mixed_membo_23-membo_001_.wav,al_emadi,mixed_membo_23-membo_001,1.024,0.962791156688676,9.36402416229248,-0.008214842088665198,0.5401454393168249,-0.07311732321977615,-0.6911784112453461,0.7379778802394867,0.01642419161917449,8.903038024902344,-0.000590002462573042,0.07055401268319052,-0.003292356734164059,-0.08876461014151572,0.08613370954990389,0.010198564799237293,9.83155632019043,-0.0003620619851503677,0.03936991357457078,-0.0008751498535275459,-0.04895443469285965,0.04884375743567944,0.005368446248097257,10.919187545776367,5.583512560720266e-05,0.020215816386650376,0.00014967250172048807,-0.025547020137310028,0.026263801380991936,0.005217640644815011,11.950364112854004,4.19750014694548e-06,0.014098604318889908,-0.00011682239710353315,-0.018041414767503736,0.017857837677001952
F:\Seminario\Seminario-Clustering\datasets\davi\Al Emadi (2019)\Multiclass_Drone_Audio\unknown\1-18755-B-40.wav,Multiclass_Drone_Audio\unknown\1-18755-B-40.wav,al_emadi,1-18755-B-40,1.0216875,0.06223939000177436,8.172548294067383,-0.0013979789017290168,0.08854811046747371,-0.0017841070657595992,-0.09141600951552391,0.09142766967415811,0.08412107928636872,7.166905879974365,-0.00041414745164764926,0.1029555256783818,0.0006546640652231872,-0.08461242765188218,0.08294747546315194,0.3359852802673608,8.212074279785156,-0.000545539370489728,0.14574156040365868,-0.0002969554625451565,-0.12693400979042052,0.12568039000034334,0.4515824936914911,8.83820629119873,-0.00048526634251381244,0.11956236412939332,5.677352601196617e-05,-0.0766600638628006,0.07648590952157976,0.06607175675300504,9.500222206115723,-9.36549435733696e-06,0.03235252802278047,6.54676478006877e-06,-0.017117068544030188,0.017634791880846025
F:\Seminario\Seminario-Clustering\datasets\davi\Al Emadi (2019)\Multiclass_Drone_Audio\unknown\2-106014-A-441.wav,Multiclass_Drone_Audio\unknown\2-106014-A-441.wav,al_emadi,2-106014-A-441,1.0216875,0.7844420343994281,8.94882869720459,-0.0009827692073440099,0.21713666421626282,-0.0028626578859984875,-0.28420127630233766,0.2825510054826738,0.07764459898263468,8.985323905944824,0.0006884434156809256,0.06831101452380935,2.4020555429160595e-06,-0.08767552673816681,0.08376445323228836,0.10837145956458448,9.957250595092773,4.832463786408797e-05,0.05716629602273779,0.0006636511534452438,-0.07223951965570449,0.07158520221710205,0.02607422053663973,10.926666259765625,2.5848650515851276e-05,0.01984226349302312,-0.0004601870459737256,-0.02491765096783638,0.025582045502960685,0.0034676865167130454,11.935352325439453,8.218441427696369e-06,0.005118893404605793,2.3895525373518467e-05,-0.00651713851839304,0.006550157628953459
F:\Seminario\Seminario-Clustering\datasets\davi\Al Emadi (2019)\Multiclass_Drone_Audio\unknown\5-260011-A-343.wav,Multiclass_Drone_Audio\unknown\5-260011-A-343.wav,al_emadi,5-260011-A-343,1.0216875,0.0,-0.0,0.0,0.0,0.0,0.0,0.0,0.0,-0.0,0.0,0.0,0.0,0.0,0.0,0.0,-0.0,0.0,0.0,0.0,0.0,0.0,0.0,-0.0,0.0,0.0,0.0,0.0,0.0,0.0,-0.0,0.0,0.0,0.0,0.0,0.0
F:\Seminario\Seminario-Clustering\datasets\davi\Al Emadi (2019)\Multiclass_Drone_Audio\unknown\1-52290-A-301.wav,Multiclass_Drone_Audio\unknown\1-52290-A-301.wav,al_emadi,1-52290-A-301,1.0216875,0.7720592159327754,7.819630146026611,-0.0011636079386695372,0.05867693626542946,0.0,-0.06218324787914753,0.06100858226418497,0.09689875766012637,5.320045471191406,-1.5265289395483082e-05,0.020791531075310624,0.0,-0.005881726602092385,0.0049764639697969,0.11950613033007249,5.572397708892822,6.260587524174116e-05,0.01635478981783696,0.0,-0.0030156455934047693,0.003170937113463882,0.01061963270513412,6.689854145050049,-1.3865568925309114e-05,0.003449907760739562,0.0,-0.001289662392809987,0.0012342194328084587,0.0009162633718916366,7.930507183074951,-8.503053703788208e-07,0.000716864202645068,0.0,-0.0003342341282404959,0.00033830486354418103
F:\Seminario\Seminario-Clustering\datasets\davi\Al Emadi (2019)\Multiclass_Drone_Audio\membo_1\mixed_membo_48-membo_001_.wav,Multiclass_Drone_Audio\membo_1\mixed_membo_48-membo_001_.wav,al_emadi,mixed_membo_48-membo_001,1.024,0.7853981670035102,8.271037101745605,0.00036072722609037334,0.09406251434895768,0.0008433566254097968,-0.10347804203629493,0.11176515668630602,0.012481946885861602,8.99473762512207,-0.0001096956307256088,0.01185761657618764,-0.00010189149179495871,-0.01589109394699335,0.014729110151529314,0.042870683405937214,9.988265991210938,-0.00014826016963688868,0.015561581377445712,8.280330075649545e-05,-0.020056571625173093,0.020137989148497584,0.09454302806745471,10.872108459472656,4.8795114261691156e-05,0.016355408029415004,-0.0004239944973960519,-0.020393824204802513,0.020479267463088036,0.06470617463723628,11.903585433959961,9.05463852107572e-07,0.0095717605179016,0.00011720709153451025,-0.01233235951513052,0.012142096273601058
F:\Seminario\Seminario-Clustering\datasets\davi\Al Emadi (2019)\Multiclass_Drone_Audio\unknown\1-58277-A-30.wav,Multiclass_Drone_Audio\unknown\1-58277-A-30.wav,al_emadi,1-58277-A-30,1.0216875,0.3643369350513976,9.000872611999512,0.0023009676254329052,0.7349616117654968,0.11814334243535995,-1.2168498396873475,0.9389653086662296,0.347127827973606,8.792238235473633,-0.00860435468838224,0.717345914749451,-0.07066260650753975,-0.9687705278396607,1.0543283224105837,0.27189925452946434,9.732901573181152,0.0008921939529103112,0.44972176865777613,-0.000821894034743309,-0.6139028429985046,0.561493742465973,0.016019113367698287,10.562307357788086,-3.21908249446195e-05,0.077243707357332,-0.005867651896551251,-0.09309855177998543,0.08548349514603616,0.0006168690778338528,10.903565406799316,2.756830464853833e-05,0.010722839220730083,-0.0005426816060207784,-0.010594647377729416,0.010617478564381602
F:\Seminario\Seminario-Clustering\datasets\davi\Al Emadi (2019)\Multiclass_Drone_Audio\unknown\2-118817-A-323.wav,Multiclass_Drone_Audio\unknown\2-118817-A-323.wav,al_emadi,2-118817-A-323,1.0216875,0.8578373119725667,8.8114595413208,0.00044750864759082124,0.05757502105997557,-0.0029757885495200753,-0.06923152655363082,0.07119148969650271,0.0009036438654785718,8.45584487915039,3.3487988033323776e-05,0.0018684163523668726,1.2282223906368017e-05,-0.0021712249144911766,0.002070770622231067,0.0022814771748918073,7.617557525634766,4.889198466455914e-05,0.0021026211924399163,-2.6022913516499102e-05,-0.001411058520898223,0.0015220785979181528,0.019230236680532198,6.933084487915039,-2.3247127708605934e-05,0.004320753904588456,-5.694877472706139e-06,-0.0018126897630281744,0.0017428619321435692,0.11974733030653072,7.682936668395996,7.252275437249083e-06,0.007627408846598227,2.247525117127225e-06,-0.002643785532563925,0.002592979464679959
F:\Seminario\Seminario-Clustering\datasets\davi\Al Emadi (2019)\Multiclass_Drone_Audio\bebop_1\mixed_6-bebop_002_.wav,Multiclass_Drone_Audio\bebop_1\mixed_6-bebop_002_.wav,al_emadi,mixed_6-bebop_002,1.024,0.5580710489113991,8.648098945617676,-0.00029374645668018645,0.1583657234834563,-0.0016145756817422807,-0.1908100426197052,0.19516486525535584,0.029087706462997336,9.008259773254395,0.004424243972035468,0.035883583355904615,0.00379453890491277,-0.04245480671525002,0.050290689617395405,0.0826723389210815,9.977495193481445,-0.004886201790996674,0.04288595051637873,-0.005487401504069567,-0.0600109688937664,0.04988626912236214,0.18317230961344932,10.942876815795898,-0.0011670945580414475,0.04545458904129679,-0.001825240207836032,-0.05955220013856888,0.05706474184989929,0.14699659609107266,11.938735008239746,2.2244828705779745e-05,0.028814749947099556,-0.00020546145970001817,-0.036927851289510726,0.03696712106466294
F:\Seminario\Seminario-Clustering\datasets\davi\Al Emadi (2019)\Multiclass_Drone_Audio\unknown\5-237315-A-310.wav,Multiclass_Drone_Audio\unknown\5-237315-A-310.wav,al_emadi,5-237315-A-310,1.0216875,0.8309620629518915,7.652907371520996,0.00010035211766901488,0.028341738462579674,-5.8855832321569324e-05,-0.021574380993843078,0.023519371077418333,0.013251232282804889,8.582345008850098,6.303078293879229e-05,0.0035784865136771218,-2.846987990778871e-05,-0.004016696475446224,0.004240313824266195,0.012217068912688386,9.011643409729004,-0.00010171004538925072,0.0024320260800146736,-4.577991057885811e-05,-0.0028183307033032177,0.0024974408559501173,0.05809579671769673,7.036736488342285,-8.801303410245564e-06,0.0037561118877693484,6.4111786741705146e-06,-0.0021197648951783777,0.0021125108702108263,0.08547383913491857,7.215977668762207,1.163746819927087e-06,0.00322295877759937,9.319006494479254e-06,-0.0014037290122359992,0.001460576290264726
F:\Seminario\Seminario-Clustering\datasets\davi\Al Emadi (2019)\Multiclass_Drone_Audio\unknown\2-78651-A-441.wav,Multiclass_Drone_Audio\unknown\2-78651-A-441.wav,al_emadi,2-78651-A-441,1.0216875,0.6030322770726492,7.331711292266846,0.0003022806537074874,0.242913773395246,-0.0034066312946379185,-0.19680197685956954,0.18454862982034684,0.03965226895547067,6.130149841308594,-8.245002263649602e-06,0.06228969928659861,0.00097341209766455,-0.03656310848891735,0.03828488476574421,0.21815467997460156,7.354342460632324,-0.0006489773170866633,0.10348598041007255,-2.3711618268862367e-05,-0.05245110839605331,0.05383633449673653,0.07771299069842731,7.603015899658203,8.251941498097612e-05,0.04370760365013288,-0.00026118787354789674,-0.02494196519255638,0.024642073735594752,0.06144778329885126,7.630633354187012,-5.732693538858721e-05,0.02749374618828852,2.4319509975612164e-05,-0.008976219967007636,0.008981629461050038
F:\Seminario\Seminario-Clustering\datasets\davi\Al Emadi (2019)\Multiclass_Drone_Audio\unknown\4-223125-A-144.wav,Multiclass_Drone_Audio\unknown\4-223125-A-144.wav,al_emadi,4-223125-A-144,0.95975,0.36282708763732113,8.848343849182129,8.469929095665205e-05,0.032981269772952175,0.0015729223960079253,-0.04440414719283581,0.04281860962510109,0.04597540866531409,8.90312385559082,-0.0008017997002285976,0.011712958082651796,-0.0008772947476245463,-0.015493325889110565,0.01441320450976491,0.057551278425871384,9.809499740600586,0.0003108140102843905,0.009299877117177587,0.00015911042282823473,-0.011480137333273887,0.012504483014345173,0.22143611287078097,10.742369651794434,-0.0003717674217786056,0.012911005935860672,-0.0004628069291356951,-0.016432832181453704,0.015578258782625205,0.31221011240071245,11.603126525878906,5.7315204286164464e-05,0.010849658178820148,-4.331390664447099e-05,-0.012888539582490921,0.013104366138577461
F:\Seminario\Seminario-Clustering\datasets\davi\Al Emadi (2019)\Multiclass_Drone_Audio\unknown\1-36400-A-234.wav,Multiclass_Drone_Audio\unknown\1-36400-A-234.wav,al_emadi,1-36400-A-234,0.95975,0.0,-0.0,0.0,0.0,0.0,0.0,0.0,0.0,-0.0,0.0,0.0,0.0,0.0,0.0,0.0,-0.0,0.0,0.0,0.0,0.0,0.0,0.0,-0.0,0.0,0.0,0.0,0.0,0.0,0.0,-0.0,0.0,0.0,0.0,0.0,0.0
F:\Seminario\Seminario-Clustering\datasets\davi\Al Emadi (2019)\Multiclass_Drone_Audio\unknown\2-104952-B-160.wav,Multiclass_Drone_Audio\unknown\2-104952-B-160.wav,al_emadi,2-104952-B-160,1.0216875,0.8874935174533485,8.866413116455078,-0.0004551608495242465,0.09046063794465155,0.0013855996076017618,-0.11168767288327217,0.11541243046522144,0.09048723385268329,8.919075965881348,9.5883740614085e-05,0.028885097258664262,0.0015878858976066113,-0.037400887906551356,0.03442280068993569,0.013745948429712612,9.953003883361816,-2.068548797560004e-05,0.00797432712867308,-1.7301877960562706e-05,-0.010248317010700702,0.01008566375821829,0.00602692291651819,10.884635925292969,2.0206387912638224e-06,0.0037364490028450967,-2.034357748925686e-07,-0.004658985091373324,0.004686350049450994,0.0022463773477374694,11.70417594909668,3.4080944054004017e-06,0.0016136989414229923,-1.0481395293027163e-05,-0.0019138267496600747,0.001962921489030123
F:\Seminario\Seminario-Clustering\datasets\davi\Al Emadi (2019)\Multiclass_Drone_Audio\unknown\3-103598-A-252.wav,Multiclass_Drone_Audio\unknown\3-103598-A-252.wav,al_emadi,3-103598-A-252,0.97525,0.7771674503727666,8.771080017089844,-0.0032478828430764386,0.08751213543389473,-0.005273161921650171,-0.10901222378015518,0.10625074058771133,0.01731150592346917,7.816773891448975,-0.0009730722574207046,0.013033778129021244,-0.0009310573805123568,-0.013408882543444633,0.012287384830415249,0.04235699324011196,7.404937744140625,0.00026609621364999603,0.014476019218851166,7.566700514871627e-05,-0.011415931861847639,0.011635033879429102,0.07161160244738238,8.462675094604492,-0.00021434070875062474,0.013320291133998276,-7.758756692055613e-05,-0.010008652228862047,0.009572677779942751,0.0915524480162699,8.802864074707031,-3.3800798469699405e-05,0.010655914280792489,3.0098060960881412e-05,-0.006566066481173037,0.0065234560519456895
F:\Seminario\Seminario-Clustering\datasets\davi\Al Emadi (2019)\Multiclass_Drone_Audio\bebop_1\mixed_25-bebop_003_.wav,Multiclass_Drone_Audio\bebop_1\mixed_25-bebop_003_.wav,al_emadi,mixed_25-bebop_003,1.024,0.8780605049063854,8.906719207763672,-0.004876364992244296,0.3250878182578218,0.019291519187390804,-0.4395866096019745,0.3853058874607086,0.02082752130863683,9.028509140014648,0.0008824135286753852,0.05006551301396729,0.0006143069767858833,-0.06295037716627121,0.06403152868151665,0.025777187366556487,9.973012924194336,-0.0013181890650051456,0.03942583217539681,-0.0013883201172575355,-0.05071709677577019,0.05007446818053722,0.04371011103432727,10.929920196533203,2.80547923621011e-05,0.036353973453223574,-0.00045100157149136066,-0.04549618810415268,0.045671772211790085,0.03162467538409403,11.979991912841797,-0.00010760953320653628,0.02187455575507014,0.00017942479462362826,-0.028362414985895156,0.027924732491374026
F:\Seminario\Seminario-Clustering\datasets\davi\Al Emadi (2019)\Multiclass_Drone_Audio\bebop_1\B_S2_D1_069-bebop_004_.wav,Multiclass_Drone_Audio\bebop_1\B_S2_D1_069-bebop_004_.wav,al_emadi,B_S2_D1_069-bebop_004,0.896,0.22493837773437012,8.322857856750488,0.0016441767786974355,0.1298307002098323,0.005812178365886211,-0.14592335522174835,0.14425538033246993,0.0593517121396424,8.752681732177734,-0.0004809293723982674,0.06669384868003907,-0.00019798800349235535,-0.08605343848466873,0.08423766940832136,0.1768613511613767,9.779199600219727,0.00158556397407066,0.08153108511663235,0.0005104300507809967,-0.10361742824316024,0.10942980945110321,0.31598727221549877,10.718328475952148,-0.0022000820613918373,0.07711788552064534,-0.0024489478673785925,-0.10086983740329743,0.09450864493846893,0.22286128674911201,11.732423782348633,-6.990004308077146e-05,0.04583641667929514,-0.000900129321962595,-0.05881013721227646,0.058882758021354675
F:\Seminario\Seminario-Clustering\datasets\davi\Al Emadi (2019)\Multiclass_Drone_Audio\unknown\4-179984-A-380.wav,Multiclass_Drone_Audio\unknown\4-179984-A-380.wav,al_emadi,4-179984-A-380,1.0216875,0.14746914707412054,6.541477680206299,2.0180357786033822e-05,0.006804041720373432,9.103992488235235e-05,-0.0035727673675864935,0.003353979787789286,0.04003873935210713,6.377833843231201,-0.0001642181676195484,0.003541539687788974,-7.489955578421359e-06,-0.002053666766732931,0.002060497971251609,0.15471144355526478,6.667913913726807,8.114057917938746e-06,0.004936333935793472,-4.891830940323416e-07,-0.0019629465881735083,0.0018139069667086007,0.5097943133464989,6.675352096557617,-8.555207024549745e-06,0.006340801164631851,3.8030110260933725e-07,-0.001590905582997948,0.0015819051302969455,0.14798635667200857,7.745865821838379,1.6621388518023887e-06,0.002416732640660434,3.183231456205249e-12,-0.0007255509262904525,0.0007024569786153743
F:\Seminario\Seminario-Clustering\datasets\davi\Al Emadi (2019)\Multiclass_Drone_Audio\bebop_1\mixed_42-bebop_002_.wav,Multiclass_Drone_Audio\bebop_1\mixed_42-bebop_002_.wav,al_emadi,mixed_42-bebop_002,1.024,0.7780226189388338,8.607101440429688,-0.0010362830478698015,0.209000193032989,-0.0010097897611558437,-0.2658932566642761,0.25725727379322055,0.019506722382217206,8.911325454711914,-0.00028502457143014944,0.03309268173312144,0.001447765331249684,-0.04237455725669861,0.04263168312609196,0.05180491013794847,9.965553283691406,0.000566827809430628,0.038186684526494916,0.0005269578541629016,-0.0475937470793724,0.04965748488903046,0.08932749289004066,10.88219928741455,0.0005101816191890585,0.03548765832432519,0.0005232490366324782,-0.04455050826072693,0.04542286694049835,0.06133825565095978,11.926624298095703,3.785767905440243e-05,0.020804871829799267,-0.00031651498284190893,-0.0263523418456316,0.026553509384393697
F:\Seminario\Seminario-Clustering\datasets\davi\Al Emadi (2019)\Multiclass_Drone_Audio\bebop_1\B_S2_D1_107-bebop_000_.wav,Multiclass_Drone_Audio\bebop_1\B_S2_D1_107-bebop_000_.wav,al_emadi,B_S2_D1_107-bebop_000,1.024,0.9068962295311535,8.645402908325195,-0.008132577291011666,0.7942179633012167,-0.011034864000976086,-0.9933349251747131,0.9218548119068146,0.024475471098415823,8.161983489990234,-0.003572800360818945,0.13043265793307604,-0.00473302137106657,-0.135057470202446,0.1386864602565766,0.022493303433025743,9.3328857421875,0.0006995125161602906,0.08857580849017106,-0.0002239909372292459,-0.09672887250781059,0.10556742399930956,0.027139888891556763,10.832913398742676,0.0006344899828928407,0.06885619134623919,0.0007360607851296663,-0.08329539746046066,0.08606883138418198,0.0189951070458482,11.915630340576172,-0.00010864622069951323,0.04075183166315148,0.0003264894476160407,-0.05181144028902054,0.05217264890670777
F:\Seminario\Seminario-Clustering\datasets\davi\Al Emadi (2019)\Multiclass_Drone_Audio\unknown\4-177835-A-244.wav,Multiclass_Drone_Audio\unknown\4-177835-A-244.wav,al_emadi,4-177835-A-244,0.95975,0.0,-0.0,0.0,0.0,0.0,0.0,0.0,0.0,-0.0,0.0,0.0,0.0,0.0,0.0,0.0,-0.0,0.0,0.0,0.0,0.0,0.0,0.0,-0.0,0.0,0.0,0.0,0.0,0.0,0.0,-0.0,0.0,0.0,0.0,0.0,0.0
F:\Seminario\Seminario-Clustering\datasets\davi\Al Emadi (2019)\Multiclass_Drone_Audio\unknown\1-72195-A-374.wav,Multiclass_Drone_Audio\unknown\1-72195-A-374.wav,al_emadi,1-72195-A-374,0.95975,0.9321539823409908,8.450446128845215,-0.000717463772586483,0.0010124712939997452,-0.0007381649338640273,-0.0017599272541701794,0.0003520638565532863,0.0352389695516301,7.681448936462402,-7.50022275133492e-06,0.00024115562647641784,-1.0420541002531536e-05,-0.00026265165070071816,0.00025459457538090646,0.012929713781818687,9.795161247253418,1.4321894131372372e-06,0.00010351941523035357,9.885334293358028e-07,-0.0001281305681914091,0.00013145678385626525,0.010411310209618815,10.809240341186523,-9.069823822023727e-07,6.573610698411626e-05,-1.607642843737267e-06,-8.31160279631149e-05,8.358936611330137e-05,0.0092660241159416,11.802583694458008,-2.2390002641614567e-07,4.387493321948927e-05,2.569968273746781e-07,-5.5830299970693886e-05,5.5284272093558684e-05
F:\Seminario\Seminario-Clustering\datasets\davi\Al Emadi (2019)\Multiclass_Drone_Audio\unknown\5-251426-B-304.wav,Multiclass_Drone_Audio\unknown\5-251426-B-304.wav,al_emadi,5-251426-B-304,0.95975,0.9578836631862836,8.176397323608398,3.7884379257935493e-05,0.0017523714018744523,0.0,-0.0018891203217208385,0.0020158933475613594,0.014857019284769821,8.112173080444336,1.638029159537137e-06,0.00021828548525952603,0.0,-0.00024652625143062323,0.00023703281476628035,0.008194390638549669,9.415304183959961,7.757101222361816e-07,0.0001148399194050725,0.0,-0.00013869352987967433,0.00014802769583184273,0.008161365205596354,10.489051818847656,6.882129237618002e-07,8.110243493529528e-05,0.0,-0.00010200346223427914,0.0001039978880726267,0.010903561684800576,11.53573226928711,-6.09006652453468e-08,6.631853920269729e-05,0.0,-8.392357995035127e-05,8.424374391324818e-05
F:\Seminario\Seminario-Clustering\datasets\davi\Al Emadi (2019)\Multiclass_Drone_Audio\unknown\4-172734-A-360.wav,Multiclass_Drone_Audio\unknown\4-172734-A-360.wav,al_emadi,4-172734-A-360,1.0216875,0.12741067614374713,9.026021957397461,-0.0038378985624956076,0.3467848226889481,-0.0013797450810670853,-0.442669153213501,0.439858537912369,0.34601096168372364,8.891363143920898,0.0005497245780728641,0.5715161343545258,0.01940734311938286,-0.7395430207252502,0.718887120485306,0.2909332324814792,9.941929817199707,0.006340467684896342,0.37114414485175184,0.01522226445376873,-0.4715148448944092,0.4887490689754486,0.18513611637368294,10.959668159484863,0.00021426596343430816,0.20953560914612487,-0.0024503314634785056,-0.2659596771001816,0.2710166096687317,0.0505090133173671,11.95396614074707,0.00036643301029908005,0.07742173375480318,0.00044785672798752785,-0.09840956479310989,0.10002315491437913
F:\Seminario\Seminario-Clustering\datasets\davi\Al Emadi (2019)\Multiclass_Drone_Audio\unknown\4-198965-A-381.wav,Multiclass_Drone_Audio\unknown\4-198965-A-381.wav,al_emadi,4-198965-A-381,1.0216875,0.41506814898899225,6.8521270751953125,-0.0004746715815065228,0.026234151498533215,0.0001610050385352224,-0.017351900227367874,0.015728926658630384,0.05599788064634676,6.038802146911621,0.00018140200155333116,0.00963578802740633,0.00023888549185357988,-0.003264630865305662,0.004532899474725137,0.27370680937661757,5.64634370803833,-0.0004530798846063284,0.015085196728774891,-5.4195374104892835e-05,-0.0016462461557239293,0.0011475612176582218,0.21236010647612757,6.936336040496826,0.00010961552181591124,0.009406198353151256,4.49248036602512e-05,-0.0007446365489158779,0.0008705588581506164,0.04286705451191584,7.632959365844727,1.5967119149724383e-05,0.0029897410709111,4.946447006659582e-06,-0.0004653711279388517,0.00046554062282666597
F:\Seminario\Seminario-Clustering\datasets\davi\Al Emadi (2019)\Multiclass_Drone_Audio\unknown\3-203375-A-390.wav,Multiclass_Drone_Audio\unknown\3-203375-A-390.wav,al_emadi,3-203375-A-390,1.0216875,0.033032462230129296,5.895456790924072,-1.3711824017741758e-05,0.09035972485492459,-0.00154227513121441,-0.035057955980300905,0.03521201573312283,0.01996152765335006,6.853435516357422,-0.0006287348824753634,0.0702399056043279,8.65750917000696e-05,-0.039942195266485216,0.04440131373703481,0.08476209392698356,7.591890811920166,-0.002140571024696343,0.10250290438154804,-9.158416651189327e-05,-0.06449715048074722,0.05601828023791315,0.28145290493619096,8.61143684387207,0.0022580633314550087,0.13218210978070868,4.0545111914980225e-05,-0.0678931601345539,0.07092380970716483,0.5807910112533461,9.472529411315918,-4.198832523429221e-05,0.13434265054279337,-3.846103936666623e-06,-0.06889455616474151,0.06688189953565603
F:\Seminario\Seminario-Clustering\datasets\davi\Al Emadi (2019)\Multiclass_Drone_Audio\unknown\2-209471-A-252.wav,Multiclass_Drone_Audio\unknown\2-209471-A-252.wav,al_emadi,2-209471-A-252,0.97525,0.6058834853925746,6.984317302703857,-0.03520065328525427,0.2233358442229283,-0.03541075810790062,-0.18992099165916443,0.11637154221534729,0.23223986212682873,6.769261837005615,0.010037667367894952,0.1396179349542307,0.0012074547121301293,-0.09834055602550507,0.10546287149190903,0.1360640303425503,6.5243425369262695,-0.00020397459610851823,0.0758774062046617,-9.684890392236412e-05,-0.040217092260718346,0.03913731127977371,0.02049238559993987,7.97749137878418,0.00045388752325912503,0.020833100232413023,9.161329944618046e-05,-0.012457100674510002,0.014064616989344358,0.005320236538106441,9.1148681640625,-2.9673382494617494e-05,0.007511080994311476,2.5494955480098724e-05,-0.0051720645278692245,0.004880161490291358
F:\Seminario\Seminario-Clustering\datasets\davi\Al Emadi (2019)\Multiclass_Drone_Audio\unknown\2-102414-G-170.wav,Multiclass_Drone_Audio\unknown\2-102414-G-170.wav,al_emadi,2-102414-G-170,1.0216875,0.2863718449695448,8.289361953735352,0.00044472444182395906,0.08362471210883682,0.0007310030050575733,-0.09110569655895233,0.09168096557259571,0.376036769374177,8.062253952026367,0.0007831329686314878,0.09582443470874014,0.004099185345694423,-0.09645785316824913,0.0935868285596371,0.10890122575660661,9.22565746307373,3.6127165469629374e-05,0.036527282691906214,0.00030421343399211764,-0.04074268713593483,0.039441055804491046,0.09993202851250521,9.915128707885742,-0.0005557406993767994,0.024754108223075704,-0.0002500810078345239,-0.026310227625072003,0.02459087874740362,0.12875813138716632,10.352334976196289,2.319943429245749e-05,0.019882097793909023,-0.0002290384582011029,-0.017878343537449836,0.017940879240632063
F:\Seminario\Seminario-Clustering\datasets\davi\Al Emadi (2019)\Multiclass_Drone_Audio\bebop_1\mixed_32-bebop_000_.wav,Multiclass_Drone_Audio\bebop_1\mixed_32-bebop_000_.wav,al_emadi,mixed_32-bebop_000,1.024,0.4836835065034617,8.57747745513916,-0.0014134515015842412,0.2248424171780001,0.0035289740189909935,-0.2691032975912094,0.2526977896690369,0.25808424671024044,8.623387336730957,-0.0007534997714756879,0.16424129973297824,-0.0008522092830389738,-0.20102285444736478,0.1988644644618035,0.11129079536392453,9.642228126525879,0.0008896730969026727,0.07637034459003753,0.0017302388441748917,-0.09096034839749335,0.09321977198123932,0.09430417798567543,10.777975082397461,-0.00015786237803512516,0.04975574226618819,-0.0005669613019563258,-0.06160183623433113,0.05998276174068451,0.05263727343669787,11.93814468383789,-1.7593885884367957e-05,0.02629643781735354,0.00017746695084497333,-0.033447278290987016,0.033521081507205966
F:\Seminario\Seminario-Clustering\datasets\davi\Al Emadi (2019)\Multiclass_Drone_Audio\unknown\1-80785-A-74.wav,Multiclass_Drone_Audio\unknown\1-80785-A-74.wav,al_emadi,1-80785-A-74,0.95975,0.9954027414372022,9.01542854309082,-0.009533688269351179,1.0178610600641491,0.00516137364320457,-1.320860505104065,1.3858929872512817,0.0018419812445146294,8.830917358398438,0.0033372459319992837,0.043660199842958464,0.002260696841403842,-0.0524373110383749,0.05954005755484104,0.001544175160983135,9.58230972290039,-0.00011976352084712307,0.02840048446802299,0.00018498767167329788,-0.03455435186624527,0.0343276605010033,0.0007248903505345007,10.655792236328125,-1.8596872335883016e-05,0.013770216500735871,5.6944729294627905e-05,-0.017272255942225454,0.016686535999178888,0.00048621180676555785,11.716702461242676,1.633730194441152e-05,0.007978103279344373,-0.00013248871255200356,-0.009925991296768188,0.009968210943043232
F:\Seminario\Seminario-Clustering\datasets\davi\Al Emadi (2019)\Multiclass_Drone_Audio\unknown\1-85362-A-00.wav,Multiclass_Drone_Audio\unknown\1-85362-A-00.wav,al_emadi,1-85362-A-00,1.0216875,0.1085939019815418,7.736208915710449,9.389779623779052e-05,0.13797552014178677,0.0002233473351225257,-0.12778667807579042,0.12270031496882447,0.6919530490029243,7.71958589553833,-0.006774695024156697,0.34822147424322475,-0.0035586769226938486,-0.34234475195407865,0.3193264603614808,0.18749199493369167,8.772830963134766,-0.0005083012244769923,0.12841416765515307,0.0008595184190198779,-0.12721263766288757,0.1224356055259705,0.011548822925909993,9.501304626464844,-2.4086837484018657e-05,0.022552607598288147,-9.623358891985845e-06,-0.020749994926154612,0.020824269205331807,0.00041223115593219797,10.402400970458984,6.004007942393843e-06,0.0030141753093520943,1.782434992492199e-06,-0.0025754738599061966,0.0024808955378830453
F:\Seminario\Seminario-Clustering\datasets\davi\Al Emadi (2019)\Multiclass_Drone_Audio\unknown\5-243773-B-444.wav,Multiclass_Drone_Audio\unknown\5-243773-B-444.wav,al_emadi,5-243773-B-444,0.95975,0.6072880003392879,8.937932014465332,0.0013166185199450816,0.2190290509250092,-0.0033736873883754015,-0.2833356559276581,0.30361366271972656,0.17261542289882278,8.775094985961914,-0.0020769306152550924,0.1167571045043615,-0.001332772197201848,-0.1489444449543953,0.1410752609372139,0.13196858587954796,9.865869522094727,-0.0007217386009794503,0.07232677454469295,6.512744585052133e-05,-0.09391058832406998,0.09277929067611705,0.0733213338106066,10.40321159362793,0.00024304244667882198,0.03815183795800466,0.0002277496678289026,-0.04307426400482654,0.04453366287052632,0.014806657071734782,11.489545822143555,5.39097626338424e-05,0.01212875253160722,2.2206921130418777e-05,-0.013957163318991661,0.014414461329579353
F:\Seminario\Seminario-Clustering\datasets\davi\Al Emadi (2019)\Multiclass_Drone_Audio\unknown\4-204123-A-392.wav,Multiclass_Drone_Audio\unknown\4-204123-A-392.wav,al_emadi,4-204123-A-392,0.97525,0.0,-0.0,0.0,0.0,0.0,0.0,0.0,0.0,-0.0,0.0,0.0,0.0,0.0,0.0,0.0,-0.0,0.0,0.0,0.0,0.0,0.0,0.0,-0.0,0.0,0.0,0.0,0.0,0.0,0.0,-0.0,0.0,0.0,0.0,0.0,0.0
F:\Seminario\Seminario-Clustering\datasets\davi\Al Emadi (2019)\Multiclass_Drone_Audio\unknown\3-103401-B-334.wav,Multiclass_Drone_Audio\unknown\3-103401-B-334.wav,al_emadi,3-103401-B-334,0.95975,0.04325165471373578,7.88881254196167,0.0016247983901088046,0.04540733269951569,0.000959882017923519,-0.05161313712596893,0.04855448752641678,0.13436589298841844,8.164921760559082,-0.002832854498374067,0.08003411506904115,-0.001022627402562648,-0.09992309659719467,0.08839237317442894,0.5031705603948409,8.744807243347168,0.0006252741764957998,0.10978076884189143,0.000634236610494554,-0.10851808488368987,0.11369345486164097,0.26533489954878126,8.878604888916016,8.959139165041845e-05,0.05641518479193259,-1.173330019810237e-05,-0.04132761545479297,0.04157015196979049,0.05387699235422364,9.08085823059082,3.617525083958759e-05,0.01798386251681697,9.215204045176506e-06,-0.011017510667443275,0.01030765287578106
F:\Seminario\Seminario-Clustering\datasets\davi\Al Emadi (2019)\Multiclass_Drone_Audio\unknown\1-64473-A-451.wav,Multiclass_Drone_Audio\unknown\1-64473-A-451.wav,al_emadi,1-64473-A-451,1.0216875,0.9342366450092207,9.158740043640137,-0.012337805911652193,2.0221142982071747,-0.07379817217588425,-2.661267614364624,2.852724528312683,0.027033436781189864,8.63280200958252,0.0045134643539387715,0.3439525750021216,0.0073053245432674885,-0.40892631113529204,0.4459437757730484,0.015344342283123518,9.573652267456055,0.0015073128795935766,0.18355677662651063,0.0005866209976375103,-0.21786268651485444,0.22265630662441255,0.013504008088798081,10.76713752746582,0.001173201984723645,0.1218499359899673,0.0020476558711379766,-0.15331922322511674,0.15109433084726334,0.00988156783766785,11.76513957977295,6.847321015183108e-05,0.07373907053198732,5.81890344619751e-06,-0.09255964756011963,0.09476714730262757
F:\Seminario\Seminario-Clustering\datasets\davi\Al Emadi (2019)\Multiclass_Drone_Audio\unknown\2-96033-A-133.wav,Multiclass_Drone_Audio\unknown\2-96033-A-133.wav,al_emadi,2-96033-A-133,1.0216875,0.824101120568064,8.862899780273438,-0.005270529879598629,0.2912334285159124,-0.005081836134195328,-0.3680186003446579,0.36516241729259497,0.002569636613956191,9.002786636352539,0.00038879297515499706,0.016260497100923463,0.0009029061766341329,-0.02074610721319914,0.021280395053327093,0.001181471453355371,9.487164497375488,0.0005722802524168995,0.007790956804693286,0.00015020486898720264,-0.00821963232010603,0.009414475597441197,0.0008317449832119789,8.890565872192383,-4.5041929292994984e-05,0.00463794308037567,2.8337904950603843e-05,-0.003279163292609155,0.0032485726987943058,0.17131602638141252,10.32752513885498,1.7973843699854137e-05,0.04708912278414182,-6.898576975800097e-05,-0.03698839247226715,0.03615824580192566
F:\Seminario\Seminario-Clustering\datasets\davi\Al Emadi (2019)\Multiclass_Drone_Audio\unknown\2-66637-A-202.wav,Multiclass_Drone_Audio\unknown\2-66637-A-202.wav,al_emadi,2-66637-A-202,0.97525,0.05283680634414661,6.555861473083496,-3.593946131201182e-05,0.06595737084696389,-0.0004399721510708332,-0.036011770367622375,0.03886544331908226,0.30331377956491157,7.02556848526001,6.197487543174825e-06,0.15803060065395585,-0.00016858156595844775,-0.10706847906112671,0.12450996041297913,0.20505029746732545,7.708909034729004,0.00021770259028669708,0.09201829246092694,-0.00030206596420612186,-0.06004839949309826,0.05548485182225704,0.15240252765713824,8.87558364868164,-0.00011594147726069144,0.056138221711094304,-6.1920472944621e-05,-0.039055291563272476,0.039335645735263824,0.28639658896647807,9.463424682617188,1.9484801487240588e-05,0.05444111917727382,-8.228841033997014e-05,-0.029712693020701397,0.0304131392389536
F:\Seminario\Seminario-Clustering\datasets\davi\Al Emadi (2019)\Multiclass_Drone_Audio\unknown\4-172500-A-274.wav,Multiclass_Drone_Audio\unknown\4-172500-A-274.wav,al_emadi,4-172500-A-274,0.95975,0.8721601574594754,8.621820449829102,0.0005221290814221016,0.03291547569455391,-0.0005091256753075868,-0.03665321320295334,0.04143178276717663,0.03727264788332747,8.210826873779297,0.00030816515196254666,0.006798389827797148,0.0001055856337188743,-0.0070665436796844006,0.007292408496141434,0.031553980067645905,9.142548561096191,7.455173675568061e-06,0.004435640240911227,7.833073323126882e-05,-0.0049958362244069575,0.00476457346230746,0.043911684240896955,9.958221435546875,-9.20236173439551e-06,0.003702902122194413,-1.828075255616568e-05,-0.0038990224245935676,0.003933548415079715,0.015101530348654225,11.182106018066406,-2.668347844135423e-06,0.0015361943029900936,-7.4137860792689025e-06,-0.0016808321233838797,0.0016889905091375113
F:\Seminario\Seminario-Clustering\datasets\davi\Al Emadi (2019)\Multiclass_Drone_Audio\unknown\1-56907-A-461.wav,Multiclass_Drone_Audio\unknown\1-56907-A-461.wav,al_emadi,1-56907-A-461,1.0216875,0.22635487237440113,8.766070365905762,0.0008235567166462744,0.11290656852953898,0.0006138805765658617,-0.14011876434087753,0.13470455259084707,0.18660031606328684,9.11518669128418,-0.0007104689388928648,0.1025136280372451,0.0012131837429478765,-0.13873381912708282,0.13362075686454775,0.2356606897777664,9.637815475463867,-0.001263782572713233,0.08159299932411905,-0.0006015424150973558,-0.0977149710059166,0.09607146680355073,0.30535494725420886,10.620494842529297,-0.000781850453034399,0.06572587034708437,0.0004756251582875848,-0.07974205166101456,0.07595594078302384,0.046029174530336746,11.513866424560547,-2.2341247954813533e-06,0.018053108964617353,-5.314573354553431e-05,-0.02124231830239296,0.02110775448381901
F:\Seminario\Seminario-Clustering\datasets\davi\Al Emadi (2019)\Multiclass_Drone_Audio\unknown\2-60795-A-262.wav,Multiclass_Drone_Audio\unknown\2-60795-A-262.wav,al_emadi,2-60795-A-262,0.97525,0.14703570516511275,8.495447158813477,-0.000996101407961261,0.09938195102100035,0.002125435508787632,-0.11864301562309265,0.11456850916147232,0.5121119532893846,8.438186645507812,-0.0007640164751413769,0.18547983257315867,-0.0007824675412848592,-0.21536976099014282,0.21434803307056427,0.28461786719399507,9.308977127075195,4.135342777881901e-05,0.09792622893942471,0.00030933343805372715,-0.11078136786818504,0.11041025444865227,0.04844681828383878,10.436656951904297,-0.00013112695379802119,0.02859001357816627,-8.166996849467978e-05,-0.03409086354076862,0.0341304074972868,0.0077876560676687625,11.567832946777344,-3.039641998348636e-06,0.008109037597025474,3.886685590259731e-05,-0.009734182618558405,0.009804399125277998
F:\Seminario\Seminario-Clustering\datasets\davi\Al Emadi (2019)\Multiclass_Drone_Audio\unknown\3-71964-A-40.wav,Multiclass_Drone_Audio\unknown\3-71964-A-40.wav,al_emadi,3-71964-A-40,1.0216875,0.007434331395268105,8.904995918273926,2.311419186638469e-06,0.018533373932092832,0.0005352525040507317,-0.02270094957202673,0.02316455636173487,0.007777059397953528,5.810676097869873,-0.0015785575078048645,0.018889918148364,-3.090422887908062e-05,-0.0031582053517922757,0.0028932353248819725,0.47963681706949673,6.6742353439331055,0.005666651386271201,0.10529004007931285,2.528572076698765e-05,-0.00661760251969099,0.007494822610169649,0.48951402966280777,7.263317584991455,-4.920148592069009e-06,0.07537803746681347,-8.02357135398779e-06,-0.006045656045898794,0.005653709452599287,0.015637762474473866,8.436107635498047,-1.0017648150783691e-05,0.00953059788763928,1.0300573194399476e-07,-0.0007490743417292833,0.0007672273786738516
F:\Seminario\Seminario-Clustering\datasets\davi\Al Emadi (2019)\Multiclass_Drone_Audio\unknown\2-59566-A-464.wav,Multiclass_Drone_Audio\unknown\2-59566-A-464.wav,al_emadi,2-59566-A-464,0.95975,0.016258303832250458,6.915994644165039,0.0013177508959381823,0.024013014432721618,0.0002337074838578701,-0.023407144472002983,0.02386231068521738,0.27407131414659835,9.097931861877441,0.00011308923906957109,0.09874008842126027,0.0007282853766810149,-0.1327020823955536,0.13007628917694092,0.28277338016311576,9.848686218261719,-0.00014403878960058444,0.07104828084162737,-0.0010966978734359145,-0.08725707828998565,0.0897666066884995,0.285307775506813,10.320322036743164,-0.0003560901219679712,0.05050157024811401,-0.00021828035824000835,-0.059010361507534984,0.05585950054228306,0.1415892263512224,11.062055587768555,-3.7647079575039707e-06,0.025168468787775594,0.00012522819451987743,-0.027054866775870323,0.02648787572979927
F:\Seminario\Seminario-Clustering\datasets\davi\Al Emadi (2019)\Multiclass_Drone_Audio\unknown\3-144891-A-190.wav,Multiclass_Drone_Audio\unknown\3-144891-A-190.wav,al_emadi,3-144891-A-190,1.0216875,0.8642948396180111,7.103262901306152,-0.0019857029465447516,0.39830273842113906,-0.0010439915931783617,-0.27147920429706573,0.2593653410673149,0.11265445300559221,7.367007255554199,0.0028482284121419637,0.14377279224976489,0.00011135500972159207,-0.1034955196082592,0.13233372122049378,0.020892536326326473,8.326297760009766,0.0003228760033397995,0.04386287828519706,7.495741010643542e-05,-0.03182036578655243,0.03593484982848168,0.0020643729407597705,9.644213676452637,1.2457397814857234e-05,0.009756862740001737,-2.9603841539938003e-05,-0.00805732337757945,0.008105897437781095,9.37981093103965e-05,11.558561325073242,-3.0153621470451727e-06,0.0014712396031323,-5.062873242422938e-06,-0.0017037093406543134,0.0016967460047453654
F:\Seminario\Seminario-Clustering\datasets\davi\Al Emadi (2019)\Multiclass_Drone_Audio\membo_1\Membo_1_029-membo_001_.wav,Multiclass_Drone_Audio\membo_1\Membo_1_029-membo_001_.wav,al_emadi,Membo_1_029-membo_001,1.024,0.49291526402044145,9.136844635009766,-0.0007532773555247385,0.09633693545710362,-0.00256486760918051,-0.12354324236512183,0.12423490956425667,0.04466751573144934,9.01915454864502,7.38296928353273e-05,0.029001100005841617,0.00031852936081122607,-0.03929219618439674,0.03815753348171711,0.10944608936758371,9.922297477722168,0.0004859396722557387,0.032143182939956785,0.0005366757977753878,-0.0404255848377943,0.04098767898976803,0.17324950029222796,10.889719009399414,-0.00013000374330627323,0.028623664292690875,0.0001367568620480597,-0.03658376261591911,0.03561432659626007,0.17972163058829757,11.889369010925293,-9.81632452824649e-06,0.020623588235452447,-0.00023528290330432355,-0.026253204420208932,0.026048541441559797
F:\Seminario\Seminario-Clustering\datasets\davi\Al Emadi (2019)\Multiclass_Drone_Audio\unknown\5-200461-A-111.wav,Multiclass_Drone_Audio\unknown\5-200461-A-111.wav,al_emadi,5-200461-A-111,1.0216875,0.14455122940001874,8.883828163146973,0.0007644272986926312,0.11119879570464057,-0.0030466653406620026,-0.13611862510442735,0.13936965614557273,0.29727484691195427,8.863483428955078,-0.0038297467467335237,0.15942382977419797,-0.004831101279705763,-0.20251242071390152,0.19370408207178116,0.3735023415583677,9.741694450378418,0.002017331321320595,0.12659499509680613,-0.00013203901471570134,-0.14869170486927033,0.1561860978603363,0.13805377960587487,10.804161071777344,0.0008924084269780754,0.054462056616569714,0.0004097569908481091,-0.0666887030005455,0.0679044581949711,0.046617802523784405,11.818193435668945,-3.789188930640307e-05,0.022391039338845575,0.000284805049886927,-0.028321044519543648,0.027666934579610846
F:\Seminario\Seminario-Clustering\datasets\davi\Al Emadi (2019)\Multiclass_Drone_Audio\unknown\4-178402-A-431.wav,Multiclass_Drone_Audio\unknown\4-178402-A-431.wav,al_emadi,4-178402-A-431,1.0216875,0.15708484753986013,9.018560409545898,0.00086942158467172,0.12139367282243788,0.00030085703474469483,-0.18704770207405091,0.17810043394565586,0.36647856609466944,8.746881484985352,-0.0001374012386222532,0.18542325801362441,-0.0011304287472739816,-0.2237485870718956,0.25010050237178805,0.3029386650955022,9.637439727783203,-0.00030869239848050993,0.11941022412571231,-0.0003488854563329369,-0.17276036143302917,0.14664828777313235,0.14289486611953364,10.586931228637695,1.4538255373538617e-05,0.05803327393467142,-9.8394179076422e-05,-0.07553958296775817,0.0816290594637394,0.030603055150434547,11.590631484985352,-2.5388086959375037e-07,0.01899861661621692,3.858685522573069e-05,-0.02639261484146118,0.02475730143487454
F:\Seminario\Seminario-Clustering\datasets\davi\Al Emadi (2019)\Multiclass_Drone_Audio\membo_1\mixed_membo_16-membo_002_.wav,Multiclass_Drone_Audio\membo_1\mixed_membo_16-membo_002_.wav,al_emadi,mixed_membo_16-membo_002,1.024,0.8414051023550687,7.861255645751953,-0.0030787037006235747,0.09821094719566409,-0.0006768315797671676,-0.09441600292921065,0.09175232350826265,0.058336300447863476,8.135769844055176,-0.00036991780419077825,0.025869953889684844,0.000523576483828947,-0.026695160567760466,0.026020460948348062,0.028960743238430276,9.492546081542969,-0.0001870989639501062,0.012907681410045035,-5.651667743222788e-05,-0.014492546487599612,0.014555525686591866,0.03015867724971403,10.689233779907227,-3.9749898302480776e-05,0.009322803556986073,-0.00010823791672009975,-0.011153040453791618,0.011366854421794415,0.04113917670892351,11.668014526367188,1.3129992758694486e-06,0.0077026923259652606,5.617191345663741e-05,-0.009253747574985026,0.009130948409438134
F:\Seminario\Seminario-Clustering\datasets\davi\Al Emadi (2019)\Multiclass_Drone_Audio\unknown\5-233605-A-393.wav,Multiclass_Drone_Audio\unknown\5-233605-A-393.wav,al_emadi,5-233605-A-393,1.0216875,0.0,-0.0,0.0,0.0,0.0,0.0,0.0,0.0,-0.0,0.0,0.0,0.0,0.0,0.0,0.0,-0.0,0.0,0.0,0.0,0.0,0.0,0.0,-0.0,0.0,0.0,0.0,0.0,0.0,0.0,-0.0,0.0,0.0,0.0,0.0,0.0
F:\Seminario\Seminario-Clustering\datasets\davi\Al Emadi (2019)\Multiclass_Drone_Audio\unknown\1-17367-A-101.wav,Multiclass_Drone_Audio\unknown\1-17367-A-101.wav,al_emadi,1-17367-A-101,1.0216875,0.044990260352377826,8.522581100463867,-2.7776845553726798e-06,0.08086221168630732,0.0005606489721685648,-0.10000356510281563,0.09326813593506814,0.04265118488407506,8.695796966552734,-0.0014533840995445007,0.07871869769702464,-0.0016659923712722957,-0.09836503863334656,0.09033197015523911,0.3208970566277299,9.914277076721191,-0.0020985615176315523,0.15295157211849802,-0.005717084743082523,-0.1939465194940567,0.19153883457183843,0.4325267565834666,10.638811111450195,0.0014928358772627096,0.12565823598355882,0.0011287863017059863,-0.14634742885828017,0.15337229520082477,0.15893474155235063,11.86312484741211,2.4849098047190428e-05,0.05388840093106356,-0.0005304183578118682,-0.06764141023159027,0.06783289760351183
F:\Seminario\Seminario-Clustering\datasets\davi\Al Emadi (2019)\Multiclass_Drone_Audio\unknown\3-233151-A-24.wav,Multiclass_Drone_Audio\unknown\3-233151-A-24.wav,al_emadi,3-233151-A-24,0.95975,0.0,-0.0,0.0,0.0,0.0,0.0,0.0,0.0,-0.0,0.0,0.0,0.0,0.0,0.0,0.0,-0.0,0.0,0.0,0.0,0.0,0.0,0.0,-0.0,0.0,0.0,0.0,0.0,0.0,0.0,-0.0,0.0,0.0,0.0,0.0,0.0
F:\Seminario\Seminario-Clustering\datasets\davi\Al Emadi (2019)\Multiclass_Drone_Audio\bebop_1\mixed_49-bebop_003_.wav,Multiclass_Drone_Audio\bebop_1\mixed_49-bebop_003_.wav,al_emadi,mixed_49-bebop_003,1.024,0.36628300381722245,8.319263458251953,0.0003665121709328886,0.12714245467886867,-0.002339392085559666,-0.12408916354179382,0.1407950982451439,0.12904600571775923,6.966257095336914,-0.001652023037011143,0.0754487806784874,0.0011424453696236014,-0.060613169521093364,0.05063017681241035,0.2879689793983716,8.557271957397461,0.0010037266420768489,0.07982537010995204,-0.0008566669712308794,-0.06277327388525009,0.06822396069765091,0.13807372970282722,10.757340431213379,0.00015337623017364036,0.03912099910672369,-0.00039867550367489457,-0.04853910207748413,0.048076920211315155,0.07862828136381944,11.959635734558105,0.0001023172379814144,0.020883935367638967,-5.495517689269036e-05,-0.026639163494110107,0.02684371024370194
F:\Seminario\Seminario-Clustering\datasets\davi\Al Emadi (2019)\Multiclass_Drone_Audio\unknown\3-155130-A-430.wav,Multiclass_Drone_Audio\unknown\3-155130-A-430.wav,al_emadi,3-155130-A-430,1.0216875,0.7219566739186549,8.87236213684082,-6.664948638053865e-05,0.044961235991092474,0.0007387381047010422,-0.05462203361093998,0.05732950977981093,0.15308782068554905,9.064842224121094,-7.607918719913727e-05,0.020703823101519227,0.00018474569515092298,-0.02723823841661215,0.02697856910526753,0.10931247795734293,9.868789672851562,0.00018145950051771568,0.012390734120338521,0.00020421488443389535,-0.016037732362747192,0.015531619638204576,0.012823625756346959,10.909575462341309,-2.4262730196264913e-05,0.003003330654095418,-3.6864366848021746e-06,-0.0038222302915528416,0.003840845893137157,0.002819401682106136,11.947395324707031,-3.4805651466240013e-06,0.0009962275222280227,-1.3755634427070618e-05,-0.0012663660803809763,0.001276539009995759
F:\Seminario\Seminario-Clustering\datasets\davi\Al Emadi (2019)\Multiclass_Drone_Audio\unknown\1-40967-A-282.wav,Multiclass_Drone_Audio\unknown\1-40967-A-282.wav,al_emadi,1-40967-A-282,0.97525,0.2279813863628257,8.869985580444336,-0.000513457374616246,0.006645721956432768,-0.0005191235104575753,-0.008756075985729694,0.008134077303111553,0.27641520304729783,8.541214942932129,-5.343687573460759e-05,0.0073392936861470396,-0.00015832818462513387,-0.00937891285866499,0.009290387853980064,0.26321665152722407,9.484321594238281,-5.699746457544084e-05,0.005071823902802356,-6.854951789136976e-05,-0.006416104966774583,0.006238969974219799,0.13687544489457085,10.394644737243652,9.38477639124998e-06,0.002588291062245542,-1.155199970526155e-05,-0.003219835227355361,0.0032538335071876645,0.09551131416808153,11.35689640045166,-4.130861924846924e-06,0.001529532425791079,-3.353207830514293e-06,-0.00185538672376424,0.001856819423846901
F:\Seminario\Seminario-Clustering\datasets\davi\Al Emadi (2019)\Multiclass_Drone_Audio\unknown\2-104168-A-324.wav,Multiclass_Drone_Audio\unknown\2-104168-A-324.wav,al_emadi,2-104168-A-324,0.95975,0.36968348159956926,8.32761001586914,0.0006068153299137978,0.03411976323760637,0.0,-0.03884541615843773,0.04038085788488388,0.023824610543919576,6.667999744415283,0.00016592631027428974,0.008661495131662042,0.0,-0.005226147128269076,0.006444147787988186,0.045782257643854254,6.478952407836914,0.00025370017271381004,0.008503314306559198,0.0,-0.0027344951871782538,0.0030613851267844443,0.38766390286031305,5.436168193817139,9.890677182903224e-05,0.017517707069305014,0.0,-0.0022154188947752116,0.0020805430831387643,0.17304574735234388,6.889072418212891,5.759874961194531e-07,0.008279799080371585,0.0,-0.0013030574191361666,0.0013594430638477206
F:\Seminario\Seminario-Clustering\datasets\davi\Al Emadi (2019)\Multiclass_Drone_Audio\unknown\2-101676-A-101.wav,Multiclass_Drone_Audio\unknown\2-101676-A-101.wav,al_emadi,2-101676-A-101,1.0216875,0.17612687471964164,8.825431823730469,0.0004044364114538386,0.07306477314032081,-0.0020263944752514362,-0.08761273100972175,0.09158364236354834,0.08214583612196463,8.853260040283203,0.0006017350447339521,0.04989569701388539,0.00200439989566803,-0.06211705431342125,0.06086050197482112,0.08351498491036437,9.333406448364258,-0.0009224246290327505,0.035625760803620024,-0.0012848818441852927,-0.041282185912132265,0.0400691956281662,0.2506257845500305,8.928779602050781,0.0003187694119964396,0.04368496114151777,-0.0005094641528557986,-0.03982122987508774,0.039891894534230234,0.40758651969799886,10.605790138244629,-1.1898085768931949e-05,0.03941044439712902,-0.00010221384582109749,-0.03829394802451134,0.03958353474736217
F:\Seminario\Seminario-Clustering\datasets\davi\Al Emadi (2019)\Multiclass_Drone_Audio\membo_1\mixed_membo_38-membo_000_.wav,Multiclass_Drone_Audio\membo_1\mixed_membo_38-membo_000_.wav,al_emadi,mixed_membo_38-membo_000,1.024,0.7549351007119771,8.74680233001709,-0.0008103093461560773,0.0836675877434194,0.0009111223043873906,-0.09768953919410706,0.10218241065740587,0.027408236327847953,8.97988224029541,-4.101186970676051e-05,0.01594270100058228,-0.00019339920254424214,-0.020514984056353568,0.020746865868568422,0.050758297791619014,9.975915908813477,-1.3772778494299767e-05,0.015363654319468727,-0.0002567161136539653,-0.019896480441093444,0.019944974407553672,0.07875367602529844,10.654702186584473,9.167833111436946e-06,0.01354352897371315,0.00017998501425608993,-0.016845297068357468,0.01688574068248272,0.08814468914325753,11.632989883422852,1.8428396459428374e-05,0.010135945815116485,0.00011576895485632122,-0.012314883433282374,0.012259977124631413
F:\Seminario\Seminario-Clustering\datasets\davi\Al Emadi (2019)\Multiclass_Drone_Audio\unknown\5-256512-A-304.wav,Multiclass_Drone_Audio\unknown\5-256512-A-304.wav,al_emadi,5-256512-A-304,0.95975,0.9743837588622256,7.1419525146484375,-0.0271010529889528,1.1889535675604295,0.0017640157020650804,-0.7093178033828735,0.5030927360057831,0.016595544437749812,4.972660064697266,0.0017495849555808165,0.15519610875974418,0.00016096519539132714,-0.021882344968616962,0.025764701887965202,0.007387115870606232,5.07462739944458,0.0004359720494081652,0.07335262021687053,-8.541392162442207e-06,-0.005892867594957351,0.0052528455853462245,0.0014833251475131761,5.474142551422119,3.1964860150089904e-06,0.02326096355299774,6.826721801189706e-07,-0.001200009835883975,0.0012604090385139016,0.00015025568190514137,5.949129581451416,-5.060161745944854e-06,0.005237301930264906,4.891553544439375e-07,-0.000264548696577549,0.00029530597385019064
F:\Seminario\Seminario-Clustering\datasets\davi\Al Emadi (2019)\Multiclass_Drone_Audio\unknown\5-261433-A-153.wav,Multiclass_Drone_Audio\unknown\5-261433-A-153.wav,al_emadi,5-261433-A-153,1.0216875,0.0,-0.0,0.0,0.0,0.0,0.0,0.0,0.0,-0.0,0.0,0.0,0.0,0.0,0.0,0.0,-0.0,0.0,0.0,0.0,0.0,0.0,0.0,-0.0,0.0,0.0,0.0,0.0,0.0,0.0,-0.0,0.0,0.0,0.0,0.0,0.0
F:\Seminario\Seminario-Clustering\datasets\davi\Al Emadi (2019)\Multiclass_Drone_Audio\unknown\silence215.wav,Multiclass_Drone_Audio\unknown\silence215.wav,al_emadi,silence215,1.1145625,0.0,-0.0,0.0,0.0,0.0,0.0,0.0,0.0,-0.0,0.0,0.0,0.0,0.0,0.0,0.0,-0.0,0.0,0.0,0.0,0.0,0.0,0.0,-0.0,0.0,0.0,0.0,0.0,0.0,0.0,-0.0,0.0,0.0,0.0,0.0,0.0
F:\Seminario\Seminario-Clustering\datasets\davi\Al Emadi (2019)\Multiclass_Drone_Audio\unknown\2-39443-B-190.wav,Multiclass_Drone_Audio\unknown\2-39443-B-190.wav,al_emadi,2-39443-B-190,1.0216875,0.39852518901595324,6.05714225769043,0.014148910550748501,0.15451518448060736,0.013974750880151987,-0.07497262582182884,0.11387237012386324,0.19270257759625364,6.535043716430664,0.0006863765516747861,0.10789254815193208,0.00019130799773847684,-0.06505987644195557,0.07919871956110004,0.28566894189483505,6.5561652183532715,-0.0005727485180300793,0.09304763353429182,-4.6722030674573034e-05,-0.041591952741146083,0.040488065779209194,0.11730686339840221,7.335289001464844,-2.6953907487922784e-05,0.04219362447640561,1.2191339919809252e-05,-0.016826329194009303,0.015525829978287229,0.005796428094555849,8.74936580657959,-7.23623026496911e-07,0.006634928370436229,4.388082743389532e-06,-0.002965850895270705,0.002859797701239587
F:\Seminario\Seminario-Clustering\datasets\davi\Al Emadi (2019)\Multiclass_Drone_Audio\unknown\4-146200-A-363.wav,Multiclass_Drone_Audio\unknown\4-146200-A-363.wav,al_emadi,4-146200-A-363,1.0216875,0.2111334714892814,8.968856811523438,-0.02528550365309191,0.5807843019305537,-0.017243273556232452,-0.7586485087871552,0.7183534979820255,0.4543470044972937,9.067553520202637,0.013542509878757283,0.8526810171800943,0.016078833490610123,-1.068723165988922,1.1441246867179875,0.15967469444066432,9.949564933776855,0.0002802982844554139,0.3580890332603901,0.005535103380680084,-0.4648726165294647,0.4619623601436615,0.1134345122027837,10.948925018310547,-0.003793535622868417,0.21354055201971509,-0.006771282758563757,-0.27136861681938174,0.2758612364530563,0.06141031736997688,11.93947982788086,-0.0002232548254635162,0.11116469192440977,0.00021862200810573995,-0.14216071367263794,0.14042486250400546
F:\Seminario\Seminario-Clustering\datasets\davi\Al Emadi (2019)\Multiclass_Drone_Audio\unknown\4-156993-A-194.wav,Multiclass_Drone_Audio\unknown\4-156993-A-194.wav,al_emadi,4-156993-A-194,0.95975,0.8986571757525349,8.095951080322266,0.0006617313944088685,0.31544097340846383,0.008795271161943674,-0.35279883444309235,0.33142438530921936,0.08494001617669825,7.913041114807129,-0.0028059510279441536,0.09693851456540231,-0.0019321389263495803,-0.10527472198009491,0.09549498558044434,0.014235222403467447,9.351611137390137,-0.0003895222337450832,0.028121320108399257,-0.00035888119600713253,-0.03235395178198814,0.03168203160166741,0.0017296213935218171,10.66100025177002,1.4259247990396505e-05,0.006937348797870666,-5.619511648546904e-05,-0.008390948735177517,0.0085011724382639,0.0004379642737775966,11.814925193786621,2.301099048828702e-06,0.0024695673274966103,-2.3721368052065372e-06,-0.003070807782933116,0.0031743061263114214
F:\Seminario\Seminario-Clustering\datasets\davi\Al Emadi (2019)\Multiclass_Drone_Audio\unknown\3-181278-A-223.wav,Multiclass_Drone_Audio\unknown\3-181278-A-223.wav,al_emadi,3-181278-A-223,1.0216875,0.3814168283567877,8.661666870117188,-0.0008711291312086957,0.06929219574660225,-0.00204938038950786,-0.082167749106884,0.0791465498507023,0.28228178881936755,6.773422718048096,0.001574131792178151,0.05959484319154225,0.0011354858288541436,-0.052153049036860466,0.05524471513926983,0.1761371018569727,7.267301082611084,-0.0003537608942517946,0.033353798872635114,-0.0003096603322774172,-0.02500525452196598,0.025459818169474603,0.0952956932740626,7.772221088409424,0.00010740095890740252,0.01736104208193443,0.00016565617261221632,-0.011805105861276387,0.01154037714004517,0.06486858769280944,6.286557197570801,1.9139390399034922e-05,0.01013292227116327,1.266115577891469e-05,-0.0039314990863204,0.0038609597831964506
F:\Seminario\Seminario-Clustering\datasets\davi\Al Emadi (2019)\Multiclass_Drone_Audio\unknown\4-181599-A-261.wav,Multiclass_Drone_Audio\unknown\4-181599-A-261.wav,al_emadi,4-181599-A-261,1.0216875,0.7455095207344143,9.949254989624023,0.5743278396906556,0.06652262771494973,0.5719869434833527,0.5448235034942627,0.598838496208191,0.02307744038132212,6.235828399658203,-0.001229067653750979,0.10171599289854888,0.0007146238349378109,-0.052648717537522316,0.05142113007605084,0.09443735889000236,7.918377876281738,0.004271734807014887,0.14569278450705697,-0.0005867222789674997,-0.07120034098625183,0.0724979490041733,0.11736876772806425,8.987895965576172,0.0006109914408811438,0.11498098234674779,0.0001253767404705286,-0.06805327907204628,0.0706329457461834,0.019606912266196944,10.358962059020996,-9.42809665721979e-06,0.033245379442826996,-9.977852459996939e-05,-0.027750683575868604,0.0275628473609686
F:\Seminario\Seminario-Clustering\datasets\davi\Al Emadi (2019)\Multiclass_Drone_Audio\unknown\1-30709-A-231.wav,Multiclass_Drone_Audio\unknown\1-30709-A-231.wav,al_emadi,1-30709-A-231,1.0216875,0.22680960108983372,7.255459785461426,-0.006672303319491033,0.2203160950902974,-0.007726011797785759,-0.170335029065609,0.1582007125020028,0.3360853596128896,6.444427967071533,0.007529786627629594,0.2682058829890821,-0.0002913108764914796,-0.10783019140362739,0.1359175443649294,0.2663297414018702,7.696982383728027,0.0005257791128058589,0.16917956711317486,0.00028405687771737576,-0.07986602336168287,0.08127340227365508,0.10838352456139506,8.358797073364258,-0.0002723204240584326,0.07636990053899667,-7.235062366817147e-05,-0.02292015496641397,0.022767089121043693,0.062391773334011434,9.248223304748535,5.982334909973184e-05,0.04098994684979261,1.4595047105103731e-05,-0.008114019595086574,0.00842214170843363
F:\Seminario\Seminario-Clustering\datasets\davi\Al Emadi (2019)\Multiclass_Drone_Audio\bebop_1\B_S2_D1_086-bebop_000_.wav,Multiclass_Drone_Audio\bebop_1\B_S2_D1_086-bebop_000_.wav,al_emadi,B_S2_D1_086-bebop_000,1.024,0.7669929015929485,8.304189682006836,-0.003674276181365571,0.382993760203335,-0.0006421562284231186,-0.4361966639757156,0.4124490141868592,0.012537492964250605,8.960367202758789,0.00026046926578398324,0.048968324696590876,-0.00021898670820519328,-0.06239273063838482,0.0632695697247982,0.052701008523109015,9.972345352172852,0.0011120931418932714,0.07108709238501876,0.0019575842889025807,-0.08902285173535347,0.09321897625923158,0.0938686804099029,10.916716575622559,0.0006301395997360882,0.06714767553644828,0.0010469885310158134,-0.08502484858036041,0.08624625951051712,0.07389991650978894,11.957070350646973,-3.291886730626089e-05,0.04214848804393241,-5.5983487982302904e-05,-0.05427137240767479,0.05440580546855927
F:\Seminario\Seminario-Clustering\datasets\davi\Al Emadi (2019)\Multiclass_Drone_Audio\bebop_1\B_S2_D1_127-bebop_004_.wav,Multiclass_Drone_Audio\bebop_1\B_S2_D1_127-bebop_004_.wav,al_emadi,B_S2_D1_127-bebop_004,0.896,0.8134558265263685,8.580245971679688,-0.0017409224642395246,0.39660003773184255,-0.005213474854826927,-0.48689217567443843,0.4945601910352706,0.015808680629523866,8.814948081970215,-0.00034936550746392047,0.05528777184168009,-0.0022872587433084846,-0.06994994208216666,0.074219162017107,0.04525639998568417,9.679289817810059,-0.0010039124956228048,0.06625040063811001,6.029545693309046e-05,-0.0836766704916954,0.08249879404902458,0.07303382000141392,10.684761047363281,-4.920688585490331e-05,0.05957558838830273,-0.0011532020289450884,-0.07472865134477616,0.0751920610666275,0.05244527285700952,11.672103881835938,-0.00015100012297240498,0.03571516242400995,-0.0006136203883215785,-0.045162949711084366,0.044461268931627274
F:\Seminario\Seminario-Clustering\datasets\davi\Al Emadi (2019)\Multiclass_Drone_Audio\unknown\5-234263-A-254.wav,Multiclass_Drone_Audio\unknown\5-234263-A-254.wav,al_emadi,5-234263-A-254,0.95975,0.0,-0.0,0.0,0.0,0.0,0.0,0.0,0.0,-0.0,0.0,0.0,0.0,0.0,0.0,0.0,-0.0,0.0,0.0,0.0,0.0,0.0,0.0,-0.0,0.0,0.0,0.0,0.0,0.0,0.0,-0.0,0.0,0.0,0.0,0.0,0.0
F:\Seminario\Seminario-Clustering\datasets\davi\Al Emadi (2019)\Multiclass_Drone_Audio\unknown\5-161270-B-330.wav,Multiclass_Drone_Audio\unknown\5-161270-B-330.wav,al_emadi,5-161270-B-330,1.0216875,0.6861545879558291,9.036331176757812,-0.009095814015629342,0.14891677636484274,-0.005374196218326688,-0.1983363926410675,0.1903641939163208,0.07945632772496815,8.77285385131836,0.0021604008696384904,0.050723819129921965,0.0023905307753011584,-0.05713957622647285,0.06278060749173167,0.09891929551974307,8.777122497558594,0.0006249429492125122,0.040119421378581814,-0.00014895782805979252,-0.03905250430107116,0.03969372808933258,0.11307250239939073,9.41493034362793,0.00024992785377560565,0.03035524815840537,-0.0002997432602569461,-0.024468767270445817,0.024589649587869647,0.022397286400069,10.98708724975586,5.787704200677267e-06,0.009557370569678853,-6.76676572766155e-05,-0.009425574541091919,0.009467598050832762
F:\Seminario\Seminario-Clustering\datasets\davi\Al Emadi (2019)\Multiclass_Drone_Audio\unknown\4-194981-A-254.wav,Multiclass_Drone_Audio\unknown\4-194981-A-254.wav,al_emadi,4-194981-A-254,0.95975,0.7852389311284254,5.714992046356201,0.0002230372649653225,0.13346083695363498,0.0018701812950894237,-0.06169071048498154,0.055854564532637596,0.1528212135189968,5.657188892364502,0.0005126910427202677,0.05887472643945403,9.675055116531439e-05,-0.030602015554904938,0.03241458535194397,0.04638825221563787,7.663717269897461,-0.000562955718436475,0.022972082563104006,-0.0005608280771411955,-0.01683138906955719,0.016561881452798844,0.01244825838332899,9.442527770996094,1.8257745534325933e-05,0.008423715130596912,3.3353446269757114e-05,-0.007191861514002085,0.007215470494702461,0.0031033447536110074,10.683568954467773,1.9540390117102287e-06,0.0029754190300840264,5.221314495429397e-06,-0.00288893049582839,0.0028632867615669966
F:\Seminario\Seminario-Clustering\datasets\davi\Al Emadi (2019)\Multiclass_Drone_Audio\unknown\5-209698-A-380.wav,Multiclass_Drone_Audio\unknown\5-209698-A-380.wav,al_emadi,5-209698-A-380,1.0216875,0.010912108480846387,8.235795974731445,-6.0068638119308385e-05,0.002150326650808231,2.6928844818030484e-05,-0.002561368211172521,0.002384721487760544,0.008606136285691448,8.62017822265625,-4.065075113063634e-05,0.0019099643609352273,-3.7250802051858045e-05,-0.0023112165508791804,0.0022391208680346613,0.013954826667621007,9.00438404083252,-9.925176289510043e-06,0.0017230587902422405,3.154680598527193e-05,-0.0018251692876219748,0.0017873852513730526,0.6716739130074393,6.885228157043457,0.00031414537187568644,0.008453329545046628,3.908852340828162e-05,-0.003023076383396983,0.00349524561315775,0.2948530155584018,7.847291469573975,-4.174753392613321e-05,0.0039645852466598085,-5.835413503518794e-07,-0.0019484768388792872,0.0018996664090082053
F:\Seminario\Seminario-Clustering\datasets\davi\Al Emadi (2019)\Multiclass_Drone_Audio\bebop_1\mixed_33-bebop_002_.wav,Multiclass_Drone_Audio\bebop_1\mixed_33-bebop_002_.wav,al_emadi,mixed_33-bebop_002,1.024,0.37508169868788416,9.050766944885254,0.0009580459819826325,0.20092486052512332,-0.0007855501025915146,-0.25892118513584134,0.26644539535045625,0.12444510505815341,8.984938621520996,0.005290914434759914,0.11561396516675158,0.01028127083554864,-0.13965272903442383,0.14981854110956194,0.1281957413980171,9.985092163085938,0.002040713232719155,0.08315725297099254,0.0019069332047365606,-0.10303474813699721,0.10805112123489383,0.1943404374033705,10.942232131958008,-0.001154978982205211,0.07247293331836965,-0.0011417265050113201,-0.09505604207515717,0.0906282439827919,0.1779370174525748,11.942968368530273,-0.00019641865940214504,0.04906247996168758,-0.00043459449079819024,-0.06339256167411804,0.06327068507671357
F:\Seminario\Seminario-Clustering\datasets\davi\Al Emadi (2019)\Multiclass_Drone_Audio\unknown\1-72229-A-64.wav,Multiclass_Drone_Audio\unknown\1-72229-A-64.wav,al_emadi,1-72229-A-64,0.95975,0.08965409890406581,8.826412200927734,0.0003377854476748401,0.05548540813029356,0.0014533167704939842,-0.074362363666296,0.07306497916579247,0.29277097088196424,8.525269508361816,0.0005459136626323807,0.10026730709278772,-0.0015363451675511897,-0.11658167839050293,0.12087859585881233,0.5437440935439235,9.359427452087402,0.0003913981721104522,0.09679851734189013,-0.0007910402491688728,-0.1131997749209404,0.11191783547401435,0.06643638461325248,10.492334365844727,4.457170788224936e-05,0.023944230655939227,8.89875809662044e-05,-0.028273747861385343,0.028510111942887308,0.00739445205679392,11.67292308807373,-2.578168950774333e-06,0.005651118596429742,1.7734389984980226e-05,-0.007007449399679899,0.006973408628255129
F:\Seminario\Seminario-Clustering\datasets\davi\Al Emadi (2019)\Multiclass_Drone_Audio\unknown\5-156698-A-184.wav,Multiclass_Drone_Audio\unknown\5-156698-A-184.wav,al_emadi,5-156698-A-184,0.95975,0.43560889610248904,7.1865973472595215,-0.0007519775716077891,0.09224271818920537,-0.000977839285042137,-0.06724769622087479,0.0673893503844738,0.3357086537742937,7.6172566413879395,-0.0001139303059358146,0.08098022442470774,0.001155233767349273,-0.07261223718523979,0.07015321031212807,0.10775819791565786,9.31368350982666,-0.000205330111161207,0.03250033631164086,-0.00018916104454547167,-0.036732576042413714,0.036536223441362405,0.059566315982851864,10.234224319458008,0.00039584933167397397,0.017095390031043368,0.0004160423413850367,-0.017912490479648113,0.0193076189607382,0.06135793622470752,10.017251968383789,-3.320317874734828e-05,0.012277547030080655,-0.00014605092292185873,-0.011446189135313034,0.011555332690477371
F:\Seminario\Seminario-Clustering\datasets\davi\Al Emadi (2019)\Multiclass_Drone_Audio\unknown\1-49409-B-80.wav,Multiclass_Drone_Audio\unknown\1-49409-B-80.wav,al_emadi,1-49409-B-80,1.0216875,0.5848942466846724,8.870084762573242,-0.000400407688469347,0.08069647503631007,-0.001788391440641135,-0.10265225395560265,0.10195727199316029,0.09743155440887766,9.008197784423828,0.0012618657960195765,0.03291183475678215,0.0005904381978325546,-0.03850521147251129,0.04266771562397481,0.16001662979698994,9.78437614440918,0.001533988104005413,0.029857741914544253,0.0010332970414310694,-0.035683596134185785,0.0380690336227417,0.14829020967896842,10.872549057006836,-4.467851115077259e-05,0.020365973630877655,-0.0003342895215610042,-0.025897380895912647,0.025874303840100765,0.00936735943049158,11.744073867797852,4.863380045811989e-06,0.0036210038764888305,-4.006085509900004e-05,-0.004338094871491193,0.0044210403226316
F:\Seminario\Seminario-Clustering\datasets\davi\Al Emadi (2019)\Multiclass_Drone_Audio\unknown\silence271.wav,Multiclass_Drone_Audio\unknown\silence271.wav,al_emadi,silence271,1.1145625,0.0,-0.0,0.0,0.0,0.0,0.0,0.0,0.0,-0.0,0.0,0.0,0.0,0.0,0.0,0.0,-0.0,0.0,0.0,0.0,0.0,0.0,0.0,-0.0,0.0,0.0,0.0,0.0,0.0,0.0,-0.0,0.0,0.0,0.0,0.0,0.0
F:\Seminario\Seminario-Clustering\datasets\davi\Al Emadi (2019)\Multiclass_Drone_Audio\unknown\2-184077-A-490.wav,Multiclass_Drone_Audio\unknown\2-184077-A-490.wav,al_emadi,2-184077-A-490,1.0216875,0.4586489484437051,8.673734664916992,0.00026239517092992864,0.04338866679070833,-0.000865005305968225,-0.04999992623925209,0.05243376046419144,0.264969443112523,7.1945085525512695,0.00016949373206910987,0.0329789026906077,-0.0003631662839325145,-0.026369687356054782,0.024059592559933677,0.1571566183511083,8.14712142944336,0.00011773542475855905,0.017989814010576626,0.00024116001441143453,-0.014953647553920745,0.014752128720283513,0.07418862691383252,9.221861839294434,-4.683435975494811e-05,0.008746519013799211,-6.514450069516897e-05,-0.008392741438001394,0.0084289075806737,0.04503636317883106,10.499886512756348,4.091167911818675e-06,0.004820866689016392,-1.6544472600799054e-05,-0.004630874469876289,0.004825808014720681
F:\Seminario\Seminario-Clustering\datasets\davi\Al Emadi (2019)\Multiclass_Drone_Audio\bebop_1\B_S2_D1_109-bebop_004_.wav,Multiclass_Drone_Audio\bebop_1\B_S2_D1_109-bebop_004_.wav,al_emadi,B_S2_D1_109-bebop_004,0.896,0.1327387338758671,8.850886344909668,0.0004771949986394437,0.0794919645149331,-0.00017856404883787036,-0.10572482347488403,0.1032168038189411,0.07962449481524404,8.774635314941406,0.0010159977405146694,0.06155969077224173,0.0023732915287837386,-0.07959831058979035,0.07753011733293533,0.18774435283729776,9.736001968383789,0.0015329592574729136,0.06694378246017411,0.0029652134981006384,-0.08402307108044624,0.08568650186061857,0.32733090012590116,10.745516777038574,-0.0023290128204123983,0.06253761306396496,-0.0015485939802601933,-0.081829471886158,0.07584868073463441,0.27256151834568987,11.768890380859375,3.188177176631291e-05,0.04039966413169054,-0.0003670802107080817,-0.05141245201230049,0.051962144672870636
F:\Seminario\Seminario-Clustering\datasets\davi\Al Emadi (2019)\Multiclass_Drone_Audio\unknown\3-146873-A-241.wav,Multiclass_Drone_Audio\unknown\3-146873-A-241.wav,al_emadi,3-146873-A-241,1.0216875,0.7873120742021861,5.894526958465576,0.0028954802897143486,0.07579552127338841,0.0,-0.027201412431895732,0.022911919467151178,0.13787014594873087,6.2678141593933105,0.0004725844125064428,0.031737575372997325,0.0,-0.007396237691864371,0.00856280410662303,0.06089374842599237,7.206727981567383,-9.38133185134018e-06,0.014941651927530924,0.0,-0.004496848583221435,0.0033603373914957053,0.009803219061633233,8.16739559173584,-1.8461697153289997e-05,0.004242245029567305,0.0,-0.0010665623703971505,0.0009172921185381759,0.004120812361457435,8.981315612792969,-3.0714448388497816e-07,0.00194570831372984,0.0,-0.0002925422159023583,0.00025506042875349716
F:\Seminario\Seminario-Clustering\datasets\davi\Al Emadi (2019)\Multiclass_Drone_Audio\unknown\3-166125-B-232.wav,Multiclass_Drone_Audio\unknown\3-166125-B-232.wav,al_emadi,3-166125-B-232,0.97525,0.4797132940657346,8.871360778808594,-6.551840571633017e-05,0.0009747030043485808,-9.456710540689528e-05,-0.0013211460318416357,0.001175696961581707,0.10602441056137557,8.615354537963867,-1.847997397157278e-05,0.0004588930013460241,-2.852346733561717e-05,-0.0005655554123222828,0.0005597849958576262,0.15612724727756017,8.059545516967773,1.6651442660312288e-06,0.0003946807238393258,-1.1361066754034255e-06,-0.000413180619943887,0.0003948525554733351,0.12046590161703367,10.335063934326172,1.4730371205335351e-07,0.0002453356935222998,-9.005076435641968e-07,-0.00028345010650809854,0.00028682521951850504,0.137669146478296,11.221675872802734,-4.032815213769393e-07,0.00018553494079676263,2.689511802600464e-06,-0.00021704084938392043,0.00021579464955721056
F:\Seminario\Seminario-Clustering\datasets\davi\Al Emadi (2019)\Multiclass_Drone_Audio\unknown\5-192191-A-193.wav,Multiclass_Drone_Audio\unknown\5-192191-A-193.wav,al_emadi,5-192191-A-193,1.0216875,0.9466317557975327,8.600369453430176,0.002207575584915811,0.23094283635257243,0.003337278962135315,-0.2638663023710251,0.26941290795803097,0.047850595475450126,8.69251537322998,-0.0018926844510303246,0.05189061145110229,-0.0021559668239206076,-0.06644917801022529,0.05835908092558385,0.004942393759351671,9.831297874450684,-6.425122356794076e-05,0.011820113502368708,7.277482654899359e-05,-0.014540105313062667,0.014314427226781846,0.0003486141022207054,10.882509231567383,-1.3489622958482142e-06,0.002221441924005557,8.88852355274139e-06,-0.002774406364187598,0.0027711492497473956,0.00022664086544481533,11.863466262817383,-9.766963433905333e-07,0.0012670750538293528,4.378496669232845e-06,-0.0016039221547544003,0.001584566826932133
F:\Seminario\Seminario-Clustering\datasets\davi\Al Emadi (2019)\Multiclass_Drone_Audio\unknown\1-181071-A-400.wav,Multiclass_Drone_Audio\unknown\1-181071-A-400.wav,al_emadi,1-181071-A-400,1.0216875,0.7422757910619378,8.498838424682617,-0.0010640219765342047,0.3029643115802027,-0.008641273714601994,-0.33028431236743927,0.3418574661016467,0.19687438682847302,8.41001033782959,0.0037020209561279206,0.15598535850545595,0.008770143613219261,-0.1757723182439804,0.1770320072770119,0.04776561995565615,9.129934310913086,-0.0006597487667894271,0.05443307752125492,-0.0006034059333615005,-0.05918863490223884,0.059110070765018466,0.011681693801652886,9.875381469726562,-2.6600781695391274e-05,0.019049901825806466,-0.00018622423522174358,-0.01832560244947672,0.018295415863394743,0.0014025083522802313,10.872835159301758,5.69467541873143e-07,0.004669429048586436,-1.8322898540645838e-05,-0.004563155211508274,0.004645301029086115
F:\Seminario\Seminario-Clustering\datasets\davi\Al Emadi (2019)\Multiclass_Drone_Audio\unknown\4-165933-A-453.wav,Multiclass_Drone_Audio\unknown\4-165933-A-453.wav,al_emadi,4-165933-A-453,1.0216875,0.920512265143056,7.507706165313721,0.0003816355771751139,0.56068265634843,0.013394943904131651,-0.4575671166181564,0.43871236443519596,0.0626436845361425,8.857198715209961,-0.0013921690881904577,0.14625859363984897,-0.0020716700819320977,-0.18341764360666274,0.17410145550966266,0.013175090129481192,9.7573881149292,0.00024091502582370734,0.04751155377370539,0.00041835580486804247,-0.05890154838562012,0.05574593842029572,0.003086467148211133,10.729283332824707,-0.00014808138036810078,0.016272115970253125,-0.000355197029421106,-0.020129124447703362,0.019782257825136186,0.0005824930431092193,11.506369590759277,-3.343359716107605e-06,0.005000889525075225,-4.6112341806292534e-05,-0.005777134746313095,0.0057499935850501074
F:\Seminario\Seminario-Clustering\datasets\davi\Al Emadi (2019)\Multiclass_Drone_Audio\unknown\1-46272-A-123.wav,Multiclass_Drone_Audio\unknown\1-46272-A-123.wav,al_emadi,1-46272-A-123,1.0216875,0.9321340757601465,8.687016487121582,-0.0006648921321693388,0.25377567012721863,-0.005780591396614909,-0.30491923689842226,0.28224197328090667,0.0049488733214099875,8.323877334594727,-0.0006274385840368389,0.018480567579725583,-0.000765507051255554,-0.02166563495993614,0.020262322574853907,0.004324510798701044,8.508318901062012,0.0006352715349928674,0.012227029022745067,0.0006189817213453352,-0.010626629181206226,0.012180879339575769,0.025001908988292548,8.628904342651367,-0.00016460602750111475,0.02083118886615752,1.827738742576912e-05,-0.017717149667441843,0.016877041757106782,0.03359063113144989,10.488430976867676,-3.995440435773188e-05,0.01708125338411797,1.1661846656352282e-05,-0.015718191862106323,0.01579264253377915
F:\Seminario\Seminario-Clustering\datasets\davi\Al Emadi (2019)\Multiclass_Drone_Audio\unknown\5-256452-A-51.wav,Multiclass_Drone_Audio\unknown\5-256452-A-51.wav,al_emadi,5-256452-A-51,1.0216875,0.8998705192190987,6.020585060119629,-3.4409995409040806e-05,0.005439161260746202,0.0,0.0,0.0,0.055054255042953824,5.6057024002075195,5.760450289285242e-06,0.0013453711120714345,0.0,0.0,0.0,0.031225719022183355,6.495078086853027,-4.036245088364771e-06,0.000717671244338169,0.0,0.0,0.0,0.009987840555762014,7.704648017883301,7.989116064943398e-07,0.0002872192034802678,0.0,0.0,0.0,0.0038616661600021675,8.70907974243164,2.145273334768776e-08,0.00012633903208129083,0.0,0.0,0.0
F:\Seminario\Seminario-Clustering\datasets\davi\Al Emadi (2019)\Multiclass_Drone_Audio\unknown\5-172639-A-50.wav,Multiclass_Drone_Audio\unknown\5-172639-A-50.wav,al_emadi,5-172639-A-50,1.0216875,0.03626636277004414,7.859537601470947,-0.001713372304029053,0.10805502558265488,-3.326113801449537e-05,-0.1273415729403496,0.11475266367197039,0.11537055124940435,7.969973564147949,-0.002002130936244032,0.1927398925485769,-5.289836917654611e-05,-0.2125930368900299,0.2364869371056564,0.3727658089450681,8.74103832244873,-0.0019210333051959815,0.24540187681924186,-1.8318169168196619e-06,-0.2796206295490265,0.2576238334178925,0.4277528372447977,9.114773750305176,0.0005508060916386866,0.18602481285808978,7.255289347085636e-07,-0.1484622076153755,0.1434742122888565,0.04784443979068572,9.63245964050293,-1.97537849286555e-05,0.04401116088913295,2.6268662622896954e-07,-0.02539868913590908,0.028149529919028308
F:\Seminario\Seminario-Clustering\datasets\davi\Al Emadi (2019)\Multiclass_Drone_Audio\unknown\5-261439-A-153.wav,Multiclass_Drone_Audio\unknown\5-261439-A-153.wav,al_emadi,5-261439-A-153,1.0216875,0.9727780558319236,8.949142456054688,0.0007282666848874597,0.06801868449942843,0.0021807124139741063,-0.08925640806555749,0.08735802695155145,0.015243991213001826,8.955039978027344,-4.23983010301024e-06,0.00851521354200953,0.00013774874969385564,-0.01079717492684722,0.010670725256204609,0.008862603522405288,9.86410140991211,6.830408165114932e-05,0.004598377017404641,-1.9572325982153416e-05,-0.0057172467932105064,0.005857710819691419,0.0020858552726479244,10.335884094238281,5.633050634765958e-06,0.0015787534348384814,1.40912743518129e-06,-0.0017821110435761512,0.001819395762868226,0.0010294941600214019,11.802867889404297,-3.2474587517287967e-06,0.0007846103270525768,-4.2826650314964354e-07,-0.000960877607576549,0.0009694327949546284
F:\Seminario\Seminario-Clustering\datasets\davi\Al Emadi (2019)\Multiclass_Drone_Audio\unknown\4-152958-A-183.wav,Multiclass_Drone_Audio\unknown\4-152958-A-183.wav,al_emadi,4-152958-A-183,1.0216875,0.8061672566162753,7.953440189361572,-0.0029492827750363174,0.016481482966119856,0.0,-0.024719476327300073,0.013285406772047282,0.0555290788873933,8.034809112548828,6.318473308685771e-05,0.004393831323398622,0.0,-0.005040050111711025,0.005413916101679207,0.04416357923068567,8.91226577758789,2.558411422866565e-06,0.002775783419760756,0.0,-0.0032761503010988236,0.003226748062297703,0.06116863091644482,9.82579231262207,2.940674559871228e-05,0.00231145813514087,0.0,-0.0026217521866783496,0.00271146409213543,0.03297145434920086,10.770149230957031,-1.0430830707203075e-06,0.0012005949272387681,0.0,-0.0013344750739634037,0.001325719989836216
F:\Seminario\Seminario-Clustering\datasets\davi\Al Emadi (2019)\Multiclass_Drone_Audio\unknown\5-194930-B-13.wav,Multiclass_Drone_Audio\unknown\5-194930-B-13.wav,al_emadi,5-194930-B-13,1.0216875,0.8368148803012209,8.814728736877441,-0.00015133065245714916,0.001975831314100364,-7.683048897888511e-05,-0.0026008941000327467,0.002302805334329606,0.07363721037718629,8.913774490356445,4.483422978395934e-06,0.0005878158583609468,5.538509412872372e-06,-0.0007495545607525856,0.0007441234309226274,0.03582780566040256,9.803556442260742,5.512732801886024e-07,0.0002904291198863244,3.748001290659886e-06,-0.0003688436292577535,0.00035439637722447517,0.03349287020719846,10.375497817993164,4.3253623211538386e-07,0.0001987051704122091,-1.7982669078264735e-06,-0.00021498748974408955,0.00022660718532279135,0.020227233453991772,10.913220405578613,2.6492316343217506e-07,0.00010923750673280888,1.31849617446278e-07,-0.00010554176842560991,0.00010660654370440172
F:\Seminario\Seminario-Clustering\datasets\davi\Al Emadi (2019)\Multiclass_Drone_Audio\unknown\1-54084-A-423.wav,Multiclass_Drone_Audio\unknown\1-54084-A-423.wav,al_emadi,1-54084-A-423,1.0216875,0.2083551002343884,9.367807388305664,-0.0007802089422593321,0.19382922687429566,-0.0014652106910943985,-0.25420042276382443,0.2530402958393098,0.7138639767837429,9.207795143127441,-0.00022386578328414649,0.3587801394363549,0.010814796201884747,-0.5199617385864258,0.5156648278236389,0.07356022324567463,9.870065689086914,-3.76808449264394e-05,0.0815770110576597,-0.007057271432131529,-0.09983967542648316,0.11556847244501121,0.004130761304826774,11.004986763000488,-4.8942341978360375e-06,0.013679320093113812,-0.0005001651879865676,-0.0176193255931139,0.016198196448385715,8.993843136721872e-05,11.893454551696777,8.049181913952444e-07,0.0014278838242488582,-0.00020675885025411844,-0.001652793656103313,0.0020267550833523275
F:\Seminario\Seminario-Clustering\datasets\davi\Al Emadi (2019)\Multiclass_Drone_Audio\unknown\exercise_bike009.wav,Multiclass_Drone_Audio\unknown\exercise_bike009.wav,al_emadi,exercise,4.992,0.4925100171838366,10.101913452148438,0.00020167384656499655,0.07693744838267941,0.0001618899405002594,-0.07249413207173347,0.07465781867504122,0.059673991322383206,11.159937858581543,-0.0006133727608043648,0.026773819921503635,-0.0005150659417267889,-0.0345482874661684,0.03376505039632321,0.09665540541505971,12.196463584899902,2.849361171520122e-05,0.024107928245489043,-0.00020812177535844967,-0.03056784030050039,0.0307411814108491,0.11469155951627939,13.004648208618164,6.77123298644257e-05,0.018572529607580667,8.946401067078114e-05,-0.022816132009029388,0.022714386135339736,0.23646902656244112,13.970967292785645,-6.176258484975807e-05,0.018858886861528226,-4.647055538953282e-05,-0.022835705429315567,0.02275133058428765
F:\Seminario\Seminario-Clustering\datasets\davi\Al Emadi (2019)\Multiclass_Drone_Audio\unknown\3-145719-A-170.wav,Multiclass_Drone_Audio\unknown\3-145719-A-170.wav,al_emadi,3-145719-A-170,1.0216875,0.4242808355018444,7.900257587432861,-0.00010891573039544685,0.0013323425042414067,-8.025912393350154e-06,-0.0015762569149956106,0.0013382638688199226,0.03805562040232572,7.815553665161133,5.8282279145544845e-06,0.0004003122260262126,-7.000139476076583e-06,-0.00040959219913929703,0.0004085521330125633,0.0352816581838577,7.572384357452393,8.335319955355015e-06,0.00027291857523432993,-2.103930455632508e-06,-0.00019705145678017288,0.00021129256638232618,0.08229844273870365,7.453153610229492,-1.1981147030247865e-05,0.00029485042934774343,-2.484775109223847e-06,-0.0001546875777421519,0.00014275326539063828,0.4200834431732685,5.793466567993164,-2.0547583413233842e-06,0.00047162707789672983,-3.91423782275524e-07,-9.485933987889439e-05,9.553310228511698e-05
F:\Seminario\Seminario-Clustering\datasets\davi\Al Emadi (2019)\Multiclass_Drone_Audio\unknown\4-99193-A-43.wav,Multiclass_Drone_Audio\unknown\4-99193-A-43.wav,al_emadi,4-99193-A-43,1.0216875,0.04143734143058492,8.607691764831543,0.0006783390410900376,0.0750241153162811,0.001221771351993084,-0.08974579945206643,0.0909207552671433,0.07200690016106448,8.325008392333984,0.0006744592539710853,0.09890076354168757,-0.00032781575282569975,-0.11407630369067191,0.10909382775425913,0.592748508870335,8.527482986450195,-0.0004020697019944034,0.20099378966135276,0.000498363864608109,-0.20318196415901182,0.1963533937931061,0.2867556179838824,9.692804336547852,0.0003266892786357987,0.09892476768600135,-0.00022775970865041018,-0.09590017274022102,0.09891996979713447,0.007051631554133133,10.608841896057129,-3.826507717011811e-06,0.01097405243440719,-1.8393751815892756e-05,-0.010317977517843246,0.010466689616441736
F:\Seminario\Seminario-Clustering\datasets\davi\Al Emadi (2019)\Multiclass_Drone_Audio\unknown\1-19898-C-411.wav,Multiclass_Drone_Audio\unknown\1-19898-C-411.wav,al_emadi,1-19898-C-411,1.0216875,0.4604415331634539,7.793973922729492,-0.0010397586128303006,0.35358790017453384,0.0047326479107141495,-0.3810423642396927,0.29597622156143233,0.1514253471590998,8.13442611694336,-0.000958737079759064,0.2027712885127267,-0.0004276186227798462,-0.21052228510379792,0.22354200035333635,0.16339780179313704,9.166282653808594,1.3358220102364564e-05,0.1491972223948746,0.0007582939579151571,-0.1677647888660431,0.16487543582916261,0.12003704783296094,9.897727966308594,0.00018217698530045381,0.09048936689624724,-0.00019081399659626186,-0.0935821570456028,0.09327337220311166,0.10469827005134832,10.567300796508789,-0.00011690755799463326,0.059783385685636244,-0.0001064489915734157,-0.055640698224306104,0.05387888252735141
F:\Seminario\Seminario-Clustering\datasets\davi\Al Emadi (2019)\Multiclass_Drone_Audio\unknown\5-181977-A-354.wav,Multiclass_Drone_Audio\unknown\5-181977-A-354.wav,al_emadi,5-181977-A-354,0.95975,0.4678376992979617,8.433124542236328,0.0004223539283321727,0.1318272403179715,-0.002772725187242031,-0.15325987339019775,0.15416015684604645,0.26932329766042157,8.33051872253418,0.006453327965272126,0.09981388105061055,0.003444855799898505,-0.10907163098454475,0.12301074713468552,0.16823707849080963,9.32117748260498,0.0010273585610950438,0.05599132511519979,0.0005588221829384565,-0.061736316233873365,0.06403855830430985,0.06946173577236686,9.652726173400879,0.00022994807314735018,0.025463129278952897,-0.00010466021922184154,-0.02644105702638626,0.026179912313818932,0.025140188778440216,10.349082946777344,-5.093793382938586e-06,0.01083736451343762,-6.55457261018455e-05,-0.010867392644286156,0.011276394128799438
F:\Seminario\Seminario-Clustering\datasets\davi\Al Emadi (2019)\Multiclass_Drone_Audio\unknown\1-26222-A-102.wav,Multiclass_Drone_Audio\unknown\1-26222-A-102.wav,al_emadi,1-26222-A-102,0.97525,0.33625493102612314,8.857303619384766,0.001289288749753153,0.11608116561543473,-0.0009782668203115463,-0.14836327731609344,0.15271878242492676,0.101916223405981,8.874332427978516,-0.0012262888393596491,0.06389927190671463,-0.001608399790711701,-0.08479565382003784,0.07726914435625076,0.14553627911930084,9.741315841674805,0.0007147080820755641,0.0540819076081833,0.0013470614212565124,-0.06812191009521484,0.06781021878123283,0.17415619651168548,10.668364524841309,-0.00018577830148829816,0.041868538798864506,4.794044070877135e-05,-0.0516186710447073,0.05136603116989136,0.2421363699369095,11.661376953125,6.732261292076318e-05,0.03492460438820187,-0.0003117064479738474,-0.04249684140086174,0.04323635250329974
F:\Seminario\Seminario-Clustering\datasets\davi\Al Emadi (2019)\Multiclass_Drone_Audio\unknown\3-185456-A-290.wav,Multiclass_Drone_Audio\unknown\3-185456-A-290.wav,al_emadi,3-185456-A-290,1.0216875,0.556181765472044,6.66756010055542,0.00035503565488135847,0.05732031073287228,0.00011186243500560522,-0.04058368429541588,0.04217803664505485,0.2579132852886065,6.004132270812988,-0.00022455515276383815,0.03903356224884214,-0.00012315496860537678,-0.01671993900090456,0.01532349493354559,0.13527517555731408,7.437023639678955,-8.141557721382644e-05,0.020023478244625526,5.330640124157071e-05,-0.012364954501390456,0.01100669596344233,0.04322273392915822,8.024848937988281,1.9032922316773204e-05,0.008009255121788792,-9.932779448718065e-06,-0.004592531220987439,0.004731000354513527,0.0074070397528771155,8.867172241210938,4.3258182464269026e-06,0.0023454687573367006,-1.7870261217467487e-06,-0.001262032240629196,0.001294703735038639
F:\Seminario\Seminario-Clustering\datasets\davi\Al Emadi (2019)\Multiclass_Drone_Audio\unknown\2-87795-A-243.wav,Multiclass_Drone_Audio\unknown\2-87795-A-243.wav,al_emadi,2-87795-A-243,1.0216875,0.1967630381126535,8.90164566040039,-0.003943552786472272,0.0048763202118150325,-0.0038574013160541654,-0.00945438351482153,0.001734708156436688,0.23694873893975263,8.453154563903809,0.0001885543179669043,0.006879469280889575,0.0001551107270643115,-0.007537478860467672,0.007838217169046407,0.20442270796110013,9.707599639892578,1.6924522542170062e-05,0.004527702965898183,9.089803643291816e-05,-0.0055329369381070135,0.005584713909775019,0.32809431039885734,10.824989318847656,6.923832789027807e-07,0.004058998567344299,0.00010305655086995102,-0.0051700330805033445,0.005071613565087319,0.03377120458763639,11.829985618591309,-1.5325653225247297e-07,0.000921220616321279,-1.0542535164859146e-06,-0.001133073423989117,0.0011655199807137254
F:\Seminario\Seminario-Clustering\datasets\davi\Al Emadi (2019)\Multiclass_Drone_Audio\unknown\2-110417-B-284.wav,Multiclass_Drone_Audio\unknown\2-110417-B-284.wav,al_emadi,2-110417-B-284,0.95975,0.9009629915075997,8.93474292755127,-1.4036790894229328e-05,0.0008591563648284427,4.85567215946503e-05,-0.0012259165523573756,0.0010094877798110247,0.07837734366629406,7.279951572418213,-3.5503009008074587e-06,0.0002534132673588197,-1.8939317669719458e-06,-0.0002034643039223738,0.0001761677849572152,0.012368293819494395,8.775331497192383,-1.0615526704228827e-07,7.131884389920782e-05,-4.56606358056888e-07,-6.304878334049136e-05,6.303718982962894e-05,0.003235223400083842,10.834975242614746,-3.2026809613265094e-07,2.581025382001124e-05,-2.490050974301994e-07,-3.3447257374064064e-05,3.235224430682138e-05,0.0050561476065279845,11.844697952270508,1.2500386741800623e-07,2.2827572052503386e-05,-1.1622574902503402e-07,-2.884595414798241e-05,2.956962816824671e-05
F:\Seminario\Seminario-Clustering\datasets\davi\Al Emadi (2019)\Multiclass_Drone_Audio\unknown\5-254832-A-154.wav,Multiclass_Drone_Audio\unknown\5-254832-A-154.wav,al_emadi,5-254832-A-154,0.95975,0.21603036680509485,8.254654884338379,-0.00043372553551782164,0.006931609282734934,-0.0008647830109111965,-0.008107667323201895,0.006415387848392129,0.021493428088436316,6.170691013336182,-9.076851636952144e-05,0.002188794413696121,-6.096582183090504e-06,-0.0013214898644946516,0.0010853552375920117,0.35705708622622095,6.723451614379883,-3.033613014519109e-06,0.0063250968015834755,-9.944713383447379e-06,-0.0016264057252556084,0.0018339533591642985,0.2431563808107082,7.2029595375061035,2.009207402106029e-05,0.0036936736480822313,5.591075932898093e-06,-0.0009903826983645558,0.0012036315514706117,0.16226273806953964,5.498016357421875,3.0040167209826345e-06,0.002134587157769185,3.524804014887195e-06,-0.0005055047222413123,0.000514316139742732
F:\Seminario\Seminario-Clustering\datasets\davi\Al Emadi (2019)\Multiclass_Drone_Audio\unknown\3-164688-A-383.wav,Multiclass_Drone_Audio\unknown\3-164688-A-383.wav,al_emadi,3-164688-A-383,1.0216875,0.048186613108814946,5.426486968994141,-0.0023222210583500593,0.011331203557465884,-0.0020453532924875617,-0.00527955936267972,0.0004504389653448027,0.28149048415235217,5.452548503875732,0.00046273627233983606,0.027952406042704134,2.6126222110178787e-06,-0.002020521601662039,0.0010434927884489338,0.4902052230453735,5.87078332901001,-0.00035051808285969656,0.02612896911359217,-5.521014827536419e-07,-0.000479970686137676,0.00044014915474690586,0.14355691130223983,6.742915630340576,-5.1970234275758365e-05,0.010006490009214742,-1.4223559219317394e-07,-7.8664949251106e-05,9.177732063108127e-05,0.03656076839121953,7.549154281616211,-6.887815499134099e-06,0.0035723435232038387,1.7851834854809567e-07,-3.205186658306047e-05,3.293006884632632e-05
F:\Seminario\Seminario-Clustering\datasets\davi\Al Emadi (2019)\Multiclass_Drone_Audio\unknown\exercise_bike008.wav,Multiclass_Drone_Audio\unknown\exercise_bike008.wav,al_emadi,exercise,4.992,0.4472099536010233,10.005049705505371,-0.00011496583488342413,0.06767747301869158,-0.0005512840580195189,-0.06476976498961448,0.06519123911857608,0.06780004837516623,11.219348907470703,0.00036061530690752945,0.026348952752659104,0.00038864975795149803,-0.03372995853424072,0.03372504226863384,0.102894158362163,12.198945045471191,0.0003811167498268103,0.022958310306332795,0.00018037777044810355,-0.028813095204532145,0.029655076004564764,0.12327777349559658,13.111261367797852,-0.00012045963424331537,0.017774521059235507,-0.00013970710278954357,-0.022275158017873765,0.02196963876485824,0.25881806616605096,13.91930866241455,0.0001016656771476014,0.018212899414541187,0.00010921987268375233,-0.021773664653301238,0.021855530515313158
F:\Seminario\Seminario-Clustering\datasets\davi\Al Emadi (2019)\Multiclass_Drone_Audio\unknown\4-163609-A-160.wav,Multiclass_Drone_Audio\unknown\4-163609-A-160.wav,al_emadi,4-163609-A-160,1.0216875,0.9074354796511862,8.844438552856445,0.0001677755938647206,0.3213033327202719,0.006407672539353371,-0.4062096893787384,0.3853777676820759,0.08295198049248612,8.91496467590332,0.0011087141688204197,0.09713875130084926,0.0009703621617518365,-0.11836722567677498,0.12454316839575773,0.008606621204425933,9.702383041381836,9.665547232286756e-05,0.02216384948119813,0.0002776404144242406,-0.027443639189004897,0.027236516028642657,0.0009400901672286114,10.695816040039062,1.768108531932126e-06,0.005183473579170275,-6.557794404216111e-05,-0.0062593326438218355,0.00636653625406325,6.582848467312598e-05,11.685626983642578,-6.991014737101169e-07,0.0009703173256955932,6.112997652962804e-06,-0.0011873345356434584,0.0011851056246086958
F:\Seminario\Seminario-Clustering\datasets\davi\Al Emadi (2019)\Multiclass_Drone_Audio\unknown\5-180156-B-434.wav,Multiclass_Drone_Audio\unknown\5-180156-B-434.wav,al_emadi,5-180156-B-434,0.95975,0.31314965388308835,8.978883743286133,6.982030275405055e-05,0.4083248775830639,-0.021636362187564373,-0.5345474183559418,0.5529271960258484,0.15410440162179403,8.363717079162598,0.011570427547725724,0.2862087041431535,0.0018814500072039664,-0.309422105550766,0.333023801445961,0.23668705313934704,9.232671737670898,-0.0033296336722862603,0.2514503501714591,0.0007284306921064854,-0.2764599144458771,0.2669271588325502,0.26234658987333587,10.31431770324707,0.0004713149358581172,0.1873540658247152,-0.0018806937150657177,-0.22436178922653197,0.22505715638399126,0.03371230148243468,11.32056999206543,-9.94219188854271e-06,0.04751205138769858,-0.0004236616368871182,-0.05644967406988144,0.05727912113070488
F:\Seminario\Seminario-Clustering\datasets\davi\Al Emadi (2019)\Multiclass_Drone_Audio\unknown\2-125875-A-130.wav,Multiclass_Drone_Audio\unknown\2-125875-A-130.wav,al_emadi,2-125875-A-130,1.0216875,0.11569381577888178,8.97533130645752,-4.097590002580999e-05,0.01774682722358196,0.0006567845121026039,-0.02393868155777454,0.022049604915082455,0.16433913077583984,8.985958099365234,-0.00048218410972689606,0.02114581453657961,-0.00034041955950669944,-0.02859082408249378,0.027403420582413688,0.22334099870500623,9.961664199829102,3.222051467653318e-05,0.017465292834116585,0.0002521538990549743,-0.023178644850850104,0.02211703062057496,0.4253109955686641,10.889280319213867,-9.618456487147209e-05,0.017054616430195842,-0.0001884715529740788,-0.021454618126153947,0.020989839173853397,0.07131505917160803,11.892433166503906,-3.685668125074609e-07,0.004940341710385035,5.2917166613042355e-05,-0.006266942527145147,0.006272603757679467
F:\Seminario\Seminario-Clustering\datasets\davi\Al Emadi (2019)\Multiclass_Drone_Audio\unknown\3-93010-A-184.wav,Multiclass_Drone_Audio\unknown\3-93010-A-184.wav,al_emadi,3-93010-A-184,0.95975,0.3136302729252406,8.79338550567627,-0.01754547490094312,0.1884193572121518,-0.013913345523178577,-0.2545749247074127,0.2140432894229889,0.21271488460656088,8.379935264587402,0.0017583169442322876,0.15583415391998306,-0.0020720536122098565,-0.1755046844482422,0.18434949219226837,0.1798498222612894,9.638067245483398,-0.0018877895091367015,0.10149495774401558,-0.00038459745701402426,-0.12758855223655702,0.12115672379732134,0.17849446640121744,10.683218002319336,-3.9864675473475964e-05,0.07156497649683072,-0.0008940657717175782,-0.08789836019277572,0.0899263180792332,0.11531055380569169,11.486572265625,0.0001324303595272896,0.04069145805524361,0.00020837580086663365,-0.04769502207636833,0.047752946615219116
F:\Seminario\Seminario-Clustering\datasets\davi\Al Emadi (2019)\Multiclass_Drone_Audio\unknown\1-62565-A-442.wav,Multiclass_Drone_Audio\unknown\1-62565-A-442.wav,al_emadi,1-62565-A-442,0.97525,0.9977087069408691,8.969060897827148,-0.0023273007809417085,0.8573265861218041,-0.10504607111215591,-1.0092653036117554,1.2594126462936401,0.0016883766622325905,7.713798522949219,-0.0008458631068610973,0.03525784146079907,-0.001596023328602314,-0.03473464399576187,0.03153202682733536,0.00043077405839524684,8.930776596069336,0.00011213146007152233,0.012615477443279129,-0.00014855759218335152,-0.013416499365121126,0.012751206755638123,0.00010352518706415896,10.83184814453125,9.436734927339762e-06,0.004376595205097764,4.4776301365345716e-05,-0.0055917780846357346,0.005490282084792852,6.86171514389244e-05,11.441400527954102,2.7938090385202423e-06,0.0025206360417857005,3.6176759749650955e-05,-0.0029356179293245077,0.0029337763320654645
F:\Seminario\Seminario-Clustering\datasets\davi\Al Emadi (2019)\Multiclass_Drone_Audio\unknown\2-135649-B-452.wav,Multiclass_Drone_Audio\unknown\2-135649-B-452.wav,al_emadi,2-135649-B-452,0.97525,0.805236851271036,8.897008895874023,0.0024296670561612687,0.9847089417172303,-0.011792837642133236,-1.2537822723388672,1.2690528631210327,0.13104355258521047,8.819812774658203,-0.006312300631893698,0.3971918859722727,-0.015903128311038017,-0.49568647146224976,0.4956711530685425,0.035545368158508,9.858184814453125,0.00047897813298429054,0.14651654403765557,0.0018734679324552417,-0.1860554739832878,0.18530116230249405,0.018836771760134447,10.820090293884277,0.0004279454159522949,0.07547654830057515,-0.0009096864378079772,-0.09670088812708855,0.09778910502791405,0.009337456225111125,11.83132266998291,-0.0001239871129797675,0.03759303237859374,-0.0002476773224771023,-0.04717618077993392,0.04719285741448403
F:\Seminario\Seminario-Clustering\datasets\davi\Al Emadi (2019)\Multiclass_Drone_Audio\unknown\2-61311-A-122.wav,Multiclass_Drone_Audio\unknown\2-61311-A-122.wav,al_emadi,2-61311-A-122,0.97525,0.975569305298222,8.926129341125488,0.0001475762704443794,0.040767781425653016,0.0016828118823468685,-0.05539221689105034,0.049308598041534424,0.01337570996000585,8.810813903808594,-1.1060079855913919e-05,0.004773623020088247,5.526072345674038e-05,-0.006200551986694336,0.005785730667412281,0.002655928709062053,9.097336769104004,2.10648466804509e-05,0.0015062832507440344,1.9359060388524085e-05,-0.0017182687297463417,0.0016498537152074277,0.005284683719235424,7.728050708770752,-1.097796007261781e-05,0.0015036859508522735,4.193709173705429e-06,-0.0009179034677799791,0.0009303043771069497,0.003114372313474724,8.194581985473633,2.2475109057627033e-06,0.0008166247268853057,-3.546832886058837e-06,-0.0004417745629325509,0.0004464639176148925
F:\Seminario\Seminario-Clustering\datasets\davi\Al Emadi (2019)\Multiclass_Drone_Audio\unknown\1-42139-A-380.wav,Multiclass_Drone_Audio\unknown\1-42139-A-380.wav,al_emadi,1-42139-A-380,1.0216875,0.897896121101743,8.776998519897461,0.0020595684206246396,0.1850518519781311,0.004402344115078449,-0.22246981114149095,0.2340961158275606,0.08993657912982625,7.56574821472168,-0.0004785852443622987,0.058568073674194254,-0.0008736437011975795,-0.048739489540457724,0.05029830373823645,0.0068951647708177044,9.021167755126953,7.342580445622707e-05,0.011486726334732791,-2.0127277821302414e-05,-0.011548254825174808,0.012196269445121288,0.002926917367047819,9.174888610839844,-7.451419451314361e-05,0.005295393678196189,-6.0398902860470116e-05,-0.0043075755704194306,0.004049399448558688,0.002345217630565282,8.762774467468262,-1.136185881780993e-05,0.0033534814221771593,6.824673619121313e-06,-0.0017879816237837075,0.0017542379675433042
F:\Seminario\Seminario-Clustering\datasets\davi\Al Emadi (2019)\Multiclass_Drone_Audio\unknown\5-254832-A-151.wav,Multiclass_Drone_Audio\unknown\5-254832-A-151.wav,al_emadi,5-254832-A-151,1.0216875,0.045196471297549425,8.546873092651367,-0.0007878041731818757,0.005805711184592666,-0.0010278169065713882,-0.0073721641674637794,0.005883239675313234,0.16595887866050268,5.140681266784668,0.0016094162901299216,0.011111087371807665,0.00014200564328348264,-0.001067207776941359,0.004942923737689855,0.7097671812886598,6.640712738037109,4.896065824453746e-05,0.016445486952263173,4.210406586935278e-06,-0.0024327746126800776,0.0024844771251082425,0.06512095852808325,7.629378318786621,-2.7341838477921986e-05,0.003524854510720067,-1.3532944649341516e-06,-0.0011893154121935365,0.001061350607778877,0.013956510225204884,8.804485321044922,-1.9214390122427147e-06,0.0011543898860616065,-2.9052953323116526e-06,-0.0005006906343623996,0.0004902531625702978
F:\Seminario\Seminario-Clustering\datasets\davi\Al Emadi (2019)\Multiclass_Drone_Audio\bebop_1\mixed_17-bebop_003_.wav,Multiclass_Drone_Audio\bebop_1\mixed_17-bebop_003_.wav,al_emadi,mixed_17-bebop_003,1.024,0.4118876239923749,8.446757316589355,7.191116529408371e-05,0.0896376391545986,0.0026913300389423966,-0.10262496173381805,0.09878691211342813,0.04929159300615595,8.92580795288086,0.00011148466684830656,0.0310087888713335,4.660153354052454e-05,-0.0401423342525959,0.03918468244373798,0.12098643512223331,9.958449363708496,-0.0009258383321128636,0.03438987364644082,-0.0019950036657974124,-0.04538718350231647,0.043936477974057205,0.2279367028536125,10.94219970703125,0.0002576656121526357,0.0334171279638135,0.0002254699356853962,-0.04212804138660431,0.04242420569062233,0.18989764502562334,11.909195899963379,-1.6773861149607098e-05,0.02157769085443572,-0.00016222793783526868,-0.027897749468684195,0.027692048996686938
F:\Seminario\Seminario-Clustering\datasets\davi\Al Emadi (2019)\Multiclass_Drone_Audio\unknown\2-110614-B-83.wav,Multiclass_Drone_Audio\unknown\2-110614-B-83.wav,al_emadi,2-110614-B-83,1.0216875,0.23268500162749078,8.455470085144043,0.0041098694429381345,0.26777266736556804,6.415252573788166e-05,-0.29995471239089966,0.30561579465866107,0.41960691203013295,8.222419738769531,-0.0010255851317650063,0.3596273935934818,-0.004044181318022311,-0.3663422971963882,0.3719059228897096,0.23661751257357458,9.064823150634766,0.0016052191195190348,0.19127883343356483,-0.0017091924091801047,-0.2136843055486679,0.2057786524295807,0.10486736789780961,9.907194137573242,6.74854404594167e-05,0.09011187224908455,-0.0006469172367360443,-0.09464452937245368,0.08925037682056428,0.006223205870992098,10.964021682739258,8.768935525104834e-06,0.015528866928917045,-0.00010230619227513671,-0.015714168548583984,0.015359161607921131
F:\Seminario\Seminario-Clustering\datasets\davi\Al Emadi (2019)\Multiclass_Drone_Audio\unknown\5-219342-A-382.wav,Multiclass_Drone_Audio\unknown\5-219342-A-382.wav,al_emadi,5-219342-A-382,0.97525,0.011965281282254412,5.663707733154297,1.0122327525527931e-05,0.004082426759296718,-7.553258910775185e-06,-0.0010328423231840134,0.001317309681326151,0.42121226567327646,5.639712810516357,-0.0005493648664394297,0.024215701510510047,5.595370566879865e-07,-0.002242435235530138,0.0025233826600015163,0.20776604205567528,6.741938591003418,-0.0004108696240449697,0.01204045583267622,1.9316985344630666e-08,-0.0015480853035114706,0.0013988781138323247,0.3231692749623943,7.189630031585693,1.2932666948843742e-05,0.010632646385743147,1.0633215424604714e-05,-0.0008388772839680314,0.0009071511158253998,0.035887136026399535,7.981151580810547,3.0729540521528953e-07,0.0025065462698146217,-9.140080692304764e-08,-0.00023426248808391392,0.0002362094237469139
F:\Seminario\Seminario-Clustering\datasets\davi\Al Emadi (2019)\Multiclass_Drone_Audio\unknown\3-156393-A-354.wav,Multiclass_Drone_Audio\unknown\3-156393-A-354.wav,al_emadi,3-156393-A-354,0.95975,0.9681017171906522,9.062555313110352,0.003662905375970678,0.29890657254404623,0.014138338156044483,-0.42739754915237427,0.38545526564121246,0.01627618340249825,8.679132461547852,-3.800019297067184e-05,0.03875999285664052,-0.0010701208375394344,-0.047554874792695045,0.04870516434311867,0.009352644553217479,9.719818115234375,-0.0006634038067596674,0.020803063951075274,-0.000716180307790637,-0.02652585431933403,0.02594792060554028,0.0033236803759160234,10.67593765258789,1.7165427371432774e-05,0.008780379254409413,-7.174989150371403e-05,-0.010627756733447314,0.01109942812472582,0.0029457744777161027,11.846650123596191,1.8936897305510383e-06,0.005847725611627496,-1.2362899724394083e-05,-0.007390857208520174,0.00743687991052866
F:\Seminario\Seminario-Clustering\datasets\davi\Al Emadi (2019)\Multiclass_Drone_Audio\unknown\4-196671-B-82.wav,Multiclass_Drone_Audio\unknown\4-196671-B-82.wav,al_emadi,4-196671-B-82,0.97525,0.3142778425343755,8.923877716064453,-0.0028401774636239085,0.05868065326509929,-0.00233735260553658,-0.07942259311676025,0.07190202176570892,0.049016773104958875,8.949197769165039,-0.00035518195385201884,0.023198912757130683,-0.0002789271529763937,-0.029390066862106323,0.029350578784942627,0.18254583292994736,9.511666297912598,0.00043787743454421244,0.03170595154722864,0.00010634513455443084,-0.03905555233359337,0.0383936632424593,0.3965120919329508,10.084939956665039,-0.0003976783510303982,0.033068261018947935,-0.00010516381735214964,-0.03655308857560158,0.033619655296206474,0.05764745949776745,10.104551315307617,-3.232045599362465e-06,0.008920398550678207,6.362664862535894e-06,-0.00721895731985569,0.007293457631021739
F:\Seminario\Seminario-Clustering\datasets\davi\Al Emadi (2019)\Multiclass_Drone_Audio\unknown\2-135649-A-452.wav,Multiclass_Drone_Audio\unknown\2-135649-A-452.wav,al_emadi,2-135649-A-452,0.97525,0.8893072434372814,8.788375854492188,-0.0019657390812083428,0.24986090088942858,0.0014440258964896202,-0.3244573175907135,0.3035230338573456,0.06236654530615847,8.41855239868164,-0.0020448645183680793,0.06613847694980773,-0.0015632262220606208,-0.0807957872748375,0.0733664259314537,0.025498246153747812,9.32913875579834,-0.00012220428296667667,0.029963147605461225,0.0004298804415157065,-0.03398635797202587,0.03417761251330376,0.015335338267521722,10.37690258026123,-0.00033454074740885646,0.01644034737152719,-0.0002783216332318261,-0.019267366267740726,0.018229235894978046,0.007492626835290572,11.742033004760742,-2.7753832096034545e-05,0.008131082949700422,-4.709012864623219e-05,-0.010047859512269497,0.009903375431895258
F:\Seminario\Seminario-Clustering\datasets\davi\Al Emadi (2019)\Multiclass_Drone_Audio\unknown\1-79220-A-173.wav,Multiclass_Drone_Audio\unknown\1-79220-A-173.wav,al_emadi,1-79220-A-173,1.0216875,0.9998782056937879,7.263792514801025,-0.004268325960394067,0.7539031644892901,0.024233642034232616,-0.47895999252796173,0.6366621553897858,4.6980514405306085e-05,7.460165023803711,0.00018532965856874706,0.0051645014190434034,-0.0001481484723626636,-0.004887214163318276,0.005600601527839901,3.329027166236665e-05,8.634461402893066,-0.00011107276281208507,0.00307929194758662,-1.6191857866942883e-05,-0.0030394949950277804,0.0027958742342889314,2.66960495280329e-05,9.233747482299805,-4.6136906173995053e-05,0.0019520005588661861,-5.4059375543147326e-05,-0.001730970316566527,0.0016567659098654986,1.4827470616362231e-05,10.03255558013916,-2.1031664478970053e-06,0.0010293928518521713,5.703550414182246e-06,-0.0009826594032347202,0.0009992755483835937
F:\Seminario\Seminario-Clustering\datasets\davi\Al Emadi (2019)\Multiclass_Drone_Audio\unknown\2-96904-A-271.wav,Multiclass_Drone_Audio\unknown\2-96904-A-271.wav,al_emadi,2-96904-A-271,1.0216875,0.06358201848710711,8.852912902832031,-0.00012339722841588738,0.005248955105304004,-4.8783665988594294e-05,-0.006300268834456801,0.00630487664602697,0.03306553036963357,8.397397994995117,3.057474107022899e-05,0.0037861626576077044,-6.419200326490682e-05,-0.004004683624953031,0.004404622316360474,0.055592282658882435,9.102775573730469,9.694360811302757e-05,0.0034760794688729483,2.777521513053216e-05,-0.0036734834313392637,0.0039013690315186987,0.42718565727369534,8.995957374572754,-3.308992833475418e-05,0.006821151065103253,-1.944643463502871e-05,-0.005527218105271459,0.0050959771033376455,0.4205745112106815,10.354850769042969,1.5101413344267078e-05,0.004787894246421477,-1.7976686649490148e-05,-0.004330395627766847,0.004421572480350734
F:\Seminario\Seminario-Clustering\datasets\davi\Al Emadi (2019)\Multiclass_Drone_Audio\membo_1\extra_membo_D2_2007.wav,Multiclass_Drone_Audio\membo_1\extra_membo_D2_2007.wav,al_emadi,extra_membo_D2,1.002625,0.8676690942047434,8.981498718261719,9.59686932409675e-05,0.031030039869242042,-0.0007353411638177931,-0.04051393717527389,0.04111542925238609,0.05763821049285516,8.583246231079102,3.1705131439502026e-05,0.007997590930319716,-0.00012238886847626418,-0.009265756234526634,0.009270702488720419,0.038037923454312596,9.739011764526367,5.3443408754384225e-05,0.004601781575206833,3.043303149752319e-05,-0.005600066855549812,0.005828316789120436,0.020343710981646317,10.741308212280273,7.6596909482438e-06,0.002381897196298072,4.047846596222371e-05,-0.002924152137711644,0.002880684239789843,0.016311060866442573,11.757074356079102,5.76555971405415e-06,0.001508673952114028,1.2002001312794164e-05,-0.001884434395469725,0.001877234352286905
F:\Seminario\Seminario-Clustering\datasets\davi\Al Emadi (2019)\Multiclass_Drone_Audio\unknown\silence087.wav,Multiclass_Drone_Audio\unknown\silence087.wav,al_emadi,silence087,0.743,0.0,-0.0,0.0,0.0,0.0,0.0,0.0,0.0,-0.0,0.0,0.0,0.0,0.0,0.0,0.0,-0.0,0.0,0.0,0.0,0.0,0.0,0.0,-0.0,0.0,0.0,0.0,0.0,0.0,0.0,-0.0,0.0,0.0,0.0,0.0,0.0
F:\Seminario\Seminario-Clustering\datasets\davi\Al Emadi (2019)\Multiclass_Drone_Audio\unknown\2-106486-A-444.wav,Multiclass_Drone_Audio\unknown\2-106486-A-444.wav,al_emadi,2-106486-A-444,0.95975,0.8844701089825326,8.874448776245117,-0.0006346680460387829,0.1236080773671588,0.001182816457003355,-0.15703627467155457,0.1648777574300766,0.027171168415839737,8.774154663085938,0.0004317154944862295,0.02166101900014745,0.0008261954935733229,-0.02727672830224037,0.02804645150899887,0.044433224308469556,9.770683288574219,-1.651501112206319e-05,0.019626278036797454,-0.0002456357469782233,-0.024644677713513374,0.02432922422885895,0.030842044954539044,10.799739837646484,-5.466340279034721e-05,0.011571097778184587,-1.1452750186435878e-05,-0.014536313526332379,0.01463737851008773,0.01308345333861907,11.755914688110352,-9.292766988935058e-06,0.005331521788947237,-7.90634221630171e-05,-0.006594165228307247,0.00666060158982873
F:\Seminario\Seminario-Clustering\datasets\davi\Al Emadi (2019)\Multiclass_Drone_Audio\unknown\3-154926-A-403.wav,Multiclass_Drone_Audio\unknown\3-154926-A-403.wav,al_emadi,3-154926-A-403,1.0216875,0.0,-0.0,0.0,0.0,0.0,0.0,0.0,0.0,-0.0,0.0,0.0,0.0,0.0,0.0,0.0,-0.0,0.0,0.0,0.0,0.0,0.0,0.0,-0.0,0.0,0.0,0.0,0.0,0.0,0.0,-0.0,0.0,0.0,0.0,0.0,0.0
F:\Seminario\Seminario-Clustering\datasets\davi\Al Emadi (2019)\Multiclass_Drone_Audio\unknown\2-106849-A-470.wav,Multiclass_Drone_Audio\unknown\2-106849-A-470.wav,al_emadi,2-106849-A-470,1.0216875,0.6004096507769379,8.836179733276367,0.0010153704933488763,0.7146187884937177,0.006770079955458641,-0.8884582757949829,0.8923316180706027,0.2499075995952081,8.572700500488281,-0.025666333838268128,0.46032730265492133,-0.02930149156600237,-0.5680005550384521,0.5016817510128022,0.1309356380186016,9.640344619750977,-0.0003938060301583735,0.23637684024634206,-0.0016051968559622765,-0.28534377813339235,0.28334863781929026,0.018134326654419122,10.582834243774414,-2.1571891968766e-05,0.062248726043520664,-0.0002484181895852089,-0.07203257307410241,0.07178181409835817,0.0006127849548332404,11.531770706176758,1.8889892284514198e-05,0.00809475064918431,6.998516619205475e-05,-0.009570034965872765,0.009735369868576527
F:\Seminario\Seminario-Clustering\datasets\davi\Al Emadi (2019)\Multiclass_Drone_Audio\unknown\1-34495-A-140.wav,Multiclass_Drone_Audio\unknown\1-34495-A-140.wav,al_emadi,1-34495-A-140,1.0216875,0.13967001258914327,9.004098892211914,0.0006181538641336827,0.04206887612745328,0.0012438977137207985,-0.05321047753095627,0.05344527289271356,0.028253617242822764,8.90838623046875,-0.0008935359481766056,0.018902033747739497,-0.0007687687175348401,-0.025205449014902116,0.023602180927991868,0.18095389155990865,9.466573715209961,0.00028496429018851045,0.03391957779370653,0.00018263974925503135,-0.038701330125331876,0.04078764468431473,0.5193745731658799,9.830751419067383,0.0002745983124383621,0.0406644961811048,0.000497931003337726,-0.03983347862958908,0.03983897008001806,0.13174790544224543,10.990182876586914,-1.6654346798914012e-05,0.014488630225640158,1.0519121133256704e-05,-0.015005173534154892,0.015060820989310752
F:\Seminario\Seminario-Clustering\datasets\davi\Al Emadi (2019)\Multiclass_Drone_Audio\unknown\3-142601-A-213.wav,Multiclass_Drone_Audio\unknown\3-142601-A-213.wav,al_emadi,3-142601-A-213,1.0216875,0.0,-0.0,0.0,0.0,0.0,0.0,0.0,0.0,-0.0,0.0,0.0,0.0,0.0,0.0,0.0,-0.0,0.0,0.0,0.0,0.0,0.0,0.0,-0.0,0.0,0.0,0.0,0.0,0.0,0.0,-0.0,0.0,0.0,0.0,0.0,0.0
F:\Seminario\Seminario-Clustering\datasets\davi\Al Emadi (2019)\Multiclass_Drone_Audio\unknown\3-130330-A-220.wav,Multiclass_Drone_Audio\unknown\3-130330-A-220.wav,al_emadi,3-130330-A-220,1.0216875,0.033659847759256865,7.847469329833984,-0.015557168952120533,0.34361257533445727,-0.005483580054715276,-0.3818260818719864,0.3035075455904011,0.22748376327649644,8.131059646606445,0.08820762560913042,0.8898350350483795,0.04949294030666351,-0.7859563171863556,1.0479299902915955,0.29197296159645797,9.456669807434082,-0.0029755409371417805,0.7175477660653403,0.008031526580452919,-0.8622634291648864,0.8617882013320923,0.24215772777060432,10.28199577331543,0.002146262907828086,0.46241390177785324,-0.004327282542362809,-0.5199545085430145,0.5243064999580384,0.20472569959718437,11.195526123046875,-4.2707548624520647e-05,0.30077613205719644,0.0026293224655091763,-0.32817896008491515,0.3320206940174103
F:\Seminario\Seminario-Clustering\datasets\davi\Al Emadi (2019)\Multiclass_Drone_Audio\unknown\2-262579-A-451.wav,Multiclass_Drone_Audio\unknown\2-262579-A-451.wav,al_emadi,2-262579-A-451,1.0216875,0.7285168103984386,8.976713180541992,0.0023688422022242433,0.3531582993088903,-0.0017484575510025024,-0.4488207459449768,0.4598197996616366,0.19257843526060345,8.874079704284668,0.0021456070471509016,0.18156531537999132,-0.0003779194667004049,-0.21831977516412734,0.23474486470222475,0.05687889364211925,9.811223030090332,0.0003896839836595981,0.069896238338661,0.0010851918486878276,-0.08537747710943222,0.08452807068824769,0.017998672615789555,10.709830284118652,-0.00011767513796678364,0.02782303412300556,-9.32093826122582e-06,-0.03298878110945225,0.03345906026661396,0.004027188083049166,11.498832702636719,2.5055190911577195e-06,0.009310218778588323,6.3177431002259254e-06,-0.010679026134312153,0.010650818049907687
F:\Seminario\Seminario-Clustering\datasets\davi\Al Emadi (2019)\Multiclass_Drone_Audio\unknown\3-119455-A-444.wav,Multiclass_Drone_Audio\unknown\3-119455-A-444.wav,al_emadi,3-119455-A-444,0.95975,0.7379358686305971,8.504980087280273,0.0012124440845827076,0.29724853139246404,-0.01470203697681427,-0.34615568816661835,0.36465317010879517,0.12805082373450283,8.679607391357422,-0.0018271288649404642,0.12381062017994769,0.0018086513737216592,-0.15332165360450745,0.14866645634174347,0.04751809190291287,9.635744094848633,-6.841728911287599e-05,0.05343383510028337,0.0003935630666092038,-0.06605094969272614,0.06307294666767121,0.03084576725555385,10.663776397705078,0.0001233494399386433,0.030465276862055444,0.00042986220796592534,-0.03679401054978371,0.037796925380826005,0.05564944847643333,11.271734237670898,-4.461328827796567e-07,0.028948371980295085,-5.507073365151882e-05,-0.03267159312963486,0.03328923135995865
F:\Seminario\Seminario-Clustering\datasets\davi\Al Emadi (2019)\Multiclass_Drone_Audio\unknown\4-213193-A-290.wav,Multiclass_Drone_Audio\unknown\4-213193-A-290.wav,al_emadi,4-213193-A-290,1.0216875,0.6324098402116399,5.091360569000244,-0.00010416430770679646,0.02051904478628971,-9.188662806991488e-05,-0.0017929706024006008,0.0025666875531896987,0.2994964741597545,4.452256202697754,-0.00013568528725247707,0.01412014804410755,9.852451512415428e-07,-0.0017518686130642885,0.0017349362373352082,0.043728112756346284,6.362975597381592,5.13384677466357e-05,0.0038214677550130957,-8.853263011587842e-07,-0.000884065288119018,0.0010110973380506043,0.020085189560468047,6.151254653930664,-7.063365515042904e-06,0.001832849985973734,-3.2184516385314055e-07,-0.00034716992231551556,0.0003309081948827953,0.004280383311791211,7.038539409637451,6.566698149295523e-07,0.0005985550386622553,-6.267003982429742e-08,-9.690979204606265e-05,0.00010129917645826949
F:\Seminario\Seminario-Clustering\datasets\davi\Al Emadi (2019)\Multiclass_Drone_Audio\unknown\5-216213-A-133.wav,Multiclass_Drone_Audio\unknown\5-216213-A-133.wav,al_emadi,5-216213-A-133,1.0216875,0.004768523563851988,1.7734148502349854,-0.0010618249447050027,0.026845732777801275,3.914457920473069e-05,-0.007669485220685601,0.00712136761285365,0.003362763358996934,2.0839810371398926,2.466376581615886e-05,0.022561637658257135,-0.00018989498494192958,-0.007146183494478464,0.007566466741263867,0.2190573318365257,8.664562225341797,6.375376094093488e-06,0.12898143459798864,-0.00013028345711063594,-0.1284965544939041,0.1305218487977982,0.7393411432009437,9.620706558227539,5.7672897221119035e-05,0.16767715360044522,0.00018238766642753035,-0.1622860953211784,0.15288533717393876,0.03347023803968167,10.647390365600586,3.6804572754510064e-06,0.025237810844222414,-5.725138180423528e-05,-0.021512290462851524,0.023007149994373345
F:\Seminario\Seminario-Clustering\datasets\davi\Al Emadi (2019)\Multiclass_Drone_Audio\unknown\1-34853-A-372.wav,Multiclass_Drone_Audio\unknown\1-34853-A-372.wav,al_emadi,1-34853-A-372,0.97525,0.003484103513942053,8.85899543762207,-0.0007139289311739017,0.026616450996567276,-0.0016309882048517466,-0.03356613218784332,0.034330230206251144,0.039197843707746656,8.672839164733887,-1.1920585331106397e-05,0.08930831242474532,-0.0012869498459622264,-0.1228971779346466,0.12168373167514801,0.25514532863844414,9.164758682250977,-0.00010097604281131931,0.16136324114261247,0.0020273172995075583,-0.21195999532938004,0.162978895008564,0.6005296339657696,10.118581771850586,-4.0923803249462835e-05,0.17518478989368938,-3.2561358239036053e-05,-0.20154228061437607,0.22148992121219635,0.10164309017409752,11.1099853515625,-1.7724112360417162e-06,0.05098562920651207,-0.0002261379559058696,-0.06325868368148804,0.0601776696741581
F:\Seminario\Seminario-Clustering\datasets\davi\Al Emadi (2019)\Multiclass_Drone_Audio\unknown\2-114609-B-284.wav,Multiclass_Drone_Audio\unknown\2-114609-B-284.wav,al_emadi,2-114609-B-284,0.95975,0.9792042817039305,8.152350425720215,-0.0009066058999876904,0.023426448122716787,4.7822773922234774e-05,-0.02810337021946907,0.025101478211581707,0.016300274124828294,7.39346170425415,-2.1758665078595342e-06,0.0030247681044172766,-2.45997762249317e-06,-0.0024455322418361902,0.002346269437111914,0.0025772096351535856,8.568702697753906,2.1663963289737896e-05,0.000851730879355838,8.827992132864892e-07,-0.0007314282236620783,0.0007797800470143566,0.001481386784392614,9.320802688598633,-3.842870041576186e-06,0.00045709926870593287,-5.665949629474198e-07,-0.00037938372115604575,0.00035553956695366656,0.0004368477516949979,10.18062686920166,-4.172504727066652e-08,0.00017560604584339898,1.262957084691152e-06,-0.00013868091627955437,0.00013673976354766637
F:\Seminario\Seminario-Clustering\datasets\davi\Al Emadi (2019)\Multiclass_Drone_Audio\unknown\5-248341-C-63.wav,Multiclass_Drone_Audio\unknown\5-248341-C-63.wav,al_emadi,5-248341-C-63,1.0216875,0.04912678637670997,8.138463973999023,0.0005612878262953527,0.10202158681662318,0.0001585586287546903,-0.11729319915175437,0.12611821442842489,0.23790601524608432,8.177633285522461,0.011064066813047063,0.22424056620341606,8.829246144159697e-05,-0.2610089868307114,0.30323805809021004,0.5721290507145455,9.037681579589844,0.0007551885906018494,0.24660961285700148,-0.00013419198512565345,-0.29262044429779055,0.2892596781253815,0.1261832871283411,9.750724792480469,0.0005880464522131141,0.08195169729870051,-7.596563955303282e-05,-0.08669838085770606,0.09216819554567338,0.014654860534319207,10.819125175476074,5.2158285212254406e-05,0.01975733398357909,1.6135410987772048e-05,-0.021542878821492195,0.022746256738901155
F:\Seminario\Seminario-Clustering\datasets\davi\Al Emadi (2019)\Multiclass_Drone_Audio\unknown\5-208810-A-114.wav,Multiclass_Drone_Audio\unknown\5-208810-A-114.wav,al_emadi,5-208810-A-114,0.95975,0.14641577722727633,8.310861587524414,-0.0002930220834416531,0.2256131718756475,-0.0012431768700480461,-0.2659102976322174,0.25487978756427765,0.23322900482062406,8.565502166748047,0.007655316318434188,0.2846460439045258,0.0021208036923781037,-0.3244907855987549,0.34650012850761414,0.29675855238585774,9.699033737182617,0.0009531647926969321,0.227531689569395,0.0,-0.277815443277359,0.27890795469284074,0.20830188917570563,10.669107437133789,0.005718009346285168,0.13477951135370583,0.0038284030742943287,-0.16103670001029968,0.17076272219419486,0.11529477639053622,11.651386260986328,5.837765009265016e-05,0.07099949135896522,0.0,-0.08711268752813339,0.08632838726043701
F:\Seminario\Seminario-Clustering\datasets\davi\Al Emadi (2019)\Multiclass_Drone_Audio\unknown\2-82071-A-270.wav,Multiclass_Drone_Audio\unknown\2-82071-A-270.wav,al_emadi,2-82071-A-270,1.0216875,0.5130802574663588,9.011486053466797,8.379266183308764e-05,0.054724524067902194,-0.00031736830715090036,-0.07037300616502762,0.06761753186583519,0.19952122464373653,8.965638160705566,0.0003815093262449264,0.034123790124226186,0.000532490317709744,-0.04334763884544372,0.044250464439392144,0.1380518727854715,9.765070915222168,9.003001408587951e-05,0.020106303583071503,-0.0001611913030501455,-0.024344556778669355,0.025006512925028805,0.10105749528544475,10.372519493103027,1.0208764416202635e-05,0.012173143131533873,4.0674323827261105e-05,-0.013928822241723537,0.013773435633629566,0.04828914981898844,11.143926620483398,9.901311751716459e-07,0.005952702492053944,-3.0024442821741104e-05,-0.006474739499390125,0.006323337834328415
F:\Seminario\Seminario-Clustering\datasets\davi\Al Emadi (2019)\Multiclass_Drone_Audio\unknown\3-95695-A-50.wav,Multiclass_Drone_Audio\unknown\3-95695-A-50.wav,al_emadi,3-95695-A-50,1.0216875,0.007143260096527009,7.392727851867676,0.0010110958475444988,0.04231429778225997,-0.0002077635144814849,-0.03900470212101936,0.04030736461281777,0.11394518299388358,8.429804801940918,-0.0003099983014853296,0.16904802430687932,0.0003788070462178439,-0.22429721504449845,0.21405892521142963,0.4741379110209611,8.260246276855469,0.0001745183653288065,0.24425341566706416,0.00028233585180714726,-0.22570991218090058,0.22401939630508425,0.35820147418712817,10.438379287719727,0.00010961049533677521,0.1502294856244389,0.0003748316958080977,-0.21254320144653321,0.20211509764194488,0.04657217170150014,11.451324462890625,-2.261464636316325e-05,0.038320006335296905,-0.0002553772064857185,-0.050224488228559495,0.05509209260344511
F:\Seminario\Seminario-Clustering\datasets\davi\Al Emadi (2019)\Multiclass_Drone_Audio\unknown\4-164243-A-263.wav,Multiclass_Drone_Audio\unknown\4-164243-A-263.wav,al_emadi,4-164243-A-263,1.0216875,0.06780176307326452,6.625533580780029,0.007441509549813128,0.15926406418470207,-0.00017131748609244823,-0.12801776975393295,0.12749656289815908,0.15518156103997582,8.364853858947754,-0.004251506439467225,0.24117008623831812,0.0042253106366842985,-0.3126915693283081,0.26137776672840135,0.5142512605435962,9.143518447875977,-0.0004661422471925532,0.3110166482260629,0.00132128840778023,-0.3530925452709198,0.3652162671089174,0.2295585361869676,9.763751983642578,4.8448369952422505e-05,0.14704365338794068,-0.0005770384159404784,-0.14459366202354432,0.15614365935325625,0.033206879156195884,10.757031440734863,3.6294138079660023e-06,0.03956256600647369,0.00011907273437827826,-0.03944340944290161,0.0403577283024788
F:\Seminario\Seminario-Clustering\datasets\davi\Al Emadi (2019)\Multiclass_Drone_Audio\unknown\4-209536-A-370.wav,Multiclass_Drone_Audio\unknown\4-209536-A-370.wav,al_emadi,4-209536-A-370,1.0216875,0.0023771179587232026,5.726361274719238,-0.0021258798076368955,0.033612848828104835,0.0005483621789608151,-0.027192614041268826,0.025335483998060238,0.0011326322755365454,8.39836311340332,-0.0002147702588752983,0.023247312390319606,0.00019727362086996436,-0.02582791671156883,0.02697548381984234,0.0019081360155244766,8.319732666015625,0.0004884774141459228,0.0213679874076278,0.000373873277567327,-0.019778988510370254,0.020307988673448563,0.4991109145684433,11.04619312286377,-0.022817591658340134,0.24354339211110915,-0.014586803503334522,-0.3476409733295441,0.2713372886180878,0.49547119918177246,12.047636032104492,3.977947955978088e-06,0.17240727586768428,0.0005582619924098253,-0.2220843881368637,0.2219985991716386
F:\Seminario\Seminario-Clustering\datasets\davi\Al Emadi (2019)\Multiclass_Drone_Audio\unknown\5-243459-B-141.wav,Multiclass_Drone_Audio\unknown\5-243459-B-141.wav,al_emadi,5-243459-B-141,1.0216875,0.00011734474343255841,7.351889133453369,-4.2540103762315115e-05,0.00039337032195550033,-5.098162000649609e-05,-0.0004645352688385174,0.00034734141372609904,0.005479746573359484,8.432475090026855,0.00010574056437071517,0.0027017329505432263,5.5407657782780007e-05,-0.0028993095736950638,0.003329800162464381,0.07487053520379587,9.56394100189209,-0.00013152169253316748,0.007077837764228612,-7.593414193252102e-05,-0.008573968335986138,0.008376738056540493,0.3579949416334478,10.716437339782715,-0.00017461266465947927,0.010952330991190577,-0.00029089985764585435,-0.013565042056143284,0.013375133834779264,0.5615374318459643,11.384881019592285,-1.5809337217283785e-07,0.009704730192277645,3.230215952498838e-05,-0.011161619797348976,0.01078437045216561
F:\Seminario\Seminario-Clustering\datasets\davi\Al Emadi (2019)\Multiclass_Drone_Audio\unknown\4-156827-A-461.wav,Multiclass_Drone_Audio\unknown\4-156827-A-461.wav,al_emadi,4-156827-A-461,1.0216875,0.3272028725431053,9.17579460144043,0.003054522405512602,0.6784709017137638,-0.0006452053785324097,-0.8916272819042206,0.8865685522556306,0.3124543148742027,8.968439102172852,0.01437713579804245,0.6628544669105801,0.014900412410497665,-0.817993426322937,0.8393038094043737,0.21656451884293432,9.856393814086914,-0.00852492910113482,0.3908796124681405,-0.00679009361192584,-0.4987191796302795,0.47942233681678775,0.13469008440055522,10.52812385559082,-3.732205018649681e-06,0.21818435580685644,0.0015566344372928143,-0.25586743354797364,0.2566600918769837,0.009088209339202444,11.398918151855469,-1.324204666411268e-06,0.040092741918960104,0.00048736133612692356,-0.04579360261559486,0.0440858609974385
F:\Seminario\Seminario-Clustering\datasets\davi\Al Emadi (2019)\Multiclass_Drone_Audio\unknown\5-249937-A-220.wav,Multiclass_Drone_Audio\unknown\5-249937-A-220.wav,al_emadi,5-249937-A-220,1.0216875,0.08020316275353982,8.453133583068848,-0.0016250019488314436,0.12018461578580943,-0.003634026274085045,-0.14090018421411513,0.13039591461420064,0.20333905405288136,8.063423156738281,-0.003366958811018047,0.19135332636457292,-0.011921185534447432,-0.1942286193370819,0.19982614964246756,0.4117721587797483,9.070486068725586,-0.005886755173071617,0.19281668189506615,-1.355540007352829e-06,-0.20380303263664246,0.19443278312683107,0.2447921499508172,9.650077819824219,-0.0004911619062993616,0.10524842051532791,-0.0009502506582066417,-0.10717112347483634,0.10443936064839364,0.059893474463013345,10.948830604553223,0.00010486827794818165,0.03682819065134353,0.00027578946901485324,-0.039011449366807935,0.03831602782011033
F:\Seminario\Seminario-Clustering\datasets\davi\Al Emadi (2019)\Multiclass_Drone_Audio\unknown\2-106073-A-364.wav,Multiclass_Drone_Audio\unknown\2-106073-A-364.wav,al_emadi,2-106073-A-364,0.95975,0.23444797836773668,8.953185081481934,-0.004333463846464829,0.4650983762821766,0.009557794779539108,-0.6167927086353302,0.5880712568759918,0.31179411114283806,8.891841888427734,-0.0219813590203113,0.5359316372275188,-0.008252168074250221,-0.7262128591537476,0.6393657028675079,0.1844064821845784,9.805643081665039,-0.0032091227059506556,0.29219683253164996,0.0025071273557841778,-0.38042595982551575,0.37578434944152844,0.14627450140921316,10.864032745361328,0.0013608107077020572,0.1841661283294492,0.0008139510755427182,-0.23674574494361877,0.2378421813249591,0.12307692689563367,11.89974594116211,-0.0005248391491558843,0.1195099990053004,0.0003462375607341528,-0.1558491587638855,0.15250229835510254
F:\Seminario\Seminario-Clustering\datasets\davi\Al Emadi (2019)\Multiclass_Drone_Audio\unknown\3-103051-A-193.wav,Multiclass_Drone_Audio\unknown\3-103051-A-193.wav,al_emadi,3-103051-A-193,1.0216875,0.9379553587606594,8.47726821899414,0.012824681373881557,0.04861126399781008,0.014213905669748783,-0.04138186201453209,0.07006641924381256,0.055422145367211545,8.629072189331055,-4.943403812615221e-05,0.012220669100425496,-0.00019696834351634607,-0.014911084529012441,0.014649101346731194,0.006125151215106733,9.639324188232422,-4.7083103673645896e-06,0.0028776652136273018,-4.390688263811171e-05,-0.003367796167731285,0.003422338888049126,0.0003011029565338034,10.884979248046875,-7.061213306079887e-06,0.0004514295443835413,-7.31613727111835e-06,-0.0005760659871157259,0.000562300137244165,0.00019624170048849495,11.863325119018555,3.316539471464352e-07,0.00025784083422079396,-4.492037987802178e-06,-0.0003236808581277728,0.0003245058993343264
F:\Seminario\Seminario-Clustering\datasets\davi\Al Emadi (2019)\Multiclass_Drone_Audio\unknown\5-189237-A-122.wav,Multiclass_Drone_Audio\unknown\5-189237-A-122.wav,al_emadi,5-189237-A-122,0.97525,0.016568389890237265,8.438486099243164,-7.525905215132281e-06,0.0029262858482157804,5.436519859358668e-05,-0.0035941104870289564,0.0034668822772800922,0.03256207902674297,3.4143831729888916,-0.00011535852940754741,0.0041007406665708275,8.228344086091965e-07,-0.0016695946687832475,0.0014641841407865286,0.07208678942424311,2.7044975757598877,-5.6623681809298774e-05,0.004322337738702744,-5.678247362084221e-06,-0.0004730466607725248,0.00043811023351736367,0.23903037098372645,3.2846314907073975,0.0001919211245195198,0.005566920237879153,9.992645004786027e-07,-0.00017971524357562885,0.00017714588466333225,0.6397523706750502,3.147177219390869,-2.904063300830219e-05,0.006446554336475307,6.955283424758818e-07,-0.0001466820714995265,0.00015500295849051334
F:\Seminario\Seminario-Clustering\datasets\davi\Al Emadi (2019)\Multiclass_Drone_Audio\unknown\1-96950-B-92.wav,Multiclass_Drone_Audio\unknown\1-96950-B-92.wav,al_emadi,1-96950-B-92,0.97525,0.0030579964484834963,7.507500648498535,6.858893758528636e-05,0.017022705103854754,-6.2563412939198315e-06,-0.01591363176703453,0.015600288286805153,0.05319297249944757,8.071203231811523,-0.0016129617983134989,0.07097879749154626,-3.1681847758591175e-05,-0.09393573552370071,0.08446308225393295,0.6156263313761905,8.987614631652832,-0.0022795206379117327,0.1710344919338834,-0.00013557048805523664,-0.20231957733631134,0.19206788390874863,0.3132282617362602,9.535151481628418,-2.2887806824858896e-05,0.08634007667277509,2.9773478672723286e-05,-0.08867103233933449,0.08646629005670547,0.014894437939618251,10.252307891845703,-9.603547631228957e-06,0.013319060683221433,2.0366505850688554e-06,-0.011650583520531653,0.011521161720156669
F:\Seminario\Seminario-Clustering\datasets\davi\Al Emadi (2019)\Multiclass_Drone_Audio\unknown\5-244459-A-281.wav,Multiclass_Drone_Audio\unknown\5-244459-A-281.wav,al_emadi,5-244459-A-281,1.0216875,0.9481372004302044,8.132488250732422,0.00010136875318232399,0.15963796211945316,-0.001728022936731577,-0.19328671097755432,0.1810649037361145,0.04780860219159618,7.836202144622803,-0.00017793737397935337,0.035846628856033874,8.01989299361594e-05,-0.03779171407222748,0.03840191364288333,0.0018448062989046973,9.0983247756958,-4.894237824039468e-05,0.004987474928569963,-2.5721019483171403e-06,-0.005487446300685405,0.005572048388421536,0.0011755900619975195,10.045225143432617,-5.661183857789013e-06,0.002817451746229116,9.933676665241364e-06,-0.003062807861715555,0.003105141641572119,0.0010338010172971622,11.168719291687012,-2.584821542785696e-06,0.0018690386928207775,1.3182288967072964e-06,-0.0021373653784394265,0.0021604024805128613
F:\Seminario\Seminario-Clustering\datasets\davi\Al Emadi (2019)\Multiclass_Drone_Audio\unknown\1-28808-A-433.wav,Multiclass_Drone_Audio\unknown\1-28808-A-433.wav,al_emadi,1-28808-A-433,1.0216875,0.4109450139528541,9.038215637207031,0.002437578078906563,0.44807954875227557,0.016659770160913467,-0.5738868832588195,0.5815871715545655,0.14978582327351164,8.915395736694336,-0.010533308671358864,0.27031838984547096,-0.010135361924767494,-0.3592184275388718,0.32608537673950194,0.36853667836334786,9.619338989257812,-0.0013753757158489425,0.30055993607053416,0.0010589736048132181,-0.36639891266822816,0.3571532249450684,0.06240255963240701,10.805559158325195,-0.00011802949702079505,0.08751837087567153,0.001724684378132224,-0.11394378244876861,0.10852939262986185,0.008329924777879428,11.870771408081055,-3.029870899136523e-05,0.022619832477904247,-7.052859291434288e-05,-0.028549805656075476,0.028536837548017502
F:\Seminario\Seminario-Clustering\datasets\davi\Al Emadi (2019)\Multiclass_Drone_Audio\unknown\2-137162-A-111.wav,Multiclass_Drone_Audio\unknown\2-137162-A-111.wav,al_emadi,2-137162-A-111,1.0216875,0.4248138752891693,8.827409744262695,-0.0015672949223837123,0.14601072372017745,-0.0002347850240767002,-0.18741908371448518,0.17850167304277426,0.2003990411438129,8.792551040649414,0.0017417115896837406,0.10027501169520535,0.001302183954976499,-0.11848337054252624,0.12918971776962282,0.1886494896791394,9.80882453918457,-0.0014695888074678985,0.06890727231023769,-0.0011461451649665833,-0.08945737183094024,0.08199058771133423,0.14110717335323905,10.86107349395752,6.548125565508135e-05,0.04218063995542596,0.00020950683392584324,-0.05279426835477352,0.0530648022890091,0.04503042053463939,11.86569595336914,-3.347570245420489e-05,0.016856294261196433,-7.537257624790072e-05,-0.02120927721261978,0.02106670066714287
F:\Seminario\Seminario-Clustering\datasets\davi\Al Emadi (2019)\Multiclass_Drone_Audio\unknown\3-155577-A-144.wav,Multiclass_Drone_Audio\unknown\3-155577-A-144.wav,al_emadi,3-155577-A-144,0.95975,0.23433065846736387,8.676491737365723,-0.023098807536932307,0.16231986600526785,-0.023608725517988205,-0.21079933643341064,0.18041205406188965,0.08827485418038769,8.629940032958984,0.0014443359720736635,0.10061999464451477,0.002053672564215958,-0.11943106353282928,0.11791712045669556,0.05942839026957186,9.592418670654297,0.0009693079536278768,0.05848184253529572,0.0019329816568642855,-0.06973229944705964,0.07031815350055695,0.2559026932745148,10.415351867675781,0.00434120512579514,0.08578065861374136,0.0015767028671689332,-0.0935278743505478,0.1088710673153401,0.36206340380816177,11.216644287109375,0.00021110556540882241,0.07227376114205702,0.00034335878444835544,-0.08237053453922272,0.08346685022115707
F:\Seminario\Seminario-Clustering\datasets\davi\Al Emadi (2019)\Multiclass_Drone_Audio\unknown\2-106015-B-440.wav,Multiclass_Drone_Audio\unknown\2-106015-B-440.wav,al_emadi,2-106015-B-440,1.0216875,0.8010349847742972,8.965472221374512,0.001741227994633092,0.36739073069322786,-0.01315267849713564,-0.46311254501342775,0.4784119218587876,0.18392312632019905,8.703152656555176,0.0006142482171713914,0.1760446544954577,0.002376489690504968,-0.21577302664518355,0.21704455316066742,0.010905788117512328,9.92211627960205,-5.011772310789429e-05,0.030364130112820152,0.00047008879482746124,-0.03822739347815513,0.037665149569511426,0.003579987594138526,10.43942642211914,9.447010854908465e-05,0.012310169641546475,1.727271592244506e-05,-0.013723484147340058,0.01398520153015852,0.0005561131938528433,11.44302749633789,-6.816616320136767e-06,0.0034323190124556317,2.2056512534618378e-05,-0.003964402806013822,0.0038866768591105955
F:\Seminario\Seminario-Clustering\datasets\davi\Al Emadi (2019)\Multiclass_Drone_Audio\unknown\2-78562-B-374.wav,Multiclass_Drone_Audio\unknown\2-78562-B-374.wav,al_emadi,2-78562-B-374,0.95975,0.001608212094018123,5.230751037597656,0.0017190888989777025,0.0481429832635691,-4.627357702702284e-05,-0.029724907130002975,0.030544661916792393,0.004076572488868681,8.831826210021973,-0.00023095725813671353,0.07669793571475104,5.7696146541275084e-05,-0.09448623657226562,0.0957089476287365,0.006311565566474293,9.846521377563477,-0.0009387249388057715,0.06759863538887022,0.0006492898100987077,-0.09006137698888779,0.08421300798654557,0.12479450440995021,10.95227336883545,2.2428147704364747e-05,0.21273191702359978,0.0006585367955267429,-0.2715228140354156,0.2654549032449723,0.8632091454406887,11.897150039672852,-0.0003984695563807658,0.3957997728799712,-0.0037835424300283194,-0.48987871408462524,0.4925936758518219
F:\Seminario\Seminario-Clustering\datasets\davi\Al Emadi (2019)\Multiclass_Drone_Audio\unknown\1-75162-A-90.wav,Multiclass_Drone_Audio\unknown\1-75162-A-90.wav,al_emadi,1-75162-A-90,1.0216875,0.0014620620695750207,8.381267547607422,-0.0002181012282516285,0.012490154531182684,1.70616482364494e-06,-0.015106847882270813,0.014494584873318676,0.025611695088935807,8.325212478637695,0.0006542189586434151,0.0522800845366179,7.635576139364275e-06,-0.06109380796551704,0.06638743951916695,0.5495105425537532,9.429258346557617,-0.007337705422527791,0.17138272030467402,-1.6733552001824137e-06,-0.2349117636680603,0.20465024411678318,0.4008148882562784,10.346866607666016,3.85691304832862e-06,0.1036696876429751,9.146426691586385e-07,-0.13100017011165618,0.12662686705589296,0.022600812031457505,11.197057723999023,-1.9759108093130663e-05,0.017414556661942915,6.230555982256192e-08,-0.020458504557609558,0.020618814229965237
F:\Seminario\Seminario-Clustering\datasets\davi\Al Emadi (2019)\Multiclass_Drone_Audio\unknown\2-81190-A-344.wav,Multiclass_Drone_Audio\unknown\2-81190-A-344.wav,al_emadi,2-81190-A-344,0.95975,0.0,-0.0,0.0,0.0,0.0,0.0,0.0,0.0,-0.0,0.0,0.0,0.0,0.0,0.0,0.0,-0.0,0.0,0.0,0.0,0.0,0.0,0.0,-0.0,0.0,0.0,0.0,0.0,0.0,0.0,-0.0,0.0,0.0,0.0,0.0,0.0
F:\Seminario\Seminario-Clustering\datasets\davi\Al Emadi (2019)\Multiclass_Drone_Audio\unknown\4-172143-A-130.wav,Multiclass_Drone_Audio\unknown\4-172143-A-130.wav,al_emadi,4-172143-A-130,1.0216875,0.7970472115159039,8.978240013122559,-0.00015295812004172888,0.04283435624022096,-0.0005363351665437222,-0.05433305650949478,0.053931948170065885,0.012619393372703418,8.963604927062988,0.00012675552580706392,0.005388304225626028,-1.793153387552593e-05,-0.007014352316036821,0.00707099442370236,0.010327333544667064,9.873594284057617,1.6986118956151285e-05,0.003453563353363513,-2.5200366508215666e-05,-0.004224665369838476,0.004474759381264449,0.008172155471882209,9.658185958862305,1.7462898767250283e-06,0.0021739518249381043,-3.5253315218142234e-06,-0.0018697710707783698,0.0018360287998802963,0.1718339060948435,9.703712463378906,4.1208164562482475e-06,0.007051912471495828,1.4039855159353465e-05,-0.0029537750873714686,0.003072150330990563
F:\Seminario\Seminario-Clustering\datasets\davi\Al Emadi (2019)\Multiclass_Drone_Audio\unknown\5-200334-B-14.wav,Multiclass_Drone_Audio\unknown\5-200334-B-14.wav,al_emadi,5-200334-B-14,0.95975,0.0,-0.0,0.0,0.0,0.0,0.0,0.0,0.0,-0.0,0.0,0.0,0.0,0.0,0.0,0.0,-0.0,0.0,0.0,0.0,0.0,0.0,0.0,-0.0,0.0,0.0,0.0,0.0,0.0,0.0,-0.0,0.0,0.0,0.0,0.0,0.0
F:\Seminario\Seminario-Clustering\datasets\davi\Al Emadi (2019)\Multiclass_Drone_Audio\unknown\1-54505-A-211.wav,Multiclass_Drone_Audio\unknown\1-54505-A-211.wav,al_emadi,1-54505-A-211,1.0216875,0.09910164910576748,7.774657249450684,-0.00027630169530552475,0.19752016063924602,0.0007893440779298544,-0.209979048371315,0.19965324699878703,0.6236992688717197,7.315713882446289,0.019207611413059624,0.4951451506328859,4.1533849071129225e-05,-0.3257142513990402,0.4811406493186956,0.25155780034821623,8.497735023498535,-2.0831461694911402e-05,0.22290300136233904,-4.666032054956304e-06,-0.21092647314071655,0.19281423389911653,0.023386254403528855,9.726537704467773,8.03749806006528e-06,0.04809284930013687,3.2791145940791466e-06,-0.0529089592397213,0.050987424701452254,0.0022550272707677122,10.529683113098145,6.364901062856512e-06,0.010564448061278158,1.0379799277870916e-06,-0.010518038272857666,0.010516922548413278
F:\Seminario\Seminario-Clustering\datasets\davi\Al Emadi (2019)\Multiclass_Drone_Audio\unknown\1-137-A-320.wav,Multiclass_Drone_Audio\unknown\1-137-A-320.wav,al_emadi,1-137-A-320,1.0216875,0.19109593786637794,8.800554275512695,0.0008149092635928571,0.01650931016805936,0.0008595699910074472,-0.02015146166086197,0.02008028216660023,0.09350009997344383,4.125520706176758,0.00015441561526952433,0.011561094441141178,1.3331544323591515e-05,-0.001220229174941778,0.001054412650410088,0.15383523415349948,5.072011947631836,-0.00014928721194111481,0.01050367543507333,3.284858394181356e-06,-0.0007227470050565898,0.0005732852849178018,0.38696874293426203,5.482520580291748,-0.00023465329294583215,0.011787244653211784,-2.420426426397171e-06,-0.00040536356682423496,0.0003042295749764893,0.17459998507241672,6.574507236480713,7.421147023918662e-06,0.005602126498889487,-5.014908310840838e-07,-0.00014890088059473782,0.00014635177212767348
F:\Seminario\Seminario-Clustering\datasets\davi\Al Emadi (2019)\Multiclass_Drone_Audio\unknown\5-213836-D-94.wav,Multiclass_Drone_Audio\unknown\5-213836-D-94.wav,al_emadi,5-213836-D-94,0.95975,0.06237016401013343,8.827070236206055,-0.0038404036959243733,0.17600690836921204,0.00018551014363765717,-0.22296881675720215,0.21975697576999664,0.04977939551140136,8.72863483428955,0.0016182406611309635,0.15727020243262163,0.00576048088259995,-0.1972365379333496,0.18946422636508942,0.49588118585860863,9.692081451416016,0.006002871631221338,0.351595521919639,0.0032533828634768724,-0.44414533376693727,0.43538190722465525,0.3556023810804857,10.231559753417969,-0.00036071227360791775,0.21072845204503324,-0.0005802225205115974,-0.2326161339879036,0.23426886647939685,0.03636687353937088,11.457880020141602,-2.770945684578866e-05,0.04767351915154341,0.0003318109083920717,-0.05582460016012192,0.0555766336619854
F:\Seminario\Seminario-Clustering\datasets\davi\Al Emadi (2019)\Multiclass_Drone_Audio\unknown\1-51805-H-330.wav,Multiclass_Drone_Audio\unknown\1-51805-H-330.wav,al_emadi,1-51805-H-330,1.0216875,0.04679469277952175,8.72807502746582,0.00031031054154818455,0.04464429837898601,-0.0008600936271250248,-0.053055324405431745,0.05894224792718888,0.04888724215476117,8.660059928894043,-0.00029390017315552837,0.04563173149308992,-0.0007433192513417453,-0.05396013893187046,0.05635475367307665,0.2660596493174673,9.75347900390625,-0.00035423254076438445,0.07540297393228505,-0.0008013347396627069,-0.09365426301956177,0.0961095780134201,0.3879437666987537,10.599136352539062,-0.0007799388440972513,0.06442575114992717,0.000263133566477336,-0.08080001324415206,0.07948615401983261,0.2503146490494961,11.459507942199707,0.00018111408531066257,0.03661133410488463,-0.0001476104953326285,-0.04245367348194122,0.043641570955514915
F:\Seminario\Seminario-Clustering\datasets\davi\Al Emadi (2019)\Multiclass_Drone_Audio\unknown\2-133863-A-112.wav,Multiclass_Drone_Audio\unknown\2-133863-A-112.wav,al_emadi,2-133863-A-112,0.97525,0.2729478928365991,8.633852005004883,0.0010538458421628896,0.2823199635891251,-0.010433675721287727,-0.34168553352355957,0.3447158932685852,0.3680441584043929,8.488101959228516,-0.009899560335874519,0.3276850528771826,-0.009164377115666866,-0.38597166538238525,0.3720366656780243,0.21547663233355338,9.502849578857422,-0.003913260703845233,0.17760267731425758,0.003424348426051438,-0.21625147759914398,0.20236898958683014,0.10405324692355193,10.308351516723633,0.0006765413121217483,0.08735503375954634,-4.613307100953534e-05,-0.10101516544818878,0.10424880310893059,0.03947806950190267,11.165207862854004,-6.381171253735939e-08,0.03806543132183513,-9.581656195223331e-05,-0.04378676488995552,0.04340560212731362
F:\Seminario\Seminario-Clustering\datasets\davi\Al Emadi (2019)\Multiclass_Drone_Audio\unknown\5-161270-A-334.wav,Multiclass_Drone_Audio\unknown\5-161270-A-334.wav,al_emadi,5-161270-A-334,0.95975,0.8812535635392617,8.806821823120117,-0.00752540106127592,0.06629668264770251,-0.008804918266832829,-0.09317869320511818,0.0785834938287735,0.053240130981126156,8.101160049438477,6.244536130270905e-05,0.01639977111817503,3.7550547858700156e-05,-0.01720645371824503,0.0174929266795516,0.032031967944871134,7.3715434074401855,-0.00021291925661579944,0.009008762114110584,-1.7825797840487212e-05,-0.0067419688217341895,0.006527111493051057,0.027197986176765845,7.7889862060546875,-1.6086915241815876e-05,0.0058760433981966615,1.7294521967414767e-05,-0.002917121676728129,0.0029566198587417623,0.006276351357975212,8.758638381958008,-1.2210455106709822e-05,0.001996855192725615,1.7872738681035116e-05,-0.0010697812540456653,0.0010860436595976353
F:\Seminario\Seminario-Clustering\datasets\davi\Al Emadi (2019)\Multiclass_Drone_Audio\unknown\2-69131-B-51.wav,Multiclass_Drone_Audio\unknown\2-69131-B-51.wav,al_emadi,2-69131-B-51,1.0216875,0.005824063286923154,4.77370023727417,0.002832078429959091,0.07161422358546307,-0.0013057878240942955,-0.04658759944140911,0.04587936922907831,0.2727884473599644,8.279261589050293,0.0004133045497161956,0.49049934403980605,0.015004435554146767,-0.5061343371868133,0.5519810259342194,0.675112057327442,9.7440185546875,-0.003030504568924481,0.5465531858457251,0.010445178486406803,-0.7135847449302674,0.6680461168289192,0.04224834592701743,10.70140552520752,-3.638038307070807e-05,0.09675181842662674,0.015264908317476511,-0.13293872773647308,0.10479043945670129,0.004027086098653057,11.304673194885254,-7.155416079064069e-06,0.02113102557112187,0.0001488131092628464,-0.024221557006239892,0.023608529940247543
F:\Seminario\Seminario-Clustering\datasets\davi\Al Emadi (2019)\Multiclass_Drone_Audio\unknown\4-161100-A-473.wav,Multiclass_Drone_Audio\unknown\4-161100-A-473.wav,al_emadi,4-161100-A-473,1.0216875,0.4595871986223732,9.02731704711914,0.02998424022266431,1.4636775659789978,0.013048969209194183,-1.8726590037345885,1.9530370116233842,0.21465821105186111,8.994333267211914,0.0204390997002771,1.0003124574869424,0.009311885107308626,-1.2824687242507935,1.3522629737854004,0.1414022026125894,9.890467643737793,0.0017569604615661329,0.5751805533483607,-0.0006837464170530438,-0.717299735546112,0.7269839644432068,0.148601165109586,10.756193161010742,0.000845930853609145,0.41724536219997305,-0.0020269464002922177,-0.509275871515274,0.5168384671211242,0.03575122260359029,11.677448272705078,-7.584181227716149e-05,0.14477630573622005,0.0019458327442407608,-0.17469592094421385,0.1714916378259659
F:\Seminario\Seminario-Clustering\datasets\davi\Al Emadi (2019)\Multiclass_Drone_Audio\unknown\2-92978-A-290.wav,Multiclass_Drone_Audio\unknown\2-92978-A-290.wav,al_emadi,2-92978-A-290,1.0216875,0.2520369154614021,6.415595054626465,0.000866235374153233,0.37148928940482445,0.0001343762269243598,-0.14484786242246628,0.17187722325325014,0.5019711782332399,6.206334114074707,0.005218210021401474,0.524243765348207,0.0011816163314506412,-0.12530301734805105,0.16445347219705594,0.20894901693886606,7.443064212799072,-2.6738223967300578e-05,0.23958583693434826,0.0002697042073123157,-0.07641942203044891,0.0642954707145691,0.03401954126633397,8.467975616455078,0.0002725834080654248,0.06840769043573203,2.305002089997288e-05,-0.031252587214112275,0.03068655524402857,0.0030233481001579235,9.122281074523926,-7.360762859843272e-05,0.014426247661944808,3.301788819953799e-05,-0.007898016460239887,0.007719300407916309
F:\Seminario\Seminario-Clustering\datasets\davi\Al Emadi (2019)\Multiclass_Drone_Audio\bebop_1\mixed_66-bebop_001_.wav,Multiclass_Drone_Audio\bebop_1\mixed_66-bebop_001_.wav,al_emadi,mixed_66-bebop_001,1.024,0.5519787771268876,8.305848121643066,-0.003447245925583524,0.25131170429526,-0.008468596264719963,-0.2761795729398727,0.2514638274908066,0.13018896354417372,9.09170913696289,-0.0010236320903556403,0.12205742475454029,0.0006529724050778896,-0.16336087882518768,0.1543832764029503,0.04153313213105164,9.915275573730469,0.0002876471406810789,0.0488203151052945,0.0013196173240430653,-0.06304928734898567,0.061165934428572655,0.08613554403418018,10.95241641998291,0.0003498051905088441,0.049756130808695155,0.0004989718436263502,-0.06361396610736847,0.06291083991527557,0.19016358316370685,12.137457847595215,0.00011204027014828126,0.05229970075287216,-0.0004982240498065948,-0.0683417946100235,0.06911579668521883
F:\Seminario\Seminario-Clustering\datasets\davi\Al Emadi (2019)\Multiclass_Drone_Audio\unknown\1-59513-A-04.wav,Multiclass_Drone_Audio\unknown\1-59513-A-04.wav,al_emadi,1-59513-A-04,0.95975,0.47952097601462923,6.941986560821533,-0.00035944630472157266,0.3553301479654577,-0.0024176675360649824,-0.16683191806077957,0.19848325103521347,0.42959491698423496,7.2562479972839355,-0.005634424035076484,0.3362769380816662,0.00029088990413583815,-0.21188600361347198,0.2374682053923607,0.08336834210920434,7.926608085632324,7.884742022016125e-05,0.10495475396222662,-9.527028305456042e-05,-0.07042577564716339,0.06661747843027119,0.007274296160807675,8.619812965393066,2.3946817405564128e-05,0.021939188792306503,2.1471281797857955e-05,-0.011826852429658174,0.013584685605019341,0.00024146873112380798,9.867759704589844,6.775091926905351e-07,0.00282773416506464,-9.832499927142635e-06,-0.0018168127862736583,0.0018835895461961627
F:\Seminario\Seminario-Clustering\datasets\davi\Al Emadi (2019)\Multiclass_Drone_Audio\unknown\4-161103-A-471.wav,Multiclass_Drone_Audio\unknown\4-161103-A-471.wav,al_emadi,4-161103-A-471,1.0216875,0.3384553319872393,9.043319702148438,0.013056953846212433,0.8323955957494109,0.017971370369195938,-1.1162798643112182,1.127403151988983,0.17025560842046422,8.84637451171875,0.01904677635295215,0.5901428335722477,0.0012270795414224267,-0.7071174681186676,0.7904669880867006,0.2757700530846982,9.669292449951172,-0.002426188080844023,0.5322640555414211,-0.005020936485379934,-0.6358439207077027,0.6333967447280884,0.18422250522392425,10.65524673461914,-0.000616175185428892,0.30784473351060027,-0.0022797295823693275,-0.36510715186595916,0.3676751017570496,0.031296501283674005,11.462955474853516,-5.273589872253344e-05,0.08975939319846156,-0.00012026727199554443,-0.1044717252254486,0.10322865247726444
F:\Seminario\Seminario-Clustering\datasets\davi\Al Emadi (2019)\Multiclass_Drone_Audio\unknown\4-201800-A-310.wav,Multiclass_Drone_Audio\unknown\4-201800-A-310.wav,al_emadi,4-201800-A-310,1.0216875,0.7244800330203088,5.867982387542725,4.4847211459330846e-05,0.06697794653347101,-9.868775805443875e-07,-0.017516396567225458,0.02182391565293075,0.04155243112889796,4.320696830749512,-0.0004128314603323203,0.01603515147602067,1.5146317764447303e-06,-0.0018956279149278997,0.0021536705549806408,0.01974956524719244,4.308271884918213,0.00015456788839228084,0.007831383692273526,1.4779288903810084e-12,-0.0009867108426988124,0.0008678707526996733,0.04751224853868817,5.253493785858154,-4.687733721979365e-05,0.008596938237234421,0.0,-0.0006042980065103619,0.0006729498214554043,0.1667057220649126,6.281131267547607,-1.1903448396316321e-05,0.011391825072490674,0.0,-0.0005782091524451971,0.0005495159886777406
F:\Seminario\Seminario-Clustering\datasets\davi\Al Emadi (2019)\Multiclass_Drone_Audio\unknown\1-254507-A-431.wav,Multiclass_Drone_Audio\unknown\1-254507-A-431.wav,al_emadi,1-254507-A-431,1.0216875,0.7718042423460003,8.759309768676758,0.004544670178087479,1.1509532987203894,0.17754502594470978,-1.5946181654930114,1.2527567982673646,0.05304709270738594,8.1411714553833,0.002927246192222867,0.3017295681403903,0.0020804089726880193,-0.34142090380191803,0.3559200972318658,0.04118619914195694,8.445186614990234,0.0010375107242447392,0.18832256487332394,0.000578605046030134,-0.16775740683078766,0.1671895921230316,0.12206403267568487,9.040364265441895,-0.0005399513633723364,0.22941875380982257,0.0007004803046584129,-0.189271205663681,0.18514323234558117,0.011898433128971935,10.015244483947754,-9.956726881055718e-06,0.0506701216720086,2.0076637156307697e-05,-0.04068058878183365,0.04125789850950242
F:\Seminario\Seminario-Clustering\datasets\davi\Al Emadi (2019)\Multiclass_Drone_Audio\unknown\3-152007-C-202.wav,Multiclass_Drone_Audio\unknown\3-152007-C-202.wav,al_emadi,3-152007-C-202,0.97525,0.08292700955597056,6.04726505279541,0.0015229634449493389,0.11966091222483688,-4.013796569779515e-06,-0.04725443571805954,0.04198475182056427,0.7551597166537207,6.300375938415527,0.0007103983766530113,0.36112542541893417,8.987367436930072e-06,-0.032588180154561996,0.03746800869703293,0.1065999036713642,6.38644552230835,-0.0006514981407813575,0.09608552591726176,-4.5000169848208316e-05,-0.025265149772167206,0.022284711711108685,0.04765331526570253,8.071778297424316,8.392203887933717e-05,0.045462539250566585,-1.0146578460989986e-05,-0.02210605051368475,0.0229276642203331,0.007660054853242011,10.663912773132324,3.912851016839649e-05,0.012894409694599304,-4.955106760462513e-06,-0.013263331726193426,0.013732911460101613
F:\Seminario\Seminario-Clustering\datasets\davi\Al Emadi (2019)\Multiclass_Drone_Audio\unknown\3-143560-A-470.wav,Multiclass_Drone_Audio\unknown\3-143560-A-470.wav,al_emadi,3-143560-A-470,1.0216875,0.3879845613841621,8.478419303894043,0.0002625103933344403,0.08675449813296746,0.0028629533480852842,-0.10465321615338326,0.09744000509381297,0.2697251124238493,8.555299758911133,0.0005833209932263436,0.07233247820624837,-0.00030319934739964083,-0.0834704503417015,0.08298180401325227,0.2595015196209296,9.73019790649414,-5.493020135322981e-05,0.05025532092105763,0.000697813113220036,-0.06043666452169418,0.06121750473976137,0.07972958382073572,10.769315719604492,-2.9283591565780415e-05,0.019711732238677507,-0.0001452790093026124,-0.02406851090490818,0.024266043864190578,0.0030592227503232925,11.82546615600586,-2.1369341873858462e-06,0.00273144050980859,1.4809760614298284e-05,-0.0033700171392410994,0.0034309304784983403
F:\Seminario\Seminario-Clustering\datasets\davi\Al Emadi (2019)\Multiclass_Drone_Audio\bebop_1\B_S2_D1_088-bebop_002_.wav,Multiclass_Drone_Audio\bebop_1\B_S2_D1_088-bebop_002_.wav,al_emadi,B_S2_D1_088-bebop_002,1.024,0.8508031121315639,8.146202087402344,0.001035478942150485,0.45230513380828846,-0.006852935068309307,-0.48338702619075774,0.49012182354927064,0.010896248678373577,8.935781478881836,0.00048576791651232747,0.05118433572087502,-0.0003894837573170662,-0.06315093040466309,0.067667955160141,0.03524820631504604,9.92402458190918,-0.0038457173975713927,0.0650800812617259,-0.0025465551298111677,-0.08665090873837471,0.07801983654499055,0.05830572843031863,10.890718460083008,0.00027630151050453763,0.05933934589932619,0.0010551613522693515,-0.0766647681593895,0.07438952475786209,0.04474670444469788,11.935701370239258,7.517024164990556e-05,0.036774083197321145,0.0002441510441713035,-0.04623853787779808,0.04743785336613656
F:\Seminario\Seminario-Clustering\datasets\davi\Al Emadi (2019)\Multiclass_Drone_Audio\unknown\1-18074-A-61.wav,Multiclass_Drone_Audio\unknown\1-18074-A-61.wav,al_emadi,1-18074-A-61,1.0216875,0.3916767239519626,6.219242095947266,-0.0008903409305891767,0.016332675890959387,-0.0005091347265988588,-0.012519115395843982,0.012969369161874059,0.48156979544068756,5.424035549163818,0.0002505876989262849,0.018135351438953416,-9.099763701669872e-05,-0.004243500251322984,0.005791830550879249,0.11737328903798255,7.225661754608154,4.441017107082606e-06,0.006342316144498003,-4.923516826238483e-06,-0.002022939035668969,0.002081553032621742,0.007242073999270277,8.657425880432129,2.714429917067028e-06,0.00111479941100205,1.3258027593110455e-05,-0.0007698825094848871,0.000755584565922618,0.0021381175700969897,11.390568733215332,1.9827595394879284e-06,0.00042849771072588403,2.5427270884392783e-06,-0.000503946712706238,0.0004991242079995575
F:\Seminario\Seminario-Clustering\datasets\davi\Al Emadi (2019)\Multiclass_Drone_Audio\unknown\4-171207-A-124.wav,Multiclass_Drone_Audio\unknown\4-171207-A-124.wav,al_emadi,4-171207-A-124,0.95975,0.9983191402195594,8.99577522277832,0.004201704259011239,0.510863142210559,0.0030920342542231083,-0.6896407604217529,0.6500545740127563,0.0010423155240629725,8.34589958190918,0.00035925167101757375,0.01650369871446969,-0.0001907465630210936,-0.018010430969297886,0.01871421840041876,0.0002758108218517692,8.763296127319336,3.551169497780381e-05,0.00601527959852334,-0.0001557901268824935,-0.005909434519708157,0.006116149853914981,0.00013212328227050728,6.351495742797852,2.475765498054483e-05,0.0029461564130923226,2.3399887140840292e-05,-0.0018165635992772877,0.0017414603149518372,0.00023061015225538925,8.033105850219727,3.5582200690077007e-06,0.0027536141441815757,5.1309471018612385e-06,-0.0014645076589658856,0.0014481095131486654
F:\Seminario\Seminario-Clustering\datasets\davi\Al Emadi (2019)\Multiclass_Drone_Audio\unknown\1-254507-A-432.wav,Multiclass_Drone_Audio\unknown\1-254507-A-432.wav,al_emadi,1-254507-A-432,0.97525,0.9849484169162093,8.843664169311523,0.0008504492212675519,0.3932596890158352,0.09868906438350677,-0.6050587892532349,0.4203643202781677,0.008529722351267558,8.73656177520752,-0.0014575021895928883,0.03656760013771402,-7.418543100357056e-05,-0.048477284610271454,0.04433894902467728,0.00489257378168536,9.768774032592773,6.540846337594286e-05,0.01962863297027158,0.00032934144837781787,-0.024559522047638893,0.024545776657760143,0.0014630984380247017,10.742146492004395,-1.2645860054423862e-05,0.0075958828251771,5.5847776820883155e-05,-0.009345346130430698,0.009266817010939121,0.0001661885128131597,11.589590072631836,3.1632813061978296e-06,0.0018110131443156779,2.1886371541768312e-06,-0.002164557389914989,0.0021939602680504326
F:\Seminario\Seminario-Clustering\datasets\davi\Al Emadi (2019)\Multiclass_Drone_Audio\unknown\4-181999-A-360.wav,Multiclass_Drone_Audio\unknown\4-181999-A-360.wav,al_emadi,4-181999-A-360,1.0216875,0.21949493018296834,8.964120864868164,-0.04150416357723583,0.4212310774175889,-0.03411927446722984,-0.5863040804862976,0.4856218248605728,0.09473792689186371,8.905027389526367,-0.004243323870129151,0.27804654387813055,-0.007399563444778323,-0.35693253576755524,0.35660476386547096,0.16794010721855993,9.875166893005371,0.0022200480774599513,0.2622366296706609,0.00023515126667916775,-0.32750073075294495,0.33032125830650333,0.2485083910270229,10.962879180908203,-6.402909319945916e-05,0.22573836537418884,0.0005287627864163369,-0.2907365322113037,0.2903375893831253,0.2693186446795851,12.100574493408203,0.00014259545380667388,0.16624122768632346,-0.0026776620652526617,-0.21715241968631743,0.21664933264255545
F:\Seminario\Seminario-Clustering\datasets\davi\Al Emadi (2019)\Multiclass_Drone_Audio\unknown\4-117630-A-251.wav,Multiclass_Drone_Audio\unknown\4-117630-A-251.wav,al_emadi,4-117630-A-251,1.0216875,0.9884833240830235,8.914178848266602,0.010625904583161995,0.2621805704429355,-0.0217839814722538,-0.2986238807439804,0.3714811831712723,0.0014317560989632178,7.3823041915893555,-0.00033672175645255907,0.00998067024539233,-0.00010707488399930298,-0.009400409366935491,0.008023490104824314,0.0030019295073090216,7.351861000061035,-0.00023399527626861616,0.010239640104612228,-3.5472679883241653e-05,-0.007674595527350903,0.006960799917578697,0.00529862772210598,6.124871730804443,-0.00010032698291188363,0.009628509667895737,9.903342288453132e-06,-0.00437745419330895,0.004462381592020393,0.0017843625885982887,6.726565361022949,-8.076658974658732e-06,0.003952869181124325,-7.67395249567926e-06,-0.001933937706053257,0.0018535936484113346
F:\Seminario\Seminario-Clustering\datasets\davi\Al Emadi (2019)\Multiclass_Drone_Audio\unknown\5-209719-A-242.wav,Multiclass_Drone_Audio\unknown\5-209719-A-242.wav,al_emadi,5-209719-A-242,0.97525,0.0,-0.0,0.0,0.0,0.0,0.0,0.0,0.0,-0.0,0.0,0.0,0.0,0.0,0.0,0.0,-0.0,0.0,0.0,0.0,0.0,0.0,0.0,-0.0,0.0,0.0,0.0,0.0,0.0,0.0,-0.0,0.0,0.0,0.0,0.0,0.0
F:\Seminario\Seminario-Clustering\datasets\davi\Al Emadi (2019)\Multiclass_Drone_Audio\unknown\1-51805-H-334.wav,Multiclass_Drone_Audio\unknown\1-51805-H-334.wav,al_emadi,1-51805-H-334,0.95975,0.9118900352064359,8.284466743469238,1.718434795600364e-05,0.06419590837791117,0.0034356010146439075,-0.06792163848876953,0.06942395865917206,0.02190722418130208,8.46755599975586,0.0003481388708051381,0.009944061367208741,-1.9553550373530015e-05,-0.011793875135481358,0.013241435401141644,0.039507296774741706,9.16756820678711,7.334193927628993e-05,0.009465312179173261,1.8357590306550264e-05,-0.010964641720056534,0.01119807995855809,0.02270010988086124,10.199675559997559,1.2368701132491669e-05,0.005077450427086198,-1.0016970918513834e-05,-0.00595328826457262,0.006142032891511919,0.003995333956659126,11.209577560424805,-3.943931624876893e-06,0.0015069223417044782,1.7990641936194152e-06,-0.0018105224007740617,0.001815696945413947
F:\Seminario\Seminario-Clustering\datasets\davi\Al Emadi (2019)\Multiclass_Drone_Audio\bebop_1\B_S2_D1_110-bebop_003_.wav,Multiclass_Drone_Audio\bebop_1\B_S2_D1_110-bebop_003_.wav,al_emadi,B_S2_D1_110-bebop_003,1.024,0.645054027744907,8.616822242736816,-0.0017009340199524339,0.30029220860879785,-0.016454595141112804,-0.3445240050554275,0.37451010644435884,0.023709789650115002,8.943442344665527,-0.0002885872866049662,0.05757200790320266,0.0027025415329262614,-0.07404555454850197,0.07068806514143944,0.07574431300923909,9.916879653930664,-0.00021774879831411742,0.07286927487800605,0.0016226285952143371,-0.09412293583154678,0.09408837109804155,0.1441600814280672,10.967667579650879,0.0012704500423032828,0.07113444681754832,0.0018679131753742695,-0.09067702293395996,0.09200023859739304,0.11133178816767167,11.928601264953613,1.714169339876613e-06,0.04422895678620511,0.00037931965198367834,-0.056614287197589874,0.05591129064559937
F:\Seminario\Seminario-Clustering\datasets\davi\Al Emadi (2019)\Multiclass_Drone_Audio\unknown\4-182039-A-301.wav,Multiclass_Drone_Audio\unknown\4-182039-A-301.wav,al_emadi,4-182039-A-301,1.0216875,0.9997750558426943,6.940592288970947,-0.0014333661296022698,0.06390653054118103,0.00018446671310812235,-0.05157184712588787,0.03877490684390071,4.6265774336223585e-05,7.3464765548706055,-1.1439735802744965e-05,0.0004346932009852292,-4.4836315282736905e-06,-0.00042897488456219437,0.00041625134763307876,3.643736737353539e-05,8.987136840820312,-1.418845755149697e-06,0.0002733357910148896,-5.014066118746996e-06,-0.00032870005816221237,0.00031329111661762,5.405277648440888e-05,10.931804656982422,1.1387359071765305e-06,0.00023557866676464598,-3.6146811908110976e-06,-0.00029516790236812086,0.00030753390165045864,8.818823911146266e-05,11.932920455932617,-1.2358309538836218e-06,0.00021286333253582866,-1.1579104466363788e-06,-0.00027177203446626663,0.0002682293299585582
F:\Seminario\Seminario-Clustering\datasets\davi\Al Emadi (2019)\Multiclass_Drone_Audio\unknown\2-25292-A-220.wav,Multiclass_Drone_Audio\unknown\2-25292-A-220.wav,al_emadi,2-25292-A-220,1.0216875,0.0505992401846978,8.644054412841797,-0.0015874123684186552,0.18689956659039794,-0.0035192063078284264,-0.22909775227308274,0.23820404410362245,0.4733573977881907,8.598973274230957,-0.0004662396605054857,0.5716712951268574,-1.988950393183586e-05,-0.7103160500526429,0.682038700580597,0.2430503204165735,9.332910537719727,-0.001268347606016073,0.29014927131975754,-0.00025702989660203457,-0.3370138108730316,0.3370731592178345,0.20872719622907673,9.970417022705078,0.0005002996478797571,0.19026929572792486,-0.00045638237497769296,-0.20111761391162872,0.2024432376027107,0.02426584538146124,10.508932113647461,-0.00011321229635296688,0.045893152505875986,0.00014366718824021518,-0.04587099328637123,0.044992032647132876
F:\Seminario\Seminario-Clustering\datasets\davi\Al Emadi (2019)\Multiclass_Drone_Audio\unknown\5-234247-A-373.wav,Multiclass_Drone_Audio\unknown\5-234247-A-373.wav,al_emadi,5-234247-A-373,1.0216875,0.0068754977805604274,4.7709550857543945,0.0018524606986921905,0.029180907356980226,0.000596742844209075,-0.019139232859015465,0.018775109387934214,0.25868786022643525,8.706598281860352,-0.00207191817497267,0.1793407955889234,0.00034853331453632563,-0.27133642733097074,0.27192314565181747,0.16288034897583822,9.289470672607422,0.0001287640195114772,0.10080442836142915,-0.0004672865034081042,-0.12891214191913605,0.13185130059719088,0.48510832959708117,10.690483093261719,0.00024187250086717314,0.12310262401137538,0.0007762090244796127,-0.1774346113204956,0.17739887386560446,0.08644796342008493,11.558591842651367,-5.272132022607946e-06,0.03676181791141194,0.00013134695473127067,-0.04947817996144294,0.049526871740818094
F:\Seminario\Seminario-Clustering\datasets\davi\Al Emadi (2019)\Multiclass_Drone_Audio\bebop_1\B_S2_D1_110-bebop_002_.wav,Multiclass_Drone_Audio\bebop_1\B_S2_D1_110-bebop_002_.wav,al_emadi,B_S2_D1_110-bebop_002,1.024,0.8748550452809135,7.9048662185668945,-0.00031121637292423295,0.5569816152424558,0.015954982955008745,-0.5716457605361939,0.5844350278377534,0.009432656018981833,8.90542221069336,7.415629292666478e-05,0.05783483663092388,-0.0011700580944307148,-0.071499203145504,0.07811597958207132,0.026230636500664168,9.904792785644531,8.156077288526012e-05,0.0682960167556316,6.431946530938148e-05,-0.08545526266098022,0.08975126817822457,0.05058928802195132,10.894474029541016,-0.0016873427335517737,0.06710249002064529,-0.0015291270101442933,-0.08666949719190598,0.08369956165552139,0.03889237417748914,11.929473876953125,9.154232297685195e-06,0.04163410507105632,-0.0003092220285907388,-0.05266648754477501,0.053500138223171234
F:\Seminario\Seminario-Clustering\datasets\davi\Al Emadi (2019)\Multiclass_Drone_Audio\unknown\5-207836-A-292.wav,Multiclass_Drone_Audio\unknown\5-207836-A-292.wav,al_emadi,5-207836-A-292,0.97525,0.1952675970296164,8.109038352966309,-2.1010519176955117e-05,0.014265795598513672,-0.00023020128719508648,-0.01478495541960001,0.015211313962936401,0.08129242133927472,7.656935214996338,4.257205167863491e-05,0.009204533363691883,0.00015036034164950252,-0.008259424939751625,0.00847223773598671,0.22582701856549142,7.543918609619141,1.8221409685912365e-05,0.010864726328106597,2.881849286495708e-05,-0.007231676951050758,0.007852190174162388,0.2851799931913145,7.057513236999512,-1.1742358729473813e-05,0.008639903260892987,-1.9365688785910606e-07,-0.0039893221110105515,0.004227692959830165,0.21243296987430296,7.098196506500244,-6.939227962982627e-06,0.00527521314670098,7.856513548176736e-06,-0.0018838349496945739,0.0018672006903216244
F:\Seminario\Seminario-Clustering\datasets\davi\Al Emadi (2019)\Multiclass_Drone_Audio\unknown\1-19872-B-364.wav,Multiclass_Drone_Audio\unknown\1-19872-B-364.wav,al_emadi,1-19872-B-364,0.95975,0.5570836109411885,9.139104843139648,-0.005546680043497765,0.2327070134496876,-0.01483670948073268,-0.3198964446783066,0.3003825545310974,0.16157812751750564,8.825517654418945,0.002420362166209073,0.12533805566904901,0.004988197702914476,-0.15510810166597366,0.16421541571617126,0.1142279052902173,9.932170867919922,-0.00015391198065518947,0.07466739557147976,-0.0005728662945330143,-0.09606103897094727,0.09675230234861373,0.10355456829713532,10.859380722045898,0.00013034838116940975,0.05030980862451329,3.545566869433969e-05,-0.06388917863368988,0.06472641453146935,0.06355578795395327,11.827845573425293,-7.05737760996028e-05,0.027882291196285106,-0.00010224443394690752,-0.03567584231495857,0.03498832508921623
F:\Seminario\Seminario-Clustering\datasets\davi\Al Emadi (2019)\Multiclass_Drone_Audio\unknown\4-161579-B-404.wav,Multiclass_Drone_Audio\unknown\4-161579-B-404.wav,al_emadi,4-161579-B-404,0.95975,0.7024999647470853,8.649758338928223,0.04367656616868131,0.4174751686063197,0.031613580882549286,-0.46094968914985657,0.5743035972118378,0.2319600897699825,8.723624229431152,0.00046837977644665393,0.24119994691026217,0.009381081908941269,-0.30706050992012024,0.2958802133798599,0.051944898128862944,9.77231502532959,-0.0015065017877775547,0.08084266728439045,6.22742809355259e-05,-0.10174448043107986,0.09835056215524675,0.011536251180678655,10.742956161499023,1.9907357834448407e-05,0.026965004625385907,0.0006001840811222792,-0.03355895467102528,0.033689246699214005,0.0020587961733906117,11.75069522857666,-1.226280902468206e-05,0.008058556245574028,-1.9085942767560482e-05,-0.00985909067094326,0.010179197415709496
F:\Seminario\Seminario-Clustering\datasets\davi\Al Emadi (2019)\Multiclass_Drone_Audio\unknown\3-111102-A-464.wav,Multiclass_Drone_Audio\unknown\3-111102-A-464.wav,al_emadi,3-111102-A-464,0.95975,0.26163549469033626,8.829580307006836,0.0012264728110368455,0.1757119448583441,0.006162261590361595,-0.22685806453227997,0.2170937955379486,0.4332330874479813,8.72193717956543,0.01171898660588649,0.22580847616840588,0.00812293915078044,-0.26710890233516693,0.29867811501026154,0.2719014797920096,9.722528457641602,0.00029768831666571074,0.12689406989829277,7.780978921800852e-05,-0.1614181250333786,0.15939050912857067,0.03203867284936659,10.630147933959961,2.960199460510308e-06,0.030824615802170153,0.0001050559149007313,-0.03788693621754646,0.03769454434514051,0.0011912652203062476,11.583224296569824,1.5151105303528936e-06,0.004204819957862216,-1.757021527737379e-05,-0.005012357607483864,0.0052255988121032715
F:\Seminario\Seminario-Clustering\datasets\davi\Al Emadi (2019)\Multiclass_Drone_Audio\unknown\2-109759-B-260.wav,Multiclass_Drone_Audio\unknown\2-109759-B-260.wav,al_emadi,2-109759-B-260,1.0216875,0.02952507189154939,6.163968086242676,0.00529132140843956,0.10596304841473256,0.0007010377012193203,-0.047696562483906746,0.04580818153917794,0.2995796771369517,6.329422473907471,0.019361964100960492,0.337397614674212,0.00299686414655298,-0.1350799486041069,0.19006386548280715,0.5874885413096387,7.827658176422119,-0.0028310111878691365,0.3352042792396429,-0.0001695774553809315,-0.2408944249153137,0.21591099202632907,0.07095262292977823,9.245661735534668,-0.00043750573476105753,0.08243404749664612,0.00024375544307986274,-0.06630507409572602,0.06700010001659394,0.01245408673208202,10.232111930847168,-6.625186632100178e-05,0.024431699168006395,-2.6385987439425662e-06,-0.020137080922722816,0.01970005370676518
F:\Seminario\Seminario-Clustering\datasets\davi\Al Emadi (2019)\Multiclass_Drone_Audio\unknown\4-199261-A-01.wav,Multiclass_Drone_Audio\unknown\4-199261-A-01.wav,al_emadi,4-199261-A-01,1.0216875,0.2714381379542395,7.0906572341918945,-0.003958741890776194,0.21897655567579916,0.00019440695905359462,-0.13637701272964478,0.11160430014133511,0.6106046237838131,6.849249362945557,0.0015421229286810077,0.32847959641978913,5.402552960731555e-05,-0.14234156757593153,0.12429450228810311,0.10590800438706521,7.745923042297363,6.103724894637441e-05,0.09689984034848492,-2.484294782334473e-06,-0.06701951771974564,0.039214282482862496,0.011637130355419557,8.630204200744629,-2.2247477866313047e-05,0.02272922625536406,-1.0247279988107039e-05,-0.010673169326037166,0.005953931901603941,0.0004121035194626732,9.615490913391113,4.293204725432435e-07,0.0030257697657860975,-2.4312985260621645e-06,-0.0011894821655005214,0.000802598590962589
F:\Seminario\Seminario-Clustering\datasets\davi\Al Emadi (2019)\Multiclass_Drone_Audio\unknown\4-218199-G-354.wav,Multiclass_Drone_Audio\unknown\4-218199-G-354.wav,al_emadi,4-218199-G-354,0.95975,0.6955692867901208,8.86143684387207,-0.0028990492700477657,0.1133704394216271,-0.005655183922499418,-0.14683029055595398,0.14640478789806366,0.23276264104558272,8.74327278137207,0.0009356410198087667,0.06559701116655361,0.0019025533692911267,-0.08196583390235901,0.08175483345985413,0.034892915042729296,9.701394081115723,-0.00010849327208812942,0.017993080315057162,-0.0001561692770337686,-0.02184518314898014,0.022136176377534872,0.021798749080830345,10.623270988464355,0.0001268860783955964,0.010063515843996855,0.0002506973978597671,-0.012176063004881143,0.012427825760096323,0.01497640804073687,11.599104881286621,-4.5149872090945964e-05,0.005901228010493666,-6.296753417700529e-05,-0.007428156211972237,0.007127056363970041
F:\Seminario\Seminario-Clustering\datasets\davi\Al Emadi (2019)\Multiclass_Drone_Audio\unknown\4-150364-A-463.wav,Multiclass_Drone_Audio\unknown\4-150364-A-463.wav,al_emadi,4-150364-A-463,1.0216875,0.09660383145026177,8.85750961303711,-0.0009894836250083803,0.29297031185237615,-0.006406488362699747,-0.35785317718982695,0.3652015268802644,0.3777589446456652,8.046364784240723,-0.001207752953236379,0.5793424610970854,0.003007663181051612,-0.6150981783866882,0.5908648431301119,0.35022529632159494,9.815666198730469,-0.0004952905080660726,0.395118967983522,-0.004255964886397123,-0.5165500521659852,0.5065671443939209,0.15284128250866258,10.66600513458252,0.0021581819204609357,0.18469211555176548,0.00411229464225471,-0.2240622118115425,0.22283247113227844,0.02257064507381555,11.403053283691406,4.009365608581518e-06,0.05021118286996847,-0.00013569627481047064,-0.0565636970102787,0.056626050174236296
F:\Seminario\Seminario-Clustering\datasets\davi\Al Emadi (2019)\Multiclass_Drone_Audio\unknown\3-149448-A-174.wav,Multiclass_Drone_Audio\unknown\3-149448-A-174.wav,al_emadi,3-149448-A-174,0.95975,0.006656455891306989,7.775453567504883,-6.0145084254798736e-05,0.0035949111037335904,5.5765267461538315e-06,-0.0035563975106924772,0.0036465434823185205,0.04142442533872334,7.253142356872559,-2.209149247664943e-05,0.008969212327267419,-4.068403177370783e-05,-0.007076956098899245,0.007536121178418398,0.5050045252170138,7.2669758796691895,-0.0006516789913604788,0.022174853067518322,2.791895531117916e-05,-0.014878757670521736,0.013803284615278247,0.2822594990843528,8.395313262939453,-1.6155402497206402e-05,0.011736758083046509,8.731551497476175e-05,-0.008199860900640487,0.00827938783913851,0.16465509446860305,8.491792678833008,-0.00022812681624849977,0.006337434407167786,-3.676322194223758e-06,-0.0033058319240808487,0.0029876879416406155
F:\Seminario\Seminario-Clustering\datasets\davi\Al Emadi (2019)\Multiclass_Drone_Audio\unknown\2-127108-A-383.wav,Multiclass_Drone_Audio\unknown\2-127108-A-383.wav,al_emadi,2-127108-A-383,1.0216875,0.00139438088942439,4.6447434425354,1.0427690359677607e-05,0.0008240329871441543,4.903004082734697e-07,-0.00037640248774550855,0.00038933531322982195,0.1873897234698608,4.17253303527832,0.00019855105069590393,0.009551415481412365,-4.1826299934655253e-07,-0.0002774777094600722,0.00025595730403438216,0.27768135339207056,4.0328369140625,6.642734224981142e-05,0.008237083577432542,7.612870263074001e-07,-0.00032139366376213727,0.00031280544353649045,0.4565556984088033,5.250126361846924,1.4550006009635658e-05,0.007474178440066573,-5.305521995069284e-07,-0.00022531519789481536,0.00023111464397516102,0.07697884383984095,6.302912712097168,-9.166965322516028e-06,0.0021710511173979414,5.684341886080802e-14,-8.260408067144452e-05,7.892811554484091e-05
F:\Seminario\Seminario-Clustering\datasets\davi\Al Emadi (2019)\Multiclass_Drone_Audio\unknown\1-13613-A-374.wav,Multiclass_Drone_Audio\unknown\1-13613-A-374.wav,al_emadi,1-13613-A-374,0.95975,0.006656330989172701,8.353832244873047,0.0007224177459508419,0.03927417072274583,-0.0012828167527914047,-0.04410388693213463,0.04601432755589485,0.008923654772213454,8.394876480102539,-0.0007390427623178152,0.04547545570954221,-0.000479675640235655,-0.0545329712331295,0.05138757452368736,0.0702879092829689,9.895920753479004,-0.0018388734736847208,0.09040380704139596,0.0001932922168634832,-0.11804562956094741,0.11610436588525776,0.5218292595732451,9.648765563964844,0.0009673906943617746,0.1743481871934962,-0.00014806994295213372,-0.16537971049547195,0.16349060386419298,0.39230284538239985,11.798267364501953,9.730160257728986e-05,0.10694321993288232,-0.0004421280464157462,-0.13198265433311462,0.1358218789100647
F:\Seminario\Seminario-Clustering\datasets\davi\Al Emadi (2019)\Multiclass_Drone_Audio\unknown\5-238926-A-310.wav,Multiclass_Drone_Audio\unknown\5-238926-A-310.wav,al_emadi,5-238926-A-310,1.0216875,0.8782789501620991,9.064109802246094,-0.0022061681936458542,0.06234814296915578,-0.0014642327441833913,-0.08404617309570313,0.08027726560831071,0.03774107542000513,8.479782104492188,-0.000706485403954453,0.012913297773827858,-0.0005159108259249479,-0.015414681565016509,0.014782257471233613,0.04686649723632145,8.054018020629883,4.5645962372380626e-05,0.010207784444934948,-0.00019410043023526669,-0.00953696332871914,0.009751152805984022,0.016617436401689896,7.680874347686768,-6.239191282698226e-05,0.004300748867632964,-3.752180055016652e-05,-0.003501555626280606,0.003448823350481689,0.020496040779884355,6.365194320678711,-1.4494612317603145e-06,0.0033791970762056573,3.3835385693237185e-07,-0.0014601626666262747,0.0014738811878487468
F:\Seminario\Seminario-Clustering\datasets\davi\Al Emadi (2019)\Multiclass_Drone_Audio\unknown\2-158746-C-21.wav,Multiclass_Drone_Audio\unknown\2-158746-C-21.wav,al_emadi,2-158746-C-21,1.0216875,0.6723981378658097,8.205286026000977,-0.003521362339519689,0.5735339598864828,0.002044314402155578,-0.6242092370986938,0.6883568048477176,0.24800689001871834,7.199686050415039,-0.001522826498974765,0.3483227205616006,-0.0003451652592048049,-0.29930723309516905,0.24869675934314728,0.053115813763380176,7.990739822387695,-0.0010975837766352165,0.11417512517208588,-0.00011396844638511539,-0.08110184669494629,0.07857088148593905,0.02305784139065391,7.663599014282227,0.00019428964332378926,0.053234018200330996,4.452086432138458e-05,-0.03167532905936241,0.030409612692892555,0.003421316961437879,10.075770378112793,3.863854415627782e-06,0.0145060868021086,-3.615516470745206e-05,-0.01292782388627529,0.01315083019435406
F:\Seminario\Seminario-Clustering\datasets\davi\Al Emadi (2019)\Multiclass_Drone_Audio\unknown\1-69760-A-162.wav,Multiclass_Drone_Audio\unknown\1-69760-A-162.wav,al_emadi,1-69760-A-162,0.97525,0.9073699924634934,8.950854301452637,-0.01750216736276914,1.2925003613520485,-0.003857729956507683,-1.7164126634597778,1.6682789325714111,0.045740784139921734,8.926596641540527,0.004766033631635528,0.29018270384504163,0.0006191302090883255,-0.3713366985321045,0.38326114416122437,0.01707786315446552,9.91542911529541,0.0012599616529769264,0.12558080750899736,-0.00018164179346058518,-0.16023506224155426,0.16393785178661346,0.013593527299945615,10.732795715332031,0.000644481663952314,0.07928634669326541,0.0034008448710665107,-0.09900377690792084,0.09960343688726425,0.01621783294217371,11.718582153320312,0.0002668478340402718,0.061265875379050025,0.0007194504141807556,-0.07542122900485992,0.0762618973851204
F:\Seminario\Seminario-Clustering\datasets\davi\Al Emadi (2019)\Multiclass_Drone_Audio\unknown\1-30043-A-262.wav,Multiclass_Drone_Audio\unknown\1-30043-A-262.wav,al_emadi,1-30043-A-262,0.97525,0.4510914805440092,8.640728950500488,-0.003625474586108819,0.13314009337877475,-0.004103772342205048,-0.1678057461977005,0.1592576652765274,0.3251725054636961,8.568851470947266,-2.3547795773972735e-05,0.11308223887956885,-0.0005998428678140044,-0.1395069658756256,0.1330479383468628,0.1746204819426748,9.313774108886719,0.00047041023753618906,0.05868420312979367,-0.0009556065197102726,-0.06687074154615402,0.06736167892813683,0.04393897597266672,10.235799789428711,3.016903652381482e-05,0.020831971953008885,-0.00013444105570670217,-0.0232608113437891,0.02319479174911976,0.0051765560769531805,11.295206069946289,7.201346403313294e-06,0.00505831137174007,-6.529910024255514e-06,-0.005652681365609167,0.005548871308565141
F:\Seminario\Seminario-Clustering\datasets\davi\Al Emadi (2019)\Multiclass_Drone_Audio\unknown\2-28314-B-124.wav,Multiclass_Drone_Audio\unknown\2-28314-B-124.wav,al_emadi,2-28314-B-124,0.95975,0.03796336883103865,7.152587413787842,-0.0006100862465697805,0.02312941678000211,-0.0008216526475735009,-0.022196175530552864,0.021353301592171192,0.11649276670454378,3.105456590652466,-0.0004174910984494047,0.040528430671980774,-1.913523010443896e-05,-0.006159469485282898,0.006006446201354265,0.26916230644559536,3.207918643951416,0.00020511036212876395,0.0436424226892482,-6.666379340458661e-05,-0.005734063033014536,0.004211743734776983,0.4628048572967603,3.7906689643859863,0.00039507598558454263,0.040495664302613914,-4.584347834679647e-06,-0.004536979366093873,0.005288280686363587,0.11357670072206194,5.514134407043457,1.0101908186190721e-05,0.014192455704479415,1.3508037227438763e-05,-0.0019252458587288857,0.001964283874258399
F:\Seminario\Seminario-Clustering\datasets\davi\Al Emadi (2019)\Multiclass_Drone_Audio\bebop_1\B_S2_D1_074-bebop_004_.wav,Multiclass_Drone_Audio\bebop_1\B_S2_D1_074-bebop_004_.wav,al_emadi,B_S2_D1_074-bebop_004,0.896,0.3816325513341206,8.34246826171875,-0.001422132529187204,0.20187942952989543,0.003996626939624548,-0.23058885335922236,0.23517180383205402,0.0466813440121524,8.647039413452148,0.0013307707776323771,0.0705951193277254,0.0018313495093025267,-0.08758344426751134,0.08684782683849335,0.13018370507752433,9.703584671020508,0.0025490791367489152,0.08347654732928404,0.0012865542666986585,-0.10364230424165724,0.10574489086866376,0.2608766441167108,10.686355590820312,0.00023822408399459867,0.08367823503201494,0.0014894609339535236,-0.1053252175450325,0.10607720911502841,0.1806257554594919,11.68397045135498,1.9958250718612707e-06,0.04925874801384617,-1.74181186594069e-05,-0.06269263476133347,0.061664123088121414
F:\Seminario\Seminario-Clustering\datasets\davi\Al Emadi (2019)\Multiclass_Drone_Audio\unknown\3-157187-A-122.wav,Multiclass_Drone_Audio\unknown\3-157187-A-122.wav,al_emadi,3-157187-A-122,0.97525,0.0,-0.0,0.0,0.0,0.0,0.0,0.0,0.0,-0.0,0.0,0.0,0.0,0.0,0.0,0.0,-0.0,0.0,0.0,0.0,0.0,0.0,0.0,-0.0,0.0,0.0,0.0,0.0,0.0,0.0,-0.0,0.0,0.0,0.0,0.0,0.0
F:\Seminario\Seminario-Clustering\datasets\davi\Al Emadi (2019)\Multiclass_Drone_Audio\unknown\5-233260-A-230.wav,Multiclass_Drone_Audio\unknown\5-233260-A-230.wav,al_emadi,5-233260-A-230,1.0216875,0.9848435478306421,8.859599113464355,-0.002410396728979456,0.14050892439749052,-0.00871054083108902,-0.169948011636734,0.18205143362283707,0.00995586047740563,8.415647506713867,-0.000693030718432926,0.014112389775748413,-0.0009179165936075151,-0.015998176671564578,0.015267939493060118,0.004299827893335585,8.993159294128418,0.00013560814513961976,0.006575715025373224,5.899577809032053e-05,-0.006191534455865622,0.006847555004060269,0.0007854422738221339,10.26322078704834,-8.240386667875921e-06,0.0019891445543948724,-1.7686397768557072e-07,-0.0021383936749771234,0.0020813664421439173,0.00011532152479454742,11.866250991821289,7.9646957922874e-07,0.0005391858369886986,1.0011804988607764e-05,-0.0006764388992451132,0.0006728741340339185
F:\Seminario\Seminario-Clustering\datasets\davi\Al Emadi (2019)\Multiclass_Drone_Audio\unknown\3-157695-A-03.wav,Multiclass_Drone_Audio\unknown\3-157695-A-03.wav,al_emadi,3-157695-A-03,1.0216875,0.2550463084108174,5.88210391998291,1.0871118636981003e-05,0.17812305791233043,0.0,-0.04739237874746322,0.041822468489408675,0.6223257452226153,6.022707939147949,-0.0010833986144539946,0.2782378515477076,0.0,-0.08212499022483825,0.040698733180761476,0.09561510896471612,7.35145902633667,-0.0009107344895393478,0.07724480771272316,0.0,-0.013843274489045144,0.012551380321383511,0.025327283010607483,8.200462341308594,2.5854523090120007e-05,0.02813412975576176,0.0,-0.0038005556678399415,0.005741375451907518,0.0016855543912436721,9.068260192871094,-1.2211888935524749e-05,0.005134289325151657,0.0,-0.001065815659239888,0.0010136988945305496
F:\Seminario\Seminario-Clustering\datasets\davi\Al Emadi (2019)\Multiclass_Drone_Audio\unknown\4-90014-A-420.wav,Multiclass_Drone_Audio\unknown\4-90014-A-420.wav,al_emadi,4-90014-A-420,1.0216875,0.20238518050612717,9.023046493530273,6.863272795091285e-05,0.0681052484074556,-0.0008952552452683449,-0.09118950739502907,0.08708685263991359,0.4645209529885179,9.248058319091797,0.0004517812264747084,0.1031786752395526,-0.004333023680374026,-0.1324891120195389,0.1368647888302803,0.30068720328511367,10.06385326385498,-5.2311533052470167e-05,0.058799593293361464,-0.0028375652618706226,-0.07443064600229263,0.08014693260192872,0.029268263157092324,10.980812072753906,1.8642162404285757e-06,0.012981314281871046,0.0005001036624889821,-0.0174070181325078,0.01620090063661337,0.0031384000631489418,11.957523345947266,-7.269653433361416e-07,0.003007081087028083,-5.151028744876385e-06,-0.0038403785787522794,0.0038815774489194157
F:\Seminario\Seminario-Clustering\datasets\davi\Al Emadi (2019)\Multiclass_Drone_Audio\unknown\3-150979-C-403.wav,Multiclass_Drone_Audio\unknown\3-150979-C-403.wav,al_emadi,3-150979-C-403,1.0216875,0.9549413850055698,9.073219299316406,0.003465619927511373,0.43010229236006986,0.025605623610317707,-0.5674902915954589,0.5244822621345522,0.040479541608662406,8.90599536895752,-0.001474449717587382,0.08854317658876953,-0.004335962701588869,-0.11117854565382004,0.11047995164990429,0.0038170859189566447,9.962352752685547,-0.00024993800947308795,0.019259831627084462,0.00013249600306153297,-0.025095295533537863,0.02385332025587559,0.0006389897469398819,10.952022552490234,9.8280351598636e-06,0.00557663894807303,1.4755816664546728e-05,-0.007102488307282329,0.007357734255492688,0.00012299771987128255,11.951128005981445,-3.740925962771952e-06,0.001730790765027095,6.052432581782341e-06,-0.0022307206876575948,0.002206269372254612
F:\Seminario\Seminario-Clustering\datasets\davi\Al Emadi (2019)\Multiclass_Drone_Audio\unknown\3-122110-A-462.wav,Multiclass_Drone_Audio\unknown\3-122110-A-462.wav,al_emadi,3-122110-A-462,0.97525,0.7114211479096849,8.909990310668945,0.003056496546948357,0.44959367419449875,0.010694652795791626,-0.5817269086837769,0.5768280029296875,0.1592507434220263,8.812847137451172,0.00014859897628755032,0.21271958417650924,0.00888490304350853,-0.2689572870731354,0.2547213137149811,0.1123918165240378,9.713693618774414,0.00041039600133455925,0.12655577853111374,0.002563668880611658,-0.15694443136453629,0.15755153447389603,0.01603235621650595,10.560646057128906,-4.766730152444744e-05,0.033824662850759725,-0.00015149620594456792,-0.04074796661734581,0.040024079382419586,0.0009039359277450217,10.97959041595459,-8.18036711608608e-08,0.005681770964794387,3.139197360724211e-05,-0.005968846008181572,0.005865390598773959
F:\Seminario\Seminario-Clustering\datasets\davi\Al Emadi (2019)\Multiclass_Drone_Audio\unknown\3-70962-C-42.wav,Multiclass_Drone_Audio\unknown\3-70962-C-42.wav,al_emadi,3-70962-C-42,0.97525,0.029040690922076222,8.082795143127441,0.0001162070619363896,0.05603909274147103,0.0008143223822116852,-0.06083190441131592,0.055972762405872345,0.04365708878017564,8.295965194702148,-0.000491517070223621,0.0687076043402391,0.002065081847831607,-0.07647958397865295,0.06477747857570648,0.43926715127046545,9.39311695098877,-0.0015028544811310856,0.1543413889716408,-0.004265018971636891,-0.1728506162762642,0.17918230593204498,0.4438084442359671,10.584789276123047,0.0006359250095057269,0.1097861129937441,-0.0003079920425079763,-0.1310957372188568,0.13257155567407608,0.044226624791315616,11.27661418914795,3.1916320210311438e-06,0.024517629489376556,-0.00013297871919348836,-0.027268103882670404,0.027720937505364418
F:\Seminario\Seminario-Clustering\datasets\davi\Al Emadi (2019)\Multiclass_Drone_Audio\unknown\2-83934-B-52.wav,Multiclass_Drone_Audio\unknown\2-83934-B-52.wav,al_emadi,2-83934-B-52,0.97525,0.07711000906172334,8.445062637329102,-0.0006813044925851635,0.07748754240930542,-0.004439504351466894,-0.08992021530866623,0.08234918117523193,0.060717207253347255,8.593188285827637,-0.0009780429355986998,0.06875515510089754,-0.003663240000605583,-0.07482939958572388,0.12327498197555542,0.5369685514510051,9.17628002166748,-0.0012767295340478395,0.14481078630926644,-0.00021924384782323614,-0.1795562133193016,0.17157822102308273,0.2880253376836521,10.092466354370117,-8.974497388596192e-06,0.07505455087487856,0.0001908155099954456,-0.0944044291973114,0.08511356264352798,0.03717889455027222,10.37758731842041,8.714398054280682e-07,0.019076100316450854,-2.788012170640286e-05,-0.016694053262472152,0.017333809286355972
F:\Seminario\Seminario-Clustering\datasets\davi\Al Emadi (2019)\Multiclass_Drone_Audio\unknown\4-200330-A-60.wav,Multiclass_Drone_Audio\unknown\4-200330-A-60.wav,al_emadi,4-200330-A-60,1.0216875,0.052831257879605076,8.131098747253418,0.002161513653208759,0.05732308878044517,-0.00043798936530947685,-0.05995931625366211,0.06273327246308331,0.5594407665554099,8.943925857543945,-0.007843764258864796,0.1865030515290753,-0.006833200342953205,-0.24286944866180418,0.2386795982718468,0.37289851080459757,9.690882682800293,0.00026253845269442707,0.10794741558075185,0.0003562180500011891,-0.13039728999137878,0.13065829277038574,0.0124255071260137,10.785880088806152,-7.845267113650382e-05,0.013943492822753898,-2.809589568641968e-05,-0.017481093853712083,0.017179066129028798,0.0024039576343737683,11.72726058959961,-5.115806591626159e-06,0.004338656715649585,-2.325940295122564e-05,-0.005298878252506256,0.005324602313339712
F:\Seminario\Seminario-Clustering\datasets\davi\Al Emadi (2019)\Multiclass_Drone_Audio\unknown\3-164688-A-381.wav,Multiclass_Drone_Audio\unknown\3-164688-A-381.wav,al_emadi,3-164688-A-381,1.0216875,0.040571056528538624,5.698988437652588,-0.0026349650914310194,0.012372153760048432,-0.002321403822861612,-0.007207410084083677,0.0008432871138211354,0.2698248268097751,6.293951034545898,0.0014066496634792553,0.03259167086883475,-3.6516728414426325e-06,-0.009382854960858823,0.007464243192225729,0.47982250401200915,6.547302722930908,-0.00017603328428652593,0.030812615875251477,-5.930196493864059e-07,-0.0038336099125444874,0.0043928149156272425,0.1751154078694283,7.025670051574707,-3.550669320306345e-06,0.013172272116044334,-1.4147285583021585e-06,-0.0008336013182997703,0.0009546201035846026,0.03466620478024878,8.262248039245605,-4.4032385163675925e-05,0.004145700969835072,2.611150193843059e-07,-0.0002104609447997063,0.0002050066512310878
F:\Seminario\Seminario-Clustering\datasets\davi\Al Emadi (2019)\Multiclass_Drone_Audio\unknown\1-115521-A-191.wav,Multiclass_Drone_Audio\unknown\1-115521-A-191.wav,al_emadi,1-115521-A-191,1.0216875,0.9419594897043925,7.132199287414551,0.0003143346678544423,0.10476329503131435,0.0016550729051232338,-0.07947340682148933,0.08539808467030525,0.046609069746025536,7.411982536315918,0.0002966317714131727,0.02330209881982433,-5.219096055952832e-05,-0.01991821676492691,0.02092071641236544,0.010486440564288813,8.479227066040039,3.364595952616214e-05,0.007829437938799966,-8.916296064853668e-05,-0.006583816185593604,0.006685600895434618,0.0009294023884978797,9.359466552734375,1.1255120044616325e-06,0.0016493983358627162,4.664925654651597e-07,-0.0013070713379420339,0.0013234814861789348,1.559759679533936e-05,10.120269775390625,1.346670435460725e-07,0.00015115524924856077,-3.381101123522967e-07,-0.00011352729052305222,0.00011490091565065087
F:\Seminario\Seminario-Clustering\datasets\davi\Al Emadi (2019)\Multiclass_Drone_Audio\unknown\1-90797-A-151.wav,Multiclass_Drone_Audio\unknown\1-90797-A-151.wav,al_emadi,1-90797-A-151,1.0216875,0.7994071239991808,5.975010395050049,-6.0850019506020106e-05,0.11993003992166189,-1.1908496162504889e-05,-0.011952544283121822,0.010186845529824507,0.15743256426063074,6.384446620941162,0.0004088431205446424,0.053220444446242444,0.0,-0.009155093412846324,0.014321352448314511,0.01875525564780569,4.748864650726318,-8.168320892570043e-05,0.013011355937865694,0.0,-0.003127951547503471,0.0025415597483515744,0.010075570537322427,4.40800666809082,8.506229890097064e-05,0.006747969074622815,0.0,-0.0005154791637323797,0.0005222633481025699,0.014329485555060344,4.8020853996276855,-1.9682538723765792e-06,0.0056932318418974935,0.0,-0.0003530019428580999,0.00036721237702295247
F:\Seminario\Seminario-Clustering\datasets\davi\Al Emadi (2019)\Multiclass_Drone_Audio\unknown\2-87781-A-100.wav,Multiclass_Drone_Audio\unknown\2-87781-A-100.wav,al_emadi,2-87781-A-100,1.0216875,0.9119835355690296,8.70345687866211,-0.0021325177947921744,0.3822472855391658,-0.022262991406023502,-0.4652551472187042,0.44640271365642553,0.016229705977220694,8.762125015258789,9.105821794210589e-05,0.05099320334627662,0.000580612279009074,-0.06228637881577015,0.06268721893429764,0.031259664615658475,9.733356475830078,0.0014641859173488254,0.050106036680541824,0.0005874659982509911,-0.05802157297730446,0.0613817594945431,0.027787178206667526,10.768138885498047,9.761987419023495e-05,0.03344311910152869,0.0004543755785562098,-0.041254838556051256,0.041091290116310124,0.012739915631423737,11.513810157775879,-2.5254688946128258e-05,0.016019167975929432,-0.00024866918101906776,-0.018847353383898736,0.019234577938914303
F:\Seminario\Seminario-Clustering\datasets\davi\Al Emadi (2019)\Multiclass_Drone_Audio\unknown\3-96606-B-493.wav,Multiclass_Drone_Audio\unknown\3-96606-B-493.wav,al_emadi,3-96606-B-493,1.0216875,0.008271099888718707,7.945788383483887,0.00012681872175622765,0.022402477116953708,-0.00021571484103333205,-0.020313406363129616,0.021568946726620217,0.01331157244035292,7.857546806335449,2.998677823261778e-05,0.028420767397002153,0.00019897243328159675,-0.03004846703261137,0.028778908215463212,0.0559203056681153,9.016019821166992,-0.00031431181776514266,0.04125903822321156,-0.00041549807065166533,-0.04378069117665291,0.04295045956969263,0.3401205010867752,9.944009780883789,0.00015992918310242906,0.0720054616397827,6.108166417106986e-06,-0.07799546048045158,0.07702052369713784,0.5823765209160379,10.866364479064941,0.00019582060829489168,0.06665319588784013,-3.862802259391174e-05,-0.06896323412656784,0.06843340396881115
F:\Seminario\Seminario-Clustering\datasets\davi\Al Emadi (2019)\Multiclass_Drone_Audio\unknown\2-85471-A-344.wav,Multiclass_Drone_Audio\unknown\2-85471-A-344.wav,al_emadi,2-85471-A-344,0.95975,0.8214453921883973,9.051797866821289,-0.00011050657916068236,0.002240556016403883,-0.00013342629972612485,-0.0031440005404874682,0.002800504444167018,0.005038051489258965,8.669822692871094,-5.314208940033431e-06,0.0001756008295952198,-2.3244606381922495e-06,-0.0002153350505977869,0.0002119481869158335,0.01148349873113609,8.769713401794434,-1.2308682289585703e-06,0.00018788626900094195,-1.4735105651197955e-06,-0.00020464694243855775,0.00019945884705521174,0.033945557024558856,10.444375991821289,6.126293087626532e-07,0.0002286024276616376,2.458527205817518e-06,-0.0002694812137633562,0.0002619599719764667,0.1280875005666488,11.44210433959961,1.1360261354796087e-06,0.00031414074087205546,1.0666428806871409e-06,-0.0003696060739457607,0.0003600838826969266
F:\Seminario\Seminario-Clustering\datasets\davi\Al Emadi (2019)\Multiclass_Drone_Audio\bebop_1\mixed_11-bebop_000_.wav,Multiclass_Drone_Audio\bebop_1\mixed_11-bebop_000_.wav,al_emadi,mixed_11-bebop_000,1.024,0.8291325923258521,8.942184448242188,4.17945617176954e-05,0.3826320717982143,0.014043256640434265,-0.5005806446075439,0.4903844296932221,0.03828505502367915,8.952179908752441,0.0012001996074387242,0.08221248320735738,0.0003942683106288314,-0.10017149969935417,0.10550411045551301,0.0386479652531978,9.929603576660156,-0.0005455650371766197,0.05849681458416667,-0.0015801492845639586,-0.07307669520378113,0.07264103069901467,0.050315515236857636,10.897846221923828,0.0005536489834973438,0.0472350367450695,0.0012361304834485054,-0.05858980864286423,0.060063041746616364,0.04361887216041334,11.748088836669922,-0.00015497776858077695,0.03111324802258464,2.176199632231146e-05,-0.0383867509663105,0.03758252486586571
F:\Seminario\Seminario-Clustering\datasets\davi\Al Emadi (2019)\Multiclass_Drone_Audio\unknown\5-253534-A-261.wav,Multiclass_Drone_Audio\unknown\5-253534-A-261.wav,al_emadi,5-253534-A-261,1.0216875,0.33923329320081763,7.069901466369629,1.2915326084317421e-05,0.2700863285596366,-0.0005205035558901727,-0.24521243423223493,0.22818627059459723,0.5901130266619902,6.350964069366455,0.0032856729919511457,0.3562070445676991,-0.0003448321367613971,-0.14971213042736053,0.14406268149614335,0.03676167211993865,6.649106025695801,-0.00257673496820033,0.06292347933354724,-4.196763620711863e-05,-0.028178431466221808,0.025781353563070333,0.026381113178248934,8.117618560791016,-0.00013266578677654804,0.037750787969064344,-0.00016629445599392056,-0.014969349093735216,0.011831641662865879,0.007510894839004559,9.429156303405762,-1.2985201615909951e-06,0.014249472865785,-1.428640098311007e-05,-0.007489325944334269,0.0073790235444903506
F:\Seminario\Seminario-Clustering\datasets\davi\Al Emadi (2019)\Multiclass_Drone_Audio\unknown\5-187201-A-40.wav,Multiclass_Drone_Audio\unknown\5-187201-A-40.wav,al_emadi,5-187201-A-40,1.0216875,0.5803724940406084,8.962955474853516,0.023445995672083195,0.22895054318421554,0.019620253704488277,-0.2622769922018051,0.32964840531349193,0.003505471149849147,6.665185451507568,-0.0003885198948976329,0.017882340963739324,-0.0005301748169586062,-0.011791054438799619,0.011000707559287549,0.01925901949422294,7.021678447723389,0.0002694470578101206,0.029694664578259842,4.729302600026131e-05,-0.012554238736629485,0.013970389589667322,0.3496954517592327,8.099737167358398,-4.234142221731975e-05,0.08954211606624835,0.0002014109559240751,-0.03204187862575054,0.03209673613309861,0.04716756355608674,8.931594848632812,-4.302358663183569e-06,0.023263492397482703,5.881825927644968e-06,-0.007736929412931204,0.00772308735176921
F:\Seminario\Seminario-Clustering\datasets\davi\Al Emadi (2019)\Multiclass_Drone_Audio\unknown\4-188703-C-81.wav,Multiclass_Drone_Audio\unknown\4-188703-C-81.wav,al_emadi,4-188703-C-81,1.0216875,0.7055681504068891,8.837152481079102,-0.001446357475125307,0.2789947467949246,-0.0017583705484867096,-0.3521398246288299,0.3516152381896973,0.27672352936519246,8.969544410705566,0.00021529699246995224,0.1747250188041166,0.0001727219787426293,-0.24682919979095458,0.2516275852918626,0.016277520041445486,9.85713005065918,0.0001053184655302042,0.030015765217273203,0.0002191121457144618,-0.03927906155586243,0.04054240360856057,0.0013305565124879942,10.748592376708984,3.5765937664269547e-05,0.006072537980377128,4.2982297600246966e-05,-0.007581580942496657,0.007634053844958545,0.00010024367398489114,11.666584014892578,-3.112593990804049e-07,0.0011791265180157236,1.4561810530722141e-05,-0.001438518729992211,0.0014157527824863792
F:\Seminario\Seminario-Clustering\datasets\davi\Al Emadi (2019)\Multiclass_Drone_Audio\unknown\2-73260-A-104.wav,Multiclass_Drone_Audio\unknown\2-73260-A-104.wav,al_emadi,2-73260-A-104,0.95975,0.7737378875283005,8.573410987854004,-0.0012626746404524622,0.12769515140252333,-0.0016286426107399166,-0.16152770817279816,0.14711697399616241,0.12771133721908007,8.23593807220459,0.00042061929815876884,0.05187990421244172,0.0005169139185454696,-0.0539389718323946,0.05668882466852665,0.06351519357298711,9.0109224319458,0.0004021724046195869,0.025915430291078196,0.0004223872092552483,-0.026895927637815474,0.02704391106963158,0.024162570670371246,9.665323257446289,-0.00011851756012319367,0.011312102201393,-8.665805216878653e-05,-0.011229818034917115,0.011273197457194331,0.010873011009261038,10.301501274108887,-2.3352235259797435e-05,0.005368453426287612,3.892295353580266e-06,-0.005181485787034035,0.00511564314365387
F:\Seminario\Seminario-Clustering\datasets\davi\Al Emadi (2019)\Multiclass_Drone_Audio\unknown\1-104089-B-224.wav,Multiclass_Drone_Audio\unknown\1-104089-B-224.wav,al_emadi,1-104089-B-224,0.95975,0.026577166666703997,7.647233486175537,-0.00026888785664953846,0.041566436883624984,0.0,-0.03905653767287731,0.041258540004491806,0.1375737625540409,6.511972427368164,-0.0033534095919078803,0.09451313195677087,0.0,-0.0789623111486435,0.06834284216165543,0.5238101541867975,6.752871036529541,0.0007713262506850569,0.1307224322111496,0.0,-0.08616726994514465,0.09102331995964053,0.2402218987154496,8.616060256958008,-0.00012684549365700568,0.06264693367363654,0.0,-0.04561547860503196,0.04595666751265528,0.07181701787700795,9.212644577026367,-0.00011400399002752715,0.02423182328237667,0.0,-0.020651904866099358,0.020562581717967987
F:\Seminario\Seminario-Clustering\datasets\davi\Al Emadi (2019)\Multiclass_Drone_Audio\unknown\3-154781-A-323.wav,Multiclass_Drone_Audio\unknown\3-154781-A-323.wav,al_emadi,3-154781-A-323,1.0216875,0.22309935063571246,8.792723655700684,-0.00031798785935474377,0.005404788129436748,-0.00015061451267683879,-0.006925782328471542,0.006277360673993828,0.1271237940853779,7.446730136871338,0.00019874920479989302,0.004082057972024668,6.070010567782447e-05,-0.0033074958249926564,0.003798968694172801,0.159293280562576,7.132657051086426,2.622891329011771e-05,0.0032403355466600753,3.225062391720712e-05,-0.0019521248061209913,0.0019676685333251953,0.33770693943586266,7.733628273010254,2.082941560657955e-05,0.0033386445436519316,6.385430424415972e-06,-0.0014018484158441421,0.001376279105897993,0.15277663528047097,8.173519134521484,-2.3019023521303567e-06,0.0015885740472774373,4.136363713769242e-07,-0.000608803448267281,0.0006184316123835743
F:\Seminario\Seminario-Clustering\datasets\davi\Al Emadi (2019)\Multiclass_Drone_Audio\unknown\1-62509-A-453.wav,Multiclass_Drone_Audio\unknown\1-62509-A-453.wav,al_emadi,1-62509-A-453,1.0216875,0.7668329543152269,8.88104248046875,-0.0006139547462622248,0.341294100116262,-0.010982608422636986,-0.43765115141868594,0.4549506038427356,0.15723101727237482,8.822240829467773,-0.0025285843086876483,0.15452190970440813,0.004357489058747888,-0.20086673349142076,0.17743874490261086,0.05285523300622844,9.90492057800293,-0.0013793130972296075,0.06345211322702934,-0.0020007144194096327,-0.08017834872007369,0.08124558478593827,0.016305965910268123,10.811418533325195,0.00015944098195284188,0.024944351730513955,-9.074018453247845e-05,-0.030554980412125586,0.031093913502991205,0.006774829495901669,11.768538475036621,-3.797498102220156e-05,0.011374319600362654,-3.897218266502023e-05,-0.014120381325483322,0.013943061046302321
F:\Seminario\Seminario-Clustering\datasets\davi\Al Emadi (2019)\Multiclass_Drone_Audio\unknown\2-110417-A-281.wav,Multiclass_Drone_Audio\unknown\2-110417-A-281.wav,al_emadi,2-110417-A-281,1.0216875,0.8990335924094689,7.140899658203125,0.000444683726113678,0.041708704001717396,0.0009330857137683779,-0.03371315151453018,0.03767417967319495,0.0626585703558698,7.155524253845215,-0.0001914763046516545,0.011010016654053973,4.720372771771508e-06,-0.00914207547903061,0.009400432743132122,0.019128001185222773,7.640954494476318,9.43369007109185e-06,0.004309458642141021,-1.0620715329423547e-06,-0.0032714853528887033,0.003359673311933875,0.005645976026870597,9.665851593017578,1.1813669975453717e-05,0.0016567257846806537,-6.669315553153865e-07,-0.0017399512231349944,0.0017637760029174387,0.013533860022567987,10.783696174621582,3.4801437946878485e-06,0.001814567011358408,1.080364427252789e-06,-0.0018642803886905312,0.001900184247642757
F:\Seminario\Seminario-Clustering\datasets\davi\Al Emadi (2019)\Multiclass_Drone_Audio\unknown\1-62849-A-382.wav,Multiclass_Drone_Audio\unknown\1-62849-A-382.wav,al_emadi,1-62849-A-382,0.97525,0.44617692195139685,5.318200588226318,-2.718233339336223e-05,0.026572281697863603,3.3840540709206834e-05,-0.0037847855128347874,0.0034620966762304306,0.25829917349489095,5.179179668426514,-0.00011217299698737235,0.020217635952536832,-2.2489316506835166e-06,-0.0017858772771432996,0.0016965795075520873,0.10891639260280787,5.2650299072265625,1.6461474904263488e-05,0.009297614803655603,-2.207691522926325e-07,-0.0008349482377525419,0.0007710946665611118,0.07381996854250243,5.554924964904785,8.353160178441314e-05,0.005416006763582549,-1.8426566157359048e-06,-0.0004597372899297625,0.0004586700815707445,0.11278754340840186,6.124232769012451,3.905654254681951e-05,0.004736302186798428,5.684341886080802e-14,-0.0003089119563810527,0.0003315699053928257
F:\Seminario\Seminario-Clustering\datasets\davi\Al Emadi (2019)\Multiclass_Drone_Audio\unknown\5-219242-B-372.wav,Multiclass_Drone_Audio\unknown\5-219242-B-372.wav,al_emadi,5-219242-B-372,0.97525,0.000678863380488819,8.395235061645508,-7.30350087707716e-05,0.004209082766753734,-0.0003496907011140138,-0.0043401471339166164,0.004735675174742937,2.392626791084899e-05,8.827566146850586,0.00011749635051884765,0.000781530040980901,8.849389996612445e-05,-0.0008365044486708939,0.0011251593241468072,0.010144056894284383,9.104169845581055,1.7991374920804673e-05,0.011524365655002571,8.239988892455585e-05,-0.01432586694136262,0.014475711155682802,0.266282715698166,9.778837203979492,-0.0009661752487989448,0.04177200913809225,-7.910086878837319e-06,-0.04795385152101517,0.043975891545414925,0.7228704377591499,10.371997833251953,-1.3535076031166624e-05,0.048701227179019646,1.9426959624979645e-05,-0.03603901267051696,0.03791769742965702
F:\Seminario\Seminario-Clustering\datasets\davi\Al Emadi (2019)\Multiclass_Drone_Audio\unknown\2-117625-A-100.wav,Multiclass_Drone_Audio\unknown\2-117625-A-100.wav,al_emadi,2-117625-A-100,1.0216875,0.25377873094533027,8.767509460449219,-0.0021359834585389565,0.2508524294794556,-0.0040163686498999596,-0.31009199321269987,0.32535395920276644,0.11257056807752268,8.886836051940918,-0.0015953614917001233,0.16707023821987357,-0.0004930045106448233,-0.2159279704093933,0.20871016234159478,0.20784827502881997,9.773208618164062,0.004112432024578244,0.16075451328536047,0.0041191657073795795,-0.19671276807785035,0.20464274883270264,0.22817356034073707,10.755895614624023,-0.00026834696824261535,0.11922484118496468,-0.0039949200581759214,-0.14066346436738966,0.15069806873798372,0.19762886560759002,11.655051231384277,0.00019367983998529954,0.07849280901795579,-7.002861093496904e-05,-0.09370730668306351,0.09444504231214527
F:\Seminario\Seminario-Clustering\datasets\davi\Al Emadi (2019)\Multiclass_Drone_Audio\unknown\1-56380-A-50.wav,Multiclass_Drone_Audio\unknown\1-56380-A-50.wav,al_emadi,1-56380-A-50,1.0216875,0.03552202832055339,7.532084941864014,0.0001334173838585424,0.03436280390977896,0.0,-0.03381554149091243,0.031214275769889388,0.15947398434285215,7.667497634887695,-0.004025497879006431,0.07269811695049352,0.0,-0.09394044801592827,0.06305519789457323,0.5309304472260479,8.919865608215332,0.0007331743365909005,0.09409666019173736,0.0,-0.11792520433664322,0.11139961928129197,0.24080040639740818,9.239644050598145,4.1823984152590174e-05,0.044843569571411696,0.0,-0.04288558289408684,0.033049776405096064,0.03327313371313838,9.813251495361328,9.084188503992255e-06,0.011792049263988993,0.0,-0.007108853571116924,0.007318860944360505
F:\Seminario\Seminario-Clustering\datasets\davi\Al Emadi (2019)\Multiclass_Drone_Audio\unknown\4-175856-A-432.wav,Multiclass_Drone_Audio\unknown\4-175856-A-432.wav,al_emadi,4-175856-A-432,0.97525,0.12194587091653335,8.674718856811523,-0.001122111728259198,0.24257434940065287,-0.004621528089046478,-0.2846435308456421,0.2817591428756714,0.21371632769935067,7.871049880981445,-0.0030555472859118806,0.32111835886523493,-0.005283068865537643,-0.3542610704898834,0.3353351354598999,0.39010915727613876,8.709442138671875,-0.0005855898632457149,0.3072616236756795,0.0006224507524166256,-0.29787661135196686,0.3278794139623642,0.24629449164548736,9.464654922485352,0.0002124768082192907,0.1727672179166532,-0.0005109583435114473,-0.15392962098121643,0.15953674912452698,0.02793415246248987,10.43153190612793,-2.7757201447628488e-05,0.041160596012348186,-0.00015154038555920124,-0.03786275535821915,0.038166757673025145
F:\Seminario\Seminario-Clustering\datasets\davi\Al Emadi (2019)\Multiclass_Drone_Audio\unknown\3-112356-A-180.wav,Multiclass_Drone_Audio\unknown\3-112356-A-180.wav,al_emadi,3-112356-A-180,1.0216875,0.8500508648986899,7.53304386138916,0.0004481780427300399,0.982495962012851,0.0004280565772205591,-0.8123410165309906,0.9285757303237917,0.0718119202379059,7.154665946960449,-0.006706379108412026,0.28548732477058014,4.912144646596062e-07,-0.23968689590692518,0.19647686183452615,0.028524102108896818,8.038345336914062,-0.0008715839659479686,0.1274763953179843,-5.518060106624034e-07,-0.08244146406650542,0.08510098308324814,0.027821278705452607,8.509382247924805,0.000660241432718428,0.08908687635099352,2.4977906832646113e-05,-0.04475736431777477,0.050174317508935945,0.02179183404905486,9.744732856750488,5.6679212924586786e-05,0.05577692910665213,6.119907993706875e-07,-0.03309642747044563,0.036014251410961186
F:\Seminario\Seminario-Clustering\datasets\davi\Al Emadi (2019)\Multiclass_Drone_Audio\unknown\1-43807-D-470.wav,Multiclass_Drone_Audio\unknown\1-43807-D-470.wav,al_emadi,1-43807-D-470,1.0216875,0.7011820708247464,8.805612564086914,-0.006423782056255505,0.8864121133485071,0.02586551010608673,-1.1306426644325256,1.072717595100403,0.24441992580634342,7.9526166915893555,0.018386809179919014,0.5230362745843715,0.006058540428057313,-0.5282542824745178,0.4643742889165885,0.05096290388791335,8.576095581054688,-0.0010640396589239201,0.16926835226072,0.0009395149536430836,-0.13209991753101347,0.1422037869691849,0.0031862218742346113,9.76380443572998,-3.6810569997702854e-05,0.029950087722004564,0.0005382136441767216,-0.02724204249680042,0.028171102143824102,0.00024887760676228446,10.629989624023438,-3.792928971192135e-06,0.005921395286701248,3.570399712771177e-05,-0.005834690481424332,0.005895618721842766
F:\Seminario\Seminario-Clustering\datasets\davi\Al Emadi (2019)\Multiclass_Drone_Audio\unknown\4-151242-A-374.wav,Multiclass_Drone_Audio\unknown\4-151242-A-374.wav,al_emadi,4-151242-A-374,0.95975,0.00015008723091711404,7.121024131774902,0.005478371743847448,0.016347621524346392,0.001162055879831314,-0.00354118540417403,0.02726658061146736,9.21398563406315e-05,6.067880630493164,9.58049210146116e-05,0.013508503069120884,9.277422213926911e-05,-0.00750802643597126,0.009096958208829165,0.012936323354832725,8.488441467285156,-0.0021853900354975165,0.1133684784848181,2.2402229660656303e-05,-0.1318858563899994,0.12586462199688017,0.4519547508714,9.50335693359375,0.0038020276146244272,0.47426903750637167,1.8213538169220556e-05,-0.4200892806053161,0.4668878912925752,0.5348666986865095,10.541234970092773,5.85784499072949e-05,0.3650033361475142,8.019243978196755e-06,-0.3145221471786499,0.42392706871032715
F:\Seminario\Seminario-Clustering\datasets\davi\Al Emadi (2019)\Multiclass_Drone_Audio\unknown\2-70280-A-184.wav,Multiclass_Drone_Audio\unknown\2-70280-A-184.wav,al_emadi,2-70280-A-184,0.95975,0.12023412281849467,7.613252639770508,-0.014733767439569077,0.037338921344612946,-0.015517490450292826,-0.046242741867899895,0.017677768133580685,0.14354982568335858,8.000152587890625,0.002023430279765556,0.04381372729056352,0.0012632723082788289,-0.04087386280298233,0.04803636856377125,0.4421836027733989,8.630094528198242,0.006844672002710928,0.05410005278110807,0.003003563266247511,-0.04504745304584503,0.05779972150921823,0.2465202524164694,9.572973251342773,-0.00014804132814022676,0.028813032157315552,1.3776967534795403e-05,-0.026652876660227774,0.0269562589004636,0.047512196308278444,11.502777099609375,2.3126302292993892e-05,0.008948542385416331,-4.9180351197719574e-05,-0.010475508868694305,0.010732163675129414
F:\Seminario\Seminario-Clustering\datasets\davi\Al Emadi (2019)\Multiclass_Drone_Audio\unknown\2-86160-A-272.wav,Multiclass_Drone_Audio\unknown\2-86160-A-272.wav,al_emadi,2-86160-A-272,0.97525,0.14064483723940452,8.491803169250488,-0.00020016517186086203,0.013721233595579564,0.0005309530533850193,-0.01632469892501831,0.015572143718600273,0.45924130878726166,7.392336845397949,-0.0011354428799550394,0.02477092093109043,-0.0001619852555450052,-0.02124185860157013,0.01980225369334221,0.1819160573865865,8.067205429077148,-1.1811691639773919e-05,0.011052558348011667,8.653099939692765e-06,-0.008617858402431011,0.008676174096763134,0.09993372037421946,9.133307456970215,2.295043806624112e-05,0.0057969355160877025,-3.468749127932824e-07,-0.005163298454135656,0.005050331586971879,0.11826407621252785,9.840700149536133,2.178492584712147e-06,0.004461201675680495,3.368494435562752e-05,-0.00382283222861588,0.003781236661598087
F:\Seminario\Seminario-Clustering\datasets\davi\Al Emadi (2019)\Multiclass_Drone_Audio\unknown\5-197118-A-452.wav,Multiclass_Drone_Audio\unknown\5-197118-A-452.wav,al_emadi,5-197118-A-452,0.97525,0.663077459656776,8.832040786743164,-0.008824407828018348,0.07934080577777414,-0.011592094786465168,-0.10473763197660446,0.09360022842884064,0.2292612416614261,8.514665603637695,5.505193495044483e-05,0.04694065916324135,-0.00016153749311342835,-0.05562416836619377,0.05439016968011856,0.06441929543120493,9.687509536743164,-0.00020520017049844915,0.01762027883010411,0.00041370537655893713,-0.0221269354224205,0.020776592195034027,0.03011007969078365,10.47447395324707,-0.00022011452074971788,0.008522434891167224,-2.5063818611670285e-05,-0.010275967419147491,0.009717289824038744,0.013131923559809324,11.62503433227539,-2.10074450916274e-05,0.00398281691787691,-4.700561112258583e-05,-0.004895118437707424,0.004833859857171774
F:\Seminario\Seminario-Clustering\datasets\davi\Al Emadi (2019)\Multiclass_Drone_Audio\unknown\white_noise006.wav,Multiclass_Drone_Audio\unknown\white_noise006.wav,al_emadi,white,4.992,0.06198868906509689,11.225174903869629,0.005497366745992392,0.32987858244663504,0.0006329342722892761,-0.4103587090969086,0.44017598628997806,0.06195525866909734,11.217010498046875,-0.0030374077122170564,0.3298214364723858,-0.0034076811280101538,-0.4302814453840256,0.4110312730073929,0.12321424432245019,12.22869873046875,-0.002026925935807104,0.3289999431634584,-0.0025385451735928655,-0.42772383391857144,0.4211759984493256,0.25149480361109755,13.24859619140625,0.0019307870576418822,0.3324236135811964,0.0005378010682761669,-0.4210254967212677,0.4312999606132507,0.501347004332258,14.240674018859863,-0.0007465429684271755,0.33191420470164806,-0.0010474910959601402,-0.42671167254447934,0.42603921294212344
F:\Seminario\Seminario-Clustering\datasets\davi\Al Emadi (2019)\Multiclass_Drone_Audio\unknown\4-125072-B-191.wav,Multiclass_Drone_Audio\unknown\4-125072-B-191.wav,al_emadi,4-125072-B-191,1.0216875,0.9050944836429307,7.256546974182129,-0.001496876548506421,0.3760164061840373,0.00112581392750144,-0.2978340953588486,0.3419152915477753,0.07818341213601701,7.694007396697998,-0.0006590124836215543,0.11051287945000157,-0.000860450032632798,-0.11242416948080063,0.11323542520403866,0.01450699249728678,8.842642784118652,9.014626971659377e-05,0.03371910237615421,0.0002951457863673568,-0.03335689827799797,0.03503174930810928,0.0019937458045924043,9.995545387268066,1.5529853396267203e-05,0.008845579261000566,7.143642869777977e-05,-0.00930377235636115,0.009512421488761903,0.00022136591917310092,10.756649017333984,-1.038785265825355e-06,0.002085058283876857,-7.3678093031048775e-06,-0.0020409323740750553,0.002048922237008811
F:\Seminario\Seminario-Clustering\datasets\davi\Al Emadi (2019)\Multiclass_Drone_Audio\unknown\1-118559-A-173.wav,Multiclass_Drone_Audio\unknown\1-118559-A-173.wav,al_emadi,1-118559-A-173,1.0216875,0.01397775664275068,7.034702777862549,-2.860725442708186e-05,0.0019044132602829308,-2.3911812604637817e-05,-0.001409294968470931,0.001343998103402555,0.19443859404465663,7.264066696166992,8.175051222275597e-05,0.007103197836283098,3.423232010391075e-05,-0.005587540520355106,0.00568053019233048,0.19842225936986702,8.39291000366211,-0.00039059765674970124,0.005067877721856738,-6.980881153140217e-05,-0.004978602007031441,0.0039048274978995333,0.5091067260020415,9.337749481201172,-2.680987685210246e-05,0.005761292303702924,-2.632990162965143e-05,-0.004979710793122649,0.004837173596024514,0.08405466394068412,10.520353317260742,-4.3066635812430355e-06,0.0016560385543559117,-1.636512388358824e-05,-0.0015190409962087868,0.001535273180343212
F:\Seminario\Seminario-Clustering\datasets\davi\Al Emadi (2019)\Multiclass_Drone_Audio\unknown\5-240671-A-444.wav,Multiclass_Drone_Audio\unknown\5-240671-A-444.wav,al_emadi,5-240671-A-444,0.95975,0.9963701644949243,9.03873062133789,0.0019422552064369677,1.3706913059246044,0.04652554355561733,-1.8754714727401733,1.8006095886230469,0.0018877328864607627,8.556121826171875,-0.0007164270318075667,0.059657998336307964,-0.0022809284273535013,-0.07296556606888771,0.07260211184620857,0.0010313175811616344,9.481900215148926,-0.0009157511950682171,0.03122571946151367,-0.0002665044739842415,-0.037993691861629486,0.036042675375938416,0.000522849412938459,10.309577941894531,0.0001948302042450134,0.015739163457563536,0.00010428717359900475,-0.017156456597149372,0.017722252011299136,0.00018793562451479008,11.272040367126465,9.093690691171907e-06,0.00667595726461212,1.5554949641227722e-05,-0.007431075442582369,0.007425098679959774
F:\Seminario\Seminario-Clustering\datasets\davi\Al Emadi (2019)\Multiclass_Drone_Audio\unknown\5-160614-A-480.wav,Multiclass_Drone_Audio\unknown\5-160614-A-480.wav,al_emadi,5-160614-A-480,1.0216875,0.34011639692909545,8.891423225402832,6.797428825561679e-05,0.032265621934510186,-0.0005269633838906884,-0.039840294420719145,0.04039978384971619,0.013135300538847363,8.34576416015625,0.00041551463825487513,0.006327217393787032,0.0003419269196456298,-0.006961864419281483,0.007615038333460694,0.007481379093305349,8.097054481506348,6.667861158914768e-05,0.003388906451583408,6.622090586461127e-05,-0.0032000963576138018,0.0033428376074880364,0.5408630220596088,9.954319953918457,-1.2553507046957343e-05,0.02039386453195381,-1.5235033970384393e-05,-0.024250705912709235,0.024711246043443685,0.09840390137914308,10.953661918640137,6.419144938638731e-06,0.00615364882784049,-1.0317374972146354e-06,-0.007280147820711136,0.007498954981565477
F:\Seminario\Seminario-Clustering\datasets\davi\Al Emadi (2019)\Multiclass_Drone_Audio\bebop_1\B_S2_D1_096-bebop_004_.wav,Multiclass_Drone_Audio\bebop_1\B_S2_D1_096-bebop_004_.wav,al_emadi,B_S2_D1_096-bebop_004,1.024,0.9291449966588173,8.404718399047852,0.0027884707066176224,0.7319544216126036,-0.00048679555766284466,-0.8968624949455261,0.8821751117706299,0.021151008208799203,7.746639728546143,0.001695432029133301,0.11042306598037004,0.00011118629481643438,-0.09825479090213775,0.10695525705814363,0.010622150501277275,9.89930534362793,0.0008932829460110098,0.05541325303502261,0.001396017032675445,-0.06907945349812508,0.06874565035104752,0.020456866468604836,10.927127838134766,0.0003740080950828939,0.05442876277826062,0.00042404234409332275,-0.0700044184923172,0.06946317106485367,0.018624978162501346,11.928215980529785,-0.00011974280745492364,0.03673966177211434,-0.0005593608366325498,-0.04638751000165938,0.04722751155495644
F:\Seminario\Seminario-Clustering\datasets\davi\Al Emadi (2019)\Multiclass_Drone_Audio\unknown\2-104476-A-370.wav,Multiclass_Drone_Audio\unknown\2-104476-A-370.wav,al_emadi,2-104476-A-370,1.0216875,0.00031109470286113733,2.956205368041992,0.000537520051476519,0.00705230257645647,-1.744772362144431e-06,-0.0016951528610661625,0.001897309732157738,0.0003402359315350098,8.733558654785156,4.698853059129299e-05,0.007396457502491672,-1.7009697614867036e-06,-0.010138668026775122,0.011389339249581099,0.006976161898444328,9.378381729125977,-6.401140177572644e-05,0.023723279141107806,-4.2442796257091686e-05,-0.030434000864624975,0.033455808460712444,0.06706381127128495,10.328054428100586,4.911474486141854e-05,0.052049323419893115,-0.00031247021979652345,-0.06015744023025036,0.07654797434806823,0.9253086961958745,11.436253547668457,-1.2040450501149004e-05,0.1367682601757879,7.737070700386539e-05,-0.1923324078321457,0.19659100472927127
F:\Seminario\Seminario-Clustering\datasets\davi\Al Emadi (2019)\Multiclass_Drone_Audio\unknown\3-138114-A-224.wav,Multiclass_Drone_Audio\unknown\3-138114-A-224.wav,al_emadi,3-138114-A-224,0.95975,0.026042339666005974,7.867807865142822,-0.0014091218538740437,0.08222528110548029,-0.003357555950060487,-0.08646103739738464,0.08371638506650925,0.1545903883812493,7.283370018005371,0.012411247547265185,0.19997954610304006,0.007974365260452032,-0.17927023023366928,0.20912273228168488,0.4724923051928533,8.098488807678223,-0.004035531440522981,0.24810885044113606,-0.003095833584666252,-0.2314112514257431,0.21823451519012455,0.2961651230292878,9.548812866210938,-0.0012587569511875788,0.13901932031303718,-0.00015707110287621617,-0.13322970420122146,0.13216665089130408,0.0507098437306036,9.974748611450195,-0.00019118666724725675,0.04069585298633438,-0.00010150321759283543,-0.035462893545627594,0.03565923124551773
F:\Seminario\Seminario-Clustering\datasets\davi\Al Emadi (2019)\Multiclass_Drone_Audio\unknown\2-106486-A-440.wav,Multiclass_Drone_Audio\unknown\2-106486-A-440.wav,al_emadi,2-106486-A-440,1.0216875,0.7370153000587553,8.953279495239258,0.0007474039191926434,0.07393177132510335,0.003907086793333292,-0.09774593263864517,0.09343562424182897,0.0528750623972164,8.916584014892578,-4.661736397173687e-05,0.01980337849504452,0.00018249305139761418,-0.02590282801538706,0.025844487361609936,0.10838234328968244,9.787919998168945,0.0005748333329844037,0.02007436948469809,0.00037348587648011744,-0.02323017828166485,0.025389772653579716,0.06912916814685652,10.816909790039062,2.035792290562464e-05,0.0113494228719238,9.835404125624336e-05,-0.014210387039929629,0.013887913618236781,0.0325981261074894,11.82087230682373,-1.4080378308034273e-05,0.00551327299912467,-8.678909216541797e-05,-0.006791252084076405,0.00683138957247138
F:\Seminario\Seminario-Clustering\datasets\davi\Al Emadi (2019)\Multiclass_Drone_Audio\unknown\2-69131-A-54.wav,Multiclass_Drone_Audio\unknown\2-69131-A-54.wav,al_emadi,2-69131-A-54,0.95975,0.012897558821026042,5.846587657928467,-0.00013828831956498878,0.00675394967151798,-2.6626967155607417e-05,-0.0021491983206942677,0.0020998496329411864,0.5476009787402626,5.224516868591309,0.000527507621639342,0.04401452080674379,-2.3648074602533597e-05,-0.001514679635874927,0.00150455062976107,0.4072416819779118,5.979978561401367,1.25137584014832e-05,0.026890220233739277,-1.4184063729771879e-05,-0.0011670104460790754,0.0011852720519527796,0.03136576567338805,6.496477127075195,-7.5285402471675855e-06,0.00528104001120966,-2.585177981018205e-06,-0.0003817138145677745,0.0003763850370887667,0.0008940147874115814,7.420051574707031,6.451201820651664e-07,0.0006307349091686332,2.855426828318741e-07,-7.416332664433867e-05,7.462125358870253e-05
F:\Seminario\Seminario-Clustering\datasets\davi\Al Emadi (2019)\Multiclass_Drone_Audio\unknown\3-108677-A-181.wav,Multiclass_Drone_Audio\unknown\3-108677-A-181.wav,al_emadi,3-108677-A-181,1.0216875,0.6082408516930787,6.056429386138916,-0.0003249505377712171,0.04698466753726761,-0.0005373036547098309,-0.03264618963003159,0.025149536132812546,0.10924393555394063,7.052978515625,-0.0002567779962043074,0.019910919047282392,-4.760088268085383e-05,-0.01670146398246288,0.015838884934783002,0.12211215523100745,8.528631210327148,7.3128393139408955e-06,0.014911925610372839,1.0704505257308483e-05,-0.013994006626307964,0.014969181641936304,0.1003974683356653,9.341413497924805,-0.00016954676283903973,0.009566447449921066,-1.2912238162243739e-05,-0.009155123308300971,0.008493022620677951,0.06000558918630789,10.012664794921875,-2.900488289757335e-05,0.005232599297117056,-2.1706637198803946e-07,-0.004284719657152891,0.004001263622194531
F:\Seminario\Seminario-Clustering\datasets\davi\Al Emadi (2019)\Multiclass_Drone_Audio\unknown\2-108766-A-90.wav,Multiclass_Drone_Audio\unknown\2-108766-A-90.wav,al_emadi,2-108766-A-90,1.0216875,0.024232097756214738,8.591567993164062,-0.010001196525764474,0.10791707985210032,-0.008967841975390911,-0.13441134989261627,0.12383181601762773,0.18104441930249088,7.977604389190674,0.027059761233279172,0.29500192931323765,0.006417424650862813,-0.23935598284006118,0.3968693017959603,0.6977911857876348,8.894031524658203,-0.0012171555325629125,0.41194393205341917,0.0005350480205379426,-0.4405554473400116,0.4589428544044497,0.09205278440458728,10.032729148864746,-7.991261234294903e-05,0.10587631174578517,-0.00020208940259180963,-0.1287764310836792,0.1261560291051865,0.0048795127490723605,10.906092643737793,-1.9135504424813892e-05,0.01724404883779003,-8.002427057363093e-05,-0.018027578294277192,0.018469243124127423
F:\Seminario\Seminario-Clustering\datasets\davi\Al Emadi (2019)\Multiclass_Drone_Audio\unknown\3-164216-A-61.wav,Multiclass_Drone_Audio\unknown\3-164216-A-61.wav,al_emadi,3-164216-A-61,1.0216875,0.017040949976428056,8.378374099731445,0.005363448065349896,0.014293296829013875,0.004600398940965533,-0.008808751031756401,0.0207883944734931,0.37996736901136235,6.552178382873535,0.0006215342068147105,0.07208560643389432,3.62557329935953e-05,-0.03625124469399452,0.04390964098274713,0.5601456713351616,7.5827531814575195,-4.547691686911693e-05,0.06199654481770948,-2.0694587874459103e-05,-0.039388985931873316,0.036678427457809464,0.04084531039488707,8.454198837280273,2.01668487283401e-05,0.011846518361997719,-1.0288239991496084e-05,-0.006684065423905849,0.007094698818400504,0.0020006992821609325,9.637741088867188,1.2680947458791042e-06,0.0018547351714964348,9.480713742959779e-07,-0.0011118477908894418,0.0011408737860620032
F:\Seminario\Seminario-Clustering\datasets\davi\Al Emadi (2019)\Multiclass_Drone_Audio\unknown\2-61311-A-124.wav,Multiclass_Drone_Audio\unknown\2-61311-A-124.wav,al_emadi,2-61311-A-124,0.95975,0.967149437769035,8.91717529296875,-0.0010074397625588892,0.05864855975648327,0.0016883910284377635,-0.07565658912062645,0.0748303271830082,0.012669893468779057,8.747540473937988,7.736550231404432e-05,0.006713241242499155,0.0004362081817816943,-0.0086240922100842,0.00837234128266573,0.0029786177514510774,9.148811340332031,-1.153034708283497e-05,0.0023059494410348925,9.72324050962925e-06,-0.0026206151582300664,0.002495194226503373,0.010735372527045553,7.387653350830078,3.2620111312139437e-06,0.0030979885374327917,5.0454295887902845e-06,-0.0017634450108744203,0.0017296420526690783,0.006466678483689403,7.769144058227539,1.3960492734088986e-06,0.001700962694286513,9.390932973474264e-07,-0.0008454749477095902,0.0008138542179949582
F:\Seminario\Seminario-Clustering\datasets\davi\Al Emadi (2019)\Multiclass_Drone_Audio\unknown\4-165813-B-190.wav,Multiclass_Drone_Audio\unknown\4-165813-B-190.wav,al_emadi,4-165813-B-190,1.0216875,0.9460116451532486,7.937226295471191,-0.0010896521025465925,0.8839184533160148,0.00447256863117218,-0.9043367683887482,1.0010964274406435,0.0463626840723372,8.316609382629395,0.0006574647295883728,0.19567986112049693,0.0017573126242496073,-0.22828784584999084,0.22932574301958086,0.007042816935155178,9.37562370300293,9.504536420696408e-05,0.05402097404826395,-4.510051803663373e-05,-0.06561392694711685,0.0652958631515503,0.0005691861114768171,10.272186279296875,-6.140561640432845e-07,0.010867263022167143,-0.00010404569911770523,-0.012477015517652035,0.012133281491696837,1.3667727782111778e-05,10.729049682617188,-1.0685960247023654e-06,0.0011912745027861736,3.4668482840061188e-06,-0.0012754697585478424,0.0012476838193833828
F:\Seminario\Seminario-Clustering\datasets\davi\Al Emadi (2019)\Multiclass_Drone_Audio\unknown\1-13571-A-464.wav,Multiclass_Drone_Audio\unknown\1-13571-A-464.wav,al_emadi,1-13571-A-464,0.95975,0.21131928410569528,8.832235336303711,0.01622073904598637,0.4244840437489622,0.016524571925401688,-0.5248287320137024,0.542878657579422,0.5281681598245404,7.851792335510254,-0.002712063249113813,0.6715699191528526,0.002406405401416123,-0.6446174681186676,0.6091010272502899,0.2113662136221612,8.574226379394531,0.00029174231128863896,0.300953523457975,0.001221311162225902,-0.2511868357658386,0.2451488971710206,0.04594421397205503,9.498337745666504,-0.0004898208581143385,0.09929232225355163,0.0007206062145996839,-0.08057502508163451,0.08118774592876439,0.0032021284755481575,10.292505264282227,3.0153160872360094e-06,0.018544183675531744,4.2561747250147164e-05,-0.014250022359192371,0.014761876314878464
F:\Seminario\Seminario-Clustering\datasets\davi\Al Emadi (2019)\Multiclass_Drone_Audio\membo_1\mixed_membo_60-membo_000_.wav,Multiclass_Drone_Audio\membo_1\mixed_membo_60-membo_000_.wav,al_emadi,mixed_membo_60-membo_000,1.024,0.1657816584267333,8.938963890075684,-0.0014099285463142453,0.15896162831809893,0.001358061097562313,-0.20432347506284712,0.19378431141376495,0.7147433978734409,8.959588050842285,-0.0006399603888338197,0.33007710319416717,0.0028391305822879076,-0.43178434669971466,0.43136456906795506,0.10462062980172653,9.96142292022705,-5.675718979388584e-05,0.08942688629700397,0.00101683777756989,-0.11720255687832833,0.1158026732504368,0.009767370774116105,10.927701950073242,0.00010905987366791419,0.019337342531933366,0.0003097143489867449,-0.02468814328312874,0.02493412420153618,0.005086943123983175,11.849068641662598,1.6399792994140568e-05,0.009872181139671019,7.182190893217921e-05,-0.012559623830020426,0.012291752360761169
F:\Seminario\Seminario-Clustering\datasets\davi\Al Emadi (2019)\Multiclass_Drone_Audio\unknown\2-78651-A-440.wav,Multiclass_Drone_Audio\unknown\2-78651-A-440.wav,al_emadi,2-78651-A-440,1.0216875,0.583043030310826,7.328320503234863,-8.41319058199163e-05,0.22327125966987885,-0.004558905493468046,-0.17159148603677749,0.179846765100956,0.045055932200015206,5.961987495422363,-7.072976558330625e-06,0.06206668412899413,0.00023802748910384253,-0.04002391248941421,0.0355231735855341,0.21600696489632382,7.2082014083862305,0.00035999252077334334,0.09625847737034646,5.003683327231556e-05,-0.05079039856791495,0.051494830101728443,0.08705071722971539,7.288015365600586,0.0005611258188911315,0.04323753303500483,-0.00047733257815707475,-0.02200706973671913,0.022288398817181598,0.06884335536311953,7.317103385925293,0.00018797414704485108,0.02720212101912746,6.310752360150218e-05,-0.00858601126819849,0.008838348276913174
F:\Seminario\Seminario-Clustering\datasets\davi\Al Emadi (2019)\Multiclass_Drone_Audio\membo_1\Membo_1_048-membo_000_.wav,Multiclass_Drone_Audio\membo_1\Membo_1_048-membo_000_.wav,al_emadi,Membo_1_048-membo_000,1.024,0.7774526771205614,8.24484634399414,0.00035572685267396486,0.18184086993283535,0.004081634804606438,-0.19781491905450818,0.19395661503076556,0.021364551247137795,9.015495300292969,-0.00012281443951967923,0.030143843916703553,0.0005946144228801131,-0.03812956288456917,0.036881673336029056,0.041768267387279616,9.785999298095703,-0.00041006010120385125,0.029843926617003413,-0.0007721816946286708,-0.03753928653895855,0.03539089560508728,0.06872909786821692,10.633098602294922,7.075204191057164e-05,0.02709554585756716,-5.802442319691181e-05,-0.031610582023859024,0.03189937025308609,0.09068540637680418,11.548436164855957,-3.4167046457134292e-06,0.022017508001550425,-8.440803867415525e-06,-0.02541031315922737,0.025587932765483858
F:\Seminario\Seminario-Clustering\datasets\davi\Al Emadi (2019)\Multiclass_Drone_Audio\bebop_1\B_S2_D1_102-bebop_002_.wav,Multiclass_Drone_Audio\bebop_1\B_S2_D1_102-bebop_002_.wav,al_emadi,B_S2_D1_102-bebop_002,1.024,0.8270513531914475,8.110559463500977,-0.004640502168896418,0.4903358775431568,-0.0111179668456316,-0.5382779717445374,0.529870343208313,0.01674888760594145,8.936386108398438,-0.00023389228289603318,0.06978104031265595,-0.0012875264510512352,-0.08422439694404601,0.09035659208893776,0.04155103205066159,9.950183868408203,-0.0026157285674158195,0.0777876728535389,-0.0030407814774662256,-0.10411637127399445,0.09695176258683205,0.06708421258635003,10.949846267700195,-0.0013842787726356981,0.06997546559560419,-0.0031540594063699245,-0.08951149135828018,0.08967914432287216,0.04756451456559937,11.922189712524414,-0.0001283421871199655,0.04168986578189457,-0.00040531865670345724,-0.0532353326678276,0.052681056410074235
F:\Seminario\Seminario-Clustering\datasets\davi\Al Emadi (2019)\Multiclass_Drone_Audio\unknown\2-91912-B-331.wav,Multiclass_Drone_Audio\unknown\2-91912-B-331.wav,al_emadi,2-91912-B-331,1.0216875,0.7529368261189181,9.03862190246582,-0.0003567152124549763,0.019308646796711494,-0.0013909914996474981,-0.02476884163916111,0.024274926446378232,0.06854742072105564,7.518250942230225,-4.714327103211529e-05,0.005826771684392855,6.711668538628146e-05,-0.0051468936260789635,0.005386945977807048,0.07804628069990575,7.8752899169921875,-3.0082047564457233e-05,0.004403907746616239,4.989837179891765e-06,-0.0033312132582068443,0.0030080110765993598,0.06969410857573555,6.9956865310668945,-1.9379520831192765e-05,0.002944855829682452,-1.4277684385888278e-05,-0.0013852264499291777,0.001347370562143624,0.030775363884385006,6.956302642822266,8.61102302675826e-07,0.001384355788380747,2.0984170987503603e-06,-0.0005047456594184041,0.0005144923808984474
F:\Seminario\Seminario-Clustering\datasets\davi\Al Emadi (2019)\Multiclass_Drone_Audio\unknown\4-164064-B-14.wav,Multiclass_Drone_Audio\unknown\4-164064-B-14.wav,al_emadi,4-164064-B-14,0.95975,0.0,-0.0,0.0,0.0,0.0,0.0,0.0,0.0,-0.0,0.0,0.0,0.0,0.0,0.0,0.0,-0.0,0.0,0.0,0.0,0.0,0.0,0.0,-0.0,0.0,0.0,0.0,0.0,0.0,0.0,-0.0,0.0,0.0,0.0,0.0,0.0
F:\Seminario\Seminario-Clustering\datasets\davi\Al Emadi (2019)\Multiclass_Drone_Audio\unknown\2-60791-A-261.wav,Multiclass_Drone_Audio\unknown\2-60791-A-261.wav,al_emadi,2-60791-A-261,1.0216875,0.1693737081945261,8.889264106750488,0.0008152242313258727,0.15612730213847129,0.002537926658987999,-0.19647452533245086,0.19636506587266922,0.6660560459784493,8.464760780334473,-0.0030254970161923285,0.309596789186116,-0.0030718822963535786,-0.38698241114616394,0.37545088529586795,0.13766459736069683,9.495570182800293,-0.0015212936362785756,0.09968915833899504,-0.0007516738842241466,-0.12169380784034728,0.11302701532840731,0.02250247875885469,10.152531623840332,-0.00029179085568805237,0.028522198024696646,-0.00031689768366049975,-0.030875775031745434,0.031619544327259066,0.004403169707473148,11.312585830688477,-3.141450788507555e-06,0.008925735894996319,-1.9663828425109386e-05,-0.010006525926291943,0.009809932485222817
F:\Seminario\Seminario-Clustering\datasets\davi\Al Emadi (2019)\Multiclass_Drone_Audio\membo_1\Membo_2_017-membo_003_.wav,Multiclass_Drone_Audio\membo_1\Membo_2_017-membo_003_.wav,al_emadi,Membo_2_017-membo_003,1.024,0.5235338136242396,9.34100341796875,0.0006037102189385197,0.07415825611503087,0.00014145896420814097,-0.09846526682376862,0.09880396202206614,0.04672905049852656,9.093822479248047,-2.5342397947877066e-05,0.02215617052753502,-0.0004042663495056331,-0.027848231606185436,0.02962803114205599,0.04476647757512184,9.963315963745117,-7.533095567682717e-05,0.015356461332020071,4.319172876421362e-05,-0.020439198613166808,0.019708379171788696,0.1256052510076292,10.93008804321289,-8.406828638916941e-05,0.01820432159993344,-0.00033407058799639344,-0.0232461616396904,0.022917428985238075,0.2593654072944829,11.916805267333984,-4.845974708997796e-06,0.018505535684506053,-0.00015730700397398323,-0.023472742736339567,0.023590708151459694
F:\Seminario\Seminario-Clustering\datasets\davi\Al Emadi (2019)\Multiclass_Drone_Audio\unknown\2-209477-A-254.wav,Multiclass_Drone_Audio\unknown\2-209477-A-254.wav,al_emadi,2-209477-A-254,0.95975,0.5319440476917143,6.736990928649902,-0.034474079068133115,0.1342741826316309,-0.03474491834640503,-0.1080840528011322,0.036068812012672424,0.23494558879071054,6.284061908721924,-0.0006591360975512666,0.09212846736610561,-0.0003022545570274815,-0.050265777856111526,0.05499926581978798,0.12847402165217275,6.820740699768066,8.236724668818937e-05,0.04826158207163159,-0.00021542212925851345,-0.02518402710556984,0.026007088646292746,0.06121318857197744,6.495904922485352,-0.0003577254637165501,0.023571688425887017,-3.7479396269191056e-05,-0.010033685434609651,0.010573675390332939,0.043423153293424915,6.506824493408203,-0.00011568544861026554,0.014045815131969591,-4.820176400244236e-07,-0.005603353958576918,0.005249419715255499
F:\Seminario\Seminario-Clustering\datasets\davi\Al Emadi (2019)\Multiclass_Drone_Audio\unknown\4-167155-A-323.wav,Multiclass_Drone_Audio\unknown\4-167155-A-323.wav,al_emadi,4-167155-A-323,1.0216875,0.19846803416053221,8.61599063873291,-0.0003331646954598619,0.016569941888496535,0.00031113874865695834,-0.0189899954944849,0.019386671110987665,0.03940142940529205,7.313275337219238,-0.0005570999300455587,0.00736342771708914,-0.00030600193713326007,-0.006688972935080528,0.005768112838268289,0.13997686014437816,6.453249931335449,0.00038451562993860696,0.009851142359894293,3.585034573916346e-05,-0.00446130009368062,0.004580726753920318,0.4700677442464716,6.822142124176025,-5.7477064854161225e-06,0.012784165815922352,3.514198397169821e-06,-0.004284739308059215,0.00469688568264246,0.152085932043326,7.765867710113525,-4.772006740147913e-08,0.0051440779955304,7.744290996924974e-06,-0.001735213864594698,0.0016929348232224601
F:\Seminario\Seminario-Clustering\datasets\davi\Al Emadi (2019)\Multiclass_Drone_Audio\unknown\5-254832-A-153.wav,Multiclass_Drone_Audio\unknown\5-254832-A-153.wav,al_emadi,5-254832-A-153,1.0216875,0.1822918503716254,8.355705261230469,-0.0003168972261988203,0.006817244717555364,-0.000825167604489252,-0.007700666505843401,0.007904312387108805,0.00591880484401497,7.434539794921875,3.930095694674601e-05,0.001229105248308284,2.574375321273692e-05,-0.0009563702449668198,0.0009938543778844177,0.5754399973964319,6.769405841827393,7.997908875487129e-06,0.008588541003226985,5.9607846196740866e-06,-0.0025794824585318567,0.002547874581068754,0.19824466743124008,7.58643102645874,-2.791588484295236e-05,0.003567058191705061,1.0089145234815078e-06,-0.0011431480175815522,0.0010953354998491712,0.038104679956687676,8.493440628051758,2.2613756020084706e-06,0.0011063226155685589,8.447077561868355e-07,-0.00044405816588550807,0.0004507893871050334
F:\Seminario\Seminario-Clustering\datasets\davi\Al Emadi (2019)\Multiclass_Drone_Audio\unknown\3-102583-A-493.wav,Multiclass_Drone_Audio\unknown\3-102583-A-493.wav,al_emadi,3-102583-A-493,1.0216875,0.3177785956372171,7.687676429748535,0.00014063523294574468,0.07442325508831046,-8.998287376016378e-05,-0.06409015506505966,0.06238064728677273,0.3885837609868071,6.50179386138916,-0.0006485035959528152,0.08229547499272727,-0.00038750283420085907,-0.041023850440979004,0.036508614569902426,0.19866373917614766,7.696407318115234,3.535610590718815e-05,0.04168039585292553,5.882995901629329e-05,-0.023760205134749406,0.024178981408476848,0.07585332958274814,8.89401626586914,-0.00011294507281132665,0.01822446759849489,3.539696626830846e-05,-0.011562562733888625,0.011394418403506282,0.01912057461708002,9.972798347473145,2.8049857924615084e-06,0.006472873004051843,-8.117785910144448e-07,-0.004562616813927889,0.004465646017342807
F:\Seminario\Seminario-Clustering\datasets\davi\Al Emadi (2019)\Multiclass_Drone_Audio\unknown\2-70366-A-331.wav,Multiclass_Drone_Audio\unknown\2-70366-A-331.wav,al_emadi,2-70366-A-331,1.0216875,0.3700625682562538,6.581530570983887,-0.005396426440475529,0.094184847906227,0.0,-0.08093665167689323,0.05936960801482214,0.3149211478837219,6.86796760559082,-0.0013077312262451503,0.08701758638478231,0.0,-0.05369760394096375,0.04412982016801834,0.19973045666597022,7.974520683288574,-0.00112025557235978,0.049078328896222975,0.0,-0.03561962097883224,0.028973392769694333,0.08104809839996892,8.87633228302002,0.00042825967237724617,0.022124525672679453,0.0,-0.011904312670230862,0.014463885687291624,0.03423772879408517,9.775757789611816,-1.1844211411910053e-05,0.010174355164844159,0.0,-0.005859084520488977,0.005610705260187393
F:\Seminario\Seminario-Clustering\datasets\davi\Al Emadi (2019)\Multiclass_Drone_Audio\unknown\4-172377-A-171.wav,Multiclass_Drone_Audio\unknown\4-172377-A-171.wav,al_emadi,4-172377-A-171,1.0216875,0.09262826311284246,8.09917163848877,9.68853407546859e-06,0.0025818554945155965,-2.387782296864316e-05,-0.0026378449285402892,0.00271115570794791,0.16918336196609965,7.65809965133667,0.00010994909114562284,0.0034875973954990075,6.86106322973501e-05,-0.003202366572804749,0.003566871001385155,0.3021275352410629,8.233230590820312,3.810111579290097e-05,0.0033025931554854352,-1.008524759527063e-05,-0.0027460687328130008,0.002679307665675879,0.30619687973952386,9.337701797485352,4.649414782403866e-05,0.0023523803109578275,7.313124342545052e-06,-0.00199090726673603,0.0022893328918144108,0.1298639599404711,10.522331237792969,4.345663021838154e-06,0.0010839359361181763,3.125562216155231e-06,-0.00101584168151021,0.0009981355164200081
F:\Seminario\Seminario-Clustering\datasets\davi\Al Emadi (2019)\Multiclass_Drone_Audio\unknown\5-223317-A-312.wav,Multiclass_Drone_Audio\unknown\5-223317-A-312.wav,al_emadi,5-223317-A-312,0.97525,0.9660894003728379,9.647468566894531,-0.1565565784119077,0.0559711247429896,-0.15842126309871674,-0.22627121210098267,-0.07708927989006042,0.0007374201391893185,4.084902286529541,-4.719322266127861e-05,0.004593210993076833,7.991696475073695e-05,-0.0023648194037377834,0.0023427021224051714,0.000553926771406971,5.935400009155273,-0.0001229753013753098,0.002816725694209901,-3.802533319685608e-05,-0.001459961582440883,0.0013675024965777993,0.012107648797293556,4.7875261306762695,-0.00015284688993198503,0.009326566097875787,9.400246199220419e-07,-0.0013797487481497228,0.001399868750013411,0.020511603919272304,6.017958164215088,2.046607200930809e-05,0.00858871921472255,3.2445532269775867e-06,-0.0008361533866263925,0.0008477350929751995
F:\Seminario\Seminario-Clustering\datasets\davi\Al Emadi (2019)\Multiclass_Drone_Audio\unknown\2-50668-B-411.wav,Multiclass_Drone_Audio\unknown\2-50668-B-411.wav,al_emadi,2-50668-B-411,1.0216875,0.620510533868745,8.417825698852539,0.005903155319591991,0.3975462653270365,-0.0007505295798182487,-0.4273553013801575,0.4274564057588579,0.06868685759304716,8.25442886352539,0.0008890421593725746,0.13227810765983894,-0.00379960797727108,-0.13560038805007935,0.1490485563874245,0.055494750544107005,9.61599349975586,-0.0010011455620772658,0.08421351865132166,-0.0032055717892944813,-0.1021956592798233,0.10090972930192948,0.14440699926189998,10.624197006225586,0.00047297298661277824,0.09613435006607751,0.0017418768256902695,-0.113215534389019,0.11816428303718568,0.11090085873220085,11.746747016906738,-8.158240892937011e-05,0.05959743647102821,-0.0002144791797036305,-0.07189062386751174,0.07317989021539688
F:\Seminario\Seminario-Clustering\datasets\davi\Al Emadi (2019)\Multiclass_Drone_Audio\unknown\2-209477-A-250.wav,Multiclass_Drone_Audio\unknown\2-209477-A-250.wav,al_emadi,2-209477-A-250,1.0216875,0.6692664417727311,7.685433864593506,-0.03465896248586425,0.0884232704900453,-0.033587146550416946,-0.11349732652306557,0.03901483155786995,0.18666555597168855,6.8241472244262695,0.0021323070974204827,0.05011192424149204,0.00038659278652630746,-0.03408176675438881,0.04280490055680281,0.08903674082462205,7.159337997436523,0.0002586180788913177,0.024535101992576306,0.00017695457790978253,-0.016590413823723792,0.018579096347093583,0.03310634949516205,8.980059623718262,-0.00023550112999907245,0.010584704280462234,-8.338542829733342e-05,-0.008889764547348022,0.008538677357137203,0.0219249119357963,9.190474510192871,1.1904127581164913e-05,0.006094940196082311,-1.4000092050991952e-05,-0.004886910039931536,0.00499319350346923
